admission_id,patient_id,admitted_date,discharged_date,ward,reason,consultant,status
ADM000001,P1001,2024-03-05,2024-03-11,ICU,Elective procedure,Dr. L. Torres,Discharged
ADM000002,P1001,2024-07-05,2024-07-09,Oncology Ward,Elective procedure,Dr. R. Singh,Discharged
ADM000003,P1002,2022-10-24,,Oncology Ward,Community-acquired pneumonia,Dr. R. Singh,Current
ADM000004,P1004,2023-08-03,,Surgical Ward,Chest pain query ACS,Dr. C. Müller,Current
ADM000005,P1005,2024-05-23,2024-06-01,Respiratory Ward,Heart failure decompensation,Dr. Y. Tanaka,Discharged
ADM000006,P1005,2023-08-31,,HDU,Acute kidney injury,Dr. R. Singh,Current
ADM000007,P1009,2024-12-13,2024-12-15,HDU,Diabetic ketoacidosis,Dr. J. Nkosi,Discharged
ADM000008,P1009,2022-11-17,2022-11-28,Endocrinology Ward,Sepsis,Dr. R. Singh,Discharged
ADM000009,P1009,2023-05-15,2023-05-16,Cardiology Ward,Acute kidney injury,Dr. L. Torres,Discharged
ADM000010,P1010,2023-04-04,2023-04-12,Surgical Ward,Elective procedure,Dr. A. Patel,Discharged
ADM000011,P1010,2024-06-15,2024-06-22,Endocrinology Ward,Hypertensive urgency,Dr. M. O'Brien,Discharged
ADM000012,P1011,2023-12-29,,Oncology Ward,Elective procedure,Dr. C. Müller,Current
ADM000013,P1012,2022-06-10,2022-06-24,Medical Ward A,Community-acquired pneumonia,Dr. Y. Tanaka,Discharged
ADM000014,P1012,2023-03-18,2023-03-21,Oncology Ward,Sepsis,Dr. S. Khan,Discharged
ADM000015,P1013,2022-09-20,2022-09-24,Surgical Ward,Acute exacerbation of asthma,Dr. C. Müller,Discharged
ADM000016,P1013,2023-02-03,2023-02-16,HDU,Acute kidney injury,Dr. A. Patel,Discharged
ADM000017,P1013,2023-06-09,2023-06-13,HDU,Stroke workup,Dr. S. Khan,Discharged
ADM000018,P1014,2022-08-06,,Cardiology Ward,Hypertensive urgency,Dr. S. Khan,Current
ADM000019,P1014,2023-11-18,2023-11-29,Oncology Ward,Community-acquired pneumonia,Dr. L. Torres,Discharged
ADM000020,P1014,2024-09-26,2024-10-06,HDU,Chest pain query ACS,Dr. C. Müller,Discharged
ADM000021,P1015,2023-11-24,2023-12-05,Oncology Ward,Elective procedure,Dr. S. Khan,Discharged
ADM000022,P1015,2024-12-26,2025-01-07,Medical Ward A,Acute kidney injury,Dr. L. Torres,Discharged
ADM000023,P1017,2023-02-20,2023-03-05,ICU,Sepsis,Dr. L. Torres,Discharged
ADM000024,P1018,2022-03-08,2022-03-19,Oncology Ward,Acute exacerbation of asthma,Dr. Y. Tanaka,Discharged
ADM000025,P1018,2023-08-30,2023-09-05,Respiratory Ward,Community-acquired pneumonia,Dr. C. Müller,Discharged
ADM000026,P1019,2023-05-06,2023-05-20,Oncology Ward,Chest pain query ACS,Dr. R. Singh,Discharged
ADM000027,P1020,2022-04-28,2022-05-12,Medical Ward B,Community-acquired pneumonia,Dr. Y. Tanaka,Discharged
ADM000028,P1021,2022-08-19,2022-08-21,Medical Ward A,Stroke workup,Dr. M. O'Brien,Discharged
ADM000029,P1021,2023-03-03,2023-03-08,Cardiology Ward,Elective procedure,Dr. M. O'Brien,Discharged
ADM000030,P1022,2023-03-22,2023-03-28,HDU,Diabetic ketoacidosis,Dr. Y. Tanaka,Discharged
ADM000031,P1022,2022-05-25,,Endocrinology Ward,Elective procedure,Dr. J. Nkosi,Current
ADM000032,P1022,2024-11-14,2024-11-17,ICU,Chest pain query ACS,Dr. M. O'Brien,Discharged
ADM000033,P1023,2022-02-10,2022-02-21,Surgical Ward,Acute exacerbation of asthma,Dr. M. O'Brien,Discharged
ADM000034,P1023,2022-02-08,2022-02-16,Cardiology Ward,Hypertensive urgency,Dr. L. Torres,Discharged
ADM000035,P1024,2022-09-21,2022-10-01,Respiratory Ward,Hypertensive urgency,Dr. Y. Tanaka,Discharged
ADM000036,P1024,2024-06-22,2024-06-28,Oncology Ward,Stroke workup,Dr. R. Singh,Discharged
ADM000037,P1026,2024-07-24,2024-08-05,Cardiology Ward,Community-acquired pneumonia,Dr. Y. Tanaka,Discharged
ADM000038,P1026,2024-10-30,2024-11-10,Oncology Ward,Acute exacerbation of asthma,Dr. C. Müller,Discharged
ADM000039,P1030,2024-06-19,2024-06-24,Respiratory Ward,Elective procedure,Dr. L. Torres,Discharged
ADM000040,P1030,2024-07-27,2024-08-09,Oncology Ward,Hypertensive urgency,Dr. J. Nkosi,Discharged
ADM000041,P1030,2023-05-15,2023-05-27,Respiratory Ward,Acute exacerbation of asthma,Dr. Y. Tanaka,Discharged
ADM000042,P1031,2023-06-21,,Surgical Ward,Elective procedure,Dr. S. Khan,Current
ADM000043,P1031,2023-01-04,2023-01-05,Endocrinology Ward,Chest pain query ACS,Dr. A. Patel,Discharged
ADM000044,P1033,2024-12-23,2024-12-24,Cardiology Ward,Chest pain query ACS,Dr. A. Patel,Discharged
ADM000045,P1033,2023-03-15,2023-03-20,ICU,Community-acquired pneumonia,Dr. S. Khan,Discharged
ADM000046,P1034,2023-10-21,2023-10-29,Endocrinology Ward,Elective procedure,Dr. A. Patel,Discharged
ADM000047,P1035,2024-11-27,2024-12-01,HDU,Acute exacerbation of asthma,Dr. A. Patel,Discharged
ADM000048,P1035,2024-04-18,,Cardiology Ward,Community-acquired pneumonia,Dr. S. Khan,Current
ADM000049,P1036,2022-10-27,2022-10-29,Endocrinology Ward,Acute kidney injury,Dr. A. Patel,Discharged
ADM000050,P1037,2022-09-09,2022-09-11,Endocrinology Ward,Elective procedure,Dr. A. Patel,Discharged
ADM000051,P1037,2024-11-04,2024-11-18,Medical Ward B,Elective procedure,Dr. M. O'Brien,Discharged
ADM000052,P1037,2024-08-30,2024-09-10,Cardiology Ward,Diabetic ketoacidosis,Dr. C. Müller,Discharged
ADM000053,P1038,2023-05-26,2023-05-29,Medical Ward B,Acute kidney injury,Dr. J. Nkosi,Discharged
ADM000054,P1038,2022-03-03,2022-03-09,Medical Ward B,Sepsis,Dr. L. Torres,Discharged
ADM000055,P1039,2023-08-07,2023-08-15,Endocrinology Ward,Stroke workup,Dr. J. Nkosi,Discharged
ADM000056,P1039,2022-06-04,2022-06-15,HDU,Hypertensive urgency,Dr. J. Nkosi,Discharged
ADM000057,P1042,2022-08-16,2022-08-25,Cardiology Ward,Acute exacerbation of asthma,Dr. A. Patel,Discharged
ADM000058,P1042,2023-12-01,2023-12-04,Endocrinology Ward,Heart failure decompensation,Dr. M. O'Brien,Discharged
ADM000059,P1042,2023-03-05,2023-03-12,Cardiology Ward,Acute exacerbation of asthma,Dr. R. Singh,Discharged
ADM000060,P1044,2024-01-24,2024-01-26,Oncology Ward,Heart failure decompensation,Dr. R. Singh,Discharged
ADM000061,P1045,2023-01-10,,Endocrinology Ward,Acute exacerbation of asthma,Dr. Y. Tanaka,Current
ADM000062,P1045,2024-09-10,2024-09-12,HDU,Community-acquired pneumonia,Dr. J. Nkosi,Discharged
ADM000063,P1045,2024-08-15,2024-08-17,Endocrinology Ward,Stroke workup,Dr. M. O'Brien,Discharged
ADM000064,P1049,2023-10-22,2023-11-02,Oncology Ward,Community-acquired pneumonia,Dr. C. Müller,Discharged
ADM000065,P1049,2023-09-05,2023-09-06,Medical Ward B,Heart failure decompensation,Dr. A. Patel,Discharged
ADM000066,P1049,2023-06-21,2023-06-23,Endocrinology Ward,Community-acquired pneumonia,Dr. M. O'Brien,Discharged
ADM000067,P1051,2024-06-11,2024-06-24,Oncology Ward,Community-acquired pneumonia,Dr. L. Torres,Discharged
ADM000068,P1052,2022-02-16,2022-02-25,Medical Ward B,Acute exacerbation of asthma,Dr. Y. Tanaka,Discharged
ADM000069,P1052,2023-05-27,2023-06-09,Endocrinology Ward,Diabetic ketoacidosis,Dr. A. Patel,Discharged
ADM000070,P1053,2024-01-12,,Respiratory Ward,Sepsis,Dr. S. Khan,Current
ADM000071,P1054,2023-09-21,2023-09-26,HDU,Acute exacerbation of asthma,Dr. M. O'Brien,Discharged
ADM000072,P1054,2023-02-01,2023-02-08,Endocrinology Ward,Community-acquired pneumonia,Dr. R. Singh,Discharged
ADM000073,P1054,2022-10-12,2022-10-26,Surgical Ward,Heart failure decompensation,Dr. J. Nkosi,Discharged
ADM000074,P1055,2023-01-07,2023-01-18,ICU,Sepsis,Dr. C. Müller,Discharged
ADM000075,P1055,2024-01-15,2024-01-18,ICU,Chest pain query ACS,Dr. L. Torres,Discharged
ADM000076,P1055,2022-12-24,2022-12-31,Medical Ward B,Community-acquired pneumonia,Dr. S. Khan,Discharged
ADM000077,P1056,2022-09-10,2022-09-21,Endocrinology Ward,Diabetic ketoacidosis,Dr. R. Singh,Discharged
ADM000078,P1058,2023-01-09,2023-01-17,Oncology Ward,Chest pain query ACS,Dr. A. Patel,Discharged
ADM000079,P1058,2022-06-28,2022-07-05,Endocrinology Ward,Diabetic ketoacidosis,Dr. M. O'Brien,Discharged
ADM000080,P1058,2024-02-02,2024-02-03,Oncology Ward,Chest pain query ACS,Dr. S. Khan,Discharged
ADM000081,P1060,2023-05-23,2023-05-30,Endocrinology Ward,Hypertensive urgency,Dr. A. Patel,Discharged
ADM000082,P1060,2024-08-16,2024-08-19,Respiratory Ward,Acute exacerbation of asthma,Dr. L. Torres,Discharged
ADM000083,P1062,2022-08-29,2022-09-12,Cardiology Ward,Chest pain query ACS,Dr. Y. Tanaka,Discharged
ADM000084,P1063,2024-07-09,2024-07-12,Oncology Ward,Diabetic ketoacidosis,Dr. J. Nkosi,Discharged
ADM000085,P1064,2024-11-17,2024-11-25,Medical Ward B,Stroke workup,Dr. M. O'Brien,Discharged
ADM000086,P1064,2023-06-11,2023-06-21,ICU,Chest pain query ACS,Dr. J. Nkosi,Discharged
ADM000087,P1064,2022-08-06,2022-08-14,HDU,Diabetic ketoacidosis,Dr. M. O'Brien,Discharged
ADM000088,P1068,2024-07-15,2024-07-22,HDU,Acute exacerbation of asthma,Dr. J. Nkosi,Discharged
ADM000089,P1069,2022-12-29,2023-01-01,Surgical Ward,Acute exacerbation of asthma,Dr. M. O'Brien,Discharged
ADM000090,P1069,2023-06-04,2023-06-06,Endocrinology Ward,Community-acquired pneumonia,Dr. Y. Tanaka,Discharged
ADM000091,P1071,2024-08-15,2024-08-24,HDU,Chest pain query ACS,Dr. J. Nkosi,Discharged
ADM000092,P1071,2024-09-29,,ICU,Hypertensive urgency,Dr. L. Torres,Current
ADM000093,P1071,2024-07-12,2024-07-20,Oncology Ward,Acute exacerbation of asthma,Dr. A. Patel,Discharged
ADM000094,P1072,2024-02-29,2024-03-08,Oncology Ward,Community-acquired pneumonia,Dr. S. Khan,Discharged
ADM000095,P1073,2024-04-10,2024-04-23,Cardiology Ward,Sepsis,Dr. J. Nkosi,Discharged
ADM000096,P1073,2023-06-24,2023-06-26,Oncology Ward,Diabetic ketoacidosis,Dr. C. Müller,Discharged
ADM000097,P1073,2022-11-09,2022-11-21,Cardiology Ward,Acute exacerbation of asthma,Dr. L. Torres,Discharged
ADM000098,P1074,2022-08-24,2022-09-06,Medical Ward A,Community-acquired pneumonia,Dr. J. Nkosi,Discharged
ADM000099,P1074,2024-06-23,2024-06-28,Cardiology Ward,Sepsis,Dr. L. Torres,Discharged
ADM000100,P1074,2022-09-26,2022-10-08,Oncology Ward,Hypertensive urgency,Dr. L. Torres,Discharged
ADM000101,P1076,2022-07-22,2022-08-03,Medical Ward B,Heart failure decompensation,Dr. C. Müller,Discharged
ADM000102,P1076,2022-05-27,2022-06-10,Endocrinology Ward,Heart failure decompensation,Dr. Y. Tanaka,Discharged
ADM000103,P1076,2023-03-09,2023-03-23,Surgical Ward,Community-acquired pneumonia,Dr. Y. Tanaka,Discharged
ADM000104,P1078,2024-03-20,2024-03-28,Oncology Ward,Chest pain query ACS,Dr. R. Singh,Discharged
ADM000105,P1078,2022-07-07,2022-07-16,Cardiology Ward,Stroke workup,Dr. C. Müller,Discharged
ADM000106,P1078,2024-02-01,2024-02-08,Surgical Ward,Community-acquired pneumonia,Dr. S. Khan,Discharged
ADM000107,P1079,2023-03-18,2023-03-29,Endocrinology Ward,Diabetic ketoacidosis,Dr. R. Singh,Discharged
ADM000108,P1079,2023-12-10,2023-12-22,Medical Ward A,Diabetic ketoacidosis,Dr. L. Torres,Discharged
ADM000109,P1079,2024-07-06,2024-07-16,Respiratory Ward,Chest pain query ACS,Dr. J. Nkosi,Discharged
ADM000110,P1080,2024-07-10,2024-07-24,Surgical Ward,Chest pain query ACS,Dr. M. O'Brien,Discharged
ADM000111,P1080,2022-05-20,2022-05-29,Oncology Ward,Sepsis,Dr. C. Müller,Discharged
ADM000112,P1081,2022-08-03,2022-08-07,Endocrinology Ward,Acute exacerbation of asthma,Dr. R. Singh,Discharged
ADM000113,P1082,2024-09-08,2024-09-12,Respiratory Ward,Community-acquired pneumonia,Dr. J. Nkosi,Discharged
ADM000114,P1082,2023-02-05,2023-02-12,Cardiology Ward,Acute exacerbation of asthma,Dr. C. Müller,Discharged
ADM000115,P1082,2024-02-16,,Surgical Ward,Heart failure decompensation,Dr. R. Singh,Current
ADM000116,P1083,2024-11-16,2024-11-23,Surgical Ward,Hypertensive urgency,Dr. L. Torres,Discharged
ADM000117,P1085,2022-04-09,2022-04-10,Endocrinology Ward,Sepsis,Dr. L. Torres,Discharged
ADM000118,P1085,2024-11-05,2024-11-18,Surgical Ward,Elective procedure,Dr. A. Patel,Discharged
ADM000119,P1085,2023-12-09,2023-12-17,Endocrinology Ward,Stroke workup,Dr. M. O'Brien,Discharged
ADM000120,P1088,2022-09-01,2022-09-07,Surgical Ward,Acute exacerbation of asthma,Dr. A. Patel,Discharged
ADM000121,P1088,2023-03-21,2023-03-28,Surgical Ward,Hypertensive urgency,Dr. L. Torres,Discharged
ADM000122,P1089,2023-09-23,2023-10-04,Medical Ward A,Community-acquired pneumonia,Dr. S. Khan,Discharged
ADM000123,P1089,2023-05-08,2023-05-12,Surgical Ward,Acute kidney injury,Dr. C. Müller,Discharged
ADM000124,P1091,2022-06-09,2022-06-23,Surgical Ward,Acute exacerbation of asthma,Dr. Y. Tanaka,Discharged
ADM000125,P1091,2023-06-14,2023-06-18,Endocrinology Ward,Chest pain query ACS,Dr. A. Patel,Discharged
ADM000126,P1093,2023-05-02,2023-05-10,Respiratory Ward,Acute kidney injury,Dr. Y. Tanaka,Discharged
ADM000127,P1096,2024-06-28,2024-07-02,Endocrinology Ward,Acute kidney injury,Dr. Y. Tanaka,Discharged
ADM000128,P1096,2024-05-19,2024-05-20,Respiratory Ward,Hypertensive urgency,Dr. C. Müller,Discharged
ADM000129,P1096,2022-06-07,2022-06-15,Cardiology Ward,Chest pain query ACS,Dr. Y. Tanaka,Discharged
ADM000130,P1097,2023-07-09,2023-07-17,ICU,Community-acquired pneumonia,Dr. M. O'Brien,Discharged
ADM000131,P1100,2023-12-01,2023-12-13,Endocrinology Ward,Heart failure decompensation,Dr. Y. Tanaka,Discharged
ADM000132,P1100,2023-08-18,2023-08-31,Medical Ward A,Heart failure decompensation,Dr. M. O'Brien,Discharged
ADM000133,P1101,2022-06-07,2022-06-21,ICU,Acute exacerbation of asthma,Dr. A. Patel,Discharged
ADM000134,P1103,2022-10-17,2022-10-23,Medical Ward A,Hypertensive urgency,Dr. Y. Tanaka,Discharged
ADM000135,P1104,2024-03-10,2024-03-16,Oncology Ward,Sepsis,Dr. C. Müller,Discharged
ADM000136,P1109,2022-08-11,2022-08-17,Oncology Ward,Diabetic ketoacidosis,Dr. M. O'Brien,Discharged
ADM000137,P1110,2023-06-28,2023-07-03,Cardiology Ward,Acute exacerbation of asthma,Dr. A. Patel,Discharged
ADM000138,P1111,2022-03-13,2022-03-17,ICU,Heart failure decompensation,Dr. C. Müller,Discharged
ADM000139,P1111,2023-12-29,2024-01-07,ICU,Hypertensive urgency,Dr. R. Singh,Discharged
ADM000140,P1111,2023-06-09,2023-06-19,ICU,Sepsis,Dr. R. Singh,Discharged
ADM000141,P1112,2024-03-29,,Oncology Ward,Diabetic ketoacidosis,Dr. S. Khan,Current
ADM000142,P1112,2024-07-26,2024-08-08,Cardiology Ward,Stroke workup,Dr. L. Torres,Discharged
ADM000143,P1112,2024-09-09,2024-09-14,HDU,Elective procedure,Dr. C. Müller,Discharged
ADM000144,P1114,2022-04-22,2022-04-23,HDU,Sepsis,Dr. J. Nkosi,Discharged
ADM000145,P1115,2022-05-24,2022-05-29,ICU,Elective procedure,Dr. J. Nkosi,Discharged
ADM000146,P1116,2023-10-15,2023-10-29,Respiratory Ward,Hypertensive urgency,Dr. S. Khan,Discharged
ADM000147,P1116,2023-08-06,2023-08-19,Medical Ward B,Acute kidney injury,Dr. R. Singh,Discharged
ADM000148,P1116,2023-07-14,2023-07-17,Endocrinology Ward,Hypertensive urgency,Dr. S. Khan,Discharged
ADM000149,P1117,2023-11-25,,Respiratory Ward,Acute kidney injury,Dr. Y. Tanaka,Current
ADM000150,P1117,2024-12-02,2024-12-11,Surgical Ward,Community-acquired pneumonia,Dr. Y. Tanaka,Discharged
ADM000151,P1118,2023-09-21,2023-10-05,Cardiology Ward,Elective procedure,Dr. C. Müller,Discharged
ADM000152,P1118,2022-11-05,2022-11-18,ICU,Elective procedure,Dr. M. O'Brien,Discharged
ADM000153,P1119,2023-08-29,2023-09-04,Respiratory Ward,Sepsis,Dr. L. Torres,Discharged
ADM000154,P1119,2024-11-25,,HDU,Hypertensive urgency,Dr. M. O'Brien,Current
ADM000155,P1123,2022-01-08,2022-01-10,HDU,Sepsis,Dr. R. Singh,Discharged
ADM000156,P1125,2022-06-16,2022-06-19,Medical Ward B,Stroke workup,Dr. Y. Tanaka,Discharged
ADM000157,P1125,2022-11-11,2022-11-24,Medical Ward A,Stroke workup,Dr. J. Nkosi,Discharged
ADM000158,P1125,2024-10-03,2024-10-05,Surgical Ward,Elective procedure,Dr. S. Khan,Discharged
ADM000159,P1128,2024-09-26,2024-10-04,Oncology Ward,Acute exacerbation of asthma,Dr. L. Torres,Discharged
ADM000160,P1129,2022-01-28,2022-02-01,HDU,Acute kidney injury,Dr. L. Torres,Discharged
ADM000161,P1129,2024-05-14,2024-05-23,Endocrinology Ward,Elective procedure,Dr. J. Nkosi,Discharged
ADM000162,P1129,2024-08-09,2024-08-22,Respiratory Ward,Acute exacerbation of asthma,Dr. R. Singh,Discharged
ADM000163,P1130,2024-01-15,2024-01-22,HDU,Chest pain query ACS,Dr. C. Müller,Discharged
ADM000164,P1130,2024-02-23,2024-02-27,ICU,Diabetic ketoacidosis,Dr. R. Singh,Discharged
ADM000165,P1130,2022-02-24,2022-03-10,Surgical Ward,Elective procedure,Dr. A. Patel,Discharged
ADM000166,P1131,2023-02-18,2023-02-27,Respiratory Ward,Diabetic ketoacidosis,Dr. R. Singh,Discharged
ADM000167,P1131,2023-07-06,2023-07-20,Medical Ward A,Elective procedure,Dr. R. Singh,Discharged
ADM000168,P1131,2022-03-10,2022-03-18,Oncology Ward,Diabetic ketoacidosis,Dr. C. Müller,Discharged
ADM000169,P1133,2024-10-02,2024-10-08,Medical Ward B,Acute kidney injury,Dr. C. Müller,Discharged
ADM000170,P1134,2024-04-04,2024-04-09,Endocrinology Ward,Sepsis,Dr. M. O'Brien,Discharged
ADM000171,P1134,2022-04-19,,Medical Ward B,Stroke workup,Dr. R. Singh,Current
ADM000172,P1135,2022-10-27,,Respiratory Ward,Chest pain query ACS,Dr. M. O'Brien,Current
ADM000173,P1136,2022-10-05,2022-10-18,Oncology Ward,Heart failure decompensation,Dr. L. Torres,Discharged
ADM000174,P1136,2022-09-26,2022-10-05,Respiratory Ward,Stroke workup,Dr. R. Singh,Discharged
ADM000175,P1136,2022-05-05,2022-05-08,ICU,Chest pain query ACS,Dr. C. Müller,Discharged
ADM000176,P1138,2024-02-10,2024-02-17,Respiratory Ward,Stroke workup,Dr. S. Khan,Discharged
ADM000177,P1139,2022-04-24,2022-04-26,Medical Ward A,Heart failure decompensation,Dr. J. Nkosi,Discharged
ADM000178,P1139,2023-09-20,,Medical Ward A,Elective procedure,Dr. A. Patel,Current
ADM000179,P1139,2024-04-28,2024-05-10,Medical Ward B,Heart failure decompensation,Dr. R. Singh,Discharged
ADM000180,P1140,2022-10-13,2022-10-27,Endocrinology Ward,Sepsis,Dr. Y. Tanaka,Discharged
ADM000181,P1140,2024-03-08,,Cardiology Ward,Stroke workup,Dr. J. Nkosi,Current
ADM000182,P1142,2024-12-22,,Medical Ward B,Sepsis,Dr. C. Müller,Current
ADM000183,P1142,2023-11-23,2023-12-02,Medical Ward A,Acute exacerbation of asthma,Dr. C. Müller,Discharged
ADM000184,P1145,2022-05-20,2022-05-21,Oncology Ward,Sepsis,Dr. A. Patel,Discharged
ADM000185,P1145,2024-03-31,,Oncology Ward,Elective procedure,Dr. L. Torres,Current
ADM000186,P1145,2022-02-06,2022-02-09,Endocrinology Ward,Acute kidney injury,Dr. S. Khan,Discharged
ADM000187,P1146,2022-06-27,2022-07-11,Endocrinology Ward,Hypertensive urgency,Dr. S. Khan,Discharged
ADM000188,P1147,2024-05-19,2024-06-01,Medical Ward A,Chest pain query ACS,Dr. R. Singh,Discharged
ADM000189,P1147,2024-03-20,2024-03-29,HDU,Acute kidney injury,Dr. L. Torres,Discharged
ADM000190,P1147,2024-10-20,2024-10-22,Respiratory Ward,Acute exacerbation of asthma,Dr. R. Singh,Discharged
ADM000191,P1148,2024-11-01,2024-11-02,HDU,Acute kidney injury,Dr. Y. Tanaka,Discharged
ADM000192,P1148,2022-04-21,2022-04-24,HDU,Diabetic ketoacidosis,Dr. M. O'Brien,Discharged
ADM000193,P1149,2022-05-28,2022-06-11,Cardiology Ward,Acute kidney injury,Dr. R. Singh,Discharged
ADM000194,P1149,2024-09-09,,ICU,Hypertensive urgency,Dr. S. Khan,Current
ADM000195,P1149,2024-06-28,2024-07-08,Cardiology Ward,Stroke workup,Dr. A. Patel,Discharged
ADM000196,P1150,2023-08-28,2023-09-02,Medical Ward A,Sepsis,Dr. S. Khan,Discharged
ADM000197,P1150,2024-04-20,2024-05-02,Surgical Ward,Diabetic ketoacidosis,Dr. C. Müller,Discharged
ADM000198,P1150,2023-01-11,,Medical Ward B,Sepsis,Dr. R. Singh,Current
ADM000199,P1154,2022-01-10,2022-01-11,Endocrinology Ward,Chest pain query ACS,Dr. S. Khan,Discharged
ADM000200,P1154,2022-08-20,2022-09-01,Endocrinology Ward,Hypertensive urgency,Dr. J. Nkosi,Discharged
ADM000201,P1156,2024-05-30,2024-06-10,Respiratory Ward,Sepsis,Dr. S. Khan,Discharged
ADM000202,P1156,2024-01-13,2024-01-27,Medical Ward A,Diabetic ketoacidosis,Dr. Y. Tanaka,Discharged
ADM000203,P1157,2023-07-05,2023-07-15,HDU,Sepsis,Dr. S. Khan,Discharged
ADM000204,P1157,2022-10-05,2022-10-14,Endocrinology Ward,Community-acquired pneumonia,Dr. C. Müller,Discharged
ADM000205,P1161,2022-07-20,2022-08-03,HDU,Stroke workup,Dr. J. Nkosi,Discharged
ADM000206,P1161,2023-04-14,2023-04-25,Medical Ward A,Sepsis,Dr. C. Müller,Discharged
ADM000207,P1167,2022-11-15,,ICU,Diabetic ketoacidosis,Dr. A. Patel,Current
ADM000208,P1167,2023-06-19,2023-06-23,Cardiology Ward,Elective procedure,Dr. M. O'Brien,Discharged
ADM000209,P1168,2024-05-18,,Medical Ward B,Sepsis,Dr. L. Torres,Current
ADM000210,P1169,2024-08-07,2024-08-13,Surgical Ward,Elective procedure,Dr. L. Torres,Discharged
ADM000211,P1172,2022-12-17,2022-12-18,Respiratory Ward,Acute exacerbation of asthma,Dr. S. Khan,Discharged
ADM000212,P1172,2022-06-14,2022-06-19,Oncology Ward,Sepsis,Dr. A. Patel,Discharged
ADM000213,P1173,2024-10-29,2024-11-06,Respiratory Ward,Hypertensive urgency,Dr. C. Müller,Discharged
ADM000214,P1173,2023-01-02,2023-01-06,Cardiology Ward,Acute exacerbation of asthma,Dr. S. Khan,Discharged
ADM000215,P1174,2023-03-02,2023-03-11,Medical Ward A,Diabetic ketoacidosis,Dr. S. Khan,Discharged
ADM000216,P1177,2024-09-20,2024-10-02,Respiratory Ward,Diabetic ketoacidosis,Dr. A. Patel,Discharged
ADM000217,P1177,2024-04-25,2024-05-01,Endocrinology Ward,Community-acquired pneumonia,Dr. A. Patel,Discharged
ADM000218,P1177,2022-04-17,2022-04-27,Endocrinology Ward,Elective procedure,Dr. A. Patel,Discharged
ADM000219,P1180,2024-03-21,2024-03-25,Surgical Ward,Chest pain query ACS,Dr. M. O'Brien,Discharged
ADM000220,P1181,2022-06-25,,Oncology Ward,Community-acquired pneumonia,Dr. R. Singh,Current
ADM000221,P1182,2024-04-22,,Medical Ward B,Community-acquired pneumonia,Dr. C. Müller,Current
ADM000222,P1182,2022-06-16,,Oncology Ward,Community-acquired pneumonia,Dr. L. Torres,Current
ADM000223,P1183,2022-12-31,2023-01-13,Surgical Ward,Hypertensive urgency,Dr. Y. Tanaka,Discharged
ADM000224,P1185,2022-11-29,2022-12-04,Medical Ward B,Diabetic ketoacidosis,Dr. A. Patel,Discharged
ADM000225,P1186,2024-08-18,2024-08-29,Respiratory Ward,Acute kidney injury,Dr. R. Singh,Discharged
ADM000226,P1186,2024-04-13,,Endocrinology Ward,Acute exacerbation of asthma,Dr. J. Nkosi,Current
ADM000227,P1186,2024-09-29,2024-09-30,Medical Ward A,Acute kidney injury,Dr. M. O'Brien,Discharged
ADM000228,P1187,2024-09-23,2024-10-02,Medical Ward B,Hypertensive urgency,Dr. M. O'Brien,Discharged
ADM000229,P1187,2022-02-10,,Endocrinology Ward,Hypertensive urgency,Dr. Y. Tanaka,Current
ADM000230,P1187,2024-09-25,2024-09-30,Endocrinology Ward,Diabetic ketoacidosis,Dr. S. Khan,Discharged
ADM000231,P1188,2023-12-03,2023-12-17,Oncology Ward,Heart failure decompensation,Dr. J. Nkosi,Discharged
ADM000232,P1188,2022-07-10,,Respiratory Ward,Acute kidney injury,Dr. J. Nkosi,Current
ADM000233,P1189,2023-02-06,2023-02-11,Medical Ward B,Sepsis,Dr. Y. Tanaka,Discharged
ADM000234,P1189,2023-12-19,2023-12-25,Oncology Ward,Acute exacerbation of asthma,Dr. A. Patel,Discharged
ADM000235,P1190,2023-01-06,2023-01-17,Medical Ward B,Diabetic ketoacidosis,Dr. J. Nkosi,Discharged
ADM000236,P1191,2023-08-29,2023-08-30,Medical Ward B,Community-acquired pneumonia,Dr. R. Singh,Discharged
ADM000237,P1191,2024-02-07,2024-02-13,Medical Ward A,Elective procedure,Dr. A. Patel,Discharged
ADM000238,P1191,2024-10-06,,Endocrinology Ward,Chest pain query ACS,Dr. C. Müller,Current
ADM000239,P1192,2023-01-19,2023-01-26,HDU,Stroke workup,Dr. Y. Tanaka,Discharged
ADM000240,P1195,2023-08-23,2023-08-25,Medical Ward B,Acute exacerbation of asthma,Dr. A. Patel,Discharged
ADM000241,P1197,2023-01-24,,Oncology Ward,Acute kidney injury,Dr. J. Nkosi,Current
ADM000242,P1197,2024-12-22,2024-12-28,HDU,Hypertensive urgency,Dr. C. Müller,Discharged
ADM000243,P1199,2023-12-02,2023-12-09,Medical Ward B,Stroke workup,Dr. J. Nkosi,Discharged
ADM000244,P1199,2022-06-30,2022-07-03,Medical Ward A,Chest pain query ACS,Dr. J. Nkosi,Discharged
ADM000245,P1199,2023-01-29,2023-02-08,Respiratory Ward,Community-acquired pneumonia,Dr. L. Torres,Discharged
ADM000246,P1203,2023-12-27,,Medical Ward A,Acute kidney injury,Dr. L. Torres,Current
ADM000247,P1203,2024-01-21,,Oncology Ward,Diabetic ketoacidosis,Dr. J. Nkosi,Current
ADM000248,P1203,2024-07-15,2024-07-20,Surgical Ward,Sepsis,Dr. R. Singh,Discharged
ADM000249,P1204,2024-01-12,2024-01-25,Medical Ward A,Acute kidney injury,Dr. A. Patel,Discharged
ADM000250,P1204,2023-11-25,2023-11-29,Oncology Ward,Hypertensive urgency,Dr. Y. Tanaka,Discharged
ADM000251,P1204,2022-08-23,2022-08-29,Oncology Ward,Acute exacerbation of asthma,Dr. C. Müller,Discharged
ADM000252,P1205,2023-07-31,2023-08-11,Medical Ward A,Acute kidney injury,Dr. R. Singh,Discharged
ADM000253,P1205,2023-12-04,,Respiratory Ward,Community-acquired pneumonia,Dr. A. Patel,Current
ADM000254,P1205,2022-09-10,2022-09-17,Medical Ward B,Diabetic ketoacidosis,Dr. A. Patel,Discharged
ADM000255,P1206,2022-02-23,2022-02-24,ICU,Sepsis,Dr. J. Nkosi,Discharged
ADM000256,P1206,2023-12-16,2023-12-23,Surgical Ward,Heart failure decompensation,Dr. J. Nkosi,Discharged
ADM000257,P1207,2023-06-16,2023-06-28,Medical Ward A,Community-acquired pneumonia,Dr. R. Singh,Discharged
ADM000258,P1209,2024-12-01,2024-12-14,Surgical Ward,Heart failure decompensation,Dr. J. Nkosi,Discharged
ADM000259,P1213,2024-06-06,2024-06-19,Respiratory Ward,Sepsis,Dr. S. Khan,Discharged
ADM000260,P1213,2024-02-14,,Medical Ward B,Community-acquired pneumonia,Dr. Y. Tanaka,Current
ADM000261,P1213,2023-02-01,2023-02-05,Endocrinology Ward,Chest pain query ACS,Dr. Y. Tanaka,Discharged
ADM000262,P1216,2024-08-06,2024-08-19,Medical Ward A,Hypertensive urgency,Dr. M. O'Brien,Discharged
ADM000263,P1216,2022-11-14,2022-11-23,Endocrinology Ward,Community-acquired pneumonia,Dr. M. O'Brien,Discharged
ADM000264,P1216,2022-09-08,2022-09-20,Endocrinology Ward,Stroke workup,Dr. R. Singh,Discharged
ADM000265,P1217,2023-05-06,2023-05-10,Cardiology Ward,Stroke workup,Dr. M. O'Brien,Discharged
ADM000266,P1217,2022-03-10,2022-03-19,Medical Ward A,Hypertensive urgency,Dr. Y. Tanaka,Discharged
ADM000267,P1218,2024-11-04,2024-11-09,Respiratory Ward,Acute exacerbation of asthma,Dr. S. Khan,Discharged
ADM000268,P1218,2022-11-06,2022-11-08,Medical Ward B,Diabetic ketoacidosis,Dr. L. Torres,Discharged
ADM000269,P1218,2022-11-19,2022-12-02,Respiratory Ward,Sepsis,Dr. S. Khan,Discharged
ADM000270,P1220,2024-06-20,2024-06-29,HDU,Diabetic ketoacidosis,Dr. S. Khan,Discharged
ADM000271,P1220,2024-02-27,2024-03-10,HDU,Stroke workup,Dr. A. Patel,Discharged
ADM000272,P1220,2022-12-19,,Surgical Ward,Acute exacerbation of asthma,Dr. M. O'Brien,Current
ADM000273,P1221,2023-10-27,2023-10-28,HDU,Acute exacerbation of asthma,Dr. R. Singh,Discharged
ADM000274,P1221,2022-04-23,,HDU,Community-acquired pneumonia,Dr. R. Singh,Current
ADM000275,P1221,2024-07-08,,Surgical Ward,Sepsis,Dr. J. Nkosi,Current
ADM000276,P1223,2023-10-15,2023-10-16,Oncology Ward,Acute exacerbation of asthma,Dr. R. Singh,Discharged
ADM000277,P1224,2023-10-03,2023-10-07,Surgical Ward,Community-acquired pneumonia,Dr. A. Patel,Discharged
ADM000278,P1224,2022-09-27,2022-09-28,HDU,Community-acquired pneumonia,Dr. M. O'Brien,Discharged
ADM000279,P1225,2024-09-12,2024-09-26,Endocrinology Ward,Chest pain query ACS,Dr. A. Patel,Discharged
ADM000280,P1226,2024-06-22,2024-06-28,HDU,Sepsis,Dr. R. Singh,Discharged
ADM000281,P1227,2022-02-25,2022-03-04,HDU,Sepsis,Dr. A. Patel,Discharged
ADM000282,P1228,2023-04-18,2023-04-24,Medical Ward A,Elective procedure,Dr. M. O'Brien,Discharged
ADM000283,P1228,2024-01-26,2024-01-30,Medical Ward A,Community-acquired pneumonia,Dr. L. Torres,Discharged
ADM000284,P1228,2024-06-20,2024-06-22,HDU,Diabetic ketoacidosis,Dr. J. Nkosi,Discharged
ADM000285,P1229,2024-08-19,,Respiratory Ward,Diabetic ketoacidosis,Dr. Y. Tanaka,Current
ADM000286,P1229,2023-05-21,2023-05-22,Oncology Ward,Sepsis,Dr. J. Nkosi,Discharged
ADM000287,P1229,2024-04-23,2024-05-02,HDU,Heart failure decompensation,Dr. C. Müller,Discharged
ADM000288,P1230,2022-11-16,2022-11-28,HDU,Stroke workup,Dr. A. Patel,Discharged
ADM000289,P1230,2024-07-22,2024-08-01,ICU,Chest pain query ACS,Dr. S. Khan,Discharged
ADM000290,P1230,2022-03-14,2022-03-28,Cardiology Ward,Heart failure decompensation,Dr. C. Müller,Discharged
ADM000291,P1231,2022-07-17,2022-07-26,HDU,Acute exacerbation of asthma,Dr. C. Müller,Discharged
ADM000292,P1233,2023-04-01,2023-04-15,Medical Ward A,Stroke workup,Dr. C. Müller,Discharged
ADM000293,P1233,2023-06-23,2023-06-29,Cardiology Ward,Chest pain query ACS,Dr. M. O'Brien,Discharged
ADM000294,P1233,2024-07-09,2024-07-10,Oncology Ward,Community-acquired pneumonia,Dr. A. Patel,Discharged
ADM000295,P1234,2022-02-04,2022-02-16,Respiratory Ward,Chest pain query ACS,Dr. M. O'Brien,Discharged
ADM000296,P1238,2023-11-09,,Surgical Ward,Community-acquired pneumonia,Dr. C. Müller,Current
ADM000297,P1238,2023-09-13,2023-09-24,Surgical Ward,Acute kidney injury,Dr. Y. Tanaka,Discharged
ADM000298,P1239,2022-01-21,2022-02-02,Medical Ward B,Hypertensive urgency,Dr. R. Singh,Discharged
ADM000299,P1239,2024-10-13,2024-10-22,Surgical Ward,Stroke workup,Dr. Y. Tanaka,Discharged
ADM000300,P1239,2024-09-16,2024-09-23,Respiratory Ward,Sepsis,Dr. M. O'Brien,Discharged
ADM000301,P1240,2023-07-30,2023-07-31,Surgical Ward,Diabetic ketoacidosis,Dr. R. Singh,Discharged
ADM000302,P1240,2023-09-23,2023-09-24,Endocrinology Ward,Acute kidney injury,Dr. C. Müller,Discharged
ADM000303,P1240,2022-12-18,2022-12-24,ICU,Hypertensive urgency,Dr. J. Nkosi,Discharged
ADM000304,P1242,2023-09-11,2023-09-23,Endocrinology Ward,Heart failure decompensation,Dr. L. Torres,Discharged
ADM000305,P1243,2022-03-27,2022-04-10,Medical Ward B,Diabetic ketoacidosis,Dr. L. Torres,Discharged
ADM000306,P1243,2024-08-04,,Oncology Ward,Acute kidney injury,Dr. A. Patel,Current
ADM000307,P1246,2023-09-09,2023-09-16,Respiratory Ward,Diabetic ketoacidosis,Dr. C. Müller,Discharged
ADM000308,P1246,2023-12-30,2024-01-08,Cardiology Ward,Acute exacerbation of asthma,Dr. C. Müller,Discharged
ADM000309,P1246,2024-11-26,2024-11-29,Medical Ward A,Acute kidney injury,Dr. R. Singh,Discharged
ADM000310,P1247,2024-02-28,2024-03-02,Respiratory Ward,Heart failure decompensation,Dr. S. Khan,Discharged
ADM000311,P1247,2024-02-11,2024-02-12,Cardiology Ward,Hypertensive urgency,Dr. J. Nkosi,Discharged
ADM000312,P1250,2023-02-28,2023-03-03,Surgical Ward,Acute exacerbation of asthma,Dr. R. Singh,Discharged
ADM000313,P1250,2023-05-31,,ICU,Stroke workup,Dr. M. O'Brien,Current
ADM000314,P1250,2022-12-08,2022-12-19,Surgical Ward,Hypertensive urgency,Dr. R. Singh,Discharged
ADM000315,P1251,2024-04-17,2024-04-21,Endocrinology Ward,Acute exacerbation of asthma,Dr. C. Müller,Discharged
ADM000316,P1251,2023-07-20,2023-07-29,Cardiology Ward,Acute exacerbation of asthma,Dr. L. Torres,Discharged
ADM000317,P1251,2022-02-06,,Oncology Ward,Acute kidney injury,Dr. J. Nkosi,Current
ADM000318,P1252,2022-10-25,2022-11-06,Medical Ward B,Acute kidney injury,Dr. C. Müller,Discharged
ADM000319,P1252,2022-05-08,,Medical Ward A,Community-acquired pneumonia,Dr. R. Singh,Current
ADM000320,P1252,2024-08-26,2024-09-05,ICU,Diabetic ketoacidosis,Dr. L. Torres,Discharged
ADM000321,P1253,2022-05-30,,Cardiology Ward,Community-acquired pneumonia,Dr. S. Khan,Current
ADM000322,P1253,2024-11-20,2024-11-25,Cardiology Ward,Heart failure decompensation,Dr. A. Patel,Discharged
ADM000323,P1253,2022-12-19,2023-01-02,Medical Ward B,Sepsis,Dr. R. Singh,Discharged
ADM000324,P1256,2022-04-03,2022-04-04,Surgical Ward,Sepsis,Dr. C. Müller,Discharged
ADM000325,P1259,2022-01-05,2022-01-13,Medical Ward A,Stroke workup,Dr. C. Müller,Discharged
ADM000326,P1263,2023-01-01,2023-01-12,Endocrinology Ward,Elective procedure,Dr. J. Nkosi,Discharged
ADM000327,P1263,2024-05-23,2024-05-30,Medical Ward A,Heart failure decompensation,Dr. R. Singh,Discharged
ADM000328,P1263,2024-09-16,2024-09-18,Oncology Ward,Acute exacerbation of asthma,Dr. L. Torres,Discharged
ADM000329,P1265,2024-06-22,2024-06-30,Respiratory Ward,Sepsis,Dr. S. Khan,Discharged
ADM000330,P1265,2022-07-07,2022-07-15,Medical Ward B,Elective procedure,Dr. J. Nkosi,Discharged
ADM000331,P1266,2023-12-10,2023-12-20,Surgical Ward,Acute kidney injury,Dr. A. Patel,Discharged
ADM000332,P1268,2022-10-12,2022-10-18,Oncology Ward,Stroke workup,Dr. J. Nkosi,Discharged
ADM000333,P1268,2023-11-21,,Cardiology Ward,Sepsis,Dr. A. Patel,Current
ADM000334,P1268,2023-04-13,,Surgical Ward,Sepsis,Dr. S. Khan,Current
ADM000335,P1270,2023-03-26,2023-04-07,ICU,Stroke workup,Dr. C. Müller,Discharged
ADM000336,P1270,2024-03-02,2024-03-12,Endocrinology Ward,Heart failure decompensation,Dr. S. Khan,Discharged
ADM000337,P1273,2024-02-16,2024-02-24,Surgical Ward,Acute kidney injury,Dr. J. Nkosi,Discharged
ADM000338,P1273,2024-07-01,2024-07-04,Respiratory Ward,Diabetic ketoacidosis,Dr. C. Müller,Discharged
ADM000339,P1274,2022-12-02,2022-12-10,Respiratory Ward,Acute kidney injury,Dr. A. Patel,Discharged
ADM000340,P1274,2023-07-18,,HDU,Elective procedure,Dr. L. Torres,Current
ADM000341,P1275,2023-10-31,2023-11-10,Endocrinology Ward,Acute kidney injury,Dr. C. Müller,Discharged
ADM000342,P1275,2022-04-25,,Endocrinology Ward,Acute exacerbation of asthma,Dr. A. Patel,Current
ADM000343,P1276,2024-08-11,2024-08-21,Cardiology Ward,Heart failure decompensation,Dr. J. Nkosi,Discharged
ADM000344,P1276,2024-10-06,2024-10-15,Respiratory Ward,Elective procedure,Dr. R. Singh,Discharged
ADM000345,P1276,2022-04-12,2022-04-25,Endocrinology Ward,Sepsis,Dr. J. Nkosi,Discharged
ADM000346,P1277,2022-09-21,2022-09-25,Medical Ward B,Sepsis,Dr. J. Nkosi,Discharged
ADM000347,P1277,2024-12-18,2024-12-30,Endocrinology Ward,Acute kidney injury,Dr. M. O'Brien,Discharged
ADM000348,P1278,2023-07-12,2023-07-16,HDU,Stroke workup,Dr. M. O'Brien,Discharged
ADM000349,P1279,2024-03-02,2024-03-08,Medical Ward A,Hypertensive urgency,Dr. L. Torres,Discharged
ADM000350,P1279,2022-07-14,2022-07-20,Cardiology Ward,Acute kidney injury,Dr. L. Torres,Discharged
ADM000351,P1281,2024-09-16,,Respiratory Ward,Chest pain query ACS,Dr. R. Singh,Current
ADM000352,P1281,2023-08-13,2023-08-21,Medical Ward B,Acute exacerbation of asthma,Dr. L. Torres,Discharged
ADM000353,P1282,2023-01-09,,Medical Ward A,Community-acquired pneumonia,Dr. A. Patel,Current
ADM000354,P1284,2023-11-10,2023-11-22,HDU,Diabetic ketoacidosis,Dr. A. Patel,Discharged
ADM000355,P1285,2024-03-13,2024-03-15,Endocrinology Ward,Elective procedure,Dr. L. Torres,Discharged
ADM000356,P1285,2022-05-18,2022-05-24,ICU,Elective procedure,Dr. M. O'Brien,Discharged
ADM000357,P1286,2024-03-01,,Medical Ward B,Diabetic ketoacidosis,Dr. Y. Tanaka,Current
ADM000358,P1287,2023-07-27,,Oncology Ward,Chest pain query ACS,Dr. S. Khan,Current
ADM000359,P1287,2023-09-20,2023-09-26,Medical Ward B,Hypertensive urgency,Dr. M. O'Brien,Discharged
ADM000360,P1289,2022-09-02,2022-09-04,HDU,Stroke workup,Dr. M. O'Brien,Discharged
ADM000361,P1290,2024-11-07,2024-11-17,Medical Ward A,Diabetic ketoacidosis,Dr. J. Nkosi,Discharged
ADM000362,P1296,2024-06-02,2024-06-05,Cardiology Ward,Hypertensive urgency,Dr. R. Singh,Discharged
ADM000363,P1296,2024-04-24,2024-05-08,Surgical Ward,Acute kidney injury,Dr. J. Nkosi,Discharged
ADM000364,P1296,2024-02-11,2024-02-20,Medical Ward A,Chest pain query ACS,Dr. M. O'Brien,Discharged
ADM000365,P1297,2022-08-09,2022-08-20,Respiratory Ward,Acute exacerbation of asthma,Dr. A. Patel,Discharged
ADM000366,P1298,2023-12-22,2023-12-29,Surgical Ward,Diabetic ketoacidosis,Dr. Y. Tanaka,Discharged
ADM000367,P1298,2022-08-16,2022-08-18,Respiratory Ward,Elective procedure,Dr. A. Patel,Discharged
ADM000368,P1299,2023-12-02,2023-12-06,Medical Ward A,Acute exacerbation of asthma,Dr. J. Nkosi,Discharged
ADM000369,P1300,2022-12-27,2023-01-01,Endocrinology Ward,Diabetic ketoacidosis,Dr. R. Singh,Discharged
ADM000370,P1302,2023-09-14,2023-09-15,Oncology Ward,Heart failure decompensation,Dr. S. Khan,Discharged
ADM000371,P1306,2023-06-11,,Cardiology Ward,Acute exacerbation of asthma,Dr. J. Nkosi,Current
ADM000372,P1307,2022-07-08,2022-07-10,Oncology Ward,Chest pain query ACS,Dr. Y. Tanaka,Discharged
ADM000373,P1310,2023-11-10,2023-11-11,Cardiology Ward,Diabetic ketoacidosis,Dr. A. Patel,Discharged
ADM000374,P1312,2023-04-11,2023-04-17,Cardiology Ward,Acute kidney injury,Dr. A. Patel,Discharged
ADM000375,P1312,2022-03-03,2022-03-17,Medical Ward B,Stroke workup,Dr. Y. Tanaka,Discharged
ADM000376,P1312,2023-08-27,2023-08-28,Respiratory Ward,Stroke workup,Dr. R. Singh,Discharged
ADM000377,P1314,2024-08-26,,Oncology Ward,Diabetic ketoacidosis,Dr. L. Torres,Current
ADM000378,P1314,2024-02-02,2024-02-16,Oncology Ward,Acute kidney injury,Dr. J. Nkosi,Discharged
ADM000379,P1314,2022-04-20,2022-04-29,Medical Ward B,Diabetic ketoacidosis,Dr. Y. Tanaka,Discharged
ADM000380,P1315,2024-07-22,2024-08-01,Medical Ward B,Diabetic ketoacidosis,Dr. M. O'Brien,Discharged
ADM000381,P1316,2023-01-06,2023-01-11,Cardiology Ward,Stroke workup,Dr. S. Khan,Discharged
ADM000382,P1317,2024-03-03,2024-03-07,Medical Ward B,Heart failure decompensation,Dr. R. Singh,Discharged
ADM000383,P1318,2023-04-07,2023-04-11,Medical Ward B,Community-acquired pneumonia,Dr. M. O'Brien,Discharged
ADM000384,P1319,2024-12-20,,ICU,Acute exacerbation of asthma,Dr. S. Khan,Current
ADM000385,P1320,2024-08-06,2024-08-12,Medical Ward B,Acute kidney injury,Dr. L. Torres,Discharged
ADM000386,P1321,2023-12-04,2023-12-16,HDU,Community-acquired pneumonia,Dr. M. O'Brien,Discharged
ADM000387,P1321,2023-12-12,2023-12-19,Surgical Ward,Stroke workup,Dr. Y. Tanaka,Discharged
ADM000388,P1321,2024-01-11,2024-01-23,ICU,Diabetic ketoacidosis,Dr. A. Patel,Discharged
ADM000389,P1322,2024-06-17,2024-06-27,Medical Ward B,Sepsis,Dr. A. Patel,Discharged
ADM000390,P1322,2024-08-20,2024-08-28,Medical Ward A,Chest pain query ACS,Dr. A. Patel,Discharged
ADM000391,P1323,2022-02-20,2022-02-21,Surgical Ward,Sepsis,Dr. A. Patel,Discharged
ADM000392,P1323,2022-01-30,2022-02-06,HDU,Elective procedure,Dr. S. Khan,Discharged
ADM000393,P1324,2022-12-25,2023-01-06,Respiratory Ward,Elective procedure,Dr. A. Patel,Discharged
ADM000394,P1324,2024-10-25,2024-10-27,Medical Ward B,Diabetic ketoacidosis,Dr. S. Khan,Discharged
ADM000395,P1324,2023-08-01,2023-08-09,HDU,Elective procedure,Dr. L. Torres,Discharged
ADM000396,P1325,2024-05-27,2024-06-06,Surgical Ward,Acute exacerbation of asthma,Dr. M. O'Brien,Discharged
ADM000397,P1325,2024-03-19,2024-03-31,Medical Ward A,Hypertensive urgency,Dr. M. O'Brien,Discharged
ADM000398,P1325,2022-10-28,2022-11-09,Endocrinology Ward,Heart failure decompensation,Dr. L. Torres,Discharged
ADM000399,P1326,2023-01-13,2023-01-25,HDU,Diabetic ketoacidosis,Dr. R. Singh,Discharged
ADM000400,P1330,2022-05-31,2022-06-11,HDU,Elective procedure,Dr. Y. Tanaka,Discharged
ADM000401,P1330,2023-10-17,,Surgical Ward,Elective procedure,Dr. C. Müller,Current
ADM000402,P1330,2022-06-22,,ICU,Acute kidney injury,Dr. Y. Tanaka,Current
ADM000403,P1331,2023-08-08,2023-08-18,Endocrinology Ward,Acute exacerbation of asthma,Dr. L. Torres,Discharged
ADM000404,P1331,2024-07-13,2024-07-23,Medical Ward A,Community-acquired pneumonia,Dr. R. Singh,Discharged
ADM000405,P1331,2023-07-05,2023-07-11,HDU,Acute exacerbation of asthma,Dr. M. O'Brien,Discharged
ADM000406,P1332,2023-06-07,2023-06-10,Respiratory Ward,Hypertensive urgency,Dr. Y. Tanaka,Discharged
ADM000407,P1332,2024-10-21,2024-11-04,Surgical Ward,Elective procedure,Dr. R. Singh,Discharged
ADM000408,P1333,2022-12-04,2022-12-13,Cardiology Ward,Sepsis,Dr. Y. Tanaka,Discharged
ADM000409,P1337,2024-04-03,2024-04-15,Medical Ward A,Acute kidney injury,Dr. A. Patel,Discharged
ADM000410,P1337,2022-08-26,2022-09-09,HDU,Elective procedure,Dr. L. Torres,Discharged
ADM000411,P1340,2022-09-27,2022-10-07,HDU,Stroke workup,Dr. R. Singh,Discharged
ADM000412,P1340,2024-12-16,2024-12-25,Oncology Ward,Heart failure decompensation,Dr. S. Khan,Discharged
ADM000413,P1340,2022-05-18,2022-05-31,Cardiology Ward,Acute exacerbation of asthma,Dr. A. Patel,Discharged
ADM000414,P1341,2023-11-23,2023-11-30,Respiratory Ward,Acute exacerbation of asthma,Dr. S. Khan,Discharged
ADM000415,P1341,2024-04-21,2024-05-05,Surgical Ward,Chest pain query ACS,Dr. L. Torres,Discharged
ADM000416,P1342,2022-05-06,2022-05-08,Endocrinology Ward,Stroke workup,Dr. J. Nkosi,Discharged
ADM000417,P1342,2022-12-24,2022-12-27,Endocrinology Ward,Acute exacerbation of asthma,Dr. A. Patel,Discharged
ADM000418,P1343,2023-04-13,2023-04-21,Surgical Ward,Sepsis,Dr. L. Torres,Discharged
ADM000419,P1343,2024-02-10,2024-02-19,ICU,Chest pain query ACS,Dr. R. Singh,Discharged
ADM000420,P1344,2023-08-06,,Oncology Ward,Chest pain query ACS,Dr. C. Müller,Current
ADM000421,P1344,2023-09-08,2023-09-20,Respiratory Ward,Stroke workup,Dr. Y. Tanaka,Discharged
ADM000422,P1345,2023-12-11,2023-12-16,Medical Ward A,Elective procedure,Dr. C. Müller,Discharged
ADM000423,P1347,2024-05-13,2024-05-22,HDU,Hypertensive urgency,Dr. L. Torres,Discharged
ADM000424,P1348,2023-10-20,2023-10-27,Cardiology Ward,Stroke workup,Dr. J. Nkosi,Discharged
ADM000425,P1348,2023-10-09,2023-10-21,Oncology Ward,Heart failure decompensation,Dr. R. Singh,Discharged
ADM000426,P1348,2024-05-16,,Cardiology Ward,Chest pain query ACS,Dr. R. Singh,Current
ADM000427,P1349,2023-04-28,2023-05-11,Endocrinology Ward,Stroke workup,Dr. Y. Tanaka,Discharged
ADM000428,P1349,2024-08-31,2024-09-03,Cardiology Ward,Heart failure decompensation,Dr. S. Khan,Discharged
ADM000429,P1350,2023-06-11,2023-06-21,Surgical Ward,Acute kidney injury,Dr. A. Patel,Discharged
ADM000430,P1350,2024-12-16,2024-12-24,Medical Ward A,Elective procedure,Dr. M. O'Brien,Discharged
ADM000431,P1353,2024-11-05,,Medical Ward A,Heart failure decompensation,Dr. C. Müller,Current
ADM000432,P1354,2022-07-14,2022-07-21,Medical Ward A,Heart failure decompensation,Dr. R. Singh,Discharged
ADM000433,P1354,2024-04-11,2024-04-22,Medical Ward A,Sepsis,Dr. L. Torres,Discharged
ADM000434,P1355,2022-01-09,2022-01-14,Endocrinology Ward,Acute exacerbation of asthma,Dr. S. Khan,Discharged
ADM000435,P1357,2022-09-19,,Medical Ward B,Stroke workup,Dr. Y. Tanaka,Current
ADM000436,P1357,2024-11-20,2024-11-28,Medical Ward B,Hypertensive urgency,Dr. R. Singh,Discharged
ADM000437,P1357,2022-04-04,2022-04-06,Medical Ward A,Diabetic ketoacidosis,Dr. L. Torres,Discharged
ADM000438,P1358,2023-01-23,2023-02-02,Medical Ward A,Acute kidney injury,Dr. A. Patel,Discharged
ADM000439,P1361,2022-04-30,2022-05-09,Oncology Ward,Chest pain query ACS,Dr. Y. Tanaka,Discharged
ADM000440,P1362,2024-09-19,2024-10-01,ICU,Chest pain query ACS,Dr. A. Patel,Discharged
ADM000441,P1363,2024-10-14,2024-10-25,HDU,Heart failure decompensation,Dr. Y. Tanaka,Discharged
ADM000442,P1363,2022-06-10,2022-06-16,Cardiology Ward,Acute exacerbation of asthma,Dr. A. Patel,Discharged
ADM000443,P1366,2022-12-18,2022-12-27,Oncology Ward,Sepsis,Dr. S. Khan,Discharged
ADM000444,P1367,2024-08-04,2024-08-07,ICU,Stroke workup,Dr. M. O'Brien,Discharged
ADM000445,P1367,2024-02-24,2024-03-08,Cardiology Ward,Hypertensive urgency,Dr. S. Khan,Discharged
ADM000446,P1367,2023-10-27,2023-11-05,Endocrinology Ward,Elective procedure,Dr. M. O'Brien,Discharged
ADM000447,P1369,2024-12-02,2024-12-15,Medical Ward B,Hypertensive urgency,Dr. M. O'Brien,Discharged
ADM000448,P1370,2022-07-20,2022-07-26,Surgical Ward,Heart failure decompensation,Dr. Y. Tanaka,Discharged
ADM000449,P1372,2022-08-11,,ICU,Elective procedure,Dr. Y. Tanaka,Current
ADM000450,P1372,2022-04-03,2022-04-12,Oncology Ward,Heart failure decompensation,Dr. J. Nkosi,Discharged
ADM000451,P1373,2023-01-24,2023-02-01,Surgical Ward,Heart failure decompensation,Dr. M. O'Brien,Discharged
ADM000452,P1374,2024-12-28,2025-01-06,Surgical Ward,Acute exacerbation of asthma,Dr. R. Singh,Discharged
ADM000453,P1374,2022-12-14,2022-12-26,Medical Ward A,Diabetic ketoacidosis,Dr. Y. Tanaka,Discharged
ADM000454,P1374,2024-03-22,2024-03-27,Cardiology Ward,Sepsis,Dr. M. O'Brien,Discharged
ADM000455,P1375,2024-05-09,2024-05-14,ICU,Chest pain query ACS,Dr. S. Khan,Discharged
ADM000456,P1375,2024-07-25,2024-07-27,Surgical Ward,Acute exacerbation of asthma,Dr. R. Singh,Discharged
ADM000457,P1375,2024-07-01,2024-07-05,Endocrinology Ward,Community-acquired pneumonia,Dr. S. Khan,Discharged
ADM000458,P1376,2023-06-25,2023-07-01,Endocrinology Ward,Diabetic ketoacidosis,Dr. A. Patel,Discharged
ADM000459,P1377,2022-10-11,2022-10-14,Respiratory Ward,Acute exacerbation of asthma,Dr. L. Torres,Discharged
ADM000460,P1377,2024-10-24,,Cardiology Ward,Stroke workup,Dr. Y. Tanaka,Current
ADM000461,P1377,2022-09-28,2022-10-11,HDU,Acute kidney injury,Dr. M. O'Brien,Discharged
ADM000462,P1381,2023-12-10,2023-12-12,Surgical Ward,Heart failure decompensation,Dr. A. Patel,Discharged
ADM000463,P1381,2022-01-10,2022-01-16,Endocrinology Ward,Elective procedure,Dr. C. Müller,Discharged
ADM000464,P1381,2023-11-02,2023-11-07,Surgical Ward,Heart failure decompensation,Dr. J. Nkosi,Discharged
ADM000465,P1382,2023-11-15,2023-11-21,HDU,Heart failure decompensation,Dr. Y. Tanaka,Discharged
ADM000466,P1382,2022-10-25,2022-11-06,Surgical Ward,Elective procedure,Dr. S. Khan,Discharged
ADM000467,P1382,2022-07-24,2022-07-27,Surgical Ward,Acute exacerbation of asthma,Dr. Y. Tanaka,Discharged
ADM000468,P1383,2023-04-06,2023-04-07,Medical Ward B,Heart failure decompensation,Dr. A. Patel,Discharged
ADM000469,P1383,2023-03-03,2023-03-09,Medical Ward B,Chest pain query ACS,Dr. A. Patel,Discharged
ADM000470,P1383,2024-01-05,2024-01-19,HDU,Stroke workup,Dr. J. Nkosi,Discharged
ADM000471,P1388,2024-07-16,2024-07-26,Cardiology Ward,Diabetic ketoacidosis,Dr. S. Khan,Discharged
ADM000472,P1390,2023-06-27,2023-07-08,Medical Ward B,Hypertensive urgency,Dr. Y. Tanaka,Discharged
ADM000473,P1391,2024-11-30,2024-12-05,Oncology Ward,Stroke workup,Dr. M. O'Brien,Discharged
ADM000474,P1391,2023-10-17,,Endocrinology Ward,Stroke workup,Dr. M. O'Brien,Current
ADM000475,P1392,2024-05-02,2024-05-11,Respiratory Ward,Acute exacerbation of asthma,Dr. A. Patel,Discharged
ADM000476,P1392,2022-07-18,2022-07-20,HDU,Hypertensive urgency,Dr. C. Müller,Discharged
ADM000477,P1393,2022-10-11,2022-10-17,Respiratory Ward,Chest pain query ACS,Dr. C. Müller,Discharged
ADM000478,P1394,2023-02-22,2023-03-03,Medical Ward B,Acute exacerbation of asthma,Dr. S. Khan,Discharged
ADM000479,P1396,2024-01-12,2024-01-23,Endocrinology Ward,Acute exacerbation of asthma,Dr. S. Khan,Discharged
ADM000480,P1396,2024-09-15,2024-09-21,ICU,Elective procedure,Dr. L. Torres,Discharged
ADM000481,P1397,2024-07-16,2024-07-17,Cardiology Ward,Stroke workup,Dr. S. Khan,Discharged
ADM000482,P1398,2022-12-12,2022-12-14,ICU,Heart failure decompensation,Dr. J. Nkosi,Discharged
ADM000483,P1398,2024-06-29,2024-07-08,Medical Ward A,Hypertensive urgency,Dr. Y. Tanaka,Discharged
ADM000484,P1398,2022-08-01,2022-08-11,Medical Ward A,Hypertensive urgency,Dr. M. O'Brien,Discharged
ADM000485,P1400,2023-12-01,2023-12-15,Respiratory Ward,Community-acquired pneumonia,Dr. M. O'Brien,Discharged
ADM000486,P1400,2024-04-03,,Endocrinology Ward,Acute kidney injury,Dr. S. Khan,Current
ADM000487,P1400,2024-01-07,2024-01-21,Surgical Ward,Sepsis,Dr. R. Singh,Discharged
ADM000488,P1402,2024-07-01,2024-07-10,HDU,Diabetic ketoacidosis,Dr. A. Patel,Discharged
ADM000489,P1402,2023-11-08,,Medical Ward B,Diabetic ketoacidosis,Dr. Y. Tanaka,Current
ADM000490,P1403,2024-09-10,2024-09-21,Medical Ward A,Acute kidney injury,Dr. M. O'Brien,Discharged
ADM000491,P1403,2022-02-20,2022-02-24,Medical Ward B,Diabetic ketoacidosis,Dr. Y. Tanaka,Discharged
ADM000492,P1403,2022-05-12,2022-05-19,Surgical Ward,Acute kidney injury,Dr. J. Nkosi,Discharged
ADM000493,P1404,2022-02-08,,Medical Ward A,Stroke workup,Dr. C. Müller,Current
ADM000494,P1404,2024-06-14,,Oncology Ward,Hypertensive urgency,Dr. R. Singh,Current
ADM000495,P1407,2024-03-15,2024-03-17,ICU,Diabetic ketoacidosis,Dr. R. Singh,Discharged
ADM000496,P1408,2022-04-03,2022-04-16,Respiratory Ward,Elective procedure,Dr. M. O'Brien,Discharged
ADM000497,P1408,2023-04-19,2023-05-02,Cardiology Ward,Heart failure decompensation,Dr. L. Torres,Discharged
ADM000498,P1408,2024-10-16,2024-10-30,Medical Ward B,Sepsis,Dr. M. O'Brien,Discharged
ADM000499,P1409,2024-03-30,2024-03-31,Oncology Ward,Community-acquired pneumonia,Dr. A. Patel,Discharged
ADM000500,P1409,2024-06-09,,Medical Ward B,Diabetic ketoacidosis,Dr. S. Khan,Current
ADM000501,P1412,2022-05-04,2022-05-15,Cardiology Ward,Heart failure decompensation,Dr. A. Patel,Discharged
ADM000502,P1412,2024-10-22,2024-10-26,Surgical Ward,Stroke workup,Dr. Y. Tanaka,Discharged
ADM000503,P1413,2023-01-13,2023-01-15,ICU,Elective procedure,Dr. M. O'Brien,Discharged
ADM000504,P1413,2023-02-21,2023-02-22,Medical Ward A,Acute kidney injury,Dr. A. Patel,Discharged
ADM000505,P1415,2024-08-06,2024-08-15,Medical Ward A,Chest pain query ACS,Dr. J. Nkosi,Discharged
ADM000506,P1417,2022-02-24,2022-03-08,Cardiology Ward,Sepsis,Dr. L. Torres,Discharged
ADM000507,P1418,2023-07-25,2023-08-06,Endocrinology Ward,Hypertensive urgency,Dr. Y. Tanaka,Discharged
ADM000508,P1418,2023-07-05,2023-07-06,HDU,Chest pain query ACS,Dr. A. Patel,Discharged
ADM000509,P1418,2024-02-22,2024-02-28,Endocrinology Ward,Hypertensive urgency,Dr. A. Patel,Discharged
ADM000510,P1423,2023-11-20,2023-11-24,Cardiology Ward,Acute exacerbation of asthma,Dr. A. Patel,Discharged
ADM000511,P1424,2023-09-26,2023-10-08,Oncology Ward,Acute exacerbation of asthma,Dr. A. Patel,Discharged
ADM000512,P1424,2022-08-13,2022-08-27,Oncology Ward,Community-acquired pneumonia,Dr. J. Nkosi,Discharged
ADM000513,P1424,2022-08-29,,Oncology Ward,Elective procedure,Dr. Y. Tanaka,Current
ADM000514,P1425,2022-09-19,2022-09-26,Oncology Ward,Acute exacerbation of asthma,Dr. Y. Tanaka,Discharged
ADM000515,P1426,2023-07-31,,Medical Ward B,Stroke workup,Dr. R. Singh,Current
ADM000516,P1426,2023-10-07,2023-10-10,Respiratory Ward,Chest pain query ACS,Dr. M. O'Brien,Discharged
ADM000517,P1426,2023-11-24,2023-12-04,Cardiology Ward,Hypertensive urgency,Dr. M. O'Brien,Discharged
ADM000518,P1427,2022-09-16,2022-09-22,Respiratory Ward,Elective procedure,Dr. S. Khan,Discharged
ADM000519,P1428,2022-03-11,,Respiratory Ward,Acute exacerbation of asthma,Dr. Y. Tanaka,Current
ADM000520,P1428,2024-12-23,2025-01-02,Oncology Ward,Acute kidney injury,Dr. M. O'Brien,Discharged
ADM000521,P1428,2022-08-15,2022-08-17,Cardiology Ward,Acute kidney injury,Dr. S. Khan,Discharged
ADM000522,P1429,2022-10-13,,Medical Ward B,Hypertensive urgency,Dr. R. Singh,Current
ADM000523,P1429,2024-03-26,2024-03-27,Surgical Ward,Chest pain query ACS,Dr. Y. Tanaka,Discharged
ADM000524,P1431,2023-04-08,2023-04-18,Cardiology Ward,Chest pain query ACS,Dr. A. Patel,Discharged
ADM000525,P1431,2023-02-19,2023-02-28,Oncology Ward,Hypertensive urgency,Dr. A. Patel,Discharged
ADM000526,P1431,2023-05-28,2023-05-31,Endocrinology Ward,Heart failure decompensation,Dr. M. O'Brien,Discharged
ADM000527,P1432,2023-10-12,2023-10-25,Medical Ward A,Diabetic ketoacidosis,Dr. M. O'Brien,Discharged
ADM000528,P1432,2024-06-15,2024-06-17,ICU,Stroke workup,Dr. A. Patel,Discharged
ADM000529,P1432,2022-01-18,2022-01-30,Medical Ward A,Heart failure decompensation,Dr. A. Patel,Discharged
ADM000530,P1433,2024-12-01,2024-12-14,HDU,Hypertensive urgency,Dr. J. Nkosi,Discharged
ADM000531,P1433,2022-12-29,2023-01-11,Surgical Ward,Stroke workup,Dr. A. Patel,Discharged
ADM000532,P1434,2022-07-30,2022-08-07,HDU,Heart failure decompensation,Dr. J. Nkosi,Discharged
ADM000533,P1434,2023-05-03,2023-05-12,Medical Ward B,Diabetic ketoacidosis,Dr. S. Khan,Discharged
ADM000534,P1434,2024-10-17,2024-10-22,Cardiology Ward,Acute exacerbation of asthma,Dr. C. Müller,Discharged
ADM000535,P1435,2022-10-20,2022-10-24,Medical Ward B,Community-acquired pneumonia,Dr. S. Khan,Discharged
ADM000536,P1435,2023-01-29,2023-02-06,Surgical Ward,Heart failure decompensation,Dr. Y. Tanaka,Discharged
ADM000537,P1436,2024-02-19,2024-02-27,Oncology Ward,Diabetic ketoacidosis,Dr. S. Khan,Discharged
ADM000538,P1436,2023-12-17,,Oncology Ward,Diabetic ketoacidosis,Dr. S. Khan,Current
ADM000539,P1436,2022-09-04,2022-09-08,ICU,Acute exacerbation of asthma,Dr. J. Nkosi,Discharged
ADM000540,P1439,2023-07-27,2023-08-03,Medical Ward B,Sepsis,Dr. A. Patel,Discharged
ADM000541,P1439,2023-07-10,2023-07-18,Cardiology Ward,Acute exacerbation of asthma,Dr. L. Torres,Discharged
ADM000542,P1439,2023-05-26,2023-05-30,Respiratory Ward,Sepsis,Dr. R. Singh,Discharged
ADM000543,P1441,2024-10-20,2024-10-29,Medical Ward B,Chest pain query ACS,Dr. S. Khan,Discharged
ADM000544,P1443,2023-04-17,2023-04-23,Surgical Ward,Acute exacerbation of asthma,Dr. Y. Tanaka,Discharged
ADM000545,P1445,2023-03-28,2023-04-11,Surgical Ward,Sepsis,Dr. A. Patel,Discharged
ADM000546,P1445,2024-01-03,2024-01-07,ICU,Heart failure decompensation,Dr. A. Patel,Discharged
ADM000547,P1445,2024-01-13,,Medical Ward A,Stroke workup,Dr. S. Khan,Current
ADM000548,P1447,2023-09-30,2023-10-14,Medical Ward B,Community-acquired pneumonia,Dr. J. Nkosi,Discharged
ADM000549,P1447,2024-12-18,2024-12-30,ICU,Heart failure decompensation,Dr. Y. Tanaka,Discharged
ADM000550,P1448,2022-03-18,2022-03-29,Endocrinology Ward,Stroke workup,Dr. S. Khan,Discharged
ADM000551,P1449,2022-05-10,2022-05-15,HDU,Chest pain query ACS,Dr. S. Khan,Discharged
ADM000552,P1449,2023-02-13,,Medical Ward A,Elective procedure,Dr. Y. Tanaka,Current
ADM000553,P1451,2023-07-21,2023-07-27,Endocrinology Ward,Elective procedure,Dr. Y. Tanaka,Discharged
ADM000554,P1452,2022-04-10,2022-04-20,Medical Ward A,Diabetic ketoacidosis,Dr. S. Khan,Discharged
ADM000555,P1452,2023-08-16,2023-08-26,Endocrinology Ward,Acute kidney injury,Dr. L. Torres,Discharged
ADM000556,P1452,2023-10-08,2023-10-17,Oncology Ward,Elective procedure,Dr. J. Nkosi,Discharged
ADM000557,P1453,2023-10-06,2023-10-14,Surgical Ward,Stroke workup,Dr. M. O'Brien,Discharged
ADM000558,P1453,2022-05-15,2022-05-23,Respiratory Ward,Hypertensive urgency,Dr. Y. Tanaka,Discharged
ADM000559,P1453,2024-03-26,2024-04-08,Oncology Ward,Sepsis,Dr. S. Khan,Discharged
ADM000560,P1455,2024-11-11,2024-11-16,Oncology Ward,Acute exacerbation of asthma,Dr. S. Khan,Discharged
ADM000561,P1455,2024-02-16,2024-02-21,Medical Ward A,Acute exacerbation of asthma,Dr. Y. Tanaka,Discharged
ADM000562,P1457,2022-09-21,2022-09-24,Endocrinology Ward,Heart failure decompensation,Dr. J. Nkosi,Discharged
ADM000563,P1457,2023-11-09,2023-11-10,Respiratory Ward,Chest pain query ACS,Dr. C. Müller,Discharged
ADM000564,P1458,2022-07-31,2022-08-04,Surgical Ward,Heart failure decompensation,Dr. R. Singh,Discharged
ADM000565,P1458,2023-02-01,2023-02-04,ICU,Diabetic ketoacidosis,Dr. S. Khan,Discharged
ADM000566,P1459,2024-11-27,2024-12-10,Oncology Ward,Acute kidney injury,Dr. R. Singh,Discharged
ADM000567,P1459,2022-05-09,2022-05-12,Cardiology Ward,Acute exacerbation of asthma,Dr. M. O'Brien,Discharged
ADM000568,P1459,2024-06-19,2024-07-02,Respiratory Ward,Chest pain query ACS,Dr. J. Nkosi,Discharged
ADM000569,P1460,2022-07-02,2022-07-06,ICU,Community-acquired pneumonia,Dr. L. Torres,Discharged
ADM000570,P1460,2024-01-17,,Respiratory Ward,Chest pain query ACS,Dr. M. O'Brien,Current
ADM000571,P1461,2022-06-17,2022-06-24,Medical Ward A,Heart failure decompensation,Dr. L. Torres,Discharged
ADM000572,P1462,2024-12-06,2024-12-18,Respiratory Ward,Acute kidney injury,Dr. C. Müller,Discharged
ADM000573,P1462,2022-02-16,2022-02-25,Endocrinology Ward,Hypertensive urgency,Dr. A. Patel,Discharged
ADM000574,P1465,2022-11-06,,Endocrinology Ward,Stroke workup,Dr. L. Torres,Current
ADM000575,P1468,2023-08-09,2023-08-14,Medical Ward B,Hypertensive urgency,Dr. A. Patel,Discharged
ADM000576,P1469,2024-06-05,2024-06-17,Endocrinology Ward,Heart failure decompensation,Dr. R. Singh,Discharged
ADM000577,P1469,2024-06-20,,Medical Ward A,Acute kidney injury,Dr. M. O'Brien,Current
ADM000578,P1472,2023-12-04,,Surgical Ward,Acute kidney injury,Dr. L. Torres,Current
ADM000579,P1472,2024-07-26,2024-08-08,Medical Ward A,Elective procedure,Dr. A. Patel,Discharged
ADM000580,P1474,2024-08-27,2024-09-03,ICU,Acute kidney injury,Dr. C. Müller,Discharged
ADM000581,P1474,2024-06-30,2024-07-08,Endocrinology Ward,Community-acquired pneumonia,Dr. J. Nkosi,Discharged
ADM000582,P1474,2022-05-30,,Medical Ward B,Chest pain query ACS,Dr. A. Patel,Current
ADM000583,P1475,2023-05-21,2023-06-03,Oncology Ward,Diabetic ketoacidosis,Dr. R. Singh,Discharged
ADM000584,P1476,2024-10-01,,HDU,Stroke workup,Dr. R. Singh,Current
ADM000585,P1476,2024-07-04,,Oncology Ward,Community-acquired pneumonia,Dr. L. Torres,Current
ADM000586,P1478,2024-04-02,2024-04-07,Surgical Ward,Acute exacerbation of asthma,Dr. J. Nkosi,Discharged
ADM000587,P1479,2022-11-18,2022-11-25,Endocrinology Ward,Hypertensive urgency,Dr. Y. Tanaka,Discharged
ADM000588,P1479,2023-06-13,2023-06-19,Medical Ward B,Diabetic ketoacidosis,Dr. A. Patel,Discharged
ADM000589,P1479,2022-09-30,2022-10-14,Oncology Ward,Community-acquired pneumonia,Dr. Y. Tanaka,Discharged
ADM000590,P1483,2024-11-29,2024-12-07,Endocrinology Ward,Heart failure decompensation,Dr. S. Khan,Discharged
ADM000591,P1483,2024-08-27,2024-09-07,Oncology Ward,Diabetic ketoacidosis,Dr. L. Torres,Discharged
ADM000592,P1483,2024-02-20,,HDU,Diabetic ketoacidosis,Dr. C. Müller,Current
ADM000593,P1484,2022-08-25,2022-08-31,Surgical Ward,Heart failure decompensation,Dr. L. Torres,Discharged
ADM000594,P1484,2023-03-02,2023-03-16,Endocrinology Ward,Acute exacerbation of asthma,Dr. S. Khan,Discharged
ADM000595,P1486,2023-03-27,2023-04-07,Cardiology Ward,Sepsis,Dr. Y. Tanaka,Discharged
ADM000596,P1486,2023-08-12,,Endocrinology Ward,Community-acquired pneumonia,Dr. R. Singh,Current
ADM000597,P1488,2022-10-04,2022-10-11,Cardiology Ward,Hypertensive urgency,Dr. M. O'Brien,Discharged
ADM000598,P1488,2024-04-06,2024-04-10,Cardiology Ward,Hypertensive urgency,Dr. R. Singh,Discharged
ADM000599,P1489,2022-09-17,2022-09-27,Medical Ward B,Sepsis,Dr. S. Khan,Discharged
ADM000600,P1491,2024-04-03,2024-04-11,HDU,Community-acquired pneumonia,Dr. Y. Tanaka,Discharged
ADM000601,P1491,2024-03-02,2024-03-06,Oncology Ward,Acute exacerbation of asthma,Dr. S. Khan,Discharged
ADM000602,P1492,2024-01-07,2024-01-20,Oncology Ward,Community-acquired pneumonia,Dr. C. Müller,Discharged
ADM000603,P1497,2022-05-31,2022-06-12,Medical Ward B,Sepsis,Dr. S. Khan,Discharged
ADM000604,P1498,2022-05-31,2022-06-11,Endocrinology Ward,Diabetic ketoacidosis,Dr. C. Müller,Discharged
ADM000605,P1498,2023-03-06,,Oncology Ward,Hypertensive urgency,Dr. S. Khan,Current
ADM000606,P1498,2024-09-06,2024-09-08,ICU,Heart failure decompensation,Dr. C. Müller,Discharged
ADM000607,P1500,2022-04-21,,HDU,Heart failure decompensation,Dr. R. Singh,Current
ADM000608,P1501,2023-01-23,2023-02-05,ICU,Hypertensive urgency,Dr. L. Torres,Discharged
ADM000609,P1501,2022-06-04,2022-06-09,HDU,Acute exacerbation of asthma,Dr. C. Müller,Discharged
ADM000610,P1502,2022-02-04,2022-02-17,Oncology Ward,Chest pain query ACS,Dr. R. Singh,Discharged
ADM000611,P1502,2024-09-21,2024-10-02,Medical Ward A,Chest pain query ACS,Dr. C. Müller,Discharged
ADM000612,P1502,2023-02-21,2023-03-05,Respiratory Ward,Diabetic ketoacidosis,Dr. A. Patel,Discharged
ADM000613,P1503,2023-09-10,2023-09-14,ICU,Sepsis,Dr. C. Müller,Discharged
ADM000614,P1504,2024-04-28,2024-05-01,Surgical Ward,Heart failure decompensation,Dr. A. Patel,Discharged
ADM000615,P1504,2024-05-18,2024-05-22,HDU,Acute kidney injury,Dr. A. Patel,Discharged
ADM000616,P1507,2022-01-21,,Oncology Ward,Diabetic ketoacidosis,Dr. A. Patel,Current
ADM000617,P1507,2024-03-21,,Medical Ward B,Acute exacerbation of asthma,Dr. J. Nkosi,Current
ADM000618,P1507,2024-12-10,2024-12-22,Oncology Ward,Acute exacerbation of asthma,Dr. C. Müller,Discharged
ADM000619,P1510,2024-09-10,,Surgical Ward,Heart failure decompensation,Dr. L. Torres,Current
ADM000620,P1511,2024-01-25,2024-02-03,Endocrinology Ward,Chest pain query ACS,Dr. L. Torres,Discharged
ADM000621,P1511,2024-08-24,2024-09-05,Endocrinology Ward,Heart failure decompensation,Dr. Y. Tanaka,Discharged
ADM000622,P1512,2024-07-15,,Medical Ward B,Hypertensive urgency,Dr. A. Patel,Current
ADM000623,P1512,2023-01-31,2023-02-05,Cardiology Ward,Diabetic ketoacidosis,Dr. L. Torres,Discharged
ADM000624,P1512,2023-08-14,2023-08-21,Medical Ward B,Acute exacerbation of asthma,Dr. R. Singh,Discharged
ADM000625,P1515,2024-02-10,2024-02-24,Surgical Ward,Sepsis,Dr. C. Müller,Discharged
ADM000626,P1515,2023-07-12,,HDU,Heart failure decompensation,Dr. S. Khan,Current
ADM000627,P1516,2022-04-29,2022-05-05,Endocrinology Ward,Sepsis,Dr. L. Torres,Discharged
ADM000628,P1516,2024-06-01,2024-06-10,HDU,Stroke workup,Dr. L. Torres,Discharged
ADM000629,P1516,2023-09-02,2023-09-14,HDU,Elective procedure,Dr. L. Torres,Discharged
ADM000630,P1517,2023-10-22,2023-11-01,Respiratory Ward,Chest pain query ACS,Dr. J. Nkosi,Discharged
ADM000631,P1517,2024-01-01,,Surgical Ward,Elective procedure,Dr. R. Singh,Current
ADM000632,P1518,2022-08-10,2022-08-14,Oncology Ward,Chest pain query ACS,Dr. M. O'Brien,Discharged
ADM000633,P1518,2023-08-12,2023-08-25,Surgical Ward,Community-acquired pneumonia,Dr. J. Nkosi,Discharged
ADM000634,P1519,2022-11-13,2022-11-15,ICU,Sepsis,Dr. A. Patel,Discharged
ADM000635,P1519,2023-11-23,2023-11-26,Medical Ward A,Elective procedure,Dr. Y. Tanaka,Discharged
ADM000636,P1521,2022-12-14,2022-12-27,Surgical Ward,Stroke workup,Dr. L. Torres,Discharged
ADM000637,P1522,2023-11-27,2023-12-09,Medical Ward A,Acute kidney injury,Dr. A. Patel,Discharged
ADM000638,P1522,2022-05-05,2022-05-18,Oncology Ward,Sepsis,Dr. R. Singh,Discharged
ADM000639,P1523,2023-11-15,,Endocrinology Ward,Stroke workup,Dr. C. Müller,Current
ADM000640,P1523,2022-02-14,2022-02-16,Oncology Ward,Heart failure decompensation,Dr. S. Khan,Discharged
ADM000641,P1523,2022-03-24,2022-04-03,Respiratory Ward,Acute exacerbation of asthma,Dr. R. Singh,Discharged
ADM000642,P1524,2022-09-25,2022-10-01,Oncology Ward,Stroke workup,Dr. Y. Tanaka,Discharged
ADM000643,P1524,2024-04-24,2024-05-06,Oncology Ward,Elective procedure,Dr. A. Patel,Discharged
ADM000644,P1524,2022-07-29,,Medical Ward A,Acute kidney injury,Dr. A. Patel,Current
ADM000645,P1527,2022-03-07,2022-03-09,Medical Ward B,Diabetic ketoacidosis,Dr. S. Khan,Discharged
ADM000646,P1527,2024-04-15,2024-04-17,Cardiology Ward,Stroke workup,Dr. J. Nkosi,Discharged
ADM000647,P1527,2024-01-04,2024-01-08,Medical Ward A,Heart failure decompensation,Dr. Y. Tanaka,Discharged
ADM000648,P1528,2023-08-17,,Oncology Ward,Heart failure decompensation,Dr. S. Khan,Current
ADM000649,P1528,2024-06-26,2024-07-04,ICU,Acute kidney injury,Dr. R. Singh,Discharged
ADM000650,P1529,2022-06-28,2022-07-05,Respiratory Ward,Elective procedure,Dr. A. Patel,Discharged
ADM000651,P1529,2024-05-23,2024-05-25,Medical Ward B,Acute exacerbation of asthma,Dr. S. Khan,Discharged
ADM000652,P1531,2022-01-06,2022-01-19,HDU,Community-acquired pneumonia,Dr. C. Müller,Discharged
ADM000653,P1531,2024-09-16,2024-09-30,Surgical Ward,Hypertensive urgency,Dr. Y. Tanaka,Discharged
ADM000654,P1532,2024-11-11,2024-11-14,Respiratory Ward,Hypertensive urgency,Dr. Y. Tanaka,Discharged
ADM000655,P1532,2024-03-21,2024-03-30,Respiratory Ward,Diabetic ketoacidosis,Dr. J. Nkosi,Discharged
ADM000656,P1533,2022-03-12,,Surgical Ward,Acute exacerbation of asthma,Dr. J. Nkosi,Current
ADM000657,P1536,2024-09-27,2024-10-08,Cardiology Ward,Chest pain query ACS,Dr. M. O'Brien,Discharged
ADM000658,P1537,2023-08-28,2023-09-07,Oncology Ward,Acute exacerbation of asthma,Dr. R. Singh,Discharged
ADM000659,P1537,2022-11-03,2022-11-08,Endocrinology Ward,Sepsis,Dr. R. Singh,Discharged
ADM000660,P1537,2024-02-11,2024-02-23,HDU,Sepsis,Dr. C. Müller,Discharged
ADM000661,P1538,2022-07-02,2022-07-06,Cardiology Ward,Chest pain query ACS,Dr. J. Nkosi,Discharged
ADM000662,P1538,2023-09-25,2023-10-03,Surgical Ward,Stroke workup,Dr. Y. Tanaka,Discharged
ADM000663,P1539,2023-12-18,2023-12-25,Respiratory Ward,Diabetic ketoacidosis,Dr. Y. Tanaka,Discharged
ADM000664,P1539,2022-06-09,2022-06-11,Medical Ward B,Acute exacerbation of asthma,Dr. Y. Tanaka,Discharged
ADM000665,P1541,2024-07-09,2024-07-23,Medical Ward A,Hypertensive urgency,Dr. R. Singh,Discharged
ADM000666,P1541,2023-07-06,2023-07-08,Medical Ward B,Chest pain query ACS,Dr. Y. Tanaka,Discharged
ADM000667,P1541,2024-09-09,2024-09-11,ICU,Sepsis,Dr. A. Patel,Discharged
ADM000668,P1543,2024-12-02,2024-12-12,ICU,Heart failure decompensation,Dr. R. Singh,Discharged
ADM000669,P1547,2022-05-15,,Endocrinology Ward,Community-acquired pneumonia,Dr. A. Patel,Current
ADM000670,P1548,2022-06-03,,Oncology Ward,Community-acquired pneumonia,Dr. J. Nkosi,Current
ADM000671,P1548,2023-02-05,2023-02-14,Respiratory Ward,Acute exacerbation of asthma,Dr. A. Patel,Discharged
ADM000672,P1551,2023-03-06,,Endocrinology Ward,Acute exacerbation of asthma,Dr. A. Patel,Current
ADM000673,P1551,2023-01-18,2023-01-24,HDU,Sepsis,Dr. C. Müller,Discharged
ADM000674,P1551,2022-08-27,2022-09-01,Surgical Ward,Acute kidney injury,Dr. A. Patel,Discharged
ADM000675,P1552,2024-05-06,2024-05-12,Respiratory Ward,Chest pain query ACS,Dr. A. Patel,Discharged
ADM000676,P1553,2023-08-06,2023-08-10,Endocrinology Ward,Community-acquired pneumonia,Dr. L. Torres,Discharged
ADM000677,P1553,2022-06-14,2022-06-15,Respiratory Ward,Community-acquired pneumonia,Dr. C. Müller,Discharged
ADM000678,P1553,2023-04-11,2023-04-18,Respiratory Ward,Chest pain query ACS,Dr. L. Torres,Discharged
ADM000679,P1554,2023-04-07,2023-04-10,ICU,Chest pain query ACS,Dr. J. Nkosi,Discharged
ADM000680,P1554,2022-01-23,,ICU,Diabetic ketoacidosis,Dr. M. O'Brien,Current
ADM000681,P1557,2022-12-30,2023-01-01,Medical Ward B,Hypertensive urgency,Dr. A. Patel,Discharged
ADM000682,P1557,2023-05-11,2023-05-16,Cardiology Ward,Community-acquired pneumonia,Dr. L. Torres,Discharged
ADM000683,P1558,2024-02-02,2024-02-08,Respiratory Ward,Chest pain query ACS,Dr. M. O'Brien,Discharged
ADM000684,P1558,2022-11-22,2022-12-04,Respiratory Ward,Stroke workup,Dr. S. Khan,Discharged
ADM000685,P1559,2023-12-16,2023-12-24,Cardiology Ward,Hypertensive urgency,Dr. Y. Tanaka,Discharged
ADM000686,P1559,2022-11-28,,Endocrinology Ward,Acute kidney injury,Dr. J. Nkosi,Current
ADM000687,P1559,2022-07-05,2022-07-13,ICU,Diabetic ketoacidosis,Dr. C. Müller,Discharged
ADM000688,P1560,2024-08-16,,Oncology Ward,Acute exacerbation of asthma,Dr. L. Torres,Current
ADM000689,P1560,2024-02-08,2024-02-20,Surgical Ward,Community-acquired pneumonia,Dr. L. Torres,Discharged
ADM000690,P1560,2024-07-15,2024-07-28,Respiratory Ward,Diabetic ketoacidosis,Dr. A. Patel,Discharged
ADM000691,P1561,2023-10-30,2023-11-03,Endocrinology Ward,Community-acquired pneumonia,Dr. J. Nkosi,Discharged
ADM000692,P1562,2023-04-21,2023-04-29,Medical Ward A,Elective procedure,Dr. A. Patel,Discharged
ADM000693,P1563,2022-02-25,2022-03-11,Oncology Ward,Sepsis,Dr. R. Singh,Discharged
ADM000694,P1563,2022-09-07,2022-09-15,Surgical Ward,Elective procedure,Dr. J. Nkosi,Discharged
ADM000695,P1563,2023-11-10,2023-11-17,Medical Ward B,Diabetic ketoacidosis,Dr. C. Müller,Discharged
ADM000696,P1564,2022-03-24,2022-04-01,Oncology Ward,Acute kidney injury,Dr. A. Patel,Discharged
ADM000697,P1564,2022-04-27,2022-05-11,Medical Ward B,Community-acquired pneumonia,Dr. L. Torres,Discharged
ADM000698,P1564,2022-12-29,2023-01-08,Respiratory Ward,Heart failure decompensation,Dr. R. Singh,Discharged
ADM000699,P1565,2023-11-22,2023-11-23,Medical Ward B,Diabetic ketoacidosis,Dr. L. Torres,Discharged
ADM000700,P1566,2023-05-11,2023-05-15,Surgical Ward,Stroke workup,Dr. C. Müller,Discharged
ADM000701,P1566,2023-12-26,2024-01-09,Surgical Ward,Sepsis,Dr. S. Khan,Discharged
ADM000702,P1566,2024-01-12,2024-01-25,Endocrinology Ward,Acute kidney injury,Dr. A. Patel,Discharged
ADM000703,P1567,2023-06-05,2023-06-17,Cardiology Ward,Heart failure decompensation,Dr. J. Nkosi,Discharged
ADM000704,P1567,2023-05-25,2023-05-27,Surgical Ward,Hypertensive urgency,Dr. S. Khan,Discharged
ADM000705,P1567,2023-03-29,2023-03-30,Surgical Ward,Elective procedure,Dr. Y. Tanaka,Discharged
ADM000706,P1568,2023-09-21,,Medical Ward B,Heart failure decompensation,Dr. J. Nkosi,Current
ADM000707,P1568,2022-06-10,2022-06-12,Cardiology Ward,Diabetic ketoacidosis,Dr. C. Müller,Discharged
ADM000708,P1568,2023-01-20,2023-01-29,Cardiology Ward,Sepsis,Dr. A. Patel,Discharged
ADM000709,P1571,2024-03-05,2024-03-10,HDU,Chest pain query ACS,Dr. R. Singh,Discharged
ADM000710,P1571,2022-03-06,,Endocrinology Ward,Heart failure decompensation,Dr. R. Singh,Current
ADM000711,P1572,2024-10-03,2024-10-13,Medical Ward B,Community-acquired pneumonia,Dr. J. Nkosi,Discharged
ADM000712,P1572,2022-06-06,2022-06-11,Medical Ward B,Diabetic ketoacidosis,Dr. S. Khan,Discharged
ADM000713,P1572,2023-11-16,2023-11-29,Respiratory Ward,Elective procedure,Dr. M. O'Brien,Discharged
ADM000714,P1573,2022-05-02,2022-05-04,HDU,Diabetic ketoacidosis,Dr. A. Patel,Discharged
ADM000715,P1573,2022-10-03,2022-10-11,Oncology Ward,Diabetic ketoacidosis,Dr. Y. Tanaka,Discharged
ADM000716,P1573,2024-10-31,2024-11-01,ICU,Chest pain query ACS,Dr. M. O'Brien,Discharged
ADM000717,P1574,2023-05-21,2023-05-29,Surgical Ward,Elective procedure,Dr. M. O'Brien,Discharged
ADM000718,P1574,2023-07-29,2023-08-09,ICU,Chest pain query ACS,Dr. J. Nkosi,Discharged
ADM000719,P1574,2022-04-19,2022-04-27,Medical Ward A,Community-acquired pneumonia,Dr. C. Müller,Discharged
ADM000720,P1575,2023-11-01,2023-11-10,Medical Ward A,Community-acquired pneumonia,Dr. J. Nkosi,Discharged
ADM000721,P1575,2024-06-05,2024-06-12,Medical Ward A,Stroke workup,Dr. M. O'Brien,Discharged
ADM000722,P1575,2022-12-18,2022-12-26,Endocrinology Ward,Chest pain query ACS,Dr. M. O'Brien,Discharged
ADM000723,P1576,2024-04-01,2024-04-14,Medical Ward B,Community-acquired pneumonia,Dr. A. Patel,Discharged
ADM000724,P1576,2022-02-18,2022-03-01,Medical Ward B,Hypertensive urgency,Dr. Y. Tanaka,Discharged
ADM000725,P1576,2024-12-26,2024-12-28,Medical Ward A,Acute kidney injury,Dr. J. Nkosi,Discharged
ADM000726,P1577,2023-01-25,2023-02-06,Endocrinology Ward,Diabetic ketoacidosis,Dr. R. Singh,Discharged
ADM000727,P1578,2024-09-18,2024-10-02,Medical Ward B,Elective procedure,Dr. L. Torres,Discharged
ADM000728,P1578,2022-04-16,2022-04-24,HDU,Chest pain query ACS,Dr. Y. Tanaka,Discharged
ADM000729,P1578,2024-08-24,2024-09-03,ICU,Acute exacerbation of asthma,Dr. M. O'Brien,Discharged
ADM000730,P1579,2024-03-28,2024-04-01,ICU,Chest pain query ACS,Dr. R. Singh,Discharged
ADM000731,P1579,2024-08-18,2024-08-31,Cardiology Ward,Acute exacerbation of asthma,Dr. J. Nkosi,Discharged
ADM000732,P1579,2024-10-02,2024-10-04,Surgical Ward,Diabetic ketoacidosis,Dr. A. Patel,Discharged
ADM000733,P1580,2022-12-16,2022-12-19,Medical Ward A,Hypertensive urgency,Dr. S. Khan,Discharged
ADM000734,P1582,2023-09-08,2023-09-18,HDU,Elective procedure,Dr. R. Singh,Discharged
ADM000735,P1582,2024-07-26,2024-08-01,Oncology Ward,Sepsis,Dr. R. Singh,Discharged
ADM000736,P1584,2023-12-13,2023-12-22,ICU,Hypertensive urgency,Dr. L. Torres,Discharged
ADM000737,P1588,2022-11-15,,Oncology Ward,Stroke workup,Dr. C. Müller,Current
ADM000738,P1589,2023-02-02,2023-02-06,Cardiology Ward,Elective procedure,Dr. S. Khan,Discharged
ADM000739,P1589,2022-02-25,2022-03-01,HDU,Acute exacerbation of asthma,Dr. R. Singh,Discharged
ADM000740,P1589,2023-04-01,2023-04-03,Cardiology Ward,Heart failure decompensation,Dr. R. Singh,Discharged
ADM000741,P1590,2023-05-18,2023-05-21,Oncology Ward,Stroke workup,Dr. R. Singh,Discharged
ADM000742,P1590,2024-05-21,2024-06-01,Medical Ward B,Community-acquired pneumonia,Dr. Y. Tanaka,Discharged
ADM000743,P1591,2024-11-07,2024-11-13,ICU,Chest pain query ACS,Dr. M. O'Brien,Discharged
ADM000744,P1593,2024-07-22,2024-07-27,Medical Ward B,Chest pain query ACS,Dr. R. Singh,Discharged
ADM000745,P1593,2023-03-17,2023-03-26,Surgical Ward,Acute kidney injury,Dr. M. O'Brien,Discharged
ADM000746,P1593,2023-08-14,2023-08-21,Cardiology Ward,Heart failure decompensation,Dr. A. Patel,Discharged
ADM000747,P1594,2023-11-23,2023-11-26,Respiratory Ward,Chest pain query ACS,Dr. Y. Tanaka,Discharged
ADM000748,P1594,2023-01-06,2023-01-16,Oncology Ward,Chest pain query ACS,Dr. C. Müller,Discharged
ADM000749,P1595,2023-06-07,,Medical Ward B,Acute exacerbation of asthma,Dr. M. O'Brien,Current
ADM000750,P1595,2022-09-06,2022-09-19,ICU,Stroke workup,Dr. M. O'Brien,Discharged
ADM000751,P1595,2023-01-10,2023-01-20,Respiratory Ward,Chest pain query ACS,Dr. C. Müller,Discharged
ADM000752,P1596,2023-10-23,2023-11-05,Medical Ward B,Acute kidney injury,Dr. R. Singh,Discharged
ADM000753,P1596,2024-03-16,2024-03-29,Respiratory Ward,Stroke workup,Dr. C. Müller,Discharged
ADM000754,P1597,2023-09-29,,Oncology Ward,Chest pain query ACS,Dr. Y. Tanaka,Current
ADM000755,P1597,2023-08-17,2023-08-18,Endocrinology Ward,Acute kidney injury,Dr. A. Patel,Discharged
ADM000756,P1598,2024-02-06,2024-02-13,HDU,Heart failure decompensation,Dr. L. Torres,Discharged
ADM000757,P1598,2024-02-05,2024-02-16,Cardiology Ward,Community-acquired pneumonia,Dr. S. Khan,Discharged
ADM000758,P1599,2023-12-04,2023-12-06,Medical Ward B,Chest pain query ACS,Dr. Y. Tanaka,Discharged
ADM000759,P1599,2024-06-04,2024-06-09,Surgical Ward,Stroke workup,Dr. Y. Tanaka,Discharged
ADM000760,P1599,2022-12-18,2022-12-23,Medical Ward A,Acute kidney injury,Dr. R. Singh,Discharged
ADM000761,P1600,2022-08-27,2022-08-29,ICU,Stroke workup,Dr. A. Patel,Discharged
ADM000762,P1600,2023-11-03,2023-11-06,HDU,Sepsis,Dr. R. Singh,Discharged
ADM000763,P1601,2023-04-01,2023-04-09,Surgical Ward,Stroke workup,Dr. R. Singh,Discharged
ADM000764,P1601,2023-06-05,2023-06-16,HDU,Acute kidney injury,Dr. M. O'Brien,Discharged
ADM000765,P1601,2024-12-26,,Oncology Ward,Sepsis,Dr. A. Patel,Current
ADM000766,P1602,2023-07-23,2023-07-27,Cardiology Ward,Hypertensive urgency,Dr. A. Patel,Discharged
ADM000767,P1602,2022-11-16,2022-11-26,HDU,Stroke workup,Dr. M. O'Brien,Discharged
ADM000768,P1602,2024-10-15,2024-10-18,Medical Ward A,Diabetic ketoacidosis,Dr. A. Patel,Discharged
ADM000769,P1604,2023-09-10,,Cardiology Ward,Community-acquired pneumonia,Dr. C. Müller,Current
ADM000770,P1605,2024-01-17,2024-01-27,Endocrinology Ward,Sepsis,Dr. A. Patel,Discharged
ADM000771,P1605,2024-09-05,2024-09-13,Medical Ward A,Stroke workup,Dr. R. Singh,Discharged
ADM000772,P1606,2023-06-06,2023-06-18,HDU,Diabetic ketoacidosis,Dr. Y. Tanaka,Discharged
ADM000773,P1607,2024-01-02,2024-01-14,Oncology Ward,Stroke workup,Dr. M. O'Brien,Discharged
ADM000774,P1608,2022-12-01,,ICU,Chest pain query ACS,Dr. L. Torres,Current
ADM000775,P1608,2024-08-04,2024-08-13,Cardiology Ward,Elective procedure,Dr. Y. Tanaka,Discharged
ADM000776,P1609,2023-06-02,2023-06-16,Medical Ward A,Acute kidney injury,Dr. S. Khan,Discharged
ADM000777,P1609,2023-12-09,,Endocrinology Ward,Hypertensive urgency,Dr. C. Müller,Current
ADM000778,P1609,2023-01-30,,Respiratory Ward,Community-acquired pneumonia,Dr. L. Torres,Current
ADM000779,P1610,2022-05-13,2022-05-20,Oncology Ward,Community-acquired pneumonia,Dr. Y. Tanaka,Discharged
ADM000780,P1610,2024-09-12,2024-09-18,Endocrinology Ward,Heart failure decompensation,Dr. A. Patel,Discharged
ADM000781,P1613,2022-10-09,2022-10-13,Oncology Ward,Diabetic ketoacidosis,Dr. C. Müller,Discharged
ADM000782,P1613,2022-11-26,2022-12-06,Surgical Ward,Stroke workup,Dr. Y. Tanaka,Discharged
ADM000783,P1613,2023-04-17,2023-04-22,Medical Ward B,Diabetic ketoacidosis,Dr. L. Torres,Discharged
ADM000784,P1614,2022-01-07,2022-01-12,HDU,Acute exacerbation of asthma,Dr. S. Khan,Discharged
ADM000785,P1617,2023-05-21,2023-05-25,ICU,Stroke workup,Dr. A. Patel,Discharged
ADM000786,P1618,2024-06-29,,Endocrinology Ward,Chest pain query ACS,Dr. J. Nkosi,Current
ADM000787,P1619,2024-05-27,,ICU,Elective procedure,Dr. A. Patel,Current
ADM000788,P1619,2022-04-09,2022-04-15,Medical Ward A,Acute exacerbation of asthma,Dr. S. Khan,Discharged
ADM000789,P1620,2024-08-04,2024-08-10,Medical Ward A,Hypertensive urgency,Dr. J. Nkosi,Discharged
ADM000790,P1620,2022-09-25,,Respiratory Ward,Acute kidney injury,Dr. S. Khan,Current
ADM000791,P1623,2022-04-15,2022-04-28,Endocrinology Ward,Elective procedure,Dr. A. Patel,Discharged
ADM000792,P1623,2024-10-06,2024-10-07,ICU,Heart failure decompensation,Dr. S. Khan,Discharged
ADM000793,P1625,2023-09-26,2023-10-02,Surgical Ward,Stroke workup,Dr. Y. Tanaka,Discharged
ADM000794,P1625,2024-04-18,,Cardiology Ward,Hypertensive urgency,Dr. M. O'Brien,Current
ADM000795,P1625,2024-06-18,2024-06-29,Medical Ward B,Hypertensive urgency,Dr. A. Patel,Discharged
ADM000796,P1627,2023-10-16,2023-10-24,Cardiology Ward,Acute exacerbation of asthma,Dr. R. Singh,Discharged
ADM000797,P1628,2024-02-09,2024-02-13,Surgical Ward,Hypertensive urgency,Dr. S. Khan,Discharged
ADM000798,P1628,2022-09-25,2022-10-03,Oncology Ward,Acute kidney injury,Dr. J. Nkosi,Discharged
ADM000799,P1629,2022-02-23,2022-02-25,Surgical Ward,Acute exacerbation of asthma,Dr. A. Patel,Discharged
ADM000800,P1629,2022-07-13,2022-07-25,Respiratory Ward,Hypertensive urgency,Dr. A. Patel,Discharged
ADM000801,P1630,2023-04-05,2023-04-06,Medical Ward B,Sepsis,Dr. C. Müller,Discharged
ADM000802,P1630,2022-09-09,2022-09-19,Endocrinology Ward,Diabetic ketoacidosis,Dr. C. Müller,Discharged
ADM000803,P1632,2024-10-05,,Oncology Ward,Heart failure decompensation,Dr. Y. Tanaka,Current
ADM000804,P1632,2022-02-05,2022-02-06,Respiratory Ward,Hypertensive urgency,Dr. S. Khan,Discharged
ADM000805,P1634,2024-06-27,2024-07-04,Cardiology Ward,Elective procedure,Dr. A. Patel,Discharged
ADM000806,P1634,2024-05-22,2024-05-28,Respiratory Ward,Acute exacerbation of asthma,Dr. A. Patel,Discharged
ADM000807,P1634,2024-02-16,2024-02-22,Endocrinology Ward,Sepsis,Dr. S. Khan,Discharged
ADM000808,P1636,2022-04-30,2022-05-03,HDU,Elective procedure,Dr. J. Nkosi,Discharged
ADM000809,P1640,2022-06-19,2022-07-03,HDU,Heart failure decompensation,Dr. R. Singh,Discharged
ADM000810,P1642,2023-01-19,2023-01-23,Cardiology Ward,Diabetic ketoacidosis,Dr. C. Müller,Discharged
ADM000811,P1642,2023-11-06,2023-11-13,Medical Ward B,Hypertensive urgency,Dr. Y. Tanaka,Discharged
ADM000812,P1642,2024-11-21,2024-11-24,Endocrinology Ward,Sepsis,Dr. C. Müller,Discharged
ADM000813,P1644,2022-10-03,2022-10-05,ICU,Heart failure decompensation,Dr. C. Müller,Discharged
ADM000814,P1644,2024-10-25,2024-10-29,Surgical Ward,Hypertensive urgency,Dr. S. Khan,Discharged
ADM000815,P1645,2022-10-12,2022-10-18,Endocrinology Ward,Stroke workup,Dr. C. Müller,Discharged
ADM000816,P1645,2022-06-29,2022-06-30,Oncology Ward,Acute exacerbation of asthma,Dr. S. Khan,Discharged
ADM000817,P1646,2022-10-25,,Surgical Ward,Acute exacerbation of asthma,Dr. S. Khan,Current
ADM000818,P1646,2024-01-17,2024-01-26,HDU,Stroke workup,Dr. Y. Tanaka,Discharged
ADM000819,P1650,2024-11-05,2024-11-19,Cardiology Ward,Acute exacerbation of asthma,Dr. J. Nkosi,Discharged
ADM000820,P1650,2024-02-22,2024-02-26,Medical Ward B,Acute kidney injury,Dr. A. Patel,Discharged
ADM000821,P1650,2024-08-27,2024-09-03,Respiratory Ward,Chest pain query ACS,Dr. C. Müller,Discharged
ADM000822,P1651,2024-04-27,2024-04-29,HDU,Heart failure decompensation,Dr. M. O'Brien,Discharged
ADM000823,P1654,2023-01-07,2023-01-18,Respiratory Ward,Sepsis,Dr. C. Müller,Discharged
ADM000824,P1655,2023-03-01,2023-03-08,ICU,Elective procedure,Dr. C. Müller,Discharged
ADM000825,P1656,2022-11-05,2022-11-16,Medical Ward A,Elective procedure,Dr. R. Singh,Discharged
ADM000826,P1657,2024-05-15,2024-05-17,Endocrinology Ward,Acute kidney injury,Dr. Y. Tanaka,Discharged
ADM000827,P1657,2022-12-14,2022-12-17,Medical Ward A,Heart failure decompensation,Dr. L. Torres,Discharged
ADM000828,P1657,2023-02-25,2023-03-10,Oncology Ward,Diabetic ketoacidosis,Dr. R. Singh,Discharged
ADM000829,P1658,2022-08-31,,Cardiology Ward,Hypertensive urgency,Dr. R. Singh,Current
ADM000830,P1658,2024-03-29,2024-04-09,Oncology Ward,Sepsis,Dr. C. Müller,Discharged
ADM000831,P1658,2024-05-01,2024-05-03,Oncology Ward,Heart failure decompensation,Dr. J. Nkosi,Discharged
ADM000832,P1659,2022-01-18,2022-01-28,Cardiology Ward,Hypertensive urgency,Dr. A. Patel,Discharged
ADM000833,P1660,2022-07-06,2022-07-19,Oncology Ward,Chest pain query ACS,Dr. L. Torres,Discharged
ADM000834,P1660,2022-03-21,2022-04-03,HDU,Heart failure decompensation,Dr. M. O'Brien,Discharged
ADM000835,P1661,2024-02-22,2024-03-07,Respiratory Ward,Acute kidney injury,Dr. A. Patel,Discharged
ADM000836,P1661,2024-05-17,2024-05-20,Endocrinology Ward,Heart failure decompensation,Dr. L. Torres,Discharged
ADM000837,P1661,2023-11-04,2023-11-09,Cardiology Ward,Elective procedure,Dr. A. Patel,Discharged
ADM000838,P1662,2022-09-10,2022-09-21,ICU,Acute kidney injury,Dr. R. Singh,Discharged
ADM000839,P1662,2024-09-17,2024-09-26,HDU,Stroke workup,Dr. M. O'Brien,Discharged
ADM000840,P1666,2024-04-26,2024-05-09,Medical Ward B,Elective procedure,Dr. Y. Tanaka,Discharged
ADM000841,P1666,2022-09-09,,Respiratory Ward,Chest pain query ACS,Dr. A. Patel,Current
ADM000842,P1669,2024-05-24,2024-05-28,HDU,Community-acquired pneumonia,Dr. A. Patel,Discharged
ADM000843,P1669,2024-03-11,2024-03-23,Endocrinology Ward,Hypertensive urgency,Dr. S. Khan,Discharged
ADM000844,P1671,2024-05-03,2024-05-12,ICU,Community-acquired pneumonia,Dr. C. Müller,Discharged
ADM000845,P1671,2022-11-07,2022-11-10,Cardiology Ward,Heart failure decompensation,Dr. C. Müller,Discharged
ADM000846,P1675,2024-06-16,2024-06-18,Endocrinology Ward,Acute kidney injury,Dr. M. O'Brien,Discharged
ADM000847,P1675,2024-02-06,2024-02-10,Endocrinology Ward,Stroke workup,Dr. J. Nkosi,Discharged
ADM000848,P1675,2022-10-27,2022-11-01,Medical Ward B,Chest pain query ACS,Dr. C. Müller,Discharged
ADM000849,P1676,2024-08-14,,Oncology Ward,Chest pain query ACS,Dr. Y. Tanaka,Current
ADM000850,P1677,2023-09-15,2023-09-26,Surgical Ward,Stroke workup,Dr. M. O'Brien,Discharged
ADM000851,P1677,2022-09-19,2022-09-25,ICU,Chest pain query ACS,Dr. M. O'Brien,Discharged
ADM000852,P1677,2023-05-21,2023-05-23,HDU,Community-acquired pneumonia,Dr. S. Khan,Discharged
ADM000853,P1679,2023-02-09,2023-02-12,Medical Ward A,Elective procedure,Dr. Y. Tanaka,Discharged
ADM000854,P1679,2023-09-26,2023-10-01,Oncology Ward,Community-acquired pneumonia,Dr. R. Singh,Discharged
ADM000855,P1680,2023-03-09,2023-03-12,Oncology Ward,Chest pain query ACS,Dr. L. Torres,Discharged
ADM000856,P1680,2024-08-12,2024-08-13,Cardiology Ward,Stroke workup,Dr. J. Nkosi,Discharged
ADM000857,P1684,2023-05-07,2023-05-09,Surgical Ward,Community-acquired pneumonia,Dr. S. Khan,Discharged
ADM000858,P1684,2024-06-23,2024-07-02,Cardiology Ward,Chest pain query ACS,Dr. J. Nkosi,Discharged
ADM000859,P1684,2023-11-05,,Medical Ward A,Diabetic ketoacidosis,Dr. Y. Tanaka,Current
ADM000860,P1685,2024-05-20,2024-06-01,ICU,Chest pain query ACS,Dr. J. Nkosi,Discharged
ADM000861,P1685,2022-08-13,2022-08-15,Respiratory Ward,Acute exacerbation of asthma,Dr. A. Patel,Discharged
ADM000862,P1685,2023-01-29,2023-02-07,Endocrinology Ward,Elective procedure,Dr. S. Khan,Discharged
ADM000863,P1687,2022-06-03,2022-06-15,Medical Ward B,Elective procedure,Dr. R. Singh,Discharged
ADM000864,P1687,2022-04-15,2022-04-19,Oncology Ward,Chest pain query ACS,Dr. L. Torres,Discharged
ADM000865,P1687,2022-11-14,2022-11-17,Endocrinology Ward,Sepsis,Dr. L. Torres,Discharged
ADM000866,P1689,2022-09-12,2022-09-17,ICU,Stroke workup,Dr. M. O'Brien,Discharged
ADM000867,P1689,2023-03-06,,HDU,Acute exacerbation of asthma,Dr. L. Torres,Current
ADM000868,P1689,2024-09-09,2024-09-22,ICU,Stroke workup,Dr. A. Patel,Discharged
ADM000869,P1690,2024-07-15,2024-07-27,Oncology Ward,Elective procedure,Dr. M. O'Brien,Discharged
ADM000870,P1690,2023-10-12,2023-10-15,HDU,Acute kidney injury,Dr. C. Müller,Discharged
ADM000871,P1690,2023-01-25,2023-01-29,Medical Ward A,Diabetic ketoacidosis,Dr. M. O'Brien,Discharged
ADM000872,P1691,2023-12-05,2023-12-13,Cardiology Ward,Stroke workup,Dr. R. Singh,Discharged
ADM000873,P1691,2023-01-05,,Medical Ward A,Elective procedure,Dr. A. Patel,Current
ADM000874,P1691,2024-11-13,2024-11-15,Endocrinology Ward,Hypertensive urgency,Dr. R. Singh,Discharged
ADM000875,P1693,2023-07-09,2023-07-11,HDU,Diabetic ketoacidosis,Dr. J. Nkosi,Discharged
ADM000876,P1693,2024-05-11,2024-05-20,Medical Ward B,Hypertensive urgency,Dr. J. Nkosi,Discharged
ADM000877,P1695,2024-03-07,2024-03-12,ICU,Acute exacerbation of asthma,Dr. S. Khan,Discharged
ADM000878,P1695,2024-05-12,,Medical Ward B,Diabetic ketoacidosis,Dr. S. Khan,Current
ADM000879,P1698,2024-12-25,2025-01-06,Medical Ward B,Sepsis,Dr. Y. Tanaka,Discharged
ADM000880,P1698,2023-07-26,2023-08-07,ICU,Community-acquired pneumonia,Dr. J. Nkosi,Discharged
ADM000881,P1698,2023-10-08,2023-10-17,Medical Ward B,Elective procedure,Dr. Y. Tanaka,Discharged
ADM000882,P1699,2022-12-06,2022-12-12,Medical Ward A,Stroke workup,Dr. L. Torres,Discharged
ADM000883,P1699,2024-12-25,2025-01-05,ICU,Community-acquired pneumonia,Dr. A. Patel,Discharged
ADM000884,P1699,2024-12-12,2024-12-17,Respiratory Ward,Hypertensive urgency,Dr. S. Khan,Discharged
ADM000885,P1700,2022-12-17,,Medical Ward B,Acute exacerbation of asthma,Dr. M. O'Brien,Current
ADM000886,P1700,2024-11-11,,Medical Ward B,Stroke workup,Dr. A. Patel,Current
ADM000887,P1700,2022-07-13,2022-07-16,ICU,Acute kidney injury,Dr. J. Nkosi,Discharged
ADM000888,P1701,2023-11-14,2023-11-23,Oncology Ward,Diabetic ketoacidosis,Dr. C. Müller,Discharged
ADM000889,P1704,2022-01-27,2022-02-04,Medical Ward A,Elective procedure,Dr. A. Patel,Discharged
ADM000890,P1704,2023-04-28,,Oncology Ward,Heart failure decompensation,Dr. A. Patel,Current
ADM000891,P1709,2022-04-19,2022-04-20,Medical Ward B,Stroke workup,Dr. L. Torres,Discharged
ADM000892,P1709,2022-05-19,2022-06-02,ICU,Sepsis,Dr. R. Singh,Discharged
ADM000893,P1709,2022-09-28,,Surgical Ward,Elective procedure,Dr. A. Patel,Current
ADM000894,P1710,2022-04-21,2022-04-23,Medical Ward A,Sepsis,Dr. A. Patel,Discharged
ADM000895,P1710,2024-09-28,2024-10-07,HDU,Acute kidney injury,Dr. M. O'Brien,Discharged
ADM000896,P1710,2022-07-17,2022-07-27,Respiratory Ward,Diabetic ketoacidosis,Dr. C. Müller,Discharged
ADM000897,P1713,2022-12-16,,Respiratory Ward,Stroke workup,Dr. A. Patel,Current
ADM000898,P1713,2023-07-04,2023-07-05,HDU,Sepsis,Dr. J. Nkosi,Discharged
ADM000899,P1714,2022-04-29,2022-05-12,ICU,Elective procedure,Dr. Y. Tanaka,Discharged
ADM000900,P1714,2022-11-16,2022-11-28,Surgical Ward,Acute exacerbation of asthma,Dr. S. Khan,Discharged
ADM000901,P1714,2022-12-29,2022-12-30,Medical Ward A,Hypertensive urgency,Dr. L. Torres,Discharged
ADM000902,P1715,2024-01-26,2024-02-09,HDU,Stroke workup,Dr. M. O'Brien,Discharged
ADM000903,P1715,2023-08-24,2023-09-01,Respiratory Ward,Acute kidney injury,Dr. Y. Tanaka,Discharged
ADM000904,P1716,2024-01-09,2024-01-11,Surgical Ward,Acute exacerbation of asthma,Dr. L. Torres,Discharged
ADM000905,P1719,2024-01-03,2024-01-08,Respiratory Ward,Chest pain query ACS,Dr. S. Khan,Discharged
ADM000906,P1719,2024-10-31,2024-11-03,Medical Ward A,Acute kidney injury,Dr. J. Nkosi,Discharged
ADM000907,P1720,2024-02-03,2024-02-13,Medical Ward B,Diabetic ketoacidosis,Dr. J. Nkosi,Discharged
ADM000908,P1721,2023-05-21,2023-05-27,Cardiology Ward,Acute exacerbation of asthma,Dr. J. Nkosi,Discharged
ADM000909,P1721,2023-08-21,2023-08-28,Endocrinology Ward,Elective procedure,Dr. J. Nkosi,Discharged
ADM000910,P1721,2024-05-14,2024-05-24,HDU,Elective procedure,Dr. A. Patel,Discharged
ADM000911,P1724,2023-01-06,,Oncology Ward,Acute kidney injury,Dr. S. Khan,Current
ADM000912,P1724,2022-05-17,2022-05-30,ICU,Hypertensive urgency,Dr. L. Torres,Discharged
ADM000913,P1725,2022-06-18,2022-06-26,Medical Ward A,Chest pain query ACS,Dr. M. O'Brien,Discharged
ADM000914,P1725,2022-01-05,2022-01-10,Respiratory Ward,Hypertensive urgency,Dr. A. Patel,Discharged
ADM000915,P1727,2023-03-01,2023-03-14,HDU,Acute kidney injury,Dr. L. Torres,Discharged
ADM000916,P1729,2023-07-06,2023-07-17,HDU,Diabetic ketoacidosis,Dr. R. Singh,Discharged
ADM000917,P1730,2023-12-27,2023-12-28,Medical Ward A,Acute kidney injury,Dr. Y. Tanaka,Discharged
ADM000918,P1730,2022-06-21,2022-06-27,Medical Ward B,Diabetic ketoacidosis,Dr. S. Khan,Discharged
ADM000919,P1731,2022-04-05,2022-04-14,Respiratory Ward,Acute kidney injury,Dr. M. O'Brien,Discharged
ADM000920,P1731,2023-08-18,2023-08-29,Medical Ward B,Stroke workup,Dr. C. Müller,Discharged
ADM000921,P1731,2023-12-08,,Surgical Ward,Elective procedure,Dr. R. Singh,Current
ADM000922,P1732,2023-06-09,2023-06-17,Surgical Ward,Sepsis,Dr. C. Müller,Discharged
ADM000923,P1733,2023-11-12,2023-11-17,HDU,Diabetic ketoacidosis,Dr. A. Patel,Discharged
ADM000924,P1735,2022-10-24,2022-10-31,ICU,Community-acquired pneumonia,Dr. C. Müller,Discharged
ADM000925,P1735,2023-02-14,2023-02-22,Endocrinology Ward,Acute kidney injury,Dr. S. Khan,Discharged
ADM000926,P1735,2022-02-25,,Oncology Ward,Hypertensive urgency,Dr. C. Müller,Current
ADM000927,P1738,2022-05-13,2022-05-16,Endocrinology Ward,Sepsis,Dr. A. Patel,Discharged
ADM000928,P1739,2023-03-15,2023-03-28,Oncology Ward,Sepsis,Dr. M. O'Brien,Discharged
ADM000929,P1739,2022-01-20,2022-01-24,Cardiology Ward,Acute kidney injury,Dr. J. Nkosi,Discharged
ADM000930,P1741,2024-07-21,2024-07-24,Respiratory Ward,Chest pain query ACS,Dr. C. Müller,Discharged
ADM000931,P1741,2022-03-10,2022-03-24,Oncology Ward,Hypertensive urgency,Dr. Y. Tanaka,Discharged
ADM000932,P1742,2022-12-18,2022-12-22,Medical Ward B,Diabetic ketoacidosis,Dr. Y. Tanaka,Discharged
ADM000933,P1742,2023-03-26,2023-03-28,Oncology Ward,Elective procedure,Dr. S. Khan,Discharged
ADM000934,P1743,2023-10-02,2023-10-06,Medical Ward A,Elective procedure,Dr. J. Nkosi,Discharged
ADM000935,P1744,2023-01-03,2023-01-17,Cardiology Ward,Hypertensive urgency,Dr. Y. Tanaka,Discharged
ADM000936,P1744,2023-05-15,2023-05-29,Cardiology Ward,Sepsis,Dr. L. Torres,Discharged
ADM000937,P1744,2024-11-19,2024-11-23,Oncology Ward,Chest pain query ACS,Dr. Y. Tanaka,Discharged
ADM000938,P1746,2024-01-04,2024-01-10,Medical Ward A,Diabetic ketoacidosis,Dr. A. Patel,Discharged
ADM000939,P1746,2024-09-22,2024-09-25,Cardiology Ward,Hypertensive urgency,Dr. J. Nkosi,Discharged
ADM000940,P1747,2023-12-30,2024-01-07,Respiratory Ward,Acute kidney injury,Dr. C. Müller,Discharged
ADM000941,P1747,2022-07-17,2022-07-27,Medical Ward A,Hypertensive urgency,Dr. L. Torres,Discharged
ADM000942,P1751,2022-12-11,2022-12-19,Respiratory Ward,Heart failure decompensation,Dr. S. Khan,Discharged
ADM000943,P1751,2022-12-23,,Oncology Ward,Acute kidney injury,Dr. M. O'Brien,Current
ADM000944,P1752,2024-08-29,2024-09-04,Surgical Ward,Heart failure decompensation,Dr. J. Nkosi,Discharged
ADM000945,P1752,2024-05-24,2024-06-06,Respiratory Ward,Stroke workup,Dr. C. Müller,Discharged
ADM000946,P1752,2024-10-20,2024-10-25,Medical Ward A,Community-acquired pneumonia,Dr. J. Nkosi,Discharged
ADM000947,P1753,2024-09-27,2024-10-06,Medical Ward A,Sepsis,Dr. Y. Tanaka,Discharged
ADM000948,P1753,2024-02-27,2024-03-11,Medical Ward A,Diabetic ketoacidosis,Dr. S. Khan,Discharged
ADM000949,P1753,2023-11-10,2023-11-24,Surgical Ward,Heart failure decompensation,Dr. L. Torres,Discharged
ADM000950,P1754,2024-12-18,2024-12-24,Medical Ward B,Sepsis,Dr. J. Nkosi,Discharged
ADM000951,P1755,2023-07-14,2023-07-28,ICU,Chest pain query ACS,Dr. A. Patel,Discharged
ADM000952,P1755,2022-02-08,2022-02-09,Surgical Ward,Community-acquired pneumonia,Dr. J. Nkosi,Discharged
ADM000953,P1756,2023-01-18,2023-01-24,HDU,Stroke workup,Dr. A. Patel,Discharged
ADM000954,P1757,2022-02-21,2022-03-06,Respiratory Ward,Chest pain query ACS,Dr. J. Nkosi,Discharged
ADM000955,P1757,2023-06-22,2023-06-30,Endocrinology Ward,Sepsis,Dr. C. Müller,Discharged
ADM000956,P1757,2023-01-25,2023-02-02,Medical Ward A,Community-acquired pneumonia,Dr. L. Torres,Discharged
ADM000957,P1758,2024-07-19,2024-07-21,Surgical Ward,Chest pain query ACS,Dr. Y. Tanaka,Discharged
ADM000958,P1759,2022-03-23,,Cardiology Ward,Acute kidney injury,Dr. S. Khan,Current
ADM000959,P1759,2022-01-16,2022-01-27,Medical Ward A,Chest pain query ACS,Dr. L. Torres,Discharged
ADM000960,P1760,2022-07-11,2022-07-25,Respiratory Ward,Diabetic ketoacidosis,Dr. C. Müller,Discharged
ADM000961,P1760,2024-09-14,2024-09-27,Medical Ward B,Diabetic ketoacidosis,Dr. C. Müller,Discharged
ADM000962,P1760,2024-08-20,2024-08-23,Endocrinology Ward,Acute exacerbation of asthma,Dr. Y. Tanaka,Discharged
ADM000963,P1762,2022-01-11,2022-01-17,Respiratory Ward,Stroke workup,Dr. Y. Tanaka,Discharged
ADM000964,P1763,2023-12-21,2023-12-28,Surgical Ward,Hypertensive urgency,Dr. Y. Tanaka,Discharged
ADM000965,P1763,2023-04-25,,HDU,Acute kidney injury,Dr. R. Singh,Current
ADM000966,P1763,2023-07-07,2023-07-17,ICU,Stroke workup,Dr. S. Khan,Discharged
ADM000967,P1764,2024-08-06,2024-08-19,HDU,Chest pain query ACS,Dr. C. Müller,Discharged
ADM000968,P1764,2024-07-25,2024-07-27,Surgical Ward,Chest pain query ACS,Dr. A. Patel,Discharged
ADM000969,P1764,2022-10-27,,Medical Ward A,Elective procedure,Dr. A. Patel,Current
ADM000970,P1766,2022-02-28,2022-03-04,Medical Ward A,Heart failure decompensation,Dr. J. Nkosi,Discharged
ADM000971,P1766,2024-09-26,2024-10-01,Oncology Ward,Heart failure decompensation,Dr. Y. Tanaka,Discharged
ADM000972,P1768,2024-03-22,2024-04-02,HDU,Stroke workup,Dr. L. Torres,Discharged
ADM000973,P1768,2024-02-10,2024-02-22,Respiratory Ward,Heart failure decompensation,Dr. S. Khan,Discharged
ADM000974,P1769,2022-04-20,2022-04-23,Oncology Ward,Elective procedure,Dr. M. O'Brien,Discharged
ADM000975,P1769,2022-10-01,2022-10-06,HDU,Diabetic ketoacidosis,Dr. Y. Tanaka,Discharged
ADM000976,P1769,2022-09-12,2022-09-22,Oncology Ward,Heart failure decompensation,Dr. R. Singh,Discharged
ADM000977,P1772,2022-04-01,2022-04-09,Medical Ward A,Heart failure decompensation,Dr. M. O'Brien,Discharged
ADM000978,P1772,2024-10-07,,Medical Ward B,Acute exacerbation of asthma,Dr. S. Khan,Current
ADM000979,P1774,2023-12-27,2024-01-06,Surgical Ward,Acute exacerbation of asthma,Dr. A. Patel,Discharged
ADM000980,P1774,2023-12-19,2023-12-21,Surgical Ward,Heart failure decompensation,Dr. M. O'Brien,Discharged
ADM000981,P1775,2022-02-19,2022-02-21,Medical Ward A,Chest pain query ACS,Dr. S. Khan,Discharged
ADM000982,P1775,2024-06-06,2024-06-19,Medical Ward A,Hypertensive urgency,Dr. A. Patel,Discharged
ADM000983,P1776,2022-11-08,2022-11-14,Medical Ward A,Acute kidney injury,Dr. M. O'Brien,Discharged
ADM000984,P1776,2023-11-16,2023-11-23,ICU,Community-acquired pneumonia,Dr. A. Patel,Discharged
ADM000985,P1777,2024-08-29,2024-09-11,HDU,Elective procedure,Dr. M. O'Brien,Discharged
ADM000986,P1779,2024-10-01,2024-10-05,Endocrinology Ward,Heart failure decompensation,Dr. M. O'Brien,Discharged
ADM000987,P1783,2024-07-09,2024-07-17,Cardiology Ward,Acute exacerbation of asthma,Dr. S. Khan,Discharged
ADM000988,P1783,2022-02-19,2022-02-21,Cardiology Ward,Heart failure decompensation,Dr. L. Torres,Discharged
ADM000989,P1785,2022-05-16,2022-05-29,Oncology Ward,Elective procedure,Dr. M. O'Brien,Discharged
ADM000990,P1785,2024-02-17,,Oncology Ward,Chest pain query ACS,Dr. A. Patel,Current
ADM000991,P1785,2022-03-15,2022-03-18,Oncology Ward,Hypertensive urgency,Dr. M. O'Brien,Discharged
ADM000992,P1786,2024-06-23,2024-07-01,Endocrinology Ward,Chest pain query ACS,Dr. M. O'Brien,Discharged
ADM000993,P1786,2022-07-28,2022-08-04,Respiratory Ward,Sepsis,Dr. L. Torres,Discharged
ADM000994,P1787,2022-10-07,2022-10-11,Surgical Ward,Community-acquired pneumonia,Dr. J. Nkosi,Discharged
ADM000995,P1787,2022-10-04,2022-10-08,Surgical Ward,Acute kidney injury,Dr. A. Patel,Discharged
ADM000996,P1788,2024-01-25,2024-02-06,Oncology Ward,Heart failure decompensation,Dr. S. Khan,Discharged
ADM000997,P1788,2023-02-17,2023-03-01,Cardiology Ward,Sepsis,Dr. A. Patel,Discharged
ADM000998,P1788,2024-07-01,,Medical Ward B,Heart failure decompensation,Dr. R. Singh,Current
ADM000999,P1790,2024-09-16,2024-09-27,Endocrinology Ward,Elective procedure,Dr. Y. Tanaka,Discharged
ADM001000,P1790,2024-11-29,2024-12-13,Respiratory Ward,Hypertensive urgency,Dr. S. Khan,Discharged
ADM001001,P1790,2023-01-20,2023-01-21,Respiratory Ward,Chest pain query ACS,Dr. L. Torres,Discharged
ADM001002,P1792,2023-12-02,2023-12-16,Medical Ward B,Elective procedure,Dr. J. Nkosi,Discharged
ADM001003,P1792,2023-03-17,2023-03-19,Oncology Ward,Heart failure decompensation,Dr. S. Khan,Discharged
ADM001004,P1796,2022-09-25,2022-09-30,HDU,Elective procedure,Dr. C. Müller,Discharged
ADM001005,P1796,2024-05-03,2024-05-13,Endocrinology Ward,Chest pain query ACS,Dr. L. Torres,Discharged
ADM001006,P1796,2024-10-21,2024-10-27,HDU,Community-acquired pneumonia,Dr. R. Singh,Discharged
ADM001007,P1798,2023-09-17,2023-09-27,Endocrinology Ward,Hypertensive urgency,Dr. C. Müller,Discharged
ADM001008,P1798,2022-03-17,2022-03-20,Endocrinology Ward,Community-acquired pneumonia,Dr. R. Singh,Discharged
ADM001009,P1798,2023-01-27,2023-01-29,Medical Ward A,Stroke workup,Dr. L. Torres,Discharged
ADM001010,P1799,2022-11-19,2022-11-29,Surgical Ward,Stroke workup,Dr. L. Torres,Discharged
ADM001011,P1799,2023-01-05,2023-01-13,Medical Ward A,Stroke workup,Dr. C. Müller,Discharged
ADM001012,P1799,2024-04-06,2024-04-14,Endocrinology Ward,Chest pain query ACS,Dr. A. Patel,Discharged
ADM001013,P1800,2022-11-02,2022-11-06,HDU,Community-acquired pneumonia,Dr. M. O'Brien,Discharged
ADM001014,P1800,2023-03-26,2023-04-08,Respiratory Ward,Sepsis,Dr. L. Torres,Discharged
ADM001015,P1802,2022-03-15,2022-03-27,HDU,Elective procedure,Dr. J. Nkosi,Discharged
ADM001016,P1803,2024-05-18,,Endocrinology Ward,Sepsis,Dr. M. O'Brien,Current
ADM001017,P1803,2022-11-28,2022-12-01,Medical Ward A,Community-acquired pneumonia,Dr. R. Singh,Discharged
ADM001018,P1803,2023-12-04,2023-12-06,Oncology Ward,Elective procedure,Dr. L. Torres,Discharged
ADM001019,P1804,2023-06-11,2023-06-18,Cardiology Ward,Chest pain query ACS,Dr. M. O'Brien,Discharged
ADM001020,P1804,2022-10-01,2022-10-02,Endocrinology Ward,Chest pain query ACS,Dr. L. Torres,Discharged
ADM001021,P1806,2022-10-03,2022-10-08,HDU,Community-acquired pneumonia,Dr. M. O'Brien,Discharged
ADM001022,P1807,2024-04-01,2024-04-14,Surgical Ward,Acute kidney injury,Dr. M. O'Brien,Discharged
ADM001023,P1807,2022-03-31,2022-04-02,Endocrinology Ward,Sepsis,Dr. A. Patel,Discharged
ADM001024,P1808,2023-05-21,2023-05-29,HDU,Community-acquired pneumonia,Dr. L. Torres,Discharged
ADM001025,P1809,2022-04-05,,Respiratory Ward,Chest pain query ACS,Dr. J. Nkosi,Current
ADM001026,P1813,2023-09-17,2023-09-27,Surgical Ward,Heart failure decompensation,Dr. M. O'Brien,Discharged
ADM001027,P1813,2024-03-04,,Respiratory Ward,Acute exacerbation of asthma,Dr. Y. Tanaka,Current
ADM001028,P1813,2023-05-22,2023-06-03,Medical Ward B,Heart failure decompensation,Dr. C. Müller,Discharged
ADM001029,P1814,2022-06-01,2022-06-03,Medical Ward B,Acute kidney injury,Dr. J. Nkosi,Discharged
ADM001030,P1814,2022-12-29,2023-01-09,HDU,Acute kidney injury,Dr. S. Khan,Discharged
ADM001031,P1814,2022-11-22,2022-12-05,Endocrinology Ward,Sepsis,Dr. C. Müller,Discharged
ADM001032,P1816,2022-03-30,2022-04-09,Oncology Ward,Stroke workup,Dr. J. Nkosi,Discharged
ADM001033,P1820,2023-08-29,2023-09-09,Cardiology Ward,Sepsis,Dr. Y. Tanaka,Discharged
ADM001034,P1821,2024-04-04,,Endocrinology Ward,Acute kidney injury,Dr. R. Singh,Current
ADM001035,P1821,2024-11-30,2024-12-12,Medical Ward B,Sepsis,Dr. A. Patel,Discharged
ADM001036,P1822,2022-09-14,2022-09-21,Surgical Ward,Elective procedure,Dr. L. Torres,Discharged
ADM001037,P1823,2023-05-10,2023-05-23,Medical Ward A,Heart failure decompensation,Dr. C. Müller,Discharged
ADM001038,P1824,2022-05-01,2022-05-12,Respiratory Ward,Chest pain query ACS,Dr. S. Khan,Discharged
ADM001039,P1825,2022-07-29,2022-08-05,ICU,Hypertensive urgency,Dr. A. Patel,Discharged
ADM001040,P1826,2023-09-05,2023-09-13,Endocrinology Ward,Chest pain query ACS,Dr. Y. Tanaka,Discharged
ADM001041,P1826,2024-12-03,2024-12-06,Endocrinology Ward,Chest pain query ACS,Dr. C. Müller,Discharged
ADM001042,P1828,2023-02-28,2023-03-04,HDU,Sepsis,Dr. J. Nkosi,Discharged
ADM001043,P1828,2023-11-20,2023-11-21,ICU,Hypertensive urgency,Dr. R. Singh,Discharged
ADM001044,P1829,2022-02-18,2022-02-24,Surgical Ward,Sepsis,Dr. M. O'Brien,Discharged
ADM001045,P1830,2024-09-14,2024-09-23,Medical Ward A,Stroke workup,Dr. S. Khan,Discharged
ADM001046,P1830,2022-04-15,2022-04-24,Oncology Ward,Hypertensive urgency,Dr. Y. Tanaka,Discharged
ADM001047,P1830,2024-05-18,2024-05-22,Medical Ward B,Heart failure decompensation,Dr. J. Nkosi,Discharged
ADM001048,P1832,2024-07-27,2024-08-01,Medical Ward B,Stroke workup,Dr. S. Khan,Discharged
ADM001049,P1832,2023-05-31,2023-06-05,HDU,Sepsis,Dr. S. Khan,Discharged
ADM001050,P1833,2023-07-01,2023-07-09,Respiratory Ward,Stroke workup,Dr. Y. Tanaka,Discharged
ADM001051,P1835,2024-07-17,2024-07-29,Endocrinology Ward,Heart failure decompensation,Dr. J. Nkosi,Discharged
ADM001052,P1836,2024-09-30,2024-10-10,Oncology Ward,Sepsis,Dr. R. Singh,Discharged
ADM001053,P1836,2024-06-18,2024-07-01,Cardiology Ward,Sepsis,Dr. C. Müller,Discharged
ADM001054,P1836,2024-09-16,2024-09-18,Endocrinology Ward,Stroke workup,Dr. A. Patel,Discharged
ADM001055,P1838,2022-01-31,,ICU,Acute kidney injury,Dr. R. Singh,Current
ADM001056,P1839,2023-02-06,2023-02-09,HDU,Chest pain query ACS,Dr. C. Müller,Discharged
ADM001057,P1840,2024-02-11,2024-02-12,Cardiology Ward,Acute exacerbation of asthma,Dr. Y. Tanaka,Discharged
ADM001058,P1841,2022-11-19,2022-11-22,Respiratory Ward,Acute kidney injury,Dr. L. Torres,Discharged
ADM001059,P1842,2024-12-04,2024-12-09,Respiratory Ward,Chest pain query ACS,Dr. Y. Tanaka,Discharged
ADM001060,P1842,2024-04-13,2024-04-21,Endocrinology Ward,Stroke workup,Dr. A. Patel,Discharged
ADM001061,P1842,2023-07-15,2023-07-21,Respiratory Ward,Sepsis,Dr. J. Nkosi,Discharged
ADM001062,P1843,2024-01-22,2024-01-30,Cardiology Ward,Acute exacerbation of asthma,Dr. R. Singh,Discharged
ADM001063,P1844,2022-04-20,,HDU,Acute kidney injury,Dr. R. Singh,Current
ADM001064,P1844,2022-07-05,2022-07-13,Cardiology Ward,Heart failure decompensation,Dr. S. Khan,Discharged
ADM001065,P1845,2023-05-15,2023-05-28,Endocrinology Ward,Chest pain query ACS,Dr. S. Khan,Discharged
ADM001066,P1845,2023-08-12,2023-08-20,Respiratory Ward,Elective procedure,Dr. L. Torres,Discharged
ADM001067,P1845,2024-09-05,2024-09-15,ICU,Acute exacerbation of asthma,Dr. C. Müller,Discharged
ADM001068,P1846,2023-12-29,2024-01-03,Oncology Ward,Elective procedure,Dr. R. Singh,Discharged
ADM001069,P1846,2023-12-01,2023-12-10,ICU,Community-acquired pneumonia,Dr. A. Patel,Discharged
ADM001070,P1846,2023-09-13,2023-09-25,HDU,Hypertensive urgency,Dr. Y. Tanaka,Discharged
ADM001071,P1849,2022-12-22,2023-01-02,Oncology Ward,Stroke workup,Dr. L. Torres,Discharged
ADM001072,P1851,2022-05-04,2022-05-10,Cardiology Ward,Acute exacerbation of asthma,Dr. L. Torres,Discharged
ADM001073,P1856,2024-03-18,2024-03-24,Endocrinology Ward,Heart failure decompensation,Dr. R. Singh,Discharged
ADM001074,P1856,2023-05-02,2023-05-13,Respiratory Ward,Hypertensive urgency,Dr. Y. Tanaka,Discharged
ADM001075,P1856,2023-01-12,2023-01-26,Respiratory Ward,Stroke workup,Dr. J. Nkosi,Discharged
ADM001076,P1857,2023-01-30,2023-02-11,Cardiology Ward,Elective procedure,Dr. L. Torres,Discharged
ADM001077,P1857,2023-11-30,2023-12-03,Respiratory Ward,Diabetic ketoacidosis,Dr. M. O'Brien,Discharged
ADM001078,P1857,2024-01-11,2024-01-25,HDU,Diabetic ketoacidosis,Dr. L. Torres,Discharged
ADM001079,P1858,2023-01-04,2023-01-12,Oncology Ward,Stroke workup,Dr. C. Müller,Discharged
ADM001080,P1858,2022-11-21,2022-11-24,Oncology Ward,Sepsis,Dr. M. O'Brien,Discharged
ADM001081,P1860,2022-10-26,2022-11-01,Cardiology Ward,Acute kidney injury,Dr. M. O'Brien,Discharged
ADM001082,P1861,2024-04-28,2024-04-29,HDU,Stroke workup,Dr. Y. Tanaka,Discharged
ADM001083,P1863,2022-07-23,2022-08-05,Respiratory Ward,Community-acquired pneumonia,Dr. C. Müller,Discharged
ADM001084,P1864,2024-04-10,2024-04-21,Cardiology Ward,Chest pain query ACS,Dr. Y. Tanaka,Discharged
ADM001085,P1867,2023-07-10,2023-07-15,Oncology Ward,Elective procedure,Dr. J. Nkosi,Discharged
ADM001086,P1867,2023-09-28,2023-10-02,Medical Ward B,Community-acquired pneumonia,Dr. J. Nkosi,Discharged
ADM001087,P1868,2024-12-01,,Surgical Ward,Heart failure decompensation,Dr. Y. Tanaka,Current
ADM001088,P1868,2023-07-21,2023-08-02,Endocrinology Ward,Heart failure decompensation,Dr. C. Müller,Discharged
ADM001089,P1868,2023-07-24,2023-08-06,Oncology Ward,Chest pain query ACS,Dr. L. Torres,Discharged
ADM001090,P1869,2022-03-10,,HDU,Hypertensive urgency,Dr. M. O'Brien,Current
ADM001091,P1869,2022-09-23,2022-10-01,Cardiology Ward,Diabetic ketoacidosis,Dr. L. Torres,Discharged
ADM001092,P1871,2024-03-16,2024-03-21,Oncology Ward,Diabetic ketoacidosis,Dr. A. Patel,Discharged
ADM001093,P1871,2023-05-20,2023-05-25,ICU,Elective procedure,Dr. A. Patel,Discharged
ADM001094,P1871,2022-12-29,2023-01-01,Endocrinology Ward,Sepsis,Dr. R. Singh,Discharged
ADM001095,P1872,2023-11-03,2023-11-12,Oncology Ward,Chest pain query ACS,Dr. R. Singh,Discharged
ADM001096,P1872,2022-03-22,,ICU,Chest pain query ACS,Dr. R. Singh,Current
ADM001097,P1872,2024-12-27,2025-01-05,Respiratory Ward,Heart failure decompensation,Dr. M. O'Brien,Discharged
ADM001098,P1873,2022-09-19,2022-09-30,Surgical Ward,Elective procedure,Dr. J. Nkosi,Discharged
ADM001099,P1874,2024-12-15,2024-12-27,Surgical Ward,Hypertensive urgency,Dr. J. Nkosi,Discharged
ADM001100,P1875,2023-11-20,2023-12-03,ICU,Stroke workup,Dr. M. O'Brien,Discharged
ADM001101,P1881,2022-01-28,2022-02-03,ICU,Stroke workup,Dr. Y. Tanaka,Discharged
ADM001102,P1881,2023-08-29,2023-08-31,HDU,Hypertensive urgency,Dr. L. Torres,Discharged
ADM001103,P1882,2023-12-18,2023-12-19,Medical Ward A,Acute exacerbation of asthma,Dr. S. Khan,Discharged
ADM001104,P1884,2022-11-24,2022-11-25,Cardiology Ward,Hypertensive urgency,Dr. A. Patel,Discharged
ADM001105,P1884,2024-07-30,2024-08-06,HDU,Elective procedure,Dr. R. Singh,Discharged
ADM001106,P1884,2023-07-04,2023-07-05,Medical Ward B,Acute kidney injury,Dr. S. Khan,Discharged
ADM001107,P1885,2023-02-11,2023-02-14,Endocrinology Ward,Stroke workup,Dr. S. Khan,Discharged
ADM001108,P1886,2023-07-13,,Oncology Ward,Heart failure decompensation,Dr. S. Khan,Current
ADM001109,P1887,2022-12-02,2022-12-13,Medical Ward B,Elective procedure,Dr. S. Khan,Discharged
ADM001110,P1887,2024-06-18,2024-06-27,HDU,Sepsis,Dr. S. Khan,Discharged
ADM001111,P1887,2022-04-12,2022-04-22,Cardiology Ward,Diabetic ketoacidosis,Dr. R. Singh,Discharged
ADM001112,P1888,2024-04-20,2024-05-02,HDU,Elective procedure,Dr. C. Müller,Discharged
ADM001113,P1889,2023-08-29,2023-09-03,Medical Ward A,Acute exacerbation of asthma,Dr. S. Khan,Discharged
ADM001114,P1889,2022-10-10,2022-10-20,Cardiology Ward,Sepsis,Dr. S. Khan,Discharged
ADM001115,P1890,2022-09-01,2022-09-12,Surgical Ward,Community-acquired pneumonia,Dr. M. O'Brien,Discharged
ADM001116,P1890,2023-10-03,2023-10-17,Medical Ward A,Acute kidney injury,Dr. L. Torres,Discharged
ADM001117,P1891,2023-09-27,2023-10-05,ICU,Acute exacerbation of asthma,Dr. R. Singh,Discharged
ADM001118,P1891,2022-01-15,2022-01-25,HDU,Acute kidney injury,Dr. S. Khan,Discharged
ADM001119,P1891,2024-02-17,2024-02-19,Respiratory Ward,Acute kidney injury,Dr. C. Müller,Discharged
ADM001120,P1892,2023-10-05,2023-10-15,Oncology Ward,Elective procedure,Dr. M. O'Brien,Discharged
ADM001121,P1892,2022-05-30,2022-06-10,Surgical Ward,Acute exacerbation of asthma,Dr. J. Nkosi,Discharged
ADM001122,P1894,2024-07-30,2024-08-03,Medical Ward A,Sepsis,Dr. L. Torres,Discharged
ADM001123,P1895,2022-12-07,2022-12-13,Medical Ward A,Acute kidney injury,Dr. A. Patel,Discharged
ADM001124,P1895,2022-08-08,2022-08-18,Surgical Ward,Sepsis,Dr. L. Torres,Discharged
ADM001125,P1897,2022-11-18,,Medical Ward B,Sepsis,Dr. S. Khan,Current
ADM001126,P1897,2023-05-18,2023-05-22,Endocrinology Ward,Stroke workup,Dr. M. O'Brien,Discharged
ADM001127,P1898,2022-10-05,2022-10-16,Endocrinology Ward,Stroke workup,Dr. A. Patel,Discharged
ADM001128,P1902,2022-08-22,2022-09-04,Endocrinology Ward,Diabetic ketoacidosis,Dr. J. Nkosi,Discharged
ADM001129,P1902,2023-06-11,2023-06-14,Respiratory Ward,Chest pain query ACS,Dr. S. Khan,Discharged
ADM001130,P1902,2023-06-08,2023-06-10,Endocrinology Ward,Acute exacerbation of asthma,Dr. L. Torres,Discharged
ADM001131,P1905,2024-11-14,2024-11-18,Medical Ward B,Community-acquired pneumonia,Dr. R. Singh,Discharged
ADM001132,P1905,2023-01-07,2023-01-18,Medical Ward A,Diabetic ketoacidosis,Dr. L. Torres,Discharged
ADM001133,P1905,2023-02-11,2023-02-23,Medical Ward B,Acute exacerbation of asthma,Dr. A. Patel,Discharged
ADM001134,P1907,2024-08-27,2024-09-06,Respiratory Ward,Heart failure decompensation,Dr. S. Khan,Discharged
ADM001135,P1910,2023-11-22,2023-11-24,Respiratory Ward,Sepsis,Dr. Y. Tanaka,Discharged
ADM001136,P1910,2023-11-02,2023-11-04,HDU,Hypertensive urgency,Dr. L. Torres,Discharged
ADM001137,P1910,2022-06-15,2022-06-16,Medical Ward A,Stroke workup,Dr. J. Nkosi,Discharged
ADM001138,P1914,2022-07-19,2022-07-20,Endocrinology Ward,Heart failure decompensation,Dr. J. Nkosi,Discharged
ADM001139,P1915,2023-02-16,2023-02-19,Cardiology Ward,Diabetic ketoacidosis,Dr. S. Khan,Discharged
ADM001140,P1915,2023-01-26,,Medical Ward B,Diabetic ketoacidosis,Dr. A. Patel,Current
ADM001141,P1915,2022-03-18,2022-03-26,Surgical Ward,Sepsis,Dr. A. Patel,Discharged
ADM001142,P1917,2024-12-02,2024-12-05,Medical Ward B,Acute exacerbation of asthma,Dr. Y. Tanaka,Discharged
ADM001143,P1917,2024-06-06,2024-06-20,Cardiology Ward,Hypertensive urgency,Dr. L. Torres,Discharged
ADM001144,P1918,2022-11-25,2022-12-06,Endocrinology Ward,Chest pain query ACS,Dr. C. Müller,Discharged
ADM001145,P1918,2024-02-14,2024-02-28,Endocrinology Ward,Acute kidney injury,Dr. S. Khan,Discharged
ADM001146,P1918,2022-02-10,2022-02-17,Surgical Ward,Stroke workup,Dr. R. Singh,Discharged
ADM001147,P1920,2024-09-05,2024-09-13,Medical Ward A,Elective procedure,Dr. C. Müller,Discharged
ADM001148,P1920,2022-12-25,,Respiratory Ward,Acute kidney injury,Dr. A. Patel,Current
ADM001149,P1921,2024-06-03,2024-06-10,HDU,Diabetic ketoacidosis,Dr. L. Torres,Discharged
ADM001150,P1921,2024-04-05,2024-04-10,Cardiology Ward,Elective procedure,Dr. A. Patel,Discharged
ADM001151,P1922,2022-11-03,2022-11-12,Oncology Ward,Hypertensive urgency,Dr. Y. Tanaka,Discharged
ADM001152,P1922,2023-09-28,2023-10-07,Medical Ward A,Stroke workup,Dr. L. Torres,Discharged
ADM001153,P1923,2022-07-12,2022-07-26,ICU,Chest pain query ACS,Dr. R. Singh,Discharged
ADM001154,P1923,2024-07-12,,ICU,Community-acquired pneumonia,Dr. L. Torres,Current
ADM001155,P1925,2022-10-23,2022-10-25,ICU,Acute kidney injury,Dr. Y. Tanaka,Discharged
ADM001156,P1925,2023-01-20,,ICU,Acute kidney injury,Dr. R. Singh,Current
ADM001157,P1925,2022-05-27,2022-05-31,Respiratory Ward,Chest pain query ACS,Dr. J. Nkosi,Discharged
ADM001158,P1927,2022-09-18,2022-10-02,Respiratory Ward,Sepsis,Dr. Y. Tanaka,Discharged
ADM001159,P1927,2024-03-15,2024-03-27,Respiratory Ward,Stroke workup,Dr. C. Müller,Discharged
ADM001160,P1929,2023-11-13,2023-11-14,Oncology Ward,Stroke workup,Dr. A. Patel,Discharged
ADM001161,P1929,2022-03-16,2022-03-20,Endocrinology Ward,Diabetic ketoacidosis,Dr. Y. Tanaka,Discharged
ADM001162,P1931,2022-04-03,,Surgical Ward,Stroke workup,Dr. M. O'Brien,Current
ADM001163,P1933,2024-09-15,2024-09-24,Surgical Ward,Heart failure decompensation,Dr. J. Nkosi,Discharged
ADM001164,P1933,2024-08-13,2024-08-26,HDU,Stroke workup,Dr. R. Singh,Discharged
ADM001165,P1933,2024-03-20,2024-03-22,ICU,Acute exacerbation of asthma,Dr. R. Singh,Discharged
ADM001166,P1935,2023-09-14,2023-09-21,Oncology Ward,Heart failure decompensation,Dr. A. Patel,Discharged
ADM001167,P1935,2024-08-18,2024-08-19,HDU,Community-acquired pneumonia,Dr. C. Müller,Discharged
ADM001168,P1940,2024-05-30,2024-06-13,ICU,Acute exacerbation of asthma,Dr. A. Patel,Discharged
ADM001169,P1940,2024-10-04,2024-10-10,Endocrinology Ward,Acute kidney injury,Dr. M. O'Brien,Discharged
ADM001170,P1940,2024-02-15,2024-02-16,Respiratory Ward,Acute exacerbation of asthma,Dr. R. Singh,Discharged
ADM001171,P1941,2023-03-29,2023-04-01,Medical Ward B,Diabetic ketoacidosis,Dr. J. Nkosi,Discharged
ADM001172,P1941,2024-05-23,2024-06-05,Cardiology Ward,Heart failure decompensation,Dr. A. Patel,Discharged
ADM001173,P1941,2023-07-13,,Oncology Ward,Chest pain query ACS,Dr. L. Torres,Current
ADM001174,P1942,2022-11-08,,Oncology Ward,Acute kidney injury,Dr. M. O'Brien,Current
ADM001175,P1943,2023-08-22,2023-08-31,Medical Ward B,Elective procedure,Dr. L. Torres,Discharged
ADM001176,P1943,2024-09-14,2024-09-27,Oncology Ward,Diabetic ketoacidosis,Dr. S. Khan,Discharged
ADM001177,P1943,2024-06-09,2024-06-18,Medical Ward A,Stroke workup,Dr. C. Müller,Discharged
ADM001178,P1946,2024-08-03,2024-08-05,Surgical Ward,Sepsis,Dr. J. Nkosi,Discharged
ADM001179,P1946,2022-11-23,2022-11-30,ICU,Stroke workup,Dr. C. Müller,Discharged
ADM001180,P1946,2022-11-25,2022-12-01,Surgical Ward,Community-acquired pneumonia,Dr. C. Müller,Discharged
ADM001181,P1947,2024-01-18,2024-01-30,Respiratory Ward,Stroke workup,Dr. R. Singh,Discharged
ADM001182,P1947,2023-11-20,2023-11-27,Medical Ward B,Elective procedure,Dr. S. Khan,Discharged
ADM001183,P1947,2023-09-28,2023-10-03,Surgical Ward,Sepsis,Dr. R. Singh,Discharged
ADM001184,P1949,2022-05-22,2022-05-27,ICU,Hypertensive urgency,Dr. J. Nkosi,Discharged
ADM001185,P1949,2022-03-31,2022-04-03,Endocrinology Ward,Acute exacerbation of asthma,Dr. S. Khan,Discharged
ADM001186,P1949,2024-09-15,2024-09-28,ICU,Diabetic ketoacidosis,Dr. A. Patel,Discharged
ADM001187,P1951,2022-02-11,2022-02-13,ICU,Stroke workup,Dr. L. Torres,Discharged
ADM001188,P1951,2024-10-28,2024-11-11,Medical Ward B,Sepsis,Dr. A. Patel,Discharged
ADM001189,P1951,2022-09-10,2022-09-21,ICU,Acute kidney injury,Dr. L. Torres,Discharged
ADM001190,P1952,2024-09-18,2024-09-20,Surgical Ward,Stroke workup,Dr. L. Torres,Discharged
ADM001191,P1952,2022-11-07,2022-11-13,HDU,Hypertensive urgency,Dr. A. Patel,Discharged
ADM001192,P1953,2023-05-03,2023-05-06,ICU,Elective procedure,Dr. L. Torres,Discharged
ADM001193,P1958,2024-08-18,2024-08-21,ICU,Community-acquired pneumonia,Dr. C. Müller,Discharged
ADM001194,P1958,2022-02-04,2022-02-05,Medical Ward A,Chest pain query ACS,Dr. Y. Tanaka,Discharged
ADM001195,P1958,2024-10-09,2024-10-17,Respiratory Ward,Chest pain query ACS,Dr. C. Müller,Discharged
ADM001196,P1960,2024-03-01,,HDU,Heart failure decompensation,Dr. Y. Tanaka,Current
ADM001197,P1961,2023-02-08,2023-02-22,ICU,Diabetic ketoacidosis,Dr. L. Torres,Discharged
ADM001198,P1961,2022-01-29,2022-02-11,Respiratory Ward,Chest pain query ACS,Dr. C. Müller,Discharged
ADM001199,P1962,2022-06-07,,Oncology Ward,Community-acquired pneumonia,Dr. C. Müller,Current
ADM001200,P1964,2023-03-02,2023-03-07,Cardiology Ward,Diabetic ketoacidosis,Dr. C. Müller,Discharged
ADM001201,P1964,2022-12-02,2022-12-11,Oncology Ward,Elective procedure,Dr. R. Singh,Discharged
ADM001202,P1966,2022-12-13,2022-12-18,Endocrinology Ward,Hypertensive urgency,Dr. S. Khan,Discharged
ADM001203,P1967,2023-07-18,,Surgical Ward,Sepsis,Dr. C. Müller,Current
ADM001204,P1968,2024-12-21,2024-12-29,Cardiology Ward,Community-acquired pneumonia,Dr. J. Nkosi,Discharged
ADM001205,P1968,2022-03-07,2022-03-13,Medical Ward A,Elective procedure,Dr. A. Patel,Discharged
ADM001206,P1968,2023-08-13,2023-08-16,Oncology Ward,Heart failure decompensation,Dr. C. Müller,Discharged
ADM001207,P1971,2022-03-29,2022-04-05,Endocrinology Ward,Acute exacerbation of asthma,Dr. A. Patel,Discharged
ADM001208,P1972,2022-05-21,2022-06-02,Surgical Ward,Community-acquired pneumonia,Dr. C. Müller,Discharged
ADM001209,P1974,2022-06-30,2022-07-13,Medical Ward B,Diabetic ketoacidosis,Dr. C. Müller,Discharged
ADM001210,P1974,2024-12-03,,Medical Ward A,Hypertensive urgency,Dr. S. Khan,Current
ADM001211,P1976,2023-05-26,2023-06-02,HDU,Sepsis,Dr. L. Torres,Discharged
ADM001212,P1976,2024-08-14,2024-08-24,HDU,Hypertensive urgency,Dr. A. Patel,Discharged
ADM001213,P1976,2022-06-11,2022-06-14,Medical Ward B,Chest pain query ACS,Dr. S. Khan,Discharged
ADM001214,P1979,2023-04-27,2023-05-05,Medical Ward A,Elective procedure,Dr. A. Patel,Discharged
ADM001215,P1981,2023-01-01,,Endocrinology Ward,Elective procedure,Dr. J. Nkosi,Current
ADM001216,P1981,2022-08-04,2022-08-16,Oncology Ward,Community-acquired pneumonia,Dr. L. Torres,Discharged
ADM001217,P1981,2023-06-16,2023-06-20,Oncology Ward,Chest pain query ACS,Dr. L. Torres,Discharged
ADM001218,P1982,2022-12-07,2022-12-10,ICU,Sepsis,Dr. C. Müller,Discharged
ADM001219,P1983,2023-08-11,,Cardiology Ward,Elective procedure,Dr. Y. Tanaka,Current
ADM001220,P1983,2024-05-16,2024-05-25,Oncology Ward,Acute exacerbation of asthma,Dr. M. O'Brien,Discharged
ADM001221,P1983,2023-08-12,2023-08-22,Oncology Ward,Hypertensive urgency,Dr. R. Singh,Discharged
ADM001222,P1984,2024-06-21,2024-06-28,Endocrinology Ward,Hypertensive urgency,Dr. M. O'Brien,Discharged
ADM001223,P1984,2023-10-30,2023-11-07,HDU,Acute kidney injury,Dr. L. Torres,Discharged
ADM001224,P1984,2024-07-15,2024-07-28,Surgical Ward,Chest pain query ACS,Dr. C. Müller,Discharged
ADM001225,P1985,2024-12-06,2024-12-08,HDU,Sepsis,Dr. Y. Tanaka,Discharged
ADM001226,P1985,2024-02-17,,Respiratory Ward,Community-acquired pneumonia,Dr. R. Singh,Current
ADM001227,P1990,2024-08-28,2024-08-30,ICU,Chest pain query ACS,Dr. Y. Tanaka,Discharged
ADM001228,P1990,2022-12-07,2022-12-21,Respiratory Ward,Chest pain query ACS,Dr. L. Torres,Discharged
ADM001229,P1992,2023-09-25,2023-09-30,Cardiology Ward,Sepsis,Dr. R. Singh,Discharged
ADM001230,P1992,2023-03-03,2023-03-11,HDU,Diabetic ketoacidosis,Dr. J. Nkosi,Discharged
ADM001231,P1992,2023-12-22,2023-12-30,Oncology Ward,Chest pain query ACS,Dr. R. Singh,Discharged
ADM001232,P1994,2023-09-20,2023-10-02,Respiratory Ward,Elective procedure,Dr. M. O'Brien,Discharged
ADM001233,P1997,2022-02-03,,ICU,Acute exacerbation of asthma,Dr. C. Müller,Current
ADM001234,P1997,2023-10-12,2023-10-18,Endocrinology Ward,Diabetic ketoacidosis,Dr. Y. Tanaka,Discharged
ADM001235,P2000,2023-06-20,2023-07-01,Oncology Ward,Sepsis,Dr. J. Nkosi,Discharged
ADM001236,P2000,2022-06-19,2022-07-02,ICU,Elective procedure,Dr. M. O'Brien,Discharged
ADM001237,P2000,2023-05-12,2023-05-14,Cardiology Ward,Stroke workup,Dr. L. Torres,Discharged
ADM001238,P2003,2024-01-16,2024-01-22,Endocrinology Ward,Hypertensive urgency,Dr. Y. Tanaka,Discharged
ADM001239,P2004,2024-08-22,2024-08-28,ICU,Heart failure decompensation,Dr. J. Nkosi,Discharged
ADM001240,P2004,2023-03-08,,Medical Ward B,Elective procedure,Dr. M. O'Brien,Current
ADM001241,P2004,2024-10-04,2024-10-08,HDU,Acute kidney injury,Dr. R. Singh,Discharged
ADM001242,P2006,2024-06-19,,HDU,Stroke workup,Dr. R. Singh,Current
ADM001243,P2006,2022-02-01,2022-02-15,Medical Ward B,Community-acquired pneumonia,Dr. S. Khan,Discharged
ADM001244,P2007,2022-11-01,2022-11-02,Medical Ward B,Elective procedure,Dr. A. Patel,Discharged
ADM001245,P2010,2023-02-22,2023-03-08,ICU,Stroke workup,Dr. L. Torres,Discharged
ADM001246,P2010,2024-01-06,2024-01-13,Surgical Ward,Acute kidney injury,Dr. L. Torres,Discharged
ADM001247,P2010,2022-08-27,,Medical Ward B,Acute exacerbation of asthma,Dr. L. Torres,Current
ADM001248,P2012,2024-09-29,2024-10-04,Medical Ward B,Heart failure decompensation,Dr. C. Müller,Discharged
ADM001249,P2013,2024-01-27,2024-02-03,Oncology Ward,Stroke workup,Dr. L. Torres,Discharged
ADM001250,P2013,2024-03-05,2024-03-06,Endocrinology Ward,Community-acquired pneumonia,Dr. R. Singh,Discharged
ADM001251,P2013,2022-05-06,2022-05-17,ICU,Stroke workup,Dr. J. Nkosi,Discharged
ADM001252,P2015,2024-05-29,2024-06-10,HDU,Acute exacerbation of asthma,Dr. J. Nkosi,Discharged
ADM001253,P2015,2023-08-05,2023-08-08,Cardiology Ward,Stroke workup,Dr. M. O'Brien,Discharged
ADM001254,P2017,2023-12-02,2023-12-06,Endocrinology Ward,Heart failure decompensation,Dr. A. Patel,Discharged
ADM001255,P2018,2022-03-05,2022-03-11,Medical Ward A,Chest pain query ACS,Dr. A. Patel,Discharged
ADM001256,P2018,2022-06-06,2022-06-13,Medical Ward A,Acute exacerbation of asthma,Dr. L. Torres,Discharged
ADM001257,P2019,2024-10-19,2024-10-21,ICU,Hypertensive urgency,Dr. C. Müller,Discharged
ADM001258,P2019,2023-07-29,2023-08-11,Respiratory Ward,Community-acquired pneumonia,Dr. S. Khan,Discharged
ADM001259,P2020,2023-08-09,2023-08-22,ICU,Chest pain query ACS,Dr. R. Singh,Discharged
ADM001260,P2020,2022-06-04,2022-06-06,Respiratory Ward,Diabetic ketoacidosis,Dr. A. Patel,Discharged
ADM001261,P2022,2022-10-24,2022-10-26,Endocrinology Ward,Elective procedure,Dr. A. Patel,Discharged
ADM001262,P2022,2022-05-22,2022-06-02,ICU,Elective procedure,Dr. M. O'Brien,Discharged
ADM001263,P2023,2023-06-29,2023-06-30,HDU,Acute exacerbation of asthma,Dr. L. Torres,Discharged
ADM001264,P2023,2022-01-04,2022-01-18,ICU,Stroke workup,Dr. C. Müller,Discharged
ADM001265,P2024,2024-05-06,2024-05-19,ICU,Hypertensive urgency,Dr. Y. Tanaka,Discharged
ADM001266,P2026,2024-02-13,,Endocrinology Ward,Hypertensive urgency,Dr. J. Nkosi,Current
ADM001267,P2028,2023-08-18,2023-08-23,ICU,Heart failure decompensation,Dr. M. O'Brien,Discharged
ADM001268,P2028,2023-01-27,2023-02-02,Oncology Ward,Hypertensive urgency,Dr. C. Müller,Discharged
ADM001269,P2030,2023-04-26,2023-04-29,Endocrinology Ward,Community-acquired pneumonia,Dr. L. Torres,Discharged
ADM001270,P2030,2024-06-17,2024-07-01,Surgical Ward,Hypertensive urgency,Dr. J. Nkosi,Discharged
ADM001271,P2030,2022-09-04,2022-09-10,ICU,Chest pain query ACS,Dr. J. Nkosi,Discharged
ADM001272,P2032,2022-07-13,2022-07-27,Oncology Ward,Community-acquired pneumonia,Dr. A. Patel,Discharged
ADM001273,P2035,2023-10-18,2023-10-26,ICU,Acute kidney injury,Dr. A. Patel,Discharged
ADM001274,P2035,2022-12-02,,Surgical Ward,Sepsis,Dr. L. Torres,Current
ADM001275,P2036,2024-07-18,2024-07-27,ICU,Hypertensive urgency,Dr. L. Torres,Discharged
ADM001276,P2036,2023-05-11,,Surgical Ward,Hypertensive urgency,Dr. C. Müller,Current
ADM001277,P2040,2023-12-06,,Respiratory Ward,Acute exacerbation of asthma,Dr. R. Singh,Current
ADM001278,P2040,2024-10-23,2024-11-01,Respiratory Ward,Acute kidney injury,Dr. A. Patel,Discharged
ADM001279,P2042,2024-06-04,2024-06-07,ICU,Heart failure decompensation,Dr. L. Torres,Discharged
ADM001280,P2042,2024-01-19,2024-01-31,Oncology Ward,Heart failure decompensation,Dr. L. Torres,Discharged
ADM001281,P2042,2024-02-12,2024-02-24,Cardiology Ward,Acute exacerbation of asthma,Dr. R. Singh,Discharged
ADM001282,P2043,2024-02-16,2024-02-18,Respiratory Ward,Acute exacerbation of asthma,Dr. J. Nkosi,Discharged
ADM001283,P2043,2024-05-11,2024-05-19,Surgical Ward,Stroke workup,Dr. L. Torres,Discharged
ADM001284,P2043,2022-10-22,2022-11-04,Surgical Ward,Acute exacerbation of asthma,Dr. J. Nkosi,Discharged
ADM001285,P2045,2023-06-21,,ICU,Acute exacerbation of asthma,Dr. Y. Tanaka,Current
ADM001286,P2045,2024-06-14,2024-06-21,Surgical Ward,Sepsis,Dr. M. O'Brien,Discharged
ADM001287,P2046,2022-05-21,2022-05-25,ICU,Sepsis,Dr. J. Nkosi,Discharged
ADM001288,P2047,2024-06-23,2024-07-03,Cardiology Ward,Heart failure decompensation,Dr. S. Khan,Discharged
ADM001289,P2047,2024-04-17,2024-04-24,Medical Ward A,Heart failure decompensation,Dr. L. Torres,Discharged
ADM001290,P2048,2023-12-19,2024-01-02,Respiratory Ward,Heart failure decompensation,Dr. S. Khan,Discharged
ADM001291,P2048,2024-01-24,2024-02-07,Cardiology Ward,Heart failure decompensation,Dr. J. Nkosi,Discharged
ADM001292,P2048,2023-11-14,,Oncology Ward,Acute kidney injury,Dr. J. Nkosi,Current
ADM001293,P2049,2022-07-19,2022-07-31,Respiratory Ward,Stroke workup,Dr. M. O'Brien,Discharged
ADM001294,P2049,2022-05-17,2022-05-25,Respiratory Ward,Acute kidney injury,Dr. S. Khan,Discharged
ADM001295,P2051,2024-12-25,2025-01-05,Oncology Ward,Heart failure decompensation,Dr. Y. Tanaka,Discharged
ADM001296,P2051,2022-01-24,,ICU,Chest pain query ACS,Dr. C. Müller,Current
ADM001297,P2052,2024-04-04,2024-04-17,HDU,Heart failure decompensation,Dr. S. Khan,Discharged
ADM001298,P2052,2024-03-27,2024-04-01,ICU,Community-acquired pneumonia,Dr. J. Nkosi,Discharged
ADM001299,P2053,2024-03-17,2024-03-25,Medical Ward A,Heart failure decompensation,Dr. J. Nkosi,Discharged
ADM001300,P2056,2022-03-30,,HDU,Sepsis,Dr. L. Torres,Current
ADM001301,P2057,2022-07-24,2022-07-26,Cardiology Ward,Stroke workup,Dr. J. Nkosi,Discharged
ADM001302,P2057,2024-09-30,2024-10-03,ICU,Acute kidney injury,Dr. M. O'Brien,Discharged
ADM001303,P2058,2024-08-25,2024-08-27,Oncology Ward,Stroke workup,Dr. S. Khan,Discharged
ADM001304,P2058,2022-06-15,2022-06-29,HDU,Elective procedure,Dr. R. Singh,Discharged
ADM001305,P2058,2024-06-06,,Respiratory Ward,Hypertensive urgency,Dr. L. Torres,Current
ADM001306,P2059,2024-03-11,2024-03-23,Cardiology Ward,Community-acquired pneumonia,Dr. M. O'Brien,Discharged
ADM001307,P2060,2022-12-22,,ICU,Stroke workup,Dr. C. Müller,Current
ADM001308,P2060,2022-03-09,2022-03-17,ICU,Hypertensive urgency,Dr. A. Patel,Discharged
ADM001309,P2060,2023-07-16,2023-07-27,HDU,Sepsis,Dr. J. Nkosi,Discharged
ADM001310,P2061,2024-03-27,2024-04-10,Cardiology Ward,Sepsis,Dr. Y. Tanaka,Discharged
ADM001311,P2062,2022-05-16,2022-05-24,Surgical Ward,Elective procedure,Dr. J. Nkosi,Discharged
ADM001312,P2062,2024-02-28,2024-03-02,Surgical Ward,Community-acquired pneumonia,Dr. L. Torres,Discharged
ADM001313,P2062,2022-03-11,2022-03-16,Endocrinology Ward,Acute exacerbation of asthma,Dr. R. Singh,Discharged
ADM001314,P2063,2023-05-12,2023-05-16,Cardiology Ward,Heart failure decompensation,Dr. L. Torres,Discharged
ADM001315,P2063,2023-01-28,2023-02-06,HDU,Elective procedure,Dr. C. Müller,Discharged
ADM001316,P2064,2023-08-01,2023-08-06,Medical Ward A,Chest pain query ACS,Dr. L. Torres,Discharged
ADM001317,P2064,2023-06-14,2023-06-21,Medical Ward B,Elective procedure,Dr. L. Torres,Discharged
ADM001318,P2066,2024-04-17,2024-04-25,ICU,Stroke workup,Dr. C. Müller,Discharged
ADM001319,P2066,2022-12-25,2023-01-03,HDU,Acute kidney injury,Dr. J. Nkosi,Discharged
ADM001320,P2067,2022-09-10,2022-09-20,ICU,Acute kidney injury,Dr. C. Müller,Discharged
ADM001321,P2067,2022-03-19,2022-03-30,Cardiology Ward,Chest pain query ACS,Dr. M. O'Brien,Discharged
ADM001322,P2069,2023-11-26,2023-11-28,Medical Ward B,Heart failure decompensation,Dr. Y. Tanaka,Discharged
ADM001323,P2069,2023-10-30,2023-11-13,Medical Ward A,Chest pain query ACS,Dr. C. Müller,Discharged
ADM001324,P2071,2024-01-01,2024-01-03,Cardiology Ward,Community-acquired pneumonia,Dr. R. Singh,Discharged
ADM001325,P2074,2024-02-13,2024-02-18,Respiratory Ward,Community-acquired pneumonia,Dr. M. O'Brien,Discharged
ADM001326,P2074,2023-02-15,2023-02-18,Surgical Ward,Heart failure decompensation,Dr. S. Khan,Discharged
ADM001327,P2074,2024-11-01,2024-11-03,Oncology Ward,Hypertensive urgency,Dr. S. Khan,Discharged
ADM001328,P2075,2022-01-23,2022-01-31,ICU,Community-acquired pneumonia,Dr. M. O'Brien,Discharged
ADM001329,P2079,2024-03-07,2024-03-08,Oncology Ward,Acute kidney injury,Dr. C. Müller,Discharged
ADM001330,P2080,2024-02-15,2024-02-18,Cardiology Ward,Stroke workup,Dr. Y. Tanaka,Discharged
ADM001331,P2080,2022-06-16,,ICU,Hypertensive urgency,Dr. L. Torres,Current
ADM001332,P2082,2022-07-26,2022-07-30,Oncology Ward,Diabetic ketoacidosis,Dr. S. Khan,Discharged
ADM001333,P2082,2024-01-02,2024-01-13,Surgical Ward,Acute exacerbation of asthma,Dr. J. Nkosi,Discharged
ADM001334,P2082,2023-03-10,2023-03-20,Cardiology Ward,Heart failure decompensation,Dr. Y. Tanaka,Discharged
ADM001335,P2083,2023-06-09,,Oncology Ward,Diabetic ketoacidosis,Dr. Y. Tanaka,Current
ADM001336,P2083,2024-02-11,2024-02-19,Respiratory Ward,Hypertensive urgency,Dr. A. Patel,Discharged
ADM001337,P2083,2023-09-22,,Surgical Ward,Community-acquired pneumonia,Dr. A. Patel,Current
ADM001338,P2085,2024-11-18,2024-11-30,Oncology Ward,Acute kidney injury,Dr. R. Singh,Discharged
ADM001339,P2086,2022-10-23,2022-11-06,Surgical Ward,Elective procedure,Dr. C. Müller,Discharged
ADM001340,P2087,2024-07-23,,Endocrinology Ward,Elective procedure,Dr. R. Singh,Current
ADM001341,P2087,2023-03-02,2023-03-08,Surgical Ward,Acute kidney injury,Dr. S. Khan,Discharged
ADM001342,P2087,2023-07-03,2023-07-06,Surgical Ward,Diabetic ketoacidosis,Dr. Y. Tanaka,Discharged
ADM001343,P2090,2024-05-26,2024-06-02,ICU,Hypertensive urgency,Dr. L. Torres,Discharged
ADM001344,P2090,2024-11-29,2024-11-30,Oncology Ward,Acute exacerbation of asthma,Dr. C. Müller,Discharged
ADM001345,P2090,2022-09-10,2022-09-21,ICU,Elective procedure,Dr. S. Khan,Discharged
ADM001346,P2091,2022-10-21,,HDU,Sepsis,Dr. R. Singh,Current
ADM001347,P2091,2023-05-04,2023-05-16,Cardiology Ward,Acute exacerbation of asthma,Dr. C. Müller,Discharged
ADM001348,P2091,2022-05-12,2022-05-18,Surgical Ward,Hypertensive urgency,Dr. C. Müller,Discharged
ADM001349,P2094,2023-10-09,,Medical Ward B,Elective procedure,Dr. R. Singh,Current
ADM001350,P2094,2023-01-01,2023-01-15,HDU,Hypertensive urgency,Dr. Y. Tanaka,Discharged
ADM001351,P2097,2024-06-25,2024-07-08,Cardiology Ward,Heart failure decompensation,Dr. A. Patel,Discharged
ADM001352,P2097,2022-02-06,2022-02-17,Medical Ward A,Heart failure decompensation,Dr. S. Khan,Discharged
ADM001353,P2098,2023-09-27,2023-09-30,Cardiology Ward,Elective procedure,Dr. S. Khan,Discharged
ADM001354,P2098,2024-01-25,2024-01-26,Endocrinology Ward,Elective procedure,Dr. Y. Tanaka,Discharged
ADM001355,P2098,2022-04-11,2022-04-16,Medical Ward B,Acute exacerbation of asthma,Dr. C. Müller,Discharged
ADM001356,P2099,2022-11-06,,Endocrinology Ward,Community-acquired pneumonia,Dr. Y. Tanaka,Current
ADM001357,P2099,2024-06-26,2024-07-06,Oncology Ward,Elective procedure,Dr. S. Khan,Discharged
ADM001358,P2099,2022-02-11,2022-02-14,ICU,Acute kidney injury,Dr. C. Müller,Discharged
ADM001359,P2100,2023-05-21,2023-05-26,Cardiology Ward,Community-acquired pneumonia,Dr. M. O'Brien,Discharged
ADM001360,P2100,2024-03-18,2024-03-24,Respiratory Ward,Stroke workup,Dr. J. Nkosi,Discharged
ADM001361,P2100,2023-03-09,,Respiratory Ward,Hypertensive urgency,Dr. C. Müller,Current
ADM001362,P2101,2022-06-18,2022-06-30,Oncology Ward,Community-acquired pneumonia,Dr. M. O'Brien,Discharged
ADM001363,P2101,2023-04-09,2023-04-16,Medical Ward B,Elective procedure,Dr. R. Singh,Discharged
ADM001364,P2101,2022-05-22,2022-05-31,ICU,Elective procedure,Dr. R. Singh,Discharged
ADM001365,P2102,2023-04-27,2023-05-02,Endocrinology Ward,Elective procedure,Dr. J. Nkosi,Discharged
ADM001366,P2103,2023-10-29,,Oncology Ward,Sepsis,Dr. Y. Tanaka,Current
ADM001367,P2103,2023-04-13,2023-04-20,Cardiology Ward,Stroke workup,Dr. C. Müller,Discharged
ADM001368,P2103,2023-03-16,2023-03-22,ICU,Hypertensive urgency,Dr. J. Nkosi,Discharged
ADM001369,P2104,2024-12-12,2024-12-22,Oncology Ward,Chest pain query ACS,Dr. L. Torres,Discharged
ADM001370,P2104,2022-06-08,,Medical Ward A,Acute exacerbation of asthma,Dr. M. O'Brien,Current
ADM001371,P2106,2023-12-29,2024-01-04,Oncology Ward,Community-acquired pneumonia,Dr. C. Müller,Discharged
ADM001372,P2106,2022-05-18,,ICU,Elective procedure,Dr. Y. Tanaka,Current
ADM001373,P2108,2022-04-28,2022-04-30,Medical Ward B,Community-acquired pneumonia,Dr. Y. Tanaka,Discharged
ADM001374,P2108,2023-10-29,2023-11-02,Surgical Ward,Community-acquired pneumonia,Dr. A. Patel,Discharged
ADM001375,P2109,2022-03-11,2022-03-12,Endocrinology Ward,Stroke workup,Dr. M. O'Brien,Discharged
ADM001376,P2113,2023-11-19,2023-11-27,Endocrinology Ward,Diabetic ketoacidosis,Dr. R. Singh,Discharged
ADM001377,P2113,2023-05-17,2023-05-26,ICU,Elective procedure,Dr. S. Khan,Discharged
ADM001378,P2113,2024-07-17,,Endocrinology Ward,Stroke workup,Dr. C. Müller,Current
ADM001379,P2114,2024-06-13,2024-06-14,ICU,Community-acquired pneumonia,Dr. M. O'Brien,Discharged
ADM001380,P2116,2022-11-17,,Oncology Ward,Acute exacerbation of asthma,Dr. M. O'Brien,Current
ADM001381,P2117,2022-05-03,2022-05-12,HDU,Elective procedure,Dr. M. O'Brien,Discharged
ADM001382,P2117,2022-02-11,2022-02-14,Respiratory Ward,Heart failure decompensation,Dr. J. Nkosi,Discharged
ADM001383,P2119,2024-02-13,2024-02-20,Cardiology Ward,Diabetic ketoacidosis,Dr. A. Patel,Discharged
ADM001384,P2119,2023-12-10,2023-12-18,Medical Ward B,Sepsis,Dr. R. Singh,Discharged
ADM001385,P2121,2022-03-19,2022-03-30,Respiratory Ward,Heart failure decompensation,Dr. J. Nkosi,Discharged
ADM001386,P2121,2022-03-13,2022-03-17,HDU,Chest pain query ACS,Dr. M. O'Brien,Discharged
ADM001387,P2121,2022-02-20,2022-03-02,Oncology Ward,Hypertensive urgency,Dr. M. O'Brien,Discharged
ADM001388,P2122,2024-01-18,2024-01-23,Respiratory Ward,Hypertensive urgency,Dr. C. Müller,Discharged
ADM001389,P2122,2023-11-21,2023-11-25,HDU,Stroke workup,Dr. L. Torres,Discharged
ADM001390,P2123,2024-03-30,2024-04-05,Medical Ward A,Chest pain query ACS,Dr. A. Patel,Discharged
ADM001391,P2123,2024-05-01,2024-05-11,Cardiology Ward,Community-acquired pneumonia,Dr. Y. Tanaka,Discharged
ADM001392,P2123,2022-12-27,2023-01-03,Oncology Ward,Acute exacerbation of asthma,Dr. R. Singh,Discharged
ADM001393,P2125,2023-11-12,2023-11-20,HDU,Acute exacerbation of asthma,Dr. Y. Tanaka,Discharged
ADM001394,P2126,2024-08-28,2024-09-03,Oncology Ward,Diabetic ketoacidosis,Dr. M. O'Brien,Discharged
ADM001395,P2126,2022-06-07,2022-06-19,Respiratory Ward,Diabetic ketoacidosis,Dr. Y. Tanaka,Discharged
ADM001396,P2126,2024-12-07,2024-12-15,Cardiology Ward,Acute kidney injury,Dr. S. Khan,Discharged
ADM001397,P2128,2023-01-18,2023-01-20,Medical Ward A,Stroke workup,Dr. M. O'Brien,Discharged
ADM001398,P2128,2024-11-25,2024-11-26,Endocrinology Ward,Elective procedure,Dr. Y. Tanaka,Discharged
ADM001399,P2129,2022-03-08,2022-03-20,Surgical Ward,Stroke workup,Dr. S. Khan,Discharged
ADM001400,P2129,2023-08-09,2023-08-12,Surgical Ward,Acute exacerbation of asthma,Dr. L. Torres,Discharged
ADM001401,P2129,2023-06-30,2023-07-03,Cardiology Ward,Acute exacerbation of asthma,Dr. M. O'Brien,Discharged
ADM001402,P2130,2024-05-16,2024-05-28,Surgical Ward,Hypertensive urgency,Dr. L. Torres,Discharged
ADM001403,P2130,2022-03-19,2022-03-29,ICU,Sepsis,Dr. M. O'Brien,Discharged
ADM001404,P2130,2022-04-21,2022-04-30,Medical Ward A,Stroke workup,Dr. R. Singh,Discharged
ADM001405,P2132,2022-07-19,2022-07-29,Respiratory Ward,Community-acquired pneumonia,Dr. A. Patel,Discharged
ADM001406,P2132,2024-07-04,2024-07-15,Medical Ward A,Diabetic ketoacidosis,Dr. Y. Tanaka,Discharged
ADM001407,P2132,2024-07-18,,HDU,Elective procedure,Dr. L. Torres,Current
ADM001408,P2136,2023-09-07,2023-09-14,Surgical Ward,Sepsis,Dr. R. Singh,Discharged
ADM001409,P2136,2022-09-05,2022-09-17,Medical Ward A,Elective procedure,Dr. C. Müller,Discharged
ADM001410,P2137,2022-07-16,2022-07-22,ICU,Stroke workup,Dr. R. Singh,Discharged
ADM001411,P2137,2024-03-08,,Surgical Ward,Elective procedure,Dr. Y. Tanaka,Current
ADM001412,P2137,2023-01-05,2023-01-07,Surgical Ward,Sepsis,Dr. A. Patel,Discharged
ADM001413,P2139,2022-07-27,2022-07-30,Respiratory Ward,Hypertensive urgency,Dr. A. Patel,Discharged
ADM001414,P2139,2022-04-27,2022-05-01,HDU,Diabetic ketoacidosis,Dr. M. O'Brien,Discharged
ADM001415,P2139,2022-08-16,2022-08-30,Oncology Ward,Diabetic ketoacidosis,Dr. C. Müller,Discharged
ADM001416,P2141,2022-06-19,2022-06-26,Medical Ward B,Sepsis,Dr. Y. Tanaka,Discharged
ADM001417,P2141,2022-12-14,2022-12-28,ICU,Diabetic ketoacidosis,Dr. A. Patel,Discharged
ADM001418,P2143,2023-09-06,,Medical Ward A,Diabetic ketoacidosis,Dr. R. Singh,Current
ADM001419,P2145,2024-04-24,2024-05-03,Surgical Ward,Heart failure decompensation,Dr. J. Nkosi,Discharged
ADM001420,P2146,2022-12-25,2022-12-26,Respiratory Ward,Community-acquired pneumonia,Dr. Y. Tanaka,Discharged
ADM001421,P2147,2024-07-09,2024-07-12,Medical Ward A,Acute exacerbation of asthma,Dr. A. Patel,Discharged
ADM001422,P2147,2024-09-12,2024-09-26,Medical Ward B,Diabetic ketoacidosis,Dr. C. Müller,Discharged
ADM001423,P2147,2023-04-01,2023-04-08,Oncology Ward,Heart failure decompensation,Dr. S. Khan,Discharged
ADM001424,P2148,2023-03-13,2023-03-15,Oncology Ward,Chest pain query ACS,Dr. R. Singh,Discharged
ADM001425,P2150,2024-04-30,2024-05-02,Cardiology Ward,Acute exacerbation of asthma,Dr. S. Khan,Discharged
ADM001426,P2150,2022-12-08,2022-12-15,Endocrinology Ward,Acute kidney injury,Dr. Y. Tanaka,Discharged
ADM001427,P2151,2024-09-16,2024-09-22,Cardiology Ward,Sepsis,Dr. A. Patel,Discharged
ADM001428,P2151,2022-09-19,2022-09-27,Cardiology Ward,Sepsis,Dr. A. Patel,Discharged
ADM001429,P2152,2023-05-23,2023-06-04,Respiratory Ward,Elective procedure,Dr. A. Patel,Discharged
ADM001430,P2152,2022-08-29,2022-09-04,Cardiology Ward,Community-acquired pneumonia,Dr. S. Khan,Discharged
ADM001431,P2152,2024-05-04,2024-05-05,Oncology Ward,Chest pain query ACS,Dr. C. Müller,Discharged
ADM001432,P2156,2023-09-13,2023-09-25,Endocrinology Ward,Hypertensive urgency,Dr. L. Torres,Discharged
ADM001433,P2158,2024-11-01,,Cardiology Ward,Acute exacerbation of asthma,Dr. R. Singh,Current
ADM001434,P2158,2023-07-16,2023-07-24,Endocrinology Ward,Chest pain query ACS,Dr. C. Müller,Discharged
ADM001435,P2158,2022-10-24,2022-11-05,Oncology Ward,Elective procedure,Dr. Y. Tanaka,Discharged
ADM001436,P2161,2022-10-07,2022-10-14,Medical Ward A,Acute exacerbation of asthma,Dr. C. Müller,Discharged
ADM001437,P2161,2024-02-12,2024-02-16,ICU,Elective procedure,Dr. J. Nkosi,Discharged
ADM001438,P2161,2023-12-04,2023-12-15,Surgical Ward,Community-acquired pneumonia,Dr. S. Khan,Discharged
ADM001439,P2162,2023-04-28,2023-05-11,Surgical Ward,Diabetic ketoacidosis,Dr. L. Torres,Discharged
ADM001440,P2162,2024-02-12,,Respiratory Ward,Acute kidney injury,Dr. M. O'Brien,Current
ADM001441,P2165,2024-08-27,2024-09-07,Endocrinology Ward,Acute kidney injury,Dr. R. Singh,Discharged
ADM001442,P2165,2023-08-01,2023-08-05,Endocrinology Ward,Acute kidney injury,Dr. Y. Tanaka,Discharged
ADM001443,P2166,2022-01-29,2022-02-12,Endocrinology Ward,Acute kidney injury,Dr. A. Patel,Discharged
ADM001444,P2167,2023-10-12,2023-10-19,Oncology Ward,Sepsis,Dr. C. Müller,Discharged
ADM001445,P2167,2022-07-23,2022-08-02,Medical Ward A,Chest pain query ACS,Dr. A. Patel,Discharged
ADM001446,P2167,2022-07-04,2022-07-15,Cardiology Ward,Heart failure decompensation,Dr. L. Torres,Discharged
ADM001447,P2168,2023-02-04,,Oncology Ward,Stroke workup,Dr. J. Nkosi,Current
ADM001448,P2168,2024-10-14,2024-10-15,ICU,Diabetic ketoacidosis,Dr. S. Khan,Discharged
ADM001449,P2169,2023-05-09,2023-05-15,Respiratory Ward,Heart failure decompensation,Dr. A. Patel,Discharged
ADM001450,P2169,2023-11-06,,Surgical Ward,Community-acquired pneumonia,Dr. L. Torres,Current
ADM001451,P2172,2023-10-17,2023-10-31,Respiratory Ward,Diabetic ketoacidosis,Dr. L. Torres,Discharged
ADM001452,P2173,2024-06-18,2024-07-02,ICU,Heart failure decompensation,Dr. R. Singh,Discharged
ADM001453,P2173,2022-05-24,2022-06-07,Medical Ward A,Acute exacerbation of asthma,Dr. M. O'Brien,Discharged
ADM001454,P2174,2024-01-14,2024-01-24,Oncology Ward,Acute kidney injury,Dr. J. Nkosi,Discharged
ADM001455,P2174,2024-08-07,2024-08-09,ICU,Diabetic ketoacidosis,Dr. A. Patel,Discharged
ADM001456,P2174,2024-11-08,2024-11-15,Surgical Ward,Acute kidney injury,Dr. A. Patel,Discharged
ADM001457,P2175,2022-05-17,2022-05-19,Oncology Ward,Hypertensive urgency,Dr. L. Torres,Discharged
ADM001458,P2179,2022-01-06,2022-01-08,HDU,Chest pain query ACS,Dr. A. Patel,Discharged
ADM001459,P2179,2022-10-25,2022-10-27,Endocrinology Ward,Community-acquired pneumonia,Dr. A. Patel,Discharged
ADM001460,P2179,2023-01-10,,Surgical Ward,Hypertensive urgency,Dr. A. Patel,Current
ADM001461,P2182,2022-01-18,2022-01-31,Medical Ward B,Acute kidney injury,Dr. L. Torres,Discharged
ADM001462,P2182,2023-01-18,2023-01-30,Medical Ward B,Hypertensive urgency,Dr. J. Nkosi,Discharged
ADM001463,P2182,2022-11-27,2022-12-06,Cardiology Ward,Acute exacerbation of asthma,Dr. Y. Tanaka,Discharged
ADM001464,P2183,2024-10-10,2024-10-22,Surgical Ward,Sepsis,Dr. R. Singh,Discharged
ADM001465,P2184,2023-07-08,2023-07-18,Oncology Ward,Acute exacerbation of asthma,Dr. R. Singh,Discharged
ADM001466,P2185,2022-07-29,2022-08-10,Cardiology Ward,Hypertensive urgency,Dr. A. Patel,Discharged
ADM001467,P2186,2023-06-02,,Endocrinology Ward,Stroke workup,Dr. Y. Tanaka,Current
ADM001468,P2189,2024-07-30,2024-08-06,Medical Ward A,Sepsis,Dr. M. O'Brien,Discharged
ADM001469,P2189,2023-07-30,2023-08-11,Medical Ward A,Sepsis,Dr. A. Patel,Discharged
ADM001470,P2189,2022-01-01,2022-01-04,Surgical Ward,Chest pain query ACS,Dr. J. Nkosi,Discharged
ADM001471,P2192,2023-02-14,2023-02-25,Respiratory Ward,Stroke workup,Dr. M. O'Brien,Discharged
ADM001472,P2192,2024-01-02,2024-01-04,Medical Ward B,Elective procedure,Dr. J. Nkosi,Discharged
ADM001473,P2192,2024-06-26,,HDU,Acute kidney injury,Dr. M. O'Brien,Current
ADM001474,P2195,2024-05-28,2024-06-02,Endocrinology Ward,Acute kidney injury,Dr. Y. Tanaka,Discharged
ADM001475,P2195,2023-11-15,2023-11-22,Medical Ward B,Community-acquired pneumonia,Dr. Y. Tanaka,Discharged
ADM001476,P2195,2023-06-24,2023-06-30,Oncology Ward,Hypertensive urgency,Dr. S. Khan,Discharged
ADM001477,P2197,2024-07-14,2024-07-21,ICU,Hypertensive urgency,Dr. S. Khan,Discharged
ADM001478,P2197,2022-02-13,,Oncology Ward,Community-acquired pneumonia,Dr. Y. Tanaka,Current
ADM001479,P2198,2022-04-29,2022-05-13,Oncology Ward,Community-acquired pneumonia,Dr. J. Nkosi,Discharged
ADM001480,P2198,2023-10-12,2023-10-14,Medical Ward B,Sepsis,Dr. L. Torres,Discharged
ADM001481,P2199,2022-05-17,,Surgical Ward,Community-acquired pneumonia,Dr. L. Torres,Current
ADM001482,P2199,2023-09-10,2023-09-13,Medical Ward B,Chest pain query ACS,Dr. C. Müller,Discharged
ADM001483,P2199,2023-06-09,2023-06-18,Oncology Ward,Acute exacerbation of asthma,Dr. A. Patel,Discharged
ADM001484,P2200,2023-02-03,2023-02-14,Cardiology Ward,Acute exacerbation of asthma,Dr. M. O'Brien,Discharged
ADM001485,P2203,2023-10-05,2023-10-14,Medical Ward B,Hypertensive urgency,Dr. M. O'Brien,Discharged
ADM001486,P2203,2022-05-15,,Surgical Ward,Hypertensive urgency,Dr. C. Müller,Current
ADM001487,P2203,2023-12-30,2024-01-04,ICU,Elective procedure,Dr. L. Torres,Discharged
ADM001488,P2205,2022-06-28,,Endocrinology Ward,Sepsis,Dr. A. Patel,Current
ADM001489,P2205,2024-07-30,2024-08-13,Respiratory Ward,Hypertensive urgency,Dr. M. O'Brien,Discharged
ADM001490,P2206,2024-10-20,2024-10-29,ICU,Heart failure decompensation,Dr. R. Singh,Discharged
ADM001491,P2207,2024-06-23,2024-07-01,Endocrinology Ward,Chest pain query ACS,Dr. M. O'Brien,Discharged
ADM001492,P2207,2023-06-01,2023-06-10,Oncology Ward,Community-acquired pneumonia,Dr. L. Torres,Discharged
ADM001493,P2208,2024-03-20,2024-03-24,Cardiology Ward,Sepsis,Dr. M. O'Brien,Discharged
ADM001494,P2208,2022-04-29,2022-05-11,Medical Ward A,Acute exacerbation of asthma,Dr. A. Patel,Discharged
ADM001495,P2208,2024-04-21,,Endocrinology Ward,Community-acquired pneumonia,Dr. M. O'Brien,Current
ADM001496,P2209,2022-12-06,2022-12-10,ICU,Acute kidney injury,Dr. C. Müller,Discharged
ADM001497,P2209,2023-08-27,2023-08-28,ICU,Diabetic ketoacidosis,Dr. A. Patel,Discharged
ADM001498,P2209,2024-10-23,2024-10-27,Respiratory Ward,Elective procedure,Dr. R. Singh,Discharged
ADM001499,P2210,2022-12-24,2022-12-28,Respiratory Ward,Acute kidney injury,Dr. S. Khan,Discharged
ADM001500,P2210,2023-12-04,2023-12-08,Oncology Ward,Hypertensive urgency,Dr. J. Nkosi,Discharged
ADM001501,P2210,2024-08-03,2024-08-07,Medical Ward B,Sepsis,Dr. A. Patel,Discharged
ADM001502,P2211,2022-11-25,2022-11-30,Medical Ward B,Diabetic ketoacidosis,Dr. A. Patel,Discharged
ADM001503,P2212,2024-12-12,2024-12-16,ICU,Diabetic ketoacidosis,Dr. C. Müller,Discharged
ADM001504,P2214,2022-09-26,2022-10-05,Oncology Ward,Sepsis,Dr. A. Patel,Discharged
ADM001505,P2215,2023-12-13,2023-12-14,Endocrinology Ward,Chest pain query ACS,Dr. M. O'Brien,Discharged
ADM001506,P2215,2023-05-13,2023-05-24,Endocrinology Ward,Hypertensive urgency,Dr. C. Müller,Discharged
ADM001507,P2215,2023-10-29,2023-11-11,Endocrinology Ward,Diabetic ketoacidosis,Dr. Y. Tanaka,Discharged
ADM001508,P2216,2024-08-26,2024-09-02,HDU,Heart failure decompensation,Dr. A. Patel,Discharged
ADM001509,P2216,2023-01-26,2023-01-28,Medical Ward A,Chest pain query ACS,Dr. M. O'Brien,Discharged
ADM001510,P2217,2024-05-18,2024-05-21,HDU,Elective procedure,Dr. Y. Tanaka,Discharged
ADM001511,P2219,2024-12-16,2024-12-23,Medical Ward B,Diabetic ketoacidosis,Dr. J. Nkosi,Discharged
ADM001512,P2219,2024-10-11,2024-10-19,Medical Ward B,Stroke workup,Dr. L. Torres,Discharged
ADM001513,P2222,2024-03-05,2024-03-07,Endocrinology Ward,Chest pain query ACS,Dr. Y. Tanaka,Discharged
ADM001514,P2223,2024-02-03,2024-02-15,Medical Ward A,Chest pain query ACS,Dr. J. Nkosi,Discharged
ADM001515,P2223,2024-05-19,2024-05-22,Respiratory Ward,Sepsis,Dr. R. Singh,Discharged
ADM001516,P2224,2022-10-13,2022-10-27,Endocrinology Ward,Community-acquired pneumonia,Dr. R. Singh,Discharged
ADM001517,P2224,2024-03-20,2024-03-30,Oncology Ward,Acute kidney injury,Dr. J. Nkosi,Discharged
ADM001518,P2224,2022-09-07,2022-09-09,Oncology Ward,Hypertensive urgency,Dr. S. Khan,Discharged
ADM001519,P2225,2024-11-05,2024-11-10,Medical Ward A,Hypertensive urgency,Dr. R. Singh,Discharged
ADM001520,P2225,2023-07-25,2023-07-27,HDU,Diabetic ketoacidosis,Dr. A. Patel,Discharged
ADM001521,P2225,2022-04-28,2022-04-30,Respiratory Ward,Sepsis,Dr. R. Singh,Discharged
ADM001522,P2226,2022-10-07,2022-10-17,Cardiology Ward,Acute kidney injury,Dr. Y. Tanaka,Discharged
ADM001523,P2226,2023-09-20,,Surgical Ward,Community-acquired pneumonia,Dr. A. Patel,Current
ADM001524,P2226,2024-11-15,2024-11-25,Endocrinology Ward,Chest pain query ACS,Dr. A. Patel,Discharged
ADM001525,P2227,2024-05-10,2024-05-20,Medical Ward B,Stroke workup,Dr. J. Nkosi,Discharged
ADM001526,P2227,2022-01-05,,Surgical Ward,Community-acquired pneumonia,Dr. A. Patel,Current
ADM001527,P2229,2023-10-03,2023-10-15,Oncology Ward,Sepsis,Dr. A. Patel,Discharged
ADM001528,P2229,2022-10-28,2022-11-10,HDU,Hypertensive urgency,Dr. R. Singh,Discharged
ADM001529,P2233,2024-02-12,2024-02-13,Medical Ward B,Stroke workup,Dr. J. Nkosi,Discharged
ADM001530,P2233,2022-07-11,2022-07-13,HDU,Community-acquired pneumonia,Dr. L. Torres,Discharged
ADM001531,P2234,2023-08-21,,Surgical Ward,Chest pain query ACS,Dr. A. Patel,Current
ADM001532,P2235,2022-02-11,,Medical Ward A,Heart failure decompensation,Dr. J. Nkosi,Current
ADM001533,P2235,2022-09-04,2022-09-09,Medical Ward B,Acute exacerbation of asthma,Dr. Y. Tanaka,Discharged
ADM001534,P2235,2022-01-26,2022-02-08,Cardiology Ward,Hypertensive urgency,Dr. J. Nkosi,Discharged
ADM001535,P2236,2022-12-25,2023-01-03,Respiratory Ward,Hypertensive urgency,Dr. J. Nkosi,Discharged
ADM001536,P2236,2023-09-27,2023-09-30,Medical Ward A,Elective procedure,Dr. S. Khan,Discharged
ADM001537,P2236,2022-12-30,2023-01-01,Medical Ward A,Community-acquired pneumonia,Dr. S. Khan,Discharged
ADM001538,P2237,2022-04-13,2022-04-20,Oncology Ward,Stroke workup,Dr. M. O'Brien,Discharged
ADM001539,P2241,2023-08-12,2023-08-22,Cardiology Ward,Stroke workup,Dr. S. Khan,Discharged
ADM001540,P2241,2024-12-07,2024-12-21,Medical Ward A,Elective procedure,Dr. R. Singh,Discharged
ADM001541,P2241,2022-06-12,,Endocrinology Ward,Chest pain query ACS,Dr. J. Nkosi,Current
ADM001542,P2245,2023-07-21,2023-08-01,Endocrinology Ward,Sepsis,Dr. C. Müller,Discharged
ADM001543,P2246,2024-12-10,2024-12-19,Oncology Ward,Acute exacerbation of asthma,Dr. M. O'Brien,Discharged
ADM001544,P2247,2024-10-10,2024-10-17,Oncology Ward,Community-acquired pneumonia,Dr. J. Nkosi,Discharged
ADM001545,P2247,2024-11-28,2024-12-08,Surgical Ward,Heart failure decompensation,Dr. M. O'Brien,Discharged
ADM001546,P2248,2023-04-14,2023-04-25,ICU,Elective procedure,Dr. C. Müller,Discharged
ADM001547,P2249,2024-05-05,2024-05-12,Respiratory Ward,Hypertensive urgency,Dr. A. Patel,Discharged
ADM001548,P2249,2022-08-01,2022-08-11,Endocrinology Ward,Hypertensive urgency,Dr. M. O'Brien,Discharged
ADM001549,P2250,2023-10-20,2023-10-26,Cardiology Ward,Stroke workup,Dr. C. Müller,Discharged
ADM001550,P2250,2023-05-25,2023-06-01,Surgical Ward,Elective procedure,Dr. J. Nkosi,Discharged
ADM001551,P2251,2022-04-09,2022-04-20,HDU,Chest pain query ACS,Dr. S. Khan,Discharged
ADM001552,P2255,2023-04-14,2023-04-18,Cardiology Ward,Diabetic ketoacidosis,Dr. S. Khan,Discharged
ADM001553,P2258,2023-05-23,,Cardiology Ward,Heart failure decompensation,Dr. J. Nkosi,Current
ADM001554,P2259,2022-04-02,2022-04-03,Respiratory Ward,Stroke workup,Dr. J. Nkosi,Discharged
ADM001555,P2259,2023-10-10,,ICU,Community-acquired pneumonia,Dr. J. Nkosi,Current
ADM001556,P2261,2023-01-03,2023-01-17,Medical Ward A,Chest pain query ACS,Dr. A. Patel,Discharged
ADM001557,P2261,2023-05-23,2023-05-24,Endocrinology Ward,Community-acquired pneumonia,Dr. M. O'Brien,Discharged
ADM001558,P2261,2022-12-08,2022-12-11,HDU,Acute exacerbation of asthma,Dr. Y. Tanaka,Discharged
ADM001559,P2262,2023-03-28,,Surgical Ward,Diabetic ketoacidosis,Dr. Y. Tanaka,Current
ADM001560,P2262,2024-06-29,2024-07-03,Surgical Ward,Chest pain query ACS,Dr. A. Patel,Discharged
ADM001561,P2262,2022-05-23,,Cardiology Ward,Diabetic ketoacidosis,Dr. J. Nkosi,Current
ADM001562,P2263,2022-03-25,2022-03-27,Surgical Ward,Community-acquired pneumonia,Dr. Y. Tanaka,Discharged
ADM001563,P2263,2023-01-01,,Cardiology Ward,Acute exacerbation of asthma,Dr. M. O'Brien,Current
ADM001564,P2263,2024-11-17,2024-12-01,Surgical Ward,Hypertensive urgency,Dr. R. Singh,Discharged
ADM001565,P2266,2022-12-10,2022-12-13,ICU,Sepsis,Dr. C. Müller,Discharged
ADM001566,P2267,2022-05-01,,HDU,Sepsis,Dr. Y. Tanaka,Current
ADM001567,P2267,2024-10-10,2024-10-18,Surgical Ward,Acute kidney injury,Dr. J. Nkosi,Discharged
ADM001568,P2267,2022-06-09,,ICU,Community-acquired pneumonia,Dr. M. O'Brien,Current
ADM001569,P2268,2023-01-14,,Endocrinology Ward,Elective procedure,Dr. S. Khan,Current
ADM001570,P2269,2024-08-13,2024-08-25,Endocrinology Ward,Acute exacerbation of asthma,Dr. Y. Tanaka,Discharged
ADM001571,P2269,2023-04-14,2023-04-25,Cardiology Ward,Sepsis,Dr. A. Patel,Discharged
ADM001572,P2269,2023-09-15,2023-09-24,Surgical Ward,Community-acquired pneumonia,Dr. R. Singh,Discharged
ADM001573,P2270,2023-01-19,2023-01-31,Medical Ward A,Heart failure decompensation,Dr. A. Patel,Discharged
ADM001574,P2270,2024-08-31,2024-09-03,Surgical Ward,Chest pain query ACS,Dr. Y. Tanaka,Discharged
ADM001575,P2270,2023-04-17,2023-04-29,Endocrinology Ward,Acute exacerbation of asthma,Dr. M. O'Brien,Discharged
ADM001576,P2271,2023-02-02,2023-02-11,Oncology Ward,Elective procedure,Dr. S. Khan,Discharged
ADM001577,P2272,2022-08-26,2022-09-05,Medical Ward A,Diabetic ketoacidosis,Dr. L. Torres,Discharged
ADM001578,P2272,2023-12-07,2023-12-12,Surgical Ward,Community-acquired pneumonia,Dr. A. Patel,Discharged
ADM001579,P2272,2022-09-24,2022-09-26,ICU,Community-acquired pneumonia,Dr. A. Patel,Discharged
ADM001580,P2280,2022-06-24,,Medical Ward B,Acute exacerbation of asthma,Dr. S. Khan,Current
ADM001581,P2280,2023-06-21,2023-06-25,HDU,Stroke workup,Dr. M. O'Brien,Discharged
ADM001582,P2282,2024-06-28,2024-07-06,Surgical Ward,Community-acquired pneumonia,Dr. Y. Tanaka,Discharged
ADM001583,P2283,2023-12-29,2024-01-10,Medical Ward B,Heart failure decompensation,Dr. Y. Tanaka,Discharged
ADM001584,P2283,2024-06-01,2024-06-08,Medical Ward B,Elective procedure,Dr. C. Müller,Discharged
ADM001585,P2284,2024-11-06,2024-11-11,ICU,Heart failure decompensation,Dr. R. Singh,Discharged
ADM001586,P2284,2022-02-04,2022-02-16,ICU,Diabetic ketoacidosis,Dr. R. Singh,Discharged
ADM001587,P2285,2023-02-11,,HDU,Hypertensive urgency,Dr. S. Khan,Current
ADM001588,P2285,2022-02-05,2022-02-07,Oncology Ward,Community-acquired pneumonia,Dr. A. Patel,Discharged
ADM001589,P2285,2024-03-23,2024-03-29,Surgical Ward,Community-acquired pneumonia,Dr. R. Singh,Discharged
ADM001590,P2287,2022-07-04,2022-07-16,HDU,Acute kidney injury,Dr. S. Khan,Discharged
ADM001591,P2287,2023-05-20,2023-05-29,Surgical Ward,Acute kidney injury,Dr. M. O'Brien,Discharged
ADM001592,P2289,2023-03-08,2023-03-15,Oncology Ward,Hypertensive urgency,Dr. M. O'Brien,Discharged
ADM001593,P2289,2024-06-06,2024-06-11,Cardiology Ward,Elective procedure,Dr. A. Patel,Discharged
ADM001594,P2289,2023-08-27,2023-09-03,ICU,Hypertensive urgency,Dr. C. Müller,Discharged
ADM001595,P2290,2024-02-19,2024-02-29,Oncology Ward,Diabetic ketoacidosis,Dr. A. Patel,Discharged
ADM001596,P2290,2022-07-03,2022-07-06,Endocrinology Ward,Acute exacerbation of asthma,Dr. L. Torres,Discharged
ADM001597,P2290,2024-09-21,2024-09-26,Medical Ward B,Chest pain query ACS,Dr. C. Müller,Discharged
ADM001598,P2292,2023-12-30,2024-01-01,ICU,Acute exacerbation of asthma,Dr. M. O'Brien,Discharged
ADM001599,P2292,2022-09-20,2022-10-04,Medical Ward A,Acute kidney injury,Dr. J. Nkosi,Discharged
ADM001600,P2293,2023-05-28,2023-06-07,ICU,Sepsis,Dr. S. Khan,Discharged
ADM001601,P2293,2023-07-25,2023-08-04,Endocrinology Ward,Chest pain query ACS,Dr. C. Müller,Discharged
ADM001602,P2293,2022-05-11,2022-05-20,Medical Ward B,Acute exacerbation of asthma,Dr. C. Müller,Discharged
ADM001603,P2294,2022-02-02,2022-02-03,Oncology Ward,Heart failure decompensation,Dr. A. Patel,Discharged
ADM001604,P2296,2022-06-14,2022-06-15,Surgical Ward,Diabetic ketoacidosis,Dr. S. Khan,Discharged
ADM001605,P2297,2022-06-13,2022-06-14,Medical Ward A,Heart failure decompensation,Dr. M. O'Brien,Discharged
ADM001606,P2297,2022-04-03,2022-04-17,Medical Ward A,Sepsis,Dr. J. Nkosi,Discharged
ADM001607,P2298,2022-06-18,2022-06-19,Respiratory Ward,Hypertensive urgency,Dr. A. Patel,Discharged
ADM001608,P2298,2023-01-21,2023-02-03,Oncology Ward,Acute kidney injury,Dr. R. Singh,Discharged
ADM001609,P2300,2024-01-24,2024-02-06,Medical Ward B,Sepsis,Dr. C. Müller,Discharged
ADM001610,P2300,2022-05-29,2022-05-31,Medical Ward B,Community-acquired pneumonia,Dr. R. Singh,Discharged
ADM001611,P2301,2022-01-11,2022-01-20,Cardiology Ward,Hypertensive urgency,Dr. M. O'Brien,Discharged
ADM001612,P2301,2022-12-15,2022-12-27,Cardiology Ward,Hypertensive urgency,Dr. C. Müller,Discharged
ADM001613,P2301,2024-12-23,2025-01-04,ICU,Diabetic ketoacidosis,Dr. M. O'Brien,Discharged
ADM001614,P2303,2023-05-11,2023-05-18,Endocrinology Ward,Hypertensive urgency,Dr. L. Torres,Discharged
ADM001615,P2303,2024-08-22,2024-08-28,Surgical Ward,Hypertensive urgency,Dr. L. Torres,Discharged
ADM001616,P2305,2024-10-15,2024-10-20,Medical Ward A,Sepsis,Dr. C. Müller,Discharged
ADM001617,P2305,2022-09-03,,Medical Ward A,Acute exacerbation of asthma,Dr. L. Torres,Current
ADM001618,P2307,2022-06-02,2022-06-13,Surgical Ward,Elective procedure,Dr. R. Singh,Discharged
ADM001619,P2308,2022-06-12,2022-06-21,HDU,Diabetic ketoacidosis,Dr. M. O'Brien,Discharged
ADM001620,P2310,2024-04-27,2024-05-09,Surgical Ward,Elective procedure,Dr. M. O'Brien,Discharged
ADM001621,P2310,2022-12-08,2022-12-19,HDU,Acute kidney injury,Dr. R. Singh,Discharged
ADM001622,P2311,2023-12-25,2023-12-28,Respiratory Ward,Heart failure decompensation,Dr. S. Khan,Discharged
ADM001623,P2311,2022-01-05,2022-01-19,Cardiology Ward,Community-acquired pneumonia,Dr. A. Patel,Discharged
ADM001624,P2311,2023-12-08,2023-12-09,Endocrinology Ward,Chest pain query ACS,Dr. R. Singh,Discharged
ADM001625,P2316,2022-04-15,2022-04-17,Endocrinology Ward,Hypertensive urgency,Dr. L. Torres,Discharged
ADM001626,P2316,2022-04-07,2022-04-20,Respiratory Ward,Stroke workup,Dr. C. Müller,Discharged
ADM001627,P2318,2024-07-12,2024-07-14,HDU,Sepsis,Dr. J. Nkosi,Discharged
ADM001628,P2318,2024-03-02,2024-03-04,ICU,Diabetic ketoacidosis,Dr. L. Torres,Discharged
ADM001629,P2319,2023-06-08,,Medical Ward B,Sepsis,Dr. Y. Tanaka,Current
ADM001630,P2319,2023-10-04,2023-10-18,Endocrinology Ward,Acute exacerbation of asthma,Dr. Y. Tanaka,Discharged
ADM001631,P2320,2024-02-03,2024-02-13,HDU,Acute exacerbation of asthma,Dr. J. Nkosi,Discharged
ADM001632,P2324,2024-04-05,2024-04-11,Endocrinology Ward,Heart failure decompensation,Dr. R. Singh,Discharged
ADM001633,P2325,2022-12-06,2022-12-07,Cardiology Ward,Elective procedure,Dr. C. Müller,Discharged
ADM001634,P2325,2022-10-13,2022-10-18,ICU,Acute exacerbation of asthma,Dr. M. O'Brien,Discharged
ADM001635,P2327,2023-07-05,2023-07-15,Medical Ward B,Acute kidney injury,Dr. M. O'Brien,Discharged
ADM001636,P2327,2022-12-31,2023-01-04,Medical Ward B,Stroke workup,Dr. L. Torres,Discharged
ADM001637,P2327,2024-01-26,2024-01-28,Oncology Ward,Diabetic ketoacidosis,Dr. J. Nkosi,Discharged
ADM001638,P2328,2022-07-02,,Respiratory Ward,Heart failure decompensation,Dr. L. Torres,Current
ADM001639,P2330,2024-08-30,2024-09-02,Respiratory Ward,Hypertensive urgency,Dr. Y. Tanaka,Discharged
ADM001640,P2330,2023-04-07,2023-04-20,ICU,Elective procedure,Dr. S. Khan,Discharged
ADM001641,P2330,2024-01-17,2024-01-28,Medical Ward A,Acute exacerbation of asthma,Dr. M. O'Brien,Discharged
ADM001642,P2331,2024-06-23,2024-06-30,Oncology Ward,Diabetic ketoacidosis,Dr. C. Müller,Discharged
ADM001643,P2331,2022-09-17,2022-09-20,Medical Ward A,Acute kidney injury,Dr. S. Khan,Discharged
ADM001644,P2331,2022-08-15,2022-08-29,Surgical Ward,Sepsis,Dr. M. O'Brien,Discharged
ADM001645,P2333,2024-10-06,2024-10-15,ICU,Acute kidney injury,Dr. R. Singh,Discharged
ADM001646,P2333,2022-10-29,2022-11-11,Cardiology Ward,Heart failure decompensation,Dr. C. Müller,Discharged
ADM001647,P2334,2022-07-30,2022-07-31,Endocrinology Ward,Sepsis,Dr. J. Nkosi,Discharged
ADM001648,P2334,2022-05-30,2022-06-06,Oncology Ward,Acute exacerbation of asthma,Dr. S. Khan,Discharged
ADM001649,P2334,2023-01-18,2023-01-30,Oncology Ward,Chest pain query ACS,Dr. A. Patel,Discharged
ADM001650,P2336,2022-06-10,,ICU,Diabetic ketoacidosis,Dr. S. Khan,Current
ADM001651,P2337,2023-10-10,,HDU,Acute kidney injury,Dr. C. Müller,Current
ADM001652,P2337,2022-02-17,2022-02-23,Endocrinology Ward,Acute exacerbation of asthma,Dr. C. Müller,Discharged
ADM001653,P2338,2022-10-17,2022-10-20,Medical Ward A,Stroke workup,Dr. M. O'Brien,Discharged
ADM001654,P2338,2023-04-25,2023-05-07,Surgical Ward,Diabetic ketoacidosis,Dr. L. Torres,Discharged
ADM001655,P2338,2023-04-10,2023-04-13,Medical Ward A,Acute exacerbation of asthma,Dr. C. Müller,Discharged
ADM001656,P2339,2024-06-18,2024-06-20,ICU,Stroke workup,Dr. R. Singh,Discharged
ADM001657,P2339,2022-03-24,2022-04-02,Medical Ward A,Chest pain query ACS,Dr. L. Torres,Discharged
ADM001658,P2339,2023-09-12,2023-09-16,Respiratory Ward,Heart failure decompensation,Dr. Y. Tanaka,Discharged
ADM001659,P2342,2024-10-01,2024-10-08,Endocrinology Ward,Hypertensive urgency,Dr. L. Torres,Discharged
ADM001660,P2342,2023-10-15,2023-10-22,Medical Ward A,Acute kidney injury,Dr. R. Singh,Discharged
ADM001661,P2343,2024-09-30,2024-10-13,Cardiology Ward,Hypertensive urgency,Dr. C. Müller,Discharged
ADM001662,P2343,2024-10-03,2024-10-05,Medical Ward B,Elective procedure,Dr. A. Patel,Discharged
ADM001663,P2345,2023-03-25,,Endocrinology Ward,Acute kidney injury,Dr. R. Singh,Current
ADM001664,P2347,2022-11-28,2022-12-06,Surgical Ward,Sepsis,Dr. J. Nkosi,Discharged
ADM001665,P2352,2024-02-20,2024-02-29,HDU,Acute exacerbation of asthma,Dr. A. Patel,Discharged
ADM001666,P2353,2022-04-28,2022-05-07,Respiratory Ward,Diabetic ketoacidosis,Dr. C. Müller,Discharged
ADM001667,P2353,2024-09-09,,Surgical Ward,Stroke workup,Dr. M. O'Brien,Current
ADM001668,P2354,2024-01-23,,Cardiology Ward,Stroke workup,Dr. Y. Tanaka,Current
ADM001669,P2354,2023-02-03,,HDU,Sepsis,Dr. R. Singh,Current
ADM001670,P2354,2022-09-29,2022-10-05,Endocrinology Ward,Community-acquired pneumonia,Dr. S. Khan,Discharged
ADM001671,P2355,2023-09-06,2023-09-13,Oncology Ward,Stroke workup,Dr. R. Singh,Discharged
ADM001672,P2356,2022-03-05,2022-03-10,Respiratory Ward,Heart failure decompensation,Dr. S. Khan,Discharged
ADM001673,P2356,2023-08-12,2023-08-17,Medical Ward A,Acute exacerbation of asthma,Dr. Y. Tanaka,Discharged
ADM001674,P2358,2022-12-30,2022-12-31,Oncology Ward,Acute kidney injury,Dr. R. Singh,Discharged
ADM001675,P2358,2022-06-13,2022-06-16,HDU,Community-acquired pneumonia,Dr. A. Patel,Discharged
ADM001676,P2358,2022-07-09,2022-07-23,Medical Ward B,Chest pain query ACS,Dr. C. Müller,Discharged
ADM001677,P2359,2023-04-22,2023-04-26,Endocrinology Ward,Community-acquired pneumonia,Dr. M. O'Brien,Discharged
ADM001678,P2359,2023-01-14,2023-01-28,ICU,Elective procedure,Dr. L. Torres,Discharged
ADM001679,P2359,2024-12-23,2024-12-27,Medical Ward B,Community-acquired pneumonia,Dr. J. Nkosi,Discharged
ADM001680,P2360,2022-07-16,2022-07-30,Surgical Ward,Heart failure decompensation,Dr. M. O'Brien,Discharged
ADM001681,P2360,2023-03-21,2023-03-26,Oncology Ward,Chest pain query ACS,Dr. C. Müller,Discharged
ADM001682,P2361,2022-09-01,2022-09-07,HDU,Community-acquired pneumonia,Dr. R. Singh,Discharged
ADM001683,P2361,2023-09-23,2023-10-01,Respiratory Ward,Stroke workup,Dr. R. Singh,Discharged
ADM001684,P2361,2022-02-10,2022-02-13,Surgical Ward,Acute exacerbation of asthma,Dr. J. Nkosi,Discharged
ADM001685,P2362,2024-02-22,2024-03-02,Respiratory Ward,Heart failure decompensation,Dr. R. Singh,Discharged
ADM001686,P2364,2024-08-07,2024-08-19,ICU,Stroke workup,Dr. A. Patel,Discharged
ADM001687,P2364,2023-12-05,2023-12-07,Cardiology Ward,Diabetic ketoacidosis,Dr. L. Torres,Discharged
ADM001688,P2364,2023-10-16,2023-10-19,Medical Ward A,Acute exacerbation of asthma,Dr. J. Nkosi,Discharged
ADM001689,P2367,2024-10-07,,Cardiology Ward,Heart failure decompensation,Dr. L. Torres,Current
ADM001690,P2367,2022-11-04,,Surgical Ward,Chest pain query ACS,Dr. L. Torres,Current
ADM001691,P2369,2022-11-22,2022-11-30,Cardiology Ward,Acute kidney injury,Dr. J. Nkosi,Discharged
ADM001692,P2369,2022-05-04,2022-05-05,Medical Ward A,Acute kidney injury,Dr. J. Nkosi,Discharged
ADM001693,P2373,2023-06-24,,Medical Ward B,Chest pain query ACS,Dr. R. Singh,Current
ADM001694,P2373,2022-05-22,2022-06-02,Respiratory Ward,Diabetic ketoacidosis,Dr. J. Nkosi,Discharged
ADM001695,P2373,2024-12-24,2025-01-05,Respiratory Ward,Chest pain query ACS,Dr. Y. Tanaka,Discharged
ADM001696,P2374,2023-11-24,2023-12-01,Respiratory Ward,Acute kidney injury,Dr. L. Torres,Discharged
ADM001697,P2374,2024-12-08,2024-12-17,ICU,Elective procedure,Dr. A. Patel,Discharged
ADM001698,P2374,2022-09-25,,HDU,Chest pain query ACS,Dr. C. Müller,Current
ADM001699,P2375,2022-05-15,2022-05-22,HDU,Sepsis,Dr. C. Müller,Discharged
ADM001700,P2376,2023-12-12,2023-12-15,Medical Ward A,Acute kidney injury,Dr. A. Patel,Discharged
ADM001701,P2376,2022-11-28,2022-12-04,Medical Ward A,Diabetic ketoacidosis,Dr. L. Torres,Discharged
ADM001702,P2377,2022-11-11,2022-11-24,Oncology Ward,Chest pain query ACS,Dr. L. Torres,Discharged
ADM001703,P2378,2023-08-12,2023-08-20,Surgical Ward,Acute kidney injury,Dr. A. Patel,Discharged
ADM001704,P2378,2022-11-02,2022-11-15,ICU,Elective procedure,Dr. A. Patel,Discharged
ADM001705,P2381,2023-01-17,2023-01-25,Oncology Ward,Stroke workup,Dr. J. Nkosi,Discharged
ADM001706,P2385,2022-10-20,2022-10-21,Medical Ward B,Heart failure decompensation,Dr. L. Torres,Discharged
ADM001707,P2385,2024-11-08,2024-11-11,ICU,Hypertensive urgency,Dr. S. Khan,Discharged
ADM001708,P2385,2023-07-04,2023-07-17,Medical Ward A,Acute exacerbation of asthma,Dr. M. O'Brien,Discharged
ADM001709,P2386,2022-03-25,,Endocrinology Ward,Stroke workup,Dr. A. Patel,Current
ADM001710,P2388,2024-05-26,2024-06-01,HDU,Heart failure decompensation,Dr. C. Müller,Discharged
ADM001711,P2389,2024-03-23,,ICU,Chest pain query ACS,Dr. Y. Tanaka,Current
ADM001712,P2389,2022-02-14,2022-02-20,Medical Ward B,Acute exacerbation of asthma,Dr. J. Nkosi,Discharged
ADM001713,P2390,2023-10-28,,Endocrinology Ward,Elective procedure,Dr. R. Singh,Current
ADM001714,P2390,2023-09-19,2023-09-25,ICU,Elective procedure,Dr. J. Nkosi,Discharged
ADM001715,P2391,2022-05-31,2022-06-12,HDU,Community-acquired pneumonia,Dr. M. O'Brien,Discharged
ADM001716,P2391,2022-10-09,,Cardiology Ward,Acute exacerbation of asthma,Dr. S. Khan,Current
ADM001717,P2391,2022-10-07,2022-10-19,Cardiology Ward,Hypertensive urgency,Dr. R. Singh,Discharged
ADM001718,P2392,2022-02-15,2022-02-27,Oncology Ward,Chest pain query ACS,Dr. Y. Tanaka,Discharged
ADM001719,P2392,2024-10-05,,Medical Ward B,Heart failure decompensation,Dr. S. Khan,Current
ADM001720,P2392,2024-06-22,2024-06-27,Endocrinology Ward,Sepsis,Dr. C. Müller,Discharged
ADM001721,P2396,2023-08-02,2023-08-05,Medical Ward B,Hypertensive urgency,Dr. S. Khan,Discharged
ADM001722,P2397,2024-12-10,2024-12-24,Respiratory Ward,Acute kidney injury,Dr. S. Khan,Discharged
ADM001723,P2397,2022-03-07,2022-03-18,Oncology Ward,Community-acquired pneumonia,Dr. C. Müller,Discharged
ADM001724,P2398,2023-04-25,2023-04-27,Respiratory Ward,Hypertensive urgency,Dr. S. Khan,Discharged
ADM001725,P2398,2023-09-25,2023-10-08,Medical Ward B,Acute exacerbation of asthma,Dr. L. Torres,Discharged
ADM001726,P2398,2023-05-05,2023-05-14,Endocrinology Ward,Stroke workup,Dr. A. Patel,Discharged
ADM001727,P2400,2024-09-10,2024-09-17,Respiratory Ward,Stroke workup,Dr. C. Müller,Discharged
ADM001728,P2400,2022-12-07,2022-12-21,Medical Ward B,Sepsis,Dr. S. Khan,Discharged
ADM001729,P2403,2022-03-06,2022-03-19,Respiratory Ward,Sepsis,Dr. Y. Tanaka,Discharged
ADM001730,P2404,2024-12-08,2024-12-19,Respiratory Ward,Hypertensive urgency,Dr. L. Torres,Discharged
ADM001731,P2404,2023-01-29,2023-02-10,ICU,Heart failure decompensation,Dr. L. Torres,Discharged
ADM001732,P2405,2023-05-03,2023-05-06,Oncology Ward,Community-acquired pneumonia,Dr. A. Patel,Discharged
ADM001733,P2405,2024-05-11,,Medical Ward B,Acute kidney injury,Dr. S. Khan,Current
ADM001734,P2405,2023-12-10,,Oncology Ward,Community-acquired pneumonia,Dr. Y. Tanaka,Current
ADM001735,P2406,2024-05-17,2024-05-23,Surgical Ward,Community-acquired pneumonia,Dr. S. Khan,Discharged
ADM001736,P2406,2023-05-03,2023-05-17,Cardiology Ward,Sepsis,Dr. R. Singh,Discharged
ADM001737,P2409,2023-11-19,2023-11-27,Respiratory Ward,Sepsis,Dr. M. O'Brien,Discharged
ADM001738,P2409,2023-04-10,2023-04-22,Surgical Ward,Diabetic ketoacidosis,Dr. S. Khan,Discharged
ADM001739,P2409,2023-01-23,2023-01-31,HDU,Stroke workup,Dr. J. Nkosi,Discharged
ADM001740,P2410,2024-08-28,2024-09-11,Endocrinology Ward,Acute kidney injury,Dr. R. Singh,Discharged
ADM001741,P2413,2024-04-08,2024-04-20,Medical Ward B,Hypertensive urgency,Dr. L. Torres,Discharged
ADM001742,P2413,2023-09-24,2023-09-29,Endocrinology Ward,Acute exacerbation of asthma,Dr. A. Patel,Discharged
ADM001743,P2414,2024-05-12,2024-05-15,Cardiology Ward,Hypertensive urgency,Dr. M. O'Brien,Discharged
ADM001744,P2414,2023-11-17,,Medical Ward B,Chest pain query ACS,Dr. S. Khan,Current
ADM001745,P2414,2023-10-11,,Respiratory Ward,Hypertensive urgency,Dr. S. Khan,Current
ADM001746,P2415,2024-01-30,2024-02-08,HDU,Elective procedure,Dr. S. Khan,Discharged
ADM001747,P2416,2023-10-02,2023-10-03,Surgical Ward,Chest pain query ACS,Dr. C. Müller,Discharged
ADM001748,P2417,2023-06-30,2023-07-10,Medical Ward B,Sepsis,Dr. R. Singh,Discharged
ADM001749,P2418,2022-07-18,2022-07-22,Oncology Ward,Diabetic ketoacidosis,Dr. J. Nkosi,Discharged
ADM001750,P2418,2023-03-09,2023-03-18,ICU,Diabetic ketoacidosis,Dr. J. Nkosi,Discharged
ADM001751,P2419,2022-12-20,2022-12-31,HDU,Chest pain query ACS,Dr. S. Khan,Discharged
ADM001752,P2419,2022-07-28,2022-08-08,Surgical Ward,Chest pain query ACS,Dr. C. Müller,Discharged
ADM001753,P2420,2022-10-04,2022-10-12,Respiratory Ward,Elective procedure,Dr. Y. Tanaka,Discharged
ADM001754,P2420,2022-05-02,2022-05-15,HDU,Heart failure decompensation,Dr. C. Müller,Discharged
ADM001755,P2421,2024-05-05,2024-05-19,Surgical Ward,Elective procedure,Dr. A. Patel,Discharged
ADM001756,P2423,2024-11-28,,Oncology Ward,Stroke workup,Dr. L. Torres,Current
ADM001757,P2423,2024-08-19,2024-08-22,Respiratory Ward,Stroke workup,Dr. L. Torres,Discharged
ADM001758,P2423,2022-11-04,2022-11-05,HDU,Diabetic ketoacidosis,Dr. J. Nkosi,Discharged
ADM001759,P2424,2022-01-23,2022-01-24,Medical Ward B,Stroke workup,Dr. J. Nkosi,Discharged
ADM001760,P2425,2024-09-14,2024-09-24,Cardiology Ward,Hypertensive urgency,Dr. S. Khan,Discharged
ADM001761,P2425,2022-02-21,2022-03-07,Cardiology Ward,Chest pain query ACS,Dr. M. O'Brien,Discharged
ADM001762,P2425,2023-11-17,,Medical Ward A,Community-acquired pneumonia,Dr. A. Patel,Current
ADM001763,P2426,2024-02-16,2024-02-21,Oncology Ward,Heart failure decompensation,Dr. S. Khan,Discharged
ADM001764,P2426,2024-10-15,2024-10-21,ICU,Heart failure decompensation,Dr. R. Singh,Discharged
ADM001765,P2426,2023-04-09,2023-04-17,Respiratory Ward,Hypertensive urgency,Dr. L. Torres,Discharged
ADM001766,P2427,2023-10-29,2023-10-31,Cardiology Ward,Hypertensive urgency,Dr. S. Khan,Discharged
ADM001767,P2428,2024-10-07,,Medical Ward A,Acute exacerbation of asthma,Dr. L. Torres,Current
ADM001768,P2430,2024-09-19,2024-10-02,Endocrinology Ward,Diabetic ketoacidosis,Dr. M. O'Brien,Discharged
ADM001769,P2434,2024-07-17,2024-07-27,Cardiology Ward,Heart failure decompensation,Dr. L. Torres,Discharged
ADM001770,P2437,2022-07-26,2022-07-27,Medical Ward B,Heart failure decompensation,Dr. Y. Tanaka,Discharged
ADM001771,P2437,2023-03-19,2023-03-29,Medical Ward B,Elective procedure,Dr. Y. Tanaka,Discharged
ADM001772,P2439,2023-03-05,2023-03-13,Oncology Ward,Diabetic ketoacidosis,Dr. S. Khan,Discharged
ADM001773,P2439,2022-09-29,2022-10-01,Oncology Ward,Acute kidney injury,Dr. A. Patel,Discharged
ADM001774,P2439,2023-03-07,,ICU,Hypertensive urgency,Dr. L. Torres,Current
ADM001775,P2440,2024-01-16,2024-01-25,Medical Ward B,Hypertensive urgency,Dr. Y. Tanaka,Discharged
ADM001776,P2440,2023-12-24,2023-12-31,Surgical Ward,Diabetic ketoacidosis,Dr. A. Patel,Discharged
ADM001777,P2440,2022-11-07,2022-11-11,Medical Ward B,Acute kidney injury,Dr. J. Nkosi,Discharged
ADM001778,P2441,2024-03-09,2024-03-20,ICU,Diabetic ketoacidosis,Dr. M. O'Brien,Discharged
ADM001779,P2441,2022-07-09,2022-07-14,Respiratory Ward,Sepsis,Dr. Y. Tanaka,Discharged
ADM001780,P2442,2024-08-20,2024-09-01,Respiratory Ward,Sepsis,Dr. S. Khan,Discharged
ADM001781,P2442,2023-10-17,2023-10-26,Oncology Ward,Acute kidney injury,Dr. Y. Tanaka,Discharged
ADM001782,P2442,2023-12-07,,HDU,Elective procedure,Dr. M. O'Brien,Current
ADM001783,P2445,2023-10-17,2023-10-24,Surgical Ward,Stroke workup,Dr. C. Müller,Discharged
ADM001784,P2445,2022-06-06,2022-06-09,Cardiology Ward,Sepsis,Dr. Y. Tanaka,Discharged
ADM001785,P2447,2023-05-27,2023-05-28,HDU,Acute exacerbation of asthma,Dr. C. Müller,Discharged
ADM001786,P2447,2022-01-25,2022-01-30,Endocrinology Ward,Sepsis,Dr. Y. Tanaka,Discharged
ADM001787,P2447,2024-03-21,2024-03-22,Oncology Ward,Chest pain query ACS,Dr. R. Singh,Discharged
ADM001788,P2448,2022-08-02,,Surgical Ward,Acute kidney injury,Dr. S. Khan,Current
ADM001789,P2448,2022-03-05,2022-03-17,Medical Ward B,Heart failure decompensation,Dr. Y. Tanaka,Discharged
ADM001790,P2448,2023-07-08,2023-07-20,Oncology Ward,Acute kidney injury,Dr. C. Müller,Discharged
ADM001791,P2449,2022-10-14,2022-10-23,Oncology Ward,Diabetic ketoacidosis,Dr. R. Singh,Discharged
ADM001792,P2449,2022-06-08,,HDU,Acute kidney injury,Dr. L. Torres,Current
ADM001793,P2450,2022-11-11,2022-11-25,Endocrinology Ward,Diabetic ketoacidosis,Dr. M. O'Brien,Discharged
ADM001794,P2450,2022-08-15,2022-08-25,Medical Ward A,Community-acquired pneumonia,Dr. R. Singh,Discharged
ADM001795,P2450,2024-12-13,2024-12-20,Oncology Ward,Community-acquired pneumonia,Dr. M. O'Brien,Discharged
ADM001796,P2452,2022-10-20,2022-10-21,Respiratory Ward,Community-acquired pneumonia,Dr. S. Khan,Discharged
ADM001797,P2452,2023-05-26,,HDU,Stroke workup,Dr. A. Patel,Current
ADM001798,P2452,2022-06-25,2022-06-28,Medical Ward A,Acute kidney injury,Dr. S. Khan,Discharged
ADM001799,P2456,2023-04-10,2023-04-11,Medical Ward B,Acute kidney injury,Dr. J. Nkosi,Discharged
ADM001800,P2456,2022-11-11,,HDU,Stroke workup,Dr. S. Khan,Current
ADM001801,P2458,2023-05-27,2023-06-09,Surgical Ward,Community-acquired pneumonia,Dr. C. Müller,Discharged
ADM001802,P2458,2022-10-01,2022-10-14,Respiratory Ward,Sepsis,Dr. S. Khan,Discharged
ADM001803,P2460,2022-09-30,2022-10-01,Surgical Ward,Sepsis,Dr. S. Khan,Discharged
ADM001804,P2460,2022-04-20,2022-04-26,Medical Ward A,Heart failure decompensation,Dr. L. Torres,Discharged
ADM001805,P2460,2022-06-11,2022-06-13,HDU,Sepsis,Dr. Y. Tanaka,Discharged
ADM001806,P2461,2022-05-20,2022-06-03,Medical Ward B,Elective procedure,Dr. Y. Tanaka,Discharged
ADM001807,P2462,2023-04-16,2023-04-26,ICU,Acute exacerbation of asthma,Dr. M. O'Brien,Discharged
ADM001808,P2462,2022-02-25,,HDU,Community-acquired pneumonia,Dr. A. Patel,Current
ADM001809,P2463,2022-07-30,2022-08-12,Respiratory Ward,Chest pain query ACS,Dr. S. Khan,Discharged
ADM001810,P2463,2022-03-18,2022-03-26,Oncology Ward,Hypertensive urgency,Dr. C. Müller,Discharged
ADM001811,P2463,2024-08-12,2024-08-20,Cardiology Ward,Diabetic ketoacidosis,Dr. L. Torres,Discharged
ADM001812,P2464,2023-04-03,2023-04-04,HDU,Heart failure decompensation,Dr. J. Nkosi,Discharged
ADM001813,P2465,2022-08-11,2022-08-15,Surgical Ward,Acute exacerbation of asthma,Dr. A. Patel,Discharged
ADM001814,P2465,2024-10-10,2024-10-13,Respiratory Ward,Heart failure decompensation,Dr. S. Khan,Discharged
ADM001815,P2467,2023-06-27,2023-07-01,Endocrinology Ward,Hypertensive urgency,Dr. C. Müller,Discharged
ADM001816,P2470,2023-05-17,2023-05-22,Medical Ward B,Stroke workup,Dr. A. Patel,Discharged
ADM001817,P2470,2024-11-05,2024-11-06,Respiratory Ward,Stroke workup,Dr. L. Torres,Discharged
ADM001818,P2470,2024-12-12,2024-12-17,Medical Ward A,Heart failure decompensation,Dr. M. O'Brien,Discharged
ADM001819,P2471,2022-06-14,2022-06-16,ICU,Diabetic ketoacidosis,Dr. A. Patel,Discharged
ADM001820,P2471,2023-05-08,2023-05-17,HDU,Sepsis,Dr. S. Khan,Discharged
ADM001821,P2471,2023-06-26,2023-06-27,Medical Ward A,Acute kidney injury,Dr. A. Patel,Discharged
ADM001822,P2473,2023-06-07,2023-06-14,HDU,Sepsis,Dr. R. Singh,Discharged
ADM001823,P2474,2024-11-21,2024-12-04,HDU,Community-acquired pneumonia,Dr. L. Torres,Discharged
ADM001824,P2474,2024-01-03,2024-01-13,Respiratory Ward,Heart failure decompensation,Dr. Y. Tanaka,Discharged
ADM001825,P2474,2022-12-30,2023-01-01,Cardiology Ward,Heart failure decompensation,Dr. Y. Tanaka,Discharged
ADM001826,P2477,2023-11-14,2023-11-21,Endocrinology Ward,Stroke workup,Dr. A. Patel,Discharged
ADM001827,P2477,2023-05-04,2023-05-18,Respiratory Ward,Elective procedure,Dr. C. Müller,Discharged
ADM001828,P2479,2023-05-04,2023-05-13,Respiratory Ward,Elective procedure,Dr. L. Torres,Discharged
ADM001829,P2480,2024-01-21,2024-02-04,Surgical Ward,Elective procedure,Dr. S. Khan,Discharged
ADM001830,P2480,2022-03-05,2022-03-14,Surgical Ward,Chest pain query ACS,Dr. L. Torres,Discharged
ADM001831,P2480,2022-03-13,2022-03-16,Respiratory Ward,Stroke workup,Dr. Y. Tanaka,Discharged
ADM001832,P2485,2023-12-04,2023-12-09,ICU,Sepsis,Dr. L. Torres,Discharged
ADM001833,P2485,2023-02-08,,ICU,Acute exacerbation of asthma,Dr. M. O'Brien,Current
ADM001834,P2485,2024-01-14,2024-01-15,Endocrinology Ward,Acute exacerbation of asthma,Dr. R. Singh,Discharged
ADM001835,P2487,2023-08-20,2023-08-27,Endocrinology Ward,Stroke workup,Dr. R. Singh,Discharged
ADM001836,P2489,2022-06-08,2022-06-19,Medical Ward A,Acute exacerbation of asthma,Dr. C. Müller,Discharged
ADM001837,P2489,2023-07-05,2023-07-07,Surgical Ward,Chest pain query ACS,Dr. A. Patel,Discharged
ADM001838,P2490,2022-06-03,2022-06-09,Medical Ward B,Stroke workup,Dr. A. Patel,Discharged
ADM001839,P2490,2024-01-30,,Surgical Ward,Stroke workup,Dr. L. Torres,Current
ADM001840,P2490,2023-02-12,,Medical Ward A,Elective procedure,Dr. R. Singh,Current
ADM001841,P2491,2023-06-18,2023-06-21,ICU,Hypertensive urgency,Dr. S. Khan,Discharged
ADM001842,P2491,2022-04-08,2022-04-14,HDU,Stroke workup,Dr. J. Nkosi,Discharged
ADM001843,P2492,2023-01-24,2023-01-29,ICU,Acute exacerbation of asthma,Dr. C. Müller,Discharged
ADM001844,P2493,2022-04-08,2022-04-20,Medical Ward A,Community-acquired pneumonia,Dr. M. O'Brien,Discharged
ADM001845,P2493,2024-05-04,2024-05-15,Oncology Ward,Elective procedure,Dr. L. Torres,Discharged
ADM001846,P2493,2023-10-21,2023-10-28,Cardiology Ward,Stroke workup,Dr. J. Nkosi,Discharged
ADM001847,P2494,2023-11-28,2023-12-07,Medical Ward A,Acute exacerbation of asthma,Dr. C. Müller,Discharged
ADM001848,P2494,2023-02-13,2023-02-15,Surgical Ward,Stroke workup,Dr. J. Nkosi,Discharged
ADM001849,P2494,2024-10-27,2024-11-10,Medical Ward A,Acute kidney injury,Dr. R. Singh,Discharged
ADM001850,P2497,2024-12-22,,Medical Ward A,Heart failure decompensation,Dr. S. Khan,Current
ADM001851,P2498,2023-07-10,2023-07-22,ICU,Acute exacerbation of asthma,Dr. S. Khan,Discharged
ADM001852,P2498,2022-01-25,2022-01-26,Medical Ward A,Elective procedure,Dr. M. O'Brien,Discharged
ADM001853,P2498,2022-09-21,2022-09-23,Oncology Ward,Heart failure decompensation,Dr. J. Nkosi,Discharged
ADM001854,P2499,2022-07-24,2022-07-25,Cardiology Ward,Acute exacerbation of asthma,Dr. A. Patel,Discharged
ADM001855,P2499,2023-02-04,,Oncology Ward,Heart failure decompensation,Dr. C. Müller,Current
ADM001856,P2499,2023-10-13,2023-10-27,Medical Ward B,Sepsis,Dr. C. Müller,Discharged
ADM001857,P2500,2023-01-26,2023-01-29,Surgical Ward,Diabetic ketoacidosis,Dr. S. Khan,Discharged
ADM001858,P2503,2024-12-03,2024-12-13,Endocrinology Ward,Acute exacerbation of asthma,Dr. S. Khan,Discharged
ADM001859,P2503,2023-05-23,2023-05-30,Surgical Ward,Acute exacerbation of asthma,Dr. L. Torres,Discharged
ADM001860,P2503,2022-02-09,2022-02-20,Endocrinology Ward,Diabetic ketoacidosis,Dr. L. Torres,Discharged
ADM001861,P2508,2023-10-24,,Oncology Ward,Stroke workup,Dr. S. Khan,Current
ADM001862,P2509,2024-11-28,2024-12-09,HDU,Heart failure decompensation,Dr. M. O'Brien,Discharged
ADM001863,P2510,2024-08-26,2024-09-08,ICU,Acute exacerbation of asthma,Dr. J. Nkosi,Discharged
ADM001864,P2510,2024-04-17,2024-04-25,Endocrinology Ward,Chest pain query ACS,Dr. C. Müller,Discharged
ADM001865,P2510,2022-10-12,2022-10-19,HDU,Heart failure decompensation,Dr. C. Müller,Discharged
ADM001866,P2511,2022-03-03,2022-03-09,Surgical Ward,Stroke workup,Dr. M. O'Brien,Discharged
ADM001867,P2511,2024-05-29,2024-06-01,Surgical Ward,Acute kidney injury,Dr. C. Müller,Discharged
ADM001868,P2511,2024-08-29,,Cardiology Ward,Chest pain query ACS,Dr. M. O'Brien,Current
ADM001869,P2513,2022-08-26,2022-09-08,Surgical Ward,Diabetic ketoacidosis,Dr. A. Patel,Discharged
ADM001870,P2513,2024-10-20,2024-10-29,Oncology Ward,Community-acquired pneumonia,Dr. J. Nkosi,Discharged
ADM001871,P2513,2023-03-15,2023-03-23,Endocrinology Ward,Sepsis,Dr. J. Nkosi,Discharged
ADM001872,P2514,2022-11-08,2022-11-09,Medical Ward B,Hypertensive urgency,Dr. A. Patel,Discharged
ADM001873,P2514,2023-05-18,2023-05-31,Respiratory Ward,Community-acquired pneumonia,Dr. S. Khan,Discharged
ADM001874,P2514,2023-02-03,2023-02-15,Surgical Ward,Sepsis,Dr. M. O'Brien,Discharged
ADM001875,P2516,2023-05-24,,HDU,Community-acquired pneumonia,Dr. R. Singh,Current
ADM001876,P2516,2022-07-10,2022-07-14,Oncology Ward,Elective procedure,Dr. Y. Tanaka,Discharged
ADM001877,P2517,2022-07-26,2022-07-31,Oncology Ward,Acute kidney injury,Dr. R. Singh,Discharged
ADM001878,P2517,2022-10-03,2022-10-10,Medical Ward B,Hypertensive urgency,Dr. L. Torres,Discharged
ADM001879,P2519,2024-02-11,2024-02-19,Oncology Ward,Elective procedure,Dr. L. Torres,Discharged
ADM001880,P2520,2023-10-04,2023-10-10,Respiratory Ward,Stroke workup,Dr. S. Khan,Discharged
ADM001881,P2520,2023-12-23,2024-01-04,Respiratory Ward,Sepsis,Dr. R. Singh,Discharged
ADM001882,P2520,2023-07-04,2023-07-15,Oncology Ward,Stroke workup,Dr. L. Torres,Discharged
ADM001883,P2523,2023-04-21,2023-04-25,ICU,Chest pain query ACS,Dr. M. O'Brien,Discharged
ADM001884,P2525,2024-01-03,2024-01-15,Medical Ward A,Acute exacerbation of asthma,Dr. Y. Tanaka,Discharged
ADM001885,P2526,2024-03-28,2024-04-03,Respiratory Ward,Acute exacerbation of asthma,Dr. R. Singh,Discharged
ADM001886,P2526,2024-12-30,,ICU,Acute exacerbation of asthma,Dr. A. Patel,Current
ADM001887,P2528,2024-04-18,2024-05-02,Medical Ward A,Elective procedure,Dr. Y. Tanaka,Discharged
ADM001888,P2529,2024-10-12,2024-10-13,Respiratory Ward,Elective procedure,Dr. J. Nkosi,Discharged
ADM001889,P2529,2024-03-05,2024-03-12,HDU,Sepsis,Dr. L. Torres,Discharged
ADM001890,P2530,2022-12-03,2022-12-06,Medical Ward A,Acute kidney injury,Dr. Y. Tanaka,Discharged
ADM001891,P2531,2024-02-24,2024-03-06,Endocrinology Ward,Acute kidney injury,Dr. M. O'Brien,Discharged
ADM001892,P2532,2022-09-04,,Respiratory Ward,Chest pain query ACS,Dr. M. O'Brien,Current
ADM001893,P2533,2023-11-20,2023-12-04,Respiratory Ward,Diabetic ketoacidosis,Dr. S. Khan,Discharged
ADM001894,P2533,2024-11-03,2024-11-08,Endocrinology Ward,Elective procedure,Dr. L. Torres,Discharged
ADM001895,P2533,2023-07-10,2023-07-19,HDU,Acute kidney injury,Dr. S. Khan,Discharged
ADM001896,P2537,2024-07-09,2024-07-10,Oncology Ward,Hypertensive urgency,Dr. S. Khan,Discharged
ADM001897,P2537,2022-03-14,2022-03-27,HDU,Chest pain query ACS,Dr. R. Singh,Discharged
ADM001898,P2539,2024-05-24,,Surgical Ward,Stroke workup,Dr. S. Khan,Current
ADM001899,P2539,2023-12-04,2023-12-09,Surgical Ward,Diabetic ketoacidosis,Dr. A. Patel,Discharged
ADM001900,P2539,2024-06-26,2024-06-30,ICU,Community-acquired pneumonia,Dr. M. O'Brien,Discharged
ADM001901,P2540,2022-09-11,2022-09-17,ICU,Sepsis,Dr. Y. Tanaka,Discharged
ADM001902,P2540,2024-03-07,2024-03-16,HDU,Chest pain query ACS,Dr. C. Müller,Discharged
ADM001903,P2541,2022-08-07,2022-08-10,ICU,Heart failure decompensation,Dr. L. Torres,Discharged
ADM001904,P2542,2023-03-03,2023-03-17,Respiratory Ward,Acute exacerbation of asthma,Dr. L. Torres,Discharged
ADM001905,P2543,2024-03-29,2024-04-04,Surgical Ward,Acute kidney injury,Dr. J. Nkosi,Discharged
ADM001906,P2544,2024-10-30,2024-10-31,Cardiology Ward,Chest pain query ACS,Dr. Y. Tanaka,Discharged
ADM001907,P2545,2024-05-26,,ICU,Stroke workup,Dr. R. Singh,Current
ADM001908,P2545,2024-12-28,2025-01-06,Medical Ward A,Diabetic ketoacidosis,Dr. A. Patel,Discharged
ADM001909,P2547,2022-11-19,2022-11-24,Surgical Ward,Chest pain query ACS,Dr. C. Müller,Discharged
ADM001910,P2547,2023-05-13,2023-05-22,Cardiology Ward,Diabetic ketoacidosis,Dr. Y. Tanaka,Discharged
ADM001911,P2547,2022-04-25,2022-05-06,ICU,Elective procedure,Dr. Y. Tanaka,Discharged
ADM001912,P2548,2024-02-10,2024-02-18,Cardiology Ward,Acute exacerbation of asthma,Dr. C. Müller,Discharged
ADM001913,P2549,2022-08-18,2022-08-26,HDU,Stroke workup,Dr. Y. Tanaka,Discharged
ADM001914,P2550,2022-04-09,2022-04-23,Endocrinology Ward,Diabetic ketoacidosis,Dr. J. Nkosi,Discharged
ADM001915,P2550,2023-07-27,2023-08-01,Surgical Ward,Diabetic ketoacidosis,Dr. C. Müller,Discharged
ADM001916,P2550,2022-12-17,2022-12-31,Oncology Ward,Diabetic ketoacidosis,Dr. C. Müller,Discharged
ADM001917,P2551,2022-04-17,,Surgical Ward,Acute exacerbation of asthma,Dr. Y. Tanaka,Current
ADM001918,P2551,2024-09-25,2024-09-30,ICU,Acute kidney injury,Dr. A. Patel,Discharged
ADM001919,P2552,2022-10-08,2022-10-11,HDU,Sepsis,Dr. R. Singh,Discharged
ADM001920,P2552,2023-05-20,2023-06-01,Oncology Ward,Stroke workup,Dr. R. Singh,Discharged
ADM001921,P2553,2023-02-04,2023-02-10,Medical Ward B,Community-acquired pneumonia,Dr. S. Khan,Discharged
ADM001922,P2553,2024-05-16,,Cardiology Ward,Community-acquired pneumonia,Dr. S. Khan,Current
ADM001923,P2553,2024-10-28,2024-11-06,Endocrinology Ward,Sepsis,Dr. M. O'Brien,Discharged
ADM001924,P2554,2022-07-26,2022-08-02,Cardiology Ward,Acute kidney injury,Dr. J. Nkosi,Discharged
ADM001925,P2554,2023-01-29,2023-02-07,Medical Ward B,Chest pain query ACS,Dr. S. Khan,Discharged
ADM001926,P2555,2023-01-06,,HDU,Acute kidney injury,Dr. L. Torres,Current
ADM001927,P2555,2023-06-15,2023-06-28,Medical Ward B,Hypertensive urgency,Dr. R. Singh,Discharged
ADM001928,P2556,2024-04-28,2024-05-03,HDU,Acute kidney injury,Dr. S. Khan,Discharged
ADM001929,P2557,2023-02-26,,Oncology Ward,Acute kidney injury,Dr. C. Müller,Current
ADM001930,P2557,2024-03-22,2024-04-01,Medical Ward A,Community-acquired pneumonia,Dr. C. Müller,Discharged
ADM001931,P2558,2024-04-16,2024-04-20,Cardiology Ward,Hypertensive urgency,Dr. L. Torres,Discharged
ADM001932,P2558,2022-12-27,,ICU,Diabetic ketoacidosis,Dr. M. O'Brien,Current
ADM001933,P2560,2024-07-22,2024-07-28,Respiratory Ward,Sepsis,Dr. M. O'Brien,Discharged
ADM001934,P2561,2022-07-10,2022-07-15,Medical Ward B,Elective procedure,Dr. J. Nkosi,Discharged
ADM001935,P2561,2022-06-04,,HDU,Chest pain query ACS,Dr. A. Patel,Current
ADM001936,P2562,2024-05-04,,ICU,Community-acquired pneumonia,Dr. Y. Tanaka,Current
ADM001937,P2562,2022-09-18,2022-10-01,Respiratory Ward,Stroke workup,Dr. Y. Tanaka,Discharged
ADM001938,P2562,2022-11-19,2022-11-23,Surgical Ward,Sepsis,Dr. M. O'Brien,Discharged
ADM001939,P2564,2023-09-22,2023-09-23,Surgical Ward,Heart failure decompensation,Dr. C. Müller,Discharged
ADM001940,P2564,2024-01-25,2024-01-31,Respiratory Ward,Diabetic ketoacidosis,Dr. L. Torres,Discharged
ADM001941,P2565,2024-11-21,2024-12-02,Oncology Ward,Acute exacerbation of asthma,Dr. A. Patel,Discharged
ADM001942,P2567,2024-12-01,2024-12-05,Medical Ward A,Stroke workup,Dr. Y. Tanaka,Discharged
ADM001943,P2567,2024-12-16,2024-12-22,HDU,Acute exacerbation of asthma,Dr. M. O'Brien,Discharged
ADM001944,P2568,2022-05-13,2022-05-22,Respiratory Ward,Community-acquired pneumonia,Dr. S. Khan,Discharged
ADM001945,P2568,2022-07-27,2022-08-02,HDU,Hypertensive urgency,Dr. A. Patel,Discharged
ADM001946,P2568,2023-12-02,2023-12-04,Cardiology Ward,Community-acquired pneumonia,Dr. S. Khan,Discharged
ADM001947,P2570,2024-03-05,2024-03-18,Medical Ward A,Chest pain query ACS,Dr. Y. Tanaka,Discharged
ADM001948,P2571,2023-05-24,2023-05-25,Endocrinology Ward,Elective procedure,Dr. J. Nkosi,Discharged
ADM001949,P2571,2024-01-02,2024-01-08,Surgical Ward,Chest pain query ACS,Dr. M. O'Brien,Discharged
ADM001950,P2575,2024-04-19,2024-05-03,Cardiology Ward,Hypertensive urgency,Dr. M. O'Brien,Discharged
ADM001951,P2575,2024-03-20,2024-03-22,Medical Ward B,Diabetic ketoacidosis,Dr. M. O'Brien,Discharged
ADM001952,P2575,2023-03-03,2023-03-17,Cardiology Ward,Diabetic ketoacidosis,Dr. C. Müller,Discharged
ADM001953,P2576,2024-10-24,2024-10-26,Endocrinology Ward,Elective procedure,Dr. C. Müller,Discharged
ADM001954,P2576,2023-10-09,2023-10-22,Medical Ward B,Sepsis,Dr. J. Nkosi,Discharged
ADM001955,P2576,2024-07-28,2024-08-07,HDU,Heart failure decompensation,Dr. M. O'Brien,Discharged
ADM001956,P2580,2024-06-19,2024-06-26,Oncology Ward,Stroke workup,Dr. M. O'Brien,Discharged
ADM001957,P2580,2024-04-10,2024-04-22,Endocrinology Ward,Acute exacerbation of asthma,Dr. M. O'Brien,Discharged
ADM001958,P2580,2024-08-04,2024-08-07,Medical Ward A,Stroke workup,Dr. M. O'Brien,Discharged
ADM001959,P2581,2023-08-03,,Medical Ward A,Elective procedure,Dr. A. Patel,Current
ADM001960,P2582,2022-02-02,2022-02-14,Respiratory Ward,Elective procedure,Dr. Y. Tanaka,Discharged
ADM001961,P2585,2022-09-11,2022-09-23,Respiratory Ward,Hypertensive urgency,Dr. R. Singh,Discharged
ADM001962,P2585,2023-09-26,2023-10-09,Medical Ward B,Sepsis,Dr. R. Singh,Discharged
ADM001963,P2586,2022-07-18,,Medical Ward B,Stroke workup,Dr. A. Patel,Current
ADM001964,P2586,2023-12-18,,Respiratory Ward,Sepsis,Dr. Y. Tanaka,Current
ADM001965,P2588,2024-01-16,2024-01-21,Endocrinology Ward,Community-acquired pneumonia,Dr. S. Khan,Discharged
ADM001966,P2588,2024-01-06,2024-01-18,Respiratory Ward,Heart failure decompensation,Dr. L. Torres,Discharged
ADM001967,P2589,2023-05-07,2023-05-14,Surgical Ward,Elective procedure,Dr. R. Singh,Discharged
ADM001968,P2589,2022-09-19,,Oncology Ward,Stroke workup,Dr. A. Patel,Current
ADM001969,P2589,2023-01-26,2023-02-01,Surgical Ward,Chest pain query ACS,Dr. J. Nkosi,Discharged
ADM001970,P2590,2022-12-16,2022-12-19,Medical Ward A,Sepsis,Dr. J. Nkosi,Discharged
ADM001971,P2592,2022-01-22,2022-01-30,Oncology Ward,Acute exacerbation of asthma,Dr. C. Müller,Discharged
ADM001972,P2592,2023-02-09,2023-02-18,ICU,Hypertensive urgency,Dr. A. Patel,Discharged
ADM001973,P2592,2022-04-15,2022-04-19,ICU,Hypertensive urgency,Dr. R. Singh,Discharged
ADM001974,P2593,2023-05-05,,Surgical Ward,Acute kidney injury,Dr. Y. Tanaka,Current
ADM001975,P2593,2022-04-12,,Medical Ward A,Hypertensive urgency,Dr. R. Singh,Current
ADM001976,P2593,2022-11-25,2022-11-29,Cardiology Ward,Elective procedure,Dr. M. O'Brien,Discharged
ADM001977,P2595,2023-11-29,2023-12-03,Medical Ward B,Heart failure decompensation,Dr. S. Khan,Discharged
ADM001978,P2596,2022-11-11,,Oncology Ward,Elective procedure,Dr. A. Patel,Current
ADM001979,P2596,2023-10-04,2023-10-05,Endocrinology Ward,Chest pain query ACS,Dr. S. Khan,Discharged
ADM001980,P2597,2023-07-03,2023-07-14,Medical Ward A,Elective procedure,Dr. L. Torres,Discharged
ADM001981,P2597,2023-07-12,2023-07-22,ICU,Diabetic ketoacidosis,Dr. C. Müller,Discharged
ADM001982,P2597,2023-06-25,2023-06-26,Endocrinology Ward,Acute kidney injury,Dr. Y. Tanaka,Discharged
ADM001983,P2599,2023-09-23,2023-10-04,HDU,Diabetic ketoacidosis,Dr. S. Khan,Discharged
ADM001984,P2599,2024-07-12,2024-07-21,Endocrinology Ward,Stroke workup,Dr. L. Torres,Discharged
ADM001985,P2600,2023-12-25,2023-12-26,HDU,Community-acquired pneumonia,Dr. C. Müller,Discharged
ADM001986,P2600,2023-06-09,,Oncology Ward,Elective procedure,Dr. R. Singh,Current
ADM001987,P2601,2023-05-31,2023-06-06,ICU,Chest pain query ACS,Dr. Y. Tanaka,Discharged
ADM001988,P2602,2023-08-10,2023-08-22,ICU,Hypertensive urgency,Dr. A. Patel,Discharged
ADM001989,P2603,2023-11-02,2023-11-04,ICU,Diabetic ketoacidosis,Dr. Y. Tanaka,Discharged
ADM001990,P2603,2024-05-25,2024-06-08,Oncology Ward,Heart failure decompensation,Dr. C. Müller,Discharged
ADM001991,P2604,2023-03-30,2023-04-07,Medical Ward B,Heart failure decompensation,Dr. L. Torres,Discharged
ADM001992,P2604,2024-06-13,2024-06-16,Medical Ward A,Acute kidney injury,Dr. C. Müller,Discharged
ADM001993,P2611,2023-12-10,,Cardiology Ward,Elective procedure,Dr. L. Torres,Current
ADM001994,P2611,2024-11-20,2024-11-30,HDU,Elective procedure,Dr. R. Singh,Discharged
ADM001995,P2611,2023-07-17,2023-07-26,HDU,Stroke workup,Dr. J. Nkosi,Discharged
ADM001996,P2612,2024-11-23,2024-12-07,Cardiology Ward,Heart failure decompensation,Dr. J. Nkosi,Discharged
ADM001997,P2614,2023-02-02,,Medical Ward B,Elective procedure,Dr. Y. Tanaka,Current
ADM001998,P2614,2023-01-09,2023-01-16,ICU,Sepsis,Dr. R. Singh,Discharged
ADM001999,P2616,2024-09-10,2024-09-23,Endocrinology Ward,Hypertensive urgency,Dr. R. Singh,Discharged
ADM002000,P2616,2022-08-11,2022-08-19,Medical Ward B,Stroke workup,Dr. L. Torres,Discharged
ADM002001,P2616,2024-11-10,,Respiratory Ward,Diabetic ketoacidosis,Dr. R. Singh,Current
ADM002002,P2617,2023-03-22,,Endocrinology Ward,Community-acquired pneumonia,Dr. Y. Tanaka,Current
ADM002003,P2617,2023-06-12,2023-06-19,Medical Ward A,Chest pain query ACS,Dr. A. Patel,Discharged
ADM002004,P2617,2023-01-04,2023-01-11,ICU,Stroke workup,Dr. M. O'Brien,Discharged
ADM002005,P2619,2022-12-24,2022-12-26,ICU,Community-acquired pneumonia,Dr. A. Patel,Discharged
ADM002006,P2620,2024-08-05,2024-08-08,Oncology Ward,Acute exacerbation of asthma,Dr. S. Khan,Discharged
ADM002007,P2620,2024-08-10,2024-08-22,Endocrinology Ward,Sepsis,Dr. M. O'Brien,Discharged
ADM002008,P2621,2022-01-15,2022-01-19,ICU,Heart failure decompensation,Dr. Y. Tanaka,Discharged
ADM002009,P2623,2024-09-18,2024-09-22,Medical Ward A,Stroke workup,Dr. Y. Tanaka,Discharged
ADM002010,P2626,2023-09-03,2023-09-07,Medical Ward A,Hypertensive urgency,Dr. M. O'Brien,Discharged
ADM002011,P2626,2023-03-04,2023-03-12,Oncology Ward,Diabetic ketoacidosis,Dr. J. Nkosi,Discharged
ADM002012,P2626,2024-07-28,2024-08-06,Cardiology Ward,Heart failure decompensation,Dr. L. Torres,Discharged
ADM002013,P2627,2024-09-09,2024-09-11,Oncology Ward,Sepsis,Dr. M. O'Brien,Discharged
ADM002014,P2627,2024-06-12,2024-06-15,Respiratory Ward,Chest pain query ACS,Dr. L. Torres,Discharged
ADM002015,P2627,2024-12-27,2025-01-04,ICU,Acute kidney injury,Dr. J. Nkosi,Discharged
ADM002016,P2629,2022-07-16,2022-07-23,ICU,Acute exacerbation of asthma,Dr. S. Khan,Discharged
ADM002017,P2629,2022-02-09,2022-02-15,HDU,Stroke workup,Dr. M. O'Brien,Discharged
ADM002018,P2630,2022-08-21,2022-08-22,Medical Ward A,Acute kidney injury,Dr. A. Patel,Discharged
ADM002019,P2631,2024-05-09,2024-05-14,HDU,Hypertensive urgency,Dr. A. Patel,Discharged
ADM002020,P2631,2022-08-08,2022-08-09,Medical Ward A,Elective procedure,Dr. R. Singh,Discharged
ADM002021,P2631,2022-01-04,2022-01-18,Surgical Ward,Elective procedure,Dr. A. Patel,Discharged
ADM002022,P2635,2024-10-28,2024-11-06,Medical Ward B,Heart failure decompensation,Dr. C. Müller,Discharged
ADM002023,P2635,2024-07-27,,Oncology Ward,Chest pain query ACS,Dr. A. Patel,Current
ADM002024,P2635,2022-01-18,2022-01-22,Oncology Ward,Chest pain query ACS,Dr. R. Singh,Discharged
ADM002025,P2636,2024-03-03,2024-03-09,Oncology Ward,Hypertensive urgency,Dr. R. Singh,Discharged
ADM002026,P2636,2024-11-10,2024-11-15,HDU,Acute kidney injury,Dr. C. Müller,Discharged
ADM002027,P2637,2022-02-09,2022-02-22,Surgical Ward,Stroke workup,Dr. R. Singh,Discharged
ADM002028,P2638,2023-07-10,2023-07-14,Respiratory Ward,Stroke workup,Dr. Y. Tanaka,Discharged
ADM002029,P2640,2023-06-18,2023-07-02,ICU,Heart failure decompensation,Dr. Y. Tanaka,Discharged
ADM002030,P2640,2024-04-15,2024-04-25,Oncology Ward,Elective procedure,Dr. L. Torres,Discharged
ADM002031,P2641,2022-07-09,2022-07-11,Cardiology Ward,Chest pain query ACS,Dr. L. Torres,Discharged
ADM002032,P2642,2023-02-10,2023-02-12,Endocrinology Ward,Hypertensive urgency,Dr. L. Torres,Discharged
ADM002033,P2642,2023-05-28,2023-06-04,Medical Ward A,Stroke workup,Dr. J. Nkosi,Discharged
ADM002034,P2642,2024-02-28,,Respiratory Ward,Stroke workup,Dr. J. Nkosi,Current
ADM002035,P2644,2022-05-02,2022-05-06,Cardiology Ward,Acute kidney injury,Dr. A. Patel,Discharged
ADM002036,P2644,2024-06-05,,Respiratory Ward,Elective procedure,Dr. C. Müller,Current
ADM002037,P2645,2022-05-20,2022-05-29,Oncology Ward,Heart failure decompensation,Dr. Y. Tanaka,Discharged
ADM002038,P2647,2022-06-25,2022-07-06,Cardiology Ward,Heart failure decompensation,Dr. J. Nkosi,Discharged
ADM002039,P2647,2023-09-30,,Medical Ward B,Chest pain query ACS,Dr. S. Khan,Current
ADM002040,P2649,2024-11-15,2024-11-24,Medical Ward A,Stroke workup,Dr. M. O'Brien,Discharged
ADM002041,P2649,2022-05-22,2022-05-28,Cardiology Ward,Sepsis,Dr. J. Nkosi,Discharged
ADM002042,P2650,2023-10-31,2023-11-09,HDU,Acute exacerbation of asthma,Dr. R. Singh,Discharged
ADM002043,P2651,2022-01-28,2022-02-10,Surgical Ward,Diabetic ketoacidosis,Dr. S. Khan,Discharged
ADM002044,P2652,2023-06-23,2023-07-04,Oncology Ward,Hypertensive urgency,Dr. L. Torres,Discharged
ADM002045,P2652,2024-12-07,2024-12-13,HDU,Sepsis,Dr. S. Khan,Discharged
ADM002046,P2653,2024-05-25,2024-05-28,Respiratory Ward,Acute exacerbation of asthma,Dr. J. Nkosi,Discharged
ADM002047,P2656,2023-04-09,2023-04-11,Surgical Ward,Acute kidney injury,Dr. S. Khan,Discharged
ADM002048,P2656,2022-11-28,2022-12-09,HDU,Chest pain query ACS,Dr. S. Khan,Discharged
ADM002049,P2657,2023-03-18,2023-03-19,Respiratory Ward,Community-acquired pneumonia,Dr. R. Singh,Discharged
ADM002050,P2657,2024-07-10,2024-07-13,HDU,Elective procedure,Dr. M. O'Brien,Discharged
ADM002051,P2657,2022-02-18,2022-03-04,Medical Ward B,Community-acquired pneumonia,Dr. C. Müller,Discharged
ADM002052,P2658,2022-08-07,2022-08-15,ICU,Diabetic ketoacidosis,Dr. Y. Tanaka,Discharged
ADM002053,P2658,2024-07-11,2024-07-14,Endocrinology Ward,Acute exacerbation of asthma,Dr. A. Patel,Discharged
ADM002054,P2659,2024-09-07,2024-09-12,Cardiology Ward,Stroke workup,Dr. Y. Tanaka,Discharged
ADM002055,P2660,2023-06-04,2023-06-16,Surgical Ward,Heart failure decompensation,Dr. L. Torres,Discharged
ADM002056,P2660,2023-11-30,2023-12-02,HDU,Stroke workup,Dr. R. Singh,Discharged
ADM002057,P2661,2023-08-27,2023-09-10,Medical Ward B,Sepsis,Dr. R. Singh,Discharged
ADM002058,P2662,2024-11-17,2024-11-24,ICU,Acute exacerbation of asthma,Dr. J. Nkosi,Discharged
ADM002059,P2662,2022-06-06,2022-06-09,Respiratory Ward,Heart failure decompensation,Dr. R. Singh,Discharged
ADM002060,P2662,2023-06-07,2023-06-15,ICU,Elective procedure,Dr. S. Khan,Discharged
ADM002061,P2663,2023-01-30,2023-02-08,Cardiology Ward,Acute kidney injury,Dr. Y. Tanaka,Discharged
ADM002062,P2663,2022-07-10,2022-07-14,Medical Ward A,Heart failure decompensation,Dr. J. Nkosi,Discharged
ADM002063,P2663,2024-04-26,2024-05-06,Cardiology Ward,Chest pain query ACS,Dr. A. Patel,Discharged
ADM002064,P2664,2023-12-25,2023-12-29,ICU,Stroke workup,Dr. C. Müller,Discharged
ADM002065,P2664,2023-03-09,2023-03-19,ICU,Heart failure decompensation,Dr. C. Müller,Discharged
ADM002066,P2665,2024-07-05,2024-07-17,Respiratory Ward,Elective procedure,Dr. M. O'Brien,Discharged
ADM002067,P2667,2023-03-20,,Respiratory Ward,Community-acquired pneumonia,Dr. M. O'Brien,Current
ADM002068,P2667,2024-10-07,2024-10-08,Medical Ward A,Diabetic ketoacidosis,Dr. R. Singh,Discharged
ADM002069,P2668,2022-02-23,2022-02-24,Endocrinology Ward,Heart failure decompensation,Dr. R. Singh,Discharged
ADM002070,P2670,2024-12-16,2024-12-24,Respiratory Ward,Diabetic ketoacidosis,Dr. R. Singh,Discharged
ADM002071,P2672,2024-10-30,2024-11-06,Respiratory Ward,Acute exacerbation of asthma,Dr. R. Singh,Discharged
ADM002072,P2673,2023-03-29,,Respiratory Ward,Stroke workup,Dr. M. O'Brien,Current
ADM002073,P2674,2022-01-11,2022-01-25,Endocrinology Ward,Community-acquired pneumonia,Dr. A. Patel,Discharged
ADM002074,P2675,2023-03-20,2023-03-29,Endocrinology Ward,Sepsis,Dr. R. Singh,Discharged
ADM002075,P2675,2023-01-06,2023-01-11,Cardiology Ward,Elective procedure,Dr. M. O'Brien,Discharged
ADM002076,P2676,2023-09-29,2023-10-12,Cardiology Ward,Elective procedure,Dr. M. O'Brien,Discharged
ADM002077,P2678,2022-10-14,2022-10-23,HDU,Chest pain query ACS,Dr. J. Nkosi,Discharged
ADM002078,P2678,2024-02-05,2024-02-15,Cardiology Ward,Sepsis,Dr. R. Singh,Discharged
ADM002079,P2681,2022-02-14,2022-02-21,Surgical Ward,Stroke workup,Dr. L. Torres,Discharged
ADM002080,P2681,2023-04-19,2023-04-21,Respiratory Ward,Diabetic ketoacidosis,Dr. J. Nkosi,Discharged
ADM002081,P2682,2022-09-14,2022-09-16,Endocrinology Ward,Acute kidney injury,Dr. R. Singh,Discharged
ADM002082,P2683,2023-06-04,2023-06-16,HDU,Acute kidney injury,Dr. C. Müller,Discharged
ADM002083,P2683,2024-08-30,,Respiratory Ward,Heart failure decompensation,Dr. J. Nkosi,Current
ADM002084,P2685,2023-10-29,,Cardiology Ward,Stroke workup,Dr. A. Patel,Current
ADM002085,P2686,2024-07-12,2024-07-17,Medical Ward B,Stroke workup,Dr. C. Müller,Discharged
ADM002086,P2687,2024-10-30,2024-11-07,Medical Ward B,Acute exacerbation of asthma,Dr. R. Singh,Discharged
ADM002087,P2689,2024-07-21,2024-07-26,Endocrinology Ward,Elective procedure,Dr. J. Nkosi,Discharged
ADM002088,P2689,2023-08-18,2023-08-28,Medical Ward A,Hypertensive urgency,Dr. C. Müller,Discharged
ADM002089,P2694,2022-09-23,2022-09-24,ICU,Acute exacerbation of asthma,Dr. L. Torres,Discharged
ADM002090,P2699,2023-06-06,2023-06-09,Endocrinology Ward,Diabetic ketoacidosis,Dr. S. Khan,Discharged
ADM002091,P2700,2022-11-04,2022-11-15,Medical Ward A,Elective procedure,Dr. A. Patel,Discharged
ADM002092,P2700,2022-05-14,2022-05-16,Medical Ward B,Heart failure decompensation,Dr. L. Torres,Discharged
ADM002093,P2705,2022-11-09,,Respiratory Ward,Community-acquired pneumonia,Dr. A. Patel,Current
ADM002094,P2705,2023-11-19,2023-11-20,ICU,Hypertensive urgency,Dr. M. O'Brien,Discharged
ADM002095,P2705,2024-12-14,2024-12-22,Respiratory Ward,Community-acquired pneumonia,Dr. L. Torres,Discharged
ADM002096,P2706,2024-10-04,2024-10-09,Cardiology Ward,Chest pain query ACS,Dr. M. O'Brien,Discharged
ADM002097,P2706,2023-02-18,2023-03-02,Endocrinology Ward,Sepsis,Dr. M. O'Brien,Discharged
ADM002098,P2709,2023-02-18,,Medical Ward B,Diabetic ketoacidosis,Dr. J. Nkosi,Current
ADM002099,P2709,2024-11-25,2024-12-05,Endocrinology Ward,Hypertensive urgency,Dr. C. Müller,Discharged
ADM002100,P2711,2022-12-28,,Medical Ward B,Acute kidney injury,Dr. S. Khan,Current
ADM002101,P2711,2022-09-20,2022-10-04,Surgical Ward,Sepsis,Dr. M. O'Brien,Discharged
ADM002102,P2711,2022-07-03,2022-07-16,Respiratory Ward,Sepsis,Dr. L. Torres,Discharged
ADM002103,P2712,2023-04-09,2023-04-11,Respiratory Ward,Elective procedure,Dr. L. Torres,Discharged
ADM002104,P2712,2024-08-23,2024-08-24,ICU,Elective procedure,Dr. Y. Tanaka,Discharged
ADM002105,P2712,2022-07-28,2022-08-01,ICU,Community-acquired pneumonia,Dr. S. Khan,Discharged
ADM002106,P2713,2023-10-10,2023-10-15,Endocrinology Ward,Elective procedure,Dr. Y. Tanaka,Discharged
ADM002107,P2714,2024-08-14,2024-08-20,Medical Ward A,Elective procedure,Dr. M. O'Brien,Discharged
ADM002108,P2714,2023-12-17,2023-12-19,Medical Ward A,Stroke workup,Dr. L. Torres,Discharged
ADM002109,P2715,2022-05-08,2022-05-14,ICU,Chest pain query ACS,Dr. J. Nkosi,Discharged
ADM002110,P2716,2022-03-06,2022-03-14,Respiratory Ward,Acute exacerbation of asthma,Dr. Y. Tanaka,Discharged
ADM002111,P2716,2024-08-03,,Oncology Ward,Sepsis,Dr. S. Khan,Current
ADM002112,P2716,2023-11-01,2023-11-09,Medical Ward A,Elective procedure,Dr. A. Patel,Discharged
ADM002113,P2717,2022-08-21,2022-08-31,ICU,Elective procedure,Dr. L. Torres,Discharged
ADM002114,P2717,2024-07-27,2024-08-06,Medical Ward A,Diabetic ketoacidosis,Dr. Y. Tanaka,Discharged
ADM002115,P2719,2024-01-06,2024-01-08,Oncology Ward,Hypertensive urgency,Dr. C. Müller,Discharged
ADM002116,P2719,2024-03-24,2024-04-07,Endocrinology Ward,Sepsis,Dr. A. Patel,Discharged
ADM002117,P2720,2024-05-25,2024-06-04,Medical Ward A,Stroke workup,Dr. R. Singh,Discharged
ADM002118,P2722,2024-12-01,2024-12-04,ICU,Elective procedure,Dr. C. Müller,Discharged
ADM002119,P2723,2022-01-08,,Medical Ward B,Acute exacerbation of asthma,Dr. M. O'Brien,Current
ADM002120,P2723,2024-04-19,2024-05-03,Cardiology Ward,Chest pain query ACS,Dr. Y. Tanaka,Discharged
ADM002121,P2723,2024-04-16,2024-04-22,Medical Ward A,Diabetic ketoacidosis,Dr. R. Singh,Discharged
ADM002122,P2724,2024-09-14,2024-09-15,HDU,Elective procedure,Dr. R. Singh,Discharged
ADM002123,P2725,2023-04-02,2023-04-16,Endocrinology Ward,Hypertensive urgency,Dr. R. Singh,Discharged
ADM002124,P2725,2024-12-14,2024-12-15,Oncology Ward,Acute kidney injury,Dr. A. Patel,Discharged
ADM002125,P2726,2023-02-13,2023-02-21,HDU,Community-acquired pneumonia,Dr. R. Singh,Discharged
ADM002126,P2726,2023-08-04,2023-08-10,Medical Ward B,Acute kidney injury,Dr. S. Khan,Discharged
ADM002127,P2727,2023-11-28,2023-12-08,Endocrinology Ward,Heart failure decompensation,Dr. Y. Tanaka,Discharged
ADM002128,P2727,2023-12-20,2023-12-26,Endocrinology Ward,Hypertensive urgency,Dr. Y. Tanaka,Discharged
ADM002129,P2727,2023-11-27,2023-12-01,ICU,Sepsis,Dr. R. Singh,Discharged
ADM002130,P2728,2022-01-19,2022-01-22,Oncology Ward,Sepsis,Dr. J. Nkosi,Discharged
ADM002131,P2729,2024-07-18,2024-07-26,Endocrinology Ward,Chest pain query ACS,Dr. R. Singh,Discharged
ADM002132,P2730,2022-12-23,2023-01-04,Respiratory Ward,Sepsis,Dr. S. Khan,Discharged
ADM002133,P2730,2024-09-09,2024-09-15,Cardiology Ward,Community-acquired pneumonia,Dr. C. Müller,Discharged
ADM002134,P2733,2022-07-19,2022-07-31,Medical Ward A,Heart failure decompensation,Dr. A. Patel,Discharged
ADM002135,P2735,2023-08-29,2023-09-02,Endocrinology Ward,Hypertensive urgency,Dr. Y. Tanaka,Discharged
ADM002136,P2735,2024-12-20,2024-12-31,Cardiology Ward,Diabetic ketoacidosis,Dr. A. Patel,Discharged
ADM002137,P2737,2022-07-24,2022-07-29,Endocrinology Ward,Acute exacerbation of asthma,Dr. J. Nkosi,Discharged
ADM002138,P2737,2022-01-01,2022-01-13,ICU,Chest pain query ACS,Dr. R. Singh,Discharged
ADM002139,P2739,2024-04-30,,Medical Ward B,Acute kidney injury,Dr. Y. Tanaka,Current
ADM002140,P2739,2023-03-13,2023-03-18,ICU,Sepsis,Dr. M. O'Brien,Discharged
ADM002141,P2742,2024-11-23,2024-12-05,Respiratory Ward,Sepsis,Dr. J. Nkosi,Discharged
ADM002142,P2742,2023-07-04,,Surgical Ward,Hypertensive urgency,Dr. J. Nkosi,Current
ADM002143,P2743,2022-10-01,2022-10-02,Cardiology Ward,Stroke workup,Dr. S. Khan,Discharged
ADM002144,P2743,2022-10-22,,Oncology Ward,Heart failure decompensation,Dr. S. Khan,Current
ADM002145,P2746,2024-11-14,,Oncology Ward,Sepsis,Dr. R. Singh,Current
ADM002146,P2746,2024-02-01,2024-02-12,Cardiology Ward,Community-acquired pneumonia,Dr. Y. Tanaka,Discharged
ADM002147,P2747,2022-09-25,2022-10-06,Medical Ward B,Acute kidney injury,Dr. M. O'Brien,Discharged
ADM002148,P2747,2022-01-07,2022-01-19,Medical Ward A,Hypertensive urgency,Dr. L. Torres,Discharged
ADM002149,P2747,2023-12-26,2023-12-30,ICU,Community-acquired pneumonia,Dr. S. Khan,Discharged
ADM002150,P2749,2024-01-28,2024-02-09,Cardiology Ward,Stroke workup,Dr. C. Müller,Discharged
ADM002151,P2749,2024-06-06,2024-06-08,Medical Ward A,Elective procedure,Dr. A. Patel,Discharged
ADM002152,P2749,2023-11-09,2023-11-16,Medical Ward A,Heart failure decompensation,Dr. S. Khan,Discharged
ADM002153,P2750,2023-06-10,2023-06-18,HDU,Diabetic ketoacidosis,Dr. C. Müller,Discharged
ADM002154,P2750,2022-06-12,2022-06-16,Cardiology Ward,Diabetic ketoacidosis,Dr. Y. Tanaka,Discharged
ADM002155,P2750,2024-07-02,2024-07-14,HDU,Heart failure decompensation,Dr. Y. Tanaka,Discharged
ADM002156,P2751,2022-10-23,2022-10-26,Endocrinology Ward,Hypertensive urgency,Dr. S. Khan,Discharged
ADM002157,P2752,2024-07-30,2024-08-12,Medical Ward B,Heart failure decompensation,Dr. Y. Tanaka,Discharged
ADM002158,P2754,2024-02-11,2024-02-25,Medical Ward A,Elective procedure,Dr. S. Khan,Discharged
ADM002159,P2755,2024-05-24,2024-06-04,Cardiology Ward,Hypertensive urgency,Dr. A. Patel,Discharged
ADM002160,P2756,2024-08-27,2024-09-04,Cardiology Ward,Sepsis,Dr. S. Khan,Discharged
ADM002161,P2756,2022-08-28,2022-09-04,Medical Ward B,Chest pain query ACS,Dr. J. Nkosi,Discharged
ADM002162,P2756,2024-10-25,2024-10-27,ICU,Diabetic ketoacidosis,Dr. S. Khan,Discharged
ADM002163,P2758,2022-03-31,2022-04-09,Endocrinology Ward,Hypertensive urgency,Dr. J. Nkosi,Discharged
ADM002164,P2758,2022-02-01,,Oncology Ward,Community-acquired pneumonia,Dr. Y. Tanaka,Current
ADM002165,P2758,2023-02-11,2023-02-18,HDU,Community-acquired pneumonia,Dr. J. Nkosi,Discharged
ADM002166,P2759,2023-08-29,2023-09-03,Oncology Ward,Chest pain query ACS,Dr. S. Khan,Discharged
ADM002167,P2759,2022-11-28,2022-12-07,Oncology Ward,Acute kidney injury,Dr. L. Torres,Discharged
ADM002168,P2759,2022-07-25,2022-07-27,Endocrinology Ward,Stroke workup,Dr. R. Singh,Discharged
ADM002169,P2760,2023-03-09,2023-03-10,Cardiology Ward,Acute exacerbation of asthma,Dr. Y. Tanaka,Discharged
ADM002170,P2760,2022-11-17,2022-11-20,Respiratory Ward,Acute kidney injury,Dr. R. Singh,Discharged
ADM002171,P2760,2023-04-08,2023-04-12,Surgical Ward,Hypertensive urgency,Dr. M. O'Brien,Discharged
ADM002172,P2762,2023-05-28,2023-06-06,Medical Ward B,Chest pain query ACS,Dr. M. O'Brien,Discharged
ADM002173,P2763,2024-04-20,2024-05-02,HDU,Chest pain query ACS,Dr. S. Khan,Discharged
ADM002174,P2764,2022-07-23,2022-08-02,Cardiology Ward,Hypertensive urgency,Dr. A. Patel,Discharged
ADM002175,P2766,2022-05-15,,Cardiology Ward,Acute kidney injury,Dr. J. Nkosi,Current
ADM002176,P2766,2024-08-14,2024-08-15,ICU,Heart failure decompensation,Dr. C. Müller,Discharged
ADM002177,P2768,2022-10-13,,ICU,Acute exacerbation of asthma,Dr. J. Nkosi,Current
ADM002178,P2769,2023-01-12,2023-01-22,Cardiology Ward,Sepsis,Dr. C. Müller,Discharged
ADM002179,P2769,2024-08-20,2024-08-25,Endocrinology Ward,Stroke workup,Dr. J. Nkosi,Discharged
ADM002180,P2770,2022-03-21,2022-03-25,ICU,Acute exacerbation of asthma,Dr. J. Nkosi,Discharged
ADM002181,P2770,2024-10-30,2024-11-07,Surgical Ward,Chest pain query ACS,Dr. S. Khan,Discharged
ADM002182,P2771,2024-07-18,2024-07-23,Oncology Ward,Elective procedure,Dr. R. Singh,Discharged
ADM002183,P2771,2024-10-02,2024-10-08,Respiratory Ward,Community-acquired pneumonia,Dr. C. Müller,Discharged
ADM002184,P2772,2024-07-06,2024-07-16,Respiratory Ward,Elective procedure,Dr. S. Khan,Discharged
ADM002185,P2772,2022-04-16,2022-04-17,Surgical Ward,Sepsis,Dr. Y. Tanaka,Discharged
ADM002186,P2773,2022-01-03,2022-01-15,Respiratory Ward,Sepsis,Dr. J. Nkosi,Discharged
ADM002187,P2774,2022-06-03,,Medical Ward A,Sepsis,Dr. S. Khan,Current
ADM002188,P2775,2024-07-02,2024-07-10,Medical Ward B,Heart failure decompensation,Dr. S. Khan,Discharged
ADM002189,P2775,2024-04-12,2024-04-23,Medical Ward B,Acute exacerbation of asthma,Dr. A. Patel,Discharged
ADM002190,P2775,2022-05-03,2022-05-07,Medical Ward A,Sepsis,Dr. A. Patel,Discharged
ADM002191,P2776,2022-08-22,2022-08-28,Medical Ward B,Sepsis,Dr. Y. Tanaka,Discharged
ADM002192,P2776,2024-02-20,2024-02-29,Surgical Ward,Stroke workup,Dr. M. O'Brien,Discharged
ADM002193,P2776,2022-12-25,2023-01-04,Endocrinology Ward,Acute exacerbation of asthma,Dr. J. Nkosi,Discharged
ADM002194,P2777,2024-03-16,,Endocrinology Ward,Elective procedure,Dr. J. Nkosi,Current
ADM002195,P2780,2023-01-29,2023-02-04,Medical Ward B,Acute exacerbation of asthma,Dr. Y. Tanaka,Discharged
ADM002196,P2780,2024-05-06,,HDU,Diabetic ketoacidosis,Dr. L. Torres,Current
ADM002197,P2780,2023-01-27,,Cardiology Ward,Chest pain query ACS,Dr. C. Müller,Current
ADM002198,P2782,2023-06-12,2023-06-23,Surgical Ward,Diabetic ketoacidosis,Dr. M. O'Brien,Discharged
ADM002199,P2784,2023-11-17,2023-11-28,Respiratory Ward,Sepsis,Dr. L. Torres,Discharged
ADM002200,P2784,2022-04-27,,Medical Ward A,Hypertensive urgency,Dr. Y. Tanaka,Current
ADM002201,P2790,2024-04-30,2024-05-08,Oncology Ward,Chest pain query ACS,Dr. R. Singh,Discharged
ADM002202,P2790,2022-09-29,2022-10-08,ICU,Chest pain query ACS,Dr. J. Nkosi,Discharged
ADM002203,P2791,2024-12-05,2024-12-09,Oncology Ward,Acute exacerbation of asthma,Dr. M. O'Brien,Discharged
ADM002204,P2791,2022-04-06,2022-04-15,ICU,Acute exacerbation of asthma,Dr. Y. Tanaka,Discharged
ADM002205,P2791,2022-05-24,2022-06-07,Surgical Ward,Elective procedure,Dr. R. Singh,Discharged
ADM002206,P2792,2023-07-28,2023-08-06,Oncology Ward,Acute exacerbation of asthma,Dr. A. Patel,Discharged
ADM002207,P2793,2022-01-27,2022-02-07,ICU,Stroke workup,Dr. L. Torres,Discharged
ADM002208,P2793,2024-12-04,2024-12-16,ICU,Heart failure decompensation,Dr. J. Nkosi,Discharged
ADM002209,P2796,2022-05-02,2022-05-04,HDU,Community-acquired pneumonia,Dr. L. Torres,Discharged
ADM002210,P2796,2022-11-13,2022-11-22,Endocrinology Ward,Diabetic ketoacidosis,Dr. A. Patel,Discharged
ADM002211,P2796,2023-08-19,2023-09-01,HDU,Heart failure decompensation,Dr. J. Nkosi,Discharged
ADM002212,P2797,2023-05-11,2023-05-12,Medical Ward B,Sepsis,Dr. L. Torres,Discharged
ADM002213,P2800,2024-05-14,2024-05-20,Oncology Ward,Sepsis,Dr. A. Patel,Discharged
ADM002214,P2801,2022-06-23,2022-07-02,Endocrinology Ward,Hypertensive urgency,Dr. M. O'Brien,Discharged
ADM002215,P2803,2022-06-21,2022-07-01,Oncology Ward,Diabetic ketoacidosis,Dr. Y. Tanaka,Discharged
ADM002216,P2803,2023-08-13,2023-08-19,HDU,Acute kidney injury,Dr. J. Nkosi,Discharged
ADM002217,P2804,2022-05-29,2022-06-12,Surgical Ward,Stroke workup,Dr. Y. Tanaka,Discharged
ADM002218,P2804,2024-07-13,2024-07-14,Endocrinology Ward,Acute exacerbation of asthma,Dr. L. Torres,Discharged
ADM002219,P2804,2024-01-13,,Surgical Ward,Diabetic ketoacidosis,Dr. S. Khan,Current
ADM002220,P2805,2022-07-11,,Medical Ward B,Chest pain query ACS,Dr. C. Müller,Current
ADM002221,P2805,2024-05-02,2024-05-09,Oncology Ward,Acute kidney injury,Dr. A. Patel,Discharged
ADM002222,P2806,2023-11-05,2023-11-07,Surgical Ward,Diabetic ketoacidosis,Dr. J. Nkosi,Discharged
ADM002223,P2806,2022-02-09,2022-02-18,Oncology Ward,Acute exacerbation of asthma,Dr. R. Singh,Discharged
ADM002224,P2809,2024-03-03,2024-03-07,Surgical Ward,Stroke workup,Dr. R. Singh,Discharged
ADM002225,P2811,2022-06-14,2022-06-19,Respiratory Ward,Diabetic ketoacidosis,Dr. S. Khan,Discharged
ADM002226,P2811,2024-08-12,,Respiratory Ward,Acute exacerbation of asthma,Dr. C. Müller,Current
ADM002227,P2811,2022-03-19,2022-03-29,Medical Ward B,Acute kidney injury,Dr. L. Torres,Discharged
ADM002228,P2814,2022-12-25,2023-01-08,Endocrinology Ward,Community-acquired pneumonia,Dr. S. Khan,Discharged
ADM002229,P2818,2023-08-06,2023-08-16,Respiratory Ward,Hypertensive urgency,Dr. S. Khan,Discharged
ADM002230,P2818,2023-03-11,2023-03-24,Medical Ward B,Stroke workup,Dr. A. Patel,Discharged
ADM002231,P2821,2022-11-04,2022-11-11,Cardiology Ward,Diabetic ketoacidosis,Dr. M. O'Brien,Discharged
ADM002232,P2821,2022-02-17,,Cardiology Ward,Chest pain query ACS,Dr. A. Patel,Current
ADM002233,P2822,2023-03-24,,Surgical Ward,Chest pain query ACS,Dr. S. Khan,Current
ADM002234,P2822,2023-06-03,2023-06-17,Surgical Ward,Diabetic ketoacidosis,Dr. M. O'Brien,Discharged
ADM002235,P2822,2023-01-11,,Cardiology Ward,Elective procedure,Dr. J. Nkosi,Current
ADM002236,P2823,2023-05-17,2023-05-23,Surgical Ward,Chest pain query ACS,Dr. R. Singh,Discharged
ADM002237,P2823,2023-05-13,,Respiratory Ward,Hypertensive urgency,Dr. L. Torres,Current
ADM002238,P2823,2024-01-20,2024-01-26,Medical Ward A,Heart failure decompensation,Dr. S. Khan,Discharged
ADM002239,P2824,2024-04-21,2024-04-30,ICU,Acute exacerbation of asthma,Dr. C. Müller,Discharged
ADM002240,P2824,2022-01-27,,HDU,Chest pain query ACS,Dr. C. Müller,Current
ADM002241,P2825,2022-12-11,2022-12-20,Cardiology Ward,Hypertensive urgency,Dr. S. Khan,Discharged
ADM002242,P2825,2023-10-13,2023-10-22,Medical Ward A,Chest pain query ACS,Dr. R. Singh,Discharged
ADM002243,P2825,2023-08-31,2023-09-06,Surgical Ward,Heart failure decompensation,Dr. C. Müller,Discharged
ADM002244,P2828,2023-07-11,2023-07-13,ICU,Acute exacerbation of asthma,Dr. A. Patel,Discharged
ADM002245,P2829,2024-09-28,2024-10-11,Medical Ward B,Heart failure decompensation,Dr. L. Torres,Discharged
ADM002246,P2831,2022-02-21,2022-03-03,ICU,Sepsis,Dr. Y. Tanaka,Discharged
ADM002247,P2831,2024-08-21,2024-08-26,Medical Ward B,Acute exacerbation of asthma,Dr. J. Nkosi,Discharged
ADM002248,P2834,2022-04-16,2022-04-17,Cardiology Ward,Acute exacerbation of asthma,Dr. R. Singh,Discharged
ADM002249,P2834,2022-07-14,2022-07-22,Oncology Ward,Sepsis,Dr. C. Müller,Discharged
ADM002250,P2834,2022-08-11,2022-08-13,Cardiology Ward,Sepsis,Dr. C. Müller,Discharged
ADM002251,P2835,2022-10-02,2022-10-14,Cardiology Ward,Community-acquired pneumonia,Dr. L. Torres,Discharged
ADM002252,P2835,2023-01-14,2023-01-24,Respiratory Ward,Chest pain query ACS,Dr. S. Khan,Discharged
ADM002253,P2836,2024-03-19,2024-03-23,Respiratory Ward,Diabetic ketoacidosis,Dr. J. Nkosi,Discharged
ADM002254,P2836,2024-10-29,2024-11-07,Medical Ward B,Acute kidney injury,Dr. Y. Tanaka,Discharged
ADM002255,P2836,2024-05-27,2024-06-09,ICU,Sepsis,Dr. M. O'Brien,Discharged
ADM002256,P2838,2023-07-16,2023-07-21,Medical Ward A,Chest pain query ACS,Dr. L. Torres,Discharged
ADM002257,P2838,2023-08-29,2023-09-11,Respiratory Ward,Chest pain query ACS,Dr. C. Müller,Discharged
ADM002258,P2840,2022-09-03,2022-09-09,Cardiology Ward,Chest pain query ACS,Dr. Y. Tanaka,Discharged
ADM002259,P2841,2024-10-25,2024-10-27,HDU,Diabetic ketoacidosis,Dr. L. Torres,Discharged
ADM002260,P2841,2023-08-16,2023-08-18,ICU,Acute exacerbation of asthma,Dr. S. Khan,Discharged
ADM002261,P2842,2023-02-11,2023-02-12,Medical Ward A,Chest pain query ACS,Dr. M. O'Brien,Discharged
ADM002262,P2843,2024-05-23,2024-06-01,Oncology Ward,Hypertensive urgency,Dr. S. Khan,Discharged
ADM002263,P2843,2024-08-11,2024-08-16,Endocrinology Ward,Sepsis,Dr. M. O'Brien,Discharged
ADM002264,P2843,2024-08-01,,Oncology Ward,Acute exacerbation of asthma,Dr. Y. Tanaka,Current
ADM002265,P2845,2022-11-03,,Medical Ward B,Community-acquired pneumonia,Dr. M. O'Brien,Current
ADM002266,P2845,2023-10-17,2023-10-30,ICU,Heart failure decompensation,Dr. A. Patel,Discharged
ADM002267,P2846,2024-05-09,2024-05-16,Respiratory Ward,Stroke workup,Dr. Y. Tanaka,Discharged
ADM002268,P2848,2022-05-05,2022-05-15,Medical Ward B,Chest pain query ACS,Dr. C. Müller,Discharged
ADM002269,P2849,2023-07-25,,Medical Ward A,Heart failure decompensation,Dr. M. O'Brien,Current
ADM002270,P2851,2023-10-11,2023-10-23,Medical Ward B,Stroke workup,Dr. C. Müller,Discharged
ADM002271,P2854,2024-10-30,2024-11-09,Cardiology Ward,Sepsis,Dr. L. Torres,Discharged
ADM002272,P2854,2022-11-03,2022-11-08,Medical Ward B,Hypertensive urgency,Dr. M. O'Brien,Discharged
ADM002273,P2854,2024-03-16,2024-03-21,Respiratory Ward,Acute kidney injury,Dr. R. Singh,Discharged
ADM002274,P2856,2024-03-12,2024-03-13,Oncology Ward,Acute kidney injury,Dr. R. Singh,Discharged
ADM002275,P2856,2024-12-02,2024-12-13,Medical Ward B,Sepsis,Dr. M. O'Brien,Discharged
ADM002276,P2856,2022-09-01,2022-09-05,ICU,Sepsis,Dr. M. O'Brien,Discharged
ADM002277,P2857,2023-07-31,2023-08-13,Medical Ward B,Acute kidney injury,Dr. L. Torres,Discharged
ADM002278,P2857,2024-03-18,2024-03-27,Respiratory Ward,Chest pain query ACS,Dr. M. O'Brien,Discharged
ADM002279,P2857,2024-04-17,2024-04-20,HDU,Diabetic ketoacidosis,Dr. C. Müller,Discharged
ADM002280,P2858,2022-07-31,2022-08-01,ICU,Community-acquired pneumonia,Dr. S. Khan,Discharged
ADM002281,P2859,2023-06-18,2023-06-29,Surgical Ward,Stroke workup,Dr. J. Nkosi,Discharged
ADM002282,P2859,2023-01-13,2023-01-15,Endocrinology Ward,Sepsis,Dr. Y. Tanaka,Discharged
ADM002283,P2860,2023-02-17,2023-02-19,Oncology Ward,Chest pain query ACS,Dr. J. Nkosi,Discharged
ADM002284,P2860,2024-12-08,2024-12-12,Oncology Ward,Hypertensive urgency,Dr. C. Müller,Discharged
ADM002285,P2861,2022-03-14,2022-03-23,Medical Ward A,Heart failure decompensation,Dr. Y. Tanaka,Discharged
ADM002286,P2862,2022-10-21,,ICU,Acute exacerbation of asthma,Dr. Y. Tanaka,Current
ADM002287,P2862,2024-02-07,2024-02-19,Medical Ward B,Heart failure decompensation,Dr. J. Nkosi,Discharged
ADM002288,P2862,2023-08-04,2023-08-11,Medical Ward A,Chest pain query ACS,Dr. J. Nkosi,Discharged
ADM002289,P2866,2024-03-12,2024-03-22,Respiratory Ward,Acute kidney injury,Dr. C. Müller,Discharged
ADM002290,P2866,2024-06-29,2024-07-11,HDU,Stroke workup,Dr. L. Torres,Discharged
ADM002291,P2866,2022-04-14,2022-04-19,Cardiology Ward,Elective procedure,Dr. L. Torres,Discharged
ADM002292,P2867,2023-01-01,2023-01-02,ICU,Acute exacerbation of asthma,Dr. Y. Tanaka,Discharged
ADM002293,P2868,2022-11-26,2022-11-30,Medical Ward A,Community-acquired pneumonia,Dr. R. Singh,Discharged
ADM002294,P2868,2024-10-12,2024-10-17,Cardiology Ward,Chest pain query ACS,Dr. L. Torres,Discharged
ADM002295,P2870,2024-07-31,2024-08-06,HDU,Community-acquired pneumonia,Dr. C. Müller,Discharged
ADM002296,P2870,2024-09-30,2024-10-06,ICU,Acute kidney injury,Dr. R. Singh,Discharged
ADM002297,P2870,2022-03-03,2022-03-17,Cardiology Ward,Hypertensive urgency,Dr. S. Khan,Discharged
ADM002298,P2872,2024-09-02,,Oncology Ward,Acute exacerbation of asthma,Dr. Y. Tanaka,Current
ADM002299,P2872,2024-01-20,,Endocrinology Ward,Diabetic ketoacidosis,Dr. A. Patel,Current
ADM002300,P2873,2023-11-11,2023-11-13,Medical Ward B,Acute kidney injury,Dr. M. O'Brien,Discharged
ADM002301,P2874,2024-06-23,2024-06-25,Cardiology Ward,Chest pain query ACS,Dr. Y. Tanaka,Discharged
ADM002302,P2874,2022-10-05,2022-10-12,Medical Ward A,Heart failure decompensation,Dr. M. O'Brien,Discharged
ADM002303,P2874,2022-11-13,2022-11-22,Endocrinology Ward,Diabetic ketoacidosis,Dr. A. Patel,Discharged
ADM002304,P2875,2022-01-26,,Medical Ward A,Sepsis,Dr. J. Nkosi,Current
ADM002305,P2877,2023-01-02,2023-01-16,ICU,Acute exacerbation of asthma,Dr. M. O'Brien,Discharged
ADM002306,P2878,2024-02-28,,Oncology Ward,Heart failure decompensation,Dr. J. Nkosi,Current
ADM002307,P2878,2023-06-02,2023-06-03,Oncology Ward,Sepsis,Dr. L. Torres,Discharged
ADM002308,P2879,2023-06-06,2023-06-16,ICU,Acute exacerbation of asthma,Dr. Y. Tanaka,Discharged
ADM002309,P2879,2024-04-27,2024-05-07,Medical Ward A,Community-acquired pneumonia,Dr. L. Torres,Discharged
ADM002310,P2881,2022-05-02,,Respiratory Ward,Community-acquired pneumonia,Dr. M. O'Brien,Current
ADM002311,P2882,2024-07-22,,ICU,Stroke workup,Dr. Y. Tanaka,Current
ADM002312,P2882,2022-08-09,2022-08-19,Medical Ward A,Community-acquired pneumonia,Dr. C. Müller,Discharged
ADM002313,P2882,2023-12-21,2024-01-01,Medical Ward A,Chest pain query ACS,Dr. A. Patel,Discharged
ADM002314,P2883,2022-09-24,2022-10-08,Medical Ward B,Sepsis,Dr. C. Müller,Discharged
ADM002315,P2883,2023-11-30,2023-12-14,Surgical Ward,Diabetic ketoacidosis,Dr. C. Müller,Discharged
ADM002316,P2884,2024-05-24,2024-06-04,HDU,Chest pain query ACS,Dr. M. O'Brien,Discharged
ADM002317,P2884,2023-12-26,2024-01-09,Respiratory Ward,Stroke workup,Dr. S. Khan,Discharged
ADM002318,P2884,2023-04-25,2023-05-02,ICU,Acute kidney injury,Dr. L. Torres,Discharged
ADM002319,P2885,2023-09-27,2023-09-29,HDU,Acute kidney injury,Dr. L. Torres,Discharged
ADM002320,P2885,2023-02-01,2023-02-12,Oncology Ward,Diabetic ketoacidosis,Dr. C. Müller,Discharged
ADM002321,P2887,2022-12-08,,Endocrinology Ward,Sepsis,Dr. C. Müller,Current
ADM002322,P2888,2022-05-30,2022-06-09,Medical Ward A,Diabetic ketoacidosis,Dr. M. O'Brien,Discharged
ADM002323,P2888,2024-02-03,,Medical Ward A,Stroke workup,Dr. L. Torres,Current
ADM002324,P2888,2024-09-03,2024-09-13,Endocrinology Ward,Acute kidney injury,Dr. Y. Tanaka,Discharged
ADM002325,P2890,2023-12-09,2023-12-12,Cardiology Ward,Chest pain query ACS,Dr. S. Khan,Discharged
ADM002326,P2891,2022-06-05,2022-06-13,Medical Ward B,Acute exacerbation of asthma,Dr. Y. Tanaka,Discharged
ADM002327,P2891,2024-01-03,2024-01-09,Oncology Ward,Acute kidney injury,Dr. L. Torres,Discharged
ADM002328,P2892,2023-05-20,2023-05-26,Surgical Ward,Chest pain query ACS,Dr. Y. Tanaka,Discharged
ADM002329,P2892,2024-05-30,2024-05-31,Respiratory Ward,Diabetic ketoacidosis,Dr. L. Torres,Discharged
ADM002330,P2893,2023-05-17,2023-05-30,ICU,Sepsis,Dr. Y. Tanaka,Discharged
ADM002331,P2893,2023-01-18,2023-01-30,ICU,Acute kidney injury,Dr. C. Müller,Discharged
ADM002332,P2894,2022-01-01,2022-01-13,Surgical Ward,Chest pain query ACS,Dr. L. Torres,Discharged
ADM002333,P2894,2022-11-12,2022-11-18,Medical Ward B,Hypertensive urgency,Dr. A. Patel,Discharged
ADM002334,P2894,2023-04-26,2023-05-04,Oncology Ward,Hypertensive urgency,Dr. R. Singh,Discharged
ADM002335,P2895,2022-01-26,,Medical Ward A,Acute kidney injury,Dr. M. O'Brien,Current
ADM002336,P2895,2024-08-04,2024-08-10,Surgical Ward,Heart failure decompensation,Dr. M. O'Brien,Discharged
ADM002337,P2895,2024-04-15,2024-04-21,Medical Ward B,Chest pain query ACS,Dr. R. Singh,Discharged
ADM002338,P2898,2022-08-11,2022-08-18,Medical Ward A,Hypertensive urgency,Dr. L. Torres,Discharged
ADM002339,P2898,2022-08-29,2022-09-04,Cardiology Ward,Sepsis,Dr. R. Singh,Discharged
ADM002340,P2900,2023-03-02,2023-03-07,Respiratory Ward,Acute kidney injury,Dr. L. Torres,Discharged
ADM002341,P2901,2022-03-12,2022-03-15,ICU,Acute kidney injury,Dr. A. Patel,Discharged
ADM002342,P2902,2024-06-12,2024-06-17,Surgical Ward,Stroke workup,Dr. A. Patel,Discharged
ADM002343,P2903,2023-02-06,2023-02-15,Respiratory Ward,Hypertensive urgency,Dr. Y. Tanaka,Discharged
ADM002344,P2906,2022-05-08,2022-05-19,Respiratory Ward,Heart failure decompensation,Dr. R. Singh,Discharged
ADM002345,P2907,2023-01-20,2023-01-26,Medical Ward A,Heart failure decompensation,Dr. S. Khan,Discharged
ADM002346,P2907,2024-01-19,,Surgical Ward,Heart failure decompensation,Dr. R. Singh,Current
ADM002347,P2907,2022-09-07,2022-09-17,HDU,Chest pain query ACS,Dr. M. O'Brien,Discharged
ADM002348,P2908,2024-09-21,2024-10-04,Surgical Ward,Heart failure decompensation,Dr. S. Khan,Discharged
ADM002349,P2908,2023-04-25,2023-04-28,Surgical Ward,Heart failure decompensation,Dr. C. Müller,Discharged
ADM002350,P2908,2022-11-16,2022-11-17,Cardiology Ward,Diabetic ketoacidosis,Dr. A. Patel,Discharged
ADM002351,P2911,2024-06-24,2024-06-29,Medical Ward B,Acute kidney injury,Dr. C. Müller,Discharged
ADM002352,P2912,2023-08-26,2023-08-29,Medical Ward A,Elective procedure,Dr. M. O'Brien,Discharged
ADM002353,P2913,2022-04-17,2022-04-25,Oncology Ward,Heart failure decompensation,Dr. Y. Tanaka,Discharged
ADM002354,P2913,2024-02-29,,Oncology Ward,Diabetic ketoacidosis,Dr. L. Torres,Current
ADM002355,P2913,2024-04-24,2024-05-01,ICU,Diabetic ketoacidosis,Dr. M. O'Brien,Discharged
ADM002356,P2914,2023-11-08,2023-11-22,Oncology Ward,Acute kidney injury,Dr. M. O'Brien,Discharged
ADM002357,P2914,2022-02-01,,Oncology Ward,Acute kidney injury,Dr. S. Khan,Current
ADM002358,P2915,2022-04-01,2022-04-11,ICU,Diabetic ketoacidosis,Dr. R. Singh,Discharged
ADM002359,P2915,2022-10-31,2022-11-12,Respiratory Ward,Community-acquired pneumonia,Dr. R. Singh,Discharged
ADM002360,P2915,2022-02-08,,Surgical Ward,Diabetic ketoacidosis,Dr. C. Müller,Current
ADM002361,P2917,2022-05-10,2022-05-20,Medical Ward A,Diabetic ketoacidosis,Dr. J. Nkosi,Discharged
ADM002362,P2917,2023-10-30,2023-11-13,Respiratory Ward,Hypertensive urgency,Dr. S. Khan,Discharged
ADM002363,P2917,2024-12-05,2024-12-17,Cardiology Ward,Sepsis,Dr. J. Nkosi,Discharged
ADM002364,P2918,2024-05-25,,Medical Ward A,Chest pain query ACS,Dr. L. Torres,Current
ADM002365,P2920,2023-02-07,2023-02-10,HDU,Chest pain query ACS,Dr. M. O'Brien,Discharged
ADM002366,P2920,2024-08-08,2024-08-20,Oncology Ward,Diabetic ketoacidosis,Dr. R. Singh,Discharged
ADM002367,P2920,2023-12-15,2023-12-16,Medical Ward B,Community-acquired pneumonia,Dr. M. O'Brien,Discharged
ADM002368,P2922,2022-06-10,2022-06-11,Medical Ward A,Heart failure decompensation,Dr. C. Müller,Discharged
ADM002369,P2922,2023-05-18,2023-05-31,Medical Ward B,Sepsis,Dr. S. Khan,Discharged
ADM002370,P2924,2023-08-12,2023-08-20,HDU,Sepsis,Dr. J. Nkosi,Discharged
ADM002371,P2926,2024-08-07,2024-08-15,ICU,Diabetic ketoacidosis,Dr. R. Singh,Discharged
ADM002372,P2926,2022-01-04,2022-01-16,Surgical Ward,Sepsis,Dr. R. Singh,Discharged
ADM002373,P2927,2022-12-20,2022-12-27,Medical Ward A,Acute kidney injury,Dr. S. Khan,Discharged
ADM002374,P2930,2024-09-28,2024-10-01,Oncology Ward,Acute exacerbation of asthma,Dr. J. Nkosi,Discharged
ADM002375,P2930,2024-10-09,2024-10-22,Endocrinology Ward,Community-acquired pneumonia,Dr. R. Singh,Discharged
ADM002376,P2930,2023-10-05,2023-10-18,Oncology Ward,Chest pain query ACS,Dr. R. Singh,Discharged
ADM002377,P2932,2023-03-09,2023-03-23,Respiratory Ward,Diabetic ketoacidosis,Dr. A. Patel,Discharged
ADM002378,P2933,2024-07-28,2024-08-11,ICU,Hypertensive urgency,Dr. C. Müller,Discharged
ADM002379,P2933,2024-10-19,2024-10-22,Cardiology Ward,Stroke workup,Dr. Y. Tanaka,Discharged
ADM002380,P2933,2023-02-13,2023-02-23,HDU,Stroke workup,Dr. Y. Tanaka,Discharged
ADM002381,P2934,2024-12-13,2024-12-19,Cardiology Ward,Hypertensive urgency,Dr. L. Torres,Discharged
ADM002382,P2934,2023-08-02,2023-08-07,Medical Ward A,Heart failure decompensation,Dr. A. Patel,Discharged
ADM002383,P2935,2022-08-12,2022-08-20,Oncology Ward,Hypertensive urgency,Dr. R. Singh,Discharged
ADM002384,P2935,2023-05-22,2023-06-01,Medical Ward B,Heart failure decompensation,Dr. A. Patel,Discharged
ADM002385,P2935,2023-09-29,2023-10-11,Cardiology Ward,Community-acquired pneumonia,Dr. R. Singh,Discharged
ADM002386,P2936,2023-08-17,2023-08-27,Oncology Ward,Stroke workup,Dr. M. O'Brien,Discharged
ADM002387,P2937,2023-12-06,2023-12-09,HDU,Hypertensive urgency,Dr. S. Khan,Discharged
ADM002388,P2938,2024-05-23,2024-06-01,Cardiology Ward,Elective procedure,Dr. M. O'Brien,Discharged
ADM002389,P2938,2023-09-23,2023-10-03,Oncology Ward,Acute kidney injury,Dr. L. Torres,Discharged
ADM002390,P2939,2022-04-21,2022-04-23,Endocrinology Ward,Stroke workup,Dr. L. Torres,Discharged
ADM002391,P2939,2023-04-19,2023-04-25,Cardiology Ward,Hypertensive urgency,Dr. Y. Tanaka,Discharged
ADM002392,P2940,2024-04-12,2024-04-15,Oncology Ward,Diabetic ketoacidosis,Dr. C. Müller,Discharged
ADM002393,P2940,2022-07-30,2022-08-04,HDU,Hypertensive urgency,Dr. S. Khan,Discharged
ADM002394,P2943,2023-05-21,2023-05-23,ICU,Diabetic ketoacidosis,Dr. C. Müller,Discharged
ADM002395,P2944,2024-04-05,2024-04-08,Respiratory Ward,Diabetic ketoacidosis,Dr. C. Müller,Discharged
ADM002396,P2944,2022-09-16,2022-09-28,Endocrinology Ward,Hypertensive urgency,Dr. C. Müller,Discharged
ADM002397,P2947,2022-09-06,2022-09-15,Surgical Ward,Chest pain query ACS,Dr. L. Torres,Discharged
ADM002398,P2948,2024-02-03,2024-02-17,ICU,Diabetic ketoacidosis,Dr. L. Torres,Discharged
ADM002399,P2948,2024-08-20,2024-08-27,Cardiology Ward,Stroke workup,Dr. Y. Tanaka,Discharged
ADM002400,P2948,2022-08-10,2022-08-12,Endocrinology Ward,Heart failure decompensation,Dr. A. Patel,Discharged
ADM002401,P2949,2022-11-17,2022-11-18,Surgical Ward,Hypertensive urgency,Dr. Y. Tanaka,Discharged
ADM002402,P2954,2024-08-24,,Medical Ward B,Sepsis,Dr. J. Nkosi,Current
ADM002403,P2954,2023-11-28,2023-12-01,ICU,Heart failure decompensation,Dr. S. Khan,Discharged
ADM002404,P2954,2022-01-11,2022-01-19,Surgical Ward,Sepsis,Dr. J. Nkosi,Discharged
ADM002405,P2960,2022-11-02,2022-11-16,Surgical Ward,Hypertensive urgency,Dr. R. Singh,Discharged
ADM002406,P2960,2023-01-13,2023-01-27,Oncology Ward,Chest pain query ACS,Dr. C. Müller,Discharged
ADM002407,P2960,2022-07-29,2022-08-04,Cardiology Ward,Acute exacerbation of asthma,Dr. M. O'Brien,Discharged
ADM002408,P2965,2023-05-19,2023-05-24,Respiratory Ward,Elective procedure,Dr. A. Patel,Discharged
ADM002409,P2966,2024-04-09,2024-04-12,Endocrinology Ward,Elective procedure,Dr. Y. Tanaka,Discharged
ADM002410,P2966,2024-09-09,2024-09-11,Respiratory Ward,Hypertensive urgency,Dr. S. Khan,Discharged
ADM002411,P2968,2024-03-16,2024-03-30,Surgical Ward,Hypertensive urgency,Dr. J. Nkosi,Discharged
ADM002412,P2968,2024-11-16,2024-11-24,HDU,Community-acquired pneumonia,Dr. A. Patel,Discharged
ADM002413,P2968,2023-06-01,2023-06-11,HDU,Heart failure decompensation,Dr. R. Singh,Discharged
ADM002414,P2969,2023-04-23,2023-04-28,Respiratory Ward,Heart failure decompensation,Dr. C. Müller,Discharged
ADM002415,P2971,2024-04-26,2024-05-01,Endocrinology Ward,Sepsis,Dr. A. Patel,Discharged
ADM002416,P2971,2023-06-10,,Medical Ward A,Community-acquired pneumonia,Dr. Y. Tanaka,Current
ADM002417,P2971,2023-09-19,2023-09-29,Surgical Ward,Acute kidney injury,Dr. A. Patel,Discharged
ADM002418,P2972,2023-10-02,,Oncology Ward,Acute kidney injury,Dr. S. Khan,Current
ADM002419,P2972,2023-08-22,2023-09-04,ICU,Hypertensive urgency,Dr. S. Khan,Discharged
ADM002420,P2976,2024-07-25,,Cardiology Ward,Community-acquired pneumonia,Dr. L. Torres,Current
ADM002421,P2976,2023-10-20,2023-10-22,HDU,Elective procedure,Dr. Y. Tanaka,Discharged
ADM002422,P2976,2022-02-07,2022-02-08,Endocrinology Ward,Acute kidney injury,Dr. J. Nkosi,Discharged
ADM002423,P2977,2023-06-05,2023-06-14,Oncology Ward,Acute exacerbation of asthma,Dr. C. Müller,Discharged
ADM002424,P2977,2023-08-13,,Surgical Ward,Heart failure decompensation,Dr. M. O'Brien,Current
ADM002425,P2978,2023-11-04,2023-11-07,HDU,Acute exacerbation of asthma,Dr. C. Müller,Discharged
ADM002426,P2981,2024-08-01,,Medical Ward B,Elective procedure,Dr. A. Patel,Current
ADM002427,P2984,2022-05-16,2022-05-19,Medical Ward A,Chest pain query ACS,Dr. J. Nkosi,Discharged
ADM002428,P2984,2022-09-01,2022-09-08,Endocrinology Ward,Stroke workup,Dr. C. Müller,Discharged
ADM002429,P2986,2022-08-28,,Cardiology Ward,Hypertensive urgency,Dr. S. Khan,Current
ADM002430,P2987,2022-07-16,,Respiratory Ward,Stroke workup,Dr. L. Torres,Current
ADM002431,P2988,2023-05-26,2023-06-01,Medical Ward B,Community-acquired pneumonia,Dr. J. Nkosi,Discharged
ADM002432,P2988,2023-12-20,,Medical Ward B,Heart failure decompensation,Dr. A. Patel,Current
ADM002433,P2988,2023-03-04,2023-03-07,ICU,Acute exacerbation of asthma,Dr. M. O'Brien,Discharged
ADM002434,P2989,2024-11-22,2024-12-01,Medical Ward A,Elective procedure,Dr. A. Patel,Discharged
ADM002435,P2991,2023-11-23,2023-11-28,Endocrinology Ward,Hypertensive urgency,Dr. S. Khan,Discharged
ADM002436,P2994,2023-03-25,2023-04-02,Medical Ward A,Chest pain query ACS,Dr. M. O'Brien,Discharged
ADM002437,P2994,2023-05-23,2023-06-05,ICU,Chest pain query ACS,Dr. J. Nkosi,Discharged
ADM002438,P2994,2022-05-28,2022-06-03,HDU,Stroke workup,Dr. A. Patel,Discharged
ADM002439,P2996,2024-10-14,2024-10-24,ICU,Community-acquired pneumonia,Dr. A. Patel,Discharged
ADM002440,P2997,2023-09-29,2023-10-02,Surgical Ward,Elective procedure,Dr. M. O'Brien,Discharged
ADM002441,P2998,2024-04-10,,ICU,Heart failure decompensation,Dr. L. Torres,Current
ADM002442,P2999,2024-08-23,,Medical Ward A,Chest pain query ACS,Dr. J. Nkosi,Current
ADM002443,P2999,2022-02-24,2022-02-25,Surgical Ward,Hypertensive urgency,Dr. C. Müller,Discharged
ADM002444,P2999,2024-04-21,,ICU,Hypertensive urgency,Dr. A. Patel,Current
