appt_id,patient_id,appointment_type,provider,date,time,status,notes
APT000001,P1001,Psychiatry,Dr. J. Nkosi,2024-08-25,12:00,DNA,
APT000002,P1001,Rheumatology,Dr. C. Müller,2024-02-09,12:30,Completed,
APT000003,P1001,General Practice,Dr. Y. Tanaka,2027-03-13,14:30,Scheduled,
APT000004,P1002,Psychiatry,Dr. Y. Tanaka,2026-12-21,15:30,Scheduled,
APT000005,P1002,Nephrology,Dr. R. Singh,2024-07-29,08:45,Cancelled,
APT000006,P1003,Nephrology,Dr. C. Müller,2023-03-11,12:30,Cancelled,
APT000007,P1003,Endocrinology,Dr. L. Torres,2024-08-27,16:30,DNA,
APT000008,P1003,Cardiology,Dr. A. Patel,2024-12-31,14:00,DNA,
APT000009,P1003,Nephrology,Dr. J. Nkosi,2024-11-09,11:45,Completed,
APT000010,P1004,Endocrinology,Dr. S. Khan,2023-04-17,08:45,DNA,
APT000011,P1004,Psychiatry,Dr. L. Torres,2023-03-16,16:15,Completed,
APT000012,P1004,Physiotherapy,Dr. L. Torres,2027-02-13,14:30,Scheduled,
APT000013,P1004,Neurology,Dr. C. Müller,2026-11-24,14:15,Scheduled,
APT000014,P1005,Pulmonology,Dr. A. Patel,2027-03-31,13:15,Scheduled,
APT000015,P1005,Pulmonology,Dr. M. O'Brien,2023-12-20,15:00,Completed,
APT000016,P1005,Nephrology,Dr. C. Müller,2023-07-08,14:15,Cancelled,
APT000017,P1006,Psychiatry,Dr. C. Müller,2027-02-24,09:30,Scheduled,
APT000018,P1006,Neurology,Dr. A. Patel,2024-08-06,15:00,Completed,
APT000019,P1007,Neurology,Dr. Y. Tanaka,2027-03-10,13:15,Scheduled,
APT000020,P1007,Physiotherapy,Dr. C. Müller,2024-01-05,13:15,Cancelled,
APT000021,P1008,Rheumatology,Dr. A. Patel,2026-10-31,15:45,Scheduled,
APT000022,P1009,Physiotherapy,Dr. J. Nkosi,2023-10-15,14:00,Completed,
APT000023,P1009,General Practice,Dr. S. Khan,2026-11-14,09:45,Scheduled,
APT000024,P1009,Oncology,Dr. M. O'Brien,2023-05-18,11:45,Cancelled,
APT000025,P1010,Psychiatry,Dr. C. Müller,2026-11-30,11:45,Scheduled,
APT000026,P1010,Rheumatology,Dr. L. Torres,2027-01-12,15:00,Scheduled,
APT000027,P1010,Rheumatology,Dr. A. Patel,2024-03-26,11:00,Cancelled,
APT000028,P1011,Cardiology,Dr. S. Khan,2027-01-01,09:15,Scheduled,
APT000029,P1012,Pulmonology,Dr. C. Müller,2024-03-21,15:15,Completed,
APT000030,P1012,Psychiatry,Dr. J. Nkosi,2023-08-17,13:45,DNA,
APT000031,P1012,Cardiology,Dr. M. O'Brien,2027-02-23,16:30,Scheduled,
APT000032,P1012,Neurology,Dr. A. Patel,2024-11-18,13:45,Cancelled,
APT000033,P1013,General Practice,Dr. C. Müller,2024-12-24,15:45,Completed,
APT000034,P1013,Cardiology,Dr. S. Khan,2026-12-23,08:45,Scheduled,
APT000035,P1014,Nephrology,Dr. C. Müller,2023-05-31,12:00,DNA,
APT000036,P1014,Pulmonology,Dr. J. Nkosi,2024-05-15,16:45,Completed,
APT000037,P1015,Neurology,Dr. M. O'Brien,2024-05-30,13:15,DNA,
APT000038,P1015,Cardiology,Dr. M. O'Brien,2023-05-26,10:00,DNA,
APT000039,P1016,Endocrinology,Dr. J. Nkosi,2024-11-24,11:15,DNA,
APT000040,P1016,Physiotherapy,Dr. L. Torres,2024-11-03,14:00,Completed,
APT000041,P1016,Neurology,Dr. S. Khan,2024-05-04,16:00,DNA,
APT000042,P1016,Rheumatology,Dr. R. Singh,2027-02-02,08:30,Scheduled,
APT000043,P1017,Neurology,Dr. A. Patel,2026-10-12,15:15,Scheduled,
APT000044,P1018,Endocrinology,Dr. M. O'Brien,2027-03-12,11:45,Scheduled,
APT000045,P1019,Endocrinology,Dr. J. Nkosi,2024-05-08,14:15,DNA,
APT000046,P1019,Oncology,Dr. A. Patel,2024-05-06,16:15,DNA,
APT000047,P1019,General Practice,Dr. R. Singh,2024-09-19,10:15,Completed,
APT000048,P1019,Endocrinology,Dr. L. Torres,2027-03-04,09:15,Scheduled,
APT000049,P1020,Rheumatology,Dr. L. Torres,2024-03-05,15:45,Completed,
APT000050,P1020,Cardiology,Dr. L. Torres,2024-03-19,08:45,Cancelled,
APT000051,P1020,Rheumatology,Dr. J. Nkosi,2023-02-18,15:00,DNA,
APT000052,P1021,Cardiology,Dr. J. Nkosi,2024-05-16,13:15,Cancelled,
APT000053,P1022,Psychiatry,Dr. Y. Tanaka,2026-10-13,16:00,Scheduled,
APT000054,P1022,Nephrology,Dr. A. Patel,2023-08-07,17:45,Completed,
APT000055,P1022,Endocrinology,Dr. J. Nkosi,2023-04-22,12:45,Cancelled,
APT000056,P1022,General Practice,Dr. A. Patel,2027-02-22,10:00,Scheduled,
APT000057,P1023,Oncology,Dr. A. Patel,2024-05-23,16:45,Completed,
APT000058,P1023,General Practice,Dr. Y. Tanaka,2027-01-16,10:15,Scheduled,
APT000059,P1023,Rheumatology,Dr. A. Patel,2027-03-10,16:30,Scheduled,
APT000060,P1024,Physiotherapy,Dr. S. Khan,2023-02-11,09:30,DNA,
APT000061,P1024,General Practice,Dr. S. Khan,2023-02-21,16:45,DNA,
APT000062,P1025,Cardiology,Dr. M. O'Brien,2027-03-12,14:45,Scheduled,
APT000063,P1026,Cardiology,Dr. M. O'Brien,2027-02-25,16:15,Scheduled,
APT000064,P1026,Pulmonology,Dr. S. Khan,2023-01-16,17:15,DNA,
APT000065,P1026,Cardiology,Dr. A. Patel,2024-07-25,11:30,DNA,
APT000066,P1026,Endocrinology,Dr. J. Nkosi,2023-11-16,09:30,Completed,
APT000067,P1027,Pulmonology,Dr. A. Patel,2024-05-13,09:15,Completed,
APT000068,P1027,Endocrinology,Dr. S. Khan,2024-05-16,11:00,DNA,
APT000069,P1027,Oncology,Dr. J. Nkosi,2023-08-13,08:30,Completed,
APT000070,P1027,Pulmonology,Dr. A. Patel,2024-05-28,17:15,Cancelled,
APT000071,P1028,Psychiatry,Dr. R. Singh,2024-11-11,14:15,Cancelled,
APT000072,P1028,Rheumatology,Dr. R. Singh,2026-10-18,16:45,Scheduled,
APT000073,P1028,Psychiatry,Dr. J. Nkosi,2024-12-13,09:15,DNA,
APT000074,P1028,Psychiatry,Dr. M. O'Brien,2023-03-22,14:15,DNA,
APT000075,P1029,Physiotherapy,Dr. L. Torres,2027-03-11,08:00,Scheduled,
APT000076,P1030,Oncology,Dr. C. Müller,2026-11-02,08:15,Scheduled,
APT000077,P1030,Rheumatology,Dr. A. Patel,2027-03-02,13:45,Scheduled,
APT000078,P1031,Neurology,Dr. J. Nkosi,2023-12-13,09:15,Cancelled,
APT000079,P1032,Rheumatology,Dr. Y. Tanaka,2027-01-01,13:00,Scheduled,
APT000080,P1032,Nephrology,Dr. S. Khan,2023-09-20,14:15,DNA,
APT000081,P1033,Cardiology,Dr. M. O'Brien,2024-04-05,11:15,Cancelled,
APT000082,P1034,General Practice,Dr. M. O'Brien,2027-01-09,12:30,Scheduled,
APT000083,P1035,Rheumatology,Dr. M. O'Brien,2024-11-16,10:45,Completed,
APT000084,P1035,Cardiology,Dr. R. Singh,2023-02-13,13:00,DNA,
APT000085,P1035,Pulmonology,Dr. Y. Tanaka,2024-11-28,14:00,Cancelled,
APT000086,P1035,Cardiology,Dr. C. Müller,2027-02-28,15:45,Scheduled,
APT000087,P1036,Psychiatry,Dr. A. Patel,2024-12-17,17:45,Completed,
APT000088,P1036,Rheumatology,Dr. S. Khan,2026-11-19,14:45,Scheduled,
APT000089,P1037,Cardiology,Dr. J. Nkosi,2024-03-04,14:00,DNA,
APT000090,P1037,Physiotherapy,Dr. J. Nkosi,2024-10-09,12:15,Completed,
APT000091,P1038,Rheumatology,Dr. L. Torres,2027-01-17,14:45,Scheduled,
APT000092,P1038,Oncology,Dr. Y. Tanaka,2026-10-25,09:30,Scheduled,
APT000093,P1039,Pulmonology,Dr. M. O'Brien,2023-04-28,14:15,Completed,
APT000094,P1039,Psychiatry,Dr. J. Nkosi,2023-05-05,15:30,DNA,
APT000095,P1039,Physiotherapy,Dr. M. O'Brien,2026-12-19,13:30,Scheduled,
APT000096,P1039,Neurology,Dr. M. O'Brien,2023-07-05,12:00,DNA,
APT000097,P1040,Pulmonology,Dr. Y. Tanaka,2027-01-16,10:15,Scheduled,
APT000098,P1040,Nephrology,Dr. R. Singh,2023-03-29,09:30,Cancelled,
APT000099,P1040,Endocrinology,Dr. C. Müller,2023-03-21,15:15,Completed,
APT000100,P1040,Cardiology,Dr. C. Müller,2026-12-21,16:15,Scheduled,
APT000101,P1041,Endocrinology,Dr. C. Müller,2024-10-17,13:30,DNA,
APT000102,P1041,Rheumatology,Dr. Y. Tanaka,2024-01-08,09:15,Completed,
APT000103,P1041,Cardiology,Dr. J. Nkosi,2026-11-29,11:00,Scheduled,
APT000104,P1041,Rheumatology,Dr. J. Nkosi,2026-12-01,11:45,Scheduled,
APT000105,P1042,Pulmonology,Dr. S. Khan,2023-08-11,14:00,Cancelled,
APT000106,P1043,Psychiatry,Dr. J. Nkosi,2023-07-15,10:30,DNA,
APT000107,P1043,Cardiology,Dr. R. Singh,2026-11-03,10:45,Scheduled,
APT000108,P1043,Pulmonology,Dr. M. O'Brien,2024-02-04,13:15,DNA,
APT000109,P1043,Rheumatology,Dr. C. Müller,2023-02-05,08:00,Cancelled,
APT000110,P1044,Psychiatry,Dr. L. Torres,2027-01-23,11:00,Scheduled,
APT000111,P1044,Nephrology,Dr. A. Patel,2027-03-18,14:00,Scheduled,
APT000112,P1045,Endocrinology,Dr. J. Nkosi,2024-09-29,14:45,Completed,
APT000113,P1045,Oncology,Dr. S. Khan,2026-12-11,08:30,Scheduled,
APT000114,P1045,Neurology,Dr. S. Khan,2027-03-19,11:30,Scheduled,
APT000115,P1046,Endocrinology,Dr. R. Singh,2023-05-29,13:00,DNA,
APT000116,P1047,Oncology,Dr. S. Khan,2024-08-05,13:15,Completed,
APT000117,P1047,Oncology,Dr. S. Khan,2024-10-01,11:15,DNA,
APT000118,P1047,Neurology,Dr. J. Nkosi,2026-11-24,11:45,Scheduled,
APT000119,P1048,Endocrinology,Dr. J. Nkosi,2023-03-05,11:15,Completed,
APT000120,P1049,General Practice,Dr. A. Patel,2024-10-21,14:00,Cancelled,
APT000121,P1049,Psychiatry,Dr. C. Müller,2023-01-02,11:45,Completed,
APT000122,P1049,Physiotherapy,Dr. M. O'Brien,2027-03-20,15:15,Scheduled,
APT000123,P1050,Physiotherapy,Dr. S. Khan,2027-02-20,16:30,Scheduled,
APT000124,P1050,Physiotherapy,Dr. S. Khan,2024-02-04,16:30,Completed,
APT000125,P1050,Oncology,Dr. M. O'Brien,2026-10-15,13:45,Scheduled,
APT000126,P1051,Physiotherapy,Dr. J. Nkosi,2026-11-04,08:30,Scheduled,
APT000127,P1051,Neurology,Dr. S. Khan,2024-05-09,12:45,DNA,
APT000128,P1051,Rheumatology,Dr. A. Patel,2027-01-25,12:30,Scheduled,
APT000129,P1052,Physiotherapy,Dr. Y. Tanaka,2026-10-12,14:30,Scheduled,
APT000130,P1052,General Practice,Dr. J. Nkosi,2023-04-07,11:00,DNA,
APT000131,P1053,General Practice,Dr. J. Nkosi,2024-06-12,13:00,DNA,
APT000132,P1053,Nephrology,Dr. C. Müller,2023-09-25,13:15,Cancelled,
APT000133,P1053,Physiotherapy,Dr. S. Khan,2027-03-30,14:00,Scheduled,
APT000134,P1053,Pulmonology,Dr. S. Khan,2027-02-04,08:15,Scheduled,
APT000135,P1054,Rheumatology,Dr. J. Nkosi,2023-03-28,13:15,DNA,
APT000136,P1054,Cardiology,Dr. M. O'Brien,2024-05-03,12:15,DNA,
APT000137,P1054,Neurology,Dr. R. Singh,2027-02-17,13:30,Scheduled,
APT000138,P1055,Cardiology,Dr. S. Khan,2023-01-13,08:45,Cancelled,
APT000139,P1055,Psychiatry,Dr. Y. Tanaka,2023-10-11,08:15,Completed,
APT000140,P1055,Endocrinology,Dr. S. Khan,2024-07-15,17:00,Completed,
APT000141,P1056,Psychiatry,Dr. A. Patel,2024-03-27,11:15,Completed,
APT000142,P1057,Rheumatology,Dr. A. Patel,2023-07-24,11:15,Completed,
APT000143,P1057,Neurology,Dr. J. Nkosi,2026-11-21,08:30,Scheduled,
APT000144,P1058,Physiotherapy,Dr. S. Khan,2027-02-22,12:30,Scheduled,
APT000145,P1059,Psychiatry,Dr. C. Müller,2023-01-25,08:45,DNA,
APT000146,P1059,Rheumatology,Dr. Y. Tanaka,2026-11-16,10:30,Scheduled,
APT000147,P1060,Cardiology,Dr. M. O'Brien,2023-03-19,15:00,Cancelled,
APT000148,P1060,Physiotherapy,Dr. R. Singh,2024-10-02,15:15,Completed,
APT000149,P1060,Neurology,Dr. A. Patel,2024-01-21,10:45,Cancelled,
APT000150,P1061,Oncology,Dr. R. Singh,2023-04-28,16:00,DNA,
APT000151,P1061,Physiotherapy,Dr. S. Khan,2024-12-08,15:15,DNA,
APT000152,P1061,Neurology,Dr. R. Singh,2024-02-11,09:00,Cancelled,
APT000153,P1061,Cardiology,Dr. J. Nkosi,2026-11-30,11:15,Scheduled,
APT000154,P1062,Cardiology,Dr. Y. Tanaka,2024-12-13,09:00,DNA,
APT000155,P1062,Neurology,Dr. R. Singh,2023-02-27,12:00,Cancelled,
APT000156,P1063,Cardiology,Dr. L. Torres,2023-03-29,14:30,Cancelled,
APT000157,P1063,Physiotherapy,Dr. Y. Tanaka,2026-11-27,12:15,Scheduled,
APT000158,P1064,Psychiatry,Dr. M. O'Brien,2024-07-03,10:45,DNA,
APT000159,P1064,Rheumatology,Dr. J. Nkosi,2024-11-26,12:15,Completed,
APT000160,P1064,Rheumatology,Dr. M. O'Brien,2023-08-20,10:15,Completed,
APT000161,P1065,Psychiatry,Dr. Y. Tanaka,2024-09-20,14:45,Completed,
APT000162,P1066,Nephrology,Dr. S. Khan,2023-10-17,15:15,DNA,
APT000163,P1066,Pulmonology,Dr. R. Singh,2026-10-24,09:30,Scheduled,
APT000164,P1067,Nephrology,Dr. Y. Tanaka,2024-02-09,13:45,Completed,
APT000165,P1067,Oncology,Dr. S. Khan,2027-03-15,14:45,Scheduled,
APT000166,P1067,Rheumatology,Dr. R. Singh,2027-01-29,14:30,Scheduled,
APT000167,P1068,Endocrinology,Dr. A. Patel,2027-03-01,15:15,Scheduled,
APT000168,P1068,Pulmonology,Dr. L. Torres,2023-01-12,14:30,Cancelled,
APT000169,P1069,General Practice,Dr. A. Patel,2024-07-24,12:15,Cancelled,
APT000170,P1069,Psychiatry,Dr. C. Müller,2024-09-26,09:15,DNA,
APT000171,P1069,Psychiatry,Dr. A. Patel,2024-04-18,12:00,Completed,
APT000172,P1070,Oncology,Dr. Y. Tanaka,2024-01-08,11:45,Completed,
APT000173,P1070,Nephrology,Dr. M. O'Brien,2027-03-30,08:15,Scheduled,
APT000174,P1070,Nephrology,Dr. M. O'Brien,2024-04-02,08:00,Completed,
APT000175,P1071,Oncology,Dr. M. O'Brien,2023-12-04,16:30,Cancelled,
APT000176,P1071,Rheumatology,Dr. Y. Tanaka,2024-05-16,11:00,DNA,
APT000177,P1071,Oncology,Dr. L. Torres,2023-10-18,10:45,Completed,
APT000178,P1071,Rheumatology,Dr. S. Khan,2027-01-06,17:15,Scheduled,
APT000179,P1072,Nephrology,Dr. L. Torres,2024-11-14,11:15,DNA,
APT000180,P1072,Physiotherapy,Dr. C. Müller,2024-01-08,16:15,DNA,
APT000181,P1073,Endocrinology,Dr. Y. Tanaka,2023-10-11,14:00,DNA,
APT000182,P1074,Psychiatry,Dr. M. O'Brien,2027-03-17,08:15,Scheduled,
APT000183,P1075,Rheumatology,Dr. R. Singh,2026-10-09,14:30,Scheduled,
APT000184,P1075,Neurology,Dr. S. Khan,2027-02-22,14:45,Scheduled,
APT000185,P1076,Neurology,Dr. R. Singh,2024-11-08,12:15,Completed,
APT000186,P1076,Rheumatology,Dr. A. Patel,2023-10-17,13:15,Completed,
APT000187,P1077,Cardiology,Dr. L. Torres,2026-10-13,14:15,Scheduled,
APT000188,P1077,Pulmonology,Dr. M. O'Brien,2026-12-20,08:15,Scheduled,
APT000189,P1077,Rheumatology,Dr. J. Nkosi,2027-03-26,16:00,Scheduled,
APT000190,P1077,Endocrinology,Dr. Y. Tanaka,2026-11-10,16:45,Scheduled,
APT000191,P1078,Pulmonology,Dr. A. Patel,2026-11-19,08:15,Scheduled,
APT000192,P1078,Cardiology,Dr. A. Patel,2023-04-08,10:45,DNA,
APT000193,P1079,Nephrology,Dr. C. Müller,2026-10-25,15:45,Scheduled,
APT000194,P1079,Nephrology,Dr. Y. Tanaka,2027-03-25,10:30,Scheduled,
APT000195,P1079,Psychiatry,Dr. L. Torres,2024-09-28,10:45,Completed,
APT000196,P1080,Psychiatry,Dr. Y. Tanaka,2027-02-14,17:00,Scheduled,
APT000197,P1080,Rheumatology,Dr. R. Singh,2023-07-09,10:30,Completed,
APT000198,P1080,Pulmonology,Dr. A. Patel,2023-09-12,11:00,Cancelled,
APT000199,P1081,General Practice,Dr. C. Müller,2023-04-04,14:15,Completed,
APT000200,P1082,Pulmonology,Dr. L. Torres,2023-01-05,15:00,Cancelled,
APT000201,P1082,Oncology,Dr. J. Nkosi,2026-12-09,13:15,Scheduled,
APT000202,P1083,Nephrology,Dr. M. O'Brien,2024-05-02,14:30,Cancelled,
APT000203,P1083,General Practice,Dr. Y. Tanaka,2023-07-23,09:15,DNA,
APT000204,P1083,Rheumatology,Dr. R. Singh,2027-03-30,11:15,Scheduled,
APT000205,P1083,Oncology,Dr. S. Khan,2026-12-01,08:30,Scheduled,
APT000206,P1084,Nephrology,Dr. A. Patel,2023-11-03,14:30,DNA,
APT000207,P1085,General Practice,Dr. C. Müller,2026-10-31,16:15,Scheduled,
APT000208,P1085,Neurology,Dr. S. Khan,2023-12-25,10:00,DNA,
APT000209,P1085,Cardiology,Dr. R. Singh,2023-02-17,17:30,Completed,
APT000210,P1086,Oncology,Dr. A. Patel,2024-06-20,17:30,Cancelled,
APT000211,P1086,Neurology,Dr. J. Nkosi,2024-01-20,12:30,Completed,
APT000212,P1087,Rheumatology,Dr. M. O'Brien,2024-02-28,12:15,Completed,
APT000213,P1087,Neurology,Dr. A. Patel,2023-02-18,11:45,DNA,
APT000214,P1087,General Practice,Dr. Y. Tanaka,2024-01-12,16:15,DNA,
APT000215,P1087,Psychiatry,Dr. J. Nkosi,2023-09-07,16:15,Cancelled,
APT000216,P1088,Pulmonology,Dr. A. Patel,2024-12-30,11:45,DNA,
APT000217,P1088,Psychiatry,Dr. L. Torres,2027-01-02,13:30,Scheduled,
APT000218,P1088,Pulmonology,Dr. Y. Tanaka,2023-03-16,12:15,DNA,
APT000219,P1089,Psychiatry,Dr. M. O'Brien,2027-03-23,16:00,Scheduled,
APT000220,P1090,Nephrology,Dr. J. Nkosi,2024-07-18,16:15,DNA,
APT000221,P1091,Pulmonology,Dr. M. O'Brien,2024-10-02,09:15,Completed,
APT000222,P1091,General Practice,Dr. Y. Tanaka,2024-08-12,13:15,Completed,
APT000223,P1092,Psychiatry,Dr. L. Torres,2024-02-11,15:00,Completed,
APT000224,P1092,Physiotherapy,Dr. C. Müller,2023-12-13,16:30,DNA,
APT000225,P1092,Rheumatology,Dr. M. O'Brien,2023-06-09,14:00,Completed,
APT000226,P1092,Neurology,Dr. S. Khan,2023-04-12,10:15,Completed,
APT000227,P1093,Rheumatology,Dr. L. Torres,2026-10-11,14:45,Scheduled,
APT000228,P1093,Oncology,Dr. S. Khan,2024-10-10,15:00,Cancelled,
APT000229,P1094,Rheumatology,Dr. J. Nkosi,2026-11-21,16:15,Scheduled,
APT000230,P1094,Rheumatology,Dr. L. Torres,2024-12-24,09:15,DNA,
APT000231,P1095,Rheumatology,Dr. Y. Tanaka,2026-10-28,08:45,Scheduled,
APT000232,P1095,Nephrology,Dr. A. Patel,2024-03-15,12:30,Completed,
APT000233,P1095,Endocrinology,Dr. S. Khan,2024-01-11,09:15,DNA,
APT000234,P1095,Pulmonology,Dr. R. Singh,2023-11-16,12:00,Cancelled,
APT000235,P1096,Rheumatology,Dr. L. Torres,2024-12-23,16:00,Completed,
APT000236,P1097,Rheumatology,Dr. C. Müller,2024-01-31,08:30,Completed,
APT000237,P1098,Oncology,Dr. J. Nkosi,2023-03-05,16:30,Completed,
APT000238,P1098,Physiotherapy,Dr. C. Müller,2023-09-13,16:30,Completed,
APT000239,P1098,Cardiology,Dr. L. Torres,2023-01-17,13:00,DNA,
APT000240,P1099,Psychiatry,Dr. J. Nkosi,2023-08-12,16:30,Cancelled,
APT000241,P1099,Neurology,Dr. J. Nkosi,2024-01-22,10:30,Completed,
APT000242,P1100,Physiotherapy,Dr. J. Nkosi,2023-12-17,09:45,DNA,
APT000243,P1100,General Practice,Dr. S. Khan,2023-02-03,17:00,DNA,
APT000244,P1100,Oncology,Dr. A. Patel,2026-12-25,08:15,Scheduled,
APT000245,P1100,Neurology,Dr. L. Torres,2023-04-04,10:45,Cancelled,
APT000246,P1101,Oncology,Dr. S. Khan,2027-02-11,13:00,Scheduled,
APT000247,P1102,General Practice,Dr. L. Torres,2023-09-10,11:30,Completed,
APT000248,P1103,Physiotherapy,Dr. S. Khan,2026-12-31,11:00,Scheduled,
APT000249,P1103,Cardiology,Dr. M. O'Brien,2023-07-18,16:45,DNA,
APT000250,P1103,Psychiatry,Dr. A. Patel,2023-10-15,17:15,DNA,
APT000251,P1103,Psychiatry,Dr. R. Singh,2027-03-11,12:30,Scheduled,
APT000252,P1104,Psychiatry,Dr. L. Torres,2024-08-09,15:15,DNA,
APT000253,P1104,Endocrinology,Dr. R. Singh,2024-05-30,12:30,Completed,
APT000254,P1104,Oncology,Dr. S. Khan,2027-02-24,17:45,Scheduled,
APT000255,P1104,Neurology,Dr. R. Singh,2024-03-25,13:45,DNA,
APT000256,P1105,Endocrinology,Dr. A. Patel,2024-09-12,12:00,Cancelled,
APT000257,P1105,Physiotherapy,Dr. L. Torres,2024-09-25,12:30,Cancelled,
APT000258,P1105,Neurology,Dr. C. Müller,2026-10-24,13:30,Scheduled,
APT000259,P1105,Rheumatology,Dr. S. Khan,2023-03-13,15:00,DNA,
APT000260,P1106,Pulmonology,Dr. A. Patel,2026-11-09,08:45,Scheduled,
APT000261,P1106,Neurology,Dr. M. O'Brien,2023-05-08,15:45,DNA,
APT000262,P1107,Oncology,Dr. R. Singh,2023-06-22,12:00,Completed,
APT000263,P1107,Endocrinology,Dr. J. Nkosi,2024-05-11,12:00,Cancelled,
APT000264,P1107,Endocrinology,Dr. S. Khan,2024-01-27,16:00,DNA,
APT000265,P1107,Endocrinology,Dr. L. Torres,2024-07-25,08:45,DNA,
APT000266,P1108,Pulmonology,Dr. C. Müller,2023-12-01,11:45,DNA,
APT000267,P1108,Physiotherapy,Dr. R. Singh,2027-02-22,12:45,Scheduled,
APT000268,P1108,Psychiatry,Dr. A. Patel,2024-02-17,14:30,Completed,
APT000269,P1108,Endocrinology,Dr. M. O'Brien,2023-06-02,09:15,Cancelled,
APT000270,P1109,General Practice,Dr. A. Patel,2023-11-22,10:15,Cancelled,
APT000271,P1110,Nephrology,Dr. S. Khan,2023-12-29,14:30,Completed,
APT000272,P1111,Psychiatry,Dr. Y. Tanaka,2023-09-15,13:15,Completed,
APT000273,P1111,Neurology,Dr. C. Müller,2027-01-22,12:15,Scheduled,
APT000274,P1112,Physiotherapy,Dr. A. Patel,2026-12-24,09:45,Scheduled,
APT000275,P1112,Pulmonology,Dr. R. Singh,2023-08-03,12:45,Cancelled,
APT000276,P1113,General Practice,Dr. C. Müller,2027-02-19,11:15,Scheduled,
APT000277,P1114,Oncology,Dr. C. Müller,2026-11-25,12:45,Scheduled,
APT000278,P1114,Physiotherapy,Dr. L. Torres,2026-11-25,12:30,Scheduled,
APT000279,P1115,Physiotherapy,Dr. A. Patel,2024-07-24,10:45,Cancelled,
APT000280,P1116,Cardiology,Dr. M. O'Brien,2024-05-07,09:30,Cancelled,
APT000281,P1116,Endocrinology,Dr. J. Nkosi,2026-10-10,08:45,Scheduled,
APT000282,P1116,Oncology,Dr. M. O'Brien,2024-10-11,11:00,DNA,
APT000283,P1117,Nephrology,Dr. J. Nkosi,2023-12-19,08:15,DNA,
APT000284,P1117,Nephrology,Dr. S. Khan,2023-10-06,11:45,Completed,
APT000285,P1118,Neurology,Dr. L. Torres,2024-11-05,14:30,Cancelled,
APT000286,P1118,Pulmonology,Dr. S. Khan,2024-05-21,14:45,DNA,
APT000287,P1118,Nephrology,Dr. M. O'Brien,2024-05-20,15:45,DNA,
APT000288,P1118,Cardiology,Dr. L. Torres,2024-12-31,14:00,Cancelled,
APT000289,P1119,Oncology,Dr. R. Singh,2023-10-26,16:00,Cancelled,
APT000290,P1119,Endocrinology,Dr. S. Khan,2024-03-17,14:00,DNA,
APT000291,P1120,Oncology,Dr. L. Torres,2023-12-08,10:30,Completed,
APT000292,P1120,Nephrology,Dr. J. Nkosi,2023-12-08,11:45,DNA,
APT000293,P1121,Psychiatry,Dr. Y. Tanaka,2024-12-20,15:00,Completed,
APT000294,P1121,Cardiology,Dr. L. Torres,2024-02-18,11:30,DNA,
APT000295,P1121,Physiotherapy,Dr. M. O'Brien,2023-03-31,17:45,Cancelled,
APT000296,P1122,Cardiology,Dr. L. Torres,2023-05-17,12:15,DNA,
APT000297,P1122,Endocrinology,Dr. Y. Tanaka,2024-01-29,15:15,Cancelled,
APT000298,P1122,General Practice,Dr. J. Nkosi,2024-02-04,10:15,Cancelled,
APT000299,P1122,Endocrinology,Dr. C. Müller,2027-03-16,16:00,Scheduled,
APT000300,P1123,Cardiology,Dr. S. Khan,2026-12-13,16:15,Scheduled,
APT000301,P1123,Endocrinology,Dr. C. Müller,2027-01-04,13:45,Scheduled,
APT000302,P1124,Psychiatry,Dr. Y. Tanaka,2023-02-02,14:30,DNA,
APT000303,P1124,Oncology,Dr. R. Singh,2024-09-12,17:30,Cancelled,
APT000304,P1125,Physiotherapy,Dr. R. Singh,2027-01-28,16:45,Scheduled,
APT000305,P1125,Cardiology,Dr. S. Khan,2023-08-07,09:30,DNA,
APT000306,P1126,Endocrinology,Dr. J. Nkosi,2024-12-09,11:45,DNA,
APT000307,P1126,General Practice,Dr. S. Khan,2026-12-29,13:15,Scheduled,
APT000308,P1126,Pulmonology,Dr. A. Patel,2026-11-08,09:45,Scheduled,
APT000309,P1127,Rheumatology,Dr. J. Nkosi,2026-10-20,17:15,Scheduled,
APT000310,P1127,Pulmonology,Dr. C. Müller,2027-02-19,13:00,Scheduled,
APT000311,P1127,Oncology,Dr. M. O'Brien,2023-12-19,11:45,DNA,
APT000312,P1127,General Practice,Dr. J. Nkosi,2027-02-09,11:45,Scheduled,
APT000313,P1128,Physiotherapy,Dr. L. Torres,2024-11-22,15:15,Cancelled,
APT000314,P1128,Neurology,Dr. A. Patel,2024-11-14,09:30,Cancelled,
APT000315,P1129,Nephrology,Dr. R. Singh,2023-09-11,10:30,Cancelled,
APT000316,P1130,Endocrinology,Dr. A. Patel,2026-11-23,17:15,Scheduled,
APT000317,P1130,Cardiology,Dr. A. Patel,2023-03-26,13:45,Cancelled,
APT000318,P1130,Endocrinology,Dr. A. Patel,2026-12-16,15:30,Scheduled,
APT000319,P1131,Physiotherapy,Dr. M. O'Brien,2027-02-18,14:30,Scheduled,
APT000320,P1131,Cardiology,Dr. J. Nkosi,2023-06-26,17:15,Completed,
APT000321,P1132,Nephrology,Dr. S. Khan,2026-10-22,10:00,Scheduled,
APT000322,P1133,Nephrology,Dr. M. O'Brien,2027-02-25,09:30,Scheduled,
APT000323,P1133,Endocrinology,Dr. L. Torres,2024-01-17,10:15,Completed,
APT000324,P1133,Cardiology,Dr. C. Müller,2024-08-11,10:45,DNA,
APT000325,P1134,Physiotherapy,Dr. M. O'Brien,2027-03-25,16:15,Scheduled,
APT000326,P1134,General Practice,Dr. J. Nkosi,2023-11-17,12:15,DNA,
APT000327,P1134,Nephrology,Dr. C. Müller,2023-04-27,15:00,DNA,
APT000328,P1135,Endocrinology,Dr. Y. Tanaka,2023-05-29,12:30,Cancelled,
APT000329,P1135,Endocrinology,Dr. S. Khan,2026-10-28,14:00,Scheduled,
APT000330,P1135,General Practice,Dr. C. Müller,2027-01-18,13:30,Scheduled,
APT000331,P1135,Psychiatry,Dr. L. Torres,2024-11-27,08:45,DNA,
APT000332,P1136,Cardiology,Dr. S. Khan,2026-11-21,11:30,Scheduled,
APT000333,P1136,Neurology,Dr. Y. Tanaka,2026-10-11,08:00,Scheduled,
APT000334,P1136,Oncology,Dr. M. O'Brien,2027-03-20,12:30,Scheduled,
APT000335,P1137,General Practice,Dr. C. Müller,2024-03-20,13:00,Completed,
APT000336,P1137,Endocrinology,Dr. A. Patel,2024-06-14,08:15,Cancelled,
APT000337,P1138,Nephrology,Dr. Y. Tanaka,2024-12-25,10:15,DNA,
APT000338,P1138,Pulmonology,Dr. C. Müller,2027-01-01,12:15,Scheduled,
APT000339,P1139,Pulmonology,Dr. M. O'Brien,2026-10-18,10:30,Scheduled,
APT000340,P1139,Pulmonology,Dr. C. Müller,2023-10-30,16:30,DNA,
APT000341,P1139,Oncology,Dr. L. Torres,2026-10-27,08:45,Scheduled,
APT000342,P1139,Nephrology,Dr. R. Singh,2023-05-10,09:00,DNA,
APT000343,P1140,Rheumatology,Dr. Y. Tanaka,2026-11-03,13:45,Scheduled,
APT000344,P1140,Cardiology,Dr. R. Singh,2027-01-07,14:30,Scheduled,
APT000345,P1140,Endocrinology,Dr. M. O'Brien,2023-03-08,10:00,DNA,
APT000346,P1141,Rheumatology,Dr. J. Nkosi,2023-07-15,11:15,Cancelled,
APT000347,P1142,Nephrology,Dr. C. Müller,2026-11-22,10:45,Scheduled,
APT000348,P1143,General Practice,Dr. A. Patel,2023-05-01,15:00,Completed,
APT000349,P1144,Rheumatology,Dr. R. Singh,2024-04-15,11:45,Completed,
APT000350,P1144,Psychiatry,Dr. Y. Tanaka,2023-01-23,15:45,Completed,
APT000351,P1144,Rheumatology,Dr. R. Singh,2024-10-15,08:30,Cancelled,
APT000352,P1144,Pulmonology,Dr. R. Singh,2024-05-21,10:45,Cancelled,
APT000353,P1145,Oncology,Dr. J. Nkosi,2026-11-27,13:15,Scheduled,
APT000354,P1145,Psychiatry,Dr. L. Torres,2023-10-31,13:45,Completed,
APT000355,P1145,Pulmonology,Dr. Y. Tanaka,2027-01-15,08:15,Scheduled,
APT000356,P1146,Pulmonology,Dr. M. O'Brien,2027-02-14,12:15,Scheduled,
APT000357,P1146,Rheumatology,Dr. A. Patel,2027-01-25,16:15,Scheduled,
APT000358,P1146,Rheumatology,Dr. M. O'Brien,2026-11-24,17:15,Scheduled,
APT000359,P1147,Oncology,Dr. M. O'Brien,2026-12-24,15:45,Scheduled,
APT000360,P1147,General Practice,Dr. L. Torres,2027-02-27,11:00,Scheduled,
APT000361,P1147,Psychiatry,Dr. S. Khan,2024-02-17,15:45,Completed,
APT000362,P1148,Cardiology,Dr. L. Torres,2023-01-22,13:00,Completed,
APT000363,P1149,Physiotherapy,Dr. C. Müller,2024-03-07,15:00,Cancelled,
APT000364,P1150,Oncology,Dr. M. O'Brien,2027-01-07,17:15,Scheduled,
APT000365,P1150,Pulmonology,Dr. Y. Tanaka,2024-08-23,09:00,Completed,
APT000366,P1151,Nephrology,Dr. M. O'Brien,2027-03-12,13:15,Scheduled,
APT000367,P1151,Psychiatry,Dr. A. Patel,2024-08-13,15:15,Completed,
APT000368,P1151,Physiotherapy,Dr. A. Patel,2023-02-18,15:00,DNA,
APT000369,P1151,Nephrology,Dr. C. Müller,2024-06-27,14:00,DNA,
APT000370,P1152,Nephrology,Dr. A. Patel,2026-11-19,13:45,Scheduled,
APT000371,P1152,Physiotherapy,Dr. L. Torres,2024-01-22,15:30,Completed,
APT000372,P1152,General Practice,Dr. C. Müller,2027-03-28,13:30,Scheduled,
APT000373,P1152,Oncology,Dr. J. Nkosi,2024-12-02,17:45,DNA,
APT000374,P1153,Physiotherapy,Dr. R. Singh,2024-09-26,10:30,Cancelled,
APT000375,P1154,Endocrinology,Dr. Y. Tanaka,2026-12-27,16:30,Scheduled,
APT000376,P1154,Neurology,Dr. A. Patel,2026-11-17,08:45,Scheduled,
APT000377,P1154,Rheumatology,Dr. M. O'Brien,2023-02-16,16:30,DNA,
APT000378,P1155,Psychiatry,Dr. A. Patel,2024-01-28,13:15,Completed,
APT000379,P1156,General Practice,Dr. A. Patel,2027-02-16,12:45,Scheduled,
APT000380,P1156,Rheumatology,Dr. S. Khan,2024-05-04,17:45,Cancelled,
APT000381,P1157,Rheumatology,Dr. A. Patel,2027-01-23,12:15,Scheduled,
APT000382,P1157,Endocrinology,Dr. L. Torres,2023-04-11,14:45,Completed,
APT000383,P1157,Cardiology,Dr. Y. Tanaka,2023-11-30,17:30,DNA,
APT000384,P1157,Nephrology,Dr. R. Singh,2024-09-27,12:45,Cancelled,
APT000385,P1158,Nephrology,Dr. S. Khan,2023-08-17,09:15,Completed,
APT000386,P1158,Psychiatry,Dr. Y. Tanaka,2024-04-03,12:30,DNA,
APT000387,P1159,Pulmonology,Dr. Y. Tanaka,2023-05-22,16:00,DNA,
APT000388,P1159,Cardiology,Dr. S. Khan,2026-10-25,13:00,Scheduled,
APT000389,P1159,Oncology,Dr. J. Nkosi,2023-10-08,13:00,Completed,
APT000390,P1159,Oncology,Dr. Y. Tanaka,2024-05-01,16:45,DNA,
APT000391,P1160,Neurology,Dr. R. Singh,2027-01-06,15:00,Scheduled,
APT000392,P1160,Pulmonology,Dr. J. Nkosi,2023-11-18,17:15,DNA,
APT000393,P1160,Oncology,Dr. Y. Tanaka,2026-11-26,14:00,Scheduled,
APT000394,P1161,Psychiatry,Dr. M. O'Brien,2023-08-31,17:30,Cancelled,
APT000395,P1161,Oncology,Dr. J. Nkosi,2026-11-27,12:45,Scheduled,
APT000396,P1161,Oncology,Dr. M. O'Brien,2024-09-25,15:15,Completed,
APT000397,P1161,Cardiology,Dr. M. O'Brien,2024-07-20,08:45,Completed,
APT000398,P1162,Neurology,Dr. M. O'Brien,2026-12-15,15:15,Scheduled,
APT000399,P1162,Cardiology,Dr. L. Torres,2027-01-23,09:00,Scheduled,
APT000400,P1162,Pulmonology,Dr. L. Torres,2023-09-09,16:15,Cancelled,
APT000401,P1162,Rheumatology,Dr. A. Patel,2023-11-29,14:15,Completed,
APT000402,P1163,Pulmonology,Dr. C. Müller,2023-09-09,13:15,DNA,
APT000403,P1163,General Practice,Dr. M. O'Brien,2023-09-06,17:45,DNA,
APT000404,P1163,Nephrology,Dr. C. Müller,2024-11-22,10:00,Completed,
APT000405,P1164,Cardiology,Dr. C. Müller,2024-01-31,17:30,Completed,
APT000406,P1164,Oncology,Dr. J. Nkosi,2023-11-23,17:00,DNA,
APT000407,P1165,Endocrinology,Dr. C. Müller,2023-10-22,12:30,DNA,
APT000408,P1165,General Practice,Dr. A. Patel,2023-06-30,13:45,Cancelled,
APT000409,P1166,Rheumatology,Dr. R. Singh,2024-05-16,10:45,Completed,
APT000410,P1166,Physiotherapy,Dr. R. Singh,2027-02-04,09:30,Scheduled,
APT000411,P1167,Physiotherapy,Dr. M. O'Brien,2023-02-18,11:00,DNA,
APT000412,P1167,Neurology,Dr. L. Torres,2024-05-10,14:45,Completed,
APT000413,P1168,Oncology,Dr. A. Patel,2024-01-04,09:45,Cancelled,
APT000414,P1168,Endocrinology,Dr. C. Müller,2024-05-19,13:00,DNA,
APT000415,P1168,Psychiatry,Dr. J. Nkosi,2024-10-29,13:00,Cancelled,
APT000416,P1168,Physiotherapy,Dr. Y. Tanaka,2024-10-11,09:00,Completed,
APT000417,P1169,Oncology,Dr. L. Torres,2024-04-18,13:30,Cancelled,
APT000418,P1169,Rheumatology,Dr. Y. Tanaka,2024-10-17,10:15,Completed,
APT000419,P1169,Nephrology,Dr. J. Nkosi,2026-12-17,16:45,Scheduled,
APT000420,P1170,Cardiology,Dr. C. Müller,2024-11-13,10:30,DNA,
APT000421,P1170,Cardiology,Dr. M. O'Brien,2027-03-21,17:15,Scheduled,
APT000422,P1170,Physiotherapy,Dr. S. Khan,2027-03-16,12:30,Scheduled,
APT000423,P1171,Cardiology,Dr. C. Müller,2023-10-10,08:30,Cancelled,
APT000424,P1171,Psychiatry,Dr. L. Torres,2027-01-24,09:30,Scheduled,
APT000425,P1172,Oncology,Dr. C. Müller,2023-01-31,10:45,Completed,
APT000426,P1173,Nephrology,Dr. L. Torres,2027-02-16,09:00,Scheduled,
APT000427,P1173,Rheumatology,Dr. M. O'Brien,2027-01-27,10:15,Scheduled,
APT000428,P1173,Oncology,Dr. R. Singh,2027-01-26,12:45,Scheduled,
APT000429,P1174,Neurology,Dr. S. Khan,2024-10-02,13:45,Cancelled,
APT000430,P1174,Physiotherapy,Dr. M. O'Brien,2024-07-29,15:00,Cancelled,
APT000431,P1174,Endocrinology,Dr. M. O'Brien,2024-01-15,13:30,Cancelled,
APT000432,P1174,Neurology,Dr. J. Nkosi,2024-04-07,13:15,DNA,
APT000433,P1175,Oncology,Dr. C. Müller,2024-08-26,10:30,Completed,
APT000434,P1175,Psychiatry,Dr. M. O'Brien,2024-11-02,09:30,Cancelled,
APT000435,P1175,Oncology,Dr. C. Müller,2027-02-15,17:15,Scheduled,
APT000436,P1176,Endocrinology,Dr. Y. Tanaka,2026-12-18,17:45,Scheduled,
APT000437,P1176,Cardiology,Dr. C. Müller,2023-06-22,10:45,Cancelled,
APT000438,P1176,Cardiology,Dr. R. Singh,2023-07-01,16:00,DNA,
APT000439,P1177,Rheumatology,Dr. J. Nkosi,2023-11-07,15:30,Cancelled,
APT000440,P1177,Neurology,Dr. S. Khan,2027-02-01,11:00,Scheduled,
APT000441,P1177,General Practice,Dr. S. Khan,2023-02-03,08:00,Completed,
APT000442,P1178,Cardiology,Dr. J. Nkosi,2024-03-03,09:00,Completed,
APT000443,P1178,Rheumatology,Dr. Y. Tanaka,2027-01-23,15:00,Scheduled,
APT000444,P1178,Pulmonology,Dr. M. O'Brien,2026-12-06,08:30,Scheduled,
APT000445,P1178,General Practice,Dr. J. Nkosi,2027-01-30,17:45,Scheduled,
APT000446,P1179,Oncology,Dr. C. Müller,2023-08-28,10:00,Completed,
APT000447,P1179,Endocrinology,Dr. M. O'Brien,2024-01-11,17:45,Cancelled,
APT000448,P1179,Pulmonology,Dr. Y. Tanaka,2027-01-03,10:00,Scheduled,
APT000449,P1179,Physiotherapy,Dr. S. Khan,2023-04-04,14:45,Cancelled,
APT000450,P1180,Psychiatry,Dr. R. Singh,2026-11-10,13:00,Scheduled,
APT000451,P1180,General Practice,Dr. C. Müller,2026-12-22,10:15,Scheduled,
APT000452,P1180,Endocrinology,Dr. R. Singh,2023-02-04,09:30,Cancelled,
APT000453,P1180,Pulmonology,Dr. L. Torres,2023-09-29,17:45,Cancelled,
APT000454,P1181,Rheumatology,Dr. L. Torres,2026-12-10,17:30,Scheduled,
APT000455,P1181,Endocrinology,Dr. R. Singh,2023-05-09,14:00,Cancelled,
APT000456,P1181,General Practice,Dr. Y. Tanaka,2023-10-29,09:00,Cancelled,
APT000457,P1182,Oncology,Dr. C. Müller,2023-08-02,09:00,Completed,
APT000458,P1182,Nephrology,Dr. Y. Tanaka,2023-12-11,10:30,DNA,
APT000459,P1182,Neurology,Dr. R. Singh,2023-07-04,13:15,DNA,
APT000460,P1182,Physiotherapy,Dr. J. Nkosi,2026-10-27,14:15,Scheduled,
APT000461,P1183,Neurology,Dr. L. Torres,2023-01-29,13:30,Completed,
APT000462,P1183,Physiotherapy,Dr. S. Khan,2024-02-23,09:45,Completed,
APT000463,P1183,Physiotherapy,Dr. J. Nkosi,2024-09-22,16:15,Cancelled,
APT000464,P1183,Rheumatology,Dr. S. Khan,2027-02-27,13:30,Scheduled,
APT000465,P1184,Rheumatology,Dr. R. Singh,2026-11-06,16:30,Scheduled,
APT000466,P1184,Physiotherapy,Dr. Y. Tanaka,2023-02-20,16:00,Completed,
APT000467,P1184,General Practice,Dr. A. Patel,2027-03-06,12:15,Scheduled,
APT000468,P1185,Physiotherapy,Dr. Y. Tanaka,2024-01-27,16:45,Completed,
APT000469,P1185,Cardiology,Dr. Y. Tanaka,2026-11-22,12:45,Scheduled,
APT000470,P1186,Pulmonology,Dr. C. Müller,2023-08-31,15:45,DNA,
APT000471,P1186,Rheumatology,Dr. C. Müller,2027-03-31,09:45,Scheduled,
APT000472,P1186,Oncology,Dr. Y. Tanaka,2024-03-28,09:30,Cancelled,
APT000473,P1186,Psychiatry,Dr. Y. Tanaka,2024-04-27,09:15,Completed,
APT000474,P1187,Psychiatry,Dr. J. Nkosi,2027-02-22,15:30,Scheduled,
APT000475,P1188,Physiotherapy,Dr. C. Müller,2026-12-28,09:00,Scheduled,
APT000476,P1188,Physiotherapy,Dr. J. Nkosi,2027-02-12,12:45,Scheduled,
APT000477,P1188,Psychiatry,Dr. R. Singh,2023-11-06,09:30,DNA,
APT000478,P1188,Pulmonology,Dr. C. Müller,2027-01-15,10:00,Scheduled,
APT000479,P1189,Pulmonology,Dr. S. Khan,2024-02-08,09:45,DNA,
APT000480,P1189,Neurology,Dr. R. Singh,2023-07-23,14:15,Cancelled,
APT000481,P1190,Physiotherapy,Dr. L. Torres,2023-09-20,12:00,Cancelled,
APT000482,P1190,Oncology,Dr. Y. Tanaka,2023-07-30,08:15,Completed,
APT000483,P1190,Rheumatology,Dr. C. Müller,2024-12-17,09:00,Completed,
APT000484,P1190,Pulmonology,Dr. J. Nkosi,2023-11-26,09:00,Completed,
APT000485,P1191,General Practice,Dr. S. Khan,2024-08-28,08:15,Cancelled,
APT000486,P1191,Physiotherapy,Dr. L. Torres,2023-08-30,16:00,DNA,
APT000487,P1191,Oncology,Dr. S. Khan,2026-11-28,08:00,Scheduled,
APT000488,P1191,Oncology,Dr. M. O'Brien,2023-04-29,10:45,DNA,
APT000489,P1192,Physiotherapy,Dr. R. Singh,2024-07-20,17:30,Completed,
APT000490,P1193,Oncology,Dr. C. Müller,2024-03-23,15:30,Cancelled,
APT000491,P1194,Physiotherapy,Dr. R. Singh,2026-12-17,17:15,Scheduled,
APT000492,P1194,Endocrinology,Dr. J. Nkosi,2024-10-10,15:45,Completed,
APT000493,P1194,Pulmonology,Dr. M. O'Brien,2024-12-18,14:45,DNA,
APT000494,P1195,Nephrology,Dr. C. Müller,2027-03-05,09:00,Scheduled,
APT000495,P1195,General Practice,Dr. M. O'Brien,2027-01-04,13:45,Scheduled,
APT000496,P1196,Rheumatology,Dr. Y. Tanaka,2024-09-17,12:30,Cancelled,
APT000497,P1196,Physiotherapy,Dr. C. Müller,2024-11-20,08:15,DNA,
APT000498,P1197,Nephrology,Dr. J. Nkosi,2026-11-29,15:30,Scheduled,
APT000499,P1197,Oncology,Dr. Y. Tanaka,2026-11-27,09:45,Scheduled,
APT000500,P1198,Neurology,Dr. Y. Tanaka,2023-08-24,09:45,Completed,
APT000501,P1198,Oncology,Dr. S. Khan,2023-06-01,14:30,Cancelled,
APT000502,P1198,General Practice,Dr. R. Singh,2023-07-04,14:00,Completed,
APT000503,P1199,General Practice,Dr. J. Nkosi,2024-05-29,15:30,DNA,
APT000504,P1199,General Practice,Dr. J. Nkosi,2023-08-15,17:15,DNA,
APT000505,P1199,General Practice,Dr. M. O'Brien,2023-03-20,14:30,Completed,
APT000506,P1200,Physiotherapy,Dr. R. Singh,2023-04-22,16:15,Cancelled,
APT000507,P1200,Endocrinology,Dr. M. O'Brien,2023-12-23,17:00,Completed,
APT000508,P1201,Nephrology,Dr. A. Patel,2024-11-14,08:15,DNA,
APT000509,P1202,Nephrology,Dr. J. Nkosi,2027-02-12,12:45,Scheduled,
APT000510,P1202,Cardiology,Dr. C. Müller,2027-02-23,16:30,Scheduled,
APT000511,P1202,Oncology,Dr. J. Nkosi,2027-01-08,15:45,Scheduled,
APT000512,P1203,Endocrinology,Dr. R. Singh,2023-01-22,08:45,Cancelled,
APT000513,P1203,Oncology,Dr. R. Singh,2027-02-24,09:00,Scheduled,
APT000514,P1204,Rheumatology,Dr. M. O'Brien,2024-12-11,11:15,Cancelled,
APT000515,P1204,Rheumatology,Dr. Y. Tanaka,2024-06-14,14:15,DNA,
APT000516,P1205,Pulmonology,Dr. M. O'Brien,2023-05-18,13:30,Completed,
APT000517,P1206,Physiotherapy,Dr. S. Khan,2024-04-11,13:15,Completed,
APT000518,P1207,Pulmonology,Dr. Y. Tanaka,2023-10-25,16:00,DNA,
APT000519,P1208,General Practice,Dr. A. Patel,2027-03-11,16:30,Scheduled,
APT000520,P1208,Endocrinology,Dr. M. O'Brien,2023-12-01,09:45,Cancelled,
APT000521,P1208,Cardiology,Dr. A. Patel,2023-07-19,10:00,DNA,
APT000522,P1209,Psychiatry,Dr. R. Singh,2026-10-31,16:15,Scheduled,
APT000523,P1210,Neurology,Dr. L. Torres,2023-04-13,14:45,DNA,
APT000524,P1210,Endocrinology,Dr. S. Khan,2023-07-04,15:15,Cancelled,
APT000525,P1211,Pulmonology,Dr. M. O'Brien,2024-04-18,08:00,Cancelled,
APT000526,P1211,Pulmonology,Dr. Y. Tanaka,2027-03-12,11:30,Scheduled,
APT000527,P1211,Pulmonology,Dr. J. Nkosi,2027-03-26,13:45,Scheduled,
APT000528,P1212,Oncology,Dr. R. Singh,2023-12-04,10:00,Completed,
APT000529,P1212,General Practice,Dr. R. Singh,2023-09-09,08:30,DNA,
APT000530,P1212,Nephrology,Dr. Y. Tanaka,2024-06-02,08:15,Completed,
APT000531,P1213,Physiotherapy,Dr. Y. Tanaka,2027-03-07,13:30,Scheduled,
APT000532,P1213,Endocrinology,Dr. S. Khan,2024-10-04,10:45,Completed,
APT000533,P1214,Neurology,Dr. L. Torres,2023-02-10,10:00,Completed,
APT000534,P1214,Neurology,Dr. A. Patel,2026-10-30,15:00,Scheduled,
APT000535,P1215,Oncology,Dr. L. Torres,2024-02-12,09:15,Completed,
APT000536,P1216,General Practice,Dr. J. Nkosi,2023-10-09,10:15,DNA,
APT000537,P1217,Rheumatology,Dr. Y. Tanaka,2023-10-19,16:00,Completed,
APT000538,P1218,Nephrology,Dr. M. O'Brien,2024-03-11,13:00,DNA,
APT000539,P1219,Psychiatry,Dr. L. Torres,2023-04-14,14:30,Completed,
APT000540,P1219,Endocrinology,Dr. J. Nkosi,2023-09-29,10:30,DNA,
APT000541,P1219,Neurology,Dr. L. Torres,2024-01-14,09:00,Cancelled,
APT000542,P1219,Nephrology,Dr. R. Singh,2027-01-03,12:15,Scheduled,
APT000543,P1220,Psychiatry,Dr. J. Nkosi,2024-02-15,10:30,Completed,
APT000544,P1220,Neurology,Dr. R. Singh,2024-08-02,09:00,Completed,
APT000545,P1221,Nephrology,Dr. C. Müller,2023-03-09,15:15,Completed,
APT000546,P1222,Pulmonology,Dr. Y. Tanaka,2024-04-26,10:00,DNA,
APT000547,P1222,Rheumatology,Dr. J. Nkosi,2024-05-03,13:30,DNA,
APT000548,P1222,Physiotherapy,Dr. J. Nkosi,2024-06-03,14:30,Cancelled,
APT000549,P1222,General Practice,Dr. S. Khan,2024-09-17,15:30,Cancelled,
APT000550,P1223,Endocrinology,Dr. M. O'Brien,2024-01-21,11:30,Cancelled,
APT000551,P1224,Physiotherapy,Dr. S. Khan,2027-02-01,13:00,Scheduled,
APT000552,P1224,General Practice,Dr. S. Khan,2023-09-26,15:45,Completed,
APT000553,P1224,Oncology,Dr. A. Patel,2024-07-17,08:15,DNA,
APT000554,P1224,Cardiology,Dr. Y. Tanaka,2024-10-04,16:45,Cancelled,
APT000555,P1225,Physiotherapy,Dr. R. Singh,2026-12-12,12:30,Scheduled,
APT000556,P1226,Psychiatry,Dr. S. Khan,2023-07-11,10:00,Completed,
APT000557,P1227,Nephrology,Dr. A. Patel,2026-11-03,16:00,Scheduled,
APT000558,P1227,Psychiatry,Dr. J. Nkosi,2026-12-27,16:15,Scheduled,
APT000559,P1227,Psychiatry,Dr. S. Khan,2023-06-08,11:15,DNA,
APT000560,P1228,Psychiatry,Dr. A. Patel,2024-10-03,15:15,DNA,
APT000561,P1228,Oncology,Dr. J. Nkosi,2023-01-03,15:30,Cancelled,
APT000562,P1228,Pulmonology,Dr. R. Singh,2023-07-19,15:45,Cancelled,
APT000563,P1228,General Practice,Dr. S. Khan,2026-12-14,13:00,Scheduled,
APT000564,P1229,Pulmonology,Dr. J. Nkosi,2024-09-03,16:30,Cancelled,
APT000565,P1229,Nephrology,Dr. R. Singh,2027-03-07,14:15,Scheduled,
APT000566,P1230,Nephrology,Dr. R. Singh,2023-02-28,09:30,Cancelled,
APT000567,P1230,Oncology,Dr. R. Singh,2024-09-27,15:15,DNA,
APT000568,P1230,Physiotherapy,Dr. R. Singh,2024-04-19,09:30,DNA,
APT000569,P1230,Endocrinology,Dr. M. O'Brien,2023-05-31,16:45,Completed,
APT000570,P1231,Oncology,Dr. S. Khan,2023-12-15,14:45,Completed,
APT000571,P1231,Physiotherapy,Dr. J. Nkosi,2027-03-21,08:45,Scheduled,
APT000572,P1231,Pulmonology,Dr. A. Patel,2026-10-13,12:15,Scheduled,
APT000573,P1231,Endocrinology,Dr. J. Nkosi,2026-10-11,14:00,Scheduled,
APT000574,P1232,Neurology,Dr. Y. Tanaka,2024-11-30,17:00,Cancelled,
APT000575,P1232,Pulmonology,Dr. M. O'Brien,2024-01-27,08:00,Completed,
APT000576,P1233,Physiotherapy,Dr. R. Singh,2023-03-23,14:30,Cancelled,
APT000577,P1233,Physiotherapy,Dr. M. O'Brien,2023-02-07,11:30,DNA,
APT000578,P1233,Psychiatry,Dr. M. O'Brien,2023-07-16,10:45,Completed,
APT000579,P1234,Cardiology,Dr. L. Torres,2027-03-26,09:15,Scheduled,
APT000580,P1234,Oncology,Dr. R. Singh,2023-09-28,08:30,Cancelled,
APT000581,P1234,Pulmonology,Dr. C. Müller,2026-12-26,08:45,Scheduled,
APT000582,P1235,Physiotherapy,Dr. J. Nkosi,2026-10-17,10:45,Scheduled,
APT000583,P1235,General Practice,Dr. J. Nkosi,2023-08-02,12:00,Cancelled,
APT000584,P1235,Psychiatry,Dr. J. Nkosi,2023-08-21,08:00,Completed,
APT000585,P1236,Physiotherapy,Dr. R. Singh,2024-09-09,14:15,DNA,
APT000586,P1236,Physiotherapy,Dr. L. Torres,2027-02-20,12:30,Scheduled,
APT000587,P1236,Cardiology,Dr. A. Patel,2023-11-29,13:30,Completed,
APT000588,P1237,Pulmonology,Dr. L. Torres,2024-06-01,12:30,Cancelled,
APT000589,P1238,General Practice,Dr. Y. Tanaka,2024-09-11,10:45,Completed,
APT000590,P1238,Neurology,Dr. S. Khan,2023-10-09,14:45,DNA,
APT000591,P1238,Nephrology,Dr. S. Khan,2027-02-15,09:00,Scheduled,
APT000592,P1239,Rheumatology,Dr. L. Torres,2026-10-22,08:30,Scheduled,
APT000593,P1239,Neurology,Dr. Y. Tanaka,2026-11-16,10:30,Scheduled,
APT000594,P1239,General Practice,Dr. A. Patel,2023-09-03,11:45,Completed,
APT000595,P1240,Physiotherapy,Dr. L. Torres,2027-03-05,13:30,Scheduled,
APT000596,P1240,Pulmonology,Dr. M. O'Brien,2024-04-05,14:15,Cancelled,
APT000597,P1240,Rheumatology,Dr. S. Khan,2027-03-20,10:45,Scheduled,
APT000598,P1241,Physiotherapy,Dr. J. Nkosi,2027-03-12,14:30,Scheduled,
APT000599,P1241,Oncology,Dr. J. Nkosi,2023-10-21,13:45,Completed,
APT000600,P1241,Oncology,Dr. S. Khan,2024-08-22,13:00,Cancelled,
APT000601,P1242,Endocrinology,Dr. M. O'Brien,2023-03-10,16:30,Completed,
APT000602,P1243,General Practice,Dr. Y. Tanaka,2024-09-21,12:15,Completed,
APT000603,P1243,Psychiatry,Dr. S. Khan,2024-04-09,08:15,Cancelled,
APT000604,P1243,Rheumatology,Dr. S. Khan,2026-12-19,15:15,Scheduled,
APT000605,P1243,Psychiatry,Dr. C. Müller,2024-02-16,08:15,Cancelled,
APT000606,P1244,Oncology,Dr. Y. Tanaka,2026-11-07,08:15,Scheduled,
APT000607,P1244,Pulmonology,Dr. L. Torres,2024-03-24,15:30,Cancelled,
APT000608,P1245,Endocrinology,Dr. J. Nkosi,2024-09-08,15:00,Cancelled,
APT000609,P1246,Psychiatry,Dr. A. Patel,2023-11-19,17:45,Completed,
APT000610,P1246,Nephrology,Dr. Y. Tanaka,2023-05-08,08:45,Cancelled,
APT000611,P1247,Physiotherapy,Dr. C. Müller,2027-01-29,09:15,Scheduled,
APT000612,P1247,Endocrinology,Dr. M. O'Brien,2027-03-20,08:15,Scheduled,
APT000613,P1247,General Practice,Dr. S. Khan,2023-05-23,14:00,Completed,
APT000614,P1248,Rheumatology,Dr. C. Müller,2023-03-29,17:30,Completed,
APT000615,P1248,Rheumatology,Dr. C. Müller,2024-11-12,11:00,Completed,
APT000616,P1248,General Practice,Dr. A. Patel,2024-03-07,12:00,Cancelled,
APT000617,P1249,Neurology,Dr. S. Khan,2026-12-23,15:45,Scheduled,
APT000618,P1250,Cardiology,Dr. L. Torres,2026-12-17,08:45,Scheduled,
APT000619,P1250,Pulmonology,Dr. S. Khan,2026-11-17,12:15,Scheduled,
APT000620,P1251,General Practice,Dr. J. Nkosi,2024-12-28,16:45,Completed,
APT000621,P1251,Oncology,Dr. R. Singh,2023-04-21,08:00,Completed,
APT000622,P1251,Nephrology,Dr. A. Patel,2024-12-12,14:15,Cancelled,
APT000623,P1252,Neurology,Dr. R. Singh,2026-11-17,13:00,Scheduled,
APT000624,P1253,Oncology,Dr. J. Nkosi,2024-04-20,09:45,Completed,
APT000625,P1254,Oncology,Dr. R. Singh,2023-05-22,13:00,Completed,
APT000626,P1254,Physiotherapy,Dr. Y. Tanaka,2024-09-30,11:45,Cancelled,
APT000627,P1255,Endocrinology,Dr. C. Müller,2024-12-23,09:15,Completed,
APT000628,P1255,Endocrinology,Dr. R. Singh,2024-02-13,10:15,Cancelled,
APT000629,P1256,General Practice,Dr. L. Torres,2024-03-30,13:00,DNA,
APT000630,P1257,Nephrology,Dr. A. Patel,2024-05-24,11:30,DNA,
APT000631,P1257,Nephrology,Dr. Y. Tanaka,2023-08-13,13:30,Completed,
APT000632,P1258,Oncology,Dr. C. Müller,2026-10-26,13:00,Scheduled,
APT000633,P1258,General Practice,Dr. R. Singh,2024-07-26,10:45,Completed,
APT000634,P1259,General Practice,Dr. C. Müller,2027-03-29,15:45,Scheduled,
APT000635,P1260,Physiotherapy,Dr. L. Torres,2027-01-22,16:15,Scheduled,
APT000636,P1260,Cardiology,Dr. S. Khan,2027-01-05,09:00,Scheduled,
APT000637,P1260,Cardiology,Dr. S. Khan,2024-11-02,08:30,DNA,
APT000638,P1261,Psychiatry,Dr. J. Nkosi,2027-02-06,08:00,Scheduled,
APT000639,P1261,Psychiatry,Dr. R. Singh,2024-09-01,15:45,DNA,
APT000640,P1262,General Practice,Dr. Y. Tanaka,2026-12-02,13:30,Scheduled,
APT000641,P1262,Psychiatry,Dr. R. Singh,2024-12-14,17:15,Cancelled,
APT000642,P1262,Psychiatry,Dr. Y. Tanaka,2023-05-03,08:30,Completed,
APT000643,P1263,Neurology,Dr. Y. Tanaka,2023-05-08,08:45,DNA,
APT000644,P1263,Endocrinology,Dr. J. Nkosi,2023-05-15,13:00,DNA,
APT000645,P1264,Oncology,Dr. R. Singh,2024-09-26,09:00,Completed,
APT000646,P1264,Nephrology,Dr. R. Singh,2023-05-22,11:00,Completed,
APT000647,P1264,General Practice,Dr. J. Nkosi,2027-02-04,11:00,Scheduled,
APT000648,P1265,Neurology,Dr. C. Müller,2026-12-13,15:45,Scheduled,
APT000649,P1266,General Practice,Dr. J. Nkosi,2026-12-24,08:15,Scheduled,
APT000650,P1266,Rheumatology,Dr. C. Müller,2024-12-27,14:15,Completed,
APT000651,P1266,Physiotherapy,Dr. L. Torres,2023-12-18,11:15,DNA,
APT000652,P1267,Nephrology,Dr. Y. Tanaka,2024-07-21,17:00,DNA,
APT000653,P1268,Rheumatology,Dr. Y. Tanaka,2023-11-20,11:45,DNA,
APT000654,P1268,Neurology,Dr. S. Khan,2027-03-20,10:00,Scheduled,
APT000655,P1268,General Practice,Dr. S. Khan,2023-05-31,12:00,Completed,
APT000656,P1269,Neurology,Dr. Y. Tanaka,2024-07-06,12:15,Cancelled,
APT000657,P1269,General Practice,Dr. L. Torres,2026-10-19,12:00,Scheduled,
APT000658,P1269,Nephrology,Dr. R. Singh,2024-12-12,15:30,Cancelled,
APT000659,P1269,Rheumatology,Dr. M. O'Brien,2024-01-26,17:00,Cancelled,
APT000660,P1270,Endocrinology,Dr. M. O'Brien,2024-06-06,12:45,Cancelled,
APT000661,P1270,Oncology,Dr. Y. Tanaka,2024-04-06,17:30,Cancelled,
APT000662,P1270,Neurology,Dr. A. Patel,2024-05-22,16:15,DNA,
APT000663,P1271,Oncology,Dr. R. Singh,2023-07-11,15:00,Completed,
APT000664,P1271,Pulmonology,Dr. S. Khan,2027-02-23,09:15,Scheduled,
APT000665,P1271,Endocrinology,Dr. J. Nkosi,2026-11-21,09:45,Scheduled,
APT000666,P1272,Cardiology,Dr. J. Nkosi,2027-03-22,12:15,Scheduled,
APT000667,P1272,Oncology,Dr. L. Torres,2024-12-26,09:45,Cancelled,
APT000668,P1272,Physiotherapy,Dr. C. Müller,2024-05-06,11:45,Completed,
APT000669,P1273,Psychiatry,Dr. M. O'Brien,2027-02-11,17:15,Scheduled,
APT000670,P1273,Cardiology,Dr. J. Nkosi,2024-02-13,12:00,Cancelled,
APT000671,P1273,Endocrinology,Dr. C. Müller,2024-01-13,12:00,Completed,
APT000672,P1273,Endocrinology,Dr. J. Nkosi,2024-07-07,16:45,Cancelled,
APT000673,P1274,Cardiology,Dr. R. Singh,2024-06-20,17:15,Cancelled,
APT000674,P1274,Nephrology,Dr. M. O'Brien,2023-01-30,11:15,Cancelled,
APT000675,P1274,Psychiatry,Dr. S. Khan,2024-07-24,09:45,Completed,
APT000676,P1274,Physiotherapy,Dr. C. Müller,2024-07-04,12:45,Completed,
APT000677,P1275,Pulmonology,Dr. M. O'Brien,2023-09-05,10:15,DNA,
APT000678,P1276,Endocrinology,Dr. Y. Tanaka,2024-04-07,17:00,DNA,
APT000679,P1276,Rheumatology,Dr. A. Patel,2023-09-13,16:00,Cancelled,
APT000680,P1276,Physiotherapy,Dr. C. Müller,2023-10-16,08:15,Completed,
APT000681,P1277,Pulmonology,Dr. L. Torres,2023-09-23,10:15,DNA,
APT000682,P1278,Psychiatry,Dr. M. O'Brien,2027-01-15,09:00,Scheduled,
APT000683,P1278,Pulmonology,Dr. S. Khan,2026-11-24,08:15,Scheduled,
APT000684,P1279,Physiotherapy,Dr. S. Khan,2024-10-25,17:15,Cancelled,
APT000685,P1280,Pulmonology,Dr. J. Nkosi,2026-11-09,14:30,Scheduled,
APT000686,P1280,Endocrinology,Dr. A. Patel,2026-11-11,16:15,Scheduled,
APT000687,P1280,Cardiology,Dr. A. Patel,2027-03-14,08:15,Scheduled,
APT000688,P1280,Endocrinology,Dr. C. Müller,2023-08-29,15:30,Completed,
APT000689,P1281,Rheumatology,Dr. L. Torres,2023-11-12,16:30,DNA,
APT000690,P1281,Rheumatology,Dr. L. Torres,2023-06-12,17:00,DNA,
APT000691,P1282,Oncology,Dr. J. Nkosi,2023-02-14,13:30,Cancelled,
APT000692,P1282,Cardiology,Dr. S. Khan,2026-10-15,15:15,Scheduled,
APT000693,P1282,Cardiology,Dr. L. Torres,2024-09-14,14:00,Completed,
APT000694,P1282,Physiotherapy,Dr. J. Nkosi,2026-11-09,17:00,Scheduled,
APT000695,P1283,Pulmonology,Dr. S. Khan,2023-06-21,13:15,DNA,
APT000696,P1283,General Practice,Dr. L. Torres,2026-11-03,11:15,Scheduled,
APT000697,P1284,Endocrinology,Dr. A. Patel,2024-11-07,09:30,Completed,
APT000698,P1284,Neurology,Dr. L. Torres,2024-04-22,12:45,Completed,
APT000699,P1285,Nephrology,Dr. A. Patel,2024-09-22,09:30,Cancelled,
APT000700,P1285,Cardiology,Dr. L. Torres,2027-03-20,11:30,Scheduled,
APT000701,P1286,Neurology,Dr. S. Khan,2026-11-19,13:30,Scheduled,
APT000702,P1286,Neurology,Dr. C. Müller,2026-12-09,11:00,Scheduled,
APT000703,P1286,Neurology,Dr. S. Khan,2023-10-18,14:30,DNA,
APT000704,P1286,Rheumatology,Dr. C. Müller,2024-07-05,15:30,DNA,
APT000705,P1287,Physiotherapy,Dr. A. Patel,2024-04-10,14:15,DNA,
APT000706,P1287,Neurology,Dr. J. Nkosi,2023-03-15,08:00,Cancelled,
APT000707,P1287,Psychiatry,Dr. M. O'Brien,2023-10-17,12:15,DNA,
APT000708,P1287,Rheumatology,Dr. A. Patel,2026-10-14,10:15,Scheduled,
APT000709,P1288,Neurology,Dr. C. Müller,2027-03-06,11:15,Scheduled,
APT000710,P1288,Nephrology,Dr. R. Singh,2023-09-30,08:15,Cancelled,
APT000711,P1288,Nephrology,Dr. S. Khan,2026-11-03,16:45,Scheduled,
APT000712,P1288,Cardiology,Dr. C. Müller,2027-03-18,10:30,Scheduled,
APT000713,P1289,Endocrinology,Dr. M. O'Brien,2026-10-25,15:45,Scheduled,
APT000714,P1290,General Practice,Dr. M. O'Brien,2026-12-20,10:00,Scheduled,
APT000715,P1290,Psychiatry,Dr. S. Khan,2024-11-27,09:00,Completed,
APT000716,P1290,Neurology,Dr. M. O'Brien,2024-12-05,08:00,Completed,
APT000717,P1291,Physiotherapy,Dr. C. Müller,2023-04-27,13:45,DNA,
APT000718,P1292,Psychiatry,Dr. J. Nkosi,2027-01-14,12:30,Scheduled,
APT000719,P1292,Physiotherapy,Dr. Y. Tanaka,2024-06-10,09:15,DNA,
APT000720,P1292,Oncology,Dr. Y. Tanaka,2024-05-06,10:45,Cancelled,
APT000721,P1293,Rheumatology,Dr. R. Singh,2024-10-03,11:45,Cancelled,
APT000722,P1294,Oncology,Dr. L. Torres,2024-02-14,14:15,Completed,
APT000723,P1294,Oncology,Dr. J. Nkosi,2027-02-07,15:45,Scheduled,
APT000724,P1294,Endocrinology,Dr. A. Patel,2026-12-23,17:45,Scheduled,
APT000725,P1294,Oncology,Dr. R. Singh,2027-03-28,16:45,Scheduled,
APT000726,P1295,Physiotherapy,Dr. S. Khan,2024-06-30,11:30,Cancelled,
APT000727,P1295,Endocrinology,Dr. M. O'Brien,2027-03-19,12:00,Scheduled,
APT000728,P1295,Endocrinology,Dr. S. Khan,2026-10-13,09:15,Scheduled,
APT000729,P1296,General Practice,Dr. R. Singh,2024-11-24,15:15,Completed,
APT000730,P1296,Neurology,Dr. A. Patel,2024-11-21,10:45,DNA,
APT000731,P1296,Physiotherapy,Dr. L. Torres,2026-10-10,08:45,Scheduled,
APT000732,P1296,Rheumatology,Dr. C. Müller,2026-12-27,13:00,Scheduled,
APT000733,P1297,General Practice,Dr. C. Müller,2024-03-19,12:45,Cancelled,
APT000734,P1297,Endocrinology,Dr. C. Müller,2024-07-09,16:00,DNA,
APT000735,P1298,Physiotherapy,Dr. L. Torres,2024-05-21,09:45,DNA,
APT000736,P1298,Neurology,Dr. J. Nkosi,2023-09-22,17:15,Cancelled,
APT000737,P1299,Nephrology,Dr. J. Nkosi,2024-08-14,11:45,Completed,
APT000738,P1299,Rheumatology,Dr. M. O'Brien,2027-01-11,16:00,Scheduled,
APT000739,P1299,Nephrology,Dr. Y. Tanaka,2027-01-21,16:45,Scheduled,
APT000740,P1300,Pulmonology,Dr. M. O'Brien,2024-03-24,17:30,Cancelled,
APT000741,P1300,Nephrology,Dr. Y. Tanaka,2023-05-31,12:15,DNA,
APT000742,P1300,Rheumatology,Dr. C. Müller,2024-07-29,11:00,Completed,
APT000743,P1301,Nephrology,Dr. J. Nkosi,2026-12-05,13:30,Scheduled,
APT000744,P1302,Neurology,Dr. R. Singh,2027-03-17,17:15,Scheduled,
APT000745,P1302,Nephrology,Dr. C. Müller,2024-10-22,17:30,DNA,
APT000746,P1303,Rheumatology,Dr. S. Khan,2023-08-17,11:00,DNA,
APT000747,P1303,Cardiology,Dr. J. Nkosi,2027-03-13,13:00,Scheduled,
APT000748,P1303,Physiotherapy,Dr. S. Khan,2024-02-25,16:30,Cancelled,
APT000749,P1303,Cardiology,Dr. A. Patel,2023-02-08,16:30,Cancelled,
APT000750,P1304,Rheumatology,Dr. L. Torres,2023-09-23,11:30,Completed,
APT000751,P1304,Cardiology,Dr. J. Nkosi,2024-04-16,17:45,DNA,
APT000752,P1304,Nephrology,Dr. S. Khan,2027-03-25,14:15,Scheduled,
APT000753,P1305,Oncology,Dr. Y. Tanaka,2023-07-08,17:00,Completed,
APT000754,P1305,Oncology,Dr. C. Müller,2023-04-21,09:15,DNA,
APT000755,P1305,Rheumatology,Dr. L. Torres,2023-04-05,09:00,Completed,
APT000756,P1305,Pulmonology,Dr. J. Nkosi,2024-10-16,17:15,Cancelled,
APT000757,P1306,Endocrinology,Dr. M. O'Brien,2027-01-21,14:45,Scheduled,
APT000758,P1306,Physiotherapy,Dr. A. Patel,2024-05-04,09:00,Completed,
APT000759,P1306,Pulmonology,Dr. C. Müller,2024-02-02,08:00,DNA,
APT000760,P1306,Physiotherapy,Dr. J. Nkosi,2023-11-04,16:15,DNA,
APT000761,P1307,Pulmonology,Dr. M. O'Brien,2024-09-26,09:30,Completed,
APT000762,P1307,Neurology,Dr. S. Khan,2024-03-08,08:00,Completed,
APT000763,P1307,Cardiology,Dr. R. Singh,2023-08-24,13:45,Completed,
APT000764,P1308,Physiotherapy,Dr. A. Patel,2027-02-07,15:00,Scheduled,
APT000765,P1308,Neurology,Dr. M. O'Brien,2023-04-08,10:15,Cancelled,
APT000766,P1309,General Practice,Dr. R. Singh,2023-08-01,08:00,DNA,
APT000767,P1309,Cardiology,Dr. A. Patel,2024-11-30,09:30,Cancelled,
APT000768,P1310,Physiotherapy,Dr. R. Singh,2026-11-03,17:45,Scheduled,
APT000769,P1310,Rheumatology,Dr. M. O'Brien,2026-12-02,09:30,Scheduled,
APT000770,P1310,Physiotherapy,Dr. R. Singh,2026-11-13,17:30,Scheduled,
APT000771,P1311,Cardiology,Dr. J. Nkosi,2026-12-20,11:45,Scheduled,
APT000772,P1311,Cardiology,Dr. R. Singh,2023-12-09,13:00,Completed,
APT000773,P1311,Rheumatology,Dr. S. Khan,2023-06-24,11:45,Cancelled,
APT000774,P1311,Rheumatology,Dr. S. Khan,2024-10-18,17:30,DNA,
APT000775,P1312,Cardiology,Dr. J. Nkosi,2026-12-17,08:45,Scheduled,
APT000776,P1312,Psychiatry,Dr. J. Nkosi,2027-01-20,17:15,Scheduled,
APT000777,P1312,Pulmonology,Dr. A. Patel,2024-12-05,12:30,Cancelled,
APT000778,P1313,Oncology,Dr. J. Nkosi,2027-01-12,15:00,Scheduled,
APT000779,P1313,General Practice,Dr. M. O'Brien,2027-02-13,13:15,Scheduled,
APT000780,P1313,Endocrinology,Dr. Y. Tanaka,2023-04-07,14:00,Cancelled,
APT000781,P1313,Nephrology,Dr. C. Müller,2023-10-11,09:15,Cancelled,
APT000782,P1314,General Practice,Dr. J. Nkosi,2027-01-03,14:00,Scheduled,
APT000783,P1314,Oncology,Dr. S. Khan,2024-09-15,10:15,Completed,
APT000784,P1314,Rheumatology,Dr. C. Müller,2026-10-28,13:00,Scheduled,
APT000785,P1314,Psychiatry,Dr. A. Patel,2026-11-23,15:45,Scheduled,
APT000786,P1315,Endocrinology,Dr. M. O'Brien,2026-10-30,15:45,Scheduled,
APT000787,P1315,Cardiology,Dr. M. O'Brien,2027-01-04,12:15,Scheduled,
APT000788,P1316,General Practice,Dr. L. Torres,2023-09-09,09:15,DNA,
APT000789,P1316,Endocrinology,Dr. L. Torres,2023-05-01,14:00,Completed,
APT000790,P1316,Physiotherapy,Dr. C. Müller,2024-02-18,15:00,DNA,
APT000791,P1316,Pulmonology,Dr. R. Singh,2024-03-05,14:45,Completed,
APT000792,P1317,Nephrology,Dr. C. Müller,2027-01-03,10:15,Scheduled,
APT000793,P1317,Cardiology,Dr. L. Torres,2023-12-12,09:15,DNA,
APT000794,P1317,Neurology,Dr. C. Müller,2023-06-09,13:45,Cancelled,
APT000795,P1317,Physiotherapy,Dr. R. Singh,2026-10-29,16:45,Scheduled,
APT000796,P1318,Pulmonology,Dr. R. Singh,2026-11-30,08:45,Scheduled,
APT000797,P1319,Endocrinology,Dr. J. Nkosi,2024-02-11,13:00,Cancelled,
APT000798,P1319,Oncology,Dr. Y. Tanaka,2027-01-09,16:45,Scheduled,
APT000799,P1319,Nephrology,Dr. M. O'Brien,2024-05-11,15:45,Completed,
APT000800,P1319,Cardiology,Dr. R. Singh,2027-02-08,15:30,Scheduled,
APT000801,P1320,Physiotherapy,Dr. J. Nkosi,2024-11-26,12:30,Cancelled,
APT000802,P1320,Pulmonology,Dr. C. Müller,2027-03-26,09:00,Scheduled,
APT000803,P1321,Cardiology,Dr. A. Patel,2027-02-25,09:30,Scheduled,
APT000804,P1321,Pulmonology,Dr. L. Torres,2023-04-25,09:30,Cancelled,
APT000805,P1321,Endocrinology,Dr. J. Nkosi,2026-11-08,12:15,Scheduled,
APT000806,P1322,Nephrology,Dr. M. O'Brien,2024-12-16,16:15,Cancelled,
APT000807,P1322,Cardiology,Dr. C. Müller,2027-01-02,08:30,Scheduled,
APT000808,P1323,Neurology,Dr. A. Patel,2023-09-24,15:15,Completed,
APT000809,P1324,Neurology,Dr. L. Torres,2024-10-31,10:45,DNA,
APT000810,P1324,Endocrinology,Dr. J. Nkosi,2027-02-14,08:30,Scheduled,
APT000811,P1325,Cardiology,Dr. A. Patel,2023-02-03,11:00,Cancelled,
APT000812,P1325,General Practice,Dr. C. Müller,2023-06-07,13:15,Completed,
APT000813,P1326,Neurology,Dr. R. Singh,2026-10-28,17:45,Scheduled,
APT000814,P1327,Nephrology,Dr. R. Singh,2024-07-05,15:00,Cancelled,
APT000815,P1328,Physiotherapy,Dr. J. Nkosi,2027-03-27,13:00,Scheduled,
APT000816,P1328,General Practice,Dr. L. Torres,2023-12-18,13:45,Completed,
APT000817,P1328,Nephrology,Dr. Y. Tanaka,2024-01-24,11:30,Cancelled,
APT000818,P1329,Physiotherapy,Dr. M. O'Brien,2026-12-23,11:15,Scheduled,
APT000819,P1329,General Practice,Dr. A. Patel,2024-01-02,08:30,Completed,
APT000820,P1330,Cardiology,Dr. L. Torres,2027-02-05,13:45,Scheduled,
APT000821,P1330,Pulmonology,Dr. M. O'Brien,2024-08-15,08:45,Cancelled,
APT000822,P1330,General Practice,Dr. L. Torres,2023-04-10,09:45,Cancelled,
APT000823,P1330,Endocrinology,Dr. M. O'Brien,2024-02-10,10:30,DNA,
APT000824,P1331,Psychiatry,Dr. J. Nkosi,2027-03-14,09:30,Scheduled,
APT000825,P1331,Rheumatology,Dr. Y. Tanaka,2026-10-19,14:15,Scheduled,
APT000826,P1331,Nephrology,Dr. M. O'Brien,2026-10-15,14:15,Scheduled,
APT000827,P1332,Rheumatology,Dr. R. Singh,2024-04-11,14:30,Completed,
APT000828,P1332,Neurology,Dr. S. Khan,2024-02-17,10:00,Completed,
APT000829,P1332,Nephrology,Dr. A. Patel,2023-03-01,13:00,Completed,
APT000830,P1333,Pulmonology,Dr. M. O'Brien,2024-11-27,15:00,Cancelled,
APT000831,P1333,Endocrinology,Dr. S. Khan,2024-09-12,17:00,Completed,
APT000832,P1333,Oncology,Dr. A. Patel,2023-10-04,10:45,Cancelled,
APT000833,P1333,Pulmonology,Dr. S. Khan,2023-01-24,12:30,Completed,
APT000834,P1334,Oncology,Dr. R. Singh,2024-05-01,15:00,Cancelled,
APT000835,P1335,Endocrinology,Dr. J. Nkosi,2027-01-18,10:15,Scheduled,
APT000836,P1335,Pulmonology,Dr. R. Singh,2026-11-22,16:30,Scheduled,
APT000837,P1336,Cardiology,Dr. S. Khan,2023-02-19,17:45,DNA,
APT000838,P1336,Rheumatology,Dr. R. Singh,2023-12-13,16:00,Completed,
APT000839,P1337,Pulmonology,Dr. R. Singh,2024-08-31,16:15,Cancelled,
APT000840,P1337,Cardiology,Dr. C. Müller,2024-10-17,15:15,Cancelled,
APT000841,P1337,Cardiology,Dr. J. Nkosi,2024-05-30,17:30,DNA,
APT000842,P1338,Rheumatology,Dr. M. O'Brien,2023-08-21,10:30,Cancelled,
APT000843,P1339,Oncology,Dr. Y. Tanaka,2023-05-28,13:00,Completed,
APT000844,P1339,Nephrology,Dr. S. Khan,2023-06-22,17:45,Completed,
APT000845,P1339,Rheumatology,Dr. C. Müller,2024-05-25,08:00,Cancelled,
APT000846,P1339,Psychiatry,Dr. R. Singh,2026-10-11,10:00,Scheduled,
APT000847,P1340,Nephrology,Dr. A. Patel,2023-11-20,10:00,DNA,
APT000848,P1340,Nephrology,Dr. J. Nkosi,2024-01-24,15:00,Completed,
APT000849,P1340,Neurology,Dr. C. Müller,2023-04-12,17:30,Completed,
APT000850,P1341,Pulmonology,Dr. S. Khan,2024-10-01,15:45,Cancelled,
APT000851,P1341,Rheumatology,Dr. L. Torres,2027-01-18,09:30,Scheduled,
APT000852,P1342,Psychiatry,Dr. S. Khan,2027-02-03,13:15,Scheduled,
APT000853,P1342,Nephrology,Dr. A. Patel,2024-02-10,08:15,Cancelled,
APT000854,P1343,Nephrology,Dr. L. Torres,2027-03-17,14:45,Scheduled,
APT000855,P1344,Nephrology,Dr. Y. Tanaka,2024-03-22,15:00,Completed,
APT000856,P1344,Physiotherapy,Dr. A. Patel,2024-03-19,10:15,DNA,
APT000857,P1344,Endocrinology,Dr. S. Khan,2027-01-05,15:30,Scheduled,
APT000858,P1345,General Practice,Dr. Y. Tanaka,2023-06-07,15:45,Completed,
APT000859,P1345,Endocrinology,Dr. S. Khan,2024-06-10,10:30,DNA,
APT000860,P1346,Neurology,Dr. A. Patel,2023-06-10,09:45,Cancelled,
APT000861,P1346,Oncology,Dr. J. Nkosi,2027-02-27,16:45,Scheduled,
APT000862,P1346,Psychiatry,Dr. A. Patel,2023-07-12,14:45,DNA,
APT000863,P1346,Nephrology,Dr. S. Khan,2024-08-09,17:45,Completed,
APT000864,P1347,Endocrinology,Dr. J. Nkosi,2023-06-06,17:00,DNA,
APT000865,P1347,Neurology,Dr. C. Müller,2023-06-24,11:00,Completed,
APT000866,P1347,Neurology,Dr. Y. Tanaka,2024-01-02,17:00,DNA,
APT000867,P1347,General Practice,Dr. C. Müller,2023-08-03,09:45,DNA,
APT000868,P1348,Cardiology,Dr. S. Khan,2027-03-04,17:15,Scheduled,
APT000869,P1348,Nephrology,Dr. M. O'Brien,2026-11-23,11:45,Scheduled,
APT000870,P1349,Psychiatry,Dr. M. O'Brien,2027-02-16,17:15,Scheduled,
APT000871,P1349,Nephrology,Dr. A. Patel,2023-01-13,16:15,Cancelled,
APT000872,P1350,Nephrology,Dr. C. Müller,2026-12-21,16:45,Scheduled,
APT000873,P1350,Physiotherapy,Dr. M. O'Brien,2024-09-11,14:45,Completed,
APT000874,P1350,Nephrology,Dr. S. Khan,2026-11-27,12:30,Scheduled,
APT000875,P1351,Nephrology,Dr. M. O'Brien,2026-12-02,10:15,Scheduled,
APT000876,P1351,Rheumatology,Dr. A. Patel,2023-07-26,08:15,Cancelled,
APT000877,P1351,Endocrinology,Dr. C. Müller,2023-01-22,08:30,Cancelled,
APT000878,P1352,Cardiology,Dr. C. Müller,2023-06-19,16:30,Cancelled,
APT000879,P1353,Cardiology,Dr. L. Torres,2024-11-04,14:15,Completed,
APT000880,P1353,General Practice,Dr. C. Müller,2024-05-26,13:45,DNA,
APT000881,P1353,General Practice,Dr. J. Nkosi,2026-10-16,15:30,Scheduled,
APT000882,P1354,Physiotherapy,Dr. S. Khan,2026-10-24,12:45,Scheduled,
APT000883,P1354,Cardiology,Dr. R. Singh,2023-02-21,16:15,DNA,
APT000884,P1354,General Practice,Dr. M. O'Brien,2023-05-24,10:45,DNA,
APT000885,P1355,Endocrinology,Dr. M. O'Brien,2023-11-08,11:15,Cancelled,
APT000886,P1356,Endocrinology,Dr. Y. Tanaka,2024-10-08,17:00,DNA,
APT000887,P1356,Neurology,Dr. J. Nkosi,2023-02-06,11:00,Completed,
APT000888,P1357,Pulmonology,Dr. A. Patel,2024-11-04,10:15,Cancelled,
APT000889,P1358,Endocrinology,Dr. A. Patel,2024-08-23,09:00,DNA,
APT000890,P1358,Oncology,Dr. Y. Tanaka,2023-12-07,16:00,DNA,
APT000891,P1358,Physiotherapy,Dr. S. Khan,2023-11-18,16:45,Completed,
APT000892,P1359,Endocrinology,Dr. A. Patel,2026-11-18,11:45,Scheduled,
APT000893,P1359,Endocrinology,Dr. R. Singh,2023-02-07,09:45,Completed,
APT000894,P1359,Oncology,Dr. Y. Tanaka,2024-12-31,15:30,Cancelled,
APT000895,P1359,General Practice,Dr. L. Torres,2024-05-26,16:15,Cancelled,
APT000896,P1360,Oncology,Dr. J. Nkosi,2027-03-19,10:15,Scheduled,
APT000897,P1360,Physiotherapy,Dr. S. Khan,2023-09-07,10:45,DNA,
APT000898,P1361,Physiotherapy,Dr. A. Patel,2027-03-20,15:15,Scheduled,
APT000899,P1361,General Practice,Dr. C. Müller,2023-07-14,16:00,Completed,
APT000900,P1361,Nephrology,Dr. L. Torres,2023-11-15,12:30,Cancelled,
APT000901,P1361,Pulmonology,Dr. Y. Tanaka,2024-10-30,14:30,DNA,
APT000902,P1362,Physiotherapy,Dr. Y. Tanaka,2023-04-20,09:15,DNA,
APT000903,P1362,Oncology,Dr. R. Singh,2026-11-05,14:30,Scheduled,
APT000904,P1362,Nephrology,Dr. A. Patel,2026-12-12,17:15,Scheduled,
APT000905,P1362,Pulmonology,Dr. M. O'Brien,2023-01-12,15:00,Completed,
APT000906,P1363,Rheumatology,Dr. S. Khan,2026-10-20,12:15,Scheduled,
APT000907,P1363,Rheumatology,Dr. C. Müller,2027-03-26,09:45,Scheduled,
APT000908,P1364,Neurology,Dr. C. Müller,2026-12-13,13:15,Scheduled,
APT000909,P1364,Oncology,Dr. A. Patel,2026-12-12,10:45,Scheduled,
APT000910,P1364,General Practice,Dr. L. Torres,2026-11-30,16:15,Scheduled,
APT000911,P1364,Pulmonology,Dr. L. Torres,2026-11-27,15:00,Scheduled,
APT000912,P1365,Pulmonology,Dr. L. Torres,2023-10-12,17:00,DNA,
APT000913,P1365,Nephrology,Dr. Y. Tanaka,2024-07-22,12:45,Cancelled,
APT000914,P1365,Endocrinology,Dr. C. Müller,2027-03-05,15:00,Scheduled,
APT000915,P1366,Psychiatry,Dr. L. Torres,2026-10-21,09:30,Scheduled,
APT000916,P1366,Nephrology,Dr. M. O'Brien,2024-06-10,12:00,Completed,
APT000917,P1367,Psychiatry,Dr. M. O'Brien,2027-01-12,16:45,Scheduled,
APT000918,P1368,Oncology,Dr. R. Singh,2026-10-13,14:45,Scheduled,
APT000919,P1368,Nephrology,Dr. A. Patel,2024-02-22,17:15,DNA,
APT000920,P1369,Oncology,Dr. C. Müller,2026-11-24,08:00,Scheduled,
APT000921,P1370,General Practice,Dr. J. Nkosi,2026-12-25,10:30,Scheduled,
APT000922,P1370,General Practice,Dr. M. O'Brien,2027-01-10,08:00,Scheduled,
APT000923,P1371,Pulmonology,Dr. S. Khan,2026-12-12,08:45,Scheduled,
APT000924,P1371,Nephrology,Dr. S. Khan,2026-11-04,10:45,Scheduled,
APT000925,P1371,Endocrinology,Dr. S. Khan,2024-08-09,08:00,Cancelled,
APT000926,P1372,Endocrinology,Dr. Y. Tanaka,2023-01-03,11:00,Completed,
APT000927,P1372,Nephrology,Dr. J. Nkosi,2023-09-03,14:15,Cancelled,
APT000928,P1372,Physiotherapy,Dr. L. Torres,2023-02-13,16:00,Completed,
APT000929,P1372,Endocrinology,Dr. Y. Tanaka,2026-10-30,14:30,Scheduled,
APT000930,P1373,Neurology,Dr. S. Khan,2023-05-13,13:30,Completed,
APT000931,P1374,Neurology,Dr. L. Torres,2026-10-25,09:30,Scheduled,
APT000932,P1374,Psychiatry,Dr. S. Khan,2024-02-23,11:00,DNA,
APT000933,P1375,Pulmonology,Dr. A. Patel,2027-02-20,16:45,Scheduled,
APT000934,P1376,Rheumatology,Dr. A. Patel,2024-02-23,11:45,Completed,
APT000935,P1377,Neurology,Dr. J. Nkosi,2023-05-26,14:45,Completed,
APT000936,P1378,Psychiatry,Dr. Y. Tanaka,2024-08-07,12:00,DNA,
APT000937,P1378,Endocrinology,Dr. A. Patel,2024-06-28,16:30,Completed,
APT000938,P1379,Psychiatry,Dr. L. Torres,2023-11-19,15:00,Cancelled,
APT000939,P1379,Psychiatry,Dr. A. Patel,2023-06-16,10:45,Cancelled,
APT000940,P1380,Psychiatry,Dr. Y. Tanaka,2027-03-07,13:45,Scheduled,
APT000941,P1380,Neurology,Dr. C. Müller,2026-11-17,15:15,Scheduled,
APT000942,P1381,Endocrinology,Dr. C. Müller,2026-12-17,15:45,Scheduled,
APT000943,P1381,Rheumatology,Dr. S. Khan,2027-02-20,09:00,Scheduled,
APT000944,P1381,Pulmonology,Dr. A. Patel,2027-01-29,16:30,Scheduled,
APT000945,P1382,General Practice,Dr. R. Singh,2026-12-05,13:00,Scheduled,
APT000946,P1382,Endocrinology,Dr. R. Singh,2023-07-17,12:15,DNA,
APT000947,P1383,Neurology,Dr. S. Khan,2024-08-06,08:45,Cancelled,
APT000948,P1383,Physiotherapy,Dr. M. O'Brien,2023-05-17,10:45,Cancelled,
APT000949,P1383,General Practice,Dr. M. O'Brien,2023-11-15,10:00,Completed,
APT000950,P1383,Neurology,Dr. Y. Tanaka,2026-10-23,17:45,Scheduled,
APT000951,P1384,Rheumatology,Dr. M. O'Brien,2023-05-15,17:30,Completed,
APT000952,P1384,Endocrinology,Dr. M. O'Brien,2026-12-03,08:30,Scheduled,
APT000953,P1385,Nephrology,Dr. L. Torres,2023-08-14,13:45,DNA,
APT000954,P1385,Endocrinology,Dr. C. Müller,2027-03-01,09:45,Scheduled,
APT000955,P1385,Physiotherapy,Dr. M. O'Brien,2024-02-18,15:15,Cancelled,
APT000956,P1385,Psychiatry,Dr. L. Torres,2027-03-02,17:45,Scheduled,
APT000957,P1386,Neurology,Dr. R. Singh,2027-02-07,14:15,Scheduled,
APT000958,P1387,Cardiology,Dr. L. Torres,2024-12-18,14:45,Cancelled,
APT000959,P1387,Psychiatry,Dr. A. Patel,2026-11-08,13:00,Scheduled,
APT000960,P1388,Cardiology,Dr. L. Torres,2024-07-06,14:15,DNA,
APT000961,P1388,Physiotherapy,Dr. L. Torres,2027-02-16,09:45,Scheduled,
APT000962,P1388,Psychiatry,Dr. S. Khan,2024-05-25,09:45,Cancelled,
APT000963,P1389,General Practice,Dr. Y. Tanaka,2024-09-09,14:45,DNA,
APT000964,P1389,Oncology,Dr. S. Khan,2024-09-18,15:15,Completed,
APT000965,P1390,Nephrology,Dr. R. Singh,2024-04-26,16:15,Completed,
APT000966,P1390,Rheumatology,Dr. J. Nkosi,2023-03-27,10:30,DNA,
APT000967,P1391,Oncology,Dr. A. Patel,2026-12-20,14:00,Scheduled,
APT000968,P1392,Physiotherapy,Dr. A. Patel,2023-09-29,11:45,DNA,
APT000969,P1392,Physiotherapy,Dr. L. Torres,2023-03-15,12:45,DNA,
APT000970,P1392,Nephrology,Dr. R. Singh,2026-10-15,12:15,Scheduled,
APT000971,P1392,Nephrology,Dr. Y. Tanaka,2026-12-31,13:15,Scheduled,
APT000972,P1393,Physiotherapy,Dr. C. Müller,2026-12-26,09:15,Scheduled,
APT000973,P1393,Neurology,Dr. R. Singh,2024-12-14,13:15,DNA,
APT000974,P1393,Oncology,Dr. J. Nkosi,2026-12-25,10:45,Scheduled,
APT000975,P1394,Neurology,Dr. J. Nkosi,2024-03-09,17:00,Completed,
APT000976,P1395,Pulmonology,Dr. M. O'Brien,2027-02-15,11:15,Scheduled,
APT000977,P1395,Physiotherapy,Dr. S. Khan,2027-01-01,14:45,Scheduled,
APT000978,P1396,Oncology,Dr. L. Torres,2026-12-21,12:15,Scheduled,
APT000979,P1397,Cardiology,Dr. S. Khan,2027-01-26,08:30,Scheduled,
APT000980,P1397,Psychiatry,Dr. C. Müller,2024-11-09,13:45,DNA,
APT000981,P1398,Rheumatology,Dr. Y. Tanaka,2024-12-04,15:30,Cancelled,
APT000982,P1398,Cardiology,Dr. S. Khan,2027-02-02,08:15,Scheduled,
APT000983,P1399,Psychiatry,Dr. L. Torres,2026-10-19,11:15,Scheduled,
APT000984,P1399,Physiotherapy,Dr. Y. Tanaka,2026-12-17,10:45,Scheduled,
APT000985,P1399,Neurology,Dr. C. Müller,2024-10-21,15:00,Cancelled,
APT000986,P1400,Oncology,Dr. S. Khan,2024-08-23,15:00,Completed,
APT000987,P1400,Nephrology,Dr. C. Müller,2024-06-29,08:30,DNA,
APT000988,P1400,Rheumatology,Dr. R. Singh,2023-12-22,16:00,Cancelled,
APT000989,P1400,Nephrology,Dr. J. Nkosi,2024-08-18,08:00,DNA,
APT000990,P1401,Physiotherapy,Dr. A. Patel,2027-01-03,15:30,Scheduled,
APT000991,P1401,Cardiology,Dr. J. Nkosi,2026-10-30,10:30,Scheduled,
APT000992,P1402,Nephrology,Dr. C. Müller,2026-11-11,12:00,Scheduled,
APT000993,P1403,Psychiatry,Dr. A. Patel,2027-03-14,12:00,Scheduled,
APT000994,P1403,Cardiology,Dr. S. Khan,2023-05-24,17:00,Cancelled,
APT000995,P1403,Cardiology,Dr. J. Nkosi,2026-12-19,14:00,Scheduled,
APT000996,P1403,Psychiatry,Dr. Y. Tanaka,2023-05-21,15:15,Cancelled,
APT000997,P1404,Psychiatry,Dr. J. Nkosi,2024-05-22,10:30,DNA,
APT000998,P1405,Oncology,Dr. S. Khan,2023-04-27,15:15,Completed,
APT000999,P1405,Rheumatology,Dr. S. Khan,2027-02-17,17:00,Scheduled,
APT001000,P1406,Pulmonology,Dr. J. Nkosi,2024-04-22,10:45,DNA,
APT001001,P1406,Rheumatology,Dr. Y. Tanaka,2024-02-24,11:00,Completed,
APT001002,P1407,Oncology,Dr. S. Khan,2026-11-27,15:15,Scheduled,
APT001003,P1407,Nephrology,Dr. Y. Tanaka,2023-01-09,15:15,DNA,
APT001004,P1407,Neurology,Dr. M. O'Brien,2024-05-11,16:15,DNA,
APT001005,P1407,General Practice,Dr. Y. Tanaka,2024-08-30,12:00,Cancelled,
APT001006,P1408,Rheumatology,Dr. A. Patel,2024-08-03,15:00,DNA,
APT001007,P1408,Neurology,Dr. J. Nkosi,2024-09-06,12:30,Completed,
APT001008,P1408,Nephrology,Dr. C. Müller,2026-12-28,15:45,Scheduled,
APT001009,P1409,Psychiatry,Dr. M. O'Brien,2023-04-05,09:00,Completed,
APT001010,P1409,Psychiatry,Dr. A. Patel,2023-10-17,10:00,Completed,
APT001011,P1409,Rheumatology,Dr. S. Khan,2024-09-22,17:00,Cancelled,
APT001012,P1410,Endocrinology,Dr. C. Müller,2024-08-27,16:45,Completed,
APT001013,P1411,Neurology,Dr. J. Nkosi,2027-03-30,10:15,Scheduled,
APT001014,P1411,Psychiatry,Dr. C. Müller,2023-01-26,13:15,DNA,
APT001015,P1411,Pulmonology,Dr. C. Müller,2023-08-03,15:45,DNA,
APT001016,P1412,Physiotherapy,Dr. S. Khan,2024-08-28,17:45,Cancelled,
APT001017,P1412,Cardiology,Dr. S. Khan,2024-10-15,13:45,DNA,
APT001018,P1412,Nephrology,Dr. C. Müller,2024-06-10,13:45,Completed,
APT001019,P1413,General Practice,Dr. A. Patel,2023-02-16,15:15,Cancelled,
APT001020,P1413,Rheumatology,Dr. R. Singh,2024-08-26,17:15,DNA,
APT001021,P1414,Neurology,Dr. C. Müller,2023-09-14,11:15,Cancelled,
APT001022,P1414,Psychiatry,Dr. Y. Tanaka,2026-12-26,08:45,Scheduled,
APT001023,P1415,Psychiatry,Dr. S. Khan,2024-02-16,12:45,DNA,
APT001024,P1415,Pulmonology,Dr. S. Khan,2024-06-02,10:45,Cancelled,
APT001025,P1416,Oncology,Dr. A. Patel,2023-09-11,16:00,DNA,
APT001026,P1416,Cardiology,Dr. A. Patel,2027-03-30,15:00,Scheduled,
APT001027,P1416,Nephrology,Dr. R. Singh,2024-03-27,09:00,Cancelled,
APT001028,P1417,Oncology,Dr. Y. Tanaka,2023-11-25,14:15,Completed,
APT001029,P1418,General Practice,Dr. J. Nkosi,2024-01-24,13:00,DNA,
APT001030,P1418,Nephrology,Dr. S. Khan,2026-11-01,13:15,Scheduled,
APT001031,P1418,Psychiatry,Dr. M. O'Brien,2026-12-05,17:15,Scheduled,
APT001032,P1419,Oncology,Dr. M. O'Brien,2026-11-08,09:15,Scheduled,
APT001033,P1419,General Practice,Dr. L. Torres,2026-12-21,16:45,Scheduled,
APT001034,P1419,Oncology,Dr. S. Khan,2024-02-06,08:30,DNA,
APT001035,P1419,Pulmonology,Dr. Y. Tanaka,2023-03-09,14:45,Completed,
APT001036,P1420,Neurology,Dr. Y. Tanaka,2026-10-17,16:45,Scheduled,
APT001037,P1420,General Practice,Dr. R. Singh,2026-11-17,12:15,Scheduled,
APT001038,P1420,Physiotherapy,Dr. A. Patel,2023-11-13,14:30,Cancelled,
APT001039,P1420,General Practice,Dr. R. Singh,2024-02-28,17:00,Cancelled,
APT001040,P1421,Pulmonology,Dr. J. Nkosi,2027-02-27,14:15,Scheduled,
APT001041,P1421,Endocrinology,Dr. C. Müller,2027-03-31,08:45,Scheduled,
APT001042,P1421,Cardiology,Dr. C. Müller,2023-11-12,10:15,DNA,
APT001043,P1422,Psychiatry,Dr. L. Torres,2027-01-13,11:30,Scheduled,
APT001044,P1423,Oncology,Dr. A. Patel,2023-03-21,12:00,DNA,
APT001045,P1423,Psychiatry,Dr. L. Torres,2023-08-29,12:30,Cancelled,
APT001046,P1423,Endocrinology,Dr. L. Torres,2026-11-09,14:00,Scheduled,
APT001047,P1424,Endocrinology,Dr. Y. Tanaka,2024-08-22,10:00,DNA,
APT001048,P1424,General Practice,Dr. J. Nkosi,2023-06-24,09:00,DNA,
APT001049,P1424,Psychiatry,Dr. S. Khan,2027-01-10,08:15,Scheduled,
APT001050,P1425,Psychiatry,Dr. A. Patel,2024-08-11,11:15,DNA,
APT001051,P1426,Oncology,Dr. L. Torres,2023-06-19,12:30,DNA,
APT001052,P1426,Rheumatology,Dr. C. Müller,2024-09-16,14:00,Cancelled,
APT001053,P1426,Neurology,Dr. R. Singh,2023-10-31,15:15,Completed,
APT001054,P1427,Neurology,Dr. S. Khan,2024-08-13,10:30,Cancelled,
APT001055,P1427,Physiotherapy,Dr. L. Torres,2027-01-30,10:30,Scheduled,
APT001056,P1427,Endocrinology,Dr. A. Patel,2027-03-08,11:00,Scheduled,
APT001057,P1428,Endocrinology,Dr. R. Singh,2023-12-25,08:15,Completed,
APT001058,P1429,Rheumatology,Dr. C. Müller,2024-01-07,11:45,Completed,
APT001059,P1429,General Practice,Dr. A. Patel,2024-06-21,12:30,Cancelled,
APT001060,P1429,Physiotherapy,Dr. L. Torres,2026-11-28,15:15,Scheduled,
APT001061,P1430,Pulmonology,Dr. C. Müller,2024-08-11,16:15,Cancelled,
APT001062,P1431,Psychiatry,Dr. Y. Tanaka,2027-03-04,16:15,Scheduled,
APT001063,P1431,Rheumatology,Dr. A. Patel,2024-01-28,11:45,DNA,
APT001064,P1432,Cardiology,Dr. J. Nkosi,2024-05-28,13:15,DNA,
APT001065,P1432,Physiotherapy,Dr. A. Patel,2024-11-22,15:45,Cancelled,
APT001066,P1432,Physiotherapy,Dr. A. Patel,2023-12-31,08:30,Cancelled,
APT001067,P1432,Nephrology,Dr. Y. Tanaka,2027-02-16,08:30,Scheduled,
APT001068,P1433,Nephrology,Dr. A. Patel,2023-08-15,13:15,DNA,
APT001069,P1433,Cardiology,Dr. S. Khan,2024-08-18,12:30,Cancelled,
APT001070,P1433,Physiotherapy,Dr. Y. Tanaka,2024-09-26,08:15,Completed,
APT001071,P1433,Oncology,Dr. A. Patel,2024-12-21,16:45,Completed,
APT001072,P1434,Cardiology,Dr. J. Nkosi,2024-03-13,09:15,Completed,
APT001073,P1434,Oncology,Dr. R. Singh,2026-10-28,10:00,Scheduled,
APT001074,P1435,Oncology,Dr. Y. Tanaka,2023-01-26,11:30,Cancelled,
APT001075,P1435,General Practice,Dr. A. Patel,2024-02-24,09:30,DNA,
APT001076,P1435,Neurology,Dr. L. Torres,2024-10-11,16:30,Cancelled,
APT001077,P1436,Nephrology,Dr. Y. Tanaka,2027-03-04,13:45,Scheduled,
APT001078,P1437,Rheumatology,Dr. J. Nkosi,2023-09-01,11:15,DNA,
APT001079,P1437,Physiotherapy,Dr. S. Khan,2027-01-20,08:45,Scheduled,
APT001080,P1438,Oncology,Dr. L. Torres,2026-11-16,13:45,Scheduled,
APT001081,P1439,Endocrinology,Dr. S. Khan,2023-04-09,08:45,Completed,
APT001082,P1439,Rheumatology,Dr. C. Müller,2023-10-31,10:45,Completed,
APT001083,P1440,Psychiatry,Dr. Y. Tanaka,2026-12-17,16:15,Scheduled,
APT001084,P1441,Pulmonology,Dr. R. Singh,2024-06-08,16:45,Cancelled,
APT001085,P1441,Psychiatry,Dr. M. O'Brien,2023-12-31,11:45,DNA,
APT001086,P1441,Endocrinology,Dr. Y. Tanaka,2023-02-04,15:45,Cancelled,
APT001087,P1441,Endocrinology,Dr. J. Nkosi,2024-06-04,16:00,DNA,
APT001088,P1442,Endocrinology,Dr. J. Nkosi,2023-11-19,09:00,Cancelled,
APT001089,P1442,Neurology,Dr. A. Patel,2024-03-17,10:15,DNA,
APT001090,P1443,Physiotherapy,Dr. S. Khan,2024-02-17,15:00,DNA,
APT001091,P1443,Physiotherapy,Dr. L. Torres,2023-09-26,16:45,Cancelled,
APT001092,P1443,Neurology,Dr. C. Müller,2023-03-31,15:15,Completed,
APT001093,P1443,Rheumatology,Dr. Y. Tanaka,2024-01-20,12:15,Completed,
APT001094,P1444,Physiotherapy,Dr. J. Nkosi,2024-03-20,17:45,Cancelled,
APT001095,P1444,Pulmonology,Dr. R. Singh,2027-02-17,17:15,Scheduled,
APT001096,P1444,Oncology,Dr. S. Khan,2024-08-15,14:00,Completed,
APT001097,P1445,Psychiatry,Dr. S. Khan,2024-02-10,16:15,Cancelled,
APT001098,P1445,Nephrology,Dr. R. Singh,2026-11-22,15:45,Scheduled,
APT001099,P1446,Endocrinology,Dr. M. O'Brien,2023-06-20,08:45,DNA,
APT001100,P1446,Neurology,Dr. Y. Tanaka,2023-09-10,11:30,DNA,
APT001101,P1446,General Practice,Dr. R. Singh,2024-10-30,11:45,Cancelled,
APT001102,P1447,Oncology,Dr. S. Khan,2023-05-02,09:45,Completed,
APT001103,P1447,Nephrology,Dr. L. Torres,2027-03-04,17:30,Scheduled,
APT001104,P1447,General Practice,Dr. M. O'Brien,2027-03-24,12:15,Scheduled,
APT001105,P1448,Endocrinology,Dr. M. O'Brien,2024-03-10,10:45,Completed,
APT001106,P1448,Oncology,Dr. M. O'Brien,2023-08-06,14:00,Completed,
APT001107,P1448,Neurology,Dr. C. Müller,2023-07-11,17:00,Completed,
APT001108,P1448,Nephrology,Dr. Y. Tanaka,2024-03-31,14:45,Cancelled,
APT001109,P1449,Neurology,Dr. L. Torres,2023-06-11,16:30,Cancelled,
APT001110,P1449,Psychiatry,Dr. L. Torres,2023-07-16,16:15,Completed,
APT001111,P1450,Endocrinology,Dr. S. Khan,2023-04-04,12:15,Completed,
APT001112,P1451,Pulmonology,Dr. Y. Tanaka,2027-01-03,13:00,Scheduled,
APT001113,P1451,Physiotherapy,Dr. A. Patel,2026-11-03,11:15,Scheduled,
APT001114,P1452,Pulmonology,Dr. M. O'Brien,2023-04-09,10:30,Completed,
APT001115,P1452,Rheumatology,Dr. Y. Tanaka,2024-12-13,16:15,Cancelled,
APT001116,P1452,Physiotherapy,Dr. J. Nkosi,2027-02-10,15:00,Scheduled,
APT001117,P1453,Physiotherapy,Dr. R. Singh,2026-11-14,10:30,Scheduled,
APT001118,P1453,Endocrinology,Dr. S. Khan,2024-02-12,09:00,Cancelled,
APT001119,P1453,General Practice,Dr. S. Khan,2026-11-22,13:30,Scheduled,
APT001120,P1453,Neurology,Dr. A. Patel,2027-03-06,08:00,Scheduled,
APT001121,P1454,Rheumatology,Dr. J. Nkosi,2024-03-13,15:30,DNA,
APT001122,P1454,Psychiatry,Dr. S. Khan,2023-04-01,12:15,Cancelled,
APT001123,P1454,Neurology,Dr. L. Torres,2024-04-20,15:30,DNA,
APT001124,P1454,Nephrology,Dr. A. Patel,2026-11-09,13:15,Scheduled,
APT001125,P1455,Oncology,Dr. J. Nkosi,2026-11-17,13:00,Scheduled,
APT001126,P1455,Oncology,Dr. J. Nkosi,2024-09-18,14:00,Completed,
APT001127,P1455,General Practice,Dr. Y. Tanaka,2024-01-25,15:45,DNA,
APT001128,P1456,Endocrinology,Dr. Y. Tanaka,2026-12-05,09:30,Scheduled,
APT001129,P1456,Endocrinology,Dr. Y. Tanaka,2026-12-10,13:00,Scheduled,
APT001130,P1457,General Practice,Dr. L. Torres,2024-07-16,12:15,Cancelled,
APT001131,P1457,Pulmonology,Dr. L. Torres,2024-02-17,14:00,Completed,
APT001132,P1457,Psychiatry,Dr. C. Müller,2024-05-26,11:30,Completed,
APT001133,P1457,Pulmonology,Dr. S. Khan,2024-10-28,13:30,Cancelled,
APT001134,P1458,Psychiatry,Dr. C. Müller,2026-10-28,09:00,Scheduled,
APT001135,P1458,Oncology,Dr. Y. Tanaka,2024-11-02,10:00,DNA,
APT001136,P1459,Psychiatry,Dr. J. Nkosi,2026-12-19,15:00,Scheduled,
APT001137,P1459,Physiotherapy,Dr. A. Patel,2026-11-15,14:15,Scheduled,
APT001138,P1459,Rheumatology,Dr. S. Khan,2027-03-22,12:15,Scheduled,
APT001139,P1460,Rheumatology,Dr. R. Singh,2027-02-09,09:15,Scheduled,
APT001140,P1460,Endocrinology,Dr. L. Torres,2024-10-17,12:30,DNA,
APT001141,P1460,Nephrology,Dr. R. Singh,2024-10-01,12:45,Completed,
APT001142,P1461,Oncology,Dr. R. Singh,2024-03-01,15:30,DNA,
APT001143,P1461,Rheumatology,Dr. M. O'Brien,2026-11-01,08:30,Scheduled,
APT001144,P1462,Endocrinology,Dr. A. Patel,2026-10-21,13:30,Scheduled,
APT001145,P1462,Nephrology,Dr. S. Khan,2023-05-21,08:45,Completed,
APT001146,P1462,Pulmonology,Dr. J. Nkosi,2024-08-17,10:00,Cancelled,
APT001147,P1463,General Practice,Dr. C. Müller,2026-10-11,13:15,Scheduled,
APT001148,P1463,Cardiology,Dr. J. Nkosi,2023-06-06,10:15,Completed,
APT001149,P1464,Nephrology,Dr. L. Torres,2026-11-20,09:30,Scheduled,
APT001150,P1465,Endocrinology,Dr. J. Nkosi,2024-05-22,11:15,DNA,
APT001151,P1466,Neurology,Dr. S. Khan,2024-01-15,14:00,Completed,
APT001152,P1466,Pulmonology,Dr. C. Müller,2023-06-21,13:30,Completed,
APT001153,P1467,Neurology,Dr. M. O'Brien,2023-02-27,16:00,Cancelled,
APT001154,P1468,Cardiology,Dr. S. Khan,2023-05-31,15:00,Cancelled,
APT001155,P1469,Pulmonology,Dr. J. Nkosi,2026-11-20,09:45,Scheduled,
APT001156,P1469,Cardiology,Dr. S. Khan,2024-06-18,14:15,Cancelled,
APT001157,P1470,Physiotherapy,Dr. M. O'Brien,2024-01-11,15:45,Cancelled,
APT001158,P1470,General Practice,Dr. J. Nkosi,2023-04-27,13:00,Cancelled,
APT001159,P1471,Physiotherapy,Dr. Y. Tanaka,2024-12-22,12:30,Cancelled,
APT001160,P1472,Neurology,Dr. J. Nkosi,2027-01-28,10:00,Scheduled,
APT001161,P1472,Pulmonology,Dr. R. Singh,2026-12-19,12:00,Scheduled,
APT001162,P1472,Nephrology,Dr. L. Torres,2023-10-07,09:45,Completed,
APT001163,P1472,General Practice,Dr. A. Patel,2024-07-12,15:00,DNA,
APT001164,P1473,Cardiology,Dr. L. Torres,2027-02-01,17:00,Scheduled,
APT001165,P1473,Pulmonology,Dr. C. Müller,2024-07-10,08:30,Completed,
APT001166,P1474,Physiotherapy,Dr. A. Patel,2023-03-13,08:45,DNA,
APT001167,P1474,Nephrology,Dr. Y. Tanaka,2024-09-15,11:30,Cancelled,
APT001168,P1475,Psychiatry,Dr. S. Khan,2024-03-20,16:45,Cancelled,
APT001169,P1476,Rheumatology,Dr. Y. Tanaka,2026-12-28,10:15,Scheduled,
APT001170,P1476,Pulmonology,Dr. M. O'Brien,2023-05-24,17:00,Completed,
APT001171,P1476,Oncology,Dr. L. Torres,2027-01-20,15:30,Scheduled,
APT001172,P1477,Rheumatology,Dr. R. Singh,2024-04-08,15:15,Cancelled,
APT001173,P1477,Oncology,Dr. M. O'Brien,2027-03-06,09:00,Scheduled,
APT001174,P1478,Oncology,Dr. Y. Tanaka,2024-05-05,10:45,Completed,
APT001175,P1478,Nephrology,Dr. M. O'Brien,2023-09-05,15:15,Completed,
APT001176,P1478,Psychiatry,Dr. C. Müller,2027-01-02,16:15,Scheduled,
APT001177,P1479,General Practice,Dr. S. Khan,2024-02-09,13:30,DNA,
APT001178,P1480,Neurology,Dr. J. Nkosi,2023-04-01,16:30,Cancelled,
APT001179,P1480,Physiotherapy,Dr. J. Nkosi,2027-03-18,12:45,Scheduled,
APT001180,P1480,Rheumatology,Dr. C. Müller,2023-11-11,17:45,DNA,
APT001181,P1481,Cardiology,Dr. Y. Tanaka,2023-10-09,10:00,DNA,
APT001182,P1481,Rheumatology,Dr. M. O'Brien,2023-12-09,08:00,DNA,
APT001183,P1482,Nephrology,Dr. S. Khan,2023-06-17,17:30,Cancelled,
APT001184,P1482,Nephrology,Dr. J. Nkosi,2027-02-03,14:15,Scheduled,
APT001185,P1482,Cardiology,Dr. J. Nkosi,2023-03-27,15:00,Completed,
APT001186,P1482,Cardiology,Dr. J. Nkosi,2027-03-11,10:15,Scheduled,
APT001187,P1483,Nephrology,Dr. S. Khan,2023-11-18,14:45,DNA,
APT001188,P1483,Endocrinology,Dr. S. Khan,2024-10-28,13:45,Completed,
APT001189,P1483,Psychiatry,Dr. R. Singh,2023-04-21,09:00,Completed,
APT001190,P1483,Oncology,Dr. L. Torres,2024-03-29,17:45,Cancelled,
APT001191,P1484,Physiotherapy,Dr. C. Müller,2026-10-30,09:30,Scheduled,
APT001192,P1484,Nephrology,Dr. R. Singh,2026-10-21,14:00,Scheduled,
APT001193,P1484,Nephrology,Dr. J. Nkosi,2027-03-21,14:45,Scheduled,
APT001194,P1484,Neurology,Dr. M. O'Brien,2024-11-03,16:15,Completed,
APT001195,P1485,Physiotherapy,Dr. M. O'Brien,2023-06-10,10:45,Cancelled,
APT001196,P1485,General Practice,Dr. S. Khan,2023-11-02,12:00,Completed,
APT001197,P1486,Pulmonology,Dr. M. O'Brien,2023-12-23,08:00,Cancelled,
APT001198,P1486,General Practice,Dr. L. Torres,2023-03-11,13:45,DNA,
APT001199,P1486,Endocrinology,Dr. C. Müller,2024-01-06,14:45,DNA,
APT001200,P1486,Oncology,Dr. J. Nkosi,2027-03-11,17:45,Scheduled,
APT001201,P1487,Rheumatology,Dr. L. Torres,2023-11-11,17:30,Cancelled,
APT001202,P1487,Neurology,Dr. S. Khan,2023-05-16,15:15,DNA,
APT001203,P1487,Cardiology,Dr. Y. Tanaka,2027-02-09,16:30,Scheduled,
APT001204,P1487,Oncology,Dr. J. Nkosi,2027-03-20,11:00,Scheduled,
APT001205,P1488,Neurology,Dr. A. Patel,2027-01-15,09:00,Scheduled,
APT001206,P1489,Psychiatry,Dr. R. Singh,2026-12-28,17:45,Scheduled,
APT001207,P1490,Pulmonology,Dr. Y. Tanaka,2024-01-02,10:00,Cancelled,
APT001208,P1490,General Practice,Dr. A. Patel,2027-02-01,16:15,Scheduled,
APT001209,P1491,General Practice,Dr. A. Patel,2024-08-20,11:45,Completed,
APT001210,P1491,Rheumatology,Dr. L. Torres,2024-03-15,14:15,Cancelled,
APT001211,P1491,Rheumatology,Dr. Y. Tanaka,2026-11-15,14:30,Scheduled,
APT001212,P1491,Cardiology,Dr. Y. Tanaka,2023-08-01,15:00,Completed,
APT001213,P1492,Pulmonology,Dr. L. Torres,2024-09-03,13:45,DNA,
APT001214,P1493,Endocrinology,Dr. J. Nkosi,2024-03-20,10:00,Cancelled,
APT001215,P1493,Neurology,Dr. C. Müller,2023-02-05,09:15,Completed,
APT001216,P1493,Oncology,Dr. R. Singh,2026-12-08,15:45,Scheduled,
APT001217,P1494,Neurology,Dr. Y. Tanaka,2026-10-16,09:30,Scheduled,
APT001218,P1495,Endocrinology,Dr. J. Nkosi,2024-08-08,12:00,DNA,
APT001219,P1496,Endocrinology,Dr. L. Torres,2024-04-01,13:00,Cancelled,
APT001220,P1496,Nephrology,Dr. S. Khan,2027-03-18,14:30,Scheduled,
APT001221,P1496,Cardiology,Dr. L. Torres,2027-01-29,11:45,Scheduled,
APT001222,P1496,Endocrinology,Dr. M. O'Brien,2026-11-26,13:30,Scheduled,
APT001223,P1497,General Practice,Dr. A. Patel,2027-03-23,14:30,Scheduled,
APT001224,P1497,General Practice,Dr. L. Torres,2024-02-20,08:30,Cancelled,
APT001225,P1497,Psychiatry,Dr. C. Müller,2024-04-09,14:15,Completed,
APT001226,P1498,Physiotherapy,Dr. R. Singh,2027-02-16,09:45,Scheduled,
APT001227,P1498,General Practice,Dr. M. O'Brien,2023-11-27,11:45,Completed,
APT001228,P1498,Endocrinology,Dr. M. O'Brien,2024-08-27,16:45,Completed,
APT001229,P1498,Psychiatry,Dr. M. O'Brien,2024-09-03,14:30,DNA,
APT001230,P1499,Endocrinology,Dr. J. Nkosi,2024-11-20,15:15,Completed,
APT001231,P1499,Cardiology,Dr. M. O'Brien,2027-03-29,15:15,Scheduled,
APT001232,P1500,Endocrinology,Dr. J. Nkosi,2024-04-20,13:15,Completed,
APT001233,P1500,Psychiatry,Dr. M. O'Brien,2024-09-10,16:15,Completed,
APT001234,P1501,Psychiatry,Dr. Y. Tanaka,2024-12-26,14:00,Completed,
APT001235,P1501,Physiotherapy,Dr. S. Khan,2023-05-24,12:00,DNA,
APT001236,P1501,Endocrinology,Dr. J. Nkosi,2026-12-19,17:30,Scheduled,
APT001237,P1502,Physiotherapy,Dr. R. Singh,2024-01-25,13:00,Cancelled,
APT001238,P1502,Pulmonology,Dr. J. Nkosi,2026-12-17,14:30,Scheduled,
APT001239,P1503,Pulmonology,Dr. A. Patel,2027-02-08,11:15,Scheduled,
APT001240,P1503,Rheumatology,Dr. L. Torres,2023-09-10,09:15,Completed,
APT001241,P1503,Psychiatry,Dr. R. Singh,2023-11-02,17:00,DNA,
APT001242,P1503,Pulmonology,Dr. A. Patel,2023-08-16,11:45,Completed,
APT001243,P1504,Rheumatology,Dr. C. Müller,2027-03-08,15:00,Scheduled,
APT001244,P1504,General Practice,Dr. J. Nkosi,2026-11-23,14:30,Scheduled,
APT001245,P1504,Physiotherapy,Dr. Y. Tanaka,2023-02-03,15:45,Completed,
APT001246,P1505,Nephrology,Dr. L. Torres,2024-01-01,16:30,Cancelled,
APT001247,P1505,Psychiatry,Dr. R. Singh,2024-04-04,16:45,DNA,
APT001248,P1506,Rheumatology,Dr. A. Patel,2027-03-19,14:30,Scheduled,
APT001249,P1507,Oncology,Dr. A. Patel,2023-09-24,17:45,Cancelled,
APT001250,P1507,Rheumatology,Dr. L. Torres,2024-06-25,13:00,Cancelled,
APT001251,P1507,General Practice,Dr. A. Patel,2024-02-29,17:45,DNA,
APT001252,P1508,Rheumatology,Dr. J. Nkosi,2026-11-27,16:15,Scheduled,
APT001253,P1508,Neurology,Dr. Y. Tanaka,2023-03-01,16:45,DNA,
APT001254,P1508,General Practice,Dr. Y. Tanaka,2024-07-05,11:45,Completed,
APT001255,P1508,Psychiatry,Dr. C. Müller,2024-02-23,17:00,Completed,
APT001256,P1509,Physiotherapy,Dr. C. Müller,2027-02-02,12:15,Scheduled,
APT001257,P1510,Nephrology,Dr. J. Nkosi,2023-03-14,11:45,Completed,
APT001258,P1510,Physiotherapy,Dr. S. Khan,2024-03-10,14:45,DNA,
APT001259,P1510,Nephrology,Dr. J. Nkosi,2026-11-13,17:45,Scheduled,
APT001260,P1511,Physiotherapy,Dr. Y. Tanaka,2026-12-08,16:15,Scheduled,
APT001261,P1511,Cardiology,Dr. R. Singh,2024-10-26,08:15,Completed,
APT001262,P1511,Psychiatry,Dr. L. Torres,2026-10-29,12:45,Scheduled,
APT001263,P1511,Pulmonology,Dr. L. Torres,2024-01-10,08:30,Completed,
APT001264,P1512,Cardiology,Dr. M. O'Brien,2026-11-02,16:30,Scheduled,
APT001265,P1512,Oncology,Dr. S. Khan,2027-03-02,12:45,Scheduled,
APT001266,P1512,Physiotherapy,Dr. M. O'Brien,2024-10-22,16:30,Cancelled,
APT001267,P1513,Psychiatry,Dr. A. Patel,2027-02-23,12:00,Scheduled,
APT001268,P1513,Psychiatry,Dr. A. Patel,2023-07-28,09:30,Cancelled,
APT001269,P1513,Neurology,Dr. R. Singh,2027-01-09,08:30,Scheduled,
APT001270,P1513,Nephrology,Dr. R. Singh,2027-01-03,10:30,Scheduled,
APT001271,P1514,Endocrinology,Dr. L. Torres,2027-03-07,12:15,Scheduled,
APT001272,P1514,Endocrinology,Dr. J. Nkosi,2023-05-15,15:30,DNA,
APT001273,P1514,Psychiatry,Dr. Y. Tanaka,2024-02-25,13:00,Cancelled,
APT001274,P1514,Neurology,Dr. L. Torres,2026-11-25,09:30,Scheduled,
APT001275,P1515,Physiotherapy,Dr. R. Singh,2024-04-25,13:45,Cancelled,
APT001276,P1516,Endocrinology,Dr. A. Patel,2026-11-09,09:30,Scheduled,
APT001277,P1516,Pulmonology,Dr. R. Singh,2023-04-09,11:45,Cancelled,
APT001278,P1516,Nephrology,Dr. C. Müller,2027-02-24,15:30,Scheduled,
APT001279,P1517,Cardiology,Dr. M. O'Brien,2027-03-20,12:45,Scheduled,
APT001280,P1517,Cardiology,Dr. R. Singh,2024-09-18,09:00,Cancelled,
APT001281,P1517,Endocrinology,Dr. M. O'Brien,2023-05-27,17:00,DNA,
APT001282,P1517,General Practice,Dr. M. O'Brien,2024-05-22,10:45,Cancelled,
APT001283,P1518,Oncology,Dr. A. Patel,2024-05-17,17:15,Cancelled,
APT001284,P1519,Psychiatry,Dr. C. Müller,2023-09-11,12:45,Completed,
APT001285,P1519,Physiotherapy,Dr. Y. Tanaka,2024-01-20,09:15,Completed,
APT001286,P1520,Neurology,Dr. L. Torres,2027-01-12,10:15,Scheduled,
APT001287,P1520,Endocrinology,Dr. Y. Tanaka,2027-02-06,08:15,Scheduled,
APT001288,P1520,Physiotherapy,Dr. S. Khan,2024-02-13,11:15,Cancelled,
APT001289,P1521,Nephrology,Dr. R. Singh,2024-02-10,11:45,Completed,
APT001290,P1522,Neurology,Dr. M. O'Brien,2023-04-23,13:30,Cancelled,
APT001291,P1522,Nephrology,Dr. M. O'Brien,2023-07-10,15:00,Cancelled,
APT001292,P1522,Cardiology,Dr. L. Torres,2024-03-09,13:15,Cancelled,
APT001293,P1523,Psychiatry,Dr. C. Müller,2023-08-20,08:15,Cancelled,
APT001294,P1523,General Practice,Dr. M. O'Brien,2026-12-12,13:00,Scheduled,
APT001295,P1523,Rheumatology,Dr. C. Müller,2027-01-05,12:45,Scheduled,
APT001296,P1523,Cardiology,Dr. L. Torres,2027-03-13,09:00,Scheduled,
APT001297,P1524,Neurology,Dr. A. Patel,2023-04-04,14:00,Cancelled,
APT001298,P1525,Cardiology,Dr. R. Singh,2024-12-30,08:45,DNA,
APT001299,P1525,Cardiology,Dr. C. Müller,2027-03-03,08:45,Scheduled,
APT001300,P1525,Physiotherapy,Dr. L. Torres,2023-10-04,16:15,Cancelled,
APT001301,P1525,Rheumatology,Dr. Y. Tanaka,2026-11-17,13:30,Scheduled,
APT001302,P1526,Physiotherapy,Dr. J. Nkosi,2023-02-02,13:30,DNA,
APT001303,P1526,Nephrology,Dr. S. Khan,2027-02-01,14:30,Scheduled,
APT001304,P1526,Physiotherapy,Dr. M. O'Brien,2023-03-12,09:15,DNA,
APT001305,P1527,Neurology,Dr. Y. Tanaka,2024-06-26,09:45,DNA,
APT001306,P1528,General Practice,Dr. S. Khan,2023-02-13,08:15,Completed,
APT001307,P1528,Physiotherapy,Dr. Y. Tanaka,2027-03-02,08:15,Scheduled,
APT001308,P1529,Rheumatology,Dr. R. Singh,2024-01-18,11:45,Cancelled,
APT001309,P1529,Cardiology,Dr. J. Nkosi,2026-11-16,15:00,Scheduled,
APT001310,P1529,Oncology,Dr. Y. Tanaka,2026-12-28,09:30,Scheduled,
APT001311,P1530,Rheumatology,Dr. C. Müller,2023-09-22,14:45,Completed,
APT001312,P1531,Pulmonology,Dr. Y. Tanaka,2024-05-04,12:45,DNA,
APT001313,P1532,General Practice,Dr. J. Nkosi,2024-05-29,14:45,DNA,
APT001314,P1532,General Practice,Dr. Y. Tanaka,2023-07-16,17:00,Completed,
APT001315,P1532,Oncology,Dr. A. Patel,2026-12-12,14:00,Scheduled,
APT001316,P1533,Psychiatry,Dr. M. O'Brien,2027-03-31,15:15,Scheduled,
APT001317,P1534,Physiotherapy,Dr. Y. Tanaka,2027-01-27,16:45,Scheduled,
APT001318,P1534,Physiotherapy,Dr. A. Patel,2023-10-16,08:45,DNA,
APT001319,P1535,Psychiatry,Dr. A. Patel,2024-01-01,15:30,Completed,
APT001320,P1535,Cardiology,Dr. L. Torres,2026-10-16,10:45,Scheduled,
APT001321,P1535,Neurology,Dr. Y. Tanaka,2024-06-25,17:15,DNA,
APT001322,P1536,Psychiatry,Dr. S. Khan,2026-12-06,11:00,Scheduled,
APT001323,P1536,Nephrology,Dr. R. Singh,2027-01-10,14:00,Scheduled,
APT001324,P1537,Nephrology,Dr. A. Patel,2023-12-01,09:00,DNA,
APT001325,P1537,Psychiatry,Dr. M. O'Brien,2023-08-05,17:45,DNA,
APT001326,P1538,Cardiology,Dr. R. Singh,2026-10-29,15:45,Scheduled,
APT001327,P1538,Cardiology,Dr. M. O'Brien,2024-08-28,12:00,Cancelled,
APT001328,P1539,Psychiatry,Dr. L. Torres,2024-09-22,11:15,DNA,
APT001329,P1539,Endocrinology,Dr. S. Khan,2024-08-28,08:30,DNA,
APT001330,P1539,Endocrinology,Dr. M. O'Brien,2023-04-25,12:30,DNA,
APT001331,P1539,Nephrology,Dr. L. Torres,2027-01-17,10:15,Scheduled,
APT001332,P1540,Rheumatology,Dr. A. Patel,2027-02-27,10:00,Scheduled,
APT001333,P1540,Neurology,Dr. A. Patel,2027-02-10,10:15,Scheduled,
APT001334,P1540,Physiotherapy,Dr. M. O'Brien,2027-03-10,12:45,Scheduled,
APT001335,P1541,Oncology,Dr. J. Nkosi,2024-03-02,10:45,Completed,
APT001336,P1542,Neurology,Dr. C. Müller,2023-05-21,09:15,DNA,
APT001337,P1542,Pulmonology,Dr. J. Nkosi,2023-08-29,09:00,DNA,
APT001338,P1542,General Practice,Dr. M. O'Brien,2026-10-21,08:30,Scheduled,
APT001339,P1543,Rheumatology,Dr. C. Müller,2027-03-29,17:15,Scheduled,
APT001340,P1544,Endocrinology,Dr. S. Khan,2024-01-26,17:45,Completed,
APT001341,P1545,Rheumatology,Dr. C. Müller,2024-06-24,10:30,Cancelled,
APT001342,P1546,Rheumatology,Dr. R. Singh,2024-12-21,16:00,DNA,
APT001343,P1546,Psychiatry,Dr. S. Khan,2024-09-12,13:30,Completed,
APT001344,P1546,General Practice,Dr. J. Nkosi,2023-02-18,09:00,DNA,
APT001345,P1546,Rheumatology,Dr. J. Nkosi,2024-03-25,09:45,DNA,
APT001346,P1547,Neurology,Dr. R. Singh,2024-08-20,14:15,Cancelled,
APT001347,P1547,General Practice,Dr. A. Patel,2026-10-14,11:30,Scheduled,
APT001348,P1547,Nephrology,Dr. L. Torres,2027-03-10,12:30,Scheduled,
APT001349,P1548,Rheumatology,Dr. Y. Tanaka,2027-03-03,16:30,Scheduled,
APT001350,P1548,Neurology,Dr. C. Müller,2027-03-02,16:15,Scheduled,
APT001351,P1548,Cardiology,Dr. Y. Tanaka,2026-10-28,13:45,Scheduled,
APT001352,P1548,Neurology,Dr. J. Nkosi,2024-10-24,10:00,DNA,
APT001353,P1549,Cardiology,Dr. J. Nkosi,2027-03-21,08:15,Scheduled,
APT001354,P1550,Oncology,Dr. L. Torres,2027-01-25,17:30,Scheduled,
APT001355,P1550,Endocrinology,Dr. Y. Tanaka,2023-11-24,13:00,Cancelled,
APT001356,P1550,Endocrinology,Dr. C. Müller,2026-12-19,14:00,Scheduled,
APT001357,P1550,Cardiology,Dr. A. Patel,2024-12-19,10:30,DNA,
APT001358,P1551,Pulmonology,Dr. R. Singh,2027-03-14,13:15,Scheduled,
APT001359,P1551,General Practice,Dr. R. Singh,2024-12-23,11:45,Cancelled,
APT001360,P1551,Psychiatry,Dr. R. Singh,2024-09-10,15:00,DNA,
APT001361,P1551,General Practice,Dr. M. O'Brien,2023-10-16,11:30,Completed,
APT001362,P1552,Psychiatry,Dr. S. Khan,2026-12-26,16:00,Scheduled,
APT001363,P1552,Endocrinology,Dr. M. O'Brien,2027-03-03,09:45,Scheduled,
APT001364,P1552,General Practice,Dr. A. Patel,2023-01-02,08:00,DNA,
APT001365,P1553,General Practice,Dr. Y. Tanaka,2023-09-11,09:00,DNA,
APT001366,P1553,Endocrinology,Dr. R. Singh,2026-10-26,11:15,Scheduled,
APT001367,P1554,Neurology,Dr. C. Müller,2027-03-05,10:15,Scheduled,
APT001368,P1554,Psychiatry,Dr. M. O'Brien,2023-11-27,10:00,Cancelled,
APT001369,P1554,Pulmonology,Dr. C. Müller,2026-12-26,12:15,Scheduled,
APT001370,P1554,Nephrology,Dr. J. Nkosi,2026-11-16,17:00,Scheduled,
APT001371,P1555,Endocrinology,Dr. Y. Tanaka,2027-03-23,11:30,Scheduled,
APT001372,P1555,Physiotherapy,Dr. A. Patel,2023-04-10,10:15,DNA,
APT001373,P1556,Physiotherapy,Dr. J. Nkosi,2024-07-27,15:00,Cancelled,
APT001374,P1556,Nephrology,Dr. L. Torres,2024-12-06,10:00,Cancelled,
APT001375,P1556,Nephrology,Dr. A. Patel,2023-10-05,11:45,Cancelled,
APT001376,P1557,Rheumatology,Dr. R. Singh,2026-12-04,15:00,Scheduled,
APT001377,P1558,Pulmonology,Dr. R. Singh,2023-03-10,11:30,Cancelled,
APT001378,P1558,Cardiology,Dr. S. Khan,2024-01-11,14:45,DNA,
APT001379,P1559,Endocrinology,Dr. Y. Tanaka,2024-04-10,08:00,DNA,
APT001380,P1559,Pulmonology,Dr. R. Singh,2026-12-25,17:30,Scheduled,
APT001381,P1559,Oncology,Dr. C. Müller,2026-12-06,10:15,Scheduled,
APT001382,P1560,General Practice,Dr. C. Müller,2026-12-12,17:30,Scheduled,
APT001383,P1560,Rheumatology,Dr. S. Khan,2027-01-04,13:45,Scheduled,
APT001384,P1560,General Practice,Dr. C. Müller,2024-04-22,17:15,Completed,
APT001385,P1560,Nephrology,Dr. S. Khan,2027-02-03,10:45,Scheduled,
APT001386,P1561,Endocrinology,Dr. M. O'Brien,2027-03-18,11:30,Scheduled,
APT001387,P1561,Psychiatry,Dr. J. Nkosi,2026-11-21,13:15,Scheduled,
APT001388,P1562,Rheumatology,Dr. R. Singh,2023-12-16,09:30,Cancelled,
APT001389,P1563,Endocrinology,Dr. L. Torres,2024-05-30,16:30,DNA,
APT001390,P1563,General Practice,Dr. Y. Tanaka,2027-02-20,10:15,Scheduled,
APT001391,P1563,Rheumatology,Dr. R. Singh,2023-03-22,08:30,DNA,
APT001392,P1564,Endocrinology,Dr. A. Patel,2023-04-21,17:30,DNA,
APT001393,P1565,Nephrology,Dr. M. O'Brien,2023-08-16,08:30,DNA,
APT001394,P1565,Rheumatology,Dr. R. Singh,2027-02-11,10:45,Scheduled,
APT001395,P1565,General Practice,Dr. M. O'Brien,2026-12-09,11:30,Scheduled,
APT001396,P1565,Pulmonology,Dr. Y. Tanaka,2026-11-27,10:15,Scheduled,
APT001397,P1566,Endocrinology,Dr. L. Torres,2026-10-20,09:30,Scheduled,
APT001398,P1567,Cardiology,Dr. S. Khan,2023-05-19,11:15,Cancelled,
APT001399,P1568,Endocrinology,Dr. A. Patel,2027-03-14,09:45,Scheduled,
APT001400,P1568,General Practice,Dr. L. Torres,2026-12-13,11:00,Scheduled,
APT001401,P1568,Rheumatology,Dr. C. Müller,2027-01-06,10:15,Scheduled,
APT001402,P1568,Endocrinology,Dr. C. Müller,2023-05-13,08:00,Completed,
APT001403,P1569,General Practice,Dr. A. Patel,2026-11-07,17:30,Scheduled,
APT001404,P1569,Neurology,Dr. L. Torres,2023-03-04,16:15,Completed,
APT001405,P1569,Rheumatology,Dr. L. Torres,2024-07-31,14:00,DNA,
APT001406,P1569,Pulmonology,Dr. Y. Tanaka,2024-10-19,12:00,DNA,
APT001407,P1570,Cardiology,Dr. J. Nkosi,2026-11-08,13:15,Scheduled,
APT001408,P1571,Physiotherapy,Dr. R. Singh,2023-03-09,15:45,Cancelled,
APT001409,P1571,Neurology,Dr. L. Torres,2023-07-26,08:15,DNA,
APT001410,P1572,Psychiatry,Dr. C. Müller,2026-10-18,10:15,Scheduled,
APT001411,P1572,Cardiology,Dr. L. Torres,2027-02-03,11:00,Scheduled,
APT001412,P1572,Endocrinology,Dr. M. O'Brien,2027-02-16,12:30,Scheduled,
APT001413,P1572,Physiotherapy,Dr. S. Khan,2027-01-03,10:45,Scheduled,
APT001414,P1573,Cardiology,Dr. L. Torres,2023-10-28,17:15,Cancelled,
APT001415,P1573,Neurology,Dr. C. Müller,2024-07-08,09:45,DNA,
APT001416,P1574,Endocrinology,Dr. L. Torres,2024-11-28,12:30,DNA,
APT001417,P1574,Endocrinology,Dr. R. Singh,2027-03-01,12:30,Scheduled,
APT001418,P1574,Endocrinology,Dr. Y. Tanaka,2024-11-05,09:30,Cancelled,
APT001419,P1574,Physiotherapy,Dr. C. Müller,2023-06-08,09:00,DNA,
APT001420,P1575,Rheumatology,Dr. Y. Tanaka,2026-11-06,08:15,Scheduled,
APT001421,P1575,Nephrology,Dr. R. Singh,2026-12-16,17:30,Scheduled,
APT001422,P1575,Neurology,Dr. S. Khan,2026-12-21,10:30,Scheduled,
APT001423,P1576,Nephrology,Dr. M. O'Brien,2023-10-16,10:00,Cancelled,
APT001424,P1577,Nephrology,Dr. A. Patel,2026-10-14,09:00,Scheduled,
APT001425,P1577,Physiotherapy,Dr. Y. Tanaka,2023-11-14,14:15,DNA,
APT001426,P1578,Psychiatry,Dr. Y. Tanaka,2027-01-14,16:00,Scheduled,
APT001427,P1578,Neurology,Dr. L. Torres,2024-12-05,08:30,Completed,
APT001428,P1579,Pulmonology,Dr. M. O'Brien,2023-11-11,16:15,DNA,
APT001429,P1579,Psychiatry,Dr. R. Singh,2024-09-15,11:45,Completed,
APT001430,P1579,Rheumatology,Dr. R. Singh,2023-01-08,08:45,Completed,
APT001431,P1579,Physiotherapy,Dr. A. Patel,2023-06-18,16:00,Cancelled,
APT001432,P1580,Oncology,Dr. M. O'Brien,2023-04-29,14:15,Cancelled,
APT001433,P1581,General Practice,Dr. A. Patel,2024-09-27,09:00,Completed,
APT001434,P1581,Nephrology,Dr. A. Patel,2023-04-05,17:15,DNA,
APT001435,P1581,Neurology,Dr. S. Khan,2024-02-28,11:30,DNA,
APT001436,P1581,Pulmonology,Dr. L. Torres,2023-06-16,17:15,Cancelled,
APT001437,P1582,Nephrology,Dr. J. Nkosi,2027-01-23,17:30,Scheduled,
APT001438,P1582,Physiotherapy,Dr. Y. Tanaka,2027-03-15,16:00,Scheduled,
APT001439,P1582,General Practice,Dr. A. Patel,2024-07-13,13:45,Completed,
APT001440,P1583,Oncology,Dr. L. Torres,2026-12-07,09:45,Scheduled,
APT001441,P1583,Neurology,Dr. L. Torres,2023-10-31,11:45,Cancelled,
APT001442,P1583,General Practice,Dr. Y. Tanaka,2024-05-12,15:00,Completed,
APT001443,P1584,Psychiatry,Dr. S. Khan,2023-03-02,10:15,Completed,
APT001444,P1585,Oncology,Dr. R. Singh,2024-11-20,16:00,Cancelled,
APT001445,P1585,Psychiatry,Dr. Y. Tanaka,2027-03-23,09:45,Scheduled,
APT001446,P1585,Physiotherapy,Dr. Y. Tanaka,2027-01-18,14:45,Scheduled,
APT001447,P1586,Pulmonology,Dr. S. Khan,2024-11-11,13:45,Completed,
APT001448,P1586,Pulmonology,Dr. J. Nkosi,2027-03-15,12:30,Scheduled,
APT001449,P1586,General Practice,Dr. L. Torres,2024-04-05,12:45,Completed,
APT001450,P1587,Psychiatry,Dr. A. Patel,2023-04-08,16:00,DNA,
APT001451,P1587,Pulmonology,Dr. M. O'Brien,2024-01-28,09:00,Cancelled,
APT001452,P1587,Pulmonology,Dr. A. Patel,2023-04-15,17:00,Completed,
APT001453,P1588,Oncology,Dr. A. Patel,2024-03-29,11:00,Cancelled,
APT001454,P1589,Cardiology,Dr. S. Khan,2023-12-25,11:00,Cancelled,
APT001455,P1589,General Practice,Dr. C. Müller,2024-11-12,10:45,Cancelled,
APT001456,P1589,Cardiology,Dr. Y. Tanaka,2023-11-06,12:30,DNA,
APT001457,P1589,Psychiatry,Dr. S. Khan,2027-01-22,13:30,Scheduled,
APT001458,P1590,Endocrinology,Dr. R. Singh,2024-09-27,16:45,Cancelled,
APT001459,P1590,General Practice,Dr. L. Torres,2024-01-23,17:45,Completed,
APT001460,P1590,Cardiology,Dr. A. Patel,2024-01-30,11:15,DNA,
APT001461,P1590,General Practice,Dr. C. Müller,2023-12-30,12:00,Completed,
APT001462,P1591,Nephrology,Dr. S. Khan,2024-04-13,12:00,DNA,
APT001463,P1591,General Practice,Dr. M. O'Brien,2026-12-03,12:45,Scheduled,
APT001464,P1591,Cardiology,Dr. J. Nkosi,2024-01-31,10:15,Completed,
APT001465,P1592,Cardiology,Dr. C. Müller,2027-01-26,15:00,Scheduled,
APT001466,P1592,Cardiology,Dr. S. Khan,2027-02-07,15:45,Scheduled,
APT001467,P1593,Cardiology,Dr. J. Nkosi,2023-01-28,12:15,Completed,
APT001468,P1593,Pulmonology,Dr. A. Patel,2024-08-05,14:30,Completed,
APT001469,P1593,Physiotherapy,Dr. S. Khan,2023-07-25,09:45,Completed,
APT001470,P1594,Cardiology,Dr. A. Patel,2023-08-17,11:00,Completed,
APT001471,P1594,Endocrinology,Dr. C. Müller,2023-01-15,15:15,Completed,
APT001472,P1594,General Practice,Dr. S. Khan,2027-02-04,15:45,Scheduled,
APT001473,P1594,Physiotherapy,Dr. Y. Tanaka,2023-08-02,14:00,Completed,
APT001474,P1595,General Practice,Dr. C. Müller,2024-11-10,08:00,DNA,
APT001475,P1595,Physiotherapy,Dr. A. Patel,2023-11-07,14:15,Completed,
APT001476,P1596,Cardiology,Dr. A. Patel,2026-12-30,13:45,Scheduled,
APT001477,P1597,Nephrology,Dr. A. Patel,2027-03-27,16:45,Scheduled,
APT001478,P1597,Psychiatry,Dr. L. Torres,2023-03-14,16:00,Cancelled,
APT001479,P1598,General Practice,Dr. S. Khan,2027-02-15,10:30,Scheduled,
APT001480,P1599,Nephrology,Dr. R. Singh,2027-01-02,08:30,Scheduled,
APT001481,P1600,Neurology,Dr. R. Singh,2023-02-28,13:30,Completed,
APT001482,P1601,Pulmonology,Dr. L. Torres,2026-10-21,15:30,Scheduled,
APT001483,P1602,Pulmonology,Dr. Y. Tanaka,2023-10-12,15:15,Cancelled,
APT001484,P1602,Neurology,Dr. S. Khan,2026-12-20,15:45,Scheduled,
APT001485,P1602,Physiotherapy,Dr. J. Nkosi,2023-02-10,09:30,Cancelled,
APT001486,P1602,Nephrology,Dr. S. Khan,2026-10-30,10:15,Scheduled,
APT001487,P1603,Psychiatry,Dr. J. Nkosi,2026-12-02,14:30,Scheduled,
APT001488,P1603,Psychiatry,Dr. R. Singh,2023-05-10,13:00,DNA,
APT001489,P1604,Oncology,Dr. J. Nkosi,2026-10-23,11:45,Scheduled,
APT001490,P1604,General Practice,Dr. J. Nkosi,2023-04-15,11:15,DNA,
APT001491,P1604,Psychiatry,Dr. L. Torres,2024-10-05,08:15,Completed,
APT001492,P1605,Endocrinology,Dr. R. Singh,2024-03-10,09:00,Cancelled,
APT001493,P1605,Psychiatry,Dr. Y. Tanaka,2024-09-08,13:45,Completed,
APT001494,P1606,Rheumatology,Dr. L. Torres,2024-05-20,12:45,DNA,
APT001495,P1606,Oncology,Dr. A. Patel,2026-10-10,17:00,Scheduled,
APT001496,P1606,Physiotherapy,Dr. R. Singh,2023-01-04,16:30,Completed,
APT001497,P1606,Cardiology,Dr. R. Singh,2026-10-31,11:15,Scheduled,
APT001498,P1607,General Practice,Dr. J. Nkosi,2024-10-25,12:30,DNA,
APT001499,P1607,Psychiatry,Dr. A. Patel,2024-06-27,08:30,DNA,
APT001500,P1608,Neurology,Dr. Y. Tanaka,2026-12-13,09:15,Scheduled,
APT001501,P1608,Endocrinology,Dr. A. Patel,2024-05-20,15:15,Cancelled,
APT001502,P1608,General Practice,Dr. S. Khan,2027-03-11,13:30,Scheduled,
APT001503,P1608,General Practice,Dr. Y. Tanaka,2024-12-28,17:45,DNA,
APT001504,P1609,Neurology,Dr. J. Nkosi,2027-01-09,17:45,Scheduled,
APT001505,P1609,Psychiatry,Dr. L. Torres,2027-01-20,15:00,Scheduled,
APT001506,P1609,Rheumatology,Dr. M. O'Brien,2027-01-07,12:30,Scheduled,
APT001507,P1610,Physiotherapy,Dr. C. Müller,2026-11-02,12:30,Scheduled,
APT001508,P1610,Rheumatology,Dr. J. Nkosi,2026-12-29,17:30,Scheduled,
APT001509,P1610,Oncology,Dr. S. Khan,2027-01-13,08:30,Scheduled,
APT001510,P1610,Pulmonology,Dr. A. Patel,2023-08-14,13:15,DNA,
APT001511,P1611,Rheumatology,Dr. S. Khan,2024-08-15,15:30,Completed,
APT001512,P1612,Cardiology,Dr. L. Torres,2024-05-16,15:15,Completed,
APT001513,P1612,Pulmonology,Dr. C. Müller,2026-11-18,14:30,Scheduled,
APT001514,P1613,Pulmonology,Dr. C. Müller,2026-11-12,09:45,Scheduled,
APT001515,P1613,Oncology,Dr. S. Khan,2024-06-10,12:00,DNA,
APT001516,P1613,Oncology,Dr. C. Müller,2023-10-08,12:30,Cancelled,
APT001517,P1614,General Practice,Dr. Y. Tanaka,2024-10-17,13:15,Cancelled,
APT001518,P1614,Neurology,Dr. A. Patel,2027-02-22,17:15,Scheduled,
APT001519,P1614,Neurology,Dr. C. Müller,2023-01-21,15:00,Cancelled,
APT001520,P1615,Cardiology,Dr. L. Torres,2024-05-24,17:00,Cancelled,
APT001521,P1615,Rheumatology,Dr. A. Patel,2026-10-31,16:15,Scheduled,
APT001522,P1616,Oncology,Dr. Y. Tanaka,2024-12-06,10:45,Cancelled,
APT001523,P1617,Physiotherapy,Dr. Y. Tanaka,2023-06-20,09:45,Completed,
APT001524,P1618,Cardiology,Dr. L. Torres,2026-10-20,13:00,Scheduled,
APT001525,P1619,Physiotherapy,Dr. M. O'Brien,2024-12-27,10:15,Cancelled,
APT001526,P1619,Neurology,Dr. R. Singh,2026-10-30,16:30,Scheduled,
APT001527,P1619,Pulmonology,Dr. S. Khan,2023-04-29,15:30,Cancelled,
APT001528,P1620,Physiotherapy,Dr. A. Patel,2024-11-15,16:30,Cancelled,
APT001529,P1620,Rheumatology,Dr. R. Singh,2023-11-13,08:30,Completed,
APT001530,P1620,Nephrology,Dr. Y. Tanaka,2024-01-11,13:00,DNA,
APT001531,P1620,Endocrinology,Dr. A. Patel,2026-11-11,10:00,Scheduled,
APT001532,P1621,General Practice,Dr. Y. Tanaka,2024-08-09,13:45,DNA,
APT001533,P1621,Oncology,Dr. R. Singh,2026-11-21,15:45,Scheduled,
APT001534,P1622,Physiotherapy,Dr. A. Patel,2026-11-20,15:00,Scheduled,
APT001535,P1623,Neurology,Dr. R. Singh,2027-02-19,16:15,Scheduled,
APT001536,P1624,Neurology,Dr. S. Khan,2027-02-16,14:00,Scheduled,
APT001537,P1624,Pulmonology,Dr. J. Nkosi,2024-08-14,10:45,Completed,
APT001538,P1625,Oncology,Dr. C. Müller,2024-03-31,12:00,Cancelled,
APT001539,P1626,Pulmonology,Dr. A. Patel,2026-11-13,17:45,Scheduled,
APT001540,P1626,Nephrology,Dr. R. Singh,2023-04-29,12:30,DNA,
APT001541,P1626,Rheumatology,Dr. J. Nkosi,2023-02-12,14:00,DNA,
APT001542,P1626,Oncology,Dr. S. Khan,2027-03-19,10:45,Scheduled,
APT001543,P1627,Neurology,Dr. A. Patel,2023-07-16,12:15,Completed,
APT001544,P1627,Oncology,Dr. J. Nkosi,2024-04-01,17:30,Cancelled,
APT001545,P1628,Endocrinology,Dr. C. Müller,2023-05-16,08:30,Cancelled,
APT001546,P1628,Psychiatry,Dr. M. O'Brien,2023-10-07,11:30,Completed,
APT001547,P1628,Cardiology,Dr. C. Müller,2026-10-25,10:15,Scheduled,
APT001548,P1628,Neurology,Dr. A. Patel,2023-11-15,16:45,Completed,
APT001549,P1629,Cardiology,Dr. S. Khan,2027-01-31,08:15,Scheduled,
APT001550,P1629,Endocrinology,Dr. A. Patel,2024-05-27,15:30,DNA,
APT001551,P1629,Cardiology,Dr. A. Patel,2024-10-01,10:30,Cancelled,
APT001552,P1629,Cardiology,Dr. S. Khan,2024-12-08,15:15,Cancelled,
APT001553,P1630,Rheumatology,Dr. L. Torres,2027-03-05,14:15,Scheduled,
APT001554,P1630,Psychiatry,Dr. Y. Tanaka,2024-08-07,15:00,DNA,
APT001555,P1631,Physiotherapy,Dr. A. Patel,2023-06-22,14:45,Cancelled,
APT001556,P1632,Oncology,Dr. J. Nkosi,2023-07-31,11:00,Completed,
APT001557,P1632,Physiotherapy,Dr. C. Müller,2027-03-25,13:45,Scheduled,
APT001558,P1632,Rheumatology,Dr. L. Torres,2027-01-24,14:30,Scheduled,
APT001559,P1632,Oncology,Dr. M. O'Brien,2026-11-03,14:00,Scheduled,
APT001560,P1633,Neurology,Dr. M. O'Brien,2024-06-08,09:15,Completed,
APT001561,P1633,Endocrinology,Dr. R. Singh,2023-02-21,09:45,Completed,
APT001562,P1633,Nephrology,Dr. M. O'Brien,2023-02-20,10:00,DNA,
APT001563,P1634,Rheumatology,Dr. L. Torres,2023-01-04,12:30,Cancelled,
APT001564,P1634,Physiotherapy,Dr. C. Müller,2026-10-22,09:00,Scheduled,
APT001565,P1634,Endocrinology,Dr. R. Singh,2024-07-19,12:00,Completed,
APT001566,P1635,Physiotherapy,Dr. A. Patel,2024-05-10,13:30,DNA,
APT001567,P1635,General Practice,Dr. S. Khan,2027-01-19,13:30,Scheduled,
APT001568,P1635,Endocrinology,Dr. Y. Tanaka,2024-06-05,08:30,DNA,
APT001569,P1636,Pulmonology,Dr. J. Nkosi,2026-12-10,13:45,Scheduled,
APT001570,P1636,Physiotherapy,Dr. L. Torres,2027-01-10,16:30,Scheduled,
APT001571,P1636,Nephrology,Dr. S. Khan,2023-12-06,11:15,Cancelled,
APT001572,P1636,Physiotherapy,Dr. L. Torres,2023-01-17,11:30,Cancelled,
APT001573,P1637,Neurology,Dr. C. Müller,2023-09-12,09:00,Completed,
APT001574,P1637,Endocrinology,Dr. Y. Tanaka,2023-06-30,15:15,Cancelled,
APT001575,P1638,Oncology,Dr. L. Torres,2023-05-29,08:45,DNA,
APT001576,P1638,Neurology,Dr. A. Patel,2024-02-28,11:30,Cancelled,
APT001577,P1639,General Practice,Dr. A. Patel,2026-10-11,08:15,Scheduled,
APT001578,P1639,Cardiology,Dr. L. Torres,2026-12-21,11:15,Scheduled,
APT001579,P1639,Neurology,Dr. R. Singh,2026-12-02,15:30,Scheduled,
APT001580,P1639,Endocrinology,Dr. A. Patel,2023-10-25,11:15,DNA,
APT001581,P1640,General Practice,Dr. L. Torres,2027-03-11,14:00,Scheduled,
APT001582,P1640,Oncology,Dr. Y. Tanaka,2023-08-29,13:30,DNA,
APT001583,P1641,Oncology,Dr. L. Torres,2024-12-12,09:30,Cancelled,
APT001584,P1641,Oncology,Dr. R. Singh,2024-04-19,09:00,DNA,
APT001585,P1641,Cardiology,Dr. S. Khan,2024-10-10,16:00,Cancelled,
APT001586,P1642,Cardiology,Dr. C. Müller,2024-06-03,17:30,Cancelled,
APT001587,P1642,Nephrology,Dr. S. Khan,2023-12-18,10:30,Cancelled,
APT001588,P1643,Endocrinology,Dr. A. Patel,2026-11-19,16:45,Scheduled,
APT001589,P1643,Oncology,Dr. M. O'Brien,2023-12-19,17:45,Cancelled,
APT001590,P1643,Rheumatology,Dr. M. O'Brien,2023-08-12,09:30,Cancelled,
APT001591,P1644,Nephrology,Dr. R. Singh,2023-06-01,09:00,Completed,
APT001592,P1645,Endocrinology,Dr. A. Patel,2023-08-01,08:00,Cancelled,
APT001593,P1646,Pulmonology,Dr. Y. Tanaka,2026-11-28,08:00,Scheduled,
APT001594,P1646,Physiotherapy,Dr. A. Patel,2023-02-12,09:15,Cancelled,
APT001595,P1646,Neurology,Dr. A. Patel,2024-09-24,12:30,DNA,
APT001596,P1646,Neurology,Dr. C. Müller,2026-10-13,09:45,Scheduled,
APT001597,P1647,Neurology,Dr. S. Khan,2023-04-04,17:30,DNA,
APT001598,P1647,Oncology,Dr. L. Torres,2026-12-26,15:15,Scheduled,
APT001599,P1647,Neurology,Dr. A. Patel,2023-09-11,17:45,Cancelled,
APT001600,P1648,Psychiatry,Dr. J. Nkosi,2026-11-13,10:15,Scheduled,
APT001601,P1649,Rheumatology,Dr. M. O'Brien,2023-10-16,08:15,Cancelled,
APT001602,P1649,Endocrinology,Dr. S. Khan,2027-02-14,09:15,Scheduled,
APT001603,P1650,Endocrinology,Dr. L. Torres,2024-04-19,14:00,Completed,
APT001604,P1650,Physiotherapy,Dr. J. Nkosi,2023-04-26,08:30,DNA,
APT001605,P1650,General Practice,Dr. L. Torres,2027-02-04,13:15,Scheduled,
APT001606,P1650,Oncology,Dr. S. Khan,2023-11-30,12:45,Completed,
APT001607,P1651,Psychiatry,Dr. J. Nkosi,2023-10-22,16:15,Completed,
APT001608,P1651,Neurology,Dr. L. Torres,2026-10-28,11:15,Scheduled,
APT001609,P1651,Neurology,Dr. M. O'Brien,2026-10-10,12:15,Scheduled,
APT001610,P1651,Endocrinology,Dr. M. O'Brien,2027-03-29,15:45,Scheduled,
APT001611,P1652,Psychiatry,Dr. R. Singh,2026-10-25,09:15,Scheduled,
APT001612,P1652,Pulmonology,Dr. J. Nkosi,2024-10-25,12:15,DNA,
APT001613,P1653,Neurology,Dr. J. Nkosi,2024-12-30,15:30,Cancelled,
APT001614,P1653,Nephrology,Dr. L. Torres,2024-06-26,16:15,Completed,
APT001615,P1653,Physiotherapy,Dr. C. Müller,2027-01-04,09:30,Scheduled,
APT001616,P1653,Psychiatry,Dr. Y. Tanaka,2023-01-01,11:00,Completed,
APT001617,P1654,General Practice,Dr. M. O'Brien,2023-06-04,14:30,Completed,
APT001618,P1654,Rheumatology,Dr. R. Singh,2023-01-08,13:00,Cancelled,
APT001619,P1654,Oncology,Dr. R. Singh,2027-02-02,11:30,Scheduled,
APT001620,P1654,Oncology,Dr. Y. Tanaka,2026-12-24,12:00,Scheduled,
APT001621,P1655,Physiotherapy,Dr. C. Müller,2023-06-06,10:30,Cancelled,
APT001622,P1655,Rheumatology,Dr. C. Müller,2023-04-05,16:45,Cancelled,
APT001623,P1656,Endocrinology,Dr. C. Müller,2027-02-22,15:45,Scheduled,
APT001624,P1656,Physiotherapy,Dr. J. Nkosi,2024-08-19,08:00,Completed,
APT001625,P1657,Oncology,Dr. L. Torres,2023-11-08,15:00,Cancelled,
APT001626,P1657,Endocrinology,Dr. L. Torres,2024-10-07,14:30,Cancelled,
APT001627,P1658,General Practice,Dr. R. Singh,2023-02-08,14:00,Completed,
APT001628,P1658,Oncology,Dr. L. Torres,2024-06-20,16:45,Cancelled,
APT001629,P1658,Rheumatology,Dr. A. Patel,2027-03-29,15:45,Scheduled,
APT001630,P1658,Endocrinology,Dr. M. O'Brien,2024-06-26,11:15,Cancelled,
APT001631,P1659,Nephrology,Dr. A. Patel,2024-10-10,17:00,Completed,
APT001632,P1659,Endocrinology,Dr. J. Nkosi,2027-01-19,16:30,Scheduled,
APT001633,P1659,General Practice,Dr. L. Torres,2024-01-28,11:00,Cancelled,
APT001634,P1659,Nephrology,Dr. C. Müller,2026-10-17,17:15,Scheduled,
APT001635,P1660,Rheumatology,Dr. C. Müller,2023-09-02,12:45,Cancelled,
APT001636,P1660,Physiotherapy,Dr. L. Torres,2023-01-13,15:30,Completed,
APT001637,P1660,Cardiology,Dr. J. Nkosi,2024-08-10,14:45,Completed,
APT001638,P1661,General Practice,Dr. J. Nkosi,2027-03-29,11:15,Scheduled,
APT001639,P1661,Oncology,Dr. S. Khan,2026-11-26,10:15,Scheduled,
APT001640,P1661,Nephrology,Dr. C. Müller,2024-06-04,09:45,Cancelled,
APT001641,P1661,Nephrology,Dr. Y. Tanaka,2026-11-20,17:30,Scheduled,
APT001642,P1662,Pulmonology,Dr. M. O'Brien,2027-03-20,11:45,Scheduled,
APT001643,P1662,Rheumatology,Dr. R. Singh,2023-12-14,12:15,Cancelled,
APT001644,P1662,Neurology,Dr. J. Nkosi,2026-10-13,14:30,Scheduled,
APT001645,P1663,Physiotherapy,Dr. Y. Tanaka,2023-04-08,15:15,Completed,
APT001646,P1663,General Practice,Dr. J. Nkosi,2026-12-05,15:30,Scheduled,
APT001647,P1663,Neurology,Dr. J. Nkosi,2024-05-08,12:00,Cancelled,
APT001648,P1664,Physiotherapy,Dr. S. Khan,2026-11-22,12:00,Scheduled,
APT001649,P1664,Endocrinology,Dr. S. Khan,2026-11-22,12:45,Scheduled,
APT001650,P1665,Neurology,Dr. C. Müller,2027-01-27,13:15,Scheduled,
APT001651,P1665,Pulmonology,Dr. M. O'Brien,2027-03-10,16:15,Scheduled,
APT001652,P1665,Psychiatry,Dr. J. Nkosi,2023-08-28,11:45,Cancelled,
APT001653,P1665,General Practice,Dr. L. Torres,2023-06-06,15:30,DNA,
APT001654,P1666,Rheumatology,Dr. M. O'Brien,2023-01-26,14:15,Completed,
APT001655,P1666,Rheumatology,Dr. J. Nkosi,2024-12-13,09:00,Completed,
APT001656,P1666,Physiotherapy,Dr. R. Singh,2026-12-26,17:45,Scheduled,
APT001657,P1667,Endocrinology,Dr. L. Torres,2023-10-24,12:30,Completed,
APT001658,P1667,Oncology,Dr. S. Khan,2024-05-05,14:00,Cancelled,
APT001659,P1667,Cardiology,Dr. R. Singh,2023-02-24,10:00,Completed,
APT001660,P1667,Nephrology,Dr. R. Singh,2024-05-18,14:45,Completed,
APT001661,P1668,Psychiatry,Dr. S. Khan,2024-01-24,13:00,DNA,
APT001662,P1669,Physiotherapy,Dr. A. Patel,2024-04-18,15:00,DNA,
APT001663,P1669,Cardiology,Dr. C. Müller,2024-08-27,08:30,DNA,
APT001664,P1670,Nephrology,Dr. C. Müller,2023-11-16,09:00,Cancelled,
APT001665,P1670,General Practice,Dr. S. Khan,2024-06-27,08:15,DNA,
APT001666,P1670,Oncology,Dr. C. Müller,2023-06-23,17:15,DNA,
APT001667,P1671,Physiotherapy,Dr. M. O'Brien,2026-12-09,08:00,Scheduled,
APT001668,P1671,Nephrology,Dr. J. Nkosi,2026-12-27,09:15,Scheduled,
APT001669,P1671,Rheumatology,Dr. S. Khan,2023-02-13,11:15,Cancelled,
APT001670,P1672,Oncology,Dr. J. Nkosi,2024-09-07,14:30,Completed,
APT001671,P1672,Rheumatology,Dr. A. Patel,2024-08-12,14:00,Completed,
APT001672,P1672,Neurology,Dr. C. Müller,2023-05-19,09:15,DNA,
APT001673,P1673,Cardiology,Dr. Y. Tanaka,2027-02-12,14:45,Scheduled,
APT001674,P1674,Nephrology,Dr. L. Torres,2027-03-14,13:30,Scheduled,
APT001675,P1675,Rheumatology,Dr. M. O'Brien,2026-12-01,11:45,Scheduled,
APT001676,P1676,Endocrinology,Dr. S. Khan,2024-12-09,16:00,DNA,
APT001677,P1676,Endocrinology,Dr. Y. Tanaka,2026-12-13,16:15,Scheduled,
APT001678,P1677,Neurology,Dr. M. O'Brien,2024-07-23,10:15,Completed,
APT001679,P1677,Physiotherapy,Dr. Y. Tanaka,2023-10-11,15:45,DNA,
APT001680,P1677,Cardiology,Dr. J. Nkosi,2026-10-22,14:30,Scheduled,
APT001681,P1677,Psychiatry,Dr. L. Torres,2024-03-04,09:00,Cancelled,
APT001682,P1678,Oncology,Dr. L. Torres,2023-06-24,09:00,Cancelled,
APT001683,P1678,General Practice,Dr. Y. Tanaka,2023-04-21,16:00,DNA,
APT001684,P1678,Cardiology,Dr. C. Müller,2023-08-17,08:45,Cancelled,
APT001685,P1678,Cardiology,Dr. S. Khan,2023-02-10,12:45,Cancelled,
APT001686,P1679,Oncology,Dr. S. Khan,2024-06-08,16:30,Completed,
APT001687,P1680,Psychiatry,Dr. M. O'Brien,2024-04-04,09:30,DNA,
APT001688,P1680,Nephrology,Dr. M. O'Brien,2023-06-01,13:45,Cancelled,
APT001689,P1680,Pulmonology,Dr. A. Patel,2027-02-22,13:00,Scheduled,
APT001690,P1681,Oncology,Dr. C. Müller,2023-10-02,15:15,Cancelled,
APT001691,P1681,Physiotherapy,Dr. Y. Tanaka,2024-10-27,15:00,Completed,
APT001692,P1681,Rheumatology,Dr. M. O'Brien,2026-11-11,15:00,Scheduled,
APT001693,P1682,Neurology,Dr. S. Khan,2024-05-12,15:45,DNA,
APT001694,P1683,Psychiatry,Dr. A. Patel,2023-05-31,09:00,Cancelled,
APT001695,P1684,Neurology,Dr. C. Müller,2023-04-18,14:45,Cancelled,
APT001696,P1685,Psychiatry,Dr. S. Khan,2024-01-06,09:30,Completed,
APT001697,P1685,Oncology,Dr. Y. Tanaka,2024-11-30,10:00,Cancelled,
APT001698,P1685,Physiotherapy,Dr. C. Müller,2026-11-04,10:00,Scheduled,
APT001699,P1685,General Practice,Dr. Y. Tanaka,2024-03-21,09:15,Cancelled,
APT001700,P1686,Neurology,Dr. L. Torres,2023-09-23,11:00,Completed,
APT001701,P1686,Psychiatry,Dr. L. Torres,2023-01-03,14:30,Cancelled,
APT001702,P1686,Rheumatology,Dr. Y. Tanaka,2024-08-23,11:00,Completed,
APT001703,P1687,Endocrinology,Dr. Y. Tanaka,2027-01-21,12:15,Scheduled,
APT001704,P1687,Endocrinology,Dr. M. O'Brien,2027-03-16,08:00,Scheduled,
APT001705,P1687,Neurology,Dr. J. Nkosi,2024-12-11,14:30,Cancelled,
APT001706,P1687,Cardiology,Dr. M. O'Brien,2027-03-24,13:30,Scheduled,
APT001707,P1688,Nephrology,Dr. S. Khan,2023-11-02,10:30,Cancelled,
APT001708,P1688,General Practice,Dr. M. O'Brien,2023-12-28,08:15,Completed,
APT001709,P1689,Rheumatology,Dr. C. Müller,2023-09-20,08:00,DNA,
APT001710,P1689,Oncology,Dr. L. Torres,2026-12-25,15:15,Scheduled,
APT001711,P1689,General Practice,Dr. Y. Tanaka,2023-01-25,17:30,Completed,
APT001712,P1689,Cardiology,Dr. L. Torres,2023-12-15,17:45,DNA,
APT001713,P1690,Physiotherapy,Dr. S. Khan,2026-11-24,14:30,Scheduled,
APT001714,P1690,Physiotherapy,Dr. A. Patel,2026-10-15,12:00,Scheduled,
APT001715,P1691,Oncology,Dr. Y. Tanaka,2024-10-06,08:30,Cancelled,
APT001716,P1691,Rheumatology,Dr. A. Patel,2026-12-18,13:45,Scheduled,
APT001717,P1691,Nephrology,Dr. A. Patel,2024-02-04,08:15,Cancelled,
APT001718,P1691,Psychiatry,Dr. C. Müller,2024-10-26,12:15,Completed,
APT001719,P1692,Neurology,Dr. C. Müller,2024-12-30,10:30,Cancelled,
APT001720,P1692,Endocrinology,Dr. C. Müller,2023-09-22,13:00,Completed,
APT001721,P1693,Nephrology,Dr. S. Khan,2026-12-25,14:45,Scheduled,
APT001722,P1693,Psychiatry,Dr. L. Torres,2024-10-28,17:30,Completed,
APT001723,P1693,Endocrinology,Dr. R. Singh,2027-01-09,14:00,Scheduled,
APT001724,P1693,Oncology,Dr. S. Khan,2026-12-07,14:15,Scheduled,
APT001725,P1694,Psychiatry,Dr. C. Müller,2027-03-27,13:00,Scheduled,
APT001726,P1694,Neurology,Dr. M. O'Brien,2024-08-26,11:15,DNA,
APT001727,P1694,Neurology,Dr. A. Patel,2024-09-17,10:00,Cancelled,
APT001728,P1694,Rheumatology,Dr. L. Torres,2027-03-12,11:45,Scheduled,
APT001729,P1695,Pulmonology,Dr. S. Khan,2024-04-18,13:45,Cancelled,
APT001730,P1695,Nephrology,Dr. A. Patel,2023-07-25,16:15,Completed,
APT001731,P1695,Pulmonology,Dr. S. Khan,2026-10-30,13:00,Scheduled,
APT001732,P1696,Nephrology,Dr. Y. Tanaka,2027-03-03,12:15,Scheduled,
APT001733,P1696,General Practice,Dr. A. Patel,2024-06-14,14:15,Completed,
APT001734,P1696,Physiotherapy,Dr. M. O'Brien,2024-09-01,08:00,DNA,
APT001735,P1697,Oncology,Dr. A. Patel,2024-05-01,10:15,Cancelled,
APT001736,P1697,Cardiology,Dr. R. Singh,2026-12-10,15:30,Scheduled,
APT001737,P1698,Cardiology,Dr. J. Nkosi,2026-10-26,12:15,Scheduled,
APT001738,P1698,Oncology,Dr. A. Patel,2023-02-23,15:45,DNA,
APT001739,P1698,Cardiology,Dr. J. Nkosi,2023-05-08,09:30,Completed,
APT001740,P1699,Neurology,Dr. C. Müller,2023-08-08,11:15,Completed,
APT001741,P1699,Neurology,Dr. M. O'Brien,2023-05-25,14:45,DNA,
APT001742,P1700,Cardiology,Dr. R. Singh,2023-01-07,09:00,Completed,
APT001743,P1700,Rheumatology,Dr. C. Müller,2026-10-09,15:15,Scheduled,
APT001744,P1700,General Practice,Dr. Y. Tanaka,2026-10-19,11:15,Scheduled,
APT001745,P1700,Nephrology,Dr. M. O'Brien,2023-08-31,08:15,DNA,
APT001746,P1701,Cardiology,Dr. M. O'Brien,2023-12-13,12:45,DNA,
APT001747,P1702,Rheumatology,Dr. R. Singh,2026-11-25,12:15,Scheduled,
APT001748,P1702,Endocrinology,Dr. C. Müller,2024-10-03,17:30,Cancelled,
APT001749,P1702,Pulmonology,Dr. Y. Tanaka,2027-03-01,11:45,Scheduled,
APT001750,P1703,Oncology,Dr. A. Patel,2024-07-30,17:15,Cancelled,
APT001751,P1703,General Practice,Dr. S. Khan,2026-12-15,08:00,Scheduled,
APT001752,P1703,General Practice,Dr. M. O'Brien,2026-11-20,09:30,Scheduled,
APT001753,P1703,Neurology,Dr. L. Torres,2023-09-04,12:15,Cancelled,
APT001754,P1704,Physiotherapy,Dr. C. Müller,2024-08-08,13:15,Completed,
APT001755,P1704,Endocrinology,Dr. M. O'Brien,2024-03-05,11:30,Cancelled,
APT001756,P1704,Nephrology,Dr. J. Nkosi,2027-02-11,17:45,Scheduled,
APT001757,P1705,Cardiology,Dr. S. Khan,2027-01-28,12:15,Scheduled,
APT001758,P1706,Cardiology,Dr. L. Torres,2023-09-06,11:30,DNA,
APT001759,P1706,Psychiatry,Dr. J. Nkosi,2024-08-21,16:30,DNA,
APT001760,P1707,Pulmonology,Dr. A. Patel,2023-06-04,09:30,Cancelled,
APT001761,P1707,Nephrology,Dr. A. Patel,2024-04-22,17:00,DNA,
APT001762,P1708,General Practice,Dr. J. Nkosi,2024-02-23,15:00,DNA,
APT001763,P1708,General Practice,Dr. Y. Tanaka,2027-03-06,14:15,Scheduled,
APT001764,P1708,Pulmonology,Dr. C. Müller,2023-04-12,09:00,Completed,
APT001765,P1709,Rheumatology,Dr. J. Nkosi,2024-03-15,16:00,DNA,
APT001766,P1710,Cardiology,Dr. R. Singh,2024-09-16,13:15,Completed,
APT001767,P1710,Physiotherapy,Dr. Y. Tanaka,2026-12-26,14:45,Scheduled,
APT001768,P1710,Psychiatry,Dr. R. Singh,2027-02-17,12:30,Scheduled,
APT001769,P1710,Pulmonology,Dr. S. Khan,2026-10-28,15:00,Scheduled,
APT001770,P1711,Neurology,Dr. J. Nkosi,2024-06-18,14:45,DNA,
APT001771,P1711,Rheumatology,Dr. C. Müller,2024-01-02,10:15,Cancelled,
APT001772,P1711,Pulmonology,Dr. A. Patel,2024-01-16,13:00,Completed,
APT001773,P1712,Cardiology,Dr. A. Patel,2026-10-19,10:30,Scheduled,
APT001774,P1713,Cardiology,Dr. J. Nkosi,2027-02-23,17:45,Scheduled,
APT001775,P1713,Cardiology,Dr. Y. Tanaka,2024-11-29,15:45,Completed,
APT001776,P1714,Rheumatology,Dr. S. Khan,2026-10-24,12:45,Scheduled,
APT001777,P1714,Psychiatry,Dr. S. Khan,2024-05-30,17:00,DNA,
APT001778,P1715,Psychiatry,Dr. J. Nkosi,2023-10-23,08:45,Cancelled,
APT001779,P1715,Rheumatology,Dr. J. Nkosi,2026-10-28,17:15,Scheduled,
APT001780,P1716,Neurology,Dr. S. Khan,2027-01-27,15:45,Scheduled,
APT001781,P1716,Cardiology,Dr. Y. Tanaka,2023-10-29,08:15,Completed,
APT001782,P1717,Cardiology,Dr. Y. Tanaka,2024-10-14,12:45,DNA,
APT001783,P1717,Nephrology,Dr. R. Singh,2024-12-12,10:30,Completed,
APT001784,P1717,Pulmonology,Dr. S. Khan,2023-03-05,17:15,DNA,
APT001785,P1718,Psychiatry,Dr. S. Khan,2023-09-11,16:00,Cancelled,
APT001786,P1718,Oncology,Dr. L. Torres,2023-04-30,15:00,Cancelled,
APT001787,P1718,Nephrology,Dr. L. Torres,2024-04-21,08:30,DNA,
APT001788,P1719,Psychiatry,Dr. Y. Tanaka,2027-03-11,11:30,Scheduled,
APT001789,P1720,Endocrinology,Dr. J. Nkosi,2024-01-12,10:45,Completed,
APT001790,P1720,Pulmonology,Dr. M. O'Brien,2027-01-10,12:15,Scheduled,
APT001791,P1720,General Practice,Dr. C. Müller,2023-09-07,17:00,Completed,
APT001792,P1721,Psychiatry,Dr. R. Singh,2023-01-06,08:00,Completed,
APT001793,P1721,Cardiology,Dr. C. Müller,2024-11-18,10:00,Completed,
APT001794,P1721,Nephrology,Dr. S. Khan,2027-02-21,16:30,Scheduled,
APT001795,P1721,Cardiology,Dr. S. Khan,2023-05-12,16:45,DNA,
APT001796,P1722,Rheumatology,Dr. C. Müller,2024-08-31,15:15,Completed,
APT001797,P1722,General Practice,Dr. J. Nkosi,2024-08-06,14:30,Cancelled,
APT001798,P1723,Cardiology,Dr. L. Torres,2027-02-07,12:00,Scheduled,
APT001799,P1723,Physiotherapy,Dr. R. Singh,2027-02-16,14:30,Scheduled,
APT001800,P1723,General Practice,Dr. R. Singh,2023-02-01,10:15,DNA,
APT001801,P1723,Nephrology,Dr. J. Nkosi,2026-12-22,16:45,Scheduled,
APT001802,P1724,Cardiology,Dr. L. Torres,2023-09-14,09:45,DNA,
APT001803,P1724,Neurology,Dr. A. Patel,2024-03-14,15:45,Cancelled,
APT001804,P1725,Rheumatology,Dr. Y. Tanaka,2027-02-02,15:45,Scheduled,
APT001805,P1725,Nephrology,Dr. M. O'Brien,2024-05-15,10:45,Completed,
APT001806,P1725,Physiotherapy,Dr. S. Khan,2023-10-12,09:15,Cancelled,
APT001807,P1726,General Practice,Dr. S. Khan,2026-11-30,11:45,Scheduled,
APT001808,P1726,Oncology,Dr. Y. Tanaka,2024-10-01,13:45,Cancelled,
APT001809,P1726,Neurology,Dr. L. Torres,2027-03-30,08:15,Scheduled,
APT001810,P1726,Cardiology,Dr. L. Torres,2023-03-02,09:45,Cancelled,
APT001811,P1727,Endocrinology,Dr. L. Torres,2023-04-12,17:00,Completed,
APT001812,P1728,General Practice,Dr. M. O'Brien,2024-05-10,12:15,Completed,
APT001813,P1728,Psychiatry,Dr. L. Torres,2023-11-29,15:30,DNA,
APT001814,P1728,Pulmonology,Dr. S. Khan,2027-01-19,13:45,Scheduled,
APT001815,P1728,Pulmonology,Dr. M. O'Brien,2024-06-23,11:15,Cancelled,
APT001816,P1729,Nephrology,Dr. L. Torres,2023-03-24,14:45,Cancelled,
APT001817,P1730,Physiotherapy,Dr. M. O'Brien,2024-06-10,12:00,Completed,
APT001818,P1730,Endocrinology,Dr. S. Khan,2024-10-19,10:00,Cancelled,
APT001819,P1730,Pulmonology,Dr. J. Nkosi,2026-12-28,11:00,Scheduled,
APT001820,P1730,Physiotherapy,Dr. M. O'Brien,2027-03-31,12:30,Scheduled,
APT001821,P1731,Oncology,Dr. C. Müller,2027-03-22,10:45,Scheduled,
APT001822,P1731,Oncology,Dr. C. Müller,2023-08-11,10:15,Completed,
APT001823,P1732,Oncology,Dr. A. Patel,2027-02-18,12:30,Scheduled,
APT001824,P1732,Nephrology,Dr. A. Patel,2024-04-11,16:30,DNA,
APT001825,P1732,Cardiology,Dr. S. Khan,2027-01-04,08:15,Scheduled,
APT001826,P1733,Neurology,Dr. C. Müller,2024-06-12,15:15,DNA,
APT001827,P1733,General Practice,Dr. A. Patel,2027-02-09,16:45,Scheduled,
APT001828,P1733,General Practice,Dr. R. Singh,2023-01-05,12:00,DNA,
APT001829,P1734,Endocrinology,Dr. Y. Tanaka,2024-04-03,17:45,Cancelled,
APT001830,P1734,Psychiatry,Dr. C. Müller,2023-04-27,17:15,Completed,
APT001831,P1734,General Practice,Dr. Y. Tanaka,2026-11-18,12:15,Scheduled,
APT001832,P1734,Rheumatology,Dr. M. O'Brien,2023-11-30,15:45,Cancelled,
APT001833,P1735,Nephrology,Dr. A. Patel,2023-02-17,14:00,Cancelled,
APT001834,P1735,Pulmonology,Dr. R. Singh,2023-01-31,13:15,Cancelled,
APT001835,P1735,Endocrinology,Dr. L. Torres,2023-11-11,09:30,Cancelled,
APT001836,P1735,Cardiology,Dr. Y. Tanaka,2027-03-22,15:00,Scheduled,
APT001837,P1736,Oncology,Dr. S. Khan,2023-09-02,16:30,DNA,
APT001838,P1736,Cardiology,Dr. C. Müller,2023-07-03,09:00,Completed,
APT001839,P1736,Cardiology,Dr. C. Müller,2026-12-29,15:15,Scheduled,
APT001840,P1737,Physiotherapy,Dr. C. Müller,2024-03-01,09:45,Cancelled,
APT001841,P1737,Endocrinology,Dr. J. Nkosi,2026-10-22,10:15,Scheduled,
APT001842,P1737,Endocrinology,Dr. J. Nkosi,2026-11-18,13:30,Scheduled,
APT001843,P1737,Cardiology,Dr. L. Torres,2024-10-18,17:45,DNA,
APT001844,P1738,Nephrology,Dr. L. Torres,2023-04-12,15:30,DNA,
APT001845,P1739,Rheumatology,Dr. L. Torres,2023-11-21,09:00,DNA,
APT001846,P1739,Endocrinology,Dr. J. Nkosi,2023-08-28,12:30,Completed,
APT001847,P1740,Oncology,Dr. S. Khan,2026-11-29,16:30,Scheduled,
APT001848,P1741,Neurology,Dr. C. Müller,2023-05-05,13:30,DNA,
APT001849,P1741,Oncology,Dr. M. O'Brien,2023-11-14,13:45,Completed,
APT001850,P1742,Nephrology,Dr. C. Müller,2023-07-18,10:15,DNA,
APT001851,P1743,Psychiatry,Dr. J. Nkosi,2027-01-13,09:15,Scheduled,
APT001852,P1743,Pulmonology,Dr. C. Müller,2023-04-04,17:15,DNA,
APT001853,P1743,Rheumatology,Dr. Y. Tanaka,2026-11-15,11:30,Scheduled,
APT001854,P1744,Pulmonology,Dr. L. Torres,2027-01-04,10:00,Scheduled,
APT001855,P1745,Physiotherapy,Dr. Y. Tanaka,2027-03-04,10:45,Scheduled,
APT001856,P1745,Pulmonology,Dr. L. Torres,2024-04-24,14:00,DNA,
APT001857,P1746,Pulmonology,Dr. S. Khan,2023-12-15,08:00,DNA,
APT001858,P1746,Psychiatry,Dr. J. Nkosi,2027-03-14,17:45,Scheduled,
APT001859,P1746,Cardiology,Dr. S. Khan,2027-01-04,11:15,Scheduled,
APT001860,P1747,Nephrology,Dr. L. Torres,2023-07-10,17:15,DNA,
APT001861,P1747,Endocrinology,Dr. L. Torres,2023-10-15,17:00,Cancelled,
APT001862,P1748,Pulmonology,Dr. Y. Tanaka,2023-08-13,13:45,Cancelled,
APT001863,P1748,Cardiology,Dr. M. O'Brien,2027-01-21,09:15,Scheduled,
APT001864,P1748,Cardiology,Dr. S. Khan,2023-06-02,15:45,DNA,
APT001865,P1749,Nephrology,Dr. Y. Tanaka,2023-08-11,15:15,Cancelled,
APT001866,P1749,Physiotherapy,Dr. R. Singh,2024-10-08,10:15,Cancelled,
APT001867,P1749,Pulmonology,Dr. Y. Tanaka,2023-08-18,17:15,Cancelled,
APT001868,P1750,Rheumatology,Dr. C. Müller,2023-05-08,16:30,Completed,
APT001869,P1750,Endocrinology,Dr. R. Singh,2023-05-09,11:30,Completed,
APT001870,P1751,Nephrology,Dr. C. Müller,2026-12-27,08:00,Scheduled,
APT001871,P1751,Endocrinology,Dr. J. Nkosi,2027-03-18,13:00,Scheduled,
APT001872,P1752,Cardiology,Dr. M. O'Brien,2023-08-09,12:30,Cancelled,
APT001873,P1752,General Practice,Dr. M. O'Brien,2024-09-19,15:15,DNA,
APT001874,P1753,Psychiatry,Dr. C. Müller,2024-05-24,17:30,Completed,
APT001875,P1753,Psychiatry,Dr. A. Patel,2027-01-15,10:15,Scheduled,
APT001876,P1753,Neurology,Dr. J. Nkosi,2023-04-04,08:15,Completed,
APT001877,P1753,Neurology,Dr. J. Nkosi,2023-04-04,17:15,Cancelled,
APT001878,P1754,Cardiology,Dr. C. Müller,2023-03-23,17:00,Completed,
APT001879,P1754,Psychiatry,Dr. R. Singh,2027-02-17,11:15,Scheduled,
APT001880,P1755,Neurology,Dr. Y. Tanaka,2024-06-18,17:30,Cancelled,
APT001881,P1756,General Practice,Dr. R. Singh,2027-01-29,08:00,Scheduled,
APT001882,P1756,Endocrinology,Dr. Y. Tanaka,2024-02-09,11:45,DNA,
APT001883,P1756,General Practice,Dr. A. Patel,2026-11-12,14:30,Scheduled,
APT001884,P1756,Oncology,Dr. Y. Tanaka,2027-03-24,17:45,Scheduled,
APT001885,P1757,Neurology,Dr. J. Nkosi,2023-11-07,09:30,Completed,
APT001886,P1757,Rheumatology,Dr. L. Torres,2027-01-14,17:30,Scheduled,
APT001887,P1757,Psychiatry,Dr. M. O'Brien,2023-08-14,12:15,Cancelled,
APT001888,P1758,Psychiatry,Dr. A. Patel,2023-07-15,10:00,Completed,
APT001889,P1758,General Practice,Dr. M. O'Brien,2024-11-28,13:45,Completed,
APT001890,P1758,Pulmonology,Dr. S. Khan,2024-10-16,15:30,Cancelled,
APT001891,P1759,Oncology,Dr. A. Patel,2027-03-30,15:15,Scheduled,
APT001892,P1759,Oncology,Dr. J. Nkosi,2026-11-07,17:30,Scheduled,
APT001893,P1759,Physiotherapy,Dr. C. Müller,2023-04-21,09:30,DNA,
APT001894,P1760,Physiotherapy,Dr. J. Nkosi,2027-02-13,08:45,Scheduled,
APT001895,P1760,Oncology,Dr. C. Müller,2023-02-14,13:15,Completed,
APT001896,P1761,Endocrinology,Dr. M. O'Brien,2024-11-09,12:15,Cancelled,
APT001897,P1761,Psychiatry,Dr. M. O'Brien,2023-07-31,12:00,DNA,
APT001898,P1762,General Practice,Dr. S. Khan,2027-01-20,12:30,Scheduled,
APT001899,P1763,Physiotherapy,Dr. C. Müller,2027-03-16,13:30,Scheduled,
APT001900,P1763,Neurology,Dr. J. Nkosi,2027-02-01,08:30,Scheduled,
APT001901,P1764,Neurology,Dr. A. Patel,2024-09-08,08:00,DNA,
APT001902,P1764,Physiotherapy,Dr. A. Patel,2024-01-01,08:45,DNA,
APT001903,P1764,Endocrinology,Dr. J. Nkosi,2026-11-07,14:45,Scheduled,
APT001904,P1764,Endocrinology,Dr. Y. Tanaka,2023-11-05,13:15,DNA,
APT001905,P1765,Oncology,Dr. C. Müller,2024-02-28,09:45,Completed,
APT001906,P1766,Nephrology,Dr. C. Müller,2024-06-09,13:15,DNA,
APT001907,P1767,Oncology,Dr. Y. Tanaka,2026-12-02,16:15,Scheduled,
APT001908,P1768,Oncology,Dr. Y. Tanaka,2024-04-06,16:45,Cancelled,
APT001909,P1769,Endocrinology,Dr. L. Torres,2023-02-14,09:15,Cancelled,
APT001910,P1769,Nephrology,Dr. R. Singh,2023-07-13,11:45,Cancelled,
APT001911,P1770,Neurology,Dr. R. Singh,2027-02-06,14:15,Scheduled,
APT001912,P1770,Endocrinology,Dr. J. Nkosi,2027-03-17,15:30,Scheduled,
APT001913,P1770,Rheumatology,Dr. Y. Tanaka,2023-06-25,13:45,Cancelled,
APT001914,P1770,Nephrology,Dr. S. Khan,2026-12-20,11:15,Scheduled,
APT001915,P1771,Pulmonology,Dr. Y. Tanaka,2024-11-04,13:30,Completed,
APT001916,P1772,General Practice,Dr. S. Khan,2024-04-13,15:15,Cancelled,
APT001917,P1772,Psychiatry,Dr. M. O'Brien,2023-03-17,09:15,DNA,
APT001918,P1772,Cardiology,Dr. C. Müller,2024-03-22,13:45,Completed,
APT001919,P1772,Psychiatry,Dr. J. Nkosi,2024-05-30,11:45,DNA,
APT001920,P1773,Cardiology,Dr. S. Khan,2024-02-09,16:15,DNA,
APT001921,P1773,Neurology,Dr. Y. Tanaka,2024-11-25,16:00,Completed,
APT001922,P1773,Psychiatry,Dr. M. O'Brien,2026-12-04,13:30,Scheduled,
APT001923,P1774,Oncology,Dr. R. Singh,2024-02-23,08:00,Completed,
APT001924,P1774,Endocrinology,Dr. R. Singh,2026-10-12,10:00,Scheduled,
APT001925,P1775,Rheumatology,Dr. L. Torres,2024-08-17,16:00,Cancelled,
APT001926,P1775,Cardiology,Dr. Y. Tanaka,2023-09-02,10:45,Cancelled,
APT001927,P1775,Psychiatry,Dr. L. Torres,2023-03-16,13:30,Cancelled,
APT001928,P1776,Nephrology,Dr. L. Torres,2024-12-23,12:45,DNA,
APT001929,P1776,Pulmonology,Dr. R. Singh,2023-09-21,12:30,Completed,
APT001930,P1777,Physiotherapy,Dr. A. Patel,2023-05-14,10:45,Completed,
APT001931,P1777,Oncology,Dr. Y. Tanaka,2023-12-27,11:45,Completed,
APT001932,P1777,Physiotherapy,Dr. L. Torres,2024-07-14,10:45,Completed,
APT001933,P1778,Pulmonology,Dr. J. Nkosi,2026-10-17,13:45,Scheduled,
APT001934,P1779,Endocrinology,Dr. Y. Tanaka,2024-06-10,13:30,Cancelled,
APT001935,P1779,Physiotherapy,Dr. C. Müller,2024-06-11,10:00,Cancelled,
APT001936,P1780,Neurology,Dr. J. Nkosi,2024-09-12,12:45,Completed,
APT001937,P1780,Nephrology,Dr. R. Singh,2024-08-21,09:15,Cancelled,
APT001938,P1781,Endocrinology,Dr. Y. Tanaka,2027-03-19,10:45,Scheduled,
APT001939,P1781,Rheumatology,Dr. J. Nkosi,2027-02-04,08:30,Scheduled,
APT001940,P1782,Physiotherapy,Dr. S. Khan,2023-07-17,14:00,DNA,
APT001941,P1782,Psychiatry,Dr. S. Khan,2023-02-20,09:15,Cancelled,
APT001942,P1782,Physiotherapy,Dr. Y. Tanaka,2024-05-12,12:15,DNA,
APT001943,P1783,Nephrology,Dr. J. Nkosi,2026-10-20,09:00,Scheduled,
APT001944,P1784,Physiotherapy,Dr. A. Patel,2024-12-12,16:15,Completed,
APT001945,P1784,Rheumatology,Dr. A. Patel,2023-12-20,10:45,DNA,
APT001946,P1785,Rheumatology,Dr. S. Khan,2026-12-02,15:45,Scheduled,
APT001947,P1785,Pulmonology,Dr. C. Müller,2026-11-04,11:45,Scheduled,
APT001948,P1786,Psychiatry,Dr. C. Müller,2026-12-16,13:00,Scheduled,
APT001949,P1786,Pulmonology,Dr. C. Müller,2023-08-15,09:30,Cancelled,
APT001950,P1786,Neurology,Dr. M. O'Brien,2026-11-21,12:00,Scheduled,
APT001951,P1786,Cardiology,Dr. C. Müller,2023-06-16,17:30,Cancelled,
APT001952,P1787,Pulmonology,Dr. J. Nkosi,2023-08-25,16:30,Cancelled,
APT001953,P1788,Psychiatry,Dr. L. Torres,2023-04-25,09:45,Completed,
APT001954,P1788,Cardiology,Dr. S. Khan,2024-05-05,16:30,Cancelled,
APT001955,P1788,Rheumatology,Dr. Y. Tanaka,2027-02-19,11:15,Scheduled,
APT001956,P1789,Pulmonology,Dr. M. O'Brien,2024-04-04,08:00,Cancelled,
APT001957,P1789,Physiotherapy,Dr. Y. Tanaka,2026-11-06,16:00,Scheduled,
APT001958,P1789,Cardiology,Dr. R. Singh,2023-10-29,08:45,Cancelled,
APT001959,P1790,General Practice,Dr. M. O'Brien,2027-03-09,13:00,Scheduled,
APT001960,P1790,Pulmonology,Dr. Y. Tanaka,2023-06-12,08:45,Cancelled,
APT001961,P1790,Neurology,Dr. L. Torres,2023-10-20,12:30,Completed,
APT001962,P1790,Pulmonology,Dr. S. Khan,2023-07-29,11:15,Cancelled,
APT001963,P1791,Physiotherapy,Dr. L. Torres,2027-02-18,09:15,Scheduled,
APT001964,P1791,Oncology,Dr. R. Singh,2024-05-11,11:30,DNA,
APT001965,P1792,Nephrology,Dr. Y. Tanaka,2024-06-04,08:15,DNA,
APT001966,P1792,Rheumatology,Dr. Y. Tanaka,2027-03-25,14:15,Scheduled,
APT001967,P1792,Cardiology,Dr. R. Singh,2024-11-07,16:00,Cancelled,
APT001968,P1793,Rheumatology,Dr. S. Khan,2023-07-09,08:45,Cancelled,
APT001969,P1794,Cardiology,Dr. L. Torres,2024-01-09,14:15,Cancelled,
APT001970,P1795,Psychiatry,Dr. Y. Tanaka,2023-03-15,17:45,Completed,
APT001971,P1796,Psychiatry,Dr. R. Singh,2023-05-14,08:00,Completed,
APT001972,P1797,Nephrology,Dr. J. Nkosi,2027-01-21,17:00,Scheduled,
APT001973,P1798,General Practice,Dr. Y. Tanaka,2024-12-26,08:45,Cancelled,
APT001974,P1798,Nephrology,Dr. R. Singh,2024-05-18,12:30,Cancelled,
APT001975,P1798,General Practice,Dr. Y. Tanaka,2023-04-21,13:15,Cancelled,
APT001976,P1799,Oncology,Dr. M. O'Brien,2023-11-14,15:45,DNA,
APT001977,P1799,Neurology,Dr. S. Khan,2024-01-07,16:15,Cancelled,
APT001978,P1799,Physiotherapy,Dr. J. Nkosi,2027-02-02,14:30,Scheduled,
APT001979,P1800,Rheumatology,Dr. L. Torres,2023-07-08,16:30,DNA,
APT001980,P1801,Endocrinology,Dr. R. Singh,2027-03-29,13:45,Scheduled,
APT001981,P1801,Neurology,Dr. C. Müller,2024-11-06,13:30,Completed,
APT001982,P1801,General Practice,Dr. R. Singh,2023-10-17,10:00,Completed,
APT001983,P1802,Rheumatology,Dr. J. Nkosi,2023-09-07,11:45,Completed,
APT001984,P1802,Cardiology,Dr. R. Singh,2023-03-28,13:45,Completed,
APT001985,P1802,Pulmonology,Dr. L. Torres,2023-04-06,12:30,Cancelled,
APT001986,P1802,General Practice,Dr. J. Nkosi,2023-10-13,11:45,Cancelled,
APT001987,P1803,Endocrinology,Dr. M. O'Brien,2026-11-15,13:15,Scheduled,
APT001988,P1803,Cardiology,Dr. J. Nkosi,2027-02-28,13:00,Scheduled,
APT001989,P1804,Oncology,Dr. J. Nkosi,2024-07-22,10:15,Completed,
APT001990,P1804,Oncology,Dr. Y. Tanaka,2024-04-15,10:00,Completed,
APT001991,P1804,Psychiatry,Dr. S. Khan,2023-01-20,14:00,Cancelled,
APT001992,P1805,Physiotherapy,Dr. L. Torres,2024-12-02,16:15,Completed,
APT001993,P1806,Physiotherapy,Dr. R. Singh,2026-11-14,10:00,Scheduled,
APT001994,P1806,Cardiology,Dr. R. Singh,2027-03-22,17:15,Scheduled,
APT001995,P1806,Neurology,Dr. R. Singh,2023-10-11,16:15,Cancelled,
APT001996,P1806,Physiotherapy,Dr. L. Torres,2023-06-12,15:00,DNA,
APT001997,P1807,Psychiatry,Dr. M. O'Brien,2026-11-15,11:15,Scheduled,
APT001998,P1807,Psychiatry,Dr. R. Singh,2027-03-08,09:30,Scheduled,
APT001999,P1808,Physiotherapy,Dr. S. Khan,2026-12-15,11:30,Scheduled,
APT002000,P1808,Physiotherapy,Dr. C. Müller,2026-12-25,11:30,Scheduled,
APT002001,P1809,Psychiatry,Dr. C. Müller,2024-02-17,14:45,DNA,
APT002002,P1810,Neurology,Dr. M. O'Brien,2026-12-17,16:00,Scheduled,
APT002003,P1810,Nephrology,Dr. S. Khan,2023-11-19,10:30,Cancelled,
APT002004,P1810,Cardiology,Dr. J. Nkosi,2024-06-15,17:00,Cancelled,
APT002005,P1810,Rheumatology,Dr. C. Müller,2023-02-03,10:30,DNA,
APT002006,P1811,Rheumatology,Dr. M. O'Brien,2027-01-31,15:15,Scheduled,
APT002007,P1811,Oncology,Dr. L. Torres,2026-11-22,17:45,Scheduled,
APT002008,P1811,Psychiatry,Dr. R. Singh,2023-08-07,08:45,Completed,
APT002009,P1811,General Practice,Dr. A. Patel,2023-06-06,09:00,DNA,
APT002010,P1812,Rheumatology,Dr. L. Torres,2026-11-28,11:15,Scheduled,
APT002011,P1813,Cardiology,Dr. A. Patel,2023-01-02,16:45,Completed,
APT002012,P1813,Nephrology,Dr. R. Singh,2023-01-02,13:45,Cancelled,
APT002013,P1813,Pulmonology,Dr. Y. Tanaka,2023-07-15,12:45,Completed,
APT002014,P1814,General Practice,Dr. J. Nkosi,2024-08-13,09:30,Completed,
APT002015,P1815,Oncology,Dr. S. Khan,2023-05-16,12:15,Cancelled,
APT002016,P1815,Pulmonology,Dr. S. Khan,2023-08-15,09:30,DNA,
APT002017,P1815,Rheumatology,Dr. A. Patel,2023-06-30,09:30,Cancelled,
APT002018,P1816,Endocrinology,Dr. R. Singh,2024-10-28,12:45,Cancelled,
APT002019,P1817,Rheumatology,Dr. Y. Tanaka,2027-03-12,10:45,Scheduled,
APT002020,P1817,Oncology,Dr. C. Müller,2026-10-11,14:45,Scheduled,
APT002021,P1817,Cardiology,Dr. M. O'Brien,2024-07-23,14:45,DNA,
APT002022,P1818,Psychiatry,Dr. M. O'Brien,2024-09-04,10:45,DNA,
APT002023,P1818,General Practice,Dr. Y. Tanaka,2023-03-23,15:45,Cancelled,
APT002024,P1818,Nephrology,Dr. C. Müller,2024-03-22,14:15,Cancelled,
APT002025,P1819,Psychiatry,Dr. M. O'Brien,2023-12-04,14:15,DNA,
APT002026,P1820,Neurology,Dr. L. Torres,2026-12-06,09:00,Scheduled,
APT002027,P1820,Pulmonology,Dr. Y. Tanaka,2023-02-05,15:45,DNA,
APT002028,P1820,Physiotherapy,Dr. J. Nkosi,2027-01-30,17:45,Scheduled,
APT002029,P1821,Physiotherapy,Dr. J. Nkosi,2023-01-21,11:30,DNA,
APT002030,P1821,Oncology,Dr. S. Khan,2027-03-04,08:00,Scheduled,
APT002031,P1822,Pulmonology,Dr. J. Nkosi,2023-12-27,15:15,DNA,
APT002032,P1822,Physiotherapy,Dr. J. Nkosi,2024-08-15,08:15,DNA,
APT002033,P1822,Cardiology,Dr. M. O'Brien,2023-10-06,15:45,DNA,
APT002034,P1822,Neurology,Dr. Y. Tanaka,2024-10-11,13:15,Completed,
APT002035,P1823,Endocrinology,Dr. A. Patel,2024-06-09,10:45,Cancelled,
APT002036,P1824,Physiotherapy,Dr. C. Müller,2026-11-10,09:15,Scheduled,
APT002037,P1825,Cardiology,Dr. C. Müller,2026-12-11,15:00,Scheduled,
APT002038,P1825,Psychiatry,Dr. A. Patel,2023-05-05,15:45,DNA,
APT002039,P1825,Psychiatry,Dr. R. Singh,2024-08-18,16:45,DNA,
APT002040,P1826,Neurology,Dr. R. Singh,2026-12-13,08:30,Scheduled,
APT002041,P1826,General Practice,Dr. S. Khan,2023-11-29,15:45,Cancelled,
APT002042,P1826,Nephrology,Dr. C. Müller,2027-02-16,17:45,Scheduled,
APT002043,P1826,Oncology,Dr. Y. Tanaka,2024-10-11,10:45,Completed,
APT002044,P1827,Pulmonology,Dr. A. Patel,2026-12-23,15:00,Scheduled,
APT002045,P1827,General Practice,Dr. R. Singh,2024-08-04,14:45,Cancelled,
APT002046,P1827,Cardiology,Dr. C. Müller,2024-05-08,09:30,Cancelled,
APT002047,P1827,Neurology,Dr. L. Torres,2026-12-03,14:45,Scheduled,
APT002048,P1828,Neurology,Dr. M. O'Brien,2023-06-24,16:45,Cancelled,
APT002049,P1828,Psychiatry,Dr. Y. Tanaka,2023-07-11,16:45,DNA,
APT002050,P1828,Pulmonology,Dr. M. O'Brien,2027-02-06,14:30,Scheduled,
APT002051,P1829,Cardiology,Dr. J. Nkosi,2023-11-06,15:00,Cancelled,
APT002052,P1829,Cardiology,Dr. M. O'Brien,2023-11-25,12:45,Completed,
APT002053,P1830,Nephrology,Dr. Y. Tanaka,2023-08-24,08:30,Completed,
APT002054,P1830,Physiotherapy,Dr. J. Nkosi,2024-10-22,09:45,Cancelled,
APT002055,P1831,Pulmonology,Dr. S. Khan,2026-12-04,13:00,Scheduled,
APT002056,P1832,Nephrology,Dr. S. Khan,2024-07-11,09:45,Cancelled,
APT002057,P1833,Endocrinology,Dr. M. O'Brien,2023-05-13,15:30,Completed,
APT002058,P1834,Neurology,Dr. A. Patel,2026-12-21,11:30,Scheduled,
APT002059,P1834,Psychiatry,Dr. S. Khan,2027-01-30,10:45,Scheduled,
APT002060,P1834,Neurology,Dr. Y. Tanaka,2023-08-28,08:30,Completed,
APT002061,P1834,Cardiology,Dr. R. Singh,2027-03-14,15:15,Scheduled,
APT002062,P1835,Rheumatology,Dr. M. O'Brien,2024-08-15,17:00,Completed,
APT002063,P1835,Cardiology,Dr. A. Patel,2024-01-16,08:45,DNA,
APT002064,P1836,Neurology,Dr. A. Patel,2027-02-26,11:15,Scheduled,
APT002065,P1836,Pulmonology,Dr. Y. Tanaka,2026-11-24,16:45,Scheduled,
APT002066,P1836,Nephrology,Dr. M. O'Brien,2026-11-06,09:00,Scheduled,
APT002067,P1837,Psychiatry,Dr. L. Torres,2023-08-07,17:30,Cancelled,
APT002068,P1837,Psychiatry,Dr. A. Patel,2027-03-12,15:00,Scheduled,
APT002069,P1837,Cardiology,Dr. A. Patel,2026-12-18,13:00,Scheduled,
APT002070,P1837,Nephrology,Dr. L. Torres,2027-01-30,09:00,Scheduled,
APT002071,P1838,Endocrinology,Dr. A. Patel,2023-01-11,14:45,DNA,
APT002072,P1838,Endocrinology,Dr. Y. Tanaka,2024-04-07,15:45,Cancelled,
APT002073,P1838,Physiotherapy,Dr. A. Patel,2026-10-23,08:15,Scheduled,
APT002074,P1838,General Practice,Dr. M. O'Brien,2024-07-07,15:30,DNA,
APT002075,P1839,Cardiology,Dr. Y. Tanaka,2027-03-04,14:15,Scheduled,
APT002076,P1839,Cardiology,Dr. J. Nkosi,2024-01-10,16:30,Cancelled,
APT002077,P1839,Rheumatology,Dr. C. Müller,2024-01-21,14:45,Completed,
APT002078,P1839,Cardiology,Dr. M. O'Brien,2024-09-30,09:30,Completed,
APT002079,P1840,General Practice,Dr. L. Torres,2024-01-13,15:30,Completed,
APT002080,P1840,Pulmonology,Dr. M. O'Brien,2024-04-09,12:15,Completed,
APT002081,P1840,Psychiatry,Dr. Y. Tanaka,2024-11-26,14:45,Cancelled,
APT002082,P1841,Oncology,Dr. M. O'Brien,2024-07-18,14:30,Completed,
APT002083,P1841,Cardiology,Dr. M. O'Brien,2026-12-26,12:45,Scheduled,
APT002084,P1841,Pulmonology,Dr. R. Singh,2024-11-19,16:15,Cancelled,
APT002085,P1842,Nephrology,Dr. A. Patel,2024-01-17,12:15,DNA,
APT002086,P1843,Endocrinology,Dr. A. Patel,2024-08-09,15:45,Cancelled,
APT002087,P1843,Rheumatology,Dr. J. Nkosi,2027-03-16,14:15,Scheduled,
APT002088,P1843,Neurology,Dr. R. Singh,2024-05-05,11:45,Cancelled,
APT002089,P1843,Psychiatry,Dr. M. O'Brien,2026-11-08,12:15,Scheduled,
APT002090,P1844,General Practice,Dr. R. Singh,2024-06-27,13:15,DNA,
APT002091,P1844,Nephrology,Dr. J. Nkosi,2023-03-17,11:45,Completed,
APT002092,P1844,Neurology,Dr. M. O'Brien,2026-12-29,17:00,Scheduled,
APT002093,P1845,Physiotherapy,Dr. Y. Tanaka,2027-01-16,10:30,Scheduled,
APT002094,P1845,Pulmonology,Dr. L. Torres,2023-06-01,08:00,Cancelled,
APT002095,P1845,Neurology,Dr. S. Khan,2024-09-23,13:00,Cancelled,
APT002096,P1845,Psychiatry,Dr. M. O'Brien,2023-08-12,08:00,Completed,
APT002097,P1846,Neurology,Dr. L. Torres,2024-10-13,14:30,Completed,
APT002098,P1846,Oncology,Dr. R. Singh,2026-11-24,15:30,Scheduled,
APT002099,P1847,Neurology,Dr. C. Müller,2023-12-02,12:30,Cancelled,
APT002100,P1847,Psychiatry,Dr. R. Singh,2023-02-13,11:45,Completed,
APT002101,P1847,Pulmonology,Dr. Y. Tanaka,2027-01-16,17:45,Scheduled,
APT002102,P1847,Pulmonology,Dr. R. Singh,2027-02-03,10:45,Scheduled,
APT002103,P1848,General Practice,Dr. A. Patel,2027-02-10,16:15,Scheduled,
APT002104,P1848,Nephrology,Dr. J. Nkosi,2024-05-17,12:30,Cancelled,
APT002105,P1848,Endocrinology,Dr. Y. Tanaka,2027-02-03,15:30,Scheduled,
APT002106,P1849,Endocrinology,Dr. C. Müller,2027-01-29,09:30,Scheduled,
APT002107,P1849,Psychiatry,Dr. S. Khan,2024-08-24,12:45,Cancelled,
APT002108,P1850,Pulmonology,Dr. S. Khan,2023-02-13,13:00,Cancelled,
APT002109,P1850,Endocrinology,Dr. A. Patel,2023-04-15,17:00,DNA,
APT002110,P1851,Rheumatology,Dr. Y. Tanaka,2026-11-16,15:00,Scheduled,
APT002111,P1851,Rheumatology,Dr. S. Khan,2026-11-26,10:15,Scheduled,
APT002112,P1852,Psychiatry,Dr. A. Patel,2024-06-11,12:45,Completed,
APT002113,P1852,Physiotherapy,Dr. A. Patel,2024-09-28,13:00,DNA,
APT002114,P1853,Oncology,Dr. L. Torres,2027-01-28,10:45,Scheduled,
APT002115,P1853,Endocrinology,Dr. S. Khan,2023-10-08,13:15,DNA,
APT002116,P1853,Neurology,Dr. Y. Tanaka,2024-08-15,10:00,DNA,
APT002117,P1854,General Practice,Dr. M. O'Brien,2027-02-17,09:00,Scheduled,
APT002118,P1854,Neurology,Dr. L. Torres,2023-05-07,16:15,Completed,
APT002119,P1854,Pulmonology,Dr. A. Patel,2024-02-24,09:45,DNA,
APT002120,P1854,Physiotherapy,Dr. J. Nkosi,2027-01-05,17:30,Scheduled,
APT002121,P1855,Pulmonology,Dr. Y. Tanaka,2023-11-27,13:30,Cancelled,
APT002122,P1855,Endocrinology,Dr. L. Torres,2027-02-19,14:15,Scheduled,
APT002123,P1856,Neurology,Dr. S. Khan,2023-11-17,12:45,Cancelled,
APT002124,P1856,Psychiatry,Dr. C. Müller,2024-09-09,13:30,DNA,
APT002125,P1856,Nephrology,Dr. L. Torres,2023-09-11,09:15,Completed,
APT002126,P1857,Cardiology,Dr. J. Nkosi,2024-09-24,15:00,Completed,
APT002127,P1857,General Practice,Dr. M. O'Brien,2024-02-19,13:45,Cancelled,
APT002128,P1857,Neurology,Dr. A. Patel,2023-02-18,16:30,Cancelled,
APT002129,P1858,Cardiology,Dr. S. Khan,2024-09-18,12:30,Cancelled,
APT002130,P1858,Cardiology,Dr. M. O'Brien,2026-12-06,12:15,Scheduled,
APT002131,P1858,Nephrology,Dr. R. Singh,2023-08-13,12:15,DNA,
APT002132,P1859,Nephrology,Dr. C. Müller,2026-12-19,16:00,Scheduled,
APT002133,P1860,Pulmonology,Dr. J. Nkosi,2023-06-29,17:00,Cancelled,
APT002134,P1860,Rheumatology,Dr. R. Singh,2024-02-17,10:30,Cancelled,
APT002135,P1860,Endocrinology,Dr. L. Torres,2026-11-07,08:00,Scheduled,
APT002136,P1860,Rheumatology,Dr. S. Khan,2026-11-08,12:45,Scheduled,
APT002137,P1861,Oncology,Dr. S. Khan,2024-03-26,16:15,DNA,
APT002138,P1861,Physiotherapy,Dr. C. Müller,2024-05-05,12:15,Cancelled,
APT002139,P1862,Physiotherapy,Dr. J. Nkosi,2026-11-13,14:45,Scheduled,
APT002140,P1862,Physiotherapy,Dr. Y. Tanaka,2027-03-29,11:00,Scheduled,
APT002141,P1863,Cardiology,Dr. L. Torres,2024-04-12,08:00,DNA,
APT002142,P1863,Nephrology,Dr. S. Khan,2024-03-24,08:30,DNA,
APT002143,P1863,Physiotherapy,Dr. R. Singh,2024-04-19,13:45,DNA,
APT002144,P1863,Neurology,Dr. S. Khan,2023-04-03,17:00,Completed,
APT002145,P1864,Nephrology,Dr. M. O'Brien,2027-01-14,08:45,Scheduled,
APT002146,P1864,General Practice,Dr. C. Müller,2023-06-04,12:45,Cancelled,
APT002147,P1865,Rheumatology,Dr. J. Nkosi,2023-09-28,09:00,Cancelled,
APT002148,P1865,Neurology,Dr. S. Khan,2023-04-03,16:00,Completed,
APT002149,P1865,Psychiatry,Dr. Y. Tanaka,2024-09-01,14:00,DNA,
APT002150,P1865,Nephrology,Dr. J. Nkosi,2023-05-19,09:15,DNA,
APT002151,P1866,Rheumatology,Dr. Y. Tanaka,2023-04-08,09:30,Cancelled,
APT002152,P1866,Physiotherapy,Dr. M. O'Brien,2024-12-15,09:00,Completed,
APT002153,P1866,Physiotherapy,Dr. J. Nkosi,2026-10-27,16:15,Scheduled,
APT002154,P1866,Endocrinology,Dr. J. Nkosi,2024-10-25,16:45,Cancelled,
APT002155,P1867,Endocrinology,Dr. R. Singh,2026-12-13,12:45,Scheduled,
APT002156,P1867,Oncology,Dr. Y. Tanaka,2027-03-11,14:00,Scheduled,
APT002157,P1867,Oncology,Dr. A. Patel,2024-07-29,09:00,DNA,
APT002158,P1867,Pulmonology,Dr. Y. Tanaka,2023-01-23,17:45,Cancelled,
APT002159,P1868,Nephrology,Dr. R. Singh,2023-03-13,17:45,Completed,
APT002160,P1868,Endocrinology,Dr. C. Müller,2024-10-01,10:45,DNA,
APT002161,P1868,Pulmonology,Dr. M. O'Brien,2024-01-18,17:15,Cancelled,
APT002162,P1869,Cardiology,Dr. M. O'Brien,2027-02-21,09:00,Scheduled,
APT002163,P1870,Endocrinology,Dr. L. Torres,2023-05-14,10:00,DNA,
APT002164,P1870,Nephrology,Dr. L. Torres,2023-03-29,09:15,DNA,
APT002165,P1870,Nephrology,Dr. Y. Tanaka,2024-06-09,10:00,DNA,
APT002166,P1871,Endocrinology,Dr. R. Singh,2026-12-20,09:45,Scheduled,
APT002167,P1871,Oncology,Dr. J. Nkosi,2026-12-16,14:15,Scheduled,
APT002168,P1871,Neurology,Dr. M. O'Brien,2026-12-27,14:45,Scheduled,
APT002169,P1871,Neurology,Dr. R. Singh,2024-07-27,11:15,DNA,
APT002170,P1872,Neurology,Dr. J. Nkosi,2026-11-19,10:00,Scheduled,
APT002171,P1872,Rheumatology,Dr. S. Khan,2023-10-01,08:30,Completed,
APT002172,P1873,Nephrology,Dr. J. Nkosi,2026-10-09,17:30,Scheduled,
APT002173,P1873,Endocrinology,Dr. C. Müller,2024-08-02,16:30,DNA,
APT002174,P1874,Endocrinology,Dr. A. Patel,2024-04-26,09:30,Cancelled,
APT002175,P1874,Pulmonology,Dr. Y. Tanaka,2024-07-14,10:15,Completed,
APT002176,P1874,General Practice,Dr. Y. Tanaka,2024-08-02,10:00,Completed,
APT002177,P1875,Pulmonology,Dr. S. Khan,2024-05-22,11:00,Completed,
APT002178,P1875,Nephrology,Dr. J. Nkosi,2024-05-25,13:00,Completed,
APT002179,P1876,Nephrology,Dr. Y. Tanaka,2023-10-31,12:00,DNA,
APT002180,P1877,Psychiatry,Dr. J. Nkosi,2023-06-17,13:00,Completed,
APT002181,P1877,Endocrinology,Dr. C. Müller,2023-07-11,16:00,Completed,
APT002182,P1877,Nephrology,Dr. A. Patel,2023-09-26,13:45,DNA,
APT002183,P1877,Oncology,Dr. L. Torres,2027-02-19,10:15,Scheduled,
APT002184,P1878,Endocrinology,Dr. J. Nkosi,2024-09-06,11:30,DNA,
APT002185,P1878,Oncology,Dr. L. Torres,2024-02-08,12:15,Cancelled,
APT002186,P1878,Psychiatry,Dr. S. Khan,2026-10-28,17:30,Scheduled,
APT002187,P1879,Oncology,Dr. C. Müller,2024-05-15,12:00,Cancelled,
APT002188,P1879,Rheumatology,Dr. M. O'Brien,2027-02-06,14:15,Scheduled,
APT002189,P1879,Pulmonology,Dr. Y. Tanaka,2024-08-05,10:30,Completed,
APT002190,P1879,Neurology,Dr. R. Singh,2027-01-14,17:45,Scheduled,
APT002191,P1880,Physiotherapy,Dr. S. Khan,2027-01-20,17:15,Scheduled,
APT002192,P1880,Physiotherapy,Dr. R. Singh,2023-05-11,12:15,DNA,
APT002193,P1880,Psychiatry,Dr. J. Nkosi,2023-02-02,15:45,DNA,
APT002194,P1880,Neurology,Dr. R. Singh,2023-12-13,08:15,Cancelled,
APT002195,P1881,Oncology,Dr. J. Nkosi,2023-02-04,14:00,DNA,
APT002196,P1881,Nephrology,Dr. M. O'Brien,2026-12-22,08:00,Scheduled,
APT002197,P1882,Rheumatology,Dr. J. Nkosi,2027-01-07,17:15,Scheduled,
APT002198,P1882,Oncology,Dr. J. Nkosi,2023-08-17,17:15,DNA,
APT002199,P1882,Endocrinology,Dr. R. Singh,2027-01-26,16:30,Scheduled,
APT002200,P1883,Psychiatry,Dr. L. Torres,2026-12-24,09:15,Scheduled,
APT002201,P1883,Oncology,Dr. C. Müller,2027-03-08,12:00,Scheduled,
APT002202,P1884,Cardiology,Dr. S. Khan,2023-11-09,13:45,Completed,
APT002203,P1884,Neurology,Dr. J. Nkosi,2024-02-15,12:30,Completed,
APT002204,P1884,Nephrology,Dr. J. Nkosi,2023-05-07,17:45,DNA,
APT002205,P1885,Neurology,Dr. C. Müller,2024-09-21,15:45,Completed,
APT002206,P1885,Pulmonology,Dr. Y. Tanaka,2023-10-08,09:30,Completed,
APT002207,P1886,Rheumatology,Dr. A. Patel,2024-10-20,15:15,DNA,
APT002208,P1887,Pulmonology,Dr. Y. Tanaka,2023-05-28,08:30,Completed,
APT002209,P1887,General Practice,Dr. M. O'Brien,2026-10-25,17:15,Scheduled,
APT002210,P1887,Rheumatology,Dr. C. Müller,2024-05-18,17:30,Cancelled,
APT002211,P1888,Rheumatology,Dr. J. Nkosi,2023-09-16,17:45,DNA,
APT002212,P1888,Pulmonology,Dr. R. Singh,2027-01-16,14:45,Scheduled,
APT002213,P1888,Nephrology,Dr. A. Patel,2027-03-24,12:00,Scheduled,
APT002214,P1888,Neurology,Dr. A. Patel,2023-08-09,12:00,Cancelled,
APT002215,P1889,Nephrology,Dr. M. O'Brien,2023-04-21,13:00,Cancelled,
APT002216,P1889,Cardiology,Dr. L. Torres,2024-09-06,17:45,Cancelled,
APT002217,P1889,Endocrinology,Dr. C. Müller,2024-05-06,09:15,DNA,
APT002218,P1889,Cardiology,Dr. A. Patel,2023-09-02,17:00,Cancelled,
APT002219,P1890,Endocrinology,Dr. L. Torres,2023-11-28,10:45,Cancelled,
APT002220,P1891,Physiotherapy,Dr. Y. Tanaka,2026-12-22,08:15,Scheduled,
APT002221,P1891,Psychiatry,Dr. M. O'Brien,2026-12-28,15:15,Scheduled,
APT002222,P1891,Oncology,Dr. L. Torres,2026-12-28,09:15,Scheduled,
APT002223,P1892,Pulmonology,Dr. J. Nkosi,2027-01-06,14:15,Scheduled,
APT002224,P1892,Rheumatology,Dr. R. Singh,2027-01-02,12:00,Scheduled,
APT002225,P1893,Pulmonology,Dr. A. Patel,2024-04-27,13:15,Completed,
APT002226,P1893,Psychiatry,Dr. S. Khan,2023-07-23,10:00,Completed,
APT002227,P1894,General Practice,Dr. J. Nkosi,2026-12-27,10:30,Scheduled,
APT002228,P1895,Endocrinology,Dr. R. Singh,2027-01-18,14:00,Scheduled,
APT002229,P1896,Rheumatology,Dr. J. Nkosi,2027-03-16,11:15,Scheduled,
APT002230,P1896,Nephrology,Dr. A. Patel,2023-03-09,14:30,Cancelled,
APT002231,P1897,Oncology,Dr. Y. Tanaka,2024-03-03,11:15,Completed,
APT002232,P1897,Cardiology,Dr. R. Singh,2027-02-03,12:30,Scheduled,
APT002233,P1897,Pulmonology,Dr. A. Patel,2026-10-25,10:15,Scheduled,
APT002234,P1897,Neurology,Dr. M. O'Brien,2027-03-13,15:00,Scheduled,
APT002235,P1898,Cardiology,Dr. M. O'Brien,2026-12-28,13:00,Scheduled,
APT002236,P1899,Rheumatology,Dr. R. Singh,2024-01-06,09:45,Cancelled,
APT002237,P1900,Rheumatology,Dr. M. O'Brien,2026-11-22,13:45,Scheduled,
APT002238,P1900,General Practice,Dr. A. Patel,2023-08-12,17:30,Completed,
APT002239,P1901,Nephrology,Dr. A. Patel,2023-08-04,10:00,DNA,
APT002240,P1901,Rheumatology,Dr. J. Nkosi,2023-11-18,14:15,Cancelled,
APT002241,P1901,Cardiology,Dr. J. Nkosi,2023-04-12,09:30,Cancelled,
APT002242,P1902,General Practice,Dr. C. Müller,2024-02-07,12:00,Cancelled,
APT002243,P1903,Physiotherapy,Dr. Y. Tanaka,2027-02-06,10:45,Scheduled,
APT002244,P1903,Cardiology,Dr. S. Khan,2023-08-09,11:00,Cancelled,
APT002245,P1904,Nephrology,Dr. A. Patel,2023-06-08,12:15,Cancelled,
APT002246,P1905,Rheumatology,Dr. J. Nkosi,2026-11-02,15:15,Scheduled,
APT002247,P1905,Nephrology,Dr. L. Torres,2024-10-08,15:15,Completed,
APT002248,P1905,Cardiology,Dr. L. Torres,2023-04-07,17:15,Completed,
APT002249,P1905,Physiotherapy,Dr. A. Patel,2023-01-26,14:45,DNA,
APT002250,P1906,General Practice,Dr. L. Torres,2023-12-27,09:15,Cancelled,
APT002251,P1907,Physiotherapy,Dr. A. Patel,2027-01-08,10:00,Scheduled,
APT002252,P1907,General Practice,Dr. S. Khan,2026-12-16,17:30,Scheduled,
APT002253,P1907,Physiotherapy,Dr. S. Khan,2027-02-17,17:30,Scheduled,
APT002254,P1907,Oncology,Dr. R. Singh,2024-04-26,08:45,DNA,
APT002255,P1908,Neurology,Dr. M. O'Brien,2024-07-09,13:15,DNA,
APT002256,P1908,Rheumatology,Dr. M. O'Brien,2024-02-01,09:00,DNA,
APT002257,P1909,Pulmonology,Dr. C. Müller,2024-01-19,10:30,Cancelled,
APT002258,P1909,General Practice,Dr. L. Torres,2023-10-09,09:00,Cancelled,
APT002259,P1909,Pulmonology,Dr. L. Torres,2027-03-08,10:15,Scheduled,
APT002260,P1909,Neurology,Dr. S. Khan,2023-08-09,17:45,Cancelled,
APT002261,P1910,Neurology,Dr. A. Patel,2023-08-28,11:30,DNA,
APT002262,P1910,Neurology,Dr. J. Nkosi,2023-03-26,13:30,Cancelled,
APT002263,P1910,Rheumatology,Dr. S. Khan,2024-06-06,08:30,Cancelled,
APT002264,P1910,Physiotherapy,Dr. R. Singh,2027-02-02,17:15,Scheduled,
APT002265,P1911,Neurology,Dr. J. Nkosi,2024-11-30,10:00,Cancelled,
APT002266,P1911,Oncology,Dr. C. Müller,2024-08-06,17:00,DNA,
APT002267,P1912,Cardiology,Dr. C. Müller,2027-03-01,08:30,Scheduled,
APT002268,P1913,Rheumatology,Dr. L. Torres,2023-10-01,14:30,Cancelled,
APT002269,P1913,Oncology,Dr. Y. Tanaka,2024-06-30,17:45,DNA,
APT002270,P1913,Physiotherapy,Dr. J. Nkosi,2024-08-28,12:15,Cancelled,
APT002271,P1914,Nephrology,Dr. A. Patel,2024-06-10,12:15,Completed,
APT002272,P1915,Endocrinology,Dr. M. O'Brien,2023-11-24,16:00,Completed,
APT002273,P1915,Psychiatry,Dr. C. Müller,2023-09-24,11:45,Completed,
APT002274,P1915,Rheumatology,Dr. J. Nkosi,2023-07-28,13:30,Cancelled,
APT002275,P1916,Physiotherapy,Dr. A. Patel,2026-10-13,08:30,Scheduled,
APT002276,P1916,Cardiology,Dr. M. O'Brien,2023-06-26,16:00,Cancelled,
APT002277,P1917,Physiotherapy,Dr. R. Singh,2024-11-01,15:15,DNA,
APT002278,P1917,Rheumatology,Dr. M. O'Brien,2027-03-09,10:15,Scheduled,
APT002279,P1917,Neurology,Dr. M. O'Brien,2027-02-13,14:30,Scheduled,
APT002280,P1918,General Practice,Dr. C. Müller,2024-11-02,12:15,DNA,
APT002281,P1918,Pulmonology,Dr. C. Müller,2026-11-27,10:15,Scheduled,
APT002282,P1919,General Practice,Dr. C. Müller,2026-12-21,17:15,Scheduled,
APT002283,P1920,Rheumatology,Dr. C. Müller,2026-10-15,16:45,Scheduled,
APT002284,P1920,Pulmonology,Dr. M. O'Brien,2023-07-04,09:30,Completed,
APT002285,P1920,Neurology,Dr. R. Singh,2024-11-19,09:15,Cancelled,
APT002286,P1921,Oncology,Dr. Y. Tanaka,2027-03-19,10:45,Scheduled,
APT002287,P1921,Neurology,Dr. A. Patel,2024-11-12,11:15,Completed,
APT002288,P1922,Rheumatology,Dr. S. Khan,2026-11-23,16:00,Scheduled,
APT002289,P1922,Oncology,Dr. Y. Tanaka,2024-06-24,17:15,Cancelled,
APT002290,P1922,General Practice,Dr. M. O'Brien,2023-05-30,13:45,DNA,
APT002291,P1923,Rheumatology,Dr. C. Müller,2023-05-10,10:45,Completed,
APT002292,P1923,Cardiology,Dr. Y. Tanaka,2023-11-21,12:15,DNA,
APT002293,P1924,Oncology,Dr. R. Singh,2023-09-24,16:45,Completed,
APT002294,P1924,Nephrology,Dr. Y. Tanaka,2026-12-26,16:15,Scheduled,
APT002295,P1924,Endocrinology,Dr. L. Torres,2027-03-29,17:00,Scheduled,
APT002296,P1925,Cardiology,Dr. L. Torres,2023-07-16,11:45,Completed,
APT002297,P1925,Nephrology,Dr. Y. Tanaka,2023-08-16,14:30,Cancelled,
APT002298,P1925,Neurology,Dr. Y. Tanaka,2024-08-11,12:30,Completed,
APT002299,P1926,Endocrinology,Dr. J. Nkosi,2024-10-13,11:15,DNA,
APT002300,P1926,Cardiology,Dr. A. Patel,2023-09-15,17:15,DNA,
APT002301,P1926,Neurology,Dr. A. Patel,2023-09-11,09:00,Completed,
APT002302,P1927,Psychiatry,Dr. R. Singh,2023-04-11,09:45,Completed,
APT002303,P1927,Cardiology,Dr. C. Müller,2024-04-14,16:45,DNA,
APT002304,P1927,General Practice,Dr. S. Khan,2026-11-12,15:15,Scheduled,
APT002305,P1927,Pulmonology,Dr. S. Khan,2026-11-20,13:45,Scheduled,
APT002306,P1928,Endocrinology,Dr. S. Khan,2026-11-29,10:15,Scheduled,
APT002307,P1928,Nephrology,Dr. R. Singh,2024-05-30,14:30,Cancelled,
APT002308,P1928,Psychiatry,Dr. M. O'Brien,2027-01-10,10:45,Scheduled,
APT002309,P1928,Cardiology,Dr. A. Patel,2027-02-05,15:00,Scheduled,
APT002310,P1929,Cardiology,Dr. S. Khan,2027-02-05,13:15,Scheduled,
APT002311,P1929,Nephrology,Dr. S. Khan,2027-03-12,16:00,Scheduled,
APT002312,P1929,Oncology,Dr. M. O'Brien,2024-04-11,09:00,DNA,
APT002313,P1930,Oncology,Dr. M. O'Brien,2023-07-24,13:45,Completed,
APT002314,P1930,Pulmonology,Dr. C. Müller,2026-12-05,13:45,Scheduled,
APT002315,P1931,Physiotherapy,Dr. A. Patel,2023-06-05,09:00,Completed,
APT002316,P1931,Nephrology,Dr. Y. Tanaka,2027-02-10,17:45,Scheduled,
APT002317,P1931,General Practice,Dr. M. O'Brien,2024-05-13,12:15,Cancelled,
APT002318,P1931,Psychiatry,Dr. M. O'Brien,2024-11-05,16:00,Completed,
APT002319,P1932,Pulmonology,Dr. A. Patel,2023-09-16,12:00,Cancelled,
APT002320,P1932,Psychiatry,Dr. Y. Tanaka,2024-01-24,10:30,Completed,
APT002321,P1932,Nephrology,Dr. L. Torres,2024-01-03,09:00,Completed,
APT002322,P1933,Nephrology,Dr. M. O'Brien,2023-12-18,15:30,Completed,
APT002323,P1933,Psychiatry,Dr. R. Singh,2024-08-02,13:30,Completed,
APT002324,P1933,Nephrology,Dr. Y. Tanaka,2023-08-21,10:15,DNA,
APT002325,P1934,Neurology,Dr. L. Torres,2024-08-25,10:00,DNA,
APT002326,P1934,Nephrology,Dr. R. Singh,2027-03-03,13:45,Scheduled,
APT002327,P1934,Neurology,Dr. R. Singh,2023-09-11,08:45,Completed,
APT002328,P1934,Nephrology,Dr. M. O'Brien,2026-11-17,12:30,Scheduled,
APT002329,P1935,Oncology,Dr. M. O'Brien,2024-10-14,13:45,DNA,
APT002330,P1935,Pulmonology,Dr. R. Singh,2024-05-25,10:30,DNA,
APT002331,P1936,Cardiology,Dr. R. Singh,2027-03-20,17:45,Scheduled,
APT002332,P1937,Physiotherapy,Dr. S. Khan,2023-09-15,17:45,Cancelled,
APT002333,P1937,Rheumatology,Dr. J. Nkosi,2023-07-21,10:45,DNA,
APT002334,P1937,Nephrology,Dr. M. O'Brien,2027-02-14,08:15,Scheduled,
APT002335,P1937,Nephrology,Dr. L. Torres,2026-11-10,10:15,Scheduled,
APT002336,P1938,Nephrology,Dr. L. Torres,2024-04-12,08:00,Completed,
APT002337,P1939,Endocrinology,Dr. M. O'Brien,2024-05-25,10:30,Completed,
APT002338,P1939,General Practice,Dr. L. Torres,2023-08-16,13:00,DNA,
APT002339,P1939,General Practice,Dr. L. Torres,2023-04-08,17:45,Cancelled,
APT002340,P1940,Cardiology,Dr. R. Singh,2027-01-15,15:15,Scheduled,
APT002341,P1941,Pulmonology,Dr. R. Singh,2024-03-24,15:30,Completed,
APT002342,P1941,Cardiology,Dr. C. Müller,2026-10-16,11:00,Scheduled,
APT002343,P1941,General Practice,Dr. A. Patel,2024-08-12,14:30,Completed,
APT002344,P1942,Oncology,Dr. Y. Tanaka,2024-07-04,13:15,Completed,
APT002345,P1942,Rheumatology,Dr. Y. Tanaka,2024-09-26,16:30,Cancelled,
APT002346,P1943,Rheumatology,Dr. L. Torres,2026-10-24,15:00,Scheduled,
APT002347,P1943,General Practice,Dr. J. Nkosi,2023-10-03,12:00,Cancelled,
APT002348,P1943,Rheumatology,Dr. J. Nkosi,2026-12-26,17:30,Scheduled,
APT002349,P1944,Rheumatology,Dr. Y. Tanaka,2027-01-18,13:30,Scheduled,
APT002350,P1944,Neurology,Dr. J. Nkosi,2023-09-15,11:00,DNA,
APT002351,P1944,Pulmonology,Dr. J. Nkosi,2023-04-09,09:45,Cancelled,
APT002352,P1944,Rheumatology,Dr. A. Patel,2027-01-01,10:15,Scheduled,
APT002353,P1945,Nephrology,Dr. J. Nkosi,2023-07-08,12:45,Cancelled,
APT002354,P1945,Rheumatology,Dr. L. Torres,2027-01-25,15:00,Scheduled,
APT002355,P1945,Oncology,Dr. C. Müller,2024-09-17,08:00,Cancelled,
APT002356,P1945,General Practice,Dr. Y. Tanaka,2024-07-13,15:30,Cancelled,
APT002357,P1946,Rheumatology,Dr. J. Nkosi,2023-12-05,17:30,Cancelled,
APT002358,P1946,General Practice,Dr. M. O'Brien,2027-01-27,11:00,Scheduled,
APT002359,P1947,Endocrinology,Dr. M. O'Brien,2024-01-30,14:30,DNA,
APT002360,P1948,Endocrinology,Dr. L. Torres,2023-04-21,10:00,Cancelled,
APT002361,P1949,Psychiatry,Dr. M. O'Brien,2023-12-27,10:15,Completed,
APT002362,P1949,Neurology,Dr. Y. Tanaka,2024-03-10,14:45,Completed,
APT002363,P1949,Neurology,Dr. M. O'Brien,2027-03-09,10:30,Scheduled,
APT002364,P1950,General Practice,Dr. L. Torres,2027-03-19,08:30,Scheduled,
APT002365,P1950,Pulmonology,Dr. Y. Tanaka,2026-11-14,13:15,Scheduled,
APT002366,P1950,Pulmonology,Dr. S. Khan,2024-11-26,17:30,DNA,
APT002367,P1951,Endocrinology,Dr. S. Khan,2023-04-19,08:45,DNA,
APT002368,P1951,Oncology,Dr. R. Singh,2023-07-11,16:00,DNA,
APT002369,P1952,Physiotherapy,Dr. Y. Tanaka,2027-03-22,15:00,Scheduled,
APT002370,P1952,Nephrology,Dr. J. Nkosi,2023-08-08,08:00,Completed,
APT002371,P1952,Physiotherapy,Dr. R. Singh,2026-11-05,14:30,Scheduled,
APT002372,P1952,Neurology,Dr. M. O'Brien,2023-01-26,14:45,Cancelled,
APT002373,P1953,General Practice,Dr. J. Nkosi,2024-05-18,12:00,Cancelled,
APT002374,P1953,Rheumatology,Dr. M. O'Brien,2024-01-21,08:00,Cancelled,
APT002375,P1953,Oncology,Dr. A. Patel,2023-01-23,09:45,Cancelled,
APT002376,P1954,General Practice,Dr. M. O'Brien,2026-10-30,16:30,Scheduled,
APT002377,P1954,Cardiology,Dr. J. Nkosi,2023-02-18,12:45,Cancelled,
APT002378,P1955,Cardiology,Dr. L. Torres,2024-06-15,09:45,Completed,
APT002379,P1955,Rheumatology,Dr. Y. Tanaka,2024-11-13,10:00,Cancelled,
APT002380,P1956,Psychiatry,Dr. A. Patel,2024-08-28,10:00,Completed,
APT002381,P1956,Oncology,Dr. S. Khan,2023-04-06,09:45,Cancelled,
APT002382,P1956,Oncology,Dr. J. Nkosi,2023-12-21,08:30,Cancelled,
APT002383,P1957,Psychiatry,Dr. L. Torres,2024-10-19,15:00,Completed,
APT002384,P1957,Nephrology,Dr. A. Patel,2027-01-04,16:00,Scheduled,
APT002385,P1957,Psychiatry,Dr. A. Patel,2023-12-10,08:15,Cancelled,
APT002386,P1958,General Practice,Dr. L. Torres,2027-02-20,14:30,Scheduled,
APT002387,P1958,General Practice,Dr. L. Torres,2024-01-27,08:30,Cancelled,
APT002388,P1959,Nephrology,Dr. C. Müller,2026-11-15,10:45,Scheduled,
APT002389,P1959,Oncology,Dr. Y. Tanaka,2023-12-02,13:15,Completed,
APT002390,P1960,Physiotherapy,Dr. A. Patel,2024-10-10,16:45,DNA,
APT002391,P1960,Rheumatology,Dr. L. Torres,2026-12-11,10:45,Scheduled,
APT002392,P1960,Psychiatry,Dr. Y. Tanaka,2026-11-01,09:00,Scheduled,
APT002393,P1961,Physiotherapy,Dr. S. Khan,2027-01-28,12:00,Scheduled,
APT002394,P1961,Nephrology,Dr. R. Singh,2023-09-11,13:00,Cancelled,
APT002395,P1961,Endocrinology,Dr. S. Khan,2023-08-11,16:45,DNA,
APT002396,P1961,Pulmonology,Dr. S. Khan,2023-03-22,10:45,Cancelled,
APT002397,P1962,Psychiatry,Dr. S. Khan,2027-03-26,08:00,Scheduled,
APT002398,P1962,General Practice,Dr. Y. Tanaka,2023-03-05,11:00,Cancelled,
APT002399,P1962,Nephrology,Dr. L. Torres,2026-11-02,10:30,Scheduled,
APT002400,P1963,Cardiology,Dr. J. Nkosi,2024-08-20,08:15,Completed,
APT002401,P1963,Pulmonology,Dr. L. Torres,2023-08-06,09:15,Cancelled,
APT002402,P1963,Rheumatology,Dr. L. Torres,2027-03-28,09:00,Scheduled,
APT002403,P1963,Endocrinology,Dr. L. Torres,2027-03-23,10:45,Scheduled,
APT002404,P1964,Physiotherapy,Dr. R. Singh,2026-10-09,10:45,Scheduled,
APT002405,P1964,Oncology,Dr. M. O'Brien,2023-05-19,15:30,Completed,
APT002406,P1964,Cardiology,Dr. J. Nkosi,2027-02-28,12:00,Scheduled,
APT002407,P1965,Neurology,Dr. R. Singh,2023-12-02,08:15,Cancelled,
APT002408,P1965,Rheumatology,Dr. C. Müller,2024-04-23,08:00,Completed,
APT002409,P1965,Endocrinology,Dr. S. Khan,2023-10-12,12:30,Cancelled,
APT002410,P1966,Physiotherapy,Dr. S. Khan,2024-08-24,13:00,Cancelled,
APT002411,P1966,Nephrology,Dr. M. O'Brien,2026-10-09,16:45,Scheduled,
APT002412,P1966,Neurology,Dr. A. Patel,2024-11-30,08:45,DNA,
APT002413,P1967,Neurology,Dr. J. Nkosi,2023-12-19,09:15,Completed,
APT002414,P1967,Cardiology,Dr. C. Müller,2026-12-06,12:15,Scheduled,
APT002415,P1968,Cardiology,Dr. M. O'Brien,2024-07-16,16:00,DNA,
APT002416,P1968,Neurology,Dr. L. Torres,2023-03-04,13:15,Cancelled,
APT002417,P1969,Nephrology,Dr. C. Müller,2023-05-03,15:30,DNA,
APT002418,P1970,Physiotherapy,Dr. L. Torres,2024-07-25,09:00,Cancelled,
APT002419,P1970,General Practice,Dr. C. Müller,2024-07-19,16:00,Cancelled,
APT002420,P1970,Oncology,Dr. C. Müller,2024-01-31,14:15,DNA,
APT002421,P1971,Neurology,Dr. R. Singh,2027-01-16,14:00,Scheduled,
APT002422,P1971,Rheumatology,Dr. R. Singh,2024-11-10,11:15,Completed,
APT002423,P1972,Physiotherapy,Dr. A. Patel,2023-11-20,14:45,Cancelled,
APT002424,P1972,Physiotherapy,Dr. C. Müller,2024-11-12,17:15,DNA,
APT002425,P1972,General Practice,Dr. A. Patel,2023-04-04,09:45,DNA,
APT002426,P1972,General Practice,Dr. C. Müller,2027-01-02,14:00,Scheduled,
APT002427,P1973,Neurology,Dr. Y. Tanaka,2027-02-08,13:30,Scheduled,
APT002428,P1973,General Practice,Dr. L. Torres,2023-08-15,12:15,DNA,
APT002429,P1973,Cardiology,Dr. R. Singh,2023-10-16,09:30,DNA,
APT002430,P1973,Endocrinology,Dr. S. Khan,2027-01-17,17:00,Scheduled,
APT002431,P1974,Oncology,Dr. S. Khan,2026-11-15,15:30,Scheduled,
APT002432,P1974,Psychiatry,Dr. M. O'Brien,2023-09-24,15:45,Completed,
APT002433,P1975,Rheumatology,Dr. R. Singh,2023-03-29,08:00,DNA,
APT002434,P1976,General Practice,Dr. A. Patel,2027-01-19,13:00,Scheduled,
APT002435,P1977,Physiotherapy,Dr. L. Torres,2024-12-13,11:15,Cancelled,
APT002436,P1978,Neurology,Dr. R. Singh,2026-11-25,15:00,Scheduled,
APT002437,P1979,Nephrology,Dr. A. Patel,2023-02-17,17:30,DNA,
APT002438,P1979,Nephrology,Dr. Y. Tanaka,2024-09-15,17:15,Cancelled,
APT002439,P1979,Nephrology,Dr. L. Torres,2024-11-07,16:15,Cancelled,
APT002440,P1979,Pulmonology,Dr. J. Nkosi,2023-08-22,14:00,Completed,
APT002441,P1980,Rheumatology,Dr. R. Singh,2024-08-28,14:30,Completed,
APT002442,P1980,Oncology,Dr. M. O'Brien,2024-10-17,17:30,Completed,
APT002443,P1981,Endocrinology,Dr. L. Torres,2027-02-21,11:00,Scheduled,
APT002444,P1981,Oncology,Dr. J. Nkosi,2024-07-10,17:15,Completed,
APT002445,P1982,Pulmonology,Dr. J. Nkosi,2023-11-04,17:15,DNA,
APT002446,P1982,Neurology,Dr. Y. Tanaka,2026-11-18,08:00,Scheduled,
APT002447,P1982,Pulmonology,Dr. Y. Tanaka,2027-02-04,16:00,Scheduled,
APT002448,P1983,Cardiology,Dr. Y. Tanaka,2023-09-04,12:45,DNA,
APT002449,P1983,Psychiatry,Dr. C. Müller,2023-03-18,17:45,Cancelled,
APT002450,P1983,Cardiology,Dr. L. Torres,2027-02-07,14:00,Scheduled,
APT002451,P1983,Oncology,Dr. Y. Tanaka,2023-07-24,17:45,Completed,
APT002452,P1984,Nephrology,Dr. S. Khan,2024-12-03,10:45,DNA,
APT002453,P1984,Nephrology,Dr. J. Nkosi,2024-11-12,10:30,Cancelled,
APT002454,P1984,Nephrology,Dr. Y. Tanaka,2024-11-19,08:15,Cancelled,
APT002455,P1984,Psychiatry,Dr. A. Patel,2024-04-18,08:00,Cancelled,
APT002456,P1985,Rheumatology,Dr. C. Müller,2027-03-24,10:15,Scheduled,
APT002457,P1985,Physiotherapy,Dr. J. Nkosi,2026-11-06,15:45,Scheduled,
APT002458,P1985,Psychiatry,Dr. A. Patel,2024-06-15,09:30,Cancelled,
APT002459,P1986,General Practice,Dr. J. Nkosi,2027-03-14,13:45,Scheduled,
APT002460,P1986,Neurology,Dr. L. Torres,2027-02-28,08:45,Scheduled,
APT002461,P1986,Pulmonology,Dr. Y. Tanaka,2023-06-02,11:30,Cancelled,
APT002462,P1987,Pulmonology,Dr. J. Nkosi,2024-10-09,12:45,Cancelled,
APT002463,P1987,Neurology,Dr. C. Müller,2023-05-28,08:15,Cancelled,
APT002464,P1988,General Practice,Dr. R. Singh,2027-02-22,14:00,Scheduled,
APT002465,P1989,Rheumatology,Dr. S. Khan,2023-07-30,15:30,Cancelled,
APT002466,P1989,Physiotherapy,Dr. S. Khan,2026-12-20,10:30,Scheduled,
APT002467,P1990,Oncology,Dr. S. Khan,2026-10-21,16:00,Scheduled,
APT002468,P1991,Psychiatry,Dr. C. Müller,2024-04-22,09:30,DNA,
APT002469,P1991,Nephrology,Dr. L. Torres,2023-08-19,10:30,DNA,
APT002470,P1991,General Practice,Dr. L. Torres,2023-01-26,11:45,Cancelled,
APT002471,P1992,Rheumatology,Dr. S. Khan,2023-06-12,15:15,Completed,
APT002472,P1992,General Practice,Dr. R. Singh,2024-08-29,17:00,Completed,
APT002473,P1993,Endocrinology,Dr. R. Singh,2023-12-26,14:45,DNA,
APT002474,P1993,Physiotherapy,Dr. A. Patel,2023-07-31,17:00,Cancelled,
APT002475,P1993,Rheumatology,Dr. L. Torres,2023-10-12,09:45,Cancelled,
APT002476,P1993,Oncology,Dr. Y. Tanaka,2024-08-29,14:45,DNA,
APT002477,P1994,Nephrology,Dr. Y. Tanaka,2024-03-16,14:45,Cancelled,
APT002478,P1995,Nephrology,Dr. J. Nkosi,2024-06-01,14:45,Completed,
APT002479,P1995,Pulmonology,Dr. J. Nkosi,2027-01-27,11:15,Scheduled,
APT002480,P1995,Physiotherapy,Dr. M. O'Brien,2023-03-21,08:00,DNA,
APT002481,P1995,Psychiatry,Dr. C. Müller,2026-12-23,13:45,Scheduled,
APT002482,P1996,General Practice,Dr. A. Patel,2026-12-24,08:15,Scheduled,
APT002483,P1997,Psychiatry,Dr. Y. Tanaka,2023-11-12,11:00,Completed,
APT002484,P1997,Psychiatry,Dr. L. Torres,2024-01-14,14:30,DNA,
APT002485,P1997,Neurology,Dr. S. Khan,2024-06-13,13:30,Cancelled,
APT002486,P1997,Neurology,Dr. S. Khan,2024-08-06,13:00,Cancelled,
APT002487,P1998,Pulmonology,Dr. R. Singh,2023-01-01,11:00,Completed,
APT002488,P1998,Pulmonology,Dr. S. Khan,2024-04-02,11:00,Completed,
APT002489,P1998,Physiotherapy,Dr. M. O'Brien,2023-10-15,14:45,Cancelled,
APT002490,P1998,Endocrinology,Dr. A. Patel,2023-01-21,10:15,Completed,
APT002491,P1999,General Practice,Dr. R. Singh,2027-01-03,13:45,Scheduled,
APT002492,P1999,Nephrology,Dr. M. O'Brien,2023-07-31,08:45,Cancelled,
APT002493,P1999,Cardiology,Dr. M. O'Brien,2023-08-22,15:45,Cancelled,
APT002494,P2000,Pulmonology,Dr. R. Singh,2027-01-23,09:45,Scheduled,
APT002495,P2001,General Practice,Dr. R. Singh,2023-10-27,13:45,DNA,
APT002496,P2002,Oncology,Dr. M. O'Brien,2023-06-24,16:15,DNA,
APT002497,P2002,Neurology,Dr. R. Singh,2023-12-25,11:30,Cancelled,
APT002498,P2002,Physiotherapy,Dr. Y. Tanaka,2024-08-18,15:15,Cancelled,
APT002499,P2003,Nephrology,Dr. S. Khan,2027-01-16,16:00,Scheduled,
APT002500,P2003,Rheumatology,Dr. A. Patel,2023-07-12,08:15,Cancelled,
APT002501,P2004,Oncology,Dr. R. Singh,2026-12-13,17:45,Scheduled,
APT002502,P2004,Psychiatry,Dr. R. Singh,2023-02-20,11:45,DNA,
APT002503,P2004,Nephrology,Dr. M. O'Brien,2023-06-23,16:30,Completed,
APT002504,P2005,Cardiology,Dr. C. Müller,2024-05-29,12:45,Completed,
APT002505,P2006,Rheumatology,Dr. M. O'Brien,2026-10-20,13:45,Scheduled,
APT002506,P2006,General Practice,Dr. L. Torres,2024-11-25,11:45,DNA,
APT002507,P2006,Rheumatology,Dr. A. Patel,2023-10-10,11:00,DNA,
APT002508,P2006,Pulmonology,Dr. A. Patel,2026-11-03,17:00,Scheduled,
APT002509,P2007,Nephrology,Dr. J. Nkosi,2023-12-27,08:00,Completed,
APT002510,P2007,Oncology,Dr. M. O'Brien,2027-02-21,16:45,Scheduled,
APT002511,P2007,Nephrology,Dr. R. Singh,2024-11-08,11:30,Completed,
APT002512,P2008,Neurology,Dr. A. Patel,2024-10-20,12:15,DNA,
APT002513,P2009,Rheumatology,Dr. M. O'Brien,2024-02-06,14:45,Completed,
APT002514,P2009,Physiotherapy,Dr. Y. Tanaka,2027-01-16,14:15,Scheduled,
APT002515,P2009,Endocrinology,Dr. J. Nkosi,2024-02-20,15:30,Cancelled,
APT002516,P2010,Pulmonology,Dr. M. O'Brien,2024-06-14,15:15,Cancelled,
APT002517,P2010,Neurology,Dr. A. Patel,2023-01-16,10:00,Completed,
APT002518,P2010,Oncology,Dr. R. Singh,2023-07-20,12:15,DNA,
APT002519,P2010,Cardiology,Dr. R. Singh,2024-01-04,17:45,DNA,
APT002520,P2011,Neurology,Dr. Y. Tanaka,2027-03-07,16:45,Scheduled,
APT002521,P2011,Neurology,Dr. A. Patel,2026-12-02,13:30,Scheduled,
APT002522,P2012,Pulmonology,Dr. A. Patel,2026-10-17,08:30,Scheduled,
APT002523,P2012,Pulmonology,Dr. A. Patel,2027-02-26,11:00,Scheduled,
APT002524,P2013,Endocrinology,Dr. C. Müller,2026-11-26,11:30,Scheduled,
APT002525,P2013,Pulmonology,Dr. C. Müller,2023-11-07,15:00,Completed,
APT002526,P2013,Physiotherapy,Dr. R. Singh,2026-11-04,09:30,Scheduled,
APT002527,P2014,Cardiology,Dr. M. O'Brien,2023-10-14,12:15,DNA,
APT002528,P2015,Neurology,Dr. Y. Tanaka,2026-12-31,13:45,Scheduled,
APT002529,P2016,Rheumatology,Dr. Y. Tanaka,2024-08-20,08:45,Completed,
APT002530,P2016,Endocrinology,Dr. Y. Tanaka,2024-03-16,17:45,Completed,
APT002531,P2016,Nephrology,Dr. J. Nkosi,2024-08-03,11:30,DNA,
APT002532,P2016,Physiotherapy,Dr. R. Singh,2027-01-08,13:45,Scheduled,
APT002533,P2017,Nephrology,Dr. L. Torres,2026-10-27,14:00,Scheduled,
APT002534,P2017,Oncology,Dr. Y. Tanaka,2023-01-11,12:30,Cancelled,
APT002535,P2017,Cardiology,Dr. J. Nkosi,2023-03-21,11:15,DNA,
APT002536,P2017,Pulmonology,Dr. L. Torres,2024-11-13,16:30,DNA,
APT002537,P2018,Psychiatry,Dr. S. Khan,2024-10-15,13:00,DNA,
APT002538,P2018,Neurology,Dr. R. Singh,2027-02-24,15:15,Scheduled,
APT002539,P2018,Nephrology,Dr. J. Nkosi,2023-09-30,09:00,Cancelled,
APT002540,P2018,Oncology,Dr. M. O'Brien,2024-03-09,12:15,Cancelled,
APT002541,P2019,Rheumatology,Dr. C. Müller,2023-09-29,10:00,Completed,
APT002542,P2019,Endocrinology,Dr. A. Patel,2023-03-10,13:45,DNA,
APT002543,P2020,Endocrinology,Dr. L. Torres,2026-11-21,10:30,Scheduled,
APT002544,P2020,Pulmonology,Dr. L. Torres,2027-03-24,17:45,Scheduled,
APT002545,P2020,Pulmonology,Dr. M. O'Brien,2024-12-07,10:45,DNA,
APT002546,P2021,Cardiology,Dr. J. Nkosi,2026-12-26,16:45,Scheduled,
APT002547,P2021,Neurology,Dr. A. Patel,2024-03-30,11:00,DNA,
APT002548,P2021,Cardiology,Dr. A. Patel,2023-11-28,13:00,DNA,
APT002549,P2022,Rheumatology,Dr. M. O'Brien,2024-08-01,13:30,Cancelled,
APT002550,P2022,Physiotherapy,Dr. M. O'Brien,2023-05-27,17:15,DNA,
APT002551,P2022,Endocrinology,Dr. A. Patel,2023-06-24,12:00,Completed,
APT002552,P2023,General Practice,Dr. M. O'Brien,2024-09-15,15:30,Completed,
APT002553,P2023,Rheumatology,Dr. R. Singh,2024-11-24,10:30,DNA,
APT002554,P2023,Oncology,Dr. C. Müller,2024-03-05,14:15,Completed,
APT002555,P2024,Pulmonology,Dr. S. Khan,2024-03-17,11:00,DNA,
APT002556,P2025,Rheumatology,Dr. M. O'Brien,2024-02-29,10:00,Completed,
APT002557,P2025,Rheumatology,Dr. M. O'Brien,2026-10-27,11:45,Scheduled,
APT002558,P2025,Pulmonology,Dr. L. Torres,2024-09-17,10:00,Cancelled,
APT002559,P2025,Endocrinology,Dr. R. Singh,2023-03-04,13:15,Cancelled,
APT002560,P2026,Endocrinology,Dr. M. O'Brien,2027-02-26,15:00,Scheduled,
APT002561,P2027,Neurology,Dr. R. Singh,2024-12-13,12:30,Completed,
APT002562,P2028,Rheumatology,Dr. J. Nkosi,2026-11-26,15:30,Scheduled,
APT002563,P2029,Pulmonology,Dr. J. Nkosi,2023-04-23,13:15,Cancelled,
APT002564,P2029,Pulmonology,Dr. L. Torres,2023-03-04,17:45,Completed,
APT002565,P2030,Rheumatology,Dr. R. Singh,2024-12-27,14:45,DNA,
APT002566,P2030,Oncology,Dr. S. Khan,2023-12-09,16:00,Cancelled,
APT002567,P2030,Psychiatry,Dr. J. Nkosi,2026-12-30,17:00,Scheduled,
APT002568,P2030,Physiotherapy,Dr. M. O'Brien,2026-12-28,15:15,Scheduled,
APT002569,P2031,General Practice,Dr. M. O'Brien,2027-01-19,12:30,Scheduled,
APT002570,P2031,Cardiology,Dr. S. Khan,2023-10-09,14:45,Completed,
APT002571,P2032,Endocrinology,Dr. C. Müller,2023-11-11,13:30,Completed,
APT002572,P2032,Nephrology,Dr. C. Müller,2024-12-02,15:30,Completed,
APT002573,P2032,Pulmonology,Dr. L. Torres,2026-10-29,10:45,Scheduled,
APT002574,P2032,Endocrinology,Dr. M. O'Brien,2023-07-02,14:00,Completed,
APT002575,P2033,Nephrology,Dr. Y. Tanaka,2027-02-15,14:00,Scheduled,
APT002576,P2034,Nephrology,Dr. Y. Tanaka,2027-02-10,17:15,Scheduled,
APT002577,P2035,Endocrinology,Dr. J. Nkosi,2026-12-31,12:45,Scheduled,
APT002578,P2035,Physiotherapy,Dr. Y. Tanaka,2027-03-20,15:15,Scheduled,
APT002579,P2036,Endocrinology,Dr. R. Singh,2023-10-26,08:45,DNA,
APT002580,P2036,Oncology,Dr. J. Nkosi,2026-10-11,16:15,Scheduled,
APT002581,P2036,Endocrinology,Dr. M. O'Brien,2023-12-05,14:30,Completed,
APT002582,P2037,Rheumatology,Dr. C. Müller,2024-02-18,12:45,Completed,
APT002583,P2037,Nephrology,Dr. M. O'Brien,2023-07-22,17:00,Completed,
APT002584,P2037,Nephrology,Dr. S. Khan,2024-06-05,17:30,DNA,
APT002585,P2037,Rheumatology,Dr. A. Patel,2027-02-20,10:45,Scheduled,
APT002586,P2038,Rheumatology,Dr. A. Patel,2023-12-17,17:00,Cancelled,
APT002587,P2038,Physiotherapy,Dr. C. Müller,2024-12-19,09:30,Completed,
APT002588,P2038,General Practice,Dr. J. Nkosi,2023-09-18,16:45,Cancelled,
APT002589,P2038,Neurology,Dr. L. Torres,2027-02-02,16:15,Scheduled,
APT002590,P2039,Neurology,Dr. J. Nkosi,2023-06-05,10:30,DNA,
APT002591,P2040,Cardiology,Dr. R. Singh,2023-07-30,16:30,Cancelled,
APT002592,P2041,Pulmonology,Dr. Y. Tanaka,2023-11-12,09:45,Cancelled,
APT002593,P2041,Psychiatry,Dr. Y. Tanaka,2027-01-29,08:45,Scheduled,
APT002594,P2041,Rheumatology,Dr. A. Patel,2024-04-10,11:15,Completed,
APT002595,P2042,Rheumatology,Dr. L. Torres,2024-03-14,15:45,Completed,
APT002596,P2043,Cardiology,Dr. A. Patel,2023-10-28,10:00,Completed,
APT002597,P2043,Psychiatry,Dr. J. Nkosi,2023-03-28,11:15,Completed,
APT002598,P2043,Psychiatry,Dr. M. O'Brien,2024-03-27,13:00,DNA,
APT002599,P2044,Pulmonology,Dr. Y. Tanaka,2027-03-18,10:30,Scheduled,
APT002600,P2044,Physiotherapy,Dr. A. Patel,2023-10-30,10:45,Completed,
APT002601,P2045,Cardiology,Dr. S. Khan,2023-01-16,11:45,Completed,
APT002602,P2045,Rheumatology,Dr. S. Khan,2026-10-19,17:00,Scheduled,
APT002603,P2046,Nephrology,Dr. J. Nkosi,2026-11-16,09:45,Scheduled,
APT002604,P2047,Physiotherapy,Dr. S. Khan,2027-03-01,17:45,Scheduled,
APT002605,P2047,Cardiology,Dr. R. Singh,2027-03-16,15:30,Scheduled,
APT002606,P2048,Nephrology,Dr. Y. Tanaka,2023-05-09,12:30,Completed,
APT002607,P2048,Psychiatry,Dr. A. Patel,2026-11-29,12:15,Scheduled,
APT002608,P2048,Neurology,Dr. A. Patel,2023-06-21,17:00,Completed,
APT002609,P2049,Oncology,Dr. S. Khan,2023-05-19,14:15,Completed,
APT002610,P2049,Cardiology,Dr. R. Singh,2023-09-10,11:45,Cancelled,
APT002611,P2049,Endocrinology,Dr. S. Khan,2024-08-12,09:30,Completed,
APT002612,P2050,Psychiatry,Dr. M. O'Brien,2023-02-10,15:30,DNA,
APT002613,P2050,General Practice,Dr. L. Torres,2024-06-11,12:15,Completed,
APT002614,P2051,Nephrology,Dr. R. Singh,2024-05-02,09:30,DNA,
APT002615,P2052,Nephrology,Dr. M. O'Brien,2027-02-17,15:30,Scheduled,
APT002616,P2052,Physiotherapy,Dr. S. Khan,2024-12-11,09:45,Cancelled,
APT002617,P2052,Physiotherapy,Dr. J. Nkosi,2023-03-21,16:45,Cancelled,
APT002618,P2053,Pulmonology,Dr. C. Müller,2024-02-22,14:15,Cancelled,
APT002619,P2053,Pulmonology,Dr. L. Torres,2024-07-14,08:15,Cancelled,
APT002620,P2053,Pulmonology,Dr. Y. Tanaka,2027-02-10,14:15,Scheduled,
APT002621,P2054,Pulmonology,Dr. Y. Tanaka,2026-11-11,09:45,Scheduled,
APT002622,P2054,Cardiology,Dr. Y. Tanaka,2024-07-20,12:30,Completed,
APT002623,P2054,Nephrology,Dr. R. Singh,2026-11-03,11:15,Scheduled,
APT002624,P2055,Cardiology,Dr. L. Torres,2023-02-11,16:15,DNA,
APT002625,P2056,Oncology,Dr. Y. Tanaka,2027-03-05,16:30,Scheduled,
APT002626,P2056,Physiotherapy,Dr. A. Patel,2026-10-14,14:15,Scheduled,
APT002627,P2057,Pulmonology,Dr. R. Singh,2026-12-06,15:45,Scheduled,
APT002628,P2058,Oncology,Dr. L. Torres,2026-11-01,17:15,Scheduled,
APT002629,P2058,Physiotherapy,Dr. M. O'Brien,2024-08-19,14:30,Completed,
APT002630,P2058,Pulmonology,Dr. L. Torres,2024-10-31,11:00,Completed,
APT002631,P2059,Cardiology,Dr. M. O'Brien,2024-04-15,16:00,Completed,
APT002632,P2060,Cardiology,Dr. C. Müller,2027-02-08,16:15,Scheduled,
APT002633,P2060,Physiotherapy,Dr. Y. Tanaka,2023-06-04,09:45,DNA,
APT002634,P2060,Nephrology,Dr. L. Torres,2023-10-17,13:30,DNA,
APT002635,P2060,Oncology,Dr. S. Khan,2027-01-11,15:00,Scheduled,
APT002636,P2061,Oncology,Dr. L. Torres,2024-10-02,08:45,DNA,
APT002637,P2061,Psychiatry,Dr. C. Müller,2024-10-28,15:00,Completed,
APT002638,P2061,Endocrinology,Dr. C. Müller,2027-01-14,11:30,Scheduled,
APT002639,P2062,General Practice,Dr. C. Müller,2026-12-11,12:45,Scheduled,
APT002640,P2062,Rheumatology,Dr. L. Torres,2024-11-26,10:15,DNA,
APT002641,P2062,Endocrinology,Dr. R. Singh,2026-12-16,11:30,Scheduled,
APT002642,P2062,Physiotherapy,Dr. Y. Tanaka,2024-03-08,16:00,DNA,
APT002643,P2063,Psychiatry,Dr. S. Khan,2023-12-27,14:45,Completed,
APT002644,P2064,Neurology,Dr. S. Khan,2024-09-01,11:15,DNA,
APT002645,P2064,Pulmonology,Dr. R. Singh,2026-12-31,11:15,Scheduled,
APT002646,P2064,Endocrinology,Dr. S. Khan,2023-06-17,17:00,Completed,
APT002647,P2064,Endocrinology,Dr. R. Singh,2024-07-07,13:00,Cancelled,
APT002648,P2065,General Practice,Dr. Y. Tanaka,2024-11-21,14:30,DNA,
APT002649,P2066,Pulmonology,Dr. M. O'Brien,2026-11-26,11:45,Scheduled,
APT002650,P2066,Neurology,Dr. S. Khan,2024-01-04,14:30,Completed,
APT002651,P2066,General Practice,Dr. S. Khan,2024-11-18,08:30,Completed,
APT002652,P2066,Endocrinology,Dr. S. Khan,2023-04-27,08:30,DNA,
APT002653,P2067,Pulmonology,Dr. R. Singh,2024-12-06,16:00,DNA,
APT002654,P2067,General Practice,Dr. J. Nkosi,2023-12-02,11:30,DNA,
APT002655,P2067,General Practice,Dr. R. Singh,2026-10-27,08:00,Scheduled,
APT002656,P2068,Pulmonology,Dr. R. Singh,2026-10-26,14:15,Scheduled,
APT002657,P2068,Nephrology,Dr. J. Nkosi,2023-10-30,09:45,Completed,
APT002658,P2068,Nephrology,Dr. A. Patel,2026-12-31,12:15,Scheduled,
APT002659,P2068,Cardiology,Dr. S. Khan,2024-01-29,10:15,Cancelled,
APT002660,P2069,General Practice,Dr. M. O'Brien,2027-01-08,12:15,Scheduled,
APT002661,P2069,Oncology,Dr. Y. Tanaka,2026-10-17,15:00,Scheduled,
APT002662,P2069,Pulmonology,Dr. S. Khan,2023-11-19,09:30,Cancelled,
APT002663,P2069,Endocrinology,Dr. A. Patel,2024-05-02,17:00,Cancelled,
APT002664,P2070,Physiotherapy,Dr. C. Müller,2027-02-28,13:15,Scheduled,
APT002665,P2070,Physiotherapy,Dr. C. Müller,2027-01-25,11:00,Scheduled,
APT002666,P2070,Pulmonology,Dr. J. Nkosi,2024-04-05,17:30,Cancelled,
APT002667,P2071,Neurology,Dr. C. Müller,2023-01-22,14:00,Cancelled,
APT002668,P2071,Pulmonology,Dr. Y. Tanaka,2024-11-27,16:30,Completed,
APT002669,P2072,General Practice,Dr. A. Patel,2027-01-20,11:30,Scheduled,
APT002670,P2072,Psychiatry,Dr. C. Müller,2024-08-05,09:30,Completed,
APT002671,P2073,Neurology,Dr. M. O'Brien,2024-10-23,17:45,Cancelled,
APT002672,P2073,Psychiatry,Dr. R. Singh,2023-03-26,08:15,DNA,
APT002673,P2074,Rheumatology,Dr. J. Nkosi,2026-11-29,14:15,Scheduled,
APT002674,P2074,Neurology,Dr. L. Torres,2023-05-29,14:45,DNA,
APT002675,P2074,Cardiology,Dr. L. Torres,2026-11-29,08:30,Scheduled,
APT002676,P2074,Oncology,Dr. L. Torres,2023-02-09,09:15,Completed,
APT002677,P2075,Neurology,Dr. C. Müller,2027-02-24,11:00,Scheduled,
APT002678,P2075,Endocrinology,Dr. R. Singh,2024-04-23,08:15,Cancelled,
APT002679,P2076,Psychiatry,Dr. R. Singh,2024-02-24,08:15,Cancelled,
APT002680,P2076,Oncology,Dr. R. Singh,2027-01-25,11:30,Scheduled,
APT002681,P2076,Oncology,Dr. M. O'Brien,2027-03-23,09:30,Scheduled,
APT002682,P2076,Neurology,Dr. J. Nkosi,2023-09-11,08:30,DNA,
APT002683,P2077,Cardiology,Dr. S. Khan,2024-05-28,15:00,Cancelled,
APT002684,P2078,Pulmonology,Dr. M. O'Brien,2027-03-18,09:30,Scheduled,
APT002685,P2078,Pulmonology,Dr. A. Patel,2026-10-18,15:30,Scheduled,
APT002686,P2079,Endocrinology,Dr. A. Patel,2023-06-26,17:45,DNA,
APT002687,P2079,General Practice,Dr. Y. Tanaka,2024-06-27,13:15,DNA,
APT002688,P2080,Endocrinology,Dr. R. Singh,2024-02-13,08:15,Completed,
APT002689,P2080,Endocrinology,Dr. Y. Tanaka,2024-02-09,14:00,DNA,
APT002690,P2081,Pulmonology,Dr. L. Torres,2024-05-28,17:30,Completed,
APT002691,P2081,Rheumatology,Dr. J. Nkosi,2023-02-10,14:30,Cancelled,
APT002692,P2082,General Practice,Dr. M. O'Brien,2023-03-28,15:15,Cancelled,
APT002693,P2082,Endocrinology,Dr. L. Torres,2026-11-16,11:00,Scheduled,
APT002694,P2082,Psychiatry,Dr. S. Khan,2023-10-22,08:30,Cancelled,
APT002695,P2082,Psychiatry,Dr. M. O'Brien,2024-06-18,13:15,Cancelled,
APT002696,P2083,Cardiology,Dr. L. Torres,2024-06-03,15:30,DNA,
APT002697,P2083,Oncology,Dr. J. Nkosi,2024-08-15,15:45,Completed,
APT002698,P2083,Neurology,Dr. A. Patel,2027-01-26,15:45,Scheduled,
APT002699,P2084,Endocrinology,Dr. J. Nkosi,2024-08-22,17:00,Cancelled,
APT002700,P2084,General Practice,Dr. L. Torres,2027-02-08,16:30,Scheduled,
APT002701,P2084,Neurology,Dr. L. Torres,2023-11-03,09:30,DNA,
APT002702,P2085,Physiotherapy,Dr. Y. Tanaka,2027-02-15,14:15,Scheduled,
APT002703,P2086,Physiotherapy,Dr. R. Singh,2026-12-15,13:15,Scheduled,
APT002704,P2087,Endocrinology,Dr. Y. Tanaka,2023-05-13,11:00,DNA,
APT002705,P2088,Psychiatry,Dr. L. Torres,2023-12-17,17:15,Cancelled,
APT002706,P2088,Nephrology,Dr. M. O'Brien,2027-03-17,09:45,Scheduled,
APT002707,P2089,Pulmonology,Dr. A. Patel,2023-04-16,08:00,Cancelled,
APT002708,P2089,Cardiology,Dr. S. Khan,2024-11-14,17:45,DNA,
APT002709,P2089,General Practice,Dr. Y. Tanaka,2024-01-31,09:45,Cancelled,
APT002710,P2090,Physiotherapy,Dr. L. Torres,2024-10-24,10:15,Completed,
APT002711,P2090,Neurology,Dr. A. Patel,2027-02-07,11:00,Scheduled,
APT002712,P2090,Nephrology,Dr. S. Khan,2027-02-23,10:30,Scheduled,
APT002713,P2091,Rheumatology,Dr. J. Nkosi,2023-08-12,10:45,DNA,
APT002714,P2091,Pulmonology,Dr. L. Torres,2027-02-12,11:00,Scheduled,
APT002715,P2091,Nephrology,Dr. L. Torres,2023-07-20,12:15,Cancelled,
APT002716,P2092,Neurology,Dr. L. Torres,2023-12-18,11:45,DNA,
APT002717,P2092,Neurology,Dr. L. Torres,2027-03-04,13:30,Scheduled,
APT002718,P2092,Nephrology,Dr. L. Torres,2023-03-08,17:30,Completed,
APT002719,P2092,General Practice,Dr. A. Patel,2027-01-17,08:15,Scheduled,
APT002720,P2093,Oncology,Dr. L. Torres,2023-12-18,14:00,Cancelled,
APT002721,P2093,Rheumatology,Dr. Y. Tanaka,2023-06-01,08:30,DNA,
APT002722,P2094,Neurology,Dr. M. O'Brien,2023-10-21,17:45,DNA,
APT002723,P2094,Endocrinology,Dr. L. Torres,2024-12-31,17:30,DNA,
APT002724,P2094,Psychiatry,Dr. S. Khan,2023-10-31,14:30,DNA,
APT002725,P2094,General Practice,Dr. Y. Tanaka,2027-02-21,15:15,Scheduled,
APT002726,P2095,General Practice,Dr. M. O'Brien,2023-04-09,13:45,Completed,
APT002727,P2095,Psychiatry,Dr. J. Nkosi,2026-10-20,13:15,Scheduled,
APT002728,P2095,Nephrology,Dr. A. Patel,2024-09-05,17:45,Cancelled,
APT002729,P2096,Psychiatry,Dr. L. Torres,2023-09-18,17:30,Cancelled,
APT002730,P2096,General Practice,Dr. A. Patel,2026-11-26,13:00,Scheduled,
APT002731,P2097,Cardiology,Dr. C. Müller,2023-06-07,11:30,Cancelled,
APT002732,P2097,Rheumatology,Dr. Y. Tanaka,2023-05-12,15:45,Completed,
APT002733,P2097,Pulmonology,Dr. C. Müller,2027-01-20,08:00,Scheduled,
APT002734,P2097,Psychiatry,Dr. S. Khan,2023-05-20,10:45,DNA,
APT002735,P2098,Rheumatology,Dr. C. Müller,2027-01-02,12:00,Scheduled,
APT002736,P2099,Neurology,Dr. Y. Tanaka,2023-08-19,16:30,Cancelled,
APT002737,P2100,Nephrology,Dr. L. Torres,2024-07-27,17:00,DNA,
APT002738,P2101,Endocrinology,Dr. R. Singh,2023-03-30,12:30,Completed,
APT002739,P2101,Endocrinology,Dr. Y. Tanaka,2023-11-27,09:30,Completed,
APT002740,P2102,Cardiology,Dr. R. Singh,2024-06-21,15:00,Cancelled,
APT002741,P2103,Rheumatology,Dr. L. Torres,2026-12-26,13:15,Scheduled,
APT002742,P2103,Endocrinology,Dr. J. Nkosi,2026-11-02,08:15,Scheduled,
APT002743,P2103,Cardiology,Dr. Y. Tanaka,2023-04-22,13:00,Cancelled,
APT002744,P2104,Nephrology,Dr. C. Müller,2023-05-20,16:00,DNA,
APT002745,P2104,Neurology,Dr. M. O'Brien,2023-03-01,08:30,DNA,
APT002746,P2105,Nephrology,Dr. M. O'Brien,2024-04-05,16:30,DNA,
APT002747,P2106,Neurology,Dr. L. Torres,2023-11-20,15:00,Cancelled,
APT002748,P2106,Cardiology,Dr. J. Nkosi,2027-01-16,17:00,Scheduled,
APT002749,P2106,Neurology,Dr. Y. Tanaka,2027-01-09,14:15,Scheduled,
APT002750,P2106,Rheumatology,Dr. A. Patel,2027-01-03,11:15,Scheduled,
APT002751,P2107,Psychiatry,Dr. A. Patel,2027-03-02,14:45,Scheduled,
APT002752,P2107,Oncology,Dr. C. Müller,2027-03-18,17:15,Scheduled,
APT002753,P2107,Endocrinology,Dr. A. Patel,2027-03-11,15:15,Scheduled,
APT002754,P2107,Psychiatry,Dr. S. Khan,2027-03-16,10:30,Scheduled,
APT002755,P2108,Pulmonology,Dr. R. Singh,2027-01-12,11:45,Scheduled,
APT002756,P2108,Psychiatry,Dr. R. Singh,2027-03-25,13:45,Scheduled,
APT002757,P2108,Neurology,Dr. J. Nkosi,2023-09-10,16:45,DNA,
APT002758,P2109,Nephrology,Dr. L. Torres,2024-11-19,09:00,Cancelled,
APT002759,P2109,Physiotherapy,Dr. Y. Tanaka,2026-11-26,11:45,Scheduled,
APT002760,P2109,Rheumatology,Dr. R. Singh,2023-04-17,13:45,DNA,
APT002761,P2110,Rheumatology,Dr. J. Nkosi,2026-10-26,08:00,Scheduled,
APT002762,P2110,General Practice,Dr. J. Nkosi,2024-02-28,13:45,Cancelled,
APT002763,P2110,Rheumatology,Dr. Y. Tanaka,2023-07-31,11:15,Completed,
APT002764,P2111,Neurology,Dr. M. O'Brien,2024-03-27,13:15,Cancelled,
APT002765,P2111,Pulmonology,Dr. A. Patel,2024-03-11,14:15,DNA,
APT002766,P2111,Physiotherapy,Dr. M. O'Brien,2024-01-13,09:00,Completed,
APT002767,P2112,Rheumatology,Dr. S. Khan,2024-04-16,13:45,Completed,
APT002768,P2113,Endocrinology,Dr. R. Singh,2024-10-20,17:15,DNA,
APT002769,P2113,Pulmonology,Dr. M. O'Brien,2024-02-13,16:00,DNA,
APT002770,P2113,Rheumatology,Dr. M. O'Brien,2023-06-05,10:15,Cancelled,
APT002771,P2114,Endocrinology,Dr. L. Torres,2026-12-11,11:15,Scheduled,
APT002772,P2114,Psychiatry,Dr. Y. Tanaka,2024-01-23,15:00,Completed,
APT002773,P2114,Rheumatology,Dr. M. O'Brien,2027-02-08,11:15,Scheduled,
APT002774,P2115,Rheumatology,Dr. Y. Tanaka,2027-01-14,15:45,Scheduled,
APT002775,P2115,Endocrinology,Dr. S. Khan,2024-11-28,08:45,Completed,
APT002776,P2116,Cardiology,Dr. L. Torres,2023-11-22,11:30,Cancelled,
APT002777,P2116,Rheumatology,Dr. L. Torres,2023-05-07,14:15,DNA,
APT002778,P2116,General Practice,Dr. M. O'Brien,2023-05-16,08:00,DNA,
APT002779,P2117,Cardiology,Dr. A. Patel,2023-07-02,13:45,Cancelled,
APT002780,P2117,General Practice,Dr. Y. Tanaka,2024-07-18,11:15,Completed,
APT002781,P2117,Neurology,Dr. L. Torres,2023-09-25,08:45,Cancelled,
APT002782,P2117,Endocrinology,Dr. R. Singh,2027-02-22,10:15,Scheduled,
APT002783,P2118,Endocrinology,Dr. S. Khan,2023-07-02,13:00,DNA,
APT002784,P2118,Cardiology,Dr. A. Patel,2023-07-14,12:30,DNA,
APT002785,P2119,Neurology,Dr. J. Nkosi,2027-02-28,09:30,Scheduled,
APT002786,P2119,Neurology,Dr. A. Patel,2023-02-06,11:30,Cancelled,
APT002787,P2120,Endocrinology,Dr. S. Khan,2024-03-19,10:30,Cancelled,
APT002788,P2120,Psychiatry,Dr. Y. Tanaka,2024-11-01,17:00,DNA,
APT002789,P2120,Nephrology,Dr. J. Nkosi,2026-11-04,16:30,Scheduled,
APT002790,P2121,Oncology,Dr. L. Torres,2027-02-17,12:00,Scheduled,
APT002791,P2121,Nephrology,Dr. J. Nkosi,2026-10-14,09:00,Scheduled,
APT002792,P2121,Rheumatology,Dr. R. Singh,2024-08-21,16:30,Completed,
APT002793,P2121,Rheumatology,Dr. J. Nkosi,2023-08-30,14:00,DNA,
APT002794,P2122,Endocrinology,Dr. A. Patel,2026-12-19,11:45,Scheduled,
APT002795,P2123,Cardiology,Dr. A. Patel,2026-11-24,11:00,Scheduled,
APT002796,P2123,Physiotherapy,Dr. R. Singh,2023-07-18,13:15,DNA,
APT002797,P2124,Neurology,Dr. A. Patel,2023-06-25,16:45,Cancelled,
APT002798,P2124,Physiotherapy,Dr. L. Torres,2024-05-19,09:45,Completed,
APT002799,P2124,General Practice,Dr. M. O'Brien,2024-04-07,09:15,Completed,
APT002800,P2124,Endocrinology,Dr. M. O'Brien,2023-05-17,13:45,DNA,
APT002801,P2125,Endocrinology,Dr. S. Khan,2024-01-14,13:45,DNA,
APT002802,P2125,Neurology,Dr. R. Singh,2023-09-01,13:00,DNA,
APT002803,P2125,Oncology,Dr. Y. Tanaka,2023-08-12,17:45,Cancelled,
APT002804,P2126,Physiotherapy,Dr. J. Nkosi,2026-11-30,17:15,Scheduled,
APT002805,P2126,Psychiatry,Dr. A. Patel,2024-11-30,10:15,Completed,
APT002806,P2126,Physiotherapy,Dr. J. Nkosi,2026-12-17,10:00,Scheduled,
APT002807,P2127,Cardiology,Dr. L. Torres,2024-11-25,17:30,Cancelled,
APT002808,P2128,Cardiology,Dr. S. Khan,2024-07-02,17:00,DNA,
APT002809,P2128,General Practice,Dr. Y. Tanaka,2026-11-13,17:00,Scheduled,
APT002810,P2129,Nephrology,Dr. Y. Tanaka,2024-06-03,11:45,Completed,
APT002811,P2129,Endocrinology,Dr. R. Singh,2023-10-04,15:45,Cancelled,
APT002812,P2129,Endocrinology,Dr. M. O'Brien,2023-09-02,10:00,DNA,
APT002813,P2129,Endocrinology,Dr. L. Torres,2023-02-26,14:30,Completed,
APT002814,P2130,Endocrinology,Dr. L. Torres,2023-05-02,14:45,Completed,
APT002815,P2130,Psychiatry,Dr. L. Torres,2024-07-09,13:30,Cancelled,
APT002816,P2131,General Practice,Dr. A. Patel,2024-07-30,10:30,Cancelled,
APT002817,P2131,Neurology,Dr. Y. Tanaka,2024-03-18,11:00,Cancelled,
APT002818,P2132,Physiotherapy,Dr. M. O'Brien,2023-12-09,15:00,Cancelled,
APT002819,P2132,Pulmonology,Dr. C. Müller,2023-05-14,09:15,Completed,
APT002820,P2133,Neurology,Dr. L. Torres,2023-03-14,17:00,Cancelled,
APT002821,P2133,Pulmonology,Dr. J. Nkosi,2026-12-18,13:45,Scheduled,
APT002822,P2133,Cardiology,Dr. M. O'Brien,2024-07-30,10:45,Cancelled,
APT002823,P2133,Pulmonology,Dr. L. Torres,2024-01-09,13:15,Completed,
APT002824,P2134,Psychiatry,Dr. M. O'Brien,2023-01-27,10:45,Cancelled,
APT002825,P2134,Neurology,Dr. A. Patel,2027-01-12,17:45,Scheduled,
APT002826,P2134,Psychiatry,Dr. L. Torres,2023-04-21,11:45,Completed,
APT002827,P2135,Rheumatology,Dr. S. Khan,2026-12-28,14:15,Scheduled,
APT002828,P2135,Physiotherapy,Dr. J. Nkosi,2027-03-02,11:45,Scheduled,
APT002829,P2136,Pulmonology,Dr. S. Khan,2023-09-23,15:00,DNA,
APT002830,P2137,Neurology,Dr. M. O'Brien,2027-01-13,08:15,Scheduled,
APT002831,P2137,Physiotherapy,Dr. M. O'Brien,2023-04-05,15:15,Cancelled,
APT002832,P2138,Pulmonology,Dr. S. Khan,2026-11-17,11:00,Scheduled,
APT002833,P2138,Cardiology,Dr. M. O'Brien,2026-10-28,10:00,Scheduled,
APT002834,P2138,Nephrology,Dr. C. Müller,2024-05-28,16:15,Cancelled,
APT002835,P2138,Neurology,Dr. J. Nkosi,2024-01-02,15:45,Completed,
APT002836,P2139,Pulmonology,Dr. S. Khan,2027-02-22,14:30,Scheduled,
APT002837,P2139,Nephrology,Dr. L. Torres,2027-02-10,16:45,Scheduled,
APT002838,P2139,Rheumatology,Dr. A. Patel,2024-12-29,09:15,DNA,
APT002839,P2139,General Practice,Dr. C. Müller,2024-07-20,09:15,DNA,
APT002840,P2140,Neurology,Dr. A. Patel,2024-10-04,15:30,Cancelled,
APT002841,P2140,General Practice,Dr. L. Torres,2024-11-06,11:45,Cancelled,
APT002842,P2141,Psychiatry,Dr. J. Nkosi,2026-11-23,10:30,Scheduled,
APT002843,P2141,Pulmonology,Dr. C. Müller,2023-02-27,17:15,Completed,
APT002844,P2142,Physiotherapy,Dr. S. Khan,2023-11-27,14:45,DNA,
APT002845,P2142,Psychiatry,Dr. R. Singh,2027-03-10,15:30,Scheduled,
APT002846,P2143,Rheumatology,Dr. M. O'Brien,2026-11-15,09:00,Scheduled,
APT002847,P2143,Nephrology,Dr. L. Torres,2026-10-25,16:00,Scheduled,
APT002848,P2143,Oncology,Dr. J. Nkosi,2026-11-20,12:00,Scheduled,
APT002849,P2143,Cardiology,Dr. S. Khan,2026-11-11,11:30,Scheduled,
APT002850,P2144,Oncology,Dr. S. Khan,2026-12-18,17:00,Scheduled,
APT002851,P2144,Physiotherapy,Dr. S. Khan,2024-06-29,17:45,DNA,
APT002852,P2145,Cardiology,Dr. M. O'Brien,2024-11-16,08:00,DNA,
APT002853,P2145,Pulmonology,Dr. J. Nkosi,2026-11-27,10:00,Scheduled,
APT002854,P2145,Neurology,Dr. M. O'Brien,2024-06-26,11:15,Cancelled,
APT002855,P2146,Endocrinology,Dr. A. Patel,2023-02-14,09:00,DNA,
APT002856,P2147,Neurology,Dr. L. Torres,2024-11-05,16:00,Cancelled,
APT002857,P2147,Neurology,Dr. J. Nkosi,2024-05-13,16:30,DNA,
APT002858,P2147,Endocrinology,Dr. C. Müller,2023-04-14,09:30,Cancelled,
APT002859,P2148,Endocrinology,Dr. R. Singh,2026-11-14,09:00,Scheduled,
APT002860,P2149,Psychiatry,Dr. Y. Tanaka,2024-12-26,16:15,Cancelled,
APT002861,P2149,Psychiatry,Dr. A. Patel,2026-11-19,12:45,Scheduled,
APT002862,P2149,Neurology,Dr. M. O'Brien,2024-11-13,09:45,Cancelled,
APT002863,P2150,Pulmonology,Dr. S. Khan,2023-10-02,17:45,Completed,
APT002864,P2150,General Practice,Dr. C. Müller,2024-09-24,15:45,DNA,
APT002865,P2151,Cardiology,Dr. Y. Tanaka,2027-02-19,16:30,Scheduled,
APT002866,P2152,Psychiatry,Dr. S. Khan,2026-10-13,12:45,Scheduled,
APT002867,P2152,Neurology,Dr. R. Singh,2024-02-13,08:45,Cancelled,
APT002868,P2153,Pulmonology,Dr. J. Nkosi,2027-01-23,16:15,Scheduled,
APT002869,P2153,Pulmonology,Dr. L. Torres,2023-08-26,12:15,DNA,
APT002870,P2154,Pulmonology,Dr. J. Nkosi,2024-11-19,16:30,DNA,
APT002871,P2154,Pulmonology,Dr. R. Singh,2024-07-24,14:30,Completed,
APT002872,P2154,Pulmonology,Dr. L. Torres,2023-12-15,08:00,Cancelled,
APT002873,P2155,General Practice,Dr. R. Singh,2023-05-10,17:00,Cancelled,
APT002874,P2156,Psychiatry,Dr. S. Khan,2027-03-20,08:45,Scheduled,
APT002875,P2156,Rheumatology,Dr. R. Singh,2024-02-20,10:30,Completed,
APT002876,P2157,Rheumatology,Dr. Y. Tanaka,2023-02-01,17:00,Completed,
APT002877,P2157,Pulmonology,Dr. L. Torres,2027-01-12,10:00,Scheduled,
APT002878,P2157,Physiotherapy,Dr. C. Müller,2027-03-08,10:30,Scheduled,
APT002879,P2158,Rheumatology,Dr. Y. Tanaka,2024-02-05,12:30,Completed,
APT002880,P2158,General Practice,Dr. S. Khan,2027-01-06,10:45,Scheduled,
APT002881,P2158,Cardiology,Dr. S. Khan,2023-04-15,08:45,DNA,
APT002882,P2159,Physiotherapy,Dr. J. Nkosi,2024-03-03,10:00,Cancelled,
APT002883,P2160,General Practice,Dr. C. Müller,2024-12-19,08:15,Completed,
APT002884,P2160,Oncology,Dr. C. Müller,2024-07-23,16:30,Completed,
APT002885,P2161,General Practice,Dr. M. O'Brien,2027-03-29,08:30,Scheduled,
APT002886,P2161,Physiotherapy,Dr. L. Torres,2027-02-02,14:45,Scheduled,
APT002887,P2161,Oncology,Dr. Y. Tanaka,2027-01-08,10:15,Scheduled,
APT002888,P2161,Physiotherapy,Dr. Y. Tanaka,2023-05-27,16:30,Cancelled,
APT002889,P2162,General Practice,Dr. S. Khan,2026-10-10,09:30,Scheduled,
APT002890,P2162,General Practice,Dr. M. O'Brien,2027-03-01,11:45,Scheduled,
APT002891,P2163,General Practice,Dr. A. Patel,2023-11-18,15:45,Cancelled,
APT002892,P2163,Pulmonology,Dr. S. Khan,2023-02-24,10:30,Completed,
APT002893,P2163,Neurology,Dr. J. Nkosi,2024-08-26,16:15,Cancelled,
APT002894,P2163,Physiotherapy,Dr. Y. Tanaka,2024-07-05,14:00,Completed,
APT002895,P2164,Nephrology,Dr. A. Patel,2027-03-12,13:15,Scheduled,
APT002896,P2164,Endocrinology,Dr. L. Torres,2026-12-31,13:30,Scheduled,
APT002897,P2165,Neurology,Dr. S. Khan,2024-09-18,10:00,Cancelled,
APT002898,P2165,Pulmonology,Dr. J. Nkosi,2027-01-23,17:15,Scheduled,
APT002899,P2165,Oncology,Dr. J. Nkosi,2024-09-19,12:30,DNA,
APT002900,P2166,Physiotherapy,Dr. S. Khan,2024-02-27,15:30,DNA,
APT002901,P2167,Neurology,Dr. A. Patel,2026-12-21,08:30,Scheduled,
APT002902,P2168,Physiotherapy,Dr. A. Patel,2024-10-08,12:15,Completed,
APT002903,P2169,Nephrology,Dr. M. O'Brien,2023-01-27,09:45,Cancelled,
APT002904,P2169,Neurology,Dr. S. Khan,2027-02-25,16:30,Scheduled,
APT002905,P2169,Neurology,Dr. J. Nkosi,2024-02-17,08:00,Completed,
APT002906,P2170,Cardiology,Dr. L. Torres,2023-07-27,13:15,Completed,
APT002907,P2171,Cardiology,Dr. L. Torres,2023-10-31,10:30,Cancelled,
APT002908,P2171,Neurology,Dr. J. Nkosi,2024-01-05,16:45,Completed,
APT002909,P2172,Oncology,Dr. R. Singh,2023-04-04,14:45,Completed,
APT002910,P2172,General Practice,Dr. A. Patel,2024-03-06,13:30,Cancelled,
APT002911,P2172,Pulmonology,Dr. S. Khan,2024-09-12,16:30,DNA,
APT002912,P2173,Nephrology,Dr. C. Müller,2023-10-06,12:00,Cancelled,
APT002913,P2173,Rheumatology,Dr. M. O'Brien,2023-03-23,14:15,Cancelled,
APT002914,P2173,Cardiology,Dr. M. O'Brien,2026-12-20,11:00,Scheduled,
APT002915,P2173,Endocrinology,Dr. L. Torres,2027-03-19,17:45,Scheduled,
APT002916,P2174,Cardiology,Dr. S. Khan,2023-10-16,17:45,DNA,
APT002917,P2174,Psychiatry,Dr. M. O'Brien,2027-03-21,09:00,Scheduled,
APT002918,P2174,General Practice,Dr. S. Khan,2026-11-04,12:30,Scheduled,
APT002919,P2174,Psychiatry,Dr. M. O'Brien,2024-08-17,09:45,DNA,
APT002920,P2175,Rheumatology,Dr. L. Torres,2024-05-05,12:15,DNA,
APT002921,P2176,General Practice,Dr. M. O'Brien,2026-11-13,17:15,Scheduled,
APT002922,P2177,Psychiatry,Dr. S. Khan,2024-01-03,09:45,Cancelled,
APT002923,P2177,Cardiology,Dr. Y. Tanaka,2024-08-07,11:15,Completed,
APT002924,P2178,Oncology,Dr. Y. Tanaka,2026-11-10,09:30,Scheduled,
APT002925,P2179,Cardiology,Dr. J. Nkosi,2024-01-07,17:45,Completed,
APT002926,P2179,Neurology,Dr. S. Khan,2023-06-13,12:30,Cancelled,
APT002927,P2180,Nephrology,Dr. M. O'Brien,2023-11-17,16:15,Completed,
APT002928,P2181,General Practice,Dr. R. Singh,2024-06-01,11:45,Completed,
APT002929,P2181,Pulmonology,Dr. L. Torres,2027-03-12,09:30,Scheduled,
APT002930,P2181,General Practice,Dr. R. Singh,2026-12-25,09:15,Scheduled,
APT002931,P2181,Physiotherapy,Dr. S. Khan,2024-10-23,17:00,Completed,
APT002932,P2182,Neurology,Dr. A. Patel,2024-10-01,11:00,DNA,
APT002933,P2183,Psychiatry,Dr. C. Müller,2026-12-18,12:45,Scheduled,
APT002934,P2183,Rheumatology,Dr. M. O'Brien,2024-09-21,17:30,Cancelled,
APT002935,P2183,Endocrinology,Dr. S. Khan,2024-04-26,08:00,DNA,
APT002936,P2183,Cardiology,Dr. C. Müller,2024-01-21,10:45,DNA,
APT002937,P2184,Neurology,Dr. A. Patel,2024-10-28,15:15,Completed,
APT002938,P2184,General Practice,Dr. L. Torres,2024-11-16,17:30,Cancelled,
APT002939,P2184,Rheumatology,Dr. S. Khan,2024-12-05,15:45,DNA,
APT002940,P2185,Cardiology,Dr. Y. Tanaka,2024-12-31,10:00,DNA,
APT002941,P2186,Endocrinology,Dr. A. Patel,2024-08-16,08:00,Completed,
APT002942,P2186,Endocrinology,Dr. R. Singh,2026-10-09,16:45,Scheduled,
APT002943,P2186,Pulmonology,Dr. J. Nkosi,2026-10-24,13:00,Scheduled,
APT002944,P2186,Rheumatology,Dr. C. Müller,2027-03-17,17:15,Scheduled,
APT002945,P2187,Nephrology,Dr. C. Müller,2024-04-04,11:00,Completed,
APT002946,P2187,Pulmonology,Dr. J. Nkosi,2024-09-11,14:15,Cancelled,
APT002947,P2187,Cardiology,Dr. R. Singh,2024-11-08,12:30,Completed,
APT002948,P2188,Physiotherapy,Dr. C. Müller,2027-01-13,14:45,Scheduled,
APT002949,P2189,Neurology,Dr. S. Khan,2023-10-10,08:15,Cancelled,
APT002950,P2189,Endocrinology,Dr. A. Patel,2023-01-07,10:30,Completed,
APT002951,P2189,Psychiatry,Dr. C. Müller,2024-06-25,13:00,Cancelled,
APT002952,P2190,Nephrology,Dr. L. Torres,2023-06-29,17:45,DNA,
APT002953,P2190,Psychiatry,Dr. Y. Tanaka,2023-06-13,15:15,Cancelled,
APT002954,P2191,Endocrinology,Dr. Y. Tanaka,2024-04-27,13:30,Cancelled,
APT002955,P2192,Endocrinology,Dr. L. Torres,2024-01-14,15:45,DNA,
APT002956,P2192,Psychiatry,Dr. A. Patel,2023-06-01,10:30,DNA,
APT002957,P2192,Oncology,Dr. M. O'Brien,2023-04-04,10:30,Completed,
APT002958,P2193,Nephrology,Dr. J. Nkosi,2023-10-15,14:15,Completed,
APT002959,P2193,Rheumatology,Dr. R. Singh,2027-02-11,11:15,Scheduled,
APT002960,P2193,Rheumatology,Dr. A. Patel,2023-10-04,12:00,Completed,
APT002961,P2194,General Practice,Dr. L. Torres,2023-02-06,11:45,Completed,
APT002962,P2194,Cardiology,Dr. R. Singh,2023-05-19,16:45,Completed,
APT002963,P2195,Physiotherapy,Dr. C. Müller,2024-10-21,15:45,Completed,
APT002964,P2196,Pulmonology,Dr. C. Müller,2027-01-28,10:30,Scheduled,
APT002965,P2196,Oncology,Dr. C. Müller,2023-03-22,08:00,DNA,
APT002966,P2196,Physiotherapy,Dr. M. O'Brien,2023-06-27,15:15,DNA,
APT002967,P2196,Oncology,Dr. M. O'Brien,2026-10-13,15:30,Scheduled,
APT002968,P2197,Oncology,Dr. R. Singh,2027-01-29,10:00,Scheduled,
APT002969,P2197,Cardiology,Dr. J. Nkosi,2026-10-23,12:15,Scheduled,
APT002970,P2198,Oncology,Dr. Y. Tanaka,2024-01-26,10:45,Cancelled,
APT002971,P2198,Nephrology,Dr. L. Torres,2027-03-03,15:00,Scheduled,
APT002972,P2198,Psychiatry,Dr. J. Nkosi,2023-10-24,16:00,Cancelled,
APT002973,P2199,Endocrinology,Dr. A. Patel,2026-11-20,09:30,Scheduled,
APT002974,P2199,Nephrology,Dr. J. Nkosi,2027-02-08,10:45,Scheduled,
APT002975,P2199,Endocrinology,Dr. A. Patel,2026-10-26,16:15,Scheduled,
APT002976,P2199,General Practice,Dr. A. Patel,2027-02-04,13:45,Scheduled,
APT002977,P2200,Endocrinology,Dr. L. Torres,2026-12-07,10:15,Scheduled,
APT002978,P2200,Endocrinology,Dr. S. Khan,2023-03-12,08:30,Cancelled,
APT002979,P2200,Pulmonology,Dr. S. Khan,2026-11-15,11:30,Scheduled,
APT002980,P2201,Psychiatry,Dr. Y. Tanaka,2024-12-29,11:00,Completed,
APT002981,P2201,Endocrinology,Dr. A. Patel,2027-02-26,11:15,Scheduled,
APT002982,P2201,Oncology,Dr. M. O'Brien,2024-08-23,14:45,Cancelled,
APT002983,P2201,Pulmonology,Dr. C. Müller,2026-11-27,13:15,Scheduled,
APT002984,P2202,Psychiatry,Dr. M. O'Brien,2024-07-10,09:00,Completed,
APT002985,P2202,General Practice,Dr. A. Patel,2023-11-02,10:00,Completed,
APT002986,P2203,Nephrology,Dr. Y. Tanaka,2027-02-24,10:00,Scheduled,
APT002987,P2203,Nephrology,Dr. Y. Tanaka,2026-11-22,08:15,Scheduled,
APT002988,P2203,Psychiatry,Dr. C. Müller,2024-01-30,10:00,DNA,
APT002989,P2204,General Practice,Dr. S. Khan,2027-02-26,15:45,Scheduled,
APT002990,P2204,Neurology,Dr. R. Singh,2027-01-02,16:30,Scheduled,
APT002991,P2204,Nephrology,Dr. S. Khan,2024-03-06,12:30,Cancelled,
APT002992,P2205,Oncology,Dr. A. Patel,2026-11-15,16:45,Scheduled,
APT002993,P2205,Physiotherapy,Dr. S. Khan,2023-02-11,16:30,Completed,
APT002994,P2205,Oncology,Dr. L. Torres,2026-11-30,15:00,Scheduled,
APT002995,P2205,Neurology,Dr. A. Patel,2024-05-06,08:15,Completed,
APT002996,P2206,Cardiology,Dr. M. O'Brien,2026-12-11,16:30,Scheduled,
APT002997,P2207,Endocrinology,Dr. L. Torres,2024-07-09,15:00,DNA,
APT002998,P2208,Nephrology,Dr. M. O'Brien,2027-02-09,12:30,Scheduled,
APT002999,P2208,Neurology,Dr. Y. Tanaka,2023-01-31,08:15,DNA,
APT003000,P2209,Endocrinology,Dr. A. Patel,2023-11-28,09:00,Cancelled,
APT003001,P2209,Neurology,Dr. S. Khan,2027-02-17,16:15,Scheduled,
APT003002,P2210,Oncology,Dr. R. Singh,2024-09-01,13:00,Completed,
APT003003,P2210,Nephrology,Dr. Y. Tanaka,2023-09-22,12:30,Completed,
APT003004,P2210,Neurology,Dr. C. Müller,2023-04-03,15:15,DNA,
APT003005,P2210,Endocrinology,Dr. Y. Tanaka,2023-10-26,15:15,Cancelled,
APT003006,P2211,Endocrinology,Dr. A. Patel,2026-12-06,11:45,Scheduled,
APT003007,P2211,Psychiatry,Dr. L. Torres,2026-12-17,09:30,Scheduled,
APT003008,P2212,Physiotherapy,Dr. M. O'Brien,2023-09-25,14:30,Cancelled,
APT003009,P2212,Endocrinology,Dr. L. Torres,2024-02-14,11:15,DNA,
APT003010,P2212,Psychiatry,Dr. M. O'Brien,2026-11-16,12:15,Scheduled,
APT003011,P2212,Psychiatry,Dr. S. Khan,2027-01-03,14:30,Scheduled,
APT003012,P2213,Nephrology,Dr. M. O'Brien,2027-03-12,15:15,Scheduled,
APT003013,P2213,Oncology,Dr. Y. Tanaka,2027-03-03,10:30,Scheduled,
APT003014,P2214,Nephrology,Dr. A. Patel,2023-01-12,12:30,Completed,
APT003015,P2214,Physiotherapy,Dr. C. Müller,2024-09-28,12:45,DNA,
APT003016,P2214,Cardiology,Dr. Y. Tanaka,2027-02-26,08:15,Scheduled,
APT003017,P2215,Cardiology,Dr. R. Singh,2026-10-11,08:45,Scheduled,
APT003018,P2215,Oncology,Dr. S. Khan,2023-05-23,09:45,Completed,
APT003019,P2215,Pulmonology,Dr. J. Nkosi,2023-03-17,08:45,Cancelled,
APT003020,P2215,Endocrinology,Dr. R. Singh,2026-11-14,11:45,Scheduled,
APT003021,P2216,Rheumatology,Dr. J. Nkosi,2026-10-16,14:15,Scheduled,
APT003022,P2216,Oncology,Dr. Y. Tanaka,2023-11-27,16:30,Cancelled,
APT003023,P2216,Pulmonology,Dr. A. Patel,2023-07-30,08:00,Cancelled,
APT003024,P2217,Psychiatry,Dr. A. Patel,2024-06-06,13:45,Cancelled,
APT003025,P2217,Oncology,Dr. M. O'Brien,2024-02-05,09:00,DNA,
APT003026,P2217,Neurology,Dr. S. Khan,2023-05-31,13:45,DNA,
APT003027,P2218,Neurology,Dr. L. Torres,2026-12-30,15:45,Scheduled,
APT003028,P2218,Cardiology,Dr. S. Khan,2023-09-20,14:15,Completed,
APT003029,P2218,Pulmonology,Dr. L. Torres,2024-07-03,13:00,Completed,
APT003030,P2218,Cardiology,Dr. S. Khan,2023-11-15,13:00,Completed,
APT003031,P2219,Psychiatry,Dr. A. Patel,2026-11-04,13:00,Scheduled,
APT003032,P2220,Endocrinology,Dr. J. Nkosi,2024-05-12,15:30,Completed,
APT003033,P2221,Rheumatology,Dr. R. Singh,2023-07-16,10:45,DNA,
APT003034,P2221,Physiotherapy,Dr. S. Khan,2027-03-28,08:15,Scheduled,
APT003035,P2221,General Practice,Dr. A. Patel,2024-06-20,10:00,DNA,
APT003036,P2222,Physiotherapy,Dr. M. O'Brien,2024-05-16,11:00,Cancelled,
APT003037,P2222,Cardiology,Dr. M. O'Brien,2026-10-19,13:15,Scheduled,
APT003038,P2222,Nephrology,Dr. C. Müller,2024-01-22,12:00,Cancelled,
APT003039,P2222,Psychiatry,Dr. J. Nkosi,2024-04-05,17:15,Cancelled,
APT003040,P2223,Cardiology,Dr. L. Torres,2024-09-05,15:00,Completed,
APT003041,P2224,Rheumatology,Dr. S. Khan,2027-01-03,13:00,Scheduled,
APT003042,P2224,Cardiology,Dr. C. Müller,2026-11-19,10:00,Scheduled,
APT003043,P2224,Oncology,Dr. C. Müller,2024-11-20,15:30,Completed,
APT003044,P2225,Rheumatology,Dr. R. Singh,2023-09-26,14:00,Cancelled,
APT003045,P2225,Cardiology,Dr. Y. Tanaka,2023-08-03,10:15,DNA,
APT003046,P2226,Oncology,Dr. R. Singh,2023-03-26,11:15,Cancelled,
APT003047,P2226,Physiotherapy,Dr. M. O'Brien,2024-12-02,16:15,Completed,
APT003048,P2226,Nephrology,Dr. A. Patel,2024-06-20,12:00,Completed,
APT003049,P2226,Psychiatry,Dr. J. Nkosi,2023-08-01,08:00,DNA,
APT003050,P2227,Rheumatology,Dr. R. Singh,2024-07-10,17:45,Cancelled,
APT003051,P2227,Pulmonology,Dr. L. Torres,2024-03-28,16:45,Cancelled,
APT003052,P2228,Endocrinology,Dr. Y. Tanaka,2023-01-24,14:45,Completed,
APT003053,P2228,Nephrology,Dr. Y. Tanaka,2026-12-21,13:15,Scheduled,
APT003054,P2228,Pulmonology,Dr. A. Patel,2023-03-12,11:45,DNA,
APT003055,P2228,Nephrology,Dr. J. Nkosi,2024-10-11,17:00,Cancelled,
APT003056,P2229,General Practice,Dr. Y. Tanaka,2027-03-03,12:00,Scheduled,
APT003057,P2230,Nephrology,Dr. R. Singh,2024-11-17,14:00,Completed,
APT003058,P2231,Cardiology,Dr. J. Nkosi,2027-02-03,15:45,Scheduled,
APT003059,P2231,Cardiology,Dr. M. O'Brien,2026-11-23,12:00,Scheduled,
APT003060,P2232,Nephrology,Dr. J. Nkosi,2024-10-21,11:15,Cancelled,
APT003061,P2232,Physiotherapy,Dr. R. Singh,2023-10-31,13:15,DNA,
APT003062,P2232,Cardiology,Dr. A. Patel,2024-07-01,10:00,Completed,
APT003063,P2233,Psychiatry,Dr. C. Müller,2023-12-30,13:45,Completed,
APT003064,P2233,Neurology,Dr. M. O'Brien,2024-10-10,08:30,Completed,
APT003065,P2233,Pulmonology,Dr. J. Nkosi,2024-03-05,08:45,Completed,
APT003066,P2234,Rheumatology,Dr. R. Singh,2023-05-26,12:30,Completed,
APT003067,P2234,Rheumatology,Dr. M. O'Brien,2026-12-30,16:45,Scheduled,
APT003068,P2234,Nephrology,Dr. R. Singh,2026-12-03,13:45,Scheduled,
APT003069,P2235,Psychiatry,Dr. Y. Tanaka,2023-11-07,17:30,Completed,
APT003070,P2235,Physiotherapy,Dr. A. Patel,2023-05-05,08:00,Completed,
APT003071,P2235,Nephrology,Dr. A. Patel,2024-12-15,10:00,Cancelled,
APT003072,P2236,General Practice,Dr. J. Nkosi,2023-12-23,10:15,Completed,
APT003073,P2236,Endocrinology,Dr. M. O'Brien,2023-12-24,12:00,Completed,
APT003074,P2237,Rheumatology,Dr. R. Singh,2023-03-12,12:15,Cancelled,
APT003075,P2237,Cardiology,Dr. S. Khan,2024-05-24,15:45,Completed,
APT003076,P2237,Rheumatology,Dr. A. Patel,2026-11-04,14:00,Scheduled,
APT003077,P2238,Rheumatology,Dr. L. Torres,2024-09-25,10:30,DNA,
APT003078,P2239,Neurology,Dr. L. Torres,2027-02-14,16:45,Scheduled,
APT003079,P2239,Nephrology,Dr. Y. Tanaka,2023-03-22,09:00,Cancelled,
APT003080,P2239,Endocrinology,Dr. L. Torres,2023-05-10,09:45,Cancelled,
APT003081,P2240,Pulmonology,Dr. L. Torres,2026-12-21,17:00,Scheduled,
APT003082,P2240,Physiotherapy,Dr. S. Khan,2026-11-24,14:45,Scheduled,
APT003083,P2240,Nephrology,Dr. L. Torres,2023-09-03,12:15,Completed,
APT003084,P2241,Physiotherapy,Dr. C. Müller,2024-09-15,14:00,Cancelled,
APT003085,P2241,General Practice,Dr. L. Torres,2024-09-19,14:45,DNA,
APT003086,P2241,Nephrology,Dr. L. Torres,2027-02-14,14:00,Scheduled,
APT003087,P2242,Neurology,Dr. M. O'Brien,2024-03-17,14:15,Completed,
APT003088,P2243,Neurology,Dr. S. Khan,2024-09-05,10:30,DNA,
APT003089,P2244,Rheumatology,Dr. A. Patel,2024-03-26,13:00,Completed,
APT003090,P2244,Endocrinology,Dr. J. Nkosi,2023-04-22,14:00,Completed,
APT003091,P2244,Cardiology,Dr. A. Patel,2023-07-01,09:15,Completed,
APT003092,P2244,Nephrology,Dr. S. Khan,2024-07-24,14:45,Cancelled,
APT003093,P2245,Cardiology,Dr. M. O'Brien,2027-02-22,09:15,Scheduled,
APT003094,P2245,Oncology,Dr. J. Nkosi,2023-03-07,17:45,DNA,
APT003095,P2245,General Practice,Dr. J. Nkosi,2023-01-10,13:45,Completed,
APT003096,P2245,Rheumatology,Dr. A. Patel,2027-03-19,13:15,Scheduled,
APT003097,P2246,General Practice,Dr. S. Khan,2024-04-06,15:15,Cancelled,
APT003098,P2246,Oncology,Dr. M. O'Brien,2026-12-12,08:45,Scheduled,
APT003099,P2246,Neurology,Dr. C. Müller,2026-12-20,11:45,Scheduled,
APT003100,P2246,Physiotherapy,Dr. C. Müller,2024-06-18,12:45,Completed,
APT003101,P2247,Rheumatology,Dr. A. Patel,2024-12-26,17:15,Cancelled,
APT003102,P2247,Cardiology,Dr. A. Patel,2026-12-02,08:30,Scheduled,
APT003103,P2248,Neurology,Dr. L. Torres,2024-02-15,08:00,Cancelled,
APT003104,P2248,General Practice,Dr. S. Khan,2024-03-15,17:45,Cancelled,
APT003105,P2249,Neurology,Dr. M. O'Brien,2023-10-02,13:45,DNA,
APT003106,P2249,Cardiology,Dr. S. Khan,2023-08-26,17:45,DNA,
APT003107,P2249,Physiotherapy,Dr. L. Torres,2024-10-02,13:45,DNA,
APT003108,P2249,Neurology,Dr. M. O'Brien,2023-07-08,17:15,DNA,
APT003109,P2250,Oncology,Dr. M. O'Brien,2024-07-22,15:15,Completed,
APT003110,P2251,Physiotherapy,Dr. R. Singh,2023-03-26,15:30,Cancelled,
APT003111,P2252,General Practice,Dr. M. O'Brien,2027-03-04,12:15,Scheduled,
APT003112,P2252,Pulmonology,Dr. J. Nkosi,2026-12-02,13:15,Scheduled,
APT003113,P2253,Neurology,Dr. J. Nkosi,2023-05-22,12:15,DNA,
APT003114,P2253,Nephrology,Dr. R. Singh,2027-03-25,13:00,Scheduled,
APT003115,P2253,Nephrology,Dr. C. Müller,2027-02-04,09:00,Scheduled,
APT003116,P2253,Pulmonology,Dr. C. Müller,2024-11-08,14:30,Completed,
APT003117,P2254,General Practice,Dr. A. Patel,2027-01-20,11:00,Scheduled,
APT003118,P2255,Nephrology,Dr. S. Khan,2027-03-19,12:30,Scheduled,
APT003119,P2255,Psychiatry,Dr. L. Torres,2026-10-26,15:30,Scheduled,
APT003120,P2255,Rheumatology,Dr. C. Müller,2023-12-23,17:30,Completed,
APT003121,P2256,General Practice,Dr. Y. Tanaka,2024-07-13,13:45,Cancelled,
APT003122,P2256,General Practice,Dr. J. Nkosi,2023-05-26,08:30,Cancelled,
APT003123,P2256,Physiotherapy,Dr. Y. Tanaka,2026-10-13,14:00,Scheduled,
APT003124,P2257,Oncology,Dr. J. Nkosi,2024-08-06,14:45,Completed,
APT003125,P2257,Pulmonology,Dr. L. Torres,2024-12-10,14:15,Completed,
APT003126,P2257,Nephrology,Dr. R. Singh,2023-08-16,10:15,Cancelled,
APT003127,P2258,Rheumatology,Dr. R. Singh,2023-11-21,17:45,Cancelled,
APT003128,P2258,Psychiatry,Dr. L. Torres,2023-10-12,11:45,DNA,
APT003129,P2258,Endocrinology,Dr. C. Müller,2023-07-18,16:45,DNA,
APT003130,P2259,Neurology,Dr. L. Torres,2024-08-24,10:15,Completed,
APT003131,P2259,Nephrology,Dr. S. Khan,2024-04-14,08:30,Completed,
APT003132,P2259,Nephrology,Dr. Y. Tanaka,2023-10-09,11:00,Completed,
APT003133,P2259,Rheumatology,Dr. L. Torres,2027-03-25,17:45,Scheduled,
APT003134,P2260,Oncology,Dr. S. Khan,2023-12-20,15:00,Cancelled,
APT003135,P2260,Physiotherapy,Dr. Y. Tanaka,2027-03-12,16:45,Scheduled,
APT003136,P2260,Pulmonology,Dr. A. Patel,2023-12-08,12:00,Cancelled,
APT003137,P2260,Cardiology,Dr. L. Torres,2023-03-10,16:30,Completed,
APT003138,P2261,Physiotherapy,Dr. J. Nkosi,2027-03-03,09:45,Scheduled,
APT003139,P2261,Endocrinology,Dr. S. Khan,2023-09-12,17:00,Completed,
APT003140,P2261,Neurology,Dr. C. Müller,2023-10-07,14:45,Cancelled,
APT003141,P2262,Oncology,Dr. A. Patel,2024-04-03,15:00,DNA,
APT003142,P2262,Cardiology,Dr. A. Patel,2026-10-19,10:15,Scheduled,
APT003143,P2262,Rheumatology,Dr. J. Nkosi,2023-12-13,14:45,DNA,
APT003144,P2263,Neurology,Dr. C. Müller,2023-12-20,15:00,Cancelled,
APT003145,P2263,Endocrinology,Dr. Y. Tanaka,2027-03-12,11:15,Scheduled,
APT003146,P2263,General Practice,Dr. L. Torres,2024-06-01,10:30,DNA,
APT003147,P2263,Pulmonology,Dr. L. Torres,2027-01-15,11:30,Scheduled,
APT003148,P2264,Nephrology,Dr. C. Müller,2024-11-13,11:00,Cancelled,
APT003149,P2264,General Practice,Dr. M. O'Brien,2023-04-19,13:30,Completed,
APT003150,P2264,Nephrology,Dr. C. Müller,2027-01-31,13:00,Scheduled,
APT003151,P2265,Nephrology,Dr. S. Khan,2023-06-12,16:15,DNA,
APT003152,P2265,Physiotherapy,Dr. Y. Tanaka,2026-11-30,11:30,Scheduled,
APT003153,P2266,Nephrology,Dr. J. Nkosi,2026-12-28,13:15,Scheduled,
APT003154,P2266,Physiotherapy,Dr. C. Müller,2024-09-20,13:00,Completed,
APT003155,P2266,Nephrology,Dr. Y. Tanaka,2026-12-18,13:00,Scheduled,
APT003156,P2267,Physiotherapy,Dr. A. Patel,2026-10-14,16:15,Scheduled,
APT003157,P2267,Pulmonology,Dr. M. O'Brien,2024-06-02,10:15,Cancelled,
APT003158,P2267,Endocrinology,Dr. M. O'Brien,2026-12-17,09:00,Scheduled,
APT003159,P2267,Psychiatry,Dr. M. O'Brien,2023-02-03,17:15,DNA,
APT003160,P2268,Cardiology,Dr. C. Müller,2023-07-02,10:00,Cancelled,
APT003161,P2268,Oncology,Dr. J. Nkosi,2026-10-13,09:30,Scheduled,
APT003162,P2268,Neurology,Dr. L. Torres,2026-10-20,09:00,Scheduled,
APT003163,P2268,Psychiatry,Dr. L. Torres,2024-09-16,16:45,Completed,
APT003164,P2269,Endocrinology,Dr. M. O'Brien,2024-02-27,17:00,DNA,
APT003165,P2270,Neurology,Dr. J. Nkosi,2024-09-28,17:45,DNA,
APT003166,P2270,Physiotherapy,Dr. A. Patel,2024-07-08,16:30,Completed,
APT003167,P2270,Endocrinology,Dr. S. Khan,2024-01-11,09:15,Cancelled,
APT003168,P2271,Cardiology,Dr. R. Singh,2023-04-27,12:15,Completed,
APT003169,P2271,Psychiatry,Dr. L. Torres,2027-03-17,12:30,Scheduled,
APT003170,P2271,Pulmonology,Dr. S. Khan,2026-10-28,13:45,Scheduled,
APT003171,P2272,Pulmonology,Dr. S. Khan,2024-12-31,16:15,DNA,
APT003172,P2273,Cardiology,Dr. A. Patel,2023-12-04,11:30,Completed,
APT003173,P2273,Cardiology,Dr. S. Khan,2024-06-10,10:00,Cancelled,
APT003174,P2273,Oncology,Dr. A. Patel,2023-06-30,16:45,Completed,
APT003175,P2274,Endocrinology,Dr. L. Torres,2023-01-04,13:15,Completed,
APT003176,P2274,Physiotherapy,Dr. M. O'Brien,2024-06-19,09:30,DNA,
APT003177,P2274,Pulmonology,Dr. Y. Tanaka,2024-10-06,15:15,Completed,
APT003178,P2274,Oncology,Dr. L. Torres,2027-03-10,09:15,Scheduled,
APT003179,P2275,Nephrology,Dr. J. Nkosi,2023-07-17,13:15,Completed,
APT003180,P2275,Psychiatry,Dr. C. Müller,2023-04-22,09:00,Cancelled,
APT003181,P2275,Pulmonology,Dr. C. Müller,2026-11-10,13:45,Scheduled,
APT003182,P2276,Nephrology,Dr. Y. Tanaka,2023-04-05,12:30,DNA,
APT003183,P2276,Oncology,Dr. J. Nkosi,2023-08-15,13:45,Cancelled,
APT003184,P2276,Physiotherapy,Dr. L. Torres,2023-01-10,12:30,DNA,
APT003185,P2276,Nephrology,Dr. M. O'Brien,2027-03-22,10:45,Scheduled,
APT003186,P2277,Cardiology,Dr. S. Khan,2024-10-29,11:45,Completed,
APT003187,P2278,Physiotherapy,Dr. A. Patel,2023-07-01,11:30,Completed,
APT003188,P2278,Neurology,Dr. L. Torres,2024-11-28,09:00,Completed,
APT003189,P2278,Psychiatry,Dr. J. Nkosi,2024-08-05,10:45,Completed,
APT003190,P2278,Psychiatry,Dr. A. Patel,2026-11-12,16:30,Scheduled,
APT003191,P2279,Cardiology,Dr. Y. Tanaka,2023-12-26,09:45,DNA,
APT003192,P2279,Physiotherapy,Dr. R. Singh,2024-10-02,13:00,Completed,
APT003193,P2279,Endocrinology,Dr. L. Torres,2024-01-24,15:45,Completed,
APT003194,P2280,Pulmonology,Dr. M. O'Brien,2023-12-05,16:30,Cancelled,
APT003195,P2280,Physiotherapy,Dr. J. Nkosi,2024-05-06,17:45,Completed,
APT003196,P2281,Physiotherapy,Dr. A. Patel,2024-01-10,16:45,Cancelled,
APT003197,P2282,Oncology,Dr. R. Singh,2024-11-21,13:45,Completed,
APT003198,P2282,Endocrinology,Dr. A. Patel,2023-04-20,13:15,Cancelled,
APT003199,P2283,Oncology,Dr. J. Nkosi,2027-02-27,17:15,Scheduled,
APT003200,P2283,Psychiatry,Dr. J. Nkosi,2023-08-07,13:00,DNA,
APT003201,P2284,General Practice,Dr. A. Patel,2023-12-12,11:15,Cancelled,
APT003202,P2284,Endocrinology,Dr. Y. Tanaka,2027-03-21,11:30,Scheduled,
APT003203,P2284,Neurology,Dr. Y. Tanaka,2024-07-11,09:15,Cancelled,
APT003204,P2285,Cardiology,Dr. R. Singh,2023-08-14,08:15,Completed,
APT003205,P2285,Nephrology,Dr. J. Nkosi,2024-11-24,09:30,Completed,
APT003206,P2285,Neurology,Dr. C. Müller,2027-03-13,09:30,Scheduled,
APT003207,P2285,Pulmonology,Dr. L. Torres,2024-06-05,13:15,Cancelled,
APT003208,P2286,Cardiology,Dr. A. Patel,2027-03-20,14:15,Scheduled,
APT003209,P2286,Nephrology,Dr. R. Singh,2026-10-30,12:45,Scheduled,
APT003210,P2286,Nephrology,Dr. L. Torres,2023-06-02,15:45,Cancelled,
APT003211,P2286,Nephrology,Dr. Y. Tanaka,2024-11-28,13:45,Cancelled,
APT003212,P2287,Physiotherapy,Dr. C. Müller,2027-01-21,16:00,Scheduled,
APT003213,P2287,Pulmonology,Dr. J. Nkosi,2026-12-16,15:30,Scheduled,
APT003214,P2287,Pulmonology,Dr. Y. Tanaka,2024-11-24,16:00,Cancelled,
APT003215,P2287,Psychiatry,Dr. A. Patel,2026-11-28,11:00,Scheduled,
APT003216,P2288,Nephrology,Dr. C. Müller,2023-09-17,12:45,Cancelled,
APT003217,P2288,Pulmonology,Dr. Y. Tanaka,2024-08-29,10:45,Completed,
APT003218,P2288,Oncology,Dr. S. Khan,2024-02-09,12:00,Cancelled,
APT003219,P2288,Oncology,Dr. A. Patel,2027-01-18,12:30,Scheduled,
APT003220,P2289,Cardiology,Dr. R. Singh,2027-02-15,12:45,Scheduled,
APT003221,P2289,Oncology,Dr. Y. Tanaka,2026-12-03,15:45,Scheduled,
APT003222,P2289,Physiotherapy,Dr. R. Singh,2024-02-08,13:15,DNA,
APT003223,P2290,Endocrinology,Dr. C. Müller,2024-10-11,09:15,DNA,
APT003224,P2290,Nephrology,Dr. J. Nkosi,2023-03-09,14:15,Completed,
APT003225,P2291,Physiotherapy,Dr. J. Nkosi,2024-02-05,09:45,Cancelled,
APT003226,P2291,Rheumatology,Dr. L. Torres,2024-05-22,17:30,Completed,
APT003227,P2291,Neurology,Dr. S. Khan,2023-07-27,09:30,DNA,
APT003228,P2292,Oncology,Dr. J. Nkosi,2026-10-17,09:00,Scheduled,
APT003229,P2292,Neurology,Dr. L. Torres,2024-10-24,13:00,Cancelled,
APT003230,P2292,Psychiatry,Dr. S. Khan,2026-11-14,13:45,Scheduled,
APT003231,P2293,Cardiology,Dr. J. Nkosi,2026-12-06,16:00,Scheduled,
APT003232,P2293,Pulmonology,Dr. L. Torres,2023-12-06,12:15,Completed,
APT003233,P2293,Nephrology,Dr. Y. Tanaka,2023-05-24,10:30,DNA,
APT003234,P2294,Cardiology,Dr. S. Khan,2024-03-31,15:00,Completed,
APT003235,P2294,Nephrology,Dr. C. Müller,2027-03-10,16:45,Scheduled,
APT003236,P2295,Oncology,Dr. L. Torres,2027-03-15,17:30,Scheduled,
APT003237,P2296,Nephrology,Dr. L. Torres,2023-07-27,09:00,DNA,
APT003238,P2297,Oncology,Dr. M. O'Brien,2027-02-23,13:30,Scheduled,
APT003239,P2297,Oncology,Dr. M. O'Brien,2026-11-19,14:00,Scheduled,
APT003240,P2298,Psychiatry,Dr. R. Singh,2024-09-25,17:45,Cancelled,
APT003241,P2298,Physiotherapy,Dr. A. Patel,2023-07-26,14:45,DNA,
APT003242,P2298,General Practice,Dr. M. O'Brien,2023-05-16,10:45,Cancelled,
APT003243,P2298,Rheumatology,Dr. M. O'Brien,2023-02-04,16:15,Cancelled,
APT003244,P2299,Cardiology,Dr. M. O'Brien,2023-11-27,11:30,Cancelled,
APT003245,P2299,Oncology,Dr. J. Nkosi,2026-11-11,08:00,Scheduled,
APT003246,P2300,Neurology,Dr. S. Khan,2023-06-23,11:00,DNA,
APT003247,P2300,Nephrology,Dr. A. Patel,2023-11-22,15:15,Completed,
APT003248,P2301,Pulmonology,Dr. S. Khan,2024-06-30,12:45,Cancelled,
APT003249,P2302,Oncology,Dr. C. Müller,2024-09-22,08:00,Completed,
APT003250,P2303,Rheumatology,Dr. J. Nkosi,2026-12-08,16:30,Scheduled,
APT003251,P2304,Psychiatry,Dr. A. Patel,2023-01-13,09:15,Completed,
APT003252,P2304,Cardiology,Dr. M. O'Brien,2024-07-14,12:45,DNA,
APT003253,P2304,Psychiatry,Dr. R. Singh,2024-09-12,16:45,DNA,
APT003254,P2304,Psychiatry,Dr. M. O'Brien,2023-08-02,11:45,Cancelled,
APT003255,P2305,Oncology,Dr. S. Khan,2024-12-09,16:00,Completed,
APT003256,P2306,Cardiology,Dr. S. Khan,2026-10-30,13:45,Scheduled,
APT003257,P2306,Pulmonology,Dr. A. Patel,2023-11-01,13:30,DNA,
APT003258,P2306,Cardiology,Dr. L. Torres,2024-05-27,14:15,Completed,
APT003259,P2306,Physiotherapy,Dr. S. Khan,2023-04-24,14:45,Completed,
APT003260,P2307,General Practice,Dr. J. Nkosi,2026-12-20,14:30,Scheduled,
APT003261,P2307,Endocrinology,Dr. L. Torres,2027-01-13,15:00,Scheduled,
APT003262,P2307,Psychiatry,Dr. S. Khan,2027-01-24,08:15,Scheduled,
APT003263,P2307,Physiotherapy,Dr. L. Torres,2026-12-14,17:45,Scheduled,
APT003264,P2308,Rheumatology,Dr. A. Patel,2027-01-22,08:30,Scheduled,
APT003265,P2308,Neurology,Dr. J. Nkosi,2023-05-16,14:15,Completed,
APT003266,P2308,Pulmonology,Dr. M. O'Brien,2023-04-10,09:45,Cancelled,
APT003267,P2308,Neurology,Dr. R. Singh,2023-07-23,16:45,Completed,
APT003268,P2309,Pulmonology,Dr. J. Nkosi,2023-04-06,10:45,Completed,
APT003269,P2309,Oncology,Dr. R. Singh,2027-03-10,15:15,Scheduled,
APT003270,P2309,Neurology,Dr. S. Khan,2026-11-26,09:30,Scheduled,
APT003271,P2309,Rheumatology,Dr. L. Torres,2023-09-23,16:45,Cancelled,
APT003272,P2310,General Practice,Dr. M. O'Brien,2026-12-12,08:30,Scheduled,
APT003273,P2310,Physiotherapy,Dr. J. Nkosi,2024-06-14,12:30,Completed,
APT003274,P2310,Rheumatology,Dr. R. Singh,2024-12-11,09:30,Completed,
APT003275,P2310,Rheumatology,Dr. Y. Tanaka,2024-03-09,12:30,Cancelled,
APT003276,P2311,Psychiatry,Dr. R. Singh,2023-06-04,16:45,DNA,
APT003277,P2312,Rheumatology,Dr. S. Khan,2026-12-23,10:30,Scheduled,
APT003278,P2313,Neurology,Dr. M. O'Brien,2026-12-21,09:00,Scheduled,
APT003279,P2313,Rheumatology,Dr. A. Patel,2023-08-04,11:00,Cancelled,
APT003280,P2314,General Practice,Dr. Y. Tanaka,2023-05-31,13:30,Completed,
APT003281,P2315,Neurology,Dr. J. Nkosi,2023-05-13,12:30,Completed,
APT003282,P2315,Endocrinology,Dr. L. Torres,2027-01-05,17:45,Scheduled,
APT003283,P2315,Neurology,Dr. C. Müller,2027-01-04,09:00,Scheduled,
APT003284,P2316,Endocrinology,Dr. L. Torres,2024-04-14,14:45,Cancelled,
APT003285,P2316,Physiotherapy,Dr. A. Patel,2024-10-02,13:15,Cancelled,
APT003286,P2317,Endocrinology,Dr. J. Nkosi,2027-01-28,15:15,Scheduled,
APT003287,P2317,Physiotherapy,Dr. R. Singh,2024-01-24,09:15,Cancelled,
APT003288,P2317,Nephrology,Dr. L. Torres,2027-01-08,17:45,Scheduled,
APT003289,P2318,Pulmonology,Dr. S. Khan,2023-11-10,16:15,Cancelled,
APT003290,P2319,Psychiatry,Dr. M. O'Brien,2023-01-29,17:00,Cancelled,
APT003291,P2320,Nephrology,Dr. J. Nkosi,2023-08-04,14:30,Completed,
APT003292,P2320,Neurology,Dr. A. Patel,2023-02-24,12:45,Completed,
APT003293,P2320,Neurology,Dr. M. O'Brien,2023-07-01,16:45,DNA,
APT003294,P2320,General Practice,Dr. Y. Tanaka,2023-12-25,11:45,DNA,
APT003295,P2321,General Practice,Dr. J. Nkosi,2027-01-25,16:15,Scheduled,
APT003296,P2321,Neurology,Dr. C. Müller,2023-02-01,14:30,Cancelled,
APT003297,P2321,Cardiology,Dr. S. Khan,2026-10-31,10:15,Scheduled,
APT003298,P2322,General Practice,Dr. S. Khan,2024-10-28,10:00,Completed,
APT003299,P2322,Pulmonology,Dr. C. Müller,2027-01-07,13:00,Scheduled,
APT003300,P2322,Physiotherapy,Dr. A. Patel,2024-08-27,12:30,DNA,
APT003301,P2323,Cardiology,Dr. L. Torres,2026-10-11,09:45,Scheduled,
APT003302,P2324,Neurology,Dr. R. Singh,2023-01-27,13:00,DNA,
APT003303,P2324,General Practice,Dr. R. Singh,2024-09-16,17:45,DNA,
APT003304,P2324,Physiotherapy,Dr. S. Khan,2024-12-11,10:15,Cancelled,
APT003305,P2324,General Practice,Dr. J. Nkosi,2027-03-20,17:45,Scheduled,
APT003306,P2325,General Practice,Dr. L. Torres,2024-10-14,11:30,Completed,
APT003307,P2325,Rheumatology,Dr. R. Singh,2027-01-28,13:15,Scheduled,
APT003308,P2326,Endocrinology,Dr. J. Nkosi,2026-12-02,15:00,Scheduled,
APT003309,P2326,Oncology,Dr. M. O'Brien,2023-11-22,14:45,Cancelled,
APT003310,P2326,Physiotherapy,Dr. M. O'Brien,2026-10-26,11:30,Scheduled,
APT003311,P2326,Pulmonology,Dr. M. O'Brien,2024-02-03,11:30,DNA,
APT003312,P2327,Physiotherapy,Dr. C. Müller,2024-11-28,12:15,DNA,
APT003313,P2328,Cardiology,Dr. C. Müller,2024-01-16,17:45,Completed,
APT003314,P2329,Pulmonology,Dr. J. Nkosi,2027-03-09,11:00,Scheduled,
APT003315,P2329,General Practice,Dr. J. Nkosi,2024-02-09,13:30,DNA,
APT003316,P2330,Cardiology,Dr. A. Patel,2023-02-25,15:15,Completed,
APT003317,P2330,General Practice,Dr. J. Nkosi,2023-12-27,16:15,Completed,
APT003318,P2330,Pulmonology,Dr. R. Singh,2027-02-07,15:15,Scheduled,
APT003319,P2330,Rheumatology,Dr. A. Patel,2026-11-17,17:45,Scheduled,
APT003320,P2331,Rheumatology,Dr. Y. Tanaka,2027-03-02,13:45,Scheduled,
APT003321,P2331,Neurology,Dr. S. Khan,2023-05-28,13:45,Completed,
APT003322,P2332,Oncology,Dr. L. Torres,2023-10-25,16:45,Cancelled,
APT003323,P2332,General Practice,Dr. C. Müller,2027-02-08,11:00,Scheduled,
APT003324,P2332,General Practice,Dr. L. Torres,2023-09-01,14:00,Cancelled,
APT003325,P2332,Endocrinology,Dr. S. Khan,2023-01-25,15:30,DNA,
APT003326,P2333,Physiotherapy,Dr. R. Singh,2024-10-18,17:30,Cancelled,
APT003327,P2333,General Practice,Dr. R. Singh,2024-10-08,09:15,DNA,
APT003328,P2333,Pulmonology,Dr. R. Singh,2023-01-01,10:30,Completed,
APT003329,P2334,Nephrology,Dr. R. Singh,2027-03-27,13:00,Scheduled,
APT003330,P2335,Neurology,Dr. M. O'Brien,2027-02-15,12:30,Scheduled,
APT003331,P2335,General Practice,Dr. A. Patel,2024-02-07,09:30,Cancelled,
APT003332,P2336,Psychiatry,Dr. Y. Tanaka,2024-12-28,09:30,Cancelled,
APT003333,P2337,Cardiology,Dr. S. Khan,2027-03-08,11:00,Scheduled,
APT003334,P2337,General Practice,Dr. M. O'Brien,2024-06-23,15:45,Completed,
APT003335,P2337,Pulmonology,Dr. S. Khan,2023-05-29,11:30,Completed,
APT003336,P2337,Oncology,Dr. C. Müller,2023-07-08,17:30,Cancelled,
APT003337,P2338,Nephrology,Dr. A. Patel,2023-08-03,08:30,Completed,
APT003338,P2338,Nephrology,Dr. C. Müller,2027-03-24,15:00,Scheduled,
APT003339,P2338,General Practice,Dr. S. Khan,2027-03-03,14:00,Scheduled,
APT003340,P2338,Cardiology,Dr. R. Singh,2023-09-04,10:45,Cancelled,
APT003341,P2339,Pulmonology,Dr. S. Khan,2023-03-05,12:30,Cancelled,
APT003342,P2339,Oncology,Dr. A. Patel,2023-06-12,08:15,Cancelled,
APT003343,P2339,Oncology,Dr. R. Singh,2027-03-17,11:15,Scheduled,
APT003344,P2339,Endocrinology,Dr. R. Singh,2023-06-28,14:15,Cancelled,
APT003345,P2340,Rheumatology,Dr. L. Torres,2027-03-01,15:45,Scheduled,
APT003346,P2340,Oncology,Dr. S. Khan,2024-01-01,12:45,Cancelled,
APT003347,P2340,General Practice,Dr. L. Torres,2023-03-26,16:30,Cancelled,
APT003348,P2341,Neurology,Dr. S. Khan,2027-03-29,09:30,Scheduled,
APT003349,P2341,Oncology,Dr. M. O'Brien,2024-09-08,15:30,Completed,
APT003350,P2341,Nephrology,Dr. M. O'Brien,2024-10-24,13:30,Completed,
APT003351,P2342,Nephrology,Dr. Y. Tanaka,2027-03-30,14:45,Scheduled,
APT003352,P2342,Endocrinology,Dr. C. Müller,2024-03-05,09:45,Completed,
APT003353,P2342,Neurology,Dr. L. Torres,2026-12-07,09:45,Scheduled,
APT003354,P2343,Cardiology,Dr. L. Torres,2023-07-12,16:00,Completed,
APT003355,P2343,Cardiology,Dr. R. Singh,2023-09-23,13:15,Completed,
APT003356,P2344,Neurology,Dr. A. Patel,2023-11-05,15:30,Cancelled,
APT003357,P2344,Rheumatology,Dr. C. Müller,2024-06-25,11:00,Completed,
APT003358,P2344,Cardiology,Dr. A. Patel,2023-11-21,15:00,DNA,
APT003359,P2344,Nephrology,Dr. R. Singh,2023-07-13,12:30,Completed,
APT003360,P2345,Cardiology,Dr. Y. Tanaka,2024-01-18,09:15,Completed,
APT003361,P2345,Psychiatry,Dr. R. Singh,2024-09-19,17:45,Completed,
APT003362,P2345,General Practice,Dr. J. Nkosi,2026-11-19,15:45,Scheduled,
APT003363,P2346,Pulmonology,Dr. Y. Tanaka,2024-11-22,17:45,Completed,
APT003364,P2346,Pulmonology,Dr. Y. Tanaka,2027-01-29,15:30,Scheduled,
APT003365,P2347,Oncology,Dr. A. Patel,2023-01-13,14:45,Cancelled,
APT003366,P2347,Cardiology,Dr. A. Patel,2024-06-16,16:30,DNA,
APT003367,P2348,Pulmonology,Dr. Y. Tanaka,2027-01-06,12:00,Scheduled,
APT003368,P2348,Rheumatology,Dr. C. Müller,2027-03-19,13:15,Scheduled,
APT003369,P2348,Oncology,Dr. J. Nkosi,2026-11-30,12:00,Scheduled,
APT003370,P2349,Rheumatology,Dr. C. Müller,2027-02-28,17:30,Scheduled,
APT003371,P2349,Endocrinology,Dr. R. Singh,2024-06-16,12:00,DNA,
APT003372,P2350,Psychiatry,Dr. S. Khan,2027-01-18,17:00,Scheduled,
APT003373,P2350,Pulmonology,Dr. L. Torres,2026-12-25,12:30,Scheduled,
APT003374,P2350,Psychiatry,Dr. C. Müller,2024-06-24,11:15,Cancelled,
APT003375,P2351,Endocrinology,Dr. M. O'Brien,2027-03-18,09:15,Scheduled,
APT003376,P2352,Pulmonology,Dr. Y. Tanaka,2026-11-23,09:30,Scheduled,
APT003377,P2353,Nephrology,Dr. S. Khan,2024-03-27,14:15,Cancelled,
APT003378,P2353,Endocrinology,Dr. Y. Tanaka,2026-10-10,11:30,Scheduled,
APT003379,P2354,Cardiology,Dr. M. O'Brien,2024-01-01,09:00,Cancelled,
APT003380,P2354,Cardiology,Dr. C. Müller,2027-03-26,16:45,Scheduled,
APT003381,P2354,Pulmonology,Dr. Y. Tanaka,2024-12-20,11:00,Cancelled,
APT003382,P2355,Psychiatry,Dr. L. Torres,2023-11-24,15:30,Cancelled,
APT003383,P2355,Endocrinology,Dr. S. Khan,2023-09-12,16:45,DNA,
APT003384,P2355,Endocrinology,Dr. L. Torres,2026-11-27,13:15,Scheduled,
APT003385,P2356,Neurology,Dr. L. Torres,2024-06-27,11:30,Completed,
APT003386,P2356,General Practice,Dr. S. Khan,2023-03-30,09:15,Cancelled,
APT003387,P2356,Physiotherapy,Dr. M. O'Brien,2027-02-06,16:15,Scheduled,
APT003388,P2356,Cardiology,Dr. Y. Tanaka,2023-07-01,10:15,Cancelled,
APT003389,P2357,Endocrinology,Dr. L. Torres,2024-07-03,16:45,Cancelled,
APT003390,P2357,Cardiology,Dr. C. Müller,2023-12-26,09:45,DNA,
APT003391,P2358,Pulmonology,Dr. Y. Tanaka,2027-02-27,08:30,Scheduled,
APT003392,P2359,Neurology,Dr. C. Müller,2026-10-12,11:45,Scheduled,
APT003393,P2359,Neurology,Dr. R. Singh,2026-12-31,17:15,Scheduled,
APT003394,P2360,Oncology,Dr. R. Singh,2023-04-14,17:00,Completed,
APT003395,P2360,Nephrology,Dr. R. Singh,2027-02-20,16:45,Scheduled,
APT003396,P2361,Neurology,Dr. C. Müller,2026-11-14,09:00,Scheduled,
APT003397,P2361,Rheumatology,Dr. M. O'Brien,2024-04-29,12:45,DNA,
APT003398,P2361,Nephrology,Dr. S. Khan,2024-08-03,12:45,DNA,
APT003399,P2362,General Practice,Dr. M. O'Brien,2024-02-15,10:00,DNA,
APT003400,P2362,General Practice,Dr. M. O'Brien,2027-01-30,17:45,Scheduled,
APT003401,P2362,Oncology,Dr. S. Khan,2024-10-03,08:15,Cancelled,
APT003402,P2363,General Practice,Dr. L. Torres,2026-11-16,16:15,Scheduled,
APT003403,P2363,Rheumatology,Dr. A. Patel,2027-03-20,11:00,Scheduled,
APT003404,P2363,Cardiology,Dr. L. Torres,2024-04-17,09:15,DNA,
APT003405,P2363,Psychiatry,Dr. C. Müller,2024-02-20,15:30,Completed,
APT003406,P2364,Psychiatry,Dr. Y. Tanaka,2023-05-08,08:30,Completed,
APT003407,P2364,Rheumatology,Dr. A. Patel,2024-02-29,15:00,Completed,
APT003408,P2365,Rheumatology,Dr. C. Müller,2026-12-26,10:15,Scheduled,
APT003409,P2365,Neurology,Dr. L. Torres,2024-08-29,17:15,DNA,
APT003410,P2365,Nephrology,Dr. A. Patel,2024-07-16,13:00,DNA,
APT003411,P2365,Nephrology,Dr. J. Nkosi,2024-01-28,12:45,DNA,
APT003412,P2366,Psychiatry,Dr. Y. Tanaka,2024-07-05,09:30,DNA,
APT003413,P2366,Oncology,Dr. M. O'Brien,2027-03-27,14:45,Scheduled,
APT003414,P2366,Psychiatry,Dr. C. Müller,2027-01-28,12:15,Scheduled,
APT003415,P2366,Neurology,Dr. L. Torres,2023-02-03,10:15,Completed,
APT003416,P2367,Neurology,Dr. J. Nkosi,2024-01-21,15:45,Cancelled,
APT003417,P2367,Oncology,Dr. M. O'Brien,2026-12-06,17:00,Scheduled,
APT003418,P2368,Endocrinology,Dr. M. O'Brien,2023-01-07,09:45,Cancelled,
APT003419,P2368,Physiotherapy,Dr. L. Torres,2024-07-15,10:45,DNA,
APT003420,P2368,Pulmonology,Dr. R. Singh,2023-12-13,12:45,Cancelled,
APT003421,P2368,Nephrology,Dr. J. Nkosi,2023-01-10,10:15,Cancelled,
APT003422,P2369,Neurology,Dr. Y. Tanaka,2023-06-21,12:30,Cancelled,
APT003423,P2369,Oncology,Dr. S. Khan,2023-01-08,12:30,Completed,
APT003424,P2369,Neurology,Dr. S. Khan,2024-06-25,17:00,Completed,
APT003425,P2369,Neurology,Dr. L. Torres,2027-01-28,10:00,Scheduled,
APT003426,P2370,General Practice,Dr. L. Torres,2026-10-17,14:15,Scheduled,
APT003427,P2370,Pulmonology,Dr. M. O'Brien,2023-10-07,17:45,DNA,
APT003428,P2370,Rheumatology,Dr. J. Nkosi,2024-10-15,17:00,DNA,
APT003429,P2370,Physiotherapy,Dr. J. Nkosi,2026-11-12,11:45,Scheduled,
APT003430,P2371,Pulmonology,Dr. Y. Tanaka,2027-02-03,16:45,Scheduled,
APT003431,P2372,General Practice,Dr. S. Khan,2023-12-15,16:15,Completed,
APT003432,P2372,Endocrinology,Dr. M. O'Brien,2026-10-31,17:30,Scheduled,
APT003433,P2372,Endocrinology,Dr. S. Khan,2026-10-25,14:00,Scheduled,
APT003434,P2372,Pulmonology,Dr. Y. Tanaka,2024-02-21,09:45,Cancelled,
APT003435,P2373,Physiotherapy,Dr. Y. Tanaka,2027-01-17,15:45,Scheduled,
APT003436,P2373,Psychiatry,Dr. M. O'Brien,2026-12-09,08:15,Scheduled,
APT003437,P2373,Cardiology,Dr. M. O'Brien,2027-02-02,13:15,Scheduled,
APT003438,P2374,Physiotherapy,Dr. L. Torres,2027-03-10,15:45,Scheduled,
APT003439,P2374,General Practice,Dr. M. O'Brien,2023-07-24,13:45,Cancelled,
APT003440,P2374,Oncology,Dr. M. O'Brien,2027-03-22,08:00,Scheduled,
APT003441,P2375,Oncology,Dr. J. Nkosi,2027-01-17,15:00,Scheduled,
APT003442,P2376,Neurology,Dr. L. Torres,2024-01-19,09:45,Completed,
APT003443,P2376,Nephrology,Dr. S. Khan,2024-02-12,08:15,DNA,
APT003444,P2376,Psychiatry,Dr. A. Patel,2027-03-01,09:30,Scheduled,
APT003445,P2376,Nephrology,Dr. Y. Tanaka,2026-10-24,14:30,Scheduled,
APT003446,P2377,Rheumatology,Dr. R. Singh,2026-11-19,10:15,Scheduled,
APT003447,P2377,Cardiology,Dr. S. Khan,2024-06-22,17:45,Completed,
APT003448,P2378,Psychiatry,Dr. Y. Tanaka,2024-05-29,10:00,DNA,
APT003449,P2378,Rheumatology,Dr. J. Nkosi,2027-01-11,15:00,Scheduled,
APT003450,P2378,Neurology,Dr. C. Müller,2024-09-10,09:00,Completed,
APT003451,P2378,Rheumatology,Dr. A. Patel,2024-08-21,12:45,Completed,
APT003452,P2379,Pulmonology,Dr. C. Müller,2024-06-11,12:45,Cancelled,
APT003453,P2379,Physiotherapy,Dr. S. Khan,2027-02-24,15:00,Scheduled,
APT003454,P2379,Pulmonology,Dr. J. Nkosi,2023-11-29,12:45,Cancelled,
APT003455,P2380,Neurology,Dr. C. Müller,2024-10-09,12:00,Completed,
APT003456,P2380,Physiotherapy,Dr. Y. Tanaka,2026-11-25,10:45,Scheduled,
APT003457,P2381,Physiotherapy,Dr. A. Patel,2024-12-21,09:15,DNA,
APT003458,P2381,Cardiology,Dr. C. Müller,2024-04-24,13:30,Cancelled,
APT003459,P2381,Neurology,Dr. A. Patel,2023-09-01,11:30,Cancelled,
APT003460,P2381,Rheumatology,Dr. C. Müller,2027-01-04,13:15,Scheduled,
APT003461,P2382,Cardiology,Dr. J. Nkosi,2024-04-21,10:45,DNA,
APT003462,P2382,Neurology,Dr. Y. Tanaka,2024-05-24,14:15,DNA,
APT003463,P2382,Oncology,Dr. A. Patel,2023-09-20,12:30,Cancelled,
APT003464,P2382,Oncology,Dr. L. Torres,2024-09-22,14:45,DNA,
APT003465,P2383,Psychiatry,Dr. C. Müller,2024-12-03,13:00,Cancelled,
APT003466,P2383,Psychiatry,Dr. S. Khan,2024-12-14,16:45,Completed,
APT003467,P2384,Psychiatry,Dr. C. Müller,2023-05-05,08:15,Completed,
APT003468,P2384,Nephrology,Dr. J. Nkosi,2024-10-25,15:45,Cancelled,
APT003469,P2385,Psychiatry,Dr. C. Müller,2027-03-13,15:15,Scheduled,
APT003470,P2385,Neurology,Dr. A. Patel,2027-01-20,12:30,Scheduled,
APT003471,P2385,Oncology,Dr. C. Müller,2024-07-18,10:30,DNA,
APT003472,P2385,Pulmonology,Dr. L. Torres,2023-07-02,08:30,Completed,
APT003473,P2386,Nephrology,Dr. R. Singh,2027-01-06,15:00,Scheduled,
APT003474,P2386,Psychiatry,Dr. J. Nkosi,2026-10-16,14:30,Scheduled,
APT003475,P2386,Endocrinology,Dr. S. Khan,2024-04-05,09:45,Completed,
APT003476,P2387,Endocrinology,Dr. L. Torres,2023-11-28,09:30,Completed,
APT003477,P2387,Nephrology,Dr. S. Khan,2023-08-11,17:00,DNA,
APT003478,P2387,Oncology,Dr. M. O'Brien,2024-07-07,16:00,Completed,
APT003479,P2388,Endocrinology,Dr. A. Patel,2027-03-12,14:15,Scheduled,
APT003480,P2388,Endocrinology,Dr. S. Khan,2027-03-13,12:00,Scheduled,
APT003481,P2388,Nephrology,Dr. J. Nkosi,2023-02-22,11:15,DNA,
APT003482,P2389,Psychiatry,Dr. C. Müller,2023-08-08,16:30,Completed,
APT003483,P2389,Neurology,Dr. L. Torres,2024-04-18,16:00,Completed,
APT003484,P2389,Oncology,Dr. M. O'Brien,2023-08-08,16:00,Cancelled,
APT003485,P2389,Cardiology,Dr. S. Khan,2024-11-25,12:15,DNA,
APT003486,P2390,Endocrinology,Dr. L. Torres,2026-11-30,12:15,Scheduled,
APT003487,P2390,Rheumatology,Dr. M. O'Brien,2024-10-06,13:45,Cancelled,
APT003488,P2390,Physiotherapy,Dr. Y. Tanaka,2023-05-18,08:00,Cancelled,
APT003489,P2391,Psychiatry,Dr. M. O'Brien,2023-01-23,08:15,Cancelled,
APT003490,P2392,Neurology,Dr. M. O'Brien,2026-12-03,09:15,Scheduled,
APT003491,P2393,Oncology,Dr. Y. Tanaka,2024-01-04,13:15,Completed,
APT003492,P2393,Rheumatology,Dr. J. Nkosi,2023-08-07,13:45,DNA,
APT003493,P2393,Nephrology,Dr. A. Patel,2024-01-23,09:45,Completed,
APT003494,P2394,Endocrinology,Dr. C. Müller,2026-10-31,17:30,Scheduled,
APT003495,P2394,Neurology,Dr. A. Patel,2023-04-05,12:45,Completed,
APT003496,P2395,General Practice,Dr. S. Khan,2026-12-02,09:00,Scheduled,
APT003497,P2395,Nephrology,Dr. S. Khan,2026-11-18,09:30,Scheduled,
APT003498,P2395,Cardiology,Dr. Y. Tanaka,2024-09-13,13:30,Completed,
APT003499,P2396,Neurology,Dr. S. Khan,2027-03-23,09:45,Scheduled,
APT003500,P2396,Cardiology,Dr. C. Müller,2024-07-09,10:00,Cancelled,
APT003501,P2396,Neurology,Dr. C. Müller,2023-08-10,09:45,DNA,
APT003502,P2397,Physiotherapy,Dr. S. Khan,2027-02-21,15:30,Scheduled,
APT003503,P2398,Cardiology,Dr. R. Singh,2023-01-04,14:30,DNA,
APT003504,P2398,Endocrinology,Dr. S. Khan,2023-10-12,17:30,Completed,
APT003505,P2399,Physiotherapy,Dr. C. Müller,2024-11-10,09:00,Cancelled,
APT003506,P2399,General Practice,Dr. A. Patel,2023-03-03,12:00,Cancelled,
APT003507,P2399,Nephrology,Dr. L. Torres,2027-01-09,10:15,Scheduled,
APT003508,P2399,Cardiology,Dr. L. Torres,2027-03-21,11:15,Scheduled,
APT003509,P2400,Rheumatology,Dr. J. Nkosi,2026-10-13,13:15,Scheduled,
APT003510,P2400,Nephrology,Dr. S. Khan,2023-10-12,13:15,Completed,
APT003511,P2400,Psychiatry,Dr. J. Nkosi,2027-02-08,08:00,Scheduled,
APT003512,P2401,Rheumatology,Dr. S. Khan,2027-01-12,08:15,Scheduled,
APT003513,P2401,Psychiatry,Dr. M. O'Brien,2023-03-14,12:15,DNA,
APT003514,P2402,Cardiology,Dr. J. Nkosi,2023-11-05,08:30,DNA,
APT003515,P2402,Endocrinology,Dr. J. Nkosi,2023-04-09,17:00,Cancelled,
APT003516,P2402,General Practice,Dr. S. Khan,2027-02-27,13:45,Scheduled,
APT003517,P2402,Cardiology,Dr. Y. Tanaka,2026-12-13,14:00,Scheduled,
APT003518,P2403,Rheumatology,Dr. Y. Tanaka,2023-10-16,14:00,Completed,
APT003519,P2404,Pulmonology,Dr. J. Nkosi,2027-03-11,08:15,Scheduled,
APT003520,P2404,Cardiology,Dr. Y. Tanaka,2023-07-20,13:00,Completed,
APT003521,P2404,Endocrinology,Dr. L. Torres,2024-05-04,08:45,Cancelled,
APT003522,P2405,Endocrinology,Dr. Y. Tanaka,2027-02-28,14:00,Scheduled,
APT003523,P2406,General Practice,Dr. C. Müller,2024-09-02,13:45,Completed,
APT003524,P2406,Endocrinology,Dr. R. Singh,2023-06-17,08:30,DNA,
APT003525,P2406,General Practice,Dr. R. Singh,2023-10-07,12:30,Cancelled,
APT003526,P2407,Psychiatry,Dr. A. Patel,2023-06-14,16:30,Cancelled,
APT003527,P2407,Oncology,Dr. Y. Tanaka,2024-05-31,10:00,Completed,
APT003528,P2408,General Practice,Dr. M. O'Brien,2024-07-06,09:15,DNA,
APT003529,P2408,General Practice,Dr. A. Patel,2024-08-01,12:45,DNA,
APT003530,P2409,Pulmonology,Dr. L. Torres,2026-10-10,15:30,Scheduled,
APT003531,P2409,Rheumatology,Dr. M. O'Brien,2026-10-26,11:00,Scheduled,
APT003532,P2409,Psychiatry,Dr. A. Patel,2023-01-27,11:45,Completed,
APT003533,P2409,Psychiatry,Dr. S. Khan,2024-06-06,17:30,Cancelled,
APT003534,P2410,Oncology,Dr. Y. Tanaka,2024-02-01,17:00,DNA,
APT003535,P2410,Cardiology,Dr. S. Khan,2024-07-03,12:00,Completed,
APT003536,P2410,Endocrinology,Dr. C. Müller,2023-05-07,08:15,DNA,
APT003537,P2410,Rheumatology,Dr. R. Singh,2023-05-20,14:00,DNA,
APT003538,P2411,Physiotherapy,Dr. J. Nkosi,2023-04-06,10:45,Cancelled,
APT003539,P2411,Psychiatry,Dr. M. O'Brien,2024-02-13,13:30,Completed,
APT003540,P2412,General Practice,Dr. C. Müller,2024-03-28,12:30,Completed,
APT003541,P2412,Pulmonology,Dr. A. Patel,2027-03-25,12:45,Scheduled,
APT003542,P2412,Oncology,Dr. C. Müller,2024-05-10,14:15,Completed,
APT003543,P2412,Pulmonology,Dr. J. Nkosi,2026-12-09,08:15,Scheduled,
APT003544,P2413,Neurology,Dr. R. Singh,2024-01-07,10:30,Completed,
APT003545,P2413,General Practice,Dr. J. Nkosi,2027-01-05,14:15,Scheduled,
APT003546,P2413,Nephrology,Dr. A. Patel,2024-09-29,16:00,DNA,
APT003547,P2413,Cardiology,Dr. L. Torres,2027-03-22,11:15,Scheduled,
APT003548,P2414,General Practice,Dr. S. Khan,2026-10-31,13:45,Scheduled,
APT003549,P2414,General Practice,Dr. A. Patel,2026-11-30,08:00,Scheduled,
APT003550,P2415,Nephrology,Dr. M. O'Brien,2024-05-06,13:00,Cancelled,
APT003551,P2416,Cardiology,Dr. M. O'Brien,2027-03-25,08:00,Scheduled,
APT003552,P2417,Oncology,Dr. A. Patel,2024-04-26,10:30,Cancelled,
APT003553,P2418,Neurology,Dr. A. Patel,2024-01-14,17:00,DNA,
APT003554,P2419,Endocrinology,Dr. L. Torres,2026-12-04,14:45,Scheduled,
APT003555,P2419,Rheumatology,Dr. L. Torres,2024-11-12,17:45,DNA,
APT003556,P2419,Cardiology,Dr. R. Singh,2024-11-30,12:00,DNA,
APT003557,P2419,Endocrinology,Dr. J. Nkosi,2023-12-28,15:30,Cancelled,
APT003558,P2420,Endocrinology,Dr. A. Patel,2026-10-25,16:00,Scheduled,
APT003559,P2420,Psychiatry,Dr. J. Nkosi,2023-07-24,11:15,Cancelled,
APT003560,P2420,Cardiology,Dr. Y. Tanaka,2024-09-15,15:00,Completed,
APT003561,P2421,Physiotherapy,Dr. S. Khan,2024-09-17,08:45,Cancelled,
APT003562,P2421,Endocrinology,Dr. J. Nkosi,2026-11-19,16:30,Scheduled,
APT003563,P2422,Cardiology,Dr. M. O'Brien,2027-03-07,15:00,Scheduled,
APT003564,P2422,Pulmonology,Dr. A. Patel,2023-02-18,12:45,Completed,
APT003565,P2422,Cardiology,Dr. J. Nkosi,2027-03-09,15:00,Scheduled,
APT003566,P2422,Neurology,Dr. L. Torres,2023-05-12,16:00,Cancelled,
APT003567,P2423,Cardiology,Dr. M. O'Brien,2023-01-01,17:00,Completed,
APT003568,P2423,General Practice,Dr. M. O'Brien,2024-10-07,17:00,DNA,
APT003569,P2423,Nephrology,Dr. R. Singh,2023-05-09,14:15,DNA,
APT003570,P2424,Oncology,Dr. M. O'Brien,2023-07-05,12:15,Cancelled,
APT003571,P2425,Psychiatry,Dr. J. Nkosi,2023-10-12,12:30,Cancelled,
APT003572,P2425,Endocrinology,Dr. Y. Tanaka,2023-04-20,16:30,Completed,
APT003573,P2425,Psychiatry,Dr. R. Singh,2023-12-22,17:00,Completed,
APT003574,P2426,Psychiatry,Dr. S. Khan,2026-10-22,14:00,Scheduled,
APT003575,P2427,Rheumatology,Dr. L. Torres,2026-12-26,14:30,Scheduled,
APT003576,P2428,Pulmonology,Dr. R. Singh,2024-10-22,08:30,Completed,
APT003577,P2428,Psychiatry,Dr. L. Torres,2024-03-26,16:00,Completed,
APT003578,P2429,Oncology,Dr. M. O'Brien,2023-07-01,09:30,Completed,
APT003579,P2429,Physiotherapy,Dr. Y. Tanaka,2024-12-15,13:00,DNA,
APT003580,P2430,Nephrology,Dr. M. O'Brien,2023-01-30,11:00,Completed,
APT003581,P2430,Physiotherapy,Dr. M. O'Brien,2027-03-24,15:30,Scheduled,
APT003582,P2431,Nephrology,Dr. R. Singh,2023-01-14,14:00,DNA,
APT003583,P2431,Oncology,Dr. C. Müller,2024-11-11,15:15,Cancelled,
APT003584,P2431,Psychiatry,Dr. S. Khan,2027-02-21,17:00,Scheduled,
APT003585,P2431,Endocrinology,Dr. M. O'Brien,2024-03-08,08:30,DNA,
APT003586,P2432,Pulmonology,Dr. M. O'Brien,2027-01-06,12:30,Scheduled,
APT003587,P2432,General Practice,Dr. C. Müller,2027-03-16,13:45,Scheduled,
APT003588,P2432,Pulmonology,Dr. J. Nkosi,2026-12-17,09:00,Scheduled,
APT003589,P2433,Cardiology,Dr. L. Torres,2023-04-18,11:00,Cancelled,
APT003590,P2433,Cardiology,Dr. L. Torres,2024-02-05,15:00,Completed,
APT003591,P2433,Neurology,Dr. L. Torres,2026-10-21,10:15,Scheduled,
APT003592,P2433,Rheumatology,Dr. L. Torres,2023-08-10,11:15,DNA,
APT003593,P2434,Cardiology,Dr. Y. Tanaka,2026-12-04,09:45,Scheduled,
APT003594,P2434,Rheumatology,Dr. S. Khan,2023-12-23,12:45,Completed,
APT003595,P2434,Rheumatology,Dr. A. Patel,2023-10-19,14:30,Completed,
APT003596,P2434,Psychiatry,Dr. C. Müller,2026-10-21,13:30,Scheduled,
APT003597,P2435,Physiotherapy,Dr. R. Singh,2023-12-23,10:45,Completed,
APT003598,P2435,Pulmonology,Dr. S. Khan,2026-12-07,14:45,Scheduled,
APT003599,P2435,Nephrology,Dr. S. Khan,2027-03-28,12:15,Scheduled,
APT003600,P2435,Rheumatology,Dr. S. Khan,2026-12-22,10:00,Scheduled,
APT003601,P2436,Oncology,Dr. C. Müller,2026-12-11,10:00,Scheduled,
APT003602,P2436,Cardiology,Dr. A. Patel,2024-04-16,17:00,DNA,
APT003603,P2437,Oncology,Dr. Y. Tanaka,2023-12-09,14:15,Completed,
APT003604,P2437,Endocrinology,Dr. S. Khan,2023-09-15,16:15,DNA,
APT003605,P2438,Rheumatology,Dr. C. Müller,2026-11-08,10:00,Scheduled,
APT003606,P2439,Endocrinology,Dr. C. Müller,2023-04-22,16:00,DNA,
APT003607,P2439,Rheumatology,Dr. C. Müller,2023-03-26,15:15,Completed,
APT003608,P2439,Physiotherapy,Dr. J. Nkosi,2027-01-30,11:30,Scheduled,
APT003609,P2439,Neurology,Dr. A. Patel,2024-10-20,11:45,DNA,
APT003610,P2440,Psychiatry,Dr. R. Singh,2024-04-06,17:00,Cancelled,
APT003611,P2440,Nephrology,Dr. R. Singh,2027-02-27,10:00,Scheduled,
APT003612,P2440,Endocrinology,Dr. J. Nkosi,2023-04-19,10:45,Completed,
APT003613,P2441,Endocrinology,Dr. M. O'Brien,2024-02-19,08:45,DNA,
APT003614,P2441,Pulmonology,Dr. S. Khan,2026-10-25,14:30,Scheduled,
APT003615,P2441,Oncology,Dr. S. Khan,2023-06-18,15:00,Completed,
APT003616,P2441,Pulmonology,Dr. A. Patel,2027-01-28,12:00,Scheduled,
APT003617,P2442,Neurology,Dr. J. Nkosi,2023-08-20,16:15,DNA,
APT003618,P2442,Nephrology,Dr. S. Khan,2026-11-30,16:45,Scheduled,
APT003619,P2442,Neurology,Dr. Y. Tanaka,2023-10-20,09:30,Completed,
APT003620,P2442,Pulmonology,Dr. S. Khan,2027-02-06,08:45,Scheduled,
APT003621,P2443,Nephrology,Dr. C. Müller,2026-11-03,17:15,Scheduled,
APT003622,P2443,Endocrinology,Dr. L. Torres,2024-09-12,12:00,DNA,
APT003623,P2444,Cardiology,Dr. M. O'Brien,2024-04-30,10:30,Cancelled,
APT003624,P2445,Pulmonology,Dr. L. Torres,2027-03-13,10:30,Scheduled,
APT003625,P2445,Pulmonology,Dr. M. O'Brien,2026-12-20,08:30,Scheduled,
APT003626,P2445,Neurology,Dr. R. Singh,2023-07-18,15:15,Cancelled,
APT003627,P2445,Endocrinology,Dr. S. Khan,2024-04-03,15:30,Cancelled,
APT003628,P2446,Oncology,Dr. C. Müller,2027-01-06,14:45,Scheduled,
APT003629,P2447,Physiotherapy,Dr. A. Patel,2024-12-07,14:15,Cancelled,
APT003630,P2447,Oncology,Dr. L. Torres,2024-05-19,13:45,DNA,
APT003631,P2448,Endocrinology,Dr. J. Nkosi,2023-05-11,16:45,Completed,
APT003632,P2448,Psychiatry,Dr. Y. Tanaka,2027-03-14,08:15,Scheduled,
APT003633,P2448,Psychiatry,Dr. J. Nkosi,2026-12-23,15:00,Scheduled,
APT003634,P2449,Neurology,Dr. L. Torres,2024-02-02,09:15,DNA,
APT003635,P2450,Pulmonology,Dr. A. Patel,2024-03-29,17:15,DNA,
APT003636,P2450,Cardiology,Dr. L. Torres,2026-10-28,15:30,Scheduled,
APT003637,P2451,Physiotherapy,Dr. L. Torres,2023-12-10,08:30,DNA,
APT003638,P2451,Cardiology,Dr. A. Patel,2023-04-29,15:00,DNA,
APT003639,P2451,Pulmonology,Dr. S. Khan,2023-01-20,10:45,Completed,
APT003640,P2452,Pulmonology,Dr. S. Khan,2023-10-21,10:00,Cancelled,
APT003641,P2453,Psychiatry,Dr. C. Müller,2027-01-14,16:15,Scheduled,
APT003642,P2454,Neurology,Dr. S. Khan,2024-09-02,14:00,Completed,
APT003643,P2454,Rheumatology,Dr. Y. Tanaka,2024-03-02,15:15,Completed,
APT003644,P2454,Psychiatry,Dr. M. O'Brien,2024-11-30,10:00,Cancelled,
APT003645,P2455,General Practice,Dr. L. Torres,2024-11-17,13:30,Cancelled,
APT003646,P2455,Nephrology,Dr. A. Patel,2024-11-18,16:30,Cancelled,
APT003647,P2455,Psychiatry,Dr. M. O'Brien,2024-04-09,14:15,Cancelled,
APT003648,P2456,Endocrinology,Dr. L. Torres,2023-04-02,08:45,Cancelled,
APT003649,P2456,Oncology,Dr. A. Patel,2027-01-09,14:30,Scheduled,
APT003650,P2456,Psychiatry,Dr. R. Singh,2023-06-22,17:45,DNA,
APT003651,P2457,Nephrology,Dr. R. Singh,2024-06-01,12:15,Completed,
APT003652,P2457,Endocrinology,Dr. R. Singh,2023-06-27,10:45,Completed,
APT003653,P2458,Physiotherapy,Dr. A. Patel,2026-12-04,08:00,Scheduled,
APT003654,P2458,Endocrinology,Dr. R. Singh,2024-11-17,11:30,Completed,
APT003655,P2458,Neurology,Dr. L. Torres,2026-12-03,13:45,Scheduled,
APT003656,P2458,Physiotherapy,Dr. L. Torres,2024-10-13,10:30,Cancelled,
APT003657,P2459,Psychiatry,Dr. Y. Tanaka,2027-02-24,10:15,Scheduled,
APT003658,P2459,General Practice,Dr. C. Müller,2023-11-21,08:30,Cancelled,
APT003659,P2460,Psychiatry,Dr. A. Patel,2026-12-28,14:15,Scheduled,
APT003660,P2460,Nephrology,Dr. J. Nkosi,2027-02-24,09:15,Scheduled,
APT003661,P2461,Psychiatry,Dr. M. O'Brien,2024-02-29,15:30,Completed,
APT003662,P2461,Cardiology,Dr. J. Nkosi,2024-12-30,13:00,DNA,
APT003663,P2462,Rheumatology,Dr. Y. Tanaka,2023-08-29,16:00,Completed,
APT003664,P2463,Rheumatology,Dr. A. Patel,2023-05-03,16:00,Completed,
APT003665,P2463,Nephrology,Dr. S. Khan,2024-08-09,17:15,Cancelled,
APT003666,P2463,Cardiology,Dr. L. Torres,2026-12-29,08:45,Scheduled,
APT003667,P2464,General Practice,Dr. M. O'Brien,2027-03-21,16:15,Scheduled,
APT003668,P2465,General Practice,Dr. S. Khan,2023-04-04,15:45,Completed,
APT003669,P2465,Rheumatology,Dr. M. O'Brien,2023-06-10,16:45,DNA,
APT003670,P2465,Cardiology,Dr. Y. Tanaka,2023-08-29,15:30,Cancelled,
APT003671,P2466,Cardiology,Dr. L. Torres,2027-03-04,17:15,Scheduled,
APT003672,P2466,Rheumatology,Dr. J. Nkosi,2024-11-22,10:15,Completed,
APT003673,P2466,Pulmonology,Dr. L. Torres,2024-09-05,14:15,Completed,
APT003674,P2466,Psychiatry,Dr. J. Nkosi,2023-01-04,16:45,DNA,
APT003675,P2467,Physiotherapy,Dr. A. Patel,2026-11-19,08:00,Scheduled,
APT003676,P2468,Oncology,Dr. A. Patel,2027-02-17,12:30,Scheduled,
APT003677,P2468,General Practice,Dr. M. O'Brien,2023-12-01,12:15,Completed,
APT003678,P2468,Physiotherapy,Dr. R. Singh,2026-11-24,16:00,Scheduled,
APT003679,P2468,Nephrology,Dr. R. Singh,2024-09-03,13:15,Cancelled,
APT003680,P2469,Psychiatry,Dr. Y. Tanaka,2024-09-04,15:15,Completed,
APT003681,P2469,Endocrinology,Dr. L. Torres,2026-11-08,17:00,Scheduled,
APT003682,P2470,Rheumatology,Dr. L. Torres,2023-11-03,11:00,DNA,
APT003683,P2470,General Practice,Dr. Y. Tanaka,2024-05-01,09:30,DNA,
APT003684,P2470,Nephrology,Dr. J. Nkosi,2024-09-08,16:15,DNA,
APT003685,P2471,General Practice,Dr. A. Patel,2024-08-26,16:45,DNA,
APT003686,P2471,Cardiology,Dr. C. Müller,2026-12-30,12:30,Scheduled,
APT003687,P2471,Pulmonology,Dr. R. Singh,2027-02-16,17:00,Scheduled,
APT003688,P2472,Psychiatry,Dr. R. Singh,2024-11-02,08:15,DNA,
APT003689,P2472,Physiotherapy,Dr. A. Patel,2026-10-21,17:15,Scheduled,
APT003690,P2472,Oncology,Dr. J. Nkosi,2023-05-16,12:00,Cancelled,
APT003691,P2472,Oncology,Dr. A. Patel,2024-12-17,17:30,Completed,
APT003692,P2473,Endocrinology,Dr. R. Singh,2023-07-28,10:00,DNA,
APT003693,P2473,Physiotherapy,Dr. M. O'Brien,2024-11-10,11:45,DNA,
APT003694,P2474,Endocrinology,Dr. Y. Tanaka,2027-03-26,15:45,Scheduled,
APT003695,P2474,Rheumatology,Dr. C. Müller,2024-05-07,15:45,Completed,
APT003696,P2475,Psychiatry,Dr. L. Torres,2027-01-28,16:45,Scheduled,
APT003697,P2475,Rheumatology,Dr. A. Patel,2027-02-27,11:30,Scheduled,
APT003698,P2475,Endocrinology,Dr. M. O'Brien,2024-07-11,12:00,Cancelled,
APT003699,P2476,Cardiology,Dr. J. Nkosi,2026-12-01,12:30,Scheduled,
APT003700,P2476,Psychiatry,Dr. A. Patel,2027-02-18,12:45,Scheduled,
APT003701,P2476,Pulmonology,Dr. Y. Tanaka,2024-10-04,15:45,Completed,
APT003702,P2477,Oncology,Dr. Y. Tanaka,2027-02-02,10:45,Scheduled,
APT003703,P2477,Cardiology,Dr. A. Patel,2027-01-05,15:00,Scheduled,
APT003704,P2477,Physiotherapy,Dr. R. Singh,2023-09-28,10:30,Completed,
APT003705,P2477,Endocrinology,Dr. L. Torres,2024-09-27,12:45,Completed,
APT003706,P2478,Oncology,Dr. R. Singh,2023-11-13,10:00,DNA,
APT003707,P2479,Oncology,Dr. R. Singh,2024-05-30,15:15,Completed,
APT003708,P2479,Rheumatology,Dr. C. Müller,2026-11-15,17:00,Scheduled,
APT003709,P2480,Neurology,Dr. R. Singh,2027-01-15,10:45,Scheduled,
APT003710,P2480,Pulmonology,Dr. Y. Tanaka,2024-12-12,12:45,Completed,
APT003711,P2480,Pulmonology,Dr. S. Khan,2027-03-16,14:30,Scheduled,
APT003712,P2480,Physiotherapy,Dr. J. Nkosi,2026-10-24,08:45,Scheduled,
APT003713,P2481,Endocrinology,Dr. C. Müller,2024-10-16,12:30,DNA,
APT003714,P2481,General Practice,Dr. S. Khan,2024-02-21,13:15,Completed,
APT003715,P2481,Cardiology,Dr. L. Torres,2024-03-12,17:30,Cancelled,
APT003716,P2481,Pulmonology,Dr. L. Torres,2026-11-19,16:30,Scheduled,
APT003717,P2482,Nephrology,Dr. M. O'Brien,2023-02-05,16:45,Cancelled,
APT003718,P2483,Oncology,Dr. A. Patel,2027-02-12,10:00,Scheduled,
APT003719,P2484,Nephrology,Dr. R. Singh,2023-08-13,15:15,DNA,
APT003720,P2484,Rheumatology,Dr. L. Torres,2024-01-22,08:00,Completed,
APT003721,P2485,Physiotherapy,Dr. R. Singh,2024-10-12,16:45,DNA,
APT003722,P2485,Nephrology,Dr. R. Singh,2023-11-25,14:45,Cancelled,
APT003723,P2486,General Practice,Dr. L. Torres,2024-07-20,08:45,Completed,
APT003724,P2486,Psychiatry,Dr. S. Khan,2023-12-24,09:15,Completed,
APT003725,P2487,Rheumatology,Dr. R. Singh,2027-02-25,11:45,Scheduled,
APT003726,P2487,Physiotherapy,Dr. Y. Tanaka,2023-06-26,15:45,DNA,
APT003727,P2487,Nephrology,Dr. S. Khan,2024-12-20,17:15,DNA,
APT003728,P2487,Endocrinology,Dr. M. O'Brien,2024-03-05,17:45,Completed,
APT003729,P2488,Cardiology,Dr. M. O'Brien,2027-02-06,09:00,Scheduled,
APT003730,P2489,Cardiology,Dr. S. Khan,2023-07-03,09:30,DNA,
APT003731,P2489,Psychiatry,Dr. L. Torres,2026-12-09,16:15,Scheduled,
APT003732,P2489,Oncology,Dr. J. Nkosi,2024-10-13,11:00,Completed,
APT003733,P2489,General Practice,Dr. C. Müller,2023-10-27,12:30,DNA,
APT003734,P2490,Nephrology,Dr. L. Torres,2023-10-21,08:30,Cancelled,
APT003735,P2491,Psychiatry,Dr. M. O'Brien,2024-03-28,10:15,Cancelled,
APT003736,P2491,Endocrinology,Dr. Y. Tanaka,2026-10-27,08:15,Scheduled,
APT003737,P2491,Rheumatology,Dr. C. Müller,2023-11-07,09:00,Completed,
APT003738,P2491,Nephrology,Dr. S. Khan,2024-09-27,13:45,Cancelled,
APT003739,P2492,Pulmonology,Dr. Y. Tanaka,2026-10-18,12:15,Scheduled,
APT003740,P2492,Physiotherapy,Dr. R. Singh,2024-01-02,09:45,DNA,
APT003741,P2492,Rheumatology,Dr. L. Torres,2026-11-25,11:15,Scheduled,
APT003742,P2493,Physiotherapy,Dr. J. Nkosi,2024-06-30,14:15,Cancelled,
APT003743,P2493,Neurology,Dr. C. Müller,2026-12-16,14:00,Scheduled,
APT003744,P2493,Oncology,Dr. A. Patel,2023-06-13,17:00,Completed,
APT003745,P2493,Physiotherapy,Dr. Y. Tanaka,2024-06-04,08:15,Cancelled,
APT003746,P2494,Neurology,Dr. C. Müller,2023-06-28,08:00,Completed,
APT003747,P2494,Psychiatry,Dr. L. Torres,2023-03-23,13:45,Completed,
APT003748,P2494,Nephrology,Dr. A. Patel,2024-09-21,15:30,Completed,
APT003749,P2494,Oncology,Dr. Y. Tanaka,2023-01-26,13:45,DNA,
APT003750,P2495,Nephrology,Dr. A. Patel,2023-07-28,17:30,Cancelled,
APT003751,P2495,Psychiatry,Dr. J. Nkosi,2023-05-06,16:15,Cancelled,
APT003752,P2495,Endocrinology,Dr. L. Torres,2024-07-15,17:45,Completed,
APT003753,P2495,Psychiatry,Dr. M. O'Brien,2027-01-21,10:45,Scheduled,
APT003754,P2496,Oncology,Dr. Y. Tanaka,2024-11-30,15:45,DNA,
APT003755,P2496,Psychiatry,Dr. R. Singh,2023-01-27,11:15,Completed,
APT003756,P2496,Pulmonology,Dr. L. Torres,2026-11-09,12:00,Scheduled,
APT003757,P2496,General Practice,Dr. L. Torres,2027-01-30,08:30,Scheduled,
APT003758,P2497,General Practice,Dr. S. Khan,2023-02-11,16:15,DNA,
APT003759,P2498,General Practice,Dr. Y. Tanaka,2024-10-04,17:45,Cancelled,
APT003760,P2498,Rheumatology,Dr. S. Khan,2023-05-24,10:00,DNA,
APT003761,P2498,Pulmonology,Dr. J. Nkosi,2026-11-22,12:00,Scheduled,
APT003762,P2498,Neurology,Dr. Y. Tanaka,2024-03-29,12:00,Cancelled,
APT003763,P2499,Nephrology,Dr. Y. Tanaka,2026-10-09,15:45,Scheduled,
APT003764,P2500,Pulmonology,Dr. M. O'Brien,2024-11-15,17:30,DNA,
APT003765,P2500,Psychiatry,Dr. M. O'Brien,2023-02-09,16:15,Cancelled,
APT003766,P2500,Cardiology,Dr. R. Singh,2026-12-13,09:45,Scheduled,
APT003767,P2500,Neurology,Dr. J. Nkosi,2023-05-26,16:00,Cancelled,
APT003768,P2501,Physiotherapy,Dr. M. O'Brien,2024-07-21,09:30,Cancelled,
APT003769,P2501,Oncology,Dr. L. Torres,2023-01-31,17:15,Cancelled,
APT003770,P2502,Neurology,Dr. R. Singh,2026-10-28,09:00,Scheduled,
APT003771,P2502,Endocrinology,Dr. R. Singh,2024-10-19,14:45,DNA,
APT003772,P2502,Pulmonology,Dr. Y. Tanaka,2023-05-25,12:00,DNA,
APT003773,P2503,Rheumatology,Dr. A. Patel,2023-11-07,14:45,Completed,
APT003774,P2504,Nephrology,Dr. M. O'Brien,2023-10-17,16:00,Completed,
APT003775,P2505,Oncology,Dr. Y. Tanaka,2024-02-13,17:45,Completed,
APT003776,P2505,Oncology,Dr. A. Patel,2023-01-23,14:30,Completed,
APT003777,P2506,Rheumatology,Dr. S. Khan,2024-07-05,10:45,Cancelled,
APT003778,P2506,General Practice,Dr. L. Torres,2023-06-21,11:45,Cancelled,
APT003779,P2506,Pulmonology,Dr. L. Torres,2024-02-12,15:15,Completed,
APT003780,P2507,Psychiatry,Dr. J. Nkosi,2026-12-09,13:15,Scheduled,
APT003781,P2508,Psychiatry,Dr. C. Müller,2027-03-13,10:15,Scheduled,
APT003782,P2508,Cardiology,Dr. C. Müller,2024-01-21,15:30,Cancelled,
APT003783,P2508,Psychiatry,Dr. Y. Tanaka,2023-08-13,16:30,Cancelled,
APT003784,P2509,Cardiology,Dr. Y. Tanaka,2027-01-07,11:15,Scheduled,
APT003785,P2509,Psychiatry,Dr. L. Torres,2027-03-07,11:45,Scheduled,
APT003786,P2509,Oncology,Dr. J. Nkosi,2027-02-24,17:30,Scheduled,
APT003787,P2509,Cardiology,Dr. M. O'Brien,2026-10-14,15:15,Scheduled,
APT003788,P2510,General Practice,Dr. M. O'Brien,2023-11-04,11:45,Cancelled,
APT003789,P2511,Rheumatology,Dr. J. Nkosi,2023-10-04,13:30,Cancelled,
APT003790,P2512,Physiotherapy,Dr. R. Singh,2023-11-24,13:15,Completed,
APT003791,P2512,Physiotherapy,Dr. A. Patel,2023-04-21,14:15,Completed,
APT003792,P2512,Endocrinology,Dr. A. Patel,2026-11-17,13:45,Scheduled,
APT003793,P2513,Cardiology,Dr. A. Patel,2026-12-09,11:30,Scheduled,
APT003794,P2513,Cardiology,Dr. M. O'Brien,2023-12-23,11:00,Cancelled,
APT003795,P2514,Psychiatry,Dr. S. Khan,2023-05-03,09:00,Completed,
APT003796,P2515,Physiotherapy,Dr. M. O'Brien,2023-08-09,16:15,DNA,
APT003797,P2515,Rheumatology,Dr. R. Singh,2026-11-29,11:15,Scheduled,
APT003798,P2516,Endocrinology,Dr. S. Khan,2026-11-27,14:15,Scheduled,
APT003799,P2516,Endocrinology,Dr. L. Torres,2023-09-04,13:00,Cancelled,
APT003800,P2516,Rheumatology,Dr. S. Khan,2023-01-19,12:00,Completed,
APT003801,P2517,Neurology,Dr. S. Khan,2023-09-14,14:00,Cancelled,
APT003802,P2517,Psychiatry,Dr. R. Singh,2024-04-02,15:15,DNA,
APT003803,P2517,Psychiatry,Dr. R. Singh,2026-12-26,17:30,Scheduled,
APT003804,P2517,Pulmonology,Dr. S. Khan,2023-12-18,10:00,DNA,
APT003805,P2518,Psychiatry,Dr. A. Patel,2024-06-11,14:30,Completed,
APT003806,P2518,General Practice,Dr. C. Müller,2026-11-13,08:15,Scheduled,
APT003807,P2518,Physiotherapy,Dr. S. Khan,2027-03-01,08:00,Scheduled,
APT003808,P2519,Nephrology,Dr. R. Singh,2027-03-30,16:00,Scheduled,
APT003809,P2519,Endocrinology,Dr. R. Singh,2026-12-25,16:15,Scheduled,
APT003810,P2519,Neurology,Dr. R. Singh,2026-11-15,13:45,Scheduled,
APT003811,P2519,Nephrology,Dr. L. Torres,2024-11-10,08:45,Completed,
APT003812,P2520,Nephrology,Dr. L. Torres,2024-06-04,15:15,DNA,
APT003813,P2520,Rheumatology,Dr. A. Patel,2026-12-05,11:15,Scheduled,
APT003814,P2520,Psychiatry,Dr. M. O'Brien,2026-12-18,09:00,Scheduled,
APT003815,P2521,General Practice,Dr. L. Torres,2023-03-04,15:00,DNA,
APT003816,P2522,Oncology,Dr. L. Torres,2024-01-26,09:30,Completed,
APT003817,P2522,Cardiology,Dr. R. Singh,2027-03-09,08:30,Scheduled,
APT003818,P2522,Psychiatry,Dr. J. Nkosi,2024-07-23,15:45,DNA,
APT003819,P2523,Nephrology,Dr. Y. Tanaka,2023-08-27,11:45,Cancelled,
APT003820,P2523,Psychiatry,Dr. A. Patel,2024-09-08,13:15,Completed,
APT003821,P2523,Pulmonology,Dr. Y. Tanaka,2024-09-29,16:00,Cancelled,
APT003822,P2524,Pulmonology,Dr. S. Khan,2023-06-04,09:30,Cancelled,
APT003823,P2524,Psychiatry,Dr. Y. Tanaka,2024-03-15,15:30,Cancelled,
APT003824,P2524,Neurology,Dr. C. Müller,2024-03-31,09:15,Completed,
APT003825,P2524,Cardiology,Dr. J. Nkosi,2024-06-28,15:15,Completed,
APT003826,P2525,Cardiology,Dr. C. Müller,2023-04-12,10:30,DNA,
APT003827,P2525,Pulmonology,Dr. A. Patel,2027-03-30,17:00,Scheduled,
APT003828,P2525,Nephrology,Dr. J. Nkosi,2024-09-07,11:45,Cancelled,
APT003829,P2526,Oncology,Dr. R. Singh,2026-11-23,09:45,Scheduled,
APT003830,P2526,Neurology,Dr. J. Nkosi,2024-01-03,10:00,DNA,
APT003831,P2526,Physiotherapy,Dr. J. Nkosi,2027-01-16,12:30,Scheduled,
APT003832,P2526,Oncology,Dr. Y. Tanaka,2023-09-25,15:15,DNA,
APT003833,P2527,Oncology,Dr. M. O'Brien,2024-11-12,13:30,DNA,
APT003834,P2527,Physiotherapy,Dr. Y. Tanaka,2023-06-07,08:00,Completed,
APT003835,P2528,Neurology,Dr. R. Singh,2024-10-02,16:15,DNA,
APT003836,P2528,Physiotherapy,Dr. M. O'Brien,2024-02-12,15:45,Completed,
APT003837,P2529,Rheumatology,Dr. R. Singh,2027-03-30,08:15,Scheduled,
APT003838,P2529,Oncology,Dr. A. Patel,2026-11-13,12:00,Scheduled,
APT003839,P2530,Rheumatology,Dr. L. Torres,2023-07-31,14:45,DNA,
APT003840,P2531,Neurology,Dr. J. Nkosi,2024-10-23,12:00,DNA,
APT003841,P2531,Oncology,Dr. A. Patel,2026-12-01,15:45,Scheduled,
APT003842,P2532,Pulmonology,Dr. C. Müller,2024-09-07,13:15,Cancelled,
APT003843,P2532,Neurology,Dr. L. Torres,2023-07-18,15:15,Cancelled,
APT003844,P2533,Nephrology,Dr. M. O'Brien,2023-09-18,10:30,Completed,
APT003845,P2534,Cardiology,Dr. M. O'Brien,2023-12-12,10:30,DNA,
APT003846,P2534,Physiotherapy,Dr. L. Torres,2027-03-10,10:30,Scheduled,
APT003847,P2534,Cardiology,Dr. S. Khan,2027-01-04,12:00,Scheduled,
APT003848,P2534,General Practice,Dr. A. Patel,2026-10-19,13:00,Scheduled,
APT003849,P2535,Neurology,Dr. M. O'Brien,2023-08-24,08:00,DNA,
APT003850,P2535,Pulmonology,Dr. Y. Tanaka,2023-05-19,15:30,DNA,
APT003851,P2535,Neurology,Dr. M. O'Brien,2024-06-07,16:45,DNA,
APT003852,P2535,Endocrinology,Dr. A. Patel,2023-07-10,11:30,DNA,
APT003853,P2536,Nephrology,Dr. M. O'Brien,2023-01-17,10:15,Completed,
APT003854,P2537,Rheumatology,Dr. M. O'Brien,2023-04-04,08:00,Cancelled,
APT003855,P2537,Oncology,Dr. R. Singh,2024-01-12,09:15,DNA,
APT003856,P2537,Rheumatology,Dr. J. Nkosi,2023-09-13,15:15,DNA,
APT003857,P2537,Cardiology,Dr. A. Patel,2024-05-08,15:15,Cancelled,
APT003858,P2538,Nephrology,Dr. C. Müller,2023-07-31,14:00,DNA,
APT003859,P2539,Cardiology,Dr. J. Nkosi,2027-01-17,10:30,Scheduled,
APT003860,P2539,Pulmonology,Dr. Y. Tanaka,2027-02-21,16:00,Scheduled,
APT003861,P2539,Oncology,Dr. M. O'Brien,2027-03-24,15:00,Scheduled,
APT003862,P2540,Pulmonology,Dr. M. O'Brien,2023-04-30,10:00,DNA,
APT003863,P2540,General Practice,Dr. Y. Tanaka,2023-09-16,09:30,Completed,
APT003864,P2540,Physiotherapy,Dr. Y. Tanaka,2023-03-16,11:45,Cancelled,
APT003865,P2540,Pulmonology,Dr. M. O'Brien,2024-03-11,17:15,Cancelled,
APT003866,P2541,Neurology,Dr. M. O'Brien,2026-10-10,14:00,Scheduled,
APT003867,P2541,Nephrology,Dr. Y. Tanaka,2023-03-09,10:45,Completed,
APT003868,P2541,Cardiology,Dr. J. Nkosi,2023-08-18,11:15,Cancelled,
APT003869,P2541,Neurology,Dr. C. Müller,2023-02-24,14:15,DNA,
APT003870,P2542,Psychiatry,Dr. Y. Tanaka,2023-05-02,13:30,Cancelled,
APT003871,P2542,Physiotherapy,Dr. S. Khan,2024-11-09,12:45,DNA,
APT003872,P2542,Pulmonology,Dr. C. Müller,2024-12-15,14:15,Completed,
APT003873,P2542,Neurology,Dr. J. Nkosi,2027-03-03,08:45,Scheduled,
APT003874,P2543,Cardiology,Dr. R. Singh,2023-07-01,12:00,DNA,
APT003875,P2543,Nephrology,Dr. S. Khan,2024-01-22,16:30,DNA,
APT003876,P2543,General Practice,Dr. C. Müller,2024-06-04,17:30,DNA,
APT003877,P2543,General Practice,Dr. L. Torres,2023-03-04,17:00,Cancelled,
APT003878,P2544,Pulmonology,Dr. A. Patel,2024-01-16,15:15,Completed,
APT003879,P2544,Physiotherapy,Dr. Y. Tanaka,2024-05-23,14:30,Cancelled,
APT003880,P2545,Oncology,Dr. S. Khan,2023-02-09,17:45,Completed,
APT003881,P2545,Physiotherapy,Dr. Y. Tanaka,2024-09-08,08:45,DNA,
APT003882,P2545,Oncology,Dr. J. Nkosi,2026-10-11,16:45,Scheduled,
APT003883,P2546,Oncology,Dr. L. Torres,2024-05-08,08:30,Completed,
APT003884,P2546,General Practice,Dr. C. Müller,2024-01-15,12:15,DNA,
APT003885,P2546,General Practice,Dr. A. Patel,2024-06-06,11:15,DNA,
APT003886,P2547,Pulmonology,Dr. J. Nkosi,2023-10-29,15:00,DNA,
APT003887,P2547,Rheumatology,Dr. J. Nkosi,2027-03-24,10:45,Scheduled,
APT003888,P2548,General Practice,Dr. C. Müller,2023-11-13,10:30,DNA,
APT003889,P2548,Endocrinology,Dr. S. Khan,2023-10-23,14:30,Cancelled,
APT003890,P2549,Endocrinology,Dr. M. O'Brien,2027-03-03,15:00,Scheduled,
APT003891,P2549,Pulmonology,Dr. Y. Tanaka,2026-12-16,15:00,Scheduled,
APT003892,P2549,Nephrology,Dr. J. Nkosi,2024-11-04,15:45,Cancelled,
APT003893,P2550,Rheumatology,Dr. S. Khan,2024-08-02,13:15,Cancelled,
APT003894,P2550,Endocrinology,Dr. C. Müller,2024-11-17,17:00,Cancelled,
APT003895,P2551,General Practice,Dr. L. Torres,2026-10-18,17:30,Scheduled,
APT003896,P2551,Endocrinology,Dr. L. Torres,2026-11-15,09:30,Scheduled,
APT003897,P2552,General Practice,Dr. R. Singh,2023-09-25,13:45,DNA,
APT003898,P2552,Psychiatry,Dr. L. Torres,2027-03-18,13:15,Scheduled,
APT003899,P2553,Pulmonology,Dr. L. Torres,2023-07-31,09:30,DNA,
APT003900,P2554,Cardiology,Dr. S. Khan,2027-03-27,08:00,Scheduled,
APT003901,P2554,Psychiatry,Dr. J. Nkosi,2024-08-06,16:00,Cancelled,
APT003902,P2554,Nephrology,Dr. M. O'Brien,2024-09-18,11:45,Completed,
APT003903,P2554,Endocrinology,Dr. J. Nkosi,2023-07-23,11:00,Completed,
APT003904,P2555,Endocrinology,Dr. S. Khan,2023-10-09,12:30,Cancelled,
APT003905,P2555,Cardiology,Dr. Y. Tanaka,2024-02-28,12:45,DNA,
APT003906,P2555,Pulmonology,Dr. A. Patel,2023-12-02,16:15,Completed,
APT003907,P2555,Pulmonology,Dr. C. Müller,2023-03-12,14:00,Completed,
APT003908,P2556,Psychiatry,Dr. M. O'Brien,2024-08-20,16:45,DNA,
APT003909,P2556,Physiotherapy,Dr. R. Singh,2024-04-29,16:15,DNA,
APT003910,P2557,Pulmonology,Dr. S. Khan,2023-02-26,17:15,DNA,
APT003911,P2557,General Practice,Dr. R. Singh,2026-11-20,08:30,Scheduled,
APT003912,P2557,Cardiology,Dr. Y. Tanaka,2024-03-15,14:15,Completed,
APT003913,P2557,Neurology,Dr. Y. Tanaka,2024-05-20,08:15,Cancelled,
APT003914,P2558,Endocrinology,Dr. M. O'Brien,2026-10-16,11:15,Scheduled,
APT003915,P2558,Pulmonology,Dr. J. Nkosi,2023-11-14,16:30,Cancelled,
APT003916,P2558,Physiotherapy,Dr. J. Nkosi,2024-09-30,13:45,Cancelled,
APT003917,P2559,Pulmonology,Dr. L. Torres,2024-04-11,15:00,Cancelled,
APT003918,P2559,General Practice,Dr. J. Nkosi,2024-08-06,08:30,Cancelled,
APT003919,P2560,Pulmonology,Dr. R. Singh,2023-01-05,17:15,Cancelled,
APT003920,P2560,Oncology,Dr. J. Nkosi,2023-09-14,17:30,Completed,
APT003921,P2561,General Practice,Dr. M. O'Brien,2023-12-29,15:30,DNA,
APT003922,P2561,General Practice,Dr. C. Müller,2023-09-13,11:45,Completed,
APT003923,P2561,Psychiatry,Dr. R. Singh,2026-11-03,08:45,Scheduled,
APT003924,P2562,Psychiatry,Dr. S. Khan,2026-10-22,13:00,Scheduled,
APT003925,P2563,Endocrinology,Dr. R. Singh,2024-10-09,13:30,DNA,
APT003926,P2563,Cardiology,Dr. A. Patel,2024-12-30,17:15,DNA,
APT003927,P2563,Physiotherapy,Dr. Y. Tanaka,2024-11-20,14:45,Cancelled,
APT003928,P2564,Cardiology,Dr. S. Khan,2024-06-23,14:00,Cancelled,
APT003929,P2564,Physiotherapy,Dr. L. Torres,2024-02-26,08:30,Completed,
APT003930,P2564,Physiotherapy,Dr. C. Müller,2027-03-18,15:45,Scheduled,
APT003931,P2564,Rheumatology,Dr. R. Singh,2027-03-01,14:00,Scheduled,
APT003932,P2565,General Practice,Dr. S. Khan,2026-12-26,14:00,Scheduled,
APT003933,P2566,Endocrinology,Dr. S. Khan,2024-01-16,15:30,Completed,
APT003934,P2566,Cardiology,Dr. A. Patel,2024-11-01,17:15,Cancelled,
APT003935,P2566,Rheumatology,Dr. S. Khan,2026-12-12,15:30,Scheduled,
APT003936,P2566,Oncology,Dr. S. Khan,2024-06-19,09:30,Completed,
APT003937,P2567,Neurology,Dr. L. Torres,2027-02-14,14:30,Scheduled,
APT003938,P2568,General Practice,Dr. A. Patel,2023-04-23,13:15,Completed,
APT003939,P2568,General Practice,Dr. C. Müller,2023-04-22,13:45,Completed,
APT003940,P2569,Psychiatry,Dr. Y. Tanaka,2023-12-20,15:30,DNA,
APT003941,P2569,General Practice,Dr. C. Müller,2023-12-30,10:00,Completed,
APT003942,P2569,Endocrinology,Dr. Y. Tanaka,2024-05-19,08:30,Completed,
APT003943,P2569,Neurology,Dr. M. O'Brien,2026-10-20,14:00,Scheduled,
APT003944,P2570,General Practice,Dr. C. Müller,2023-07-20,09:00,DNA,
APT003945,P2570,Pulmonology,Dr. C. Müller,2024-12-30,11:00,DNA,
APT003946,P2570,Psychiatry,Dr. C. Müller,2027-02-24,16:15,Scheduled,
APT003947,P2571,Oncology,Dr. J. Nkosi,2027-01-28,13:00,Scheduled,
APT003948,P2571,Rheumatology,Dr. M. O'Brien,2024-12-25,13:15,DNA,
APT003949,P2572,Rheumatology,Dr. A. Patel,2023-09-26,17:45,Completed,
APT003950,P2572,Psychiatry,Dr. M. O'Brien,2024-09-19,10:15,Cancelled,
APT003951,P2572,Endocrinology,Dr. Y. Tanaka,2023-08-05,17:00,Completed,
APT003952,P2573,Physiotherapy,Dr. J. Nkosi,2024-03-02,12:15,Completed,
APT003953,P2573,General Practice,Dr. C. Müller,2027-03-08,09:15,Scheduled,
APT003954,P2573,Oncology,Dr. J. Nkosi,2024-06-17,14:30,Completed,
APT003955,P2574,Oncology,Dr. S. Khan,2026-11-25,16:15,Scheduled,
APT003956,P2575,Rheumatology,Dr. L. Torres,2024-03-11,11:30,Completed,
APT003957,P2575,Rheumatology,Dr. C. Müller,2027-02-16,10:45,Scheduled,
APT003958,P2576,Cardiology,Dr. Y. Tanaka,2024-03-14,17:00,DNA,
APT003959,P2576,General Practice,Dr. L. Torres,2024-09-06,15:15,Cancelled,
APT003960,P2577,Endocrinology,Dr. S. Khan,2023-02-01,09:45,Cancelled,
APT003961,P2577,Rheumatology,Dr. J. Nkosi,2027-03-01,11:15,Scheduled,
APT003962,P2577,Cardiology,Dr. J. Nkosi,2024-11-22,15:45,Completed,
APT003963,P2577,Endocrinology,Dr. C. Müller,2023-08-28,13:45,Completed,
APT003964,P2578,Rheumatology,Dr. L. Torres,2026-11-18,08:45,Scheduled,
APT003965,P2579,Rheumatology,Dr. S. Khan,2026-12-12,16:30,Scheduled,
APT003966,P2580,Pulmonology,Dr. L. Torres,2024-04-27,14:45,Cancelled,
APT003967,P2580,Cardiology,Dr. S. Khan,2024-12-06,12:15,Cancelled,
APT003968,P2580,Cardiology,Dr. R. Singh,2023-09-26,11:15,DNA,
APT003969,P2580,General Practice,Dr. L. Torres,2023-12-09,10:15,Cancelled,
APT003970,P2581,Physiotherapy,Dr. R. Singh,2024-02-24,17:30,DNA,
APT003971,P2581,Pulmonology,Dr. A. Patel,2023-02-01,09:15,DNA,
APT003972,P2581,General Practice,Dr. M. O'Brien,2024-04-05,13:15,Cancelled,
APT003973,P2581,Endocrinology,Dr. L. Torres,2026-11-24,10:00,Scheduled,
APT003974,P2582,Rheumatology,Dr. R. Singh,2027-03-03,13:45,Scheduled,
APT003975,P2583,Psychiatry,Dr. L. Torres,2023-02-24,16:15,Completed,
APT003976,P2583,Psychiatry,Dr. Y. Tanaka,2024-11-30,08:15,DNA,
APT003977,P2584,Nephrology,Dr. Y. Tanaka,2023-04-03,11:30,Completed,
APT003978,P2584,Psychiatry,Dr. C. Müller,2027-03-19,09:15,Scheduled,
APT003979,P2584,Nephrology,Dr. Y. Tanaka,2027-02-13,11:45,Scheduled,
APT003980,P2585,General Practice,Dr. R. Singh,2023-07-11,11:15,Cancelled,
APT003981,P2586,Physiotherapy,Dr. R. Singh,2024-11-17,11:45,Cancelled,
APT003982,P2587,Pulmonology,Dr. Y. Tanaka,2023-04-11,14:15,Completed,
APT003983,P2587,Physiotherapy,Dr. J. Nkosi,2024-10-15,14:30,Completed,
APT003984,P2587,Physiotherapy,Dr. R. Singh,2027-01-25,16:30,Scheduled,
APT003985,P2588,Endocrinology,Dr. A. Patel,2023-11-09,17:45,Cancelled,
APT003986,P2588,Neurology,Dr. M. O'Brien,2027-02-11,13:00,Scheduled,
APT003987,P2589,Cardiology,Dr. C. Müller,2023-08-29,11:15,Cancelled,
APT003988,P2589,Psychiatry,Dr. J. Nkosi,2023-01-21,14:00,Completed,
APT003989,P2589,Neurology,Dr. J. Nkosi,2024-12-09,13:45,Completed,
APT003990,P2590,Oncology,Dr. Y. Tanaka,2024-08-01,10:45,DNA,
APT003991,P2590,Psychiatry,Dr. L. Torres,2027-01-07,16:45,Scheduled,
APT003992,P2591,Endocrinology,Dr. Y. Tanaka,2023-03-30,17:30,Completed,
APT003993,P2591,Neurology,Dr. L. Torres,2027-01-10,12:00,Scheduled,
APT003994,P2591,Oncology,Dr. A. Patel,2026-11-21,11:30,Scheduled,
APT003995,P2591,Psychiatry,Dr. Y. Tanaka,2026-11-30,09:45,Scheduled,
APT003996,P2592,Physiotherapy,Dr. J. Nkosi,2027-02-10,13:00,Scheduled,
APT003997,P2592,Cardiology,Dr. Y. Tanaka,2023-04-04,09:00,Completed,
APT003998,P2592,Neurology,Dr. S. Khan,2027-01-01,12:45,Scheduled,
APT003999,P2592,Cardiology,Dr. L. Torres,2027-03-07,14:15,Scheduled,
APT004000,P2593,General Practice,Dr. R. Singh,2026-12-09,13:45,Scheduled,
APT004001,P2593,Physiotherapy,Dr. Y. Tanaka,2024-02-20,13:45,Completed,
APT004002,P2593,Pulmonology,Dr. S. Khan,2023-03-31,13:45,DNA,
APT004003,P2593,Physiotherapy,Dr. Y. Tanaka,2026-12-15,13:45,Scheduled,
APT004004,P2594,Oncology,Dr. A. Patel,2023-05-10,11:45,Cancelled,
APT004005,P2594,Nephrology,Dr. M. O'Brien,2026-11-08,08:30,Scheduled,
APT004006,P2594,Pulmonology,Dr. R. Singh,2024-03-12,10:45,Cancelled,
APT004007,P2595,Nephrology,Dr. C. Müller,2023-07-30,17:00,Completed,
APT004008,P2595,Psychiatry,Dr. L. Torres,2027-01-12,12:30,Scheduled,
APT004009,P2595,Psychiatry,Dr. R. Singh,2023-12-27,17:00,DNA,
APT004010,P2595,Pulmonology,Dr. C. Müller,2023-05-03,08:30,Completed,
APT004011,P2596,Pulmonology,Dr. L. Torres,2026-12-10,17:15,Scheduled,
APT004012,P2597,General Practice,Dr. C. Müller,2027-03-15,08:00,Scheduled,
APT004013,P2597,Nephrology,Dr. R. Singh,2024-09-02,12:45,Cancelled,
APT004014,P2598,Cardiology,Dr. J. Nkosi,2023-06-24,14:00,Completed,
APT004015,P2598,Psychiatry,Dr. A. Patel,2027-03-10,08:30,Scheduled,
APT004016,P2599,Physiotherapy,Dr. A. Patel,2024-09-30,15:45,DNA,
APT004017,P2600,Physiotherapy,Dr. J. Nkosi,2026-11-26,11:45,Scheduled,
APT004018,P2600,Oncology,Dr. Y. Tanaka,2023-03-14,17:00,Completed,
APT004019,P2600,Pulmonology,Dr. M. O'Brien,2027-02-18,09:30,Scheduled,
APT004020,P2600,General Practice,Dr. Y. Tanaka,2026-10-29,13:15,Scheduled,
APT004021,P2601,Nephrology,Dr. Y. Tanaka,2024-10-06,13:30,Cancelled,
APT004022,P2601,Endocrinology,Dr. R. Singh,2023-12-03,17:15,DNA,
APT004023,P2601,Rheumatology,Dr. M. O'Brien,2027-02-01,09:30,Scheduled,
APT004024,P2602,Psychiatry,Dr. M. O'Brien,2026-12-02,16:45,Scheduled,
APT004025,P2603,Cardiology,Dr. C. Müller,2026-11-11,13:30,Scheduled,
APT004026,P2604,Psychiatry,Dr. A. Patel,2026-11-21,08:30,Scheduled,
APT004027,P2605,Nephrology,Dr. M. O'Brien,2023-02-19,12:30,DNA,
APT004028,P2605,Nephrology,Dr. Y. Tanaka,2023-04-11,17:30,Completed,
APT004029,P2605,Cardiology,Dr. M. O'Brien,2023-04-15,09:00,Completed,
APT004030,P2605,Endocrinology,Dr. A. Patel,2023-01-25,15:30,DNA,
APT004031,P2606,Oncology,Dr. M. O'Brien,2027-02-06,09:45,Scheduled,
APT004032,P2606,Rheumatology,Dr. L. Torres,2024-01-17,15:30,Completed,
APT004033,P2606,Physiotherapy,Dr. Y. Tanaka,2024-01-14,15:15,Completed,
APT004034,P2607,Neurology,Dr. M. O'Brien,2026-11-17,16:00,Scheduled,
APT004035,P2607,Pulmonology,Dr. J. Nkosi,2026-10-27,08:00,Scheduled,
APT004036,P2607,Oncology,Dr. L. Torres,2023-12-06,09:15,Completed,
APT004037,P2608,Nephrology,Dr. C. Müller,2026-12-01,16:00,Scheduled,
APT004038,P2608,Oncology,Dr. M. O'Brien,2023-08-02,17:15,DNA,
APT004039,P2608,Neurology,Dr. Y. Tanaka,2024-02-10,09:00,Cancelled,
APT004040,P2608,Cardiology,Dr. R. Singh,2024-03-19,12:15,DNA,
APT004041,P2609,Psychiatry,Dr. C. Müller,2023-10-17,16:30,DNA,
APT004042,P2610,Nephrology,Dr. A. Patel,2023-06-15,08:30,Cancelled,
APT004043,P2611,General Practice,Dr. J. Nkosi,2024-09-09,09:00,Cancelled,
APT004044,P2611,Rheumatology,Dr. M. O'Brien,2023-11-18,13:45,Completed,
APT004045,P2611,Oncology,Dr. L. Torres,2026-12-02,17:45,Scheduled,
APT004046,P2612,Nephrology,Dr. A. Patel,2023-12-15,11:30,Completed,
APT004047,P2612,Rheumatology,Dr. R. Singh,2024-05-11,16:15,Completed,
APT004048,P2612,Rheumatology,Dr. M. O'Brien,2024-05-27,08:30,Completed,
APT004049,P2612,Cardiology,Dr. M. O'Brien,2026-11-08,16:00,Scheduled,
APT004050,P2613,Endocrinology,Dr. L. Torres,2027-02-03,09:45,Scheduled,
APT004051,P2614,Nephrology,Dr. S. Khan,2023-11-12,09:45,Cancelled,
APT004052,P2614,Nephrology,Dr. J. Nkosi,2023-08-24,13:00,Cancelled,
APT004053,P2614,Pulmonology,Dr. L. Torres,2024-07-12,15:15,DNA,
APT004054,P2614,General Practice,Dr. A. Patel,2027-03-17,10:15,Scheduled,
APT004055,P2615,Cardiology,Dr. C. Müller,2027-01-09,12:45,Scheduled,
APT004056,P2615,Endocrinology,Dr. A. Patel,2024-01-21,11:45,Cancelled,
APT004057,P2616,General Practice,Dr. Y. Tanaka,2023-12-31,17:30,Cancelled,
APT004058,P2616,Cardiology,Dr. Y. Tanaka,2027-02-13,13:45,Scheduled,
APT004059,P2617,Physiotherapy,Dr. S. Khan,2024-04-03,11:30,Cancelled,
APT004060,P2617,Psychiatry,Dr. M. O'Brien,2026-12-31,12:15,Scheduled,
APT004061,P2617,Endocrinology,Dr. Y. Tanaka,2023-04-18,13:00,Completed,
APT004062,P2617,Cardiology,Dr. J. Nkosi,2024-09-14,09:30,DNA,
APT004063,P2618,Endocrinology,Dr. L. Torres,2024-09-20,12:15,DNA,
APT004064,P2618,Rheumatology,Dr. Y. Tanaka,2026-12-07,12:45,Scheduled,
APT004065,P2619,Nephrology,Dr. S. Khan,2024-02-27,14:15,Completed,
APT004066,P2619,Cardiology,Dr. J. Nkosi,2024-05-16,12:30,Completed,
APT004067,P2620,Rheumatology,Dr. J. Nkosi,2026-10-16,08:00,Scheduled,
APT004068,P2620,Rheumatology,Dr. C. Müller,2023-10-21,13:45,DNA,
APT004069,P2620,Neurology,Dr. C. Müller,2026-12-11,11:15,Scheduled,
APT004070,P2621,Cardiology,Dr. Y. Tanaka,2026-11-02,09:45,Scheduled,
APT004071,P2621,Pulmonology,Dr. Y. Tanaka,2023-05-04,13:30,DNA,
APT004072,P2621,Nephrology,Dr. J. Nkosi,2027-02-10,11:00,Scheduled,
APT004073,P2622,Physiotherapy,Dr. S. Khan,2023-07-22,16:00,Cancelled,
APT004074,P2622,Neurology,Dr. S. Khan,2027-03-17,10:45,Scheduled,
APT004075,P2623,Neurology,Dr. Y. Tanaka,2024-04-02,08:30,DNA,
APT004076,P2623,General Practice,Dr. Y. Tanaka,2027-01-16,13:00,Scheduled,
APT004077,P2623,Cardiology,Dr. R. Singh,2024-07-14,10:15,Completed,
APT004078,P2624,Oncology,Dr. A. Patel,2027-03-24,17:00,Scheduled,
APT004079,P2624,Psychiatry,Dr. R. Singh,2024-02-08,08:00,Completed,
APT004080,P2625,Oncology,Dr. R. Singh,2026-12-20,12:45,Scheduled,
APT004081,P2626,General Practice,Dr. A. Patel,2024-05-20,17:45,Cancelled,
APT004082,P2626,Neurology,Dr. A. Patel,2023-12-23,17:45,Cancelled,
APT004083,P2627,Oncology,Dr. L. Torres,2024-06-19,10:30,Cancelled,
APT004084,P2628,Neurology,Dr. C. Müller,2024-04-07,17:30,DNA,
APT004085,P2628,General Practice,Dr. S. Khan,2024-09-07,14:15,Cancelled,
APT004086,P2629,Endocrinology,Dr. J. Nkosi,2023-08-12,15:15,Cancelled,
APT004087,P2630,Endocrinology,Dr. C. Müller,2024-08-02,14:00,Completed,
APT004088,P2630,Oncology,Dr. C. Müller,2024-07-06,10:30,DNA,
APT004089,P2630,General Practice,Dr. A. Patel,2024-02-28,10:45,Cancelled,
APT004090,P2631,Oncology,Dr. M. O'Brien,2023-06-05,13:45,Completed,
APT004091,P2631,Neurology,Dr. S. Khan,2023-06-16,09:45,Cancelled,
APT004092,P2631,Neurology,Dr. A. Patel,2024-09-18,08:15,Cancelled,
APT004093,P2631,Psychiatry,Dr. S. Khan,2023-11-07,17:00,Cancelled,
APT004094,P2632,Psychiatry,Dr. Y. Tanaka,2023-08-29,13:45,Completed,
APT004095,P2632,Neurology,Dr. L. Torres,2027-03-06,14:30,Scheduled,
APT004096,P2632,Endocrinology,Dr. J. Nkosi,2024-01-30,11:30,Completed,
APT004097,P2633,Rheumatology,Dr. C. Müller,2023-12-10,09:30,DNA,
APT004098,P2634,Neurology,Dr. C. Müller,2023-05-26,13:15,Cancelled,
APT004099,P2635,Psychiatry,Dr. M. O'Brien,2026-12-31,17:00,Scheduled,
APT004100,P2636,Nephrology,Dr. A. Patel,2024-03-08,09:30,Completed,
APT004101,P2636,Endocrinology,Dr. L. Torres,2023-01-15,12:00,DNA,
APT004102,P2636,Endocrinology,Dr. C. Müller,2024-05-20,15:15,DNA,
APT004103,P2636,Nephrology,Dr. S. Khan,2023-09-12,08:45,Cancelled,
APT004104,P2637,General Practice,Dr. L. Torres,2024-09-15,14:00,DNA,
APT004105,P2637,Pulmonology,Dr. R. Singh,2027-03-16,12:45,Scheduled,
APT004106,P2638,Physiotherapy,Dr. S. Khan,2023-03-23,08:30,Completed,
APT004107,P2638,Psychiatry,Dr. R. Singh,2023-09-02,08:00,Completed,
APT004108,P2638,Cardiology,Dr. Y. Tanaka,2024-02-17,16:00,DNA,
APT004109,P2638,Cardiology,Dr. Y. Tanaka,2027-03-22,16:30,Scheduled,
APT004110,P2639,Physiotherapy,Dr. J. Nkosi,2027-02-12,11:00,Scheduled,
APT004111,P2639,Nephrology,Dr. S. Khan,2024-05-03,13:45,Cancelled,
APT004112,P2639,Pulmonology,Dr. A. Patel,2027-03-10,14:45,Scheduled,
APT004113,P2639,Nephrology,Dr. R. Singh,2024-03-19,15:45,DNA,
APT004114,P2640,Oncology,Dr. M. O'Brien,2024-08-11,17:30,Completed,
APT004115,P2641,Physiotherapy,Dr. M. O'Brien,2024-12-11,15:15,DNA,
APT004116,P2641,Rheumatology,Dr. M. O'Brien,2026-12-14,17:15,Scheduled,
APT004117,P2641,General Practice,Dr. L. Torres,2027-01-27,13:30,Scheduled,
APT004118,P2641,Endocrinology,Dr. A. Patel,2023-10-05,13:30,Completed,
APT004119,P2642,Rheumatology,Dr. A. Patel,2023-08-03,14:15,DNA,
APT004120,P2642,Rheumatology,Dr. C. Müller,2023-12-30,12:30,DNA,
APT004121,P2642,Neurology,Dr. C. Müller,2026-11-02,11:45,Scheduled,
APT004122,P2642,Pulmonology,Dr. C. Müller,2023-02-26,11:00,DNA,
APT004123,P2643,Endocrinology,Dr. R. Singh,2024-10-03,08:45,Cancelled,
APT004124,P2643,Physiotherapy,Dr. J. Nkosi,2023-04-07,14:45,Completed,
APT004125,P2643,Rheumatology,Dr. S. Khan,2023-07-12,12:30,Completed,
APT004126,P2643,Cardiology,Dr. L. Torres,2023-02-02,17:15,Completed,
APT004127,P2644,Pulmonology,Dr. A. Patel,2024-03-05,17:45,DNA,
APT004128,P2644,Pulmonology,Dr. M. O'Brien,2023-02-04,16:45,Cancelled,
APT004129,P2644,Rheumatology,Dr. A. Patel,2023-06-14,08:45,Completed,
APT004130,P2645,Oncology,Dr. S. Khan,2026-11-20,17:30,Scheduled,
APT004131,P2645,Physiotherapy,Dr. A. Patel,2027-03-02,13:15,Scheduled,
APT004132,P2645,Physiotherapy,Dr. L. Torres,2024-08-01,13:30,Cancelled,
APT004133,P2646,Rheumatology,Dr. C. Müller,2024-02-24,11:00,Cancelled,
APT004134,P2646,Nephrology,Dr. Y. Tanaka,2026-10-15,14:45,Scheduled,
APT004135,P2647,Pulmonology,Dr. A. Patel,2026-12-11,11:45,Scheduled,
APT004136,P2647,Cardiology,Dr. S. Khan,2023-10-14,14:00,Cancelled,
APT004137,P2647,Oncology,Dr. Y. Tanaka,2026-10-22,13:00,Scheduled,
APT004138,P2648,Nephrology,Dr. J. Nkosi,2027-03-14,16:30,Scheduled,
APT004139,P2648,Nephrology,Dr. C. Müller,2023-01-17,08:00,Completed,
APT004140,P2649,Neurology,Dr. M. O'Brien,2023-11-06,17:30,DNA,
APT004141,P2649,Pulmonology,Dr. A. Patel,2023-11-27,08:15,DNA,
APT004142,P2650,Endocrinology,Dr. M. O'Brien,2026-10-17,15:45,Scheduled,
APT004143,P2650,Endocrinology,Dr. C. Müller,2023-01-12,08:30,Completed,
APT004144,P2650,Nephrology,Dr. L. Torres,2024-01-27,14:30,DNA,
APT004145,P2650,Rheumatology,Dr. S. Khan,2023-12-11,08:45,Completed,
APT004146,P2651,Endocrinology,Dr. L. Torres,2024-11-10,12:15,DNA,
APT004147,P2651,Psychiatry,Dr. R. Singh,2024-12-25,15:00,Cancelled,
APT004148,P2651,Endocrinology,Dr. M. O'Brien,2023-10-09,09:00,Cancelled,
APT004149,P2652,Cardiology,Dr. C. Müller,2024-08-15,14:00,Completed,
APT004150,P2652,General Practice,Dr. J. Nkosi,2023-03-06,16:15,Completed,
APT004151,P2652,Oncology,Dr. R. Singh,2027-02-14,08:45,Scheduled,
APT004152,P2653,Physiotherapy,Dr. S. Khan,2026-12-08,13:00,Scheduled,
APT004153,P2654,Cardiology,Dr. Y. Tanaka,2027-03-25,13:30,Scheduled,
APT004154,P2655,Physiotherapy,Dr. Y. Tanaka,2026-12-01,08:15,Scheduled,
APT004155,P2655,Rheumatology,Dr. R. Singh,2027-02-23,16:30,Scheduled,
APT004156,P2655,Physiotherapy,Dr. M. O'Brien,2024-10-07,15:00,DNA,
APT004157,P2655,Nephrology,Dr. A. Patel,2023-12-12,08:00,Cancelled,
APT004158,P2656,Cardiology,Dr. C. Müller,2023-03-31,12:30,DNA,
APT004159,P2656,Cardiology,Dr. Y. Tanaka,2026-12-17,15:00,Scheduled,
APT004160,P2657,Endocrinology,Dr. M. O'Brien,2027-01-08,14:00,Scheduled,
APT004161,P2657,General Practice,Dr. Y. Tanaka,2024-02-22,12:15,Completed,
APT004162,P2657,Pulmonology,Dr. C. Müller,2024-08-30,12:30,Completed,
APT004163,P2657,Endocrinology,Dr. R. Singh,2024-01-28,16:00,Completed,
APT004164,P2658,Physiotherapy,Dr. S. Khan,2024-03-20,15:00,DNA,
APT004165,P2659,Cardiology,Dr. Y. Tanaka,2024-07-08,15:15,Completed,
APT004166,P2660,Psychiatry,Dr. J. Nkosi,2023-11-23,14:15,Completed,
APT004167,P2660,Physiotherapy,Dr. M. O'Brien,2026-11-20,15:15,Scheduled,
APT004168,P2660,Pulmonology,Dr. R. Singh,2026-12-03,17:45,Scheduled,
APT004169,P2661,Psychiatry,Dr. R. Singh,2023-11-16,16:00,Completed,
APT004170,P2661,Cardiology,Dr. L. Torres,2027-03-08,15:45,Scheduled,
APT004171,P2662,Physiotherapy,Dr. J. Nkosi,2027-02-23,16:00,Scheduled,
APT004172,P2662,General Practice,Dr. J. Nkosi,2023-11-10,10:45,Completed,
APT004173,P2662,Nephrology,Dr. J. Nkosi,2026-10-26,14:15,Scheduled,
APT004174,P2662,Neurology,Dr. C. Müller,2023-05-03,11:00,Cancelled,
APT004175,P2663,Pulmonology,Dr. L. Torres,2026-12-23,15:00,Scheduled,
APT004176,P2663,Psychiatry,Dr. C. Müller,2024-05-25,10:30,Completed,
APT004177,P2664,Nephrology,Dr. S. Khan,2027-03-28,08:15,Scheduled,
APT004178,P2665,Psychiatry,Dr. S. Khan,2027-03-12,09:45,Scheduled,
APT004179,P2665,Rheumatology,Dr. C. Müller,2023-02-18,16:30,DNA,
APT004180,P2665,Oncology,Dr. L. Torres,2026-12-01,12:30,Scheduled,
APT004181,P2665,Cardiology,Dr. L. Torres,2026-10-24,13:45,Scheduled,
APT004182,P2666,Neurology,Dr. R. Singh,2024-09-20,09:30,Completed,
APT004183,P2667,Pulmonology,Dr. A. Patel,2027-02-22,08:45,Scheduled,
APT004184,P2667,Neurology,Dr. J. Nkosi,2024-07-20,12:00,Cancelled,
APT004185,P2667,Physiotherapy,Dr. Y. Tanaka,2023-08-05,15:30,Cancelled,
APT004186,P2667,Physiotherapy,Dr. J. Nkosi,2027-01-30,13:45,Scheduled,
APT004187,P2668,Nephrology,Dr. R. Singh,2023-08-20,17:45,DNA,
APT004188,P2668,Endocrinology,Dr. J. Nkosi,2027-01-02,12:15,Scheduled,
APT004189,P2668,Neurology,Dr. L. Torres,2023-07-07,12:15,DNA,
APT004190,P2669,Pulmonology,Dr. S. Khan,2023-02-09,10:45,DNA,
APT004191,P2670,Rheumatology,Dr. C. Müller,2027-03-17,08:45,Scheduled,
APT004192,P2670,Rheumatology,Dr. S. Khan,2023-09-21,17:15,Completed,
APT004193,P2671,Neurology,Dr. M. O'Brien,2024-01-10,16:00,DNA,
APT004194,P2671,Rheumatology,Dr. M. O'Brien,2024-01-07,08:45,Cancelled,
APT004195,P2671,General Practice,Dr. Y. Tanaka,2024-07-09,11:45,DNA,
APT004196,P2672,Nephrology,Dr. Y. Tanaka,2026-11-21,10:30,Scheduled,
APT004197,P2672,Physiotherapy,Dr. L. Torres,2026-11-17,08:00,Scheduled,
APT004198,P2673,Rheumatology,Dr. S. Khan,2023-10-24,12:30,Cancelled,
APT004199,P2674,Neurology,Dr. C. Müller,2026-11-23,08:00,Scheduled,
APT004200,P2674,Physiotherapy,Dr. C. Müller,2023-12-22,17:45,Completed,
APT004201,P2675,Pulmonology,Dr. M. O'Brien,2024-11-03,15:15,Completed,
APT004202,P2676,Psychiatry,Dr. Y. Tanaka,2023-01-27,17:30,Completed,
APT004203,P2677,Oncology,Dr. J. Nkosi,2026-12-14,13:15,Scheduled,
APT004204,P2678,Psychiatry,Dr. Y. Tanaka,2027-02-17,14:15,Scheduled,
APT004205,P2678,Endocrinology,Dr. C. Müller,2026-12-29,16:30,Scheduled,
APT004206,P2678,Rheumatology,Dr. S. Khan,2023-07-07,11:00,Cancelled,
APT004207,P2678,Neurology,Dr. C. Müller,2024-09-27,12:45,DNA,
APT004208,P2679,Rheumatology,Dr. R. Singh,2023-04-11,09:30,Completed,
APT004209,P2679,Endocrinology,Dr. A. Patel,2024-07-03,12:00,Completed,
APT004210,P2679,Cardiology,Dr. Y. Tanaka,2027-03-26,13:45,Scheduled,
APT004211,P2680,Nephrology,Dr. Y. Tanaka,2024-06-26,14:45,DNA,
APT004212,P2681,Neurology,Dr. A. Patel,2027-03-01,14:15,Scheduled,
APT004213,P2681,Endocrinology,Dr. M. O'Brien,2027-02-22,17:45,Scheduled,
APT004214,P2682,Endocrinology,Dr. C. Müller,2026-12-01,14:30,Scheduled,
APT004215,P2682,Nephrology,Dr. L. Torres,2026-10-23,12:30,Scheduled,
APT004216,P2683,Neurology,Dr. L. Torres,2023-08-12,08:45,Cancelled,
APT004217,P2683,Endocrinology,Dr. A. Patel,2026-12-03,17:30,Scheduled,
APT004218,P2684,Endocrinology,Dr. J. Nkosi,2027-01-16,10:00,Scheduled,
APT004219,P2685,General Practice,Dr. Y. Tanaka,2024-05-23,13:00,DNA,
APT004220,P2686,Physiotherapy,Dr. Y. Tanaka,2024-05-18,14:00,DNA,
APT004221,P2686,General Practice,Dr. L. Torres,2023-05-24,14:00,Completed,
APT004222,P2686,Oncology,Dr. R. Singh,2024-05-16,16:30,Cancelled,
APT004223,P2687,Cardiology,Dr. J. Nkosi,2024-01-14,09:15,DNA,
APT004224,P2687,Nephrology,Dr. S. Khan,2027-03-27,15:15,Scheduled,
APT004225,P2688,General Practice,Dr. C. Müller,2024-12-07,14:00,Cancelled,
APT004226,P2688,General Practice,Dr. M. O'Brien,2023-12-16,11:00,Cancelled,
APT004227,P2689,Psychiatry,Dr. R. Singh,2023-03-24,12:45,Cancelled,
APT004228,P2689,Endocrinology,Dr. L. Torres,2026-10-31,16:45,Scheduled,
APT004229,P2690,Cardiology,Dr. M. O'Brien,2024-06-20,16:00,DNA,
APT004230,P2690,Nephrology,Dr. J. Nkosi,2027-02-13,15:45,Scheduled,
APT004231,P2690,Nephrology,Dr. S. Khan,2026-12-31,09:00,Scheduled,
APT004232,P2690,Oncology,Dr. Y. Tanaka,2026-11-17,15:15,Scheduled,
APT004233,P2691,Pulmonology,Dr. C. Müller,2023-07-08,10:15,Cancelled,
APT004234,P2692,Rheumatology,Dr. L. Torres,2027-01-22,09:15,Scheduled,
APT004235,P2692,Rheumatology,Dr. J. Nkosi,2024-08-12,10:45,DNA,
APT004236,P2692,Physiotherapy,Dr. M. O'Brien,2024-10-25,15:30,Completed,
APT004237,P2693,Rheumatology,Dr. M. O'Brien,2023-10-09,14:45,Cancelled,
APT004238,P2693,Psychiatry,Dr. R. Singh,2024-04-18,15:00,Completed,
APT004239,P2693,Psychiatry,Dr. A. Patel,2023-09-18,15:45,Cancelled,
APT004240,P2694,Endocrinology,Dr. L. Torres,2023-10-13,09:00,Cancelled,
APT004241,P2694,Nephrology,Dr. S. Khan,2024-05-28,16:00,DNA,
APT004242,P2695,Nephrology,Dr. M. O'Brien,2023-08-08,11:30,DNA,
APT004243,P2695,Endocrinology,Dr. L. Torres,2024-01-10,10:45,Completed,
APT004244,P2695,Oncology,Dr. A. Patel,2027-03-14,13:15,Scheduled,
APT004245,P2695,Cardiology,Dr. S. Khan,2023-05-14,09:00,Cancelled,
APT004246,P2696,Rheumatology,Dr. A. Patel,2023-03-16,11:45,DNA,
APT004247,P2696,Nephrology,Dr. A. Patel,2026-11-30,10:45,Scheduled,
APT004248,P2696,Cardiology,Dr. Y. Tanaka,2023-11-06,17:30,Completed,
APT004249,P2696,Endocrinology,Dr. M. O'Brien,2023-06-02,09:15,Cancelled,
APT004250,P2697,Oncology,Dr. M. O'Brien,2026-11-27,16:45,Scheduled,
APT004251,P2697,Pulmonology,Dr. L. Torres,2023-12-26,11:45,Completed,
APT004252,P2698,Oncology,Dr. S. Khan,2023-08-05,15:45,Cancelled,
APT004253,P2698,Pulmonology,Dr. R. Singh,2024-05-07,14:00,Completed,
APT004254,P2698,Neurology,Dr. A. Patel,2027-03-22,09:30,Scheduled,
APT004255,P2699,Psychiatry,Dr. S. Khan,2027-03-13,14:15,Scheduled,
APT004256,P2700,Physiotherapy,Dr. J. Nkosi,2023-03-18,16:15,DNA,
APT004257,P2701,Nephrology,Dr. J. Nkosi,2023-05-28,11:15,Cancelled,
APT004258,P2701,General Practice,Dr. Y. Tanaka,2023-07-18,08:00,DNA,
APT004259,P2702,Nephrology,Dr. Y. Tanaka,2026-10-20,15:45,Scheduled,
APT004260,P2702,Physiotherapy,Dr. J. Nkosi,2027-01-28,09:00,Scheduled,
APT004261,P2702,Neurology,Dr. Y. Tanaka,2027-02-16,11:45,Scheduled,
APT004262,P2703,Physiotherapy,Dr. A. Patel,2026-12-12,16:15,Scheduled,
APT004263,P2703,Psychiatry,Dr. M. O'Brien,2023-04-17,11:00,Cancelled,
APT004264,P2703,Psychiatry,Dr. C. Müller,2027-02-28,11:15,Scheduled,
APT004265,P2704,Endocrinology,Dr. R. Singh,2023-03-17,14:45,Cancelled,
APT004266,P2704,Neurology,Dr. Y. Tanaka,2023-06-18,16:45,DNA,
APT004267,P2704,Neurology,Dr. J. Nkosi,2024-08-23,17:00,Completed,
APT004268,P2704,Oncology,Dr. A. Patel,2023-06-09,09:00,Completed,
APT004269,P2705,Pulmonology,Dr. R. Singh,2024-10-24,12:45,DNA,
APT004270,P2705,Pulmonology,Dr. C. Müller,2023-07-16,09:45,Cancelled,
APT004271,P2705,Psychiatry,Dr. J. Nkosi,2024-11-11,15:15,Completed,
APT004272,P2705,General Practice,Dr. L. Torres,2027-01-24,08:15,Scheduled,
APT004273,P2706,Psychiatry,Dr. C. Müller,2024-09-06,13:45,DNA,
APT004274,P2706,Physiotherapy,Dr. R. Singh,2023-11-03,16:15,Cancelled,
APT004275,P2706,Neurology,Dr. Y. Tanaka,2026-10-14,15:00,Scheduled,
APT004276,P2707,Endocrinology,Dr. J. Nkosi,2023-03-04,11:30,DNA,
APT004277,P2707,Endocrinology,Dr. Y. Tanaka,2024-07-23,10:00,Cancelled,
APT004278,P2708,General Practice,Dr. S. Khan,2023-11-25,09:00,Cancelled,
APT004279,P2708,Neurology,Dr. L. Torres,2023-04-24,08:45,Cancelled,
APT004280,P2708,Pulmonology,Dr. S. Khan,2027-01-16,14:15,Scheduled,
APT004281,P2708,Pulmonology,Dr. M. O'Brien,2024-02-26,13:45,DNA,
APT004282,P2709,Psychiatry,Dr. L. Torres,2027-02-14,15:00,Scheduled,
APT004283,P2709,Rheumatology,Dr. C. Müller,2026-10-12,14:30,Scheduled,
APT004284,P2709,Oncology,Dr. M. O'Brien,2023-11-10,09:45,Cancelled,
APT004285,P2709,Cardiology,Dr. C. Müller,2027-02-19,17:15,Scheduled,
APT004286,P2710,Oncology,Dr. C. Müller,2027-01-05,14:45,Scheduled,
APT004287,P2710,Rheumatology,Dr. C. Müller,2023-03-09,12:45,Completed,
APT004288,P2710,Cardiology,Dr. S. Khan,2024-11-17,15:45,DNA,
APT004289,P2710,Oncology,Dr. A. Patel,2024-03-31,15:00,DNA,
APT004290,P2711,Rheumatology,Dr. M. O'Brien,2027-01-08,11:45,Scheduled,
APT004291,P2711,Psychiatry,Dr. Y. Tanaka,2023-06-04,17:45,Cancelled,
APT004292,P2711,Endocrinology,Dr. L. Torres,2024-10-03,15:45,Cancelled,
APT004293,P2712,Psychiatry,Dr. S. Khan,2024-06-13,08:45,Completed,
APT004294,P2712,Cardiology,Dr. L. Torres,2023-08-06,17:45,Completed,
APT004295,P2712,General Practice,Dr. J. Nkosi,2024-02-03,12:30,Cancelled,
APT004296,P2712,Cardiology,Dr. L. Torres,2026-10-21,15:15,Scheduled,
APT004297,P2713,Rheumatology,Dr. Y. Tanaka,2027-01-12,14:15,Scheduled,
APT004298,P2713,Cardiology,Dr. C. Müller,2023-08-14,09:30,DNA,
APT004299,P2713,Pulmonology,Dr. C. Müller,2026-10-13,15:00,Scheduled,
APT004300,P2713,Physiotherapy,Dr. J. Nkosi,2023-02-16,17:30,Completed,
APT004301,P2714,Neurology,Dr. S. Khan,2026-11-25,15:15,Scheduled,
APT004302,P2714,Oncology,Dr. R. Singh,2026-12-11,08:30,Scheduled,
APT004303,P2714,General Practice,Dr. R. Singh,2023-02-21,08:45,DNA,
APT004304,P2715,Cardiology,Dr. S. Khan,2023-10-16,13:00,Cancelled,
APT004305,P2715,General Practice,Dr. A. Patel,2023-04-14,16:45,Completed,
APT004306,P2716,Physiotherapy,Dr. Y. Tanaka,2023-03-02,11:15,Completed,
APT004307,P2716,Oncology,Dr. L. Torres,2027-01-19,14:00,Scheduled,
APT004308,P2717,Nephrology,Dr. R. Singh,2027-02-16,16:30,Scheduled,
APT004309,P2717,Neurology,Dr. M. O'Brien,2023-08-25,14:00,DNA,
APT004310,P2717,Neurology,Dr. R. Singh,2027-01-03,12:30,Scheduled,
APT004311,P2718,Pulmonology,Dr. A. Patel,2026-10-18,15:00,Scheduled,
APT004312,P2719,Physiotherapy,Dr. J. Nkosi,2023-12-07,08:00,DNA,
APT004313,P2719,Nephrology,Dr. L. Torres,2023-07-14,10:30,DNA,
APT004314,P2719,Endocrinology,Dr. S. Khan,2024-10-03,13:15,DNA,
APT004315,P2719,Pulmonology,Dr. R. Singh,2024-11-28,11:15,Completed,
APT004316,P2720,Oncology,Dr. R. Singh,2024-01-12,13:00,DNA,
APT004317,P2720,Rheumatology,Dr. Y. Tanaka,2024-01-14,12:15,DNA,
APT004318,P2720,Cardiology,Dr. S. Khan,2023-02-20,11:30,Completed,
APT004319,P2720,Rheumatology,Dr. J. Nkosi,2027-03-20,14:30,Scheduled,
APT004320,P2721,Nephrology,Dr. Y. Tanaka,2024-11-01,13:45,Cancelled,
APT004321,P2721,Rheumatology,Dr. M. O'Brien,2024-02-28,12:15,Cancelled,
APT004322,P2721,Physiotherapy,Dr. Y. Tanaka,2024-03-07,09:30,Cancelled,
APT004323,P2722,Psychiatry,Dr. C. Müller,2026-12-07,15:00,Scheduled,
APT004324,P2723,Endocrinology,Dr. J. Nkosi,2023-11-20,12:45,Cancelled,
APT004325,P2723,Nephrology,Dr. Y. Tanaka,2023-03-19,11:00,Cancelled,
APT004326,P2724,Neurology,Dr. L. Torres,2024-04-01,17:30,Completed,
APT004327,P2724,Physiotherapy,Dr. A. Patel,2026-11-26,16:30,Scheduled,
APT004328,P2724,Rheumatology,Dr. L. Torres,2023-05-25,16:15,Cancelled,
APT004329,P2725,Oncology,Dr. M. O'Brien,2023-03-16,10:15,DNA,
APT004330,P2725,Nephrology,Dr. M. O'Brien,2026-11-15,17:00,Scheduled,
APT004331,P2726,Psychiatry,Dr. J. Nkosi,2023-12-15,16:00,DNA,
APT004332,P2727,Nephrology,Dr. C. Müller,2026-11-26,14:00,Scheduled,
APT004333,P2727,Physiotherapy,Dr. L. Torres,2023-09-11,15:30,Completed,
APT004334,P2727,Neurology,Dr. S. Khan,2024-05-07,11:00,DNA,
APT004335,P2728,Psychiatry,Dr. L. Torres,2027-03-06,08:30,Scheduled,
APT004336,P2729,Rheumatology,Dr. Y. Tanaka,2027-03-03,09:45,Scheduled,
APT004337,P2730,Nephrology,Dr. M. O'Brien,2027-03-30,09:15,Scheduled,
APT004338,P2731,General Practice,Dr. R. Singh,2026-12-12,13:00,Scheduled,
APT004339,P2732,Oncology,Dr. R. Singh,2027-03-22,14:00,Scheduled,
APT004340,P2732,Neurology,Dr. L. Torres,2026-10-22,09:30,Scheduled,
APT004341,P2732,Psychiatry,Dr. J. Nkosi,2023-12-11,17:15,Cancelled,
APT004342,P2732,Oncology,Dr. L. Torres,2027-01-07,08:30,Scheduled,
APT004343,P2733,Nephrology,Dr. L. Torres,2027-03-09,11:30,Scheduled,
APT004344,P2734,Neurology,Dr. C. Müller,2027-03-18,14:00,Scheduled,
APT004345,P2734,Oncology,Dr. C. Müller,2024-08-09,15:00,Cancelled,
APT004346,P2734,Endocrinology,Dr. J. Nkosi,2024-06-28,08:30,DNA,
APT004347,P2734,Pulmonology,Dr. C. Müller,2027-01-28,08:30,Scheduled,
APT004348,P2735,Rheumatology,Dr. C. Müller,2026-11-14,15:00,Scheduled,
APT004349,P2735,Cardiology,Dr. S. Khan,2023-11-26,13:00,Completed,
APT004350,P2735,Nephrology,Dr. Y. Tanaka,2023-09-01,12:30,Completed,
APT004351,P2735,Neurology,Dr. M. O'Brien,2026-12-21,14:30,Scheduled,
APT004352,P2736,Pulmonology,Dr. J. Nkosi,2026-10-15,10:45,Scheduled,
APT004353,P2737,Psychiatry,Dr. L. Torres,2024-04-14,17:45,Cancelled,
APT004354,P2737,Nephrology,Dr. A. Patel,2023-10-06,11:30,Cancelled,
APT004355,P2737,Neurology,Dr. Y. Tanaka,2023-07-07,15:30,DNA,
APT004356,P2738,Pulmonology,Dr. J. Nkosi,2024-07-18,08:00,Cancelled,
APT004357,P2738,Physiotherapy,Dr. R. Singh,2024-07-20,16:45,Cancelled,
APT004358,P2738,Physiotherapy,Dr. L. Torres,2024-09-29,15:15,Cancelled,
APT004359,P2739,Psychiatry,Dr. C. Müller,2027-03-05,15:45,Scheduled,
APT004360,P2739,Physiotherapy,Dr. S. Khan,2024-12-02,08:15,Cancelled,
APT004361,P2740,Oncology,Dr. R. Singh,2023-11-08,08:15,Completed,
APT004362,P2740,Rheumatology,Dr. R. Singh,2026-11-29,09:30,Scheduled,
APT004363,P2740,Cardiology,Dr. J. Nkosi,2026-11-29,15:00,Scheduled,
APT004364,P2740,Oncology,Dr. L. Torres,2023-10-23,08:15,Completed,
APT004365,P2741,Endocrinology,Dr. C. Müller,2024-07-15,12:00,Completed,
APT004366,P2741,General Practice,Dr. J. Nkosi,2024-02-08,09:45,Cancelled,
APT004367,P2741,Nephrology,Dr. M. O'Brien,2026-12-07,15:45,Scheduled,
APT004368,P2741,Pulmonology,Dr. Y. Tanaka,2024-12-06,17:15,Completed,
APT004369,P2742,Neurology,Dr. S. Khan,2026-11-10,10:30,Scheduled,
APT004370,P2742,Physiotherapy,Dr. R. Singh,2023-09-18,10:00,Cancelled,
APT004371,P2743,Cardiology,Dr. A. Patel,2024-04-20,15:15,Completed,
APT004372,P2743,Physiotherapy,Dr. R. Singh,2027-03-15,17:30,Scheduled,
APT004373,P2744,Pulmonology,Dr. A. Patel,2023-01-01,08:15,DNA,
APT004374,P2744,General Practice,Dr. Y. Tanaka,2027-03-14,17:30,Scheduled,
APT004375,P2744,General Practice,Dr. Y. Tanaka,2023-02-10,12:15,Completed,
APT004376,P2744,Pulmonology,Dr. L. Torres,2023-01-09,12:15,DNA,
APT004377,P2745,Nephrology,Dr. R. Singh,2023-06-17,16:00,Completed,
APT004378,P2745,Psychiatry,Dr. S. Khan,2026-10-17,11:15,Scheduled,
APT004379,P2746,Psychiatry,Dr. C. Müller,2026-11-06,09:00,Scheduled,
APT004380,P2747,Endocrinology,Dr. R. Singh,2023-07-19,09:45,Cancelled,
APT004381,P2747,Oncology,Dr. Y. Tanaka,2023-03-30,11:15,Completed,
APT004382,P2747,Physiotherapy,Dr. C. Müller,2024-04-12,11:15,Cancelled,
APT004383,P2747,Neurology,Dr. J. Nkosi,2024-03-30,12:00,DNA,
APT004384,P2748,Oncology,Dr. L. Torres,2024-07-17,16:30,Completed,
APT004385,P2748,Cardiology,Dr. R. Singh,2024-05-23,16:30,Completed,
APT004386,P2748,Endocrinology,Dr. A. Patel,2023-05-12,16:45,Cancelled,
APT004387,P2748,Physiotherapy,Dr. J. Nkosi,2024-01-08,17:00,DNA,
APT004388,P2749,Physiotherapy,Dr. S. Khan,2024-12-10,10:00,DNA,
APT004389,P2750,Neurology,Dr. A. Patel,2024-04-29,12:45,DNA,
APT004390,P2750,Cardiology,Dr. A. Patel,2024-09-29,17:30,DNA,
APT004391,P2751,General Practice,Dr. M. O'Brien,2024-03-09,11:30,Cancelled,
APT004392,P2751,Nephrology,Dr. C. Müller,2024-03-26,10:00,Cancelled,
APT004393,P2751,Nephrology,Dr. J. Nkosi,2023-07-07,13:00,Cancelled,
APT004394,P2751,Nephrology,Dr. L. Torres,2024-12-04,12:00,Completed,
APT004395,P2752,Physiotherapy,Dr. C. Müller,2026-12-04,17:30,Scheduled,
APT004396,P2752,General Practice,Dr. R. Singh,2026-10-22,15:45,Scheduled,
APT004397,P2753,Nephrology,Dr. Y. Tanaka,2024-02-17,09:45,Completed,
APT004398,P2753,Pulmonology,Dr. S. Khan,2023-03-17,09:30,Cancelled,
APT004399,P2753,Pulmonology,Dr. A. Patel,2023-11-23,17:30,Cancelled,
APT004400,P2753,General Practice,Dr. L. Torres,2024-07-29,08:00,Completed,
APT004401,P2754,Cardiology,Dr. M. O'Brien,2027-02-26,08:00,Scheduled,
APT004402,P2754,Psychiatry,Dr. C. Müller,2024-05-01,13:30,DNA,
APT004403,P2754,Nephrology,Dr. L. Torres,2026-11-30,13:15,Scheduled,
APT004404,P2755,Cardiology,Dr. C. Müller,2023-12-27,14:30,DNA,
APT004405,P2755,Neurology,Dr. S. Khan,2026-11-15,13:30,Scheduled,
APT004406,P2755,Rheumatology,Dr. C. Müller,2024-04-01,10:45,Cancelled,
APT004407,P2755,Nephrology,Dr. A. Patel,2024-06-05,13:30,Cancelled,
APT004408,P2756,General Practice,Dr. L. Torres,2027-03-18,14:30,Scheduled,
APT004409,P2757,General Practice,Dr. Y. Tanaka,2027-02-28,15:15,Scheduled,
APT004410,P2758,Nephrology,Dr. R. Singh,2027-03-21,17:45,Scheduled,
APT004411,P2758,Neurology,Dr. S. Khan,2024-12-14,09:30,Completed,
APT004412,P2758,General Practice,Dr. A. Patel,2024-02-09,11:45,Completed,
APT004413,P2759,Psychiatry,Dr. J. Nkosi,2023-07-21,15:30,Completed,
APT004414,P2759,Nephrology,Dr. A. Patel,2024-12-08,14:15,Completed,
APT004415,P2760,Oncology,Dr. R. Singh,2026-11-21,08:00,Scheduled,
APT004416,P2761,General Practice,Dr. Y. Tanaka,2024-10-10,08:00,Cancelled,
APT004417,P2761,Cardiology,Dr. Y. Tanaka,2024-04-03,10:30,Cancelled,
APT004418,P2761,Cardiology,Dr. M. O'Brien,2027-02-27,13:45,Scheduled,
APT004419,P2762,Psychiatry,Dr. S. Khan,2024-01-23,11:00,Completed,
APT004420,P2762,Nephrology,Dr. S. Khan,2024-04-22,11:15,Completed,
APT004421,P2762,Endocrinology,Dr. S. Khan,2024-06-22,15:00,Cancelled,
APT004422,P2763,Pulmonology,Dr. Y. Tanaka,2024-09-11,12:30,Cancelled,
APT004423,P2764,Rheumatology,Dr. L. Torres,2026-10-22,15:30,Scheduled,
APT004424,P2764,Rheumatology,Dr. C. Müller,2023-08-19,15:45,Cancelled,
APT004425,P2764,Pulmonology,Dr. M. O'Brien,2023-06-06,14:45,Cancelled,
APT004426,P2764,Endocrinology,Dr. Y. Tanaka,2023-05-19,15:15,Completed,
APT004427,P2765,Cardiology,Dr. M. O'Brien,2024-07-05,14:15,Cancelled,
APT004428,P2765,Cardiology,Dr. Y. Tanaka,2027-01-26,09:00,Scheduled,
APT004429,P2765,Rheumatology,Dr. L. Torres,2024-11-05,16:30,Cancelled,
APT004430,P2766,Cardiology,Dr. J. Nkosi,2027-01-30,13:45,Scheduled,
APT004431,P2766,Rheumatology,Dr. L. Torres,2024-07-14,16:00,Completed,
APT004432,P2766,Pulmonology,Dr. C. Müller,2026-11-13,16:00,Scheduled,
APT004433,P2767,Physiotherapy,Dr. Y. Tanaka,2024-03-07,14:00,Completed,
APT004434,P2767,Pulmonology,Dr. R. Singh,2024-03-27,14:15,Cancelled,
APT004435,P2767,Physiotherapy,Dr. A. Patel,2027-03-20,08:30,Scheduled,
APT004436,P2767,General Practice,Dr. L. Torres,2026-11-06,13:00,Scheduled,
APT004437,P2768,Nephrology,Dr. R. Singh,2024-05-03,16:15,DNA,
APT004438,P2768,Nephrology,Dr. R. Singh,2023-06-24,15:15,DNA,
APT004439,P2768,Rheumatology,Dr. R. Singh,2024-09-05,16:15,Completed,
APT004440,P2768,Cardiology,Dr. A. Patel,2023-06-01,08:45,Cancelled,
APT004441,P2769,Endocrinology,Dr. L. Torres,2023-12-02,12:15,DNA,
APT004442,P2769,Rheumatology,Dr. J. Nkosi,2024-11-02,15:00,DNA,
APT004443,P2770,Endocrinology,Dr. J. Nkosi,2024-01-03,15:30,DNA,
APT004444,P2771,Oncology,Dr. L. Torres,2024-05-23,09:45,DNA,
APT004445,P2771,Oncology,Dr. R. Singh,2026-10-31,13:30,Scheduled,
APT004446,P2771,Neurology,Dr. M. O'Brien,2023-10-15,16:30,Cancelled,
APT004447,P2771,Oncology,Dr. J. Nkosi,2023-07-24,12:00,Completed,
APT004448,P2772,Oncology,Dr. J. Nkosi,2023-01-02,12:30,Cancelled,
APT004449,P2772,Pulmonology,Dr. A. Patel,2023-03-26,12:00,Cancelled,
APT004450,P2772,General Practice,Dr. Y. Tanaka,2024-11-08,17:15,DNA,
APT004451,P2773,Endocrinology,Dr. L. Torres,2023-06-17,09:00,Cancelled,
APT004452,P2773,Cardiology,Dr. R. Singh,2027-01-19,10:15,Scheduled,
APT004453,P2773,General Practice,Dr. C. Müller,2023-12-16,15:45,DNA,
APT004454,P2773,Pulmonology,Dr. J. Nkosi,2026-10-22,12:45,Scheduled,
APT004455,P2774,Pulmonology,Dr. R. Singh,2023-05-01,10:45,DNA,
APT004456,P2774,General Practice,Dr. M. O'Brien,2024-06-20,08:45,Completed,
APT004457,P2774,General Practice,Dr. S. Khan,2027-03-07,13:15,Scheduled,
APT004458,P2775,Nephrology,Dr. L. Torres,2027-02-12,08:00,Scheduled,
APT004459,P2776,Cardiology,Dr. M. O'Brien,2027-01-06,15:15,Scheduled,
APT004460,P2776,Nephrology,Dr. C. Müller,2023-12-23,15:15,Completed,
APT004461,P2777,Neurology,Dr. A. Patel,2023-10-16,13:15,Cancelled,
APT004462,P2777,Rheumatology,Dr. C. Müller,2023-11-15,12:30,Completed,
APT004463,P2778,Neurology,Dr. S. Khan,2023-09-17,08:15,Cancelled,
APT004464,P2778,Oncology,Dr. J. Nkosi,2027-02-16,09:30,Scheduled,
APT004465,P2779,Oncology,Dr. J. Nkosi,2024-03-21,16:15,Cancelled,
APT004466,P2780,Endocrinology,Dr. M. O'Brien,2027-02-04,09:45,Scheduled,
APT004467,P2780,Pulmonology,Dr. S. Khan,2024-01-25,09:15,DNA,
APT004468,P2780,Cardiology,Dr. M. O'Brien,2023-02-19,14:00,Completed,
APT004469,P2780,General Practice,Dr. C. Müller,2026-11-22,11:45,Scheduled,
APT004470,P2781,Oncology,Dr. L. Torres,2023-02-24,15:30,Cancelled,
APT004471,P2781,Cardiology,Dr. C. Müller,2023-07-02,09:00,Completed,
APT004472,P2782,Cardiology,Dr. M. O'Brien,2024-07-16,11:30,Completed,
APT004473,P2782,Oncology,Dr. A. Patel,2026-11-22,13:00,Scheduled,
APT004474,P2782,Pulmonology,Dr. S. Khan,2027-02-08,15:45,Scheduled,
APT004475,P2782,Rheumatology,Dr. Y. Tanaka,2026-12-28,10:15,Scheduled,
APT004476,P2783,Nephrology,Dr. M. O'Brien,2026-10-13,08:45,Scheduled,
APT004477,P2783,Neurology,Dr. S. Khan,2027-03-13,15:00,Scheduled,
APT004478,P2783,Psychiatry,Dr. S. Khan,2024-03-29,14:30,Completed,
APT004479,P2783,Psychiatry,Dr. S. Khan,2023-12-11,09:45,DNA,
APT004480,P2784,Endocrinology,Dr. Y. Tanaka,2024-06-11,12:30,Completed,
APT004481,P2784,Endocrinology,Dr. A. Patel,2024-07-15,13:00,DNA,
APT004482,P2784,Endocrinology,Dr. L. Torres,2024-07-24,11:30,Completed,
APT004483,P2785,Psychiatry,Dr. M. O'Brien,2023-03-15,11:45,Cancelled,
APT004484,P2785,Pulmonology,Dr. M. O'Brien,2026-11-05,15:00,Scheduled,
APT004485,P2785,Rheumatology,Dr. Y. Tanaka,2027-01-29,15:00,Scheduled,
APT004486,P2785,Rheumatology,Dr. R. Singh,2026-12-09,09:45,Scheduled,
APT004487,P2786,Cardiology,Dr. J. Nkosi,2024-11-08,16:00,DNA,
APT004488,P2786,Nephrology,Dr. C. Müller,2023-09-01,09:15,Cancelled,
APT004489,P2786,Neurology,Dr. Y. Tanaka,2024-05-10,13:30,DNA,
APT004490,P2786,General Practice,Dr. M. O'Brien,2023-09-26,17:00,DNA,
APT004491,P2787,Neurology,Dr. L. Torres,2027-01-24,10:30,Scheduled,
APT004492,P2787,Psychiatry,Dr. M. O'Brien,2024-10-20,08:15,Cancelled,
APT004493,P2787,Pulmonology,Dr. A. Patel,2027-01-27,17:00,Scheduled,
APT004494,P2787,Oncology,Dr. M. O'Brien,2024-12-10,10:30,Cancelled,
APT004495,P2788,Oncology,Dr. C. Müller,2027-02-04,15:00,Scheduled,
APT004496,P2788,Physiotherapy,Dr. Y. Tanaka,2024-02-13,13:15,Cancelled,
APT004497,P2789,Endocrinology,Dr. Y. Tanaka,2024-05-17,11:00,Cancelled,
APT004498,P2789,Physiotherapy,Dr. S. Khan,2023-10-24,15:00,Cancelled,
APT004499,P2789,Cardiology,Dr. R. Singh,2024-09-22,12:00,Cancelled,
APT004500,P2790,Cardiology,Dr. S. Khan,2024-03-21,16:15,DNA,
APT004501,P2790,Pulmonology,Dr. Y. Tanaka,2023-06-15,13:30,DNA,
APT004502,P2790,General Practice,Dr. R. Singh,2024-06-22,16:45,Cancelled,
APT004503,P2791,Neurology,Dr. J. Nkosi,2024-10-22,10:45,Cancelled,
APT004504,P2791,Rheumatology,Dr. R. Singh,2023-11-23,15:15,DNA,
APT004505,P2791,Endocrinology,Dr. M. O'Brien,2027-01-09,10:45,Scheduled,
APT004506,P2792,Rheumatology,Dr. R. Singh,2023-09-30,17:30,DNA,
APT004507,P2792,Oncology,Dr. C. Müller,2027-03-28,12:15,Scheduled,
APT004508,P2792,Nephrology,Dr. R. Singh,2026-11-07,12:00,Scheduled,
APT004509,P2792,Nephrology,Dr. C. Müller,2027-03-03,16:15,Scheduled,
APT004510,P2793,General Practice,Dr. C. Müller,2026-11-02,11:45,Scheduled,
APT004511,P2793,Psychiatry,Dr. Y. Tanaka,2023-11-22,11:45,DNA,
APT004512,P2793,Neurology,Dr. M. O'Brien,2026-11-15,14:00,Scheduled,
APT004513,P2794,Psychiatry,Dr. Y. Tanaka,2024-10-07,13:45,Cancelled,
APT004514,P2794,Endocrinology,Dr. J. Nkosi,2023-08-30,11:30,Completed,
APT004515,P2794,Rheumatology,Dr. L. Torres,2023-09-08,17:30,Cancelled,
APT004516,P2794,Nephrology,Dr. M. O'Brien,2024-02-03,09:00,DNA,
APT004517,P2795,Oncology,Dr. J. Nkosi,2024-09-18,17:15,Cancelled,
APT004518,P2796,Neurology,Dr. J. Nkosi,2023-06-28,13:45,DNA,
APT004519,P2796,Endocrinology,Dr. R. Singh,2024-07-20,13:45,DNA,
APT004520,P2797,Physiotherapy,Dr. J. Nkosi,2024-04-23,08:45,Cancelled,
APT004521,P2798,Endocrinology,Dr. R. Singh,2023-02-10,17:15,DNA,
APT004522,P2798,Endocrinology,Dr. A. Patel,2023-12-17,09:45,Completed,
APT004523,P2798,Oncology,Dr. A. Patel,2024-12-11,15:00,Completed,
APT004524,P2798,Nephrology,Dr. S. Khan,2027-01-02,10:30,Scheduled,
APT004525,P2799,Endocrinology,Dr. A. Patel,2024-02-23,10:15,Cancelled,
APT004526,P2799,Oncology,Dr. Y. Tanaka,2024-09-17,08:00,DNA,
APT004527,P2799,Endocrinology,Dr. L. Torres,2024-01-28,11:45,DNA,
APT004528,P2799,Neurology,Dr. A. Patel,2024-02-22,10:30,Completed,
APT004529,P2800,Oncology,Dr. C. Müller,2023-08-04,16:45,Completed,
APT004530,P2800,Rheumatology,Dr. R. Singh,2024-01-18,12:15,DNA,
APT004531,P2800,Oncology,Dr. J. Nkosi,2023-11-13,15:15,Completed,
APT004532,P2801,Cardiology,Dr. M. O'Brien,2023-11-08,13:30,Completed,
APT004533,P2801,Endocrinology,Dr. J. Nkosi,2026-11-01,09:15,Scheduled,
APT004534,P2801,Oncology,Dr. J. Nkosi,2023-09-02,13:15,Cancelled,
APT004535,P2802,Rheumatology,Dr. L. Torres,2024-02-24,11:15,Completed,
APT004536,P2802,Psychiatry,Dr. S. Khan,2023-11-16,13:45,DNA,
APT004537,P2803,General Practice,Dr. R. Singh,2024-11-29,16:45,DNA,
APT004538,P2803,Cardiology,Dr. S. Khan,2027-01-31,15:45,Scheduled,
APT004539,P2803,Cardiology,Dr. J. Nkosi,2023-08-17,08:30,Cancelled,
APT004540,P2803,Neurology,Dr. S. Khan,2024-09-03,08:30,DNA,
APT004541,P2804,Oncology,Dr. M. O'Brien,2024-06-20,17:15,DNA,
APT004542,P2804,Psychiatry,Dr. S. Khan,2024-10-10,16:30,Completed,
APT004543,P2805,Physiotherapy,Dr. Y. Tanaka,2026-12-09,12:00,Scheduled,
APT004544,P2805,Rheumatology,Dr. M. O'Brien,2023-04-14,15:45,Cancelled,
APT004545,P2806,Endocrinology,Dr. S. Khan,2024-06-12,17:15,DNA,
APT004546,P2806,Nephrology,Dr. C. Müller,2024-01-25,11:15,DNA,
APT004547,P2807,Nephrology,Dr. J. Nkosi,2023-12-03,08:15,Cancelled,
APT004548,P2807,Rheumatology,Dr. J. Nkosi,2024-06-13,08:45,Cancelled,
APT004549,P2807,Psychiatry,Dr. J. Nkosi,2027-03-27,10:30,Scheduled,
APT004550,P2808,Pulmonology,Dr. Y. Tanaka,2023-06-28,08:15,Cancelled,
APT004551,P2808,Neurology,Dr. J. Nkosi,2027-01-13,15:30,Scheduled,
APT004552,P2808,Cardiology,Dr. M. O'Brien,2024-08-08,12:30,Cancelled,
APT004553,P2808,Cardiology,Dr. J. Nkosi,2023-11-21,10:30,Cancelled,
APT004554,P2809,Physiotherapy,Dr. L. Torres,2026-11-28,09:45,Scheduled,
APT004555,P2809,Endocrinology,Dr. A. Patel,2027-01-24,09:15,Scheduled,
APT004556,P2809,Nephrology,Dr. Y. Tanaka,2023-02-14,16:00,Cancelled,
APT004557,P2810,Pulmonology,Dr. R. Singh,2023-11-13,15:00,Completed,
APT004558,P2810,Nephrology,Dr. A. Patel,2023-02-17,12:45,Cancelled,
APT004559,P2811,Cardiology,Dr. S. Khan,2027-03-06,13:00,Scheduled,
APT004560,P2812,Physiotherapy,Dr. S. Khan,2026-11-06,12:45,Scheduled,
APT004561,P2812,Cardiology,Dr. L. Torres,2023-10-25,15:15,Completed,
APT004562,P2813,Nephrology,Dr. R. Singh,2024-02-28,15:00,DNA,
APT004563,P2814,Rheumatology,Dr. J. Nkosi,2023-09-24,14:30,DNA,
APT004564,P2814,Oncology,Dr. M. O'Brien,2027-01-04,11:30,Scheduled,
APT004565,P2814,Oncology,Dr. C. Müller,2024-11-24,14:45,DNA,
APT004566,P2815,Psychiatry,Dr. A. Patel,2023-12-30,10:30,Completed,
APT004567,P2816,Psychiatry,Dr. R. Singh,2027-01-03,14:45,Scheduled,
APT004568,P2816,Oncology,Dr. L. Torres,2026-12-27,12:30,Scheduled,
APT004569,P2816,Neurology,Dr. R. Singh,2024-12-18,11:45,Completed,
APT004570,P2816,Physiotherapy,Dr. C. Müller,2024-04-06,13:30,DNA,
APT004571,P2817,Neurology,Dr. S. Khan,2024-06-22,13:30,DNA,
APT004572,P2818,General Practice,Dr. A. Patel,2024-01-15,16:30,Completed,
APT004573,P2818,Psychiatry,Dr. C. Müller,2024-05-28,15:00,DNA,
APT004574,P2818,General Practice,Dr. A. Patel,2023-08-24,16:15,DNA,
APT004575,P2819,Nephrology,Dr. A. Patel,2023-09-09,16:45,DNA,
APT004576,P2819,Nephrology,Dr. L. Torres,2023-03-24,11:15,Completed,
APT004577,P2820,Physiotherapy,Dr. J. Nkosi,2026-10-30,15:45,Scheduled,
APT004578,P2821,Psychiatry,Dr. S. Khan,2023-07-12,13:45,Cancelled,
APT004579,P2822,Neurology,Dr. J. Nkosi,2023-10-10,16:00,Cancelled,
APT004580,P2822,Rheumatology,Dr. C. Müller,2023-11-02,17:00,Cancelled,
APT004581,P2822,Neurology,Dr. Y. Tanaka,2023-04-13,17:45,Completed,
APT004582,P2822,General Practice,Dr. S. Khan,2023-08-14,11:00,Cancelled,
APT004583,P2823,Psychiatry,Dr. C. Müller,2024-12-05,10:30,Cancelled,
APT004584,P2823,Psychiatry,Dr. L. Torres,2024-08-20,15:15,Completed,
APT004585,P2824,Nephrology,Dr. C. Müller,2026-12-19,09:30,Scheduled,
APT004586,P2825,Endocrinology,Dr. C. Müller,2024-02-25,15:00,Cancelled,
APT004587,P2826,Cardiology,Dr. A. Patel,2023-02-27,13:30,DNA,
APT004588,P2826,General Practice,Dr. L. Torres,2026-10-30,17:00,Scheduled,
APT004589,P2826,Oncology,Dr. A. Patel,2026-12-12,13:45,Scheduled,
APT004590,P2826,Physiotherapy,Dr. L. Torres,2027-03-21,08:00,Scheduled,
APT004591,P2827,Nephrology,Dr. J. Nkosi,2027-01-02,16:45,Scheduled,
APT004592,P2828,General Practice,Dr. Y. Tanaka,2024-05-16,15:30,Cancelled,
APT004593,P2828,Oncology,Dr. L. Torres,2026-11-22,15:30,Scheduled,
APT004594,P2828,Neurology,Dr. J. Nkosi,2023-08-24,08:00,Cancelled,
APT004595,P2829,Rheumatology,Dr. M. O'Brien,2027-01-19,15:30,Scheduled,
APT004596,P2829,Endocrinology,Dr. R. Singh,2023-10-29,11:00,Completed,
APT004597,P2829,Oncology,Dr. A. Patel,2024-09-13,10:00,Cancelled,
APT004598,P2830,Rheumatology,Dr. L. Torres,2024-10-19,11:00,Cancelled,
APT004599,P2830,Endocrinology,Dr. J. Nkosi,2026-10-12,13:30,Scheduled,
APT004600,P2831,Rheumatology,Dr. R. Singh,2023-06-19,11:45,DNA,
APT004601,P2832,Endocrinology,Dr. L. Torres,2026-11-30,16:45,Scheduled,
APT004602,P2832,Psychiatry,Dr. S. Khan,2024-02-08,15:00,Cancelled,
APT004603,P2832,General Practice,Dr. Y. Tanaka,2026-12-19,15:30,Scheduled,
APT004604,P2832,Cardiology,Dr. C. Müller,2023-09-14,14:45,Cancelled,
APT004605,P2833,Psychiatry,Dr. C. Müller,2023-01-16,10:15,Cancelled,
APT004606,P2833,Rheumatology,Dr. C. Müller,2023-08-04,11:45,Completed,
APT004607,P2834,Rheumatology,Dr. C. Müller,2026-10-30,09:45,Scheduled,
APT004608,P2834,Physiotherapy,Dr. R. Singh,2024-07-04,12:15,DNA,
APT004609,P2834,Oncology,Dr. C. Müller,2026-11-07,08:00,Scheduled,
APT004610,P2835,Neurology,Dr. Y. Tanaka,2026-12-29,09:15,Scheduled,
APT004611,P2835,General Practice,Dr. A. Patel,2026-11-08,09:45,Scheduled,
APT004612,P2835,Pulmonology,Dr. S. Khan,2026-12-04,17:00,Scheduled,
APT004613,P2836,Psychiatry,Dr. R. Singh,2024-02-02,12:15,Completed,
APT004614,P2836,Cardiology,Dr. A. Patel,2026-10-30,14:30,Scheduled,
APT004615,P2836,Endocrinology,Dr. S. Khan,2024-06-05,13:15,Cancelled,
APT004616,P2836,Neurology,Dr. M. O'Brien,2023-05-20,17:00,Cancelled,
APT004617,P2837,Cardiology,Dr. J. Nkosi,2023-07-18,11:45,Cancelled,
APT004618,P2837,Physiotherapy,Dr. S. Khan,2023-09-22,11:45,Completed,
APT004619,P2837,Physiotherapy,Dr. R. Singh,2023-06-07,12:00,DNA,
APT004620,P2837,Nephrology,Dr. M. O'Brien,2023-01-12,08:30,DNA,
APT004621,P2838,Physiotherapy,Dr. L. Torres,2024-12-04,10:30,Cancelled,
APT004622,P2839,Rheumatology,Dr. R. Singh,2026-11-07,14:00,Scheduled,
APT004623,P2839,Neurology,Dr. C. Müller,2027-01-03,14:15,Scheduled,
APT004624,P2839,Psychiatry,Dr. R. Singh,2023-03-15,17:15,Completed,
APT004625,P2839,Pulmonology,Dr. R. Singh,2023-10-10,11:00,DNA,
APT004626,P2840,Endocrinology,Dr. R. Singh,2026-11-28,17:00,Scheduled,
APT004627,P2840,Endocrinology,Dr. J. Nkosi,2023-12-19,17:30,Completed,
APT004628,P2840,Endocrinology,Dr. S. Khan,2026-12-04,08:45,Scheduled,
APT004629,P2840,General Practice,Dr. A. Patel,2024-07-13,08:00,DNA,
APT004630,P2841,Neurology,Dr. A. Patel,2024-11-04,11:30,Completed,
APT004631,P2842,Cardiology,Dr. A. Patel,2024-07-08,14:00,DNA,
APT004632,P2842,Oncology,Dr. C. Müller,2023-11-14,15:45,Completed,
APT004633,P2842,Cardiology,Dr. J. Nkosi,2027-02-02,12:00,Scheduled,
APT004634,P2842,Physiotherapy,Dr. M. O'Brien,2027-03-23,11:30,Scheduled,
APT004635,P2843,Pulmonology,Dr. M. O'Brien,2027-03-26,10:30,Scheduled,
APT004636,P2843,Psychiatry,Dr. Y. Tanaka,2024-07-13,14:00,Completed,
APT004637,P2844,Rheumatology,Dr. A. Patel,2023-11-02,09:30,Cancelled,
APT004638,P2844,Physiotherapy,Dr. M. O'Brien,2024-08-31,13:15,DNA,
APT004639,P2844,Rheumatology,Dr. M. O'Brien,2027-03-28,15:30,Scheduled,
APT004640,P2844,Endocrinology,Dr. L. Torres,2023-11-02,15:45,Completed,
APT004641,P2845,Pulmonology,Dr. S. Khan,2024-12-24,08:00,Completed,
APT004642,P2845,Oncology,Dr. R. Singh,2024-04-27,08:45,Cancelled,
APT004643,P2845,Neurology,Dr. A. Patel,2023-11-18,10:15,DNA,
APT004644,P2846,Neurology,Dr. S. Khan,2023-04-15,11:15,Completed,
APT004645,P2847,Nephrology,Dr. R. Singh,2024-10-29,09:45,DNA,
APT004646,P2847,Psychiatry,Dr. Y. Tanaka,2023-10-08,14:45,Completed,
APT004647,P2847,General Practice,Dr. R. Singh,2023-03-10,14:15,DNA,
APT004648,P2847,Physiotherapy,Dr. M. O'Brien,2024-05-12,08:45,Cancelled,
APT004649,P2848,General Practice,Dr. Y. Tanaka,2024-01-03,13:15,DNA,
APT004650,P2848,Oncology,Dr. R. Singh,2023-10-10,10:45,Completed,
APT004651,P2849,Neurology,Dr. S. Khan,2023-06-02,08:45,Completed,
APT004652,P2849,Rheumatology,Dr. S. Khan,2024-12-30,10:45,Cancelled,
APT004653,P2849,Pulmonology,Dr. S. Khan,2024-10-25,14:30,Cancelled,
APT004654,P2849,Cardiology,Dr. J. Nkosi,2027-01-24,17:00,Scheduled,
APT004655,P2850,Neurology,Dr. C. Müller,2024-03-09,08:00,Cancelled,
APT004656,P2850,General Practice,Dr. R. Singh,2024-02-09,10:15,Completed,
APT004657,P2850,Rheumatology,Dr. L. Torres,2026-11-23,11:45,Scheduled,
APT004658,P2851,Pulmonology,Dr. Y. Tanaka,2024-11-10,09:30,DNA,
APT004659,P2852,General Practice,Dr. R. Singh,2024-01-07,08:45,Completed,
APT004660,P2853,Physiotherapy,Dr. Y. Tanaka,2024-09-18,08:45,Completed,
APT004661,P2854,Physiotherapy,Dr. M. O'Brien,2026-12-15,10:15,Scheduled,
APT004662,P2854,Physiotherapy,Dr. Y. Tanaka,2023-11-01,10:30,DNA,
APT004663,P2855,Pulmonology,Dr. R. Singh,2023-01-27,14:00,DNA,
APT004664,P2856,Rheumatology,Dr. Y. Tanaka,2023-05-10,09:15,Completed,
APT004665,P2856,Neurology,Dr. J. Nkosi,2023-06-25,12:45,Cancelled,
APT004666,P2856,General Practice,Dr. L. Torres,2027-01-25,16:45,Scheduled,
APT004667,P2856,Oncology,Dr. S. Khan,2023-01-09,08:15,Completed,
APT004668,P2857,Neurology,Dr. J. Nkosi,2027-03-13,15:00,Scheduled,
APT004669,P2857,Rheumatology,Dr. M. O'Brien,2024-03-04,08:15,DNA,
APT004670,P2858,Nephrology,Dr. C. Müller,2026-12-26,12:00,Scheduled,
APT004671,P2859,Nephrology,Dr. J. Nkosi,2024-01-01,14:00,Cancelled,
APT004672,P2859,General Practice,Dr. C. Müller,2024-09-15,11:00,Cancelled,
APT004673,P2860,Endocrinology,Dr. S. Khan,2027-03-12,15:00,Scheduled,
APT004674,P2860,Oncology,Dr. R. Singh,2024-07-23,16:45,DNA,
APT004675,P2860,Nephrology,Dr. C. Müller,2027-01-21,14:45,Scheduled,
APT004676,P2860,Endocrinology,Dr. A. Patel,2027-02-26,12:45,Scheduled,
APT004677,P2861,Physiotherapy,Dr. C. Müller,2024-09-09,11:15,DNA,
APT004678,P2862,Pulmonology,Dr. J. Nkosi,2027-01-05,09:00,Scheduled,
APT004679,P2862,Physiotherapy,Dr. C. Müller,2024-12-20,13:30,Cancelled,
APT004680,P2863,Neurology,Dr. C. Müller,2023-02-25,17:00,Cancelled,
APT004681,P2863,Cardiology,Dr. L. Torres,2026-12-11,16:00,Scheduled,
APT004682,P2863,Nephrology,Dr. C. Müller,2026-12-01,15:45,Scheduled,
APT004683,P2864,Cardiology,Dr. R. Singh,2024-01-04,14:30,DNA,
APT004684,P2864,Psychiatry,Dr. C. Müller,2023-07-23,15:45,Completed,
APT004685,P2865,Endocrinology,Dr. M. O'Brien,2024-10-03,13:00,Cancelled,
APT004686,P2865,Physiotherapy,Dr. C. Müller,2027-03-08,16:45,Scheduled,
APT004687,P2866,Psychiatry,Dr. J. Nkosi,2024-09-25,11:30,Cancelled,
APT004688,P2866,Rheumatology,Dr. M. O'Brien,2024-05-12,17:15,Cancelled,
APT004689,P2867,Oncology,Dr. M. O'Brien,2024-05-16,09:45,DNA,
APT004690,P2868,Neurology,Dr. A. Patel,2024-02-05,11:30,Cancelled,
APT004691,P2868,Endocrinology,Dr. R. Singh,2027-01-20,15:00,Scheduled,
APT004692,P2869,Nephrology,Dr. J. Nkosi,2023-07-06,11:00,DNA,
APT004693,P2869,Oncology,Dr. S. Khan,2024-09-03,09:15,Cancelled,
APT004694,P2869,Physiotherapy,Dr. S. Khan,2023-05-16,13:30,Cancelled,
APT004695,P2869,Endocrinology,Dr. A. Patel,2024-10-22,09:15,Cancelled,
APT004696,P2870,Oncology,Dr. Y. Tanaka,2024-01-08,11:30,DNA,
APT004697,P2871,Pulmonology,Dr. A. Patel,2024-12-09,11:45,Cancelled,
APT004698,P2872,Psychiatry,Dr. Y. Tanaka,2024-07-14,16:15,DNA,
APT004699,P2872,Endocrinology,Dr. S. Khan,2026-12-10,17:45,Scheduled,
APT004700,P2872,Physiotherapy,Dr. L. Torres,2024-03-21,09:45,Completed,
APT004701,P2872,Endocrinology,Dr. J. Nkosi,2026-11-10,08:15,Scheduled,
APT004702,P2873,Endocrinology,Dr. Y. Tanaka,2024-03-21,11:15,Completed,
APT004703,P2873,Cardiology,Dr. R. Singh,2024-02-07,16:30,DNA,
APT004704,P2873,General Practice,Dr. Y. Tanaka,2023-11-02,15:30,Cancelled,
APT004705,P2874,Oncology,Dr. M. O'Brien,2024-10-28,08:30,Completed,
APT004706,P2875,Physiotherapy,Dr. Y. Tanaka,2023-07-14,13:00,Cancelled,
APT004707,P2875,Cardiology,Dr. M. O'Brien,2026-10-31,13:30,Scheduled,
APT004708,P2875,General Practice,Dr. L. Torres,2023-04-13,17:30,Completed,
APT004709,P2875,General Practice,Dr. R. Singh,2024-10-19,08:45,Completed,
APT004710,P2876,Endocrinology,Dr. M. O'Brien,2026-10-17,13:15,Scheduled,
APT004711,P2877,Endocrinology,Dr. Y. Tanaka,2027-02-26,10:00,Scheduled,
APT004712,P2877,Psychiatry,Dr. C. Müller,2023-10-02,11:15,Completed,
APT004713,P2877,Pulmonology,Dr. L. Torres,2023-03-12,16:00,Completed,
APT004714,P2878,Physiotherapy,Dr. S. Khan,2026-11-05,13:00,Scheduled,
APT004715,P2878,General Practice,Dr. S. Khan,2027-01-18,13:15,Scheduled,
APT004716,P2878,Physiotherapy,Dr. L. Torres,2027-01-13,11:30,Scheduled,
APT004717,P2879,Psychiatry,Dr. A. Patel,2023-05-06,14:00,DNA,
APT004718,P2879,Pulmonology,Dr. J. Nkosi,2024-10-24,08:45,Cancelled,
APT004719,P2879,Rheumatology,Dr. A. Patel,2023-03-05,17:45,Cancelled,
APT004720,P2879,Endocrinology,Dr. M. O'Brien,2023-10-24,11:00,Completed,
APT004721,P2880,General Practice,Dr. Y. Tanaka,2024-03-17,14:15,DNA,
APT004722,P2880,Physiotherapy,Dr. R. Singh,2024-10-05,13:45,Cancelled,
APT004723,P2881,Cardiology,Dr. J. Nkosi,2026-10-26,08:30,Scheduled,
APT004724,P2881,Nephrology,Dr. A. Patel,2026-12-25,15:45,Scheduled,
APT004725,P2882,Oncology,Dr. M. O'Brien,2024-08-09,16:00,Completed,
APT004726,P2882,Neurology,Dr. C. Müller,2024-10-04,12:45,Cancelled,
APT004727,P2882,Rheumatology,Dr. R. Singh,2027-03-25,13:30,Scheduled,
APT004728,P2883,Physiotherapy,Dr. Y. Tanaka,2024-07-12,16:15,Completed,
APT004729,P2883,General Practice,Dr. C. Müller,2024-10-06,12:30,DNA,
APT004730,P2883,Pulmonology,Dr. C. Müller,2023-01-21,15:00,DNA,
APT004731,P2884,Oncology,Dr. S. Khan,2026-11-07,13:15,Scheduled,
APT004732,P2884,Oncology,Dr. L. Torres,2027-01-26,11:45,Scheduled,
APT004733,P2885,Psychiatry,Dr. L. Torres,2024-08-03,08:15,Cancelled,
APT004734,P2885,General Practice,Dr. J. Nkosi,2023-07-14,11:15,Cancelled,
APT004735,P2886,Neurology,Dr. L. Torres,2027-02-13,14:00,Scheduled,
APT004736,P2886,Neurology,Dr. Y. Tanaka,2024-10-09,17:30,Completed,
APT004737,P2887,Cardiology,Dr. Y. Tanaka,2023-09-02,08:45,Cancelled,
APT004738,P2887,Nephrology,Dr. R. Singh,2024-01-15,11:00,Cancelled,
APT004739,P2888,Cardiology,Dr. R. Singh,2026-11-14,14:45,Scheduled,
APT004740,P2888,Neurology,Dr. A. Patel,2024-09-24,09:15,Cancelled,
APT004741,P2888,Physiotherapy,Dr. S. Khan,2026-11-29,13:45,Scheduled,
APT004742,P2889,General Practice,Dr. A. Patel,2023-12-30,17:00,DNA,
APT004743,P2889,Neurology,Dr. R. Singh,2026-11-11,15:15,Scheduled,
APT004744,P2890,Psychiatry,Dr. M. O'Brien,2023-04-26,15:00,Cancelled,
APT004745,P2890,Rheumatology,Dr. M. O'Brien,2027-03-15,14:00,Scheduled,
APT004746,P2890,General Practice,Dr. A. Patel,2026-10-31,09:45,Scheduled,
APT004747,P2891,Oncology,Dr. A. Patel,2023-06-10,13:00,Completed,
APT004748,P2891,Cardiology,Dr. C. Müller,2024-01-15,08:00,Cancelled,
APT004749,P2891,Endocrinology,Dr. M. O'Brien,2023-12-29,13:45,Completed,
APT004750,P2892,General Practice,Dr. C. Müller,2023-01-01,15:15,DNA,
APT004751,P2892,Oncology,Dr. M. O'Brien,2024-01-12,16:45,Cancelled,
APT004752,P2893,Endocrinology,Dr. J. Nkosi,2024-10-31,17:45,DNA,
APT004753,P2894,Nephrology,Dr. R. Singh,2026-12-25,15:00,Scheduled,
APT004754,P2895,Rheumatology,Dr. M. O'Brien,2024-04-02,11:15,Cancelled,
APT004755,P2895,Oncology,Dr. S. Khan,2024-02-02,09:45,DNA,
APT004756,P2895,Cardiology,Dr. M. O'Brien,2024-08-24,17:15,Completed,
APT004757,P2896,Physiotherapy,Dr. J. Nkosi,2024-04-17,17:15,Completed,
APT004758,P2896,Psychiatry,Dr. R. Singh,2023-09-23,17:00,DNA,
APT004759,P2896,Rheumatology,Dr. L. Torres,2027-01-17,16:30,Scheduled,
APT004760,P2896,Pulmonology,Dr. J. Nkosi,2026-12-12,13:30,Scheduled,
APT004761,P2897,General Practice,Dr. A. Patel,2023-07-15,09:15,Completed,
APT004762,P2897,General Practice,Dr. C. Müller,2023-05-05,13:45,DNA,
APT004763,P2898,Pulmonology,Dr. Y. Tanaka,2024-04-15,13:30,Completed,
APT004764,P2898,Pulmonology,Dr. J. Nkosi,2027-02-23,15:15,Scheduled,
APT004765,P2899,Nephrology,Dr. S. Khan,2023-03-30,12:00,DNA,
APT004766,P2899,Pulmonology,Dr. M. O'Brien,2023-09-29,14:00,DNA,
APT004767,P2899,Oncology,Dr. C. Müller,2024-10-15,14:15,DNA,
APT004768,P2900,Endocrinology,Dr. R. Singh,2023-08-19,16:15,DNA,
APT004769,P2900,Cardiology,Dr. L. Torres,2023-09-26,16:15,DNA,
APT004770,P2900,Cardiology,Dr. M. O'Brien,2026-12-06,17:30,Scheduled,
APT004771,P2901,Physiotherapy,Dr. C. Müller,2026-12-12,12:30,Scheduled,
APT004772,P2901,Rheumatology,Dr. J. Nkosi,2027-03-08,16:30,Scheduled,
APT004773,P2902,Rheumatology,Dr. S. Khan,2027-03-06,14:45,Scheduled,
APT004774,P2902,Physiotherapy,Dr. L. Torres,2027-03-22,15:30,Scheduled,
APT004775,P2902,Neurology,Dr. J. Nkosi,2024-09-06,12:15,Cancelled,
APT004776,P2902,Physiotherapy,Dr. J. Nkosi,2027-01-04,09:30,Scheduled,
APT004777,P2903,Physiotherapy,Dr. C. Müller,2023-08-13,10:00,DNA,
APT004778,P2904,Cardiology,Dr. J. Nkosi,2023-03-21,16:45,DNA,
APT004779,P2904,Physiotherapy,Dr. C. Müller,2026-11-09,08:00,Scheduled,
APT004780,P2904,Physiotherapy,Dr. J. Nkosi,2024-06-06,17:45,Completed,
APT004781,P2904,Cardiology,Dr. L. Torres,2026-11-08,08:15,Scheduled,
APT004782,P2905,Oncology,Dr. A. Patel,2026-10-24,14:45,Scheduled,
APT004783,P2906,Rheumatology,Dr. Y. Tanaka,2023-08-29,17:00,Completed,
APT004784,P2907,Physiotherapy,Dr. R. Singh,2024-09-28,09:15,DNA,
APT004785,P2907,Oncology,Dr. Y. Tanaka,2023-08-27,15:45,Cancelled,
APT004786,P2907,Cardiology,Dr. Y. Tanaka,2023-06-12,13:00,Completed,
APT004787,P2908,Physiotherapy,Dr. J. Nkosi,2023-07-05,09:45,DNA,
APT004788,P2908,Pulmonology,Dr. Y. Tanaka,2024-03-20,13:45,Cancelled,
APT004789,P2909,Neurology,Dr. S. Khan,2024-06-16,17:45,Cancelled,
APT004790,P2910,Rheumatology,Dr. M. O'Brien,2026-11-26,13:00,Scheduled,
APT004791,P2911,Psychiatry,Dr. S. Khan,2023-07-20,16:30,Cancelled,
APT004792,P2911,General Practice,Dr. Y. Tanaka,2024-01-21,16:30,Completed,
APT004793,P2912,Neurology,Dr. L. Torres,2027-01-09,16:15,Scheduled,
APT004794,P2912,Rheumatology,Dr. R. Singh,2024-03-09,12:30,Completed,
APT004795,P2913,Rheumatology,Dr. R. Singh,2024-10-19,15:30,Completed,
APT004796,P2913,Physiotherapy,Dr. A. Patel,2023-03-22,17:00,Cancelled,
APT004797,P2913,Physiotherapy,Dr. M. O'Brien,2027-03-12,09:45,Scheduled,
APT004798,P2914,Cardiology,Dr. L. Torres,2023-01-12,16:00,Cancelled,
APT004799,P2914,Neurology,Dr. J. Nkosi,2023-07-08,08:15,DNA,
APT004800,P2915,Pulmonology,Dr. Y. Tanaka,2024-04-03,08:00,DNA,
APT004801,P2915,Oncology,Dr. J. Nkosi,2026-12-08,13:15,Scheduled,
APT004802,P2915,Nephrology,Dr. R. Singh,2024-10-10,13:45,Completed,
APT004803,P2916,Nephrology,Dr. M. O'Brien,2024-11-16,10:15,Cancelled,
APT004804,P2916,Cardiology,Dr. R. Singh,2027-03-15,09:00,Scheduled,
APT004805,P2916,Physiotherapy,Dr. J. Nkosi,2027-02-06,16:30,Scheduled,
APT004806,P2917,Pulmonology,Dr. J. Nkosi,2023-07-24,10:15,Cancelled,
APT004807,P2917,Neurology,Dr. C. Müller,2027-02-21,17:15,Scheduled,
APT004808,P2918,Cardiology,Dr. R. Singh,2023-03-01,12:30,DNA,
APT004809,P2918,Endocrinology,Dr. Y. Tanaka,2023-10-14,11:45,Completed,
APT004810,P2918,Rheumatology,Dr. L. Torres,2023-10-28,17:45,DNA,
APT004811,P2919,Oncology,Dr. M. O'Brien,2024-07-18,08:30,Completed,
APT004812,P2919,Endocrinology,Dr. A. Patel,2023-08-08,13:00,Cancelled,
APT004813,P2919,Cardiology,Dr. J. Nkosi,2026-10-09,16:45,Scheduled,
APT004814,P2920,Neurology,Dr. S. Khan,2027-01-21,10:30,Scheduled,
APT004815,P2920,Neurology,Dr. J. Nkosi,2024-10-03,15:15,DNA,
APT004816,P2921,Cardiology,Dr. S. Khan,2024-06-26,09:45,Cancelled,
APT004817,P2921,Physiotherapy,Dr. S. Khan,2023-03-17,10:15,Completed,
APT004818,P2921,Oncology,Dr. J. Nkosi,2024-10-11,12:00,Completed,
APT004819,P2922,Oncology,Dr. S. Khan,2023-04-13,16:15,Cancelled,
APT004820,P2922,Neurology,Dr. A. Patel,2023-09-28,12:15,DNA,
APT004821,P2922,Neurology,Dr. L. Torres,2024-01-11,09:45,Cancelled,
APT004822,P2922,Endocrinology,Dr. L. Torres,2023-05-15,15:45,Completed,
APT004823,P2923,Nephrology,Dr. R. Singh,2024-09-15,13:00,DNA,
APT004824,P2923,Oncology,Dr. J. Nkosi,2024-07-16,17:45,DNA,
APT004825,P2923,Rheumatology,Dr. R. Singh,2023-06-03,10:15,DNA,
APT004826,P2924,Oncology,Dr. R. Singh,2024-09-12,14:00,DNA,
APT004827,P2925,General Practice,Dr. M. O'Brien,2024-01-15,09:30,Cancelled,
APT004828,P2926,Neurology,Dr. R. Singh,2024-02-18,11:45,Completed,
APT004829,P2927,Rheumatology,Dr. A. Patel,2027-02-21,15:45,Scheduled,
APT004830,P2927,Cardiology,Dr. S. Khan,2023-08-06,13:45,Completed,
APT004831,P2927,Nephrology,Dr. A. Patel,2026-12-27,11:15,Scheduled,
APT004832,P2928,Cardiology,Dr. J. Nkosi,2024-09-17,13:15,Completed,
APT004833,P2929,Oncology,Dr. C. Müller,2027-01-08,11:00,Scheduled,
APT004834,P2929,General Practice,Dr. Y. Tanaka,2023-04-14,08:30,Cancelled,
APT004835,P2929,Physiotherapy,Dr. R. Singh,2024-09-26,15:30,Completed,
APT004836,P2929,General Practice,Dr. A. Patel,2024-04-29,08:30,DNA,
APT004837,P2930,Endocrinology,Dr. L. Torres,2026-12-14,08:45,Scheduled,
APT004838,P2931,Psychiatry,Dr. A. Patel,2027-01-06,09:00,Scheduled,
APT004839,P2932,Pulmonology,Dr. S. Khan,2023-03-06,12:15,Cancelled,
APT004840,P2933,Physiotherapy,Dr. M. O'Brien,2026-12-03,16:15,Scheduled,
APT004841,P2933,Physiotherapy,Dr. S. Khan,2024-08-12,14:15,Completed,
APT004842,P2933,Neurology,Dr. Y. Tanaka,2024-12-03,14:00,Cancelled,
APT004843,P2934,Endocrinology,Dr. J. Nkosi,2023-07-08,08:15,DNA,
APT004844,P2934,Rheumatology,Dr. C. Müller,2027-03-26,12:15,Scheduled,
APT004845,P2935,Physiotherapy,Dr. J. Nkosi,2023-08-02,09:15,Completed,
APT004846,P2935,Rheumatology,Dr. J. Nkosi,2024-07-26,11:45,DNA,
APT004847,P2936,Neurology,Dr. S. Khan,2024-07-10,15:15,Completed,
APT004848,P2936,Oncology,Dr. A. Patel,2024-12-04,13:00,DNA,
APT004849,P2936,Cardiology,Dr. S. Khan,2024-03-26,10:15,Cancelled,
APT004850,P2936,Neurology,Dr. Y. Tanaka,2024-09-14,10:00,Cancelled,
APT004851,P2937,Neurology,Dr. J. Nkosi,2026-12-04,17:00,Scheduled,
APT004852,P2937,Oncology,Dr. Y. Tanaka,2024-12-20,14:45,Completed,
APT004853,P2937,Endocrinology,Dr. L. Torres,2024-12-07,17:30,DNA,
APT004854,P2937,Pulmonology,Dr. Y. Tanaka,2026-12-10,09:30,Scheduled,
APT004855,P2938,Cardiology,Dr. C. Müller,2023-04-10,16:45,Completed,
APT004856,P2938,Oncology,Dr. C. Müller,2023-06-13,13:15,DNA,
APT004857,P2938,Endocrinology,Dr. J. Nkosi,2026-12-17,10:00,Scheduled,
APT004858,P2939,Endocrinology,Dr. C. Müller,2023-07-10,11:30,Completed,
APT004859,P2939,Psychiatry,Dr. Y. Tanaka,2027-01-31,16:30,Scheduled,
APT004860,P2939,General Practice,Dr. R. Singh,2024-11-22,12:30,Cancelled,
APT004861,P2940,Neurology,Dr. J. Nkosi,2024-01-13,08:45,Cancelled,
APT004862,P2940,Rheumatology,Dr. Y. Tanaka,2026-11-20,13:00,Scheduled,
APT004863,P2940,Cardiology,Dr. S. Khan,2024-06-23,13:15,DNA,
APT004864,P2941,Cardiology,Dr. S. Khan,2027-01-11,12:00,Scheduled,
APT004865,P2942,Pulmonology,Dr. M. O'Brien,2023-12-20,15:30,Cancelled,
APT004866,P2942,Endocrinology,Dr. L. Torres,2023-05-04,14:00,Cancelled,
APT004867,P2942,Neurology,Dr. M. O'Brien,2027-01-03,10:15,Scheduled,
APT004868,P2943,Neurology,Dr. R. Singh,2026-10-13,10:45,Scheduled,
APT004869,P2943,Rheumatology,Dr. C. Müller,2023-03-02,17:15,Completed,
APT004870,P2943,Neurology,Dr. A. Patel,2024-12-13,12:30,Completed,
APT004871,P2944,Nephrology,Dr. C. Müller,2027-03-17,13:45,Scheduled,
APT004872,P2944,Neurology,Dr. Y. Tanaka,2024-03-15,08:45,DNA,
APT004873,P2945,Physiotherapy,Dr. M. O'Brien,2024-10-06,10:00,Completed,
APT004874,P2945,Pulmonology,Dr. J. Nkosi,2026-11-22,15:15,Scheduled,
APT004875,P2945,Nephrology,Dr. L. Torres,2024-01-22,17:00,Completed,
APT004876,P2946,Psychiatry,Dr. A. Patel,2023-02-18,13:00,Cancelled,
APT004877,P2946,Pulmonology,Dr. J. Nkosi,2027-01-25,08:00,Scheduled,
APT004878,P2946,Pulmonology,Dr. J. Nkosi,2027-03-23,11:00,Scheduled,
APT004879,P2946,Neurology,Dr. M. O'Brien,2024-07-05,13:45,Completed,
APT004880,P2947,General Practice,Dr. J. Nkosi,2027-01-12,14:15,Scheduled,
APT004881,P2948,Neurology,Dr. C. Müller,2024-05-08,15:15,DNA,
APT004882,P2948,Cardiology,Dr. C. Müller,2027-03-24,14:30,Scheduled,
APT004883,P2949,Rheumatology,Dr. C. Müller,2026-12-02,08:45,Scheduled,
APT004884,P2949,Pulmonology,Dr. L. Torres,2027-02-06,12:00,Scheduled,
APT004885,P2949,Rheumatology,Dr. Y. Tanaka,2027-02-26,10:30,Scheduled,
APT004886,P2949,Nephrology,Dr. Y. Tanaka,2023-06-04,16:00,Cancelled,
APT004887,P2950,Oncology,Dr. L. Torres,2027-03-26,12:00,Scheduled,
APT004888,P2950,Psychiatry,Dr. A. Patel,2027-02-03,17:30,Scheduled,
APT004889,P2951,Endocrinology,Dr. J. Nkosi,2024-01-12,11:00,Completed,
APT004890,P2951,Neurology,Dr. Y. Tanaka,2023-01-29,14:00,DNA,
APT004891,P2951,Oncology,Dr. L. Torres,2027-03-02,09:45,Scheduled,
APT004892,P2952,Oncology,Dr. Y. Tanaka,2023-09-29,10:15,Cancelled,
APT004893,P2952,Pulmonology,Dr. M. O'Brien,2024-05-19,08:30,Cancelled,
APT004894,P2953,Psychiatry,Dr. R. Singh,2026-10-19,08:15,Scheduled,
APT004895,P2954,Endocrinology,Dr. L. Torres,2026-12-04,12:15,Scheduled,
APT004896,P2954,Pulmonology,Dr. M. O'Brien,2023-09-17,12:15,Cancelled,
APT004897,P2954,Oncology,Dr. J. Nkosi,2023-10-07,11:45,Completed,
APT004898,P2954,Cardiology,Dr. J. Nkosi,2024-06-28,12:30,DNA,
APT004899,P2955,Rheumatology,Dr. M. O'Brien,2026-11-15,08:15,Scheduled,
APT004900,P2956,Nephrology,Dr. J. Nkosi,2027-01-26,08:00,Scheduled,
APT004901,P2956,Endocrinology,Dr. Y. Tanaka,2027-03-14,12:00,Scheduled,
APT004902,P2956,Cardiology,Dr. J. Nkosi,2023-06-08,08:45,Cancelled,
APT004903,P2956,General Practice,Dr. L. Torres,2024-04-05,16:45,Cancelled,
APT004904,P2957,Endocrinology,Dr. S. Khan,2023-01-05,11:00,Completed,
APT004905,P2957,Cardiology,Dr. J. Nkosi,2026-10-25,16:30,Scheduled,
APT004906,P2957,Neurology,Dr. Y. Tanaka,2023-04-13,10:30,DNA,
APT004907,P2957,General Practice,Dr. J. Nkosi,2024-04-29,13:00,Completed,
APT004908,P2958,Nephrology,Dr. A. Patel,2026-12-27,09:45,Scheduled,
APT004909,P2958,Nephrology,Dr. A. Patel,2023-12-18,17:15,DNA,
APT004910,P2958,Cardiology,Dr. M. O'Brien,2027-03-15,08:00,Scheduled,
APT004911,P2958,Neurology,Dr. M. O'Brien,2023-02-17,14:45,DNA,
APT004912,P2959,Endocrinology,Dr. Y. Tanaka,2024-04-20,08:30,Cancelled,
APT004913,P2959,Psychiatry,Dr. R. Singh,2027-01-05,14:15,Scheduled,
APT004914,P2959,Pulmonology,Dr. A. Patel,2023-03-05,16:15,DNA,
APT004915,P2960,Psychiatry,Dr. Y. Tanaka,2023-01-26,10:30,Cancelled,
APT004916,P2960,Endocrinology,Dr. C. Müller,2024-05-20,14:45,DNA,
APT004917,P2960,Endocrinology,Dr. R. Singh,2026-12-06,13:30,Scheduled,
APT004918,P2961,Nephrology,Dr. A. Patel,2027-02-04,17:45,Scheduled,
APT004919,P2961,Physiotherapy,Dr. S. Khan,2023-02-02,12:45,Cancelled,
APT004920,P2961,Cardiology,Dr. S. Khan,2023-05-23,11:45,Cancelled,
APT004921,P2961,Rheumatology,Dr. S. Khan,2024-05-16,14:30,Cancelled,
APT004922,P2962,Psychiatry,Dr. R. Singh,2024-06-29,17:00,Completed,
APT004923,P2962,Physiotherapy,Dr. R. Singh,2023-10-15,13:45,Completed,
APT004924,P2963,Psychiatry,Dr. A. Patel,2024-05-22,09:45,Completed,
APT004925,P2963,Rheumatology,Dr. S. Khan,2027-03-29,11:30,Scheduled,
APT004926,P2964,Rheumatology,Dr. M. O'Brien,2027-02-01,10:45,Scheduled,
APT004927,P2964,Physiotherapy,Dr. C. Müller,2027-02-04,10:15,Scheduled,
APT004928,P2965,Neurology,Dr. J. Nkosi,2027-03-28,17:30,Scheduled,
APT004929,P2965,Cardiology,Dr. J. Nkosi,2023-04-04,11:15,DNA,
APT004930,P2965,Psychiatry,Dr. C. Müller,2023-06-25,08:30,Cancelled,
APT004931,P2966,Psychiatry,Dr. S. Khan,2027-03-16,12:15,Scheduled,
APT004932,P2966,Physiotherapy,Dr. R. Singh,2024-06-23,12:30,Completed,
APT004933,P2967,Psychiatry,Dr. L. Torres,2027-01-01,11:30,Scheduled,
APT004934,P2968,Nephrology,Dr. A. Patel,2026-12-31,16:45,Scheduled,
APT004935,P2969,Neurology,Dr. A. Patel,2023-10-11,10:45,DNA,
APT004936,P2969,Nephrology,Dr. R. Singh,2026-11-12,14:15,Scheduled,
APT004937,P2969,Physiotherapy,Dr. M. O'Brien,2027-01-03,14:15,Scheduled,
APT004938,P2969,Cardiology,Dr. R. Singh,2024-09-29,13:00,Cancelled,
APT004939,P2970,Cardiology,Dr. A. Patel,2026-12-30,15:45,Scheduled,
APT004940,P2970,Rheumatology,Dr. C. Müller,2027-02-12,16:00,Scheduled,
APT004941,P2971,Endocrinology,Dr. M. O'Brien,2027-01-04,10:45,Scheduled,
APT004942,P2972,Rheumatology,Dr. C. Müller,2027-03-09,12:15,Scheduled,
APT004943,P2972,Physiotherapy,Dr. C. Müller,2026-12-30,12:30,Scheduled,
APT004944,P2972,Cardiology,Dr. R. Singh,2023-02-18,13:00,Completed,
APT004945,P2972,General Practice,Dr. Y. Tanaka,2024-03-06,17:00,Completed,
APT004946,P2973,Oncology,Dr. R. Singh,2024-08-04,15:15,DNA,
APT004947,P2973,Pulmonology,Dr. J. Nkosi,2024-01-03,12:00,Completed,
APT004948,P2973,Pulmonology,Dr. M. O'Brien,2024-07-04,16:00,Cancelled,
APT004949,P2973,Cardiology,Dr. C. Müller,2023-04-10,16:30,Cancelled,
APT004950,P2974,Pulmonology,Dr. C. Müller,2024-04-04,15:15,Cancelled,
APT004951,P2974,Pulmonology,Dr. S. Khan,2023-09-03,15:15,Cancelled,
APT004952,P2975,Cardiology,Dr. S. Khan,2024-10-10,08:45,Completed,
APT004953,P2976,Physiotherapy,Dr. S. Khan,2026-12-08,08:00,Scheduled,
APT004954,P2976,Endocrinology,Dr. L. Torres,2026-12-12,16:30,Scheduled,
APT004955,P2976,Pulmonology,Dr. M. O'Brien,2023-03-02,12:30,Completed,
APT004956,P2976,Pulmonology,Dr. C. Müller,2026-11-12,16:45,Scheduled,
APT004957,P2977,General Practice,Dr. R. Singh,2024-11-14,13:30,DNA,
APT004958,P2978,Physiotherapy,Dr. L. Torres,2024-10-11,16:45,Cancelled,
APT004959,P2978,General Practice,Dr. R. Singh,2024-08-13,14:15,Completed,
APT004960,P2978,General Practice,Dr. S. Khan,2024-03-20,12:45,DNA,
APT004961,P2979,Cardiology,Dr. C. Müller,2023-03-14,15:15,Completed,
APT004962,P2979,Rheumatology,Dr. J. Nkosi,2023-06-01,15:15,DNA,
APT004963,P2979,Pulmonology,Dr. C. Müller,2024-05-13,14:30,Cancelled,
APT004964,P2980,General Practice,Dr. C. Müller,2023-05-15,14:30,Cancelled,
APT004965,P2981,Nephrology,Dr. L. Torres,2023-09-12,12:15,DNA,
APT004966,P2981,Oncology,Dr. Y. Tanaka,2026-11-29,09:45,Scheduled,
APT004967,P2981,Pulmonology,Dr. C. Müller,2027-02-14,14:45,Scheduled,
APT004968,P2982,Oncology,Dr. J. Nkosi,2024-12-01,17:00,DNA,
APT004969,P2982,Rheumatology,Dr. A. Patel,2023-09-20,14:15,DNA,
APT004970,P2982,General Practice,Dr. J. Nkosi,2023-08-12,15:30,Completed,
APT004971,P2982,Physiotherapy,Dr. L. Torres,2023-12-12,16:15,Completed,
APT004972,P2983,Psychiatry,Dr. Y. Tanaka,2024-02-15,10:15,Cancelled,
APT004973,P2983,Cardiology,Dr. J. Nkosi,2024-05-24,13:15,Cancelled,
APT004974,P2983,Physiotherapy,Dr. R. Singh,2023-10-04,16:45,Completed,
APT004975,P2984,Cardiology,Dr. A. Patel,2024-09-05,17:15,DNA,
APT004976,P2985,General Practice,Dr. L. Torres,2023-05-10,13:30,DNA,
APT004977,P2985,Endocrinology,Dr. J. Nkosi,2027-02-13,13:15,Scheduled,
APT004978,P2985,Physiotherapy,Dr. L. Torres,2024-12-06,12:30,Completed,
APT004979,P2985,Endocrinology,Dr. L. Torres,2023-12-24,16:45,Completed,
APT004980,P2986,Nephrology,Dr. Y. Tanaka,2024-08-26,12:15,DNA,
APT004981,P2986,Neurology,Dr. M. O'Brien,2023-06-05,13:00,Cancelled,
APT004982,P2987,Physiotherapy,Dr. Y. Tanaka,2026-12-30,17:15,Scheduled,
APT004983,P2987,Endocrinology,Dr. M. O'Brien,2024-07-08,09:30,Completed,
APT004984,P2987,Rheumatology,Dr. J. Nkosi,2027-03-27,14:00,Scheduled,
APT004985,P2987,Oncology,Dr. S. Khan,2027-01-01,13:30,Scheduled,
APT004986,P2988,General Practice,Dr. R. Singh,2024-07-17,10:45,Cancelled,
APT004987,P2989,Nephrology,Dr. M. O'Brien,2027-02-14,16:45,Scheduled,
APT004988,P2990,Pulmonology,Dr. A. Patel,2023-01-29,12:45,Cancelled,
APT004989,P2990,Psychiatry,Dr. A. Patel,2026-12-10,12:45,Scheduled,
APT004990,P2991,Rheumatology,Dr. Y. Tanaka,2024-05-11,16:45,Completed,
APT004991,P2991,Psychiatry,Dr. S. Khan,2023-02-19,15:45,Completed,
APT004992,P2991,Nephrology,Dr. M. O'Brien,2027-03-27,11:45,Scheduled,
APT004993,P2991,Pulmonology,Dr. Y. Tanaka,2024-03-26,14:00,DNA,
APT004994,P2992,Endocrinology,Dr. J. Nkosi,2024-06-05,11:30,DNA,
APT004995,P2992,Nephrology,Dr. M. O'Brien,2026-11-12,12:15,Scheduled,
APT004996,P2992,Cardiology,Dr. R. Singh,2023-03-13,17:30,DNA,
APT004997,P2993,Endocrinology,Dr. J. Nkosi,2027-01-03,12:45,Scheduled,
APT004998,P2993,Psychiatry,Dr. R. Singh,2024-02-24,08:00,Cancelled,
APT004999,P2993,Nephrology,Dr. A. Patel,2023-03-19,08:45,Completed,
APT005000,P2994,Oncology,Dr. R. Singh,2023-06-25,14:00,Cancelled,
APT005001,P2995,Oncology,Dr. M. O'Brien,2023-04-20,16:30,Completed,
APT005002,P2995,Neurology,Dr. R. Singh,2023-10-22,08:30,Cancelled,
APT005003,P2995,Endocrinology,Dr. C. Müller,2027-01-05,08:15,Scheduled,
APT005004,P2995,Neurology,Dr. M. O'Brien,2026-11-28,11:45,Scheduled,
APT005005,P2996,Oncology,Dr. Y. Tanaka,2026-10-21,13:15,Scheduled,
APT005006,P2996,Oncology,Dr. M. O'Brien,2024-10-06,08:15,Cancelled,
APT005007,P2997,General Practice,Dr. S. Khan,2027-03-09,14:45,Scheduled,
APT005008,P2997,Neurology,Dr. Y. Tanaka,2024-01-20,14:30,DNA,
APT005009,P2998,General Practice,Dr. M. O'Brien,2024-08-16,13:00,Completed,
APT005010,P2998,Oncology,Dr. J. Nkosi,2023-01-01,10:30,Cancelled,
APT005011,P2998,Endocrinology,Dr. J. Nkosi,2023-10-20,10:30,DNA,
APT005012,P2998,Cardiology,Dr. J. Nkosi,2024-01-10,09:00,Cancelled,
APT005013,P2999,Physiotherapy,Dr. C. Müller,2023-08-03,10:30,Completed,
APT005014,P2999,Psychiatry,Dr. C. Müller,2026-10-19,14:00,Scheduled,
APT005015,P2999,Endocrinology,Dr. A. Patel,2023-05-10,17:45,Completed,
APT005016,P3000,Pulmonology,Dr. A. Patel,2023-08-09,12:30,Completed,
APT005017,P3000,Psychiatry,Dr. Y. Tanaka,2027-03-24,17:45,Scheduled,
APT005018,P3000,Rheumatology,Dr. A. Patel,2024-04-15,17:45,DNA,
APT005019,P3000,Oncology,Dr. S. Khan,2026-11-08,16:15,Scheduled,
