diagnosis_id,patient_id,icd_code,description,diagnosed_date,clinician,status
DX00001,P1001,J45.9,"Asthma, unspecified",2023-12-07,Dr. L. Torres,Active
DX00002,P1001,C34.10,Malignant neoplasm of upper lobe bronchus,2022-07-30,Dr. C. Müller,Monitoring
DX00003,P1002,J18.9,"Pneumonia, unspecified",2023-09-03,Dr. L. Torres,Resolved
DX00004,P1002,E11.9,Type 2 Diabetes Mellitus without complications,2024-12-01,Dr. R. Singh,Resolved
DX00005,P1002,I10,Essential Hypertension,2022-10-02,Dr. R. Singh,Resolved
DX00006,P1003,E03.9,"Hypothyroidism, unspecified",2024-04-06,Dr. A. Patel,Active
DX00007,P1003,J45.9,"Asthma, unspecified",2023-04-05,Dr. M. O'Brien,Active
DX00008,P1003,J18.9,"Pneumonia, unspecified",2022-02-14,Dr. M. O'Brien,Active
DX00009,P1004,C34.10,Malignant neoplasm of upper lobe bronchus,2022-03-18,Dr. C. Müller,Monitoring
DX00010,P1004,I63.9,"Cerebral infarction, unspecified",2023-06-08,Dr. A. Patel,Monitoring
DX00011,P1004,E03.9,"Hypothyroidism, unspecified",2022-04-09,Dr. S. Khan,Monitoring
DX00012,P1005,I10,Essential Hypertension,2022-08-26,Dr. C. Müller,Resolved
DX00013,P1006,E11.9,Type 2 Diabetes Mellitus without complications,2022-11-10,Dr. J. Nkosi,Monitoring
DX00014,P1006,E78.5,"Hyperlipidaemia, unspecified",2022-01-20,Dr. L. Torres,Resolved
DX00015,P1006,I25.10,Atherosclerotic heart disease,2022-07-26,Dr. L. Torres,Monitoring
DX00016,P1006,M54.5,Low back pain,2022-10-08,Dr. C. Müller,Active
DX00017,P1007,I25.10,Atherosclerotic heart disease,2022-08-22,Dr. S. Khan,Resolved
DX00018,P1008,K21.0,Gastro-oesophageal reflux disease,2023-06-23,Dr. J. Nkosi,Resolved
DX00019,P1008,J45.9,"Asthma, unspecified",2024-04-19,Dr. L. Torres,Active
DX00020,P1009,E78.5,"Hyperlipidaemia, unspecified",2024-10-13,Dr. J. Nkosi,Monitoring
DX00021,P1010,N18.3,"Chronic kidney disease, stage 3",2022-07-02,Dr. S. Khan,Monitoring
DX00022,P1010,J45.9,"Asthma, unspecified",2024-10-08,Dr. M. O'Brien,Active
DX00023,P1010,I10,Essential Hypertension,2024-11-13,Dr. S. Khan,Monitoring
DX00024,P1010,E03.9,"Hypothyroidism, unspecified",2022-07-27,Dr. L. Torres,Monitoring
DX00025,P1011,M54.5,Low back pain,2023-06-25,Dr. Y. Tanaka,Active
DX00026,P1011,I25.10,Atherosclerotic heart disease,2022-07-24,Dr. M. O'Brien,Active
DX00027,P1012,N18.3,"Chronic kidney disease, stage 3",2023-10-03,Dr. C. Müller,Monitoring
DX00028,P1012,E03.9,"Hypothyroidism, unspecified",2022-08-26,Dr. S. Khan,Active
DX00029,P1012,I63.9,"Cerebral infarction, unspecified",2022-01-20,Dr. M. O'Brien,Monitoring
DX00030,P1013,N18.3,"Chronic kidney disease, stage 3",2024-06-15,Dr. L. Torres,Monitoring
DX00031,P1013,M06.9,"Rheumatoid arthritis, unspecified",2022-07-10,Dr. R. Singh,Resolved
DX00032,P1014,E11.9,Type 2 Diabetes Mellitus without complications,2024-03-30,Dr. Y. Tanaka,Resolved
DX00033,P1014,F32.1,"Major depressive disorder, moderate",2024-02-29,Dr. Y. Tanaka,Resolved
DX00034,P1015,E11.9,Type 2 Diabetes Mellitus without complications,2022-05-01,Dr. M. O'Brien,Active
DX00035,P1015,J18.9,"Pneumonia, unspecified",2024-05-02,Dr. Y. Tanaka,Monitoring
DX00036,P1016,J18.9,"Pneumonia, unspecified",2022-03-01,Dr. M. O'Brien,Resolved
DX00037,P1016,K21.0,Gastro-oesophageal reflux disease,2024-09-26,Dr. S. Khan,Resolved
DX00038,P1016,F32.1,"Major depressive disorder, moderate",2024-06-21,Dr. A. Patel,Active
DX00039,P1016,N18.3,"Chronic kidney disease, stage 3",2023-06-20,Dr. R. Singh,Active
DX00040,P1017,I63.9,"Cerebral infarction, unspecified",2023-11-24,Dr. S. Khan,Resolved
DX00041,P1017,G40.9,"Epilepsy, unspecified",2023-05-25,Dr. Y. Tanaka,Resolved
DX00042,P1018,J18.9,"Pneumonia, unspecified",2022-04-22,Dr. A. Patel,Monitoring
DX00043,P1018,G40.9,"Epilepsy, unspecified",2022-11-18,Dr. Y. Tanaka,Resolved
DX00044,P1018,E78.5,"Hyperlipidaemia, unspecified",2022-12-05,Dr. S. Khan,Resolved
DX00045,P1018,K21.0,Gastro-oesophageal reflux disease,2023-10-19,Dr. J. Nkosi,Resolved
DX00046,P1019,I10,Essential Hypertension,2024-02-15,Dr. C. Müller,Active
DX00047,P1019,E78.5,"Hyperlipidaemia, unspecified",2022-06-11,Dr. Y. Tanaka,Resolved
DX00048,P1019,J45.9,"Asthma, unspecified",2024-07-06,Dr. S. Khan,Resolved
DX00049,P1020,N18.3,"Chronic kidney disease, stage 3",2022-02-06,Dr. S. Khan,Resolved
DX00050,P1020,E11.9,Type 2 Diabetes Mellitus without complications,2024-04-24,Dr. A. Patel,Monitoring
DX00051,P1020,M54.5,Low back pain,2022-01-01,Dr. S. Khan,Monitoring
DX00052,P1020,C34.10,Malignant neoplasm of upper lobe bronchus,2023-09-16,Dr. J. Nkosi,Monitoring
DX00053,P1021,N18.3,"Chronic kidney disease, stage 3",2024-07-19,Dr. R. Singh,Monitoring
DX00054,P1021,M06.9,"Rheumatoid arthritis, unspecified",2024-08-26,Dr. R. Singh,Monitoring
DX00055,P1021,I10,Essential Hypertension,2024-07-15,Dr. S. Khan,Active
DX00056,P1021,J45.9,"Asthma, unspecified",2023-03-31,Dr. A. Patel,Resolved
DX00057,P1022,G40.9,"Epilepsy, unspecified",2023-08-21,Dr. R. Singh,Monitoring
DX00058,P1022,I63.9,"Cerebral infarction, unspecified",2022-08-06,Dr. A. Patel,Active
DX00059,P1022,E03.9,"Hypothyroidism, unspecified",2024-10-05,Dr. M. O'Brien,Monitoring
DX00060,P1023,E11.9,Type 2 Diabetes Mellitus without complications,2023-01-20,Dr. S. Khan,Resolved
DX00061,P1023,I25.10,Atherosclerotic heart disease,2023-03-18,Dr. Y. Tanaka,Active
DX00062,P1023,K21.0,Gastro-oesophageal reflux disease,2023-11-24,Dr. S. Khan,Resolved
DX00063,P1023,J45.9,"Asthma, unspecified",2022-04-06,Dr. S. Khan,Resolved
DX00064,P1024,I63.9,"Cerebral infarction, unspecified",2024-10-18,Dr. A. Patel,Monitoring
DX00065,P1024,K21.0,Gastro-oesophageal reflux disease,2022-04-10,Dr. C. Müller,Monitoring
DX00066,P1024,E78.5,"Hyperlipidaemia, unspecified",2024-09-16,Dr. M. O'Brien,Monitoring
DX00067,P1024,J18.9,"Pneumonia, unspecified",2022-12-22,Dr. M. O'Brien,Active
DX00068,P1025,I63.9,"Cerebral infarction, unspecified",2024-10-29,Dr. C. Müller,Resolved
DX00069,P1025,K21.0,Gastro-oesophageal reflux disease,2023-05-24,Dr. L. Torres,Resolved
DX00070,P1025,G40.9,"Epilepsy, unspecified",2023-12-04,Dr. L. Torres,Resolved
DX00071,P1025,N18.3,"Chronic kidney disease, stage 3",2022-10-01,Dr. M. O'Brien,Resolved
DX00072,P1026,G40.9,"Epilepsy, unspecified",2023-10-05,Dr. J. Nkosi,Active
DX00073,P1026,C34.10,Malignant neoplasm of upper lobe bronchus,2023-03-06,Dr. L. Torres,Monitoring
DX00074,P1026,E78.5,"Hyperlipidaemia, unspecified",2023-12-09,Dr. M. O'Brien,Monitoring
DX00075,P1027,E78.5,"Hyperlipidaemia, unspecified",2023-10-23,Dr. S. Khan,Resolved
DX00076,P1027,M06.9,"Rheumatoid arthritis, unspecified",2024-09-10,Dr. C. Müller,Monitoring
DX00077,P1028,M06.9,"Rheumatoid arthritis, unspecified",2022-01-27,Dr. S. Khan,Active
DX00078,P1028,G40.9,"Epilepsy, unspecified",2024-02-20,Dr. M. O'Brien,Active
DX00079,P1028,F32.1,"Major depressive disorder, moderate",2022-04-26,Dr. J. Nkosi,Resolved
DX00080,P1029,I25.10,Atherosclerotic heart disease,2023-05-29,Dr. M. O'Brien,Active
DX00081,P1029,I63.9,"Cerebral infarction, unspecified",2023-08-28,Dr. J. Nkosi,Monitoring
DX00082,P1030,N18.3,"Chronic kidney disease, stage 3",2024-07-15,Dr. S. Khan,Monitoring
DX00083,P1031,C34.10,Malignant neoplasm of upper lobe bronchus,2024-03-07,Dr. J. Nkosi,Monitoring
DX00084,P1031,I63.9,"Cerebral infarction, unspecified",2023-08-13,Dr. A. Patel,Resolved
DX00085,P1032,F32.1,"Major depressive disorder, moderate",2022-04-21,Dr. A. Patel,Monitoring
DX00086,P1032,E03.9,"Hypothyroidism, unspecified",2023-05-30,Dr. J. Nkosi,Monitoring
DX00087,P1032,I63.9,"Cerebral infarction, unspecified",2024-06-26,Dr. J. Nkosi,Monitoring
DX00088,P1032,N18.3,"Chronic kidney disease, stage 3",2024-01-24,Dr. J. Nkosi,Monitoring
DX00089,P1033,I25.10,Atherosclerotic heart disease,2022-12-30,Dr. S. Khan,Active
DX00090,P1033,M54.5,Low back pain,2022-12-22,Dr. S. Khan,Resolved
DX00091,P1034,F32.1,"Major depressive disorder, moderate",2023-07-26,Dr. L. Torres,Active
DX00092,P1035,K21.0,Gastro-oesophageal reflux disease,2023-06-07,Dr. A. Patel,Resolved
DX00093,P1035,G40.9,"Epilepsy, unspecified",2024-08-13,Dr. M. O'Brien,Active
DX00094,P1036,M06.9,"Rheumatoid arthritis, unspecified",2022-04-15,Dr. L. Torres,Resolved
DX00095,P1036,N18.3,"Chronic kidney disease, stage 3",2024-01-04,Dr. S. Khan,Monitoring
DX00096,P1037,E78.5,"Hyperlipidaemia, unspecified",2024-12-02,Dr. S. Khan,Monitoring
DX00097,P1037,J45.9,"Asthma, unspecified",2022-11-23,Dr. C. Müller,Monitoring
DX00098,P1037,J18.9,"Pneumonia, unspecified",2024-04-06,Dr. S. Khan,Resolved
DX00099,P1038,M06.9,"Rheumatoid arthritis, unspecified",2023-11-11,Dr. R. Singh,Resolved
DX00100,P1038,J45.9,"Asthma, unspecified",2023-08-25,Dr. J. Nkosi,Monitoring
DX00101,P1039,E78.5,"Hyperlipidaemia, unspecified",2022-01-19,Dr. S. Khan,Monitoring
DX00102,P1039,G40.9,"Epilepsy, unspecified",2023-12-10,Dr. Y. Tanaka,Active
DX00103,P1039,E03.9,"Hypothyroidism, unspecified",2023-05-15,Dr. A. Patel,Monitoring
DX00104,P1039,I63.9,"Cerebral infarction, unspecified",2023-10-20,Dr. C. Müller,Active
DX00105,P1040,I25.10,Atherosclerotic heart disease,2022-02-20,Dr. R. Singh,Monitoring
DX00106,P1040,E78.5,"Hyperlipidaemia, unspecified",2024-11-07,Dr. Y. Tanaka,Resolved
DX00107,P1040,C34.10,Malignant neoplasm of upper lobe bronchus,2022-03-31,Dr. L. Torres,Monitoring
DX00108,P1040,M06.9,"Rheumatoid arthritis, unspecified",2023-01-30,Dr. R. Singh,Monitoring
DX00109,P1041,E11.9,Type 2 Diabetes Mellitus without complications,2022-12-09,Dr. A. Patel,Monitoring
DX00110,P1042,J45.9,"Asthma, unspecified",2023-03-13,Dr. C. Müller,Active
DX00111,P1043,E78.5,"Hyperlipidaemia, unspecified",2024-06-10,Dr. S. Khan,Monitoring
DX00112,P1043,G40.9,"Epilepsy, unspecified",2022-11-11,Dr. A. Patel,Resolved
DX00113,P1044,I10,Essential Hypertension,2022-04-22,Dr. M. O'Brien,Resolved
DX00114,P1044,E11.9,Type 2 Diabetes Mellitus without complications,2022-05-25,Dr. J. Nkosi,Resolved
DX00115,P1044,G40.9,"Epilepsy, unspecified",2024-04-14,Dr. C. Müller,Resolved
DX00116,P1045,F32.1,"Major depressive disorder, moderate",2022-08-31,Dr. A. Patel,Monitoring
DX00117,P1045,N18.3,"Chronic kidney disease, stage 3",2022-05-10,Dr. A. Patel,Monitoring
DX00118,P1045,I10,Essential Hypertension,2022-05-29,Dr. R. Singh,Monitoring
DX00119,P1045,M06.9,"Rheumatoid arthritis, unspecified",2022-08-06,Dr. L. Torres,Monitoring
DX00120,P1046,K21.0,Gastro-oesophageal reflux disease,2024-06-15,Dr. C. Müller,Resolved
DX00121,P1046,E11.9,Type 2 Diabetes Mellitus without complications,2022-03-05,Dr. Y. Tanaka,Active
DX00122,P1046,I25.10,Atherosclerotic heart disease,2024-12-28,Dr. J. Nkosi,Active
DX00123,P1047,E03.9,"Hypothyroidism, unspecified",2022-10-23,Dr. L. Torres,Monitoring
DX00124,P1047,M06.9,"Rheumatoid arthritis, unspecified",2024-02-04,Dr. A. Patel,Monitoring
DX00125,P1047,E78.5,"Hyperlipidaemia, unspecified",2022-10-17,Dr. S. Khan,Active
DX00126,P1047,I25.10,Atherosclerotic heart disease,2022-01-11,Dr. C. Müller,Monitoring
DX00127,P1048,I25.10,Atherosclerotic heart disease,2023-03-07,Dr. R. Singh,Active
DX00128,P1049,M06.9,"Rheumatoid arthritis, unspecified",2022-11-26,Dr. M. O'Brien,Active
DX00129,P1049,I63.9,"Cerebral infarction, unspecified",2023-06-02,Dr. J. Nkosi,Active
DX00130,P1049,E78.5,"Hyperlipidaemia, unspecified",2023-01-07,Dr. A. Patel,Monitoring
DX00131,P1049,J18.9,"Pneumonia, unspecified",2024-08-02,Dr. S. Khan,Resolved
DX00132,P1050,I25.10,Atherosclerotic heart disease,2022-07-21,Dr. J. Nkosi,Monitoring
DX00133,P1051,N18.3,"Chronic kidney disease, stage 3",2023-04-26,Dr. S. Khan,Resolved
DX00134,P1051,M06.9,"Rheumatoid arthritis, unspecified",2022-05-23,Dr. J. Nkosi,Resolved
DX00135,P1051,J18.9,"Pneumonia, unspecified",2024-09-22,Dr. Y. Tanaka,Resolved
DX00136,P1051,I63.9,"Cerebral infarction, unspecified",2023-09-19,Dr. M. O'Brien,Monitoring
DX00137,P1052,E03.9,"Hypothyroidism, unspecified",2022-12-12,Dr. A. Patel,Resolved
DX00138,P1052,N18.3,"Chronic kidney disease, stage 3",2023-05-20,Dr. J. Nkosi,Monitoring
DX00139,P1052,F32.1,"Major depressive disorder, moderate",2024-06-12,Dr. L. Torres,Resolved
DX00140,P1053,I63.9,"Cerebral infarction, unspecified",2023-11-11,Dr. Y. Tanaka,Resolved
DX00141,P1053,C34.10,Malignant neoplasm of upper lobe bronchus,2024-07-01,Dr. R. Singh,Resolved
DX00142,P1054,E78.5,"Hyperlipidaemia, unspecified",2022-06-17,Dr. L. Torres,Active
DX00143,P1054,E11.9,Type 2 Diabetes Mellitus without complications,2023-02-07,Dr. L. Torres,Monitoring
DX00144,P1054,J18.9,"Pneumonia, unspecified",2022-06-06,Dr. S. Khan,Active
DX00145,P1054,I63.9,"Cerebral infarction, unspecified",2024-11-04,Dr. A. Patel,Monitoring
DX00146,P1055,E03.9,"Hypothyroidism, unspecified",2023-06-18,Dr. Y. Tanaka,Monitoring
DX00147,P1055,K21.0,Gastro-oesophageal reflux disease,2022-11-01,Dr. R. Singh,Resolved
DX00148,P1055,J45.9,"Asthma, unspecified",2023-04-03,Dr. L. Torres,Active
DX00149,P1055,I10,Essential Hypertension,2024-08-09,Dr. S. Khan,Resolved
DX00150,P1056,E78.5,"Hyperlipidaemia, unspecified",2023-05-05,Dr. M. O'Brien,Monitoring
DX00151,P1056,I10,Essential Hypertension,2022-10-15,Dr. Y. Tanaka,Active
DX00152,P1056,I63.9,"Cerebral infarction, unspecified",2023-01-02,Dr. M. O'Brien,Monitoring
DX00153,P1057,N18.3,"Chronic kidney disease, stage 3",2023-04-20,Dr. S. Khan,Resolved
DX00154,P1057,I10,Essential Hypertension,2024-01-27,Dr. J. Nkosi,Active
DX00155,P1057,J45.9,"Asthma, unspecified",2023-02-28,Dr. R. Singh,Resolved
DX00156,P1057,M54.5,Low back pain,2024-08-19,Dr. Y. Tanaka,Active
DX00157,P1058,I63.9,"Cerebral infarction, unspecified",2023-10-26,Dr. S. Khan,Monitoring
DX00158,P1059,G40.9,"Epilepsy, unspecified",2022-12-23,Dr. C. Müller,Monitoring
DX00159,P1059,C34.10,Malignant neoplasm of upper lobe bronchus,2024-02-15,Dr. R. Singh,Monitoring
DX00160,P1059,I25.10,Atherosclerotic heart disease,2022-06-09,Dr. L. Torres,Resolved
DX00161,P1060,E78.5,"Hyperlipidaemia, unspecified",2023-12-24,Dr. R. Singh,Resolved
DX00162,P1060,F32.1,"Major depressive disorder, moderate",2024-09-14,Dr. A. Patel,Monitoring
DX00163,P1061,M54.5,Low back pain,2023-04-17,Dr. S. Khan,Monitoring
DX00164,P1061,J18.9,"Pneumonia, unspecified",2023-07-30,Dr. J. Nkosi,Active
DX00165,P1062,J18.9,"Pneumonia, unspecified",2022-08-31,Dr. J. Nkosi,Resolved
DX00166,P1062,N18.3,"Chronic kidney disease, stage 3",2023-11-08,Dr. S. Khan,Resolved
DX00167,P1063,M54.5,Low back pain,2024-04-21,Dr. A. Patel,Active
DX00168,P1063,J45.9,"Asthma, unspecified",2022-03-30,Dr. M. O'Brien,Monitoring
DX00169,P1063,K21.0,Gastro-oesophageal reflux disease,2022-11-26,Dr. M. O'Brien,Monitoring
DX00170,P1063,J18.9,"Pneumonia, unspecified",2024-11-15,Dr. A. Patel,Monitoring
DX00171,P1064,I10,Essential Hypertension,2023-06-13,Dr. M. O'Brien,Monitoring
DX00172,P1064,J18.9,"Pneumonia, unspecified",2024-04-10,Dr. A. Patel,Monitoring
DX00173,P1065,E11.9,Type 2 Diabetes Mellitus without complications,2024-08-23,Dr. Y. Tanaka,Active
DX00174,P1065,J45.9,"Asthma, unspecified",2023-03-26,Dr. C. Müller,Monitoring
DX00175,P1065,M54.5,Low back pain,2022-10-20,Dr. M. O'Brien,Monitoring
DX00176,P1066,J18.9,"Pneumonia, unspecified",2023-12-03,Dr. Y. Tanaka,Monitoring
DX00177,P1066,C34.10,Malignant neoplasm of upper lobe bronchus,2022-05-21,Dr. J. Nkosi,Resolved
DX00178,P1066,I63.9,"Cerebral infarction, unspecified",2024-02-29,Dr. M. O'Brien,Active
DX00179,P1067,J45.9,"Asthma, unspecified",2024-12-06,Dr. C. Müller,Active
DX00180,P1068,J18.9,"Pneumonia, unspecified",2024-09-01,Dr. A. Patel,Monitoring
DX00181,P1069,E11.9,Type 2 Diabetes Mellitus without complications,2024-09-14,Dr. M. O'Brien,Monitoring
DX00182,P1070,M06.9,"Rheumatoid arthritis, unspecified",2024-06-02,Dr. C. Müller,Resolved
DX00183,P1071,C34.10,Malignant neoplasm of upper lobe bronchus,2024-12-21,Dr. C. Müller,Active
DX00184,P1072,E03.9,"Hypothyroidism, unspecified",2022-07-20,Dr. C. Müller,Active
DX00185,P1072,M06.9,"Rheumatoid arthritis, unspecified",2023-06-06,Dr. Y. Tanaka,Active
DX00186,P1072,F32.1,"Major depressive disorder, moderate",2022-06-21,Dr. L. Torres,Monitoring
DX00187,P1072,N18.3,"Chronic kidney disease, stage 3",2024-04-16,Dr. L. Torres,Active
DX00188,P1073,C34.10,Malignant neoplasm of upper lobe bronchus,2022-01-15,Dr. S. Khan,Monitoring
DX00189,P1074,F32.1,"Major depressive disorder, moderate",2023-02-25,Dr. R. Singh,Resolved
DX00190,P1075,E11.9,Type 2 Diabetes Mellitus without complications,2023-06-04,Dr. L. Torres,Monitoring
DX00191,P1075,J18.9,"Pneumonia, unspecified",2024-05-17,Dr. R. Singh,Monitoring
DX00192,P1075,F32.1,"Major depressive disorder, moderate",2023-07-19,Dr. C. Müller,Active
DX00193,P1076,E78.5,"Hyperlipidaemia, unspecified",2023-01-02,Dr. R. Singh,Monitoring
DX00194,P1076,E03.9,"Hypothyroidism, unspecified",2024-09-17,Dr. L. Torres,Resolved
DX00195,P1076,M06.9,"Rheumatoid arthritis, unspecified",2023-12-07,Dr. C. Müller,Monitoring
DX00196,P1076,M54.5,Low back pain,2022-10-10,Dr. S. Khan,Monitoring
DX00197,P1077,M54.5,Low back pain,2022-11-28,Dr. S. Khan,Active
DX00198,P1077,E03.9,"Hypothyroidism, unspecified",2024-11-07,Dr. C. Müller,Resolved
DX00199,P1078,J18.9,"Pneumonia, unspecified",2024-03-07,Dr. A. Patel,Active
DX00200,P1079,M54.5,Low back pain,2024-06-10,Dr. S. Khan,Active
DX00201,P1079,K21.0,Gastro-oesophageal reflux disease,2023-06-23,Dr. J. Nkosi,Resolved
DX00202,P1080,K21.0,Gastro-oesophageal reflux disease,2022-03-19,Dr. C. Müller,Resolved
DX00203,P1081,C34.10,Malignant neoplasm of upper lobe bronchus,2022-12-25,Dr. Y. Tanaka,Resolved
DX00204,P1081,K21.0,Gastro-oesophageal reflux disease,2022-01-22,Dr. J. Nkosi,Monitoring
DX00205,P1081,I10,Essential Hypertension,2024-11-27,Dr. L. Torres,Active
DX00206,P1082,E03.9,"Hypothyroidism, unspecified",2024-11-11,Dr. J. Nkosi,Monitoring
DX00207,P1083,I63.9,"Cerebral infarction, unspecified",2024-01-07,Dr. J. Nkosi,Monitoring
DX00208,P1083,I10,Essential Hypertension,2022-01-01,Dr. M. O'Brien,Active
DX00209,P1084,E03.9,"Hypothyroidism, unspecified",2024-03-20,Dr. C. Müller,Monitoring
DX00210,P1084,F32.1,"Major depressive disorder, moderate",2023-02-15,Dr. A. Patel,Monitoring
DX00211,P1084,N18.3,"Chronic kidney disease, stage 3",2022-05-21,Dr. S. Khan,Monitoring
DX00212,P1085,C34.10,Malignant neoplasm of upper lobe bronchus,2023-12-14,Dr. R. Singh,Resolved
DX00213,P1085,G40.9,"Epilepsy, unspecified",2023-04-09,Dr. J. Nkosi,Resolved
DX00214,P1085,E78.5,"Hyperlipidaemia, unspecified",2024-04-07,Dr. A. Patel,Resolved
DX00215,P1086,F32.1,"Major depressive disorder, moderate",2022-08-07,Dr. S. Khan,Monitoring
DX00216,P1086,E78.5,"Hyperlipidaemia, unspecified",2023-08-26,Dr. R. Singh,Active
DX00217,P1087,M06.9,"Rheumatoid arthritis, unspecified",2023-05-28,Dr. Y. Tanaka,Resolved
DX00218,P1087,E78.5,"Hyperlipidaemia, unspecified",2024-09-17,Dr. J. Nkosi,Resolved
DX00219,P1087,E03.9,"Hypothyroidism, unspecified",2024-07-28,Dr. Y. Tanaka,Monitoring
DX00220,P1088,M54.5,Low back pain,2022-08-27,Dr. L. Torres,Active
DX00221,P1089,I63.9,"Cerebral infarction, unspecified",2023-04-16,Dr. R. Singh,Resolved
DX00222,P1089,E03.9,"Hypothyroidism, unspecified",2023-12-25,Dr. A. Patel,Monitoring
DX00223,P1089,J45.9,"Asthma, unspecified",2023-06-24,Dr. J. Nkosi,Resolved
DX00224,P1089,M06.9,"Rheumatoid arthritis, unspecified",2022-07-10,Dr. C. Müller,Monitoring
DX00225,P1090,E11.9,Type 2 Diabetes Mellitus without complications,2024-09-02,Dr. R. Singh,Resolved
DX00226,P1090,E78.5,"Hyperlipidaemia, unspecified",2023-03-24,Dr. L. Torres,Active
DX00227,P1090,J18.9,"Pneumonia, unspecified",2023-01-25,Dr. Y. Tanaka,Monitoring
DX00228,P1091,J45.9,"Asthma, unspecified",2023-05-11,Dr. L. Torres,Active
DX00229,P1091,C34.10,Malignant neoplasm of upper lobe bronchus,2023-04-15,Dr. J. Nkosi,Active
DX00230,P1092,J18.9,"Pneumonia, unspecified",2022-09-03,Dr. S. Khan,Monitoring
DX00231,P1092,E03.9,"Hypothyroidism, unspecified",2024-10-05,Dr. A. Patel,Monitoring
DX00232,P1092,E11.9,Type 2 Diabetes Mellitus without complications,2022-03-28,Dr. Y. Tanaka,Resolved
DX00233,P1093,M54.5,Low back pain,2024-10-02,Dr. M. O'Brien,Monitoring
DX00234,P1093,K21.0,Gastro-oesophageal reflux disease,2023-07-28,Dr. C. Müller,Active
DX00235,P1093,I25.10,Atherosclerotic heart disease,2022-09-20,Dr. A. Patel,Monitoring
DX00236,P1094,M54.5,Low back pain,2023-12-13,Dr. C. Müller,Monitoring
DX00237,P1094,E78.5,"Hyperlipidaemia, unspecified",2022-12-24,Dr. Y. Tanaka,Active
DX00238,P1094,I10,Essential Hypertension,2024-11-27,Dr. Y. Tanaka,Resolved
DX00239,P1094,G40.9,"Epilepsy, unspecified",2022-01-18,Dr. A. Patel,Monitoring
DX00240,P1095,F32.1,"Major depressive disorder, moderate",2022-07-26,Dr. R. Singh,Resolved
DX00241,P1095,K21.0,Gastro-oesophageal reflux disease,2023-06-16,Dr. M. O'Brien,Monitoring
DX00242,P1096,J45.9,"Asthma, unspecified",2023-12-04,Dr. R. Singh,Active
DX00243,P1096,I25.10,Atherosclerotic heart disease,2024-10-18,Dr. C. Müller,Active
DX00244,P1096,M54.5,Low back pain,2024-05-08,Dr. R. Singh,Resolved
DX00245,P1097,I25.10,Atherosclerotic heart disease,2022-09-26,Dr. J. Nkosi,Active
DX00246,P1097,M54.5,Low back pain,2023-07-07,Dr. J. Nkosi,Monitoring
DX00247,P1097,J18.9,"Pneumonia, unspecified",2024-06-04,Dr. C. Müller,Active
DX00248,P1097,K21.0,Gastro-oesophageal reflux disease,2022-10-26,Dr. M. O'Brien,Resolved
DX00249,P1098,J18.9,"Pneumonia, unspecified",2024-05-13,Dr. Y. Tanaka,Active
DX00250,P1099,E03.9,"Hypothyroidism, unspecified",2023-05-29,Dr. A. Patel,Resolved
DX00251,P1099,M54.5,Low back pain,2022-07-22,Dr. M. O'Brien,Active
DX00252,P1099,I25.10,Atherosclerotic heart disease,2023-03-18,Dr. L. Torres,Resolved
DX00253,P1100,M54.5,Low back pain,2023-11-17,Dr. L. Torres,Resolved
DX00254,P1101,E78.5,"Hyperlipidaemia, unspecified",2023-06-12,Dr. R. Singh,Active
DX00255,P1101,M06.9,"Rheumatoid arthritis, unspecified",2024-04-23,Dr. S. Khan,Resolved
DX00256,P1101,E03.9,"Hypothyroidism, unspecified",2023-02-12,Dr. M. O'Brien,Resolved
DX00257,P1102,N18.3,"Chronic kidney disease, stage 3",2024-09-25,Dr. Y. Tanaka,Active
DX00258,P1102,I63.9,"Cerebral infarction, unspecified",2024-02-20,Dr. L. Torres,Resolved
DX00259,P1102,E78.5,"Hyperlipidaemia, unspecified",2022-10-24,Dr. M. O'Brien,Monitoring
DX00260,P1103,F32.1,"Major depressive disorder, moderate",2024-04-08,Dr. S. Khan,Active
DX00261,P1103,I63.9,"Cerebral infarction, unspecified",2022-11-28,Dr. R. Singh,Active
DX00262,P1103,K21.0,Gastro-oesophageal reflux disease,2023-10-05,Dr. R. Singh,Monitoring
DX00263,P1104,C34.10,Malignant neoplasm of upper lobe bronchus,2024-03-20,Dr. L. Torres,Resolved
DX00264,P1104,I25.10,Atherosclerotic heart disease,2024-01-14,Dr. Y. Tanaka,Resolved
DX00265,P1104,K21.0,Gastro-oesophageal reflux disease,2022-12-09,Dr. M. O'Brien,Active
DX00266,P1105,C34.10,Malignant neoplasm of upper lobe bronchus,2023-05-31,Dr. S. Khan,Active
DX00267,P1105,J45.9,"Asthma, unspecified",2022-12-08,Dr. C. Müller,Active
DX00268,P1106,E11.9,Type 2 Diabetes Mellitus without complications,2024-08-27,Dr. A. Patel,Active
DX00269,P1107,E78.5,"Hyperlipidaemia, unspecified",2023-06-22,Dr. M. O'Brien,Active
DX00270,P1107,E03.9,"Hypothyroidism, unspecified",2024-03-09,Dr. L. Torres,Active
DX00271,P1107,E11.9,Type 2 Diabetes Mellitus without complications,2023-05-22,Dr. L. Torres,Resolved
DX00272,P1107,G40.9,"Epilepsy, unspecified",2022-09-16,Dr. M. O'Brien,Monitoring
DX00273,P1108,I10,Essential Hypertension,2024-01-01,Dr. R. Singh,Resolved
DX00274,P1108,M06.9,"Rheumatoid arthritis, unspecified",2024-08-14,Dr. L. Torres,Monitoring
DX00275,P1109,J18.9,"Pneumonia, unspecified",2024-07-24,Dr. C. Müller,Monitoring
DX00276,P1109,C34.10,Malignant neoplasm of upper lobe bronchus,2024-12-29,Dr. L. Torres,Resolved
DX00277,P1109,E78.5,"Hyperlipidaemia, unspecified",2024-09-13,Dr. J. Nkosi,Active
DX00278,P1109,M06.9,"Rheumatoid arthritis, unspecified",2024-06-23,Dr. L. Torres,Resolved
DX00279,P1110,I25.10,Atherosclerotic heart disease,2022-01-01,Dr. M. O'Brien,Resolved
DX00280,P1110,J18.9,"Pneumonia, unspecified",2023-08-11,Dr. Y. Tanaka,Monitoring
DX00281,P1110,M06.9,"Rheumatoid arthritis, unspecified",2022-01-18,Dr. Y. Tanaka,Resolved
DX00282,P1110,I10,Essential Hypertension,2023-09-06,Dr. A. Patel,Resolved
DX00283,P1111,K21.0,Gastro-oesophageal reflux disease,2022-01-15,Dr. R. Singh,Active
DX00284,P1111,J45.9,"Asthma, unspecified",2024-04-23,Dr. C. Müller,Resolved
DX00285,P1111,E03.9,"Hypothyroidism, unspecified",2023-05-27,Dr. M. O'Brien,Monitoring
DX00286,P1112,G40.9,"Epilepsy, unspecified",2022-06-12,Dr. C. Müller,Monitoring
DX00287,P1112,F32.1,"Major depressive disorder, moderate",2023-05-06,Dr. L. Torres,Resolved
DX00288,P1112,J45.9,"Asthma, unspecified",2024-12-25,Dr. L. Torres,Resolved
DX00289,P1112,I25.10,Atherosclerotic heart disease,2023-01-21,Dr. S. Khan,Active
DX00290,P1113,I25.10,Atherosclerotic heart disease,2024-07-21,Dr. Y. Tanaka,Resolved
DX00291,P1113,E11.9,Type 2 Diabetes Mellitus without complications,2024-10-04,Dr. J. Nkosi,Resolved
DX00292,P1114,J18.9,"Pneumonia, unspecified",2022-04-12,Dr. A. Patel,Active
DX00293,P1115,I25.10,Atherosclerotic heart disease,2023-07-06,Dr. M. O'Brien,Monitoring
DX00294,P1116,C34.10,Malignant neoplasm of upper lobe bronchus,2022-11-05,Dr. A. Patel,Resolved
DX00295,P1116,I10,Essential Hypertension,2023-03-21,Dr. R. Singh,Resolved
DX00296,P1116,J45.9,"Asthma, unspecified",2023-10-01,Dr. Y. Tanaka,Resolved
DX00297,P1116,E11.9,Type 2 Diabetes Mellitus without complications,2024-08-07,Dr. A. Patel,Resolved
DX00298,P1117,G40.9,"Epilepsy, unspecified",2022-10-27,Dr. A. Patel,Resolved
DX00299,P1118,E11.9,Type 2 Diabetes Mellitus without complications,2023-01-29,Dr. L. Torres,Resolved
DX00300,P1118,E78.5,"Hyperlipidaemia, unspecified",2022-01-26,Dr. S. Khan,Monitoring
DX00301,P1118,M54.5,Low back pain,2023-05-25,Dr. C. Müller,Resolved
DX00302,P1118,J18.9,"Pneumonia, unspecified",2023-05-22,Dr. A. Patel,Active
DX00303,P1119,C34.10,Malignant neoplasm of upper lobe bronchus,2023-03-03,Dr. Y. Tanaka,Resolved
DX00304,P1119,E03.9,"Hypothyroidism, unspecified",2023-10-02,Dr. R. Singh,Active
DX00305,P1119,E11.9,Type 2 Diabetes Mellitus without complications,2022-03-28,Dr. S. Khan,Resolved
DX00306,P1119,E78.5,"Hyperlipidaemia, unspecified",2024-09-12,Dr. L. Torres,Active
DX00307,P1120,M06.9,"Rheumatoid arthritis, unspecified",2023-03-23,Dr. S. Khan,Active
DX00308,P1120,I10,Essential Hypertension,2024-06-08,Dr. R. Singh,Active
DX00309,P1120,I63.9,"Cerebral infarction, unspecified",2022-12-09,Dr. L. Torres,Monitoring
DX00310,P1121,F32.1,"Major depressive disorder, moderate",2023-05-13,Dr. A. Patel,Active
DX00311,P1122,C34.10,Malignant neoplasm of upper lobe bronchus,2022-07-03,Dr. J. Nkosi,Active
DX00312,P1122,K21.0,Gastro-oesophageal reflux disease,2024-10-20,Dr. S. Khan,Monitoring
DX00313,P1122,J18.9,"Pneumonia, unspecified",2023-11-25,Dr. A. Patel,Active
DX00314,P1122,N18.3,"Chronic kidney disease, stage 3",2023-12-30,Dr. M. O'Brien,Monitoring
DX00315,P1123,J18.9,"Pneumonia, unspecified",2024-09-26,Dr. J. Nkosi,Resolved
DX00316,P1124,E03.9,"Hypothyroidism, unspecified",2023-01-31,Dr. A. Patel,Monitoring
DX00317,P1124,M54.5,Low back pain,2024-02-13,Dr. R. Singh,Monitoring
DX00318,P1124,C34.10,Malignant neoplasm of upper lobe bronchus,2022-10-03,Dr. L. Torres,Active
DX00319,P1125,C34.10,Malignant neoplasm of upper lobe bronchus,2024-09-30,Dr. J. Nkosi,Monitoring
DX00320,P1125,M54.5,Low back pain,2023-01-18,Dr. R. Singh,Resolved
DX00321,P1125,E78.5,"Hyperlipidaemia, unspecified",2024-08-17,Dr. L. Torres,Monitoring
DX00322,P1125,I25.10,Atherosclerotic heart disease,2022-11-25,Dr. S. Khan,Monitoring
DX00323,P1126,M54.5,Low back pain,2023-06-24,Dr. R. Singh,Resolved
DX00324,P1126,I25.10,Atherosclerotic heart disease,2022-01-02,Dr. C. Müller,Monitoring
DX00325,P1127,M06.9,"Rheumatoid arthritis, unspecified",2024-01-16,Dr. J. Nkosi,Resolved
DX00326,P1127,I10,Essential Hypertension,2022-05-10,Dr. C. Müller,Active
DX00327,P1128,E03.9,"Hypothyroidism, unspecified",2023-08-03,Dr. R. Singh,Resolved
DX00328,P1128,E78.5,"Hyperlipidaemia, unspecified",2023-10-22,Dr. S. Khan,Active
DX00329,P1128,J18.9,"Pneumonia, unspecified",2024-12-07,Dr. S. Khan,Active
DX00330,P1128,K21.0,Gastro-oesophageal reflux disease,2022-09-23,Dr. M. O'Brien,Active
DX00331,P1129,E11.9,Type 2 Diabetes Mellitus without complications,2023-01-28,Dr. S. Khan,Active
DX00332,P1129,M54.5,Low back pain,2024-03-06,Dr. Y. Tanaka,Monitoring
DX00333,P1130,I10,Essential Hypertension,2022-05-26,Dr. A. Patel,Active
DX00334,P1130,N18.3,"Chronic kidney disease, stage 3",2024-10-03,Dr. S. Khan,Resolved
DX00335,P1130,J45.9,"Asthma, unspecified",2022-05-05,Dr. R. Singh,Monitoring
DX00336,P1131,G40.9,"Epilepsy, unspecified",2022-04-30,Dr. L. Torres,Monitoring
DX00337,P1131,N18.3,"Chronic kidney disease, stage 3",2022-03-25,Dr. S. Khan,Resolved
DX00338,P1131,E03.9,"Hypothyroidism, unspecified",2022-06-09,Dr. J. Nkosi,Monitoring
DX00339,P1131,C34.10,Malignant neoplasm of upper lobe bronchus,2022-07-18,Dr. S. Khan,Monitoring
DX00340,P1132,E78.5,"Hyperlipidaemia, unspecified",2023-01-24,Dr. J. Nkosi,Monitoring
DX00341,P1132,F32.1,"Major depressive disorder, moderate",2023-05-25,Dr. M. O'Brien,Monitoring
DX00342,P1133,C34.10,Malignant neoplasm of upper lobe bronchus,2024-01-04,Dr. Y. Tanaka,Monitoring
DX00343,P1133,E11.9,Type 2 Diabetes Mellitus without complications,2024-05-24,Dr. S. Khan,Active
DX00344,P1133,E03.9,"Hypothyroidism, unspecified",2023-01-05,Dr. C. Müller,Monitoring
DX00345,P1133,I63.9,"Cerebral infarction, unspecified",2023-11-23,Dr. M. O'Brien,Monitoring
DX00346,P1134,M06.9,"Rheumatoid arthritis, unspecified",2023-10-27,Dr. R. Singh,Resolved
DX00347,P1134,N18.3,"Chronic kidney disease, stage 3",2024-05-31,Dr. R. Singh,Monitoring
DX00348,P1134,G40.9,"Epilepsy, unspecified",2023-05-08,Dr. J. Nkosi,Resolved
DX00349,P1134,E78.5,"Hyperlipidaemia, unspecified",2023-06-05,Dr. R. Singh,Resolved
DX00350,P1135,F32.1,"Major depressive disorder, moderate",2023-08-06,Dr. A. Patel,Monitoring
DX00351,P1135,I10,Essential Hypertension,2022-10-04,Dr. L. Torres,Active
DX00352,P1135,C34.10,Malignant neoplasm of upper lobe bronchus,2023-09-08,Dr. J. Nkosi,Active
DX00353,P1135,G40.9,"Epilepsy, unspecified",2023-10-07,Dr. A. Patel,Monitoring
DX00354,P1136,M06.9,"Rheumatoid arthritis, unspecified",2022-11-13,Dr. S. Khan,Active
DX00355,P1136,E78.5,"Hyperlipidaemia, unspecified",2024-07-31,Dr. R. Singh,Active
DX00356,P1136,G40.9,"Epilepsy, unspecified",2022-10-11,Dr. L. Torres,Resolved
DX00357,P1137,J45.9,"Asthma, unspecified",2023-09-08,Dr. S. Khan,Monitoring
DX00358,P1137,I25.10,Atherosclerotic heart disease,2024-03-29,Dr. J. Nkosi,Monitoring
DX00359,P1138,C34.10,Malignant neoplasm of upper lobe bronchus,2023-10-27,Dr. Y. Tanaka,Active
DX00360,P1139,G40.9,"Epilepsy, unspecified",2022-07-15,Dr. L. Torres,Active
DX00361,P1139,C34.10,Malignant neoplasm of upper lobe bronchus,2024-02-21,Dr. S. Khan,Active
DX00362,P1139,M06.9,"Rheumatoid arthritis, unspecified",2023-11-16,Dr. R. Singh,Resolved
DX00363,P1139,K21.0,Gastro-oesophageal reflux disease,2024-05-03,Dr. S. Khan,Active
DX00364,P1140,I63.9,"Cerebral infarction, unspecified",2024-02-23,Dr. A. Patel,Resolved
DX00365,P1141,N18.3,"Chronic kidney disease, stage 3",2022-11-03,Dr. R. Singh,Monitoring
DX00366,P1142,J18.9,"Pneumonia, unspecified",2024-03-15,Dr. Y. Tanaka,Monitoring
DX00367,P1142,I10,Essential Hypertension,2024-10-30,Dr. S. Khan,Active
DX00368,P1143,I25.10,Atherosclerotic heart disease,2022-09-28,Dr. R. Singh,Active
DX00369,P1143,E03.9,"Hypothyroidism, unspecified",2024-09-01,Dr. A. Patel,Monitoring
DX00370,P1143,F32.1,"Major depressive disorder, moderate",2024-03-28,Dr. L. Torres,Active
DX00371,P1143,J18.9,"Pneumonia, unspecified",2024-03-27,Dr. C. Müller,Monitoring
DX00372,P1144,E03.9,"Hypothyroidism, unspecified",2024-09-11,Dr. J. Nkosi,Resolved
DX00373,P1144,J18.9,"Pneumonia, unspecified",2024-03-20,Dr. J. Nkosi,Monitoring
DX00374,P1145,J45.9,"Asthma, unspecified",2023-06-30,Dr. C. Müller,Resolved
DX00375,P1145,E11.9,Type 2 Diabetes Mellitus without complications,2022-07-03,Dr. S. Khan,Monitoring
DX00376,P1146,F32.1,"Major depressive disorder, moderate",2023-10-19,Dr. R. Singh,Monitoring
DX00377,P1146,N18.3,"Chronic kidney disease, stage 3",2022-02-19,Dr. L. Torres,Active
DX00378,P1146,G40.9,"Epilepsy, unspecified",2023-12-18,Dr. Y. Tanaka,Monitoring
DX00379,P1146,J45.9,"Asthma, unspecified",2022-10-26,Dr. Y. Tanaka,Active
DX00380,P1147,J45.9,"Asthma, unspecified",2024-02-05,Dr. M. O'Brien,Monitoring
DX00381,P1147,I63.9,"Cerebral infarction, unspecified",2022-06-25,Dr. S. Khan,Monitoring
DX00382,P1148,J45.9,"Asthma, unspecified",2022-10-30,Dr. L. Torres,Active
DX00383,P1149,C34.10,Malignant neoplasm of upper lobe bronchus,2023-09-17,Dr. Y. Tanaka,Resolved
DX00384,P1149,E03.9,"Hypothyroidism, unspecified",2022-02-16,Dr. R. Singh,Active
DX00385,P1149,E11.9,Type 2 Diabetes Mellitus without complications,2023-03-10,Dr. J. Nkosi,Monitoring
DX00386,P1150,E78.5,"Hyperlipidaemia, unspecified",2022-10-17,Dr. A. Patel,Resolved
DX00387,P1150,M54.5,Low back pain,2024-12-14,Dr. A. Patel,Resolved
DX00388,P1150,K21.0,Gastro-oesophageal reflux disease,2022-12-15,Dr. A. Patel,Resolved
DX00389,P1151,E03.9,"Hypothyroidism, unspecified",2023-07-10,Dr. A. Patel,Resolved
DX00390,P1151,C34.10,Malignant neoplasm of upper lobe bronchus,2022-01-18,Dr. S. Khan,Resolved
DX00391,P1152,I63.9,"Cerebral infarction, unspecified",2024-01-08,Dr. S. Khan,Active
DX00392,P1152,G40.9,"Epilepsy, unspecified",2023-08-23,Dr. C. Müller,Active
DX00393,P1152,M06.9,"Rheumatoid arthritis, unspecified",2024-02-19,Dr. S. Khan,Resolved
DX00394,P1153,G40.9,"Epilepsy, unspecified",2023-01-17,Dr. J. Nkosi,Monitoring
DX00395,P1153,K21.0,Gastro-oesophageal reflux disease,2024-07-26,Dr. A. Patel,Active
DX00396,P1153,E78.5,"Hyperlipidaemia, unspecified",2023-05-22,Dr. L. Torres,Resolved
DX00397,P1153,E11.9,Type 2 Diabetes Mellitus without complications,2024-09-30,Dr. C. Müller,Monitoring
DX00398,P1154,I10,Essential Hypertension,2023-12-22,Dr. R. Singh,Monitoring
DX00399,P1154,N18.3,"Chronic kidney disease, stage 3",2023-09-12,Dr. J. Nkosi,Monitoring
DX00400,P1155,E03.9,"Hypothyroidism, unspecified",2023-06-12,Dr. C. Müller,Active
DX00401,P1155,I10,Essential Hypertension,2023-07-28,Dr. J. Nkosi,Active
DX00402,P1155,I63.9,"Cerebral infarction, unspecified",2023-12-01,Dr. C. Müller,Monitoring
DX00403,P1156,E11.9,Type 2 Diabetes Mellitus without complications,2024-02-22,Dr. J. Nkosi,Resolved
DX00404,P1156,C34.10,Malignant neoplasm of upper lobe bronchus,2023-05-08,Dr. M. O'Brien,Resolved
DX00405,P1157,M06.9,"Rheumatoid arthritis, unspecified",2024-07-08,Dr. M. O'Brien,Active
DX00406,P1157,K21.0,Gastro-oesophageal reflux disease,2022-10-11,Dr. J. Nkosi,Active
DX00407,P1157,N18.3,"Chronic kidney disease, stage 3",2023-09-25,Dr. M. O'Brien,Resolved
DX00408,P1158,I63.9,"Cerebral infarction, unspecified",2022-11-20,Dr. R. Singh,Active
DX00409,P1158,K21.0,Gastro-oesophageal reflux disease,2024-12-27,Dr. S. Khan,Active
DX00410,P1159,G40.9,"Epilepsy, unspecified",2022-03-02,Dr. R. Singh,Resolved
DX00411,P1159,J18.9,"Pneumonia, unspecified",2024-04-22,Dr. L. Torres,Resolved
DX00412,P1159,C34.10,Malignant neoplasm of upper lobe bronchus,2023-07-15,Dr. M. O'Brien,Active
DX00413,P1160,J18.9,"Pneumonia, unspecified",2023-01-14,Dr. A. Patel,Monitoring
DX00414,P1161,K21.0,Gastro-oesophageal reflux disease,2023-04-18,Dr. J. Nkosi,Active
DX00415,P1161,M06.9,"Rheumatoid arthritis, unspecified",2022-02-23,Dr. R. Singh,Active
DX00416,P1161,G40.9,"Epilepsy, unspecified",2024-09-03,Dr. M. O'Brien,Monitoring
DX00417,P1162,C34.10,Malignant neoplasm of upper lobe bronchus,2024-03-04,Dr. Y. Tanaka,Resolved
DX00418,P1162,I63.9,"Cerebral infarction, unspecified",2022-10-09,Dr. M. O'Brien,Active
DX00419,P1162,N18.3,"Chronic kidney disease, stage 3",2023-04-09,Dr. A. Patel,Resolved
DX00420,P1162,J18.9,"Pneumonia, unspecified",2022-01-31,Dr. L. Torres,Resolved
DX00421,P1163,C34.10,Malignant neoplasm of upper lobe bronchus,2023-02-20,Dr. J. Nkosi,Active
DX00422,P1163,I63.9,"Cerebral infarction, unspecified",2022-12-29,Dr. Y. Tanaka,Monitoring
DX00423,P1164,C34.10,Malignant neoplasm of upper lobe bronchus,2024-05-25,Dr. C. Müller,Active
DX00424,P1164,N18.3,"Chronic kidney disease, stage 3",2024-02-19,Dr. R. Singh,Resolved
DX00425,P1164,M54.5,Low back pain,2024-12-11,Dr. A. Patel,Monitoring
DX00426,P1164,J45.9,"Asthma, unspecified",2022-08-12,Dr. Y. Tanaka,Resolved
DX00427,P1165,M06.9,"Rheumatoid arthritis, unspecified",2023-05-19,Dr. C. Müller,Monitoring
DX00428,P1166,E78.5,"Hyperlipidaemia, unspecified",2024-03-04,Dr. A. Patel,Active
DX00429,P1167,M54.5,Low back pain,2023-08-09,Dr. Y. Tanaka,Active
DX00430,P1167,F32.1,"Major depressive disorder, moderate",2024-05-15,Dr. L. Torres,Monitoring
DX00431,P1167,I25.10,Atherosclerotic heart disease,2022-04-22,Dr. M. O'Brien,Resolved
DX00432,P1168,E11.9,Type 2 Diabetes Mellitus without complications,2023-01-04,Dr. M. O'Brien,Resolved
DX00433,P1168,C34.10,Malignant neoplasm of upper lobe bronchus,2024-04-26,Dr. R. Singh,Resolved
DX00434,P1168,E78.5,"Hyperlipidaemia, unspecified",2022-02-21,Dr. M. O'Brien,Resolved
DX00435,P1168,M06.9,"Rheumatoid arthritis, unspecified",2023-02-18,Dr. Y. Tanaka,Active
DX00436,P1169,N18.3,"Chronic kidney disease, stage 3",2022-12-02,Dr. S. Khan,Active
DX00437,P1169,C34.10,Malignant neoplasm of upper lobe bronchus,2022-08-22,Dr. Y. Tanaka,Monitoring
DX00438,P1169,I63.9,"Cerebral infarction, unspecified",2024-01-14,Dr. S. Khan,Monitoring
DX00439,P1170,C34.10,Malignant neoplasm of upper lobe bronchus,2022-11-24,Dr. C. Müller,Monitoring
DX00440,P1170,E03.9,"Hypothyroidism, unspecified",2024-02-19,Dr. A. Patel,Active
DX00441,P1170,E78.5,"Hyperlipidaemia, unspecified",2023-11-18,Dr. M. O'Brien,Active
DX00442,P1170,K21.0,Gastro-oesophageal reflux disease,2022-10-24,Dr. M. O'Brien,Monitoring
DX00443,P1171,F32.1,"Major depressive disorder, moderate",2023-09-23,Dr. L. Torres,Monitoring
DX00444,P1172,I25.10,Atherosclerotic heart disease,2022-09-27,Dr. J. Nkosi,Active
DX00445,P1172,I63.9,"Cerebral infarction, unspecified",2023-06-03,Dr. A. Patel,Resolved
DX00446,P1172,J18.9,"Pneumonia, unspecified",2024-10-16,Dr. Y. Tanaka,Monitoring
DX00447,P1172,E11.9,Type 2 Diabetes Mellitus without complications,2022-01-12,Dr. Y. Tanaka,Active
DX00448,P1173,K21.0,Gastro-oesophageal reflux disease,2024-09-01,Dr. Y. Tanaka,Resolved
DX00449,P1173,I63.9,"Cerebral infarction, unspecified",2024-06-23,Dr. S. Khan,Monitoring
DX00450,P1174,J45.9,"Asthma, unspecified",2023-07-24,Dr. J. Nkosi,Active
DX00451,P1175,J18.9,"Pneumonia, unspecified",2023-12-16,Dr. A. Patel,Active
DX00452,P1175,I10,Essential Hypertension,2022-03-08,Dr. L. Torres,Resolved
DX00453,P1176,I10,Essential Hypertension,2022-08-12,Dr. C. Müller,Active
DX00454,P1177,I63.9,"Cerebral infarction, unspecified",2022-12-30,Dr. Y. Tanaka,Monitoring
DX00455,P1177,I25.10,Atherosclerotic heart disease,2024-01-08,Dr. A. Patel,Active
DX00456,P1178,N18.3,"Chronic kidney disease, stage 3",2022-05-19,Dr. C. Müller,Monitoring
DX00457,P1178,M06.9,"Rheumatoid arthritis, unspecified",2022-05-13,Dr. L. Torres,Resolved
DX00458,P1178,F32.1,"Major depressive disorder, moderate",2022-10-03,Dr. S. Khan,Monitoring
DX00459,P1179,N18.3,"Chronic kidney disease, stage 3",2024-12-10,Dr. J. Nkosi,Monitoring
DX00460,P1179,E78.5,"Hyperlipidaemia, unspecified",2023-03-05,Dr. A. Patel,Active
DX00461,P1179,F32.1,"Major depressive disorder, moderate",2024-12-19,Dr. S. Khan,Resolved
DX00462,P1180,F32.1,"Major depressive disorder, moderate",2023-06-16,Dr. R. Singh,Active
DX00463,P1180,K21.0,Gastro-oesophageal reflux disease,2024-10-13,Dr. Y. Tanaka,Resolved
DX00464,P1180,N18.3,"Chronic kidney disease, stage 3",2023-01-04,Dr. J. Nkosi,Monitoring
DX00465,P1181,J45.9,"Asthma, unspecified",2022-02-19,Dr. Y. Tanaka,Monitoring
DX00466,P1181,I10,Essential Hypertension,2022-08-30,Dr. J. Nkosi,Monitoring
DX00467,P1181,E11.9,Type 2 Diabetes Mellitus without complications,2024-04-29,Dr. C. Müller,Active
DX00468,P1182,N18.3,"Chronic kidney disease, stage 3",2023-03-11,Dr. A. Patel,Monitoring
DX00469,P1182,E78.5,"Hyperlipidaemia, unspecified",2023-02-17,Dr. L. Torres,Resolved
DX00470,P1182,E03.9,"Hypothyroidism, unspecified",2022-05-19,Dr. L. Torres,Resolved
DX00471,P1183,E03.9,"Hypothyroidism, unspecified",2023-11-14,Dr. R. Singh,Resolved
DX00472,P1183,I10,Essential Hypertension,2022-03-01,Dr. M. O'Brien,Active
DX00473,P1183,E11.9,Type 2 Diabetes Mellitus without complications,2023-11-08,Dr. R. Singh,Monitoring
DX00474,P1184,M06.9,"Rheumatoid arthritis, unspecified",2022-10-06,Dr. Y. Tanaka,Active
DX00475,P1184,M54.5,Low back pain,2024-08-01,Dr. R. Singh,Resolved
DX00476,P1184,E03.9,"Hypothyroidism, unspecified",2024-04-27,Dr. A. Patel,Monitoring
DX00477,P1184,I10,Essential Hypertension,2023-09-06,Dr. R. Singh,Monitoring
DX00478,P1185,J45.9,"Asthma, unspecified",2023-11-11,Dr. R. Singh,Active
DX00479,P1186,I25.10,Atherosclerotic heart disease,2022-03-05,Dr. R. Singh,Resolved
DX00480,P1186,G40.9,"Epilepsy, unspecified",2024-12-30,Dr. M. O'Brien,Monitoring
DX00481,P1187,J18.9,"Pneumonia, unspecified",2023-10-07,Dr. A. Patel,Resolved
DX00482,P1187,K21.0,Gastro-oesophageal reflux disease,2024-04-27,Dr. S. Khan,Resolved
DX00483,P1187,E11.9,Type 2 Diabetes Mellitus without complications,2023-05-02,Dr. R. Singh,Resolved
DX00484,P1187,I25.10,Atherosclerotic heart disease,2023-09-12,Dr. J. Nkosi,Monitoring
DX00485,P1188,J18.9,"Pneumonia, unspecified",2022-03-18,Dr. J. Nkosi,Active
DX00486,P1188,E11.9,Type 2 Diabetes Mellitus without complications,2024-06-27,Dr. A. Patel,Resolved
DX00487,P1188,N18.3,"Chronic kidney disease, stage 3",2024-10-21,Dr. M. O'Brien,Active
DX00488,P1189,M06.9,"Rheumatoid arthritis, unspecified",2024-12-08,Dr. L. Torres,Resolved
DX00489,P1189,M54.5,Low back pain,2022-10-21,Dr. S. Khan,Monitoring
DX00490,P1189,C34.10,Malignant neoplasm of upper lobe bronchus,2022-09-29,Dr. J. Nkosi,Monitoring
DX00491,P1190,M54.5,Low back pain,2024-03-04,Dr. S. Khan,Active
DX00492,P1191,M06.9,"Rheumatoid arthritis, unspecified",2022-06-28,Dr. R. Singh,Resolved
DX00493,P1191,I10,Essential Hypertension,2022-04-05,Dr. S. Khan,Monitoring
DX00494,P1191,I63.9,"Cerebral infarction, unspecified",2023-10-02,Dr. A. Patel,Monitoring
DX00495,P1192,I63.9,"Cerebral infarction, unspecified",2023-02-15,Dr. J. Nkosi,Resolved
DX00496,P1192,J45.9,"Asthma, unspecified",2023-07-21,Dr. R. Singh,Resolved
DX00497,P1192,N18.3,"Chronic kidney disease, stage 3",2022-08-29,Dr. L. Torres,Active
DX00498,P1193,I25.10,Atherosclerotic heart disease,2022-02-01,Dr. S. Khan,Active
DX00499,P1193,E11.9,Type 2 Diabetes Mellitus without complications,2023-12-19,Dr. R. Singh,Resolved
DX00500,P1194,C34.10,Malignant neoplasm of upper lobe bronchus,2023-08-04,Dr. J. Nkosi,Active
DX00501,P1194,E03.9,"Hypothyroidism, unspecified",2022-05-26,Dr. L. Torres,Monitoring
DX00502,P1195,E78.5,"Hyperlipidaemia, unspecified",2022-09-24,Dr. A. Patel,Resolved
DX00503,P1195,M54.5,Low back pain,2022-04-14,Dr. S. Khan,Resolved
DX00504,P1195,I10,Essential Hypertension,2022-04-21,Dr. S. Khan,Resolved
DX00505,P1196,J18.9,"Pneumonia, unspecified",2024-07-02,Dr. R. Singh,Resolved
DX00506,P1196,C34.10,Malignant neoplasm of upper lobe bronchus,2023-11-12,Dr. J. Nkosi,Monitoring
DX00507,P1196,K21.0,Gastro-oesophageal reflux disease,2024-12-28,Dr. S. Khan,Resolved
DX00508,P1196,E03.9,"Hypothyroidism, unspecified",2022-09-27,Dr. S. Khan,Monitoring
DX00509,P1197,E11.9,Type 2 Diabetes Mellitus without complications,2024-08-11,Dr. Y. Tanaka,Active
DX00510,P1197,M54.5,Low back pain,2023-04-04,Dr. M. O'Brien,Monitoring
DX00511,P1197,I25.10,Atherosclerotic heart disease,2023-06-13,Dr. R. Singh,Resolved
DX00512,P1197,I63.9,"Cerebral infarction, unspecified",2023-01-11,Dr. R. Singh,Resolved
DX00513,P1198,M54.5,Low back pain,2022-08-20,Dr. R. Singh,Resolved
DX00514,P1198,I10,Essential Hypertension,2024-08-02,Dr. M. O'Brien,Resolved
DX00515,P1198,E11.9,Type 2 Diabetes Mellitus without complications,2023-12-15,Dr. M. O'Brien,Monitoring
DX00516,P1198,M06.9,"Rheumatoid arthritis, unspecified",2022-07-30,Dr. C. Müller,Monitoring
DX00517,P1199,N18.3,"Chronic kidney disease, stage 3",2022-05-26,Dr. L. Torres,Monitoring
DX00518,P1200,F32.1,"Major depressive disorder, moderate",2023-05-15,Dr. M. O'Brien,Resolved
DX00519,P1200,K21.0,Gastro-oesophageal reflux disease,2024-02-26,Dr. S. Khan,Resolved
DX00520,P1200,M06.9,"Rheumatoid arthritis, unspecified",2023-03-03,Dr. C. Müller,Resolved
DX00521,P1200,J45.9,"Asthma, unspecified",2023-12-02,Dr. J. Nkosi,Active
DX00522,P1201,C34.10,Malignant neoplasm of upper lobe bronchus,2024-09-23,Dr. S. Khan,Monitoring
DX00523,P1202,N18.3,"Chronic kidney disease, stage 3",2022-12-27,Dr. L. Torres,Resolved
DX00524,P1202,E78.5,"Hyperlipidaemia, unspecified",2022-05-23,Dr. S. Khan,Monitoring
DX00525,P1202,E11.9,Type 2 Diabetes Mellitus without complications,2024-02-16,Dr. R. Singh,Resolved
DX00526,P1202,M54.5,Low back pain,2022-05-06,Dr. S. Khan,Active
DX00527,P1203,M06.9,"Rheumatoid arthritis, unspecified",2022-01-01,Dr. M. O'Brien,Monitoring
DX00528,P1203,K21.0,Gastro-oesophageal reflux disease,2022-11-02,Dr. Y. Tanaka,Monitoring
DX00529,P1204,F32.1,"Major depressive disorder, moderate",2024-07-04,Dr. J. Nkosi,Active
DX00530,P1204,K21.0,Gastro-oesophageal reflux disease,2023-10-11,Dr. L. Torres,Monitoring
DX00531,P1204,G40.9,"Epilepsy, unspecified",2023-09-16,Dr. C. Müller,Monitoring
DX00532,P1205,E11.9,Type 2 Diabetes Mellitus without complications,2024-11-11,Dr. C. Müller,Active
DX00533,P1205,K21.0,Gastro-oesophageal reflux disease,2023-08-26,Dr. A. Patel,Resolved
DX00534,P1205,I10,Essential Hypertension,2022-04-19,Dr. A. Patel,Monitoring
DX00535,P1206,E11.9,Type 2 Diabetes Mellitus without complications,2022-03-05,Dr. J. Nkosi,Resolved
DX00536,P1206,G40.9,"Epilepsy, unspecified",2024-03-18,Dr. R. Singh,Monitoring
DX00537,P1206,I25.10,Atherosclerotic heart disease,2024-02-23,Dr. C. Müller,Resolved
DX00538,P1207,E78.5,"Hyperlipidaemia, unspecified",2024-08-30,Dr. M. O'Brien,Active
DX00539,P1207,J45.9,"Asthma, unspecified",2024-02-27,Dr. R. Singh,Resolved
DX00540,P1207,I63.9,"Cerebral infarction, unspecified",2022-11-12,Dr. L. Torres,Monitoring
DX00541,P1207,J18.9,"Pneumonia, unspecified",2022-09-15,Dr. M. O'Brien,Active
DX00542,P1208,I63.9,"Cerebral infarction, unspecified",2022-02-02,Dr. M. O'Brien,Monitoring
DX00543,P1209,I63.9,"Cerebral infarction, unspecified",2022-10-09,Dr. C. Müller,Resolved
DX00544,P1209,F32.1,"Major depressive disorder, moderate",2024-05-21,Dr. M. O'Brien,Resolved
DX00545,P1209,J18.9,"Pneumonia, unspecified",2024-11-09,Dr. C. Müller,Monitoring
DX00546,P1209,E11.9,Type 2 Diabetes Mellitus without complications,2024-07-10,Dr. C. Müller,Resolved
DX00547,P1210,J18.9,"Pneumonia, unspecified",2022-01-16,Dr. Y. Tanaka,Monitoring
DX00548,P1210,F32.1,"Major depressive disorder, moderate",2023-04-30,Dr. L. Torres,Resolved
DX00549,P1211,I10,Essential Hypertension,2024-09-16,Dr. R. Singh,Active
DX00550,P1211,M06.9,"Rheumatoid arthritis, unspecified",2024-09-13,Dr. S. Khan,Active
DX00551,P1211,K21.0,Gastro-oesophageal reflux disease,2024-12-14,Dr. L. Torres,Resolved
DX00552,P1212,E78.5,"Hyperlipidaemia, unspecified",2022-07-01,Dr. J. Nkosi,Resolved
DX00553,P1213,I63.9,"Cerebral infarction, unspecified",2023-10-02,Dr. A. Patel,Resolved
DX00554,P1214,M54.5,Low back pain,2024-07-18,Dr. Y. Tanaka,Monitoring
DX00555,P1215,F32.1,"Major depressive disorder, moderate",2023-08-27,Dr. L. Torres,Active
DX00556,P1215,N18.3,"Chronic kidney disease, stage 3",2022-03-14,Dr. L. Torres,Monitoring
DX00557,P1215,E03.9,"Hypothyroidism, unspecified",2023-06-18,Dr. A. Patel,Monitoring
DX00558,P1216,K21.0,Gastro-oesophageal reflux disease,2023-08-21,Dr. A. Patel,Resolved
DX00559,P1216,J18.9,"Pneumonia, unspecified",2024-09-19,Dr. S. Khan,Active
DX00560,P1216,M06.9,"Rheumatoid arthritis, unspecified",2024-11-01,Dr. S. Khan,Resolved
DX00561,P1216,I10,Essential Hypertension,2023-06-01,Dr. M. O'Brien,Monitoring
DX00562,P1217,I25.10,Atherosclerotic heart disease,2022-01-30,Dr. S. Khan,Monitoring
DX00563,P1217,G40.9,"Epilepsy, unspecified",2022-12-24,Dr. M. O'Brien,Monitoring
DX00564,P1217,M06.9,"Rheumatoid arthritis, unspecified",2024-07-03,Dr. R. Singh,Active
DX00565,P1218,E03.9,"Hypothyroidism, unspecified",2024-09-20,Dr. M. O'Brien,Monitoring
DX00566,P1218,C34.10,Malignant neoplasm of upper lobe bronchus,2022-03-09,Dr. R. Singh,Active
DX00567,P1218,J45.9,"Asthma, unspecified",2022-10-25,Dr. M. O'Brien,Resolved
DX00568,P1219,E03.9,"Hypothyroidism, unspecified",2024-06-20,Dr. M. O'Brien,Active
DX00569,P1219,F32.1,"Major depressive disorder, moderate",2023-12-08,Dr. A. Patel,Monitoring
DX00570,P1219,J45.9,"Asthma, unspecified",2023-06-26,Dr. S. Khan,Active
DX00571,P1219,I63.9,"Cerebral infarction, unspecified",2022-12-10,Dr. Y. Tanaka,Resolved
DX00572,P1220,I25.10,Atherosclerotic heart disease,2023-04-24,Dr. C. Müller,Monitoring
DX00573,P1220,M54.5,Low back pain,2024-03-09,Dr. Y. Tanaka,Resolved
DX00574,P1220,C34.10,Malignant neoplasm of upper lobe bronchus,2022-10-25,Dr. C. Müller,Active
DX00575,P1220,E78.5,"Hyperlipidaemia, unspecified",2023-08-15,Dr. Y. Tanaka,Resolved
DX00576,P1221,E78.5,"Hyperlipidaemia, unspecified",2022-07-19,Dr. R. Singh,Resolved
DX00577,P1221,I63.9,"Cerebral infarction, unspecified",2023-07-13,Dr. R. Singh,Resolved
DX00578,P1221,I10,Essential Hypertension,2023-07-01,Dr. S. Khan,Resolved
DX00579,P1222,M54.5,Low back pain,2023-05-11,Dr. J. Nkosi,Monitoring
DX00580,P1222,E03.9,"Hypothyroidism, unspecified",2023-11-23,Dr. M. O'Brien,Resolved
DX00581,P1222,I63.9,"Cerebral infarction, unspecified",2022-01-22,Dr. A. Patel,Active
DX00582,P1222,C34.10,Malignant neoplasm of upper lobe bronchus,2022-01-25,Dr. C. Müller,Active
DX00583,P1223,I63.9,"Cerebral infarction, unspecified",2024-07-02,Dr. R. Singh,Active
DX00584,P1224,I25.10,Atherosclerotic heart disease,2022-02-18,Dr. S. Khan,Active
DX00585,P1224,J45.9,"Asthma, unspecified",2023-03-21,Dr. S. Khan,Monitoring
DX00586,P1224,I10,Essential Hypertension,2022-09-03,Dr. S. Khan,Monitoring
DX00587,P1225,F32.1,"Major depressive disorder, moderate",2023-01-14,Dr. S. Khan,Monitoring
DX00588,P1225,I63.9,"Cerebral infarction, unspecified",2023-01-13,Dr. L. Torres,Resolved
DX00589,P1226,I63.9,"Cerebral infarction, unspecified",2023-07-21,Dr. C. Müller,Monitoring
DX00590,P1226,E11.9,Type 2 Diabetes Mellitus without complications,2023-10-25,Dr. L. Torres,Active
DX00591,P1226,M06.9,"Rheumatoid arthritis, unspecified",2022-06-01,Dr. L. Torres,Active
DX00592,P1226,M54.5,Low back pain,2024-02-23,Dr. C. Müller,Resolved
DX00593,P1227,I25.10,Atherosclerotic heart disease,2023-06-27,Dr. M. O'Brien,Resolved
DX00594,P1228,M54.5,Low back pain,2023-02-15,Dr. C. Müller,Active
DX00595,P1229,E11.9,Type 2 Diabetes Mellitus without complications,2023-03-24,Dr. S. Khan,Resolved
DX00596,P1229,J18.9,"Pneumonia, unspecified",2023-06-15,Dr. S. Khan,Active
DX00597,P1229,E78.5,"Hyperlipidaemia, unspecified",2022-05-30,Dr. S. Khan,Monitoring
DX00598,P1229,F32.1,"Major depressive disorder, moderate",2023-05-29,Dr. Y. Tanaka,Active
DX00599,P1230,J18.9,"Pneumonia, unspecified",2022-03-19,Dr. C. Müller,Resolved
DX00600,P1230,I63.9,"Cerebral infarction, unspecified",2022-11-07,Dr. R. Singh,Resolved
DX00601,P1230,G40.9,"Epilepsy, unspecified",2022-01-08,Dr. Y. Tanaka,Resolved
DX00602,P1230,I10,Essential Hypertension,2024-06-12,Dr. C. Müller,Monitoring
DX00603,P1231,E78.5,"Hyperlipidaemia, unspecified",2023-04-08,Dr. A. Patel,Resolved
DX00604,P1232,E11.9,Type 2 Diabetes Mellitus without complications,2023-11-14,Dr. L. Torres,Resolved
DX00605,P1232,K21.0,Gastro-oesophageal reflux disease,2022-04-24,Dr. S. Khan,Resolved
DX00606,P1232,E78.5,"Hyperlipidaemia, unspecified",2024-12-30,Dr. R. Singh,Active
DX00607,P1232,N18.3,"Chronic kidney disease, stage 3",2024-07-30,Dr. L. Torres,Monitoring
DX00608,P1233,J18.9,"Pneumonia, unspecified",2022-03-22,Dr. C. Müller,Monitoring
DX00609,P1233,E78.5,"Hyperlipidaemia, unspecified",2023-01-27,Dr. L. Torres,Monitoring
DX00610,P1234,M06.9,"Rheumatoid arthritis, unspecified",2024-01-06,Dr. Y. Tanaka,Active
DX00611,P1234,E11.9,Type 2 Diabetes Mellitus without complications,2024-06-15,Dr. J. Nkosi,Active
DX00612,P1234,I63.9,"Cerebral infarction, unspecified",2022-03-15,Dr. J. Nkosi,Active
DX00613,P1234,C34.10,Malignant neoplasm of upper lobe bronchus,2023-05-04,Dr. Y. Tanaka,Resolved
DX00614,P1235,E03.9,"Hypothyroidism, unspecified",2023-09-23,Dr. Y. Tanaka,Monitoring
DX00615,P1236,I10,Essential Hypertension,2023-11-23,Dr. A. Patel,Resolved
DX00616,P1236,M06.9,"Rheumatoid arthritis, unspecified",2022-08-31,Dr. J. Nkosi,Monitoring
DX00617,P1236,N18.3,"Chronic kidney disease, stage 3",2024-12-07,Dr. Y. Tanaka,Monitoring
DX00618,P1236,G40.9,"Epilepsy, unspecified",2022-11-02,Dr. J. Nkosi,Active
DX00619,P1237,C34.10,Malignant neoplasm of upper lobe bronchus,2022-10-17,Dr. Y. Tanaka,Monitoring
DX00620,P1238,M54.5,Low back pain,2022-04-04,Dr. J. Nkosi,Monitoring
DX00621,P1239,I10,Essential Hypertension,2022-04-13,Dr. L. Torres,Active
DX00622,P1239,J18.9,"Pneumonia, unspecified",2024-07-23,Dr. M. O'Brien,Monitoring
DX00623,P1240,G40.9,"Epilepsy, unspecified",2022-08-06,Dr. S. Khan,Resolved
DX00624,P1241,E11.9,Type 2 Diabetes Mellitus without complications,2023-02-20,Dr. C. Müller,Resolved
DX00625,P1241,E03.9,"Hypothyroidism, unspecified",2024-04-03,Dr. R. Singh,Active
DX00626,P1242,N18.3,"Chronic kidney disease, stage 3",2023-03-13,Dr. A. Patel,Monitoring
DX00627,P1242,G40.9,"Epilepsy, unspecified",2022-12-22,Dr. R. Singh,Active
DX00628,P1243,I25.10,Atherosclerotic heart disease,2022-10-17,Dr. C. Müller,Active
DX00629,P1244,E78.5,"Hyperlipidaemia, unspecified",2023-05-14,Dr. A. Patel,Active
DX00630,P1244,J18.9,"Pneumonia, unspecified",2022-07-24,Dr. C. Müller,Active
DX00631,P1244,M54.5,Low back pain,2022-02-02,Dr. Y. Tanaka,Active
DX00632,P1245,I10,Essential Hypertension,2023-01-03,Dr. S. Khan,Monitoring
DX00633,P1246,F32.1,"Major depressive disorder, moderate",2024-09-01,Dr. M. O'Brien,Active
DX00634,P1246,C34.10,Malignant neoplasm of upper lobe bronchus,2022-10-21,Dr. L. Torres,Monitoring
DX00635,P1246,E03.9,"Hypothyroidism, unspecified",2024-07-11,Dr. C. Müller,Active
DX00636,P1247,K21.0,Gastro-oesophageal reflux disease,2022-03-19,Dr. M. O'Brien,Monitoring
DX00637,P1247,C34.10,Malignant neoplasm of upper lobe bronchus,2024-10-20,Dr. S. Khan,Monitoring
DX00638,P1248,N18.3,"Chronic kidney disease, stage 3",2023-04-28,Dr. J. Nkosi,Active
DX00639,P1248,F32.1,"Major depressive disorder, moderate",2024-12-21,Dr. S. Khan,Monitoring
DX00640,P1248,I10,Essential Hypertension,2024-01-12,Dr. J. Nkosi,Resolved
DX00641,P1249,I25.10,Atherosclerotic heart disease,2023-02-01,Dr. S. Khan,Active
DX00642,P1249,I10,Essential Hypertension,2024-08-29,Dr. Y. Tanaka,Active
DX00643,P1250,I63.9,"Cerebral infarction, unspecified",2022-04-21,Dr. R. Singh,Resolved
DX00644,P1250,I10,Essential Hypertension,2023-03-06,Dr. C. Müller,Resolved
DX00645,P1251,K21.0,Gastro-oesophageal reflux disease,2024-07-17,Dr. A. Patel,Active
DX00646,P1251,E03.9,"Hypothyroidism, unspecified",2022-04-18,Dr. M. O'Brien,Active
DX00647,P1251,G40.9,"Epilepsy, unspecified",2022-03-01,Dr. Y. Tanaka,Monitoring
DX00648,P1252,E11.9,Type 2 Diabetes Mellitus without complications,2023-04-27,Dr. Y. Tanaka,Monitoring
DX00649,P1253,F32.1,"Major depressive disorder, moderate",2023-10-30,Dr. J. Nkosi,Active
DX00650,P1253,J45.9,"Asthma, unspecified",2023-10-30,Dr. J. Nkosi,Active
DX00651,P1253,C34.10,Malignant neoplasm of upper lobe bronchus,2023-05-01,Dr. C. Müller,Active
DX00652,P1254,M06.9,"Rheumatoid arthritis, unspecified",2024-09-19,Dr. A. Patel,Resolved
DX00653,P1254,J45.9,"Asthma, unspecified",2022-10-24,Dr. J. Nkosi,Monitoring
DX00654,P1254,E11.9,Type 2 Diabetes Mellitus without complications,2024-07-20,Dr. M. O'Brien,Resolved
DX00655,P1254,M54.5,Low back pain,2024-02-04,Dr. M. O'Brien,Resolved
DX00656,P1255,I63.9,"Cerebral infarction, unspecified",2023-07-07,Dr. J. Nkosi,Resolved
DX00657,P1255,N18.3,"Chronic kidney disease, stage 3",2022-09-18,Dr. A. Patel,Monitoring
DX00658,P1256,I25.10,Atherosclerotic heart disease,2022-10-07,Dr. S. Khan,Resolved
DX00659,P1257,F32.1,"Major depressive disorder, moderate",2023-03-27,Dr. L. Torres,Monitoring
DX00660,P1257,J18.9,"Pneumonia, unspecified",2022-11-18,Dr. M. O'Brien,Monitoring
DX00661,P1257,E03.9,"Hypothyroidism, unspecified",2023-04-16,Dr. S. Khan,Resolved
DX00662,P1257,N18.3,"Chronic kidney disease, stage 3",2024-12-04,Dr. Y. Tanaka,Active
DX00663,P1258,G40.9,"Epilepsy, unspecified",2024-05-26,Dr. J. Nkosi,Active
DX00664,P1258,M54.5,Low back pain,2023-11-02,Dr. C. Müller,Monitoring
DX00665,P1258,I25.10,Atherosclerotic heart disease,2023-04-01,Dr. M. O'Brien,Monitoring
DX00666,P1258,I10,Essential Hypertension,2022-01-11,Dr. C. Müller,Active
DX00667,P1259,M54.5,Low back pain,2024-10-29,Dr. A. Patel,Resolved
DX00668,P1260,M54.5,Low back pain,2022-07-20,Dr. Y. Tanaka,Resolved
DX00669,P1260,E03.9,"Hypothyroidism, unspecified",2023-05-08,Dr. S. Khan,Monitoring
DX00670,P1260,G40.9,"Epilepsy, unspecified",2022-01-26,Dr. C. Müller,Active
DX00671,P1260,C34.10,Malignant neoplasm of upper lobe bronchus,2022-09-29,Dr. R. Singh,Resolved
DX00672,P1261,I63.9,"Cerebral infarction, unspecified",2022-02-02,Dr. Y. Tanaka,Monitoring
DX00673,P1261,E11.9,Type 2 Diabetes Mellitus without complications,2023-09-17,Dr. M. O'Brien,Monitoring
DX00674,P1262,G40.9,"Epilepsy, unspecified",2022-02-19,Dr. Y. Tanaka,Resolved
DX00675,P1262,K21.0,Gastro-oesophageal reflux disease,2022-10-11,Dr. C. Müller,Active
DX00676,P1262,C34.10,Malignant neoplasm of upper lobe bronchus,2024-01-29,Dr. Y. Tanaka,Monitoring
DX00677,P1262,M06.9,"Rheumatoid arthritis, unspecified",2022-01-03,Dr. S. Khan,Resolved
DX00678,P1263,E78.5,"Hyperlipidaemia, unspecified",2024-05-22,Dr. L. Torres,Monitoring
DX00679,P1263,I10,Essential Hypertension,2023-03-01,Dr. S. Khan,Monitoring
DX00680,P1263,I25.10,Atherosclerotic heart disease,2023-11-19,Dr. A. Patel,Monitoring
DX00681,P1264,M06.9,"Rheumatoid arthritis, unspecified",2024-02-24,Dr. R. Singh,Resolved
DX00682,P1264,I10,Essential Hypertension,2022-03-25,Dr. R. Singh,Resolved
DX00683,P1264,E11.9,Type 2 Diabetes Mellitus without complications,2022-12-25,Dr. S. Khan,Monitoring
DX00684,P1265,J18.9,"Pneumonia, unspecified",2023-05-04,Dr. S. Khan,Monitoring
DX00685,P1265,N18.3,"Chronic kidney disease, stage 3",2024-09-06,Dr. J. Nkosi,Monitoring
DX00686,P1266,N18.3,"Chronic kidney disease, stage 3",2023-07-02,Dr. C. Müller,Resolved
DX00687,P1266,M06.9,"Rheumatoid arthritis, unspecified",2022-04-22,Dr. S. Khan,Resolved
DX00688,P1267,M54.5,Low back pain,2024-12-14,Dr. S. Khan,Resolved
DX00689,P1267,M06.9,"Rheumatoid arthritis, unspecified",2024-12-25,Dr. L. Torres,Resolved
DX00690,P1267,E78.5,"Hyperlipidaemia, unspecified",2024-01-24,Dr. S. Khan,Active
DX00691,P1268,E11.9,Type 2 Diabetes Mellitus without complications,2023-08-14,Dr. S. Khan,Active
DX00692,P1268,M06.9,"Rheumatoid arthritis, unspecified",2022-12-04,Dr. L. Torres,Active
DX00693,P1268,F32.1,"Major depressive disorder, moderate",2022-10-31,Dr. Y. Tanaka,Active
DX00694,P1268,J18.9,"Pneumonia, unspecified",2023-02-23,Dr. A. Patel,Resolved
DX00695,P1269,I63.9,"Cerebral infarction, unspecified",2023-12-12,Dr. C. Müller,Resolved
DX00696,P1269,E78.5,"Hyperlipidaemia, unspecified",2022-02-13,Dr. L. Torres,Active
DX00697,P1269,J18.9,"Pneumonia, unspecified",2022-05-09,Dr. A. Patel,Active
DX00698,P1269,M54.5,Low back pain,2024-11-30,Dr. R. Singh,Resolved
DX00699,P1270,I63.9,"Cerebral infarction, unspecified",2023-10-31,Dr. Y. Tanaka,Monitoring
DX00700,P1270,M06.9,"Rheumatoid arthritis, unspecified",2024-12-21,Dr. Y. Tanaka,Resolved
DX00701,P1270,E03.9,"Hypothyroidism, unspecified",2023-09-15,Dr. M. O'Brien,Resolved
DX00702,P1271,E03.9,"Hypothyroidism, unspecified",2023-04-10,Dr. Y. Tanaka,Resolved
DX00703,P1271,I25.10,Atherosclerotic heart disease,2023-08-14,Dr. A. Patel,Active
DX00704,P1272,I25.10,Atherosclerotic heart disease,2022-11-26,Dr. L. Torres,Active
DX00705,P1272,M54.5,Low back pain,2022-12-26,Dr. M. O'Brien,Active
DX00706,P1272,J18.9,"Pneumonia, unspecified",2023-05-03,Dr. S. Khan,Active
DX00707,P1273,K21.0,Gastro-oesophageal reflux disease,2023-06-18,Dr. R. Singh,Active
DX00708,P1273,J18.9,"Pneumonia, unspecified",2023-02-25,Dr. A. Patel,Monitoring
DX00709,P1273,M54.5,Low back pain,2023-10-12,Dr. R. Singh,Active
DX00710,P1274,M54.5,Low back pain,2024-12-28,Dr. L. Torres,Active
DX00711,P1274,E78.5,"Hyperlipidaemia, unspecified",2022-02-21,Dr. C. Müller,Resolved
DX00712,P1274,J18.9,"Pneumonia, unspecified",2022-10-25,Dr. Y. Tanaka,Resolved
DX00713,P1275,I10,Essential Hypertension,2024-11-05,Dr. R. Singh,Monitoring
DX00714,P1275,C34.10,Malignant neoplasm of upper lobe bronchus,2023-08-29,Dr. Y. Tanaka,Resolved
DX00715,P1276,E03.9,"Hypothyroidism, unspecified",2024-06-24,Dr. R. Singh,Monitoring
DX00716,P1276,K21.0,Gastro-oesophageal reflux disease,2022-08-19,Dr. Y. Tanaka,Active
DX00717,P1277,I63.9,"Cerebral infarction, unspecified",2022-08-28,Dr. L. Torres,Active
DX00718,P1277,E78.5,"Hyperlipidaemia, unspecified",2024-04-02,Dr. J. Nkosi,Resolved
DX00719,P1278,E11.9,Type 2 Diabetes Mellitus without complications,2023-02-04,Dr. J. Nkosi,Resolved
DX00720,P1278,N18.3,"Chronic kidney disease, stage 3",2023-02-05,Dr. A. Patel,Active
DX00721,P1278,I10,Essential Hypertension,2024-07-01,Dr. S. Khan,Monitoring
DX00722,P1279,J45.9,"Asthma, unspecified",2024-11-13,Dr. A. Patel,Monitoring
DX00723,P1279,M54.5,Low back pain,2024-01-10,Dr. C. Müller,Active
DX00724,P1279,N18.3,"Chronic kidney disease, stage 3",2024-05-25,Dr. R. Singh,Resolved
DX00725,P1279,K21.0,Gastro-oesophageal reflux disease,2024-02-03,Dr. A. Patel,Resolved
DX00726,P1280,N18.3,"Chronic kidney disease, stage 3",2022-06-29,Dr. J. Nkosi,Monitoring
DX00727,P1280,I25.10,Atherosclerotic heart disease,2024-06-28,Dr. C. Müller,Resolved
DX00728,P1280,M54.5,Low back pain,2023-08-15,Dr. M. O'Brien,Monitoring
DX00729,P1281,C34.10,Malignant neoplasm of upper lobe bronchus,2022-06-26,Dr. M. O'Brien,Active
DX00730,P1281,F32.1,"Major depressive disorder, moderate",2023-09-14,Dr. Y. Tanaka,Monitoring
DX00731,P1281,J18.9,"Pneumonia, unspecified",2023-11-18,Dr. S. Khan,Monitoring
DX00732,P1281,K21.0,Gastro-oesophageal reflux disease,2024-02-09,Dr. S. Khan,Active
DX00733,P1282,I63.9,"Cerebral infarction, unspecified",2024-08-04,Dr. M. O'Brien,Active
DX00734,P1282,I25.10,Atherosclerotic heart disease,2023-01-16,Dr. C. Müller,Resolved
DX00735,P1282,F32.1,"Major depressive disorder, moderate",2024-10-01,Dr. A. Patel,Resolved
DX00736,P1282,J18.9,"Pneumonia, unspecified",2023-09-15,Dr. Y. Tanaka,Monitoring
DX00737,P1283,J45.9,"Asthma, unspecified",2022-11-12,Dr. L. Torres,Resolved
DX00738,P1283,I10,Essential Hypertension,2024-08-25,Dr. S. Khan,Monitoring
DX00739,P1283,E03.9,"Hypothyroidism, unspecified",2023-08-13,Dr. C. Müller,Active
DX00740,P1283,G40.9,"Epilepsy, unspecified",2024-10-04,Dr. J. Nkosi,Active
DX00741,P1284,E03.9,"Hypothyroidism, unspecified",2023-07-22,Dr. Y. Tanaka,Active
DX00742,P1285,K21.0,Gastro-oesophageal reflux disease,2024-06-12,Dr. L. Torres,Monitoring
DX00743,P1285,M54.5,Low back pain,2024-09-01,Dr. S. Khan,Resolved
DX00744,P1285,M06.9,"Rheumatoid arthritis, unspecified",2024-11-15,Dr. A. Patel,Resolved
DX00745,P1286,K21.0,Gastro-oesophageal reflux disease,2022-10-27,Dr. R. Singh,Resolved
DX00746,P1286,I10,Essential Hypertension,2022-10-05,Dr. R. Singh,Active
DX00747,P1287,I25.10,Atherosclerotic heart disease,2024-01-10,Dr. C. Müller,Monitoring
DX00748,P1288,I10,Essential Hypertension,2024-12-20,Dr. S. Khan,Monitoring
DX00749,P1288,I25.10,Atherosclerotic heart disease,2023-02-01,Dr. M. O'Brien,Active
DX00750,P1288,G40.9,"Epilepsy, unspecified",2022-12-09,Dr. R. Singh,Resolved
DX00751,P1289,I25.10,Atherosclerotic heart disease,2024-01-13,Dr. S. Khan,Monitoring
DX00752,P1289,I63.9,"Cerebral infarction, unspecified",2023-12-22,Dr. M. O'Brien,Active
DX00753,P1289,C34.10,Malignant neoplasm of upper lobe bronchus,2022-10-08,Dr. L. Torres,Resolved
DX00754,P1290,F32.1,"Major depressive disorder, moderate",2023-03-23,Dr. M. O'Brien,Monitoring
DX00755,P1290,N18.3,"Chronic kidney disease, stage 3",2023-03-29,Dr. J. Nkosi,Monitoring
DX00756,P1290,J18.9,"Pneumonia, unspecified",2024-12-12,Dr. S. Khan,Resolved
DX00757,P1290,E11.9,Type 2 Diabetes Mellitus without complications,2024-08-01,Dr. S. Khan,Active
DX00758,P1291,M06.9,"Rheumatoid arthritis, unspecified",2024-09-09,Dr. R. Singh,Resolved
DX00759,P1291,I10,Essential Hypertension,2024-01-13,Dr. M. O'Brien,Resolved
DX00760,P1292,J18.9,"Pneumonia, unspecified",2022-02-28,Dr. S. Khan,Active
DX00761,P1292,C34.10,Malignant neoplasm of upper lobe bronchus,2022-09-21,Dr. M. O'Brien,Monitoring
DX00762,P1292,I25.10,Atherosclerotic heart disease,2023-04-10,Dr. L. Torres,Active
DX00763,P1293,J18.9,"Pneumonia, unspecified",2024-05-20,Dr. S. Khan,Active
DX00764,P1293,E11.9,Type 2 Diabetes Mellitus without complications,2022-02-08,Dr. Y. Tanaka,Resolved
DX00765,P1294,J45.9,"Asthma, unspecified",2022-08-09,Dr. A. Patel,Monitoring
DX00766,P1295,M54.5,Low back pain,2022-09-01,Dr. L. Torres,Active
DX00767,P1296,I25.10,Atherosclerotic heart disease,2022-01-22,Dr. S. Khan,Active
DX00768,P1297,K21.0,Gastro-oesophageal reflux disease,2023-01-14,Dr. R. Singh,Active
DX00769,P1297,J45.9,"Asthma, unspecified",2022-07-05,Dr. M. O'Brien,Monitoring
DX00770,P1298,K21.0,Gastro-oesophageal reflux disease,2022-11-25,Dr. J. Nkosi,Monitoring
DX00771,P1298,N18.3,"Chronic kidney disease, stage 3",2022-05-20,Dr. S. Khan,Monitoring
DX00772,P1298,G40.9,"Epilepsy, unspecified",2022-01-29,Dr. J. Nkosi,Monitoring
DX00773,P1299,I25.10,Atherosclerotic heart disease,2022-01-09,Dr. S. Khan,Active
DX00774,P1299,J18.9,"Pneumonia, unspecified",2024-10-29,Dr. Y. Tanaka,Resolved
DX00775,P1300,M54.5,Low back pain,2022-08-08,Dr. M. O'Brien,Resolved
DX00776,P1300,I63.9,"Cerebral infarction, unspecified",2024-02-17,Dr. C. Müller,Active
DX00777,P1301,F32.1,"Major depressive disorder, moderate",2023-10-06,Dr. S. Khan,Resolved
DX00778,P1301,E11.9,Type 2 Diabetes Mellitus without complications,2022-08-14,Dr. M. O'Brien,Resolved
DX00779,P1302,C34.10,Malignant neoplasm of upper lobe bronchus,2022-03-25,Dr. S. Khan,Resolved
DX00780,P1302,I25.10,Atherosclerotic heart disease,2024-10-08,Dr. S. Khan,Resolved
DX00781,P1302,E78.5,"Hyperlipidaemia, unspecified",2023-08-04,Dr. Y. Tanaka,Monitoring
DX00782,P1303,I63.9,"Cerebral infarction, unspecified",2023-04-08,Dr. C. Müller,Resolved
DX00783,P1303,G40.9,"Epilepsy, unspecified",2024-05-26,Dr. J. Nkosi,Active
DX00784,P1303,M54.5,Low back pain,2024-09-01,Dr. R. Singh,Active
DX00785,P1304,I63.9,"Cerebral infarction, unspecified",2024-10-03,Dr. S. Khan,Resolved
DX00786,P1305,E78.5,"Hyperlipidaemia, unspecified",2022-09-02,Dr. M. O'Brien,Resolved
DX00787,P1305,I63.9,"Cerebral infarction, unspecified",2024-03-31,Dr. S. Khan,Monitoring
DX00788,P1305,G40.9,"Epilepsy, unspecified",2022-12-12,Dr. S. Khan,Resolved
DX00789,P1305,E11.9,Type 2 Diabetes Mellitus without complications,2023-02-12,Dr. R. Singh,Active
DX00790,P1306,E11.9,Type 2 Diabetes Mellitus without complications,2024-10-19,Dr. L. Torres,Monitoring
DX00791,P1306,J45.9,"Asthma, unspecified",2023-07-14,Dr. C. Müller,Resolved
DX00792,P1306,F32.1,"Major depressive disorder, moderate",2024-09-01,Dr. C. Müller,Resolved
DX00793,P1306,C34.10,Malignant neoplasm of upper lobe bronchus,2024-11-13,Dr. L. Torres,Active
DX00794,P1307,E11.9,Type 2 Diabetes Mellitus without complications,2024-10-15,Dr. J. Nkosi,Monitoring
DX00795,P1307,M06.9,"Rheumatoid arthritis, unspecified",2022-10-03,Dr. A. Patel,Active
DX00796,P1307,I25.10,Atherosclerotic heart disease,2022-04-19,Dr. S. Khan,Resolved
DX00797,P1307,M54.5,Low back pain,2022-02-24,Dr. M. O'Brien,Resolved
DX00798,P1308,J18.9,"Pneumonia, unspecified",2022-07-17,Dr. S. Khan,Monitoring
DX00799,P1308,I25.10,Atherosclerotic heart disease,2024-11-30,Dr. Y. Tanaka,Resolved
DX00800,P1308,K21.0,Gastro-oesophageal reflux disease,2023-02-18,Dr. L. Torres,Monitoring
DX00801,P1309,M54.5,Low back pain,2023-12-05,Dr. A. Patel,Active
DX00802,P1309,E78.5,"Hyperlipidaemia, unspecified",2024-05-31,Dr. S. Khan,Resolved
DX00803,P1309,I25.10,Atherosclerotic heart disease,2024-07-10,Dr. R. Singh,Resolved
DX00804,P1309,G40.9,"Epilepsy, unspecified",2024-06-25,Dr. Y. Tanaka,Active
DX00805,P1310,J18.9,"Pneumonia, unspecified",2023-09-13,Dr. M. O'Brien,Resolved
DX00806,P1311,J18.9,"Pneumonia, unspecified",2024-09-25,Dr. S. Khan,Monitoring
DX00807,P1311,I25.10,Atherosclerotic heart disease,2024-10-01,Dr. Y. Tanaka,Resolved
DX00808,P1311,C34.10,Malignant neoplasm of upper lobe bronchus,2022-11-17,Dr. A. Patel,Resolved
DX00809,P1311,F32.1,"Major depressive disorder, moderate",2023-06-24,Dr. Y. Tanaka,Monitoring
DX00810,P1312,K21.0,Gastro-oesophageal reflux disease,2023-10-19,Dr. A. Patel,Active
DX00811,P1312,I63.9,"Cerebral infarction, unspecified",2022-04-03,Dr. M. O'Brien,Resolved
DX00812,P1312,N18.3,"Chronic kidney disease, stage 3",2023-12-16,Dr. A. Patel,Monitoring
DX00813,P1312,I25.10,Atherosclerotic heart disease,2023-11-30,Dr. C. Müller,Active
DX00814,P1313,N18.3,"Chronic kidney disease, stage 3",2022-04-26,Dr. J. Nkosi,Active
DX00815,P1313,M06.9,"Rheumatoid arthritis, unspecified",2023-04-26,Dr. L. Torres,Monitoring
DX00816,P1313,F32.1,"Major depressive disorder, moderate",2022-06-23,Dr. S. Khan,Resolved
DX00817,P1313,G40.9,"Epilepsy, unspecified",2022-08-23,Dr. R. Singh,Active
DX00818,P1314,E78.5,"Hyperlipidaemia, unspecified",2023-10-30,Dr. A. Patel,Resolved
DX00819,P1315,K21.0,Gastro-oesophageal reflux disease,2022-02-11,Dr. Y. Tanaka,Monitoring
DX00820,P1315,E78.5,"Hyperlipidaemia, unspecified",2022-02-15,Dr. R. Singh,Resolved
DX00821,P1315,F32.1,"Major depressive disorder, moderate",2024-03-10,Dr. R. Singh,Monitoring
DX00822,P1315,I25.10,Atherosclerotic heart disease,2022-07-20,Dr. Y. Tanaka,Active
DX00823,P1316,N18.3,"Chronic kidney disease, stage 3",2024-10-26,Dr. R. Singh,Active
DX00824,P1316,M54.5,Low back pain,2023-09-06,Dr. R. Singh,Resolved
DX00825,P1317,M54.5,Low back pain,2022-06-04,Dr. J. Nkosi,Resolved
DX00826,P1317,I63.9,"Cerebral infarction, unspecified",2023-06-28,Dr. A. Patel,Resolved
DX00827,P1318,E03.9,"Hypothyroidism, unspecified",2022-07-08,Dr. S. Khan,Monitoring
DX00828,P1318,J45.9,"Asthma, unspecified",2023-11-21,Dr. L. Torres,Active
DX00829,P1318,K21.0,Gastro-oesophageal reflux disease,2024-12-23,Dr. Y. Tanaka,Resolved
DX00830,P1318,C34.10,Malignant neoplasm of upper lobe bronchus,2023-03-06,Dr. R. Singh,Active
DX00831,P1319,E78.5,"Hyperlipidaemia, unspecified",2024-06-05,Dr. R. Singh,Active
DX00832,P1319,E03.9,"Hypothyroidism, unspecified",2024-04-28,Dr. C. Müller,Resolved
DX00833,P1319,I25.10,Atherosclerotic heart disease,2024-11-21,Dr. Y. Tanaka,Monitoring
DX00834,P1320,M06.9,"Rheumatoid arthritis, unspecified",2024-11-23,Dr. M. O'Brien,Monitoring
DX00835,P1320,I10,Essential Hypertension,2024-10-19,Dr. J. Nkosi,Monitoring
DX00836,P1321,I25.10,Atherosclerotic heart disease,2024-06-07,Dr. A. Patel,Monitoring
DX00837,P1321,I63.9,"Cerebral infarction, unspecified",2023-02-15,Dr. R. Singh,Resolved
DX00838,P1321,E78.5,"Hyperlipidaemia, unspecified",2022-10-30,Dr. J. Nkosi,Active
DX00839,P1321,K21.0,Gastro-oesophageal reflux disease,2023-09-07,Dr. C. Müller,Resolved
DX00840,P1322,G40.9,"Epilepsy, unspecified",2023-02-21,Dr. C. Müller,Resolved
DX00841,P1322,M06.9,"Rheumatoid arthritis, unspecified",2023-08-11,Dr. M. O'Brien,Resolved
DX00842,P1322,E11.9,Type 2 Diabetes Mellitus without complications,2023-04-29,Dr. C. Müller,Active
DX00843,P1323,J18.9,"Pneumonia, unspecified",2023-01-29,Dr. A. Patel,Active
DX00844,P1324,M54.5,Low back pain,2024-06-12,Dr. C. Müller,Monitoring
DX00845,P1324,M06.9,"Rheumatoid arthritis, unspecified",2022-03-17,Dr. J. Nkosi,Active
DX00846,P1324,E78.5,"Hyperlipidaemia, unspecified",2023-07-13,Dr. M. O'Brien,Active
DX00847,P1325,E03.9,"Hypothyroidism, unspecified",2022-12-27,Dr. A. Patel,Monitoring
DX00848,P1325,M06.9,"Rheumatoid arthritis, unspecified",2024-09-22,Dr. A. Patel,Active
DX00849,P1325,I25.10,Atherosclerotic heart disease,2022-06-21,Dr. R. Singh,Monitoring
DX00850,P1326,G40.9,"Epilepsy, unspecified",2024-01-15,Dr. S. Khan,Resolved
DX00851,P1326,E11.9,Type 2 Diabetes Mellitus without complications,2022-10-15,Dr. J. Nkosi,Active
DX00852,P1326,F32.1,"Major depressive disorder, moderate",2024-10-21,Dr. S. Khan,Monitoring
DX00853,P1327,M54.5,Low back pain,2022-09-08,Dr. R. Singh,Resolved
DX00854,P1327,E11.9,Type 2 Diabetes Mellitus without complications,2024-03-09,Dr. J. Nkosi,Resolved
DX00855,P1327,J45.9,"Asthma, unspecified",2023-03-23,Dr. M. O'Brien,Active
DX00856,P1328,J45.9,"Asthma, unspecified",2024-06-19,Dr. C. Müller,Resolved
DX00857,P1328,I25.10,Atherosclerotic heart disease,2022-04-25,Dr. Y. Tanaka,Monitoring
DX00858,P1329,C34.10,Malignant neoplasm of upper lobe bronchus,2024-05-17,Dr. Y. Tanaka,Monitoring
DX00859,P1329,E11.9,Type 2 Diabetes Mellitus without complications,2023-05-20,Dr. L. Torres,Active
DX00860,P1329,N18.3,"Chronic kidney disease, stage 3",2024-01-14,Dr. Y. Tanaka,Monitoring
DX00861,P1330,G40.9,"Epilepsy, unspecified",2022-03-13,Dr. A. Patel,Monitoring
DX00862,P1330,I25.10,Atherosclerotic heart disease,2023-05-06,Dr. L. Torres,Monitoring
DX00863,P1330,I10,Essential Hypertension,2024-02-27,Dr. L. Torres,Monitoring
DX00864,P1331,M06.9,"Rheumatoid arthritis, unspecified",2022-09-07,Dr. J. Nkosi,Resolved
DX00865,P1331,E03.9,"Hypothyroidism, unspecified",2024-03-06,Dr. A. Patel,Resolved
DX00866,P1331,I63.9,"Cerebral infarction, unspecified",2023-06-08,Dr. L. Torres,Active
DX00867,P1332,I25.10,Atherosclerotic heart disease,2022-11-25,Dr. Y. Tanaka,Monitoring
DX00868,P1332,J45.9,"Asthma, unspecified",2023-10-12,Dr. C. Müller,Active
DX00869,P1333,G40.9,"Epilepsy, unspecified",2024-10-03,Dr. Y. Tanaka,Monitoring
DX00870,P1333,E11.9,Type 2 Diabetes Mellitus without complications,2024-04-25,Dr. R. Singh,Monitoring
DX00871,P1333,E03.9,"Hypothyroidism, unspecified",2024-05-15,Dr. S. Khan,Active
DX00872,P1334,E78.5,"Hyperlipidaemia, unspecified",2024-05-11,Dr. R. Singh,Resolved
DX00873,P1334,E11.9,Type 2 Diabetes Mellitus without complications,2022-02-26,Dr. A. Patel,Monitoring
DX00874,P1334,N18.3,"Chronic kidney disease, stage 3",2023-01-12,Dr. Y. Tanaka,Monitoring
DX00875,P1335,I10,Essential Hypertension,2023-02-14,Dr. L. Torres,Resolved
DX00876,P1335,F32.1,"Major depressive disorder, moderate",2022-06-18,Dr. S. Khan,Active
DX00877,P1336,E78.5,"Hyperlipidaemia, unspecified",2022-09-24,Dr. C. Müller,Resolved
DX00878,P1336,C34.10,Malignant neoplasm of upper lobe bronchus,2024-07-13,Dr. Y. Tanaka,Monitoring
DX00879,P1337,I25.10,Atherosclerotic heart disease,2023-11-02,Dr. L. Torres,Active
DX00880,P1337,J18.9,"Pneumonia, unspecified",2022-06-22,Dr. C. Müller,Resolved
DX00881,P1338,F32.1,"Major depressive disorder, moderate",2023-04-05,Dr. A. Patel,Active
DX00882,P1338,M06.9,"Rheumatoid arthritis, unspecified",2023-04-14,Dr. S. Khan,Resolved
DX00883,P1339,I25.10,Atherosclerotic heart disease,2022-12-12,Dr. A. Patel,Resolved
DX00884,P1339,C34.10,Malignant neoplasm of upper lobe bronchus,2024-05-28,Dr. L. Torres,Active
DX00885,P1340,N18.3,"Chronic kidney disease, stage 3",2022-12-15,Dr. S. Khan,Active
DX00886,P1341,E03.9,"Hypothyroidism, unspecified",2022-08-31,Dr. J. Nkosi,Monitoring
DX00887,P1341,M54.5,Low back pain,2023-02-21,Dr. J. Nkosi,Resolved
DX00888,P1341,I63.9,"Cerebral infarction, unspecified",2023-08-13,Dr. Y. Tanaka,Resolved
DX00889,P1341,G40.9,"Epilepsy, unspecified",2022-09-24,Dr. C. Müller,Active
DX00890,P1342,G40.9,"Epilepsy, unspecified",2023-01-23,Dr. C. Müller,Active
DX00891,P1342,I25.10,Atherosclerotic heart disease,2024-04-16,Dr. M. O'Brien,Active
DX00892,P1343,I25.10,Atherosclerotic heart disease,2024-07-12,Dr. J. Nkosi,Resolved
DX00893,P1343,J45.9,"Asthma, unspecified",2024-07-27,Dr. S. Khan,Active
DX00894,P1343,K21.0,Gastro-oesophageal reflux disease,2024-08-18,Dr. M. O'Brien,Resolved
DX00895,P1344,I63.9,"Cerebral infarction, unspecified",2024-05-16,Dr. L. Torres,Active
DX00896,P1344,J45.9,"Asthma, unspecified",2022-07-15,Dr. A. Patel,Active
DX00897,P1344,C34.10,Malignant neoplasm of upper lobe bronchus,2023-11-13,Dr. J. Nkosi,Resolved
DX00898,P1344,F32.1,"Major depressive disorder, moderate",2023-12-27,Dr. A. Patel,Active
DX00899,P1345,E78.5,"Hyperlipidaemia, unspecified",2023-09-12,Dr. C. Müller,Monitoring
DX00900,P1345,K21.0,Gastro-oesophageal reflux disease,2024-01-30,Dr. M. O'Brien,Monitoring
DX00901,P1345,F32.1,"Major depressive disorder, moderate",2022-03-26,Dr. M. O'Brien,Resolved
DX00902,P1346,E78.5,"Hyperlipidaemia, unspecified",2023-11-26,Dr. Y. Tanaka,Active
DX00903,P1346,M54.5,Low back pain,2022-07-03,Dr. R. Singh,Monitoring
DX00904,P1347,J18.9,"Pneumonia, unspecified",2022-04-01,Dr. M. O'Brien,Resolved
DX00905,P1347,I25.10,Atherosclerotic heart disease,2023-07-30,Dr. R. Singh,Resolved
DX00906,P1347,E11.9,Type 2 Diabetes Mellitus without complications,2023-08-03,Dr. L. Torres,Monitoring
DX00907,P1347,N18.3,"Chronic kidney disease, stage 3",2023-06-25,Dr. R. Singh,Resolved
DX00908,P1348,N18.3,"Chronic kidney disease, stage 3",2024-10-03,Dr. M. O'Brien,Monitoring
DX00909,P1348,C34.10,Malignant neoplasm of upper lobe bronchus,2024-06-20,Dr. A. Patel,Active
DX00910,P1349,I10,Essential Hypertension,2023-01-11,Dr. A. Patel,Resolved
DX00911,P1349,J45.9,"Asthma, unspecified",2023-06-17,Dr. M. O'Brien,Monitoring
DX00912,P1350,F32.1,"Major depressive disorder, moderate",2024-06-23,Dr. R. Singh,Monitoring
DX00913,P1350,E11.9,Type 2 Diabetes Mellitus without complications,2024-09-20,Dr. Y. Tanaka,Resolved
DX00914,P1350,M54.5,Low back pain,2022-08-19,Dr. M. O'Brien,Active
DX00915,P1350,I10,Essential Hypertension,2023-12-17,Dr. S. Khan,Active
DX00916,P1351,J18.9,"Pneumonia, unspecified",2024-11-07,Dr. L. Torres,Monitoring
DX00917,P1351,G40.9,"Epilepsy, unspecified",2023-03-11,Dr. A. Patel,Monitoring
DX00918,P1351,M06.9,"Rheumatoid arthritis, unspecified",2023-01-05,Dr. C. Müller,Active
DX00919,P1352,E03.9,"Hypothyroidism, unspecified",2022-07-13,Dr. R. Singh,Active
DX00920,P1352,M54.5,Low back pain,2023-08-06,Dr. S. Khan,Resolved
DX00921,P1353,K21.0,Gastro-oesophageal reflux disease,2022-11-11,Dr. A. Patel,Active
DX00922,P1353,E11.9,Type 2 Diabetes Mellitus without complications,2024-07-31,Dr. Y. Tanaka,Resolved
DX00923,P1353,N18.3,"Chronic kidney disease, stage 3",2023-07-06,Dr. A. Patel,Resolved
DX00924,P1354,I63.9,"Cerebral infarction, unspecified",2024-07-16,Dr. R. Singh,Monitoring
DX00925,P1355,J45.9,"Asthma, unspecified",2022-04-10,Dr. L. Torres,Resolved
DX00926,P1355,G40.9,"Epilepsy, unspecified",2022-04-24,Dr. S. Khan,Monitoring
DX00927,P1356,E11.9,Type 2 Diabetes Mellitus without complications,2023-05-07,Dr. C. Müller,Active
DX00928,P1356,F32.1,"Major depressive disorder, moderate",2022-02-12,Dr. J. Nkosi,Active
DX00929,P1356,I25.10,Atherosclerotic heart disease,2024-03-06,Dr. C. Müller,Resolved
DX00930,P1356,J18.9,"Pneumonia, unspecified",2022-11-12,Dr. S. Khan,Resolved
DX00931,P1357,E03.9,"Hypothyroidism, unspecified",2022-09-26,Dr. R. Singh,Monitoring
DX00932,P1357,F32.1,"Major depressive disorder, moderate",2022-07-16,Dr. R. Singh,Monitoring
DX00933,P1357,C34.10,Malignant neoplasm of upper lobe bronchus,2023-02-14,Dr. Y. Tanaka,Resolved
DX00934,P1357,I25.10,Atherosclerotic heart disease,2024-03-05,Dr. Y. Tanaka,Resolved
DX00935,P1358,E11.9,Type 2 Diabetes Mellitus without complications,2023-01-17,Dr. C. Müller,Monitoring
DX00936,P1358,E03.9,"Hypothyroidism, unspecified",2024-05-22,Dr. S. Khan,Active
DX00937,P1358,F32.1,"Major depressive disorder, moderate",2024-11-17,Dr. R. Singh,Resolved
DX00938,P1358,N18.3,"Chronic kidney disease, stage 3",2023-04-05,Dr. M. O'Brien,Resolved
DX00939,P1359,I25.10,Atherosclerotic heart disease,2024-08-16,Dr. C. Müller,Active
DX00940,P1360,I25.10,Atherosclerotic heart disease,2023-09-08,Dr. J. Nkosi,Monitoring
DX00941,P1360,J18.9,"Pneumonia, unspecified",2024-05-25,Dr. L. Torres,Monitoring
DX00942,P1360,G40.9,"Epilepsy, unspecified",2022-04-08,Dr. S. Khan,Active
DX00943,P1360,I63.9,"Cerebral infarction, unspecified",2024-11-17,Dr. S. Khan,Monitoring
DX00944,P1361,F32.1,"Major depressive disorder, moderate",2023-06-03,Dr. R. Singh,Resolved
DX00945,P1361,E11.9,Type 2 Diabetes Mellitus without complications,2022-06-17,Dr. A. Patel,Active
DX00946,P1361,M54.5,Low back pain,2024-08-05,Dr. M. O'Brien,Active
DX00947,P1361,I63.9,"Cerebral infarction, unspecified",2024-03-15,Dr. A. Patel,Active
DX00948,P1362,M06.9,"Rheumatoid arthritis, unspecified",2024-07-20,Dr. Y. Tanaka,Monitoring
DX00949,P1362,C34.10,Malignant neoplasm of upper lobe bronchus,2023-06-27,Dr. R. Singh,Active
DX00950,P1362,I25.10,Atherosclerotic heart disease,2023-03-09,Dr. M. O'Brien,Active
DX00951,P1362,N18.3,"Chronic kidney disease, stage 3",2023-06-16,Dr. S. Khan,Resolved
DX00952,P1363,I10,Essential Hypertension,2024-03-19,Dr. S. Khan,Active
DX00953,P1364,I63.9,"Cerebral infarction, unspecified",2024-07-31,Dr. C. Müller,Monitoring
DX00954,P1364,M54.5,Low back pain,2024-09-23,Dr. L. Torres,Monitoring
DX00955,P1365,C34.10,Malignant neoplasm of upper lobe bronchus,2024-03-19,Dr. L. Torres,Active
DX00956,P1365,I63.9,"Cerebral infarction, unspecified",2022-09-14,Dr. M. O'Brien,Active
DX00957,P1365,M06.9,"Rheumatoid arthritis, unspecified",2023-01-26,Dr. S. Khan,Active
DX00958,P1366,G40.9,"Epilepsy, unspecified",2023-03-05,Dr. Y. Tanaka,Monitoring
DX00959,P1366,I10,Essential Hypertension,2022-10-25,Dr. J. Nkosi,Resolved
DX00960,P1367,E11.9,Type 2 Diabetes Mellitus without complications,2024-08-07,Dr. M. O'Brien,Resolved
DX00961,P1367,I25.10,Atherosclerotic heart disease,2024-05-14,Dr. A. Patel,Active
DX00962,P1368,M06.9,"Rheumatoid arthritis, unspecified",2024-06-30,Dr. Y. Tanaka,Resolved
DX00963,P1368,J18.9,"Pneumonia, unspecified",2022-02-10,Dr. Y. Tanaka,Monitoring
DX00964,P1369,J45.9,"Asthma, unspecified",2024-03-13,Dr. A. Patel,Resolved
DX00965,P1369,I25.10,Atherosclerotic heart disease,2022-01-17,Dr. S. Khan,Monitoring
DX00966,P1370,F32.1,"Major depressive disorder, moderate",2023-08-19,Dr. A. Patel,Resolved
DX00967,P1370,G40.9,"Epilepsy, unspecified",2024-03-29,Dr. Y. Tanaka,Monitoring
DX00968,P1370,M54.5,Low back pain,2024-09-26,Dr. J. Nkosi,Monitoring
DX00969,P1370,C34.10,Malignant neoplasm of upper lobe bronchus,2022-05-05,Dr. A. Patel,Resolved
DX00970,P1371,E78.5,"Hyperlipidaemia, unspecified",2024-05-04,Dr. Y. Tanaka,Active
DX00971,P1371,E11.9,Type 2 Diabetes Mellitus without complications,2024-10-10,Dr. R. Singh,Resolved
DX00972,P1371,I25.10,Atherosclerotic heart disease,2024-06-12,Dr. A. Patel,Active
DX00973,P1372,C34.10,Malignant neoplasm of upper lobe bronchus,2023-12-06,Dr. Y. Tanaka,Active
DX00974,P1372,J45.9,"Asthma, unspecified",2024-11-05,Dr. J. Nkosi,Monitoring
DX00975,P1372,M54.5,Low back pain,2023-11-26,Dr. Y. Tanaka,Active
DX00976,P1373,C34.10,Malignant neoplasm of upper lobe bronchus,2024-05-03,Dr. R. Singh,Resolved
DX00977,P1373,M06.9,"Rheumatoid arthritis, unspecified",2022-11-28,Dr. J. Nkosi,Resolved
DX00978,P1373,F32.1,"Major depressive disorder, moderate",2022-06-26,Dr. Y. Tanaka,Active
DX00979,P1374,J45.9,"Asthma, unspecified",2024-10-04,Dr. S. Khan,Resolved
DX00980,P1374,J18.9,"Pneumonia, unspecified",2024-10-08,Dr. L. Torres,Active
DX00981,P1375,E78.5,"Hyperlipidaemia, unspecified",2022-02-07,Dr. R. Singh,Resolved
DX00982,P1375,I10,Essential Hypertension,2024-01-02,Dr. M. O'Brien,Active
DX00983,P1376,E03.9,"Hypothyroidism, unspecified",2022-05-11,Dr. R. Singh,Resolved
DX00984,P1377,K21.0,Gastro-oesophageal reflux disease,2023-04-10,Dr. S. Khan,Monitoring
DX00985,P1378,M54.5,Low back pain,2023-11-28,Dr. R. Singh,Active
DX00986,P1378,I25.10,Atherosclerotic heart disease,2023-07-02,Dr. M. O'Brien,Monitoring
DX00987,P1379,C34.10,Malignant neoplasm of upper lobe bronchus,2022-04-14,Dr. Y. Tanaka,Resolved
DX00988,P1380,E11.9,Type 2 Diabetes Mellitus without complications,2022-07-28,Dr. A. Patel,Monitoring
DX00989,P1381,J18.9,"Pneumonia, unspecified",2022-08-30,Dr. J. Nkosi,Resolved
DX00990,P1382,C34.10,Malignant neoplasm of upper lobe bronchus,2024-06-23,Dr. Y. Tanaka,Monitoring
DX00991,P1382,I25.10,Atherosclerotic heart disease,2022-07-23,Dr. M. O'Brien,Monitoring
DX00992,P1383,N18.3,"Chronic kidney disease, stage 3",2022-09-09,Dr. J. Nkosi,Resolved
DX00993,P1383,G40.9,"Epilepsy, unspecified",2024-05-01,Dr. A. Patel,Active
DX00994,P1383,J18.9,"Pneumonia, unspecified",2024-08-28,Dr. R. Singh,Resolved
DX00995,P1384,E11.9,Type 2 Diabetes Mellitus without complications,2024-02-02,Dr. C. Müller,Resolved
DX00996,P1384,I25.10,Atherosclerotic heart disease,2023-05-18,Dr. M. O'Brien,Monitoring
DX00997,P1385,E03.9,"Hypothyroidism, unspecified",2024-04-26,Dr. C. Müller,Resolved
DX00998,P1385,J45.9,"Asthma, unspecified",2024-11-23,Dr. R. Singh,Active
DX00999,P1385,J18.9,"Pneumonia, unspecified",2024-06-25,Dr. M. O'Brien,Active
DX01000,P1385,F32.1,"Major depressive disorder, moderate",2024-11-25,Dr. S. Khan,Active
DX01001,P1386,N18.3,"Chronic kidney disease, stage 3",2022-12-03,Dr. C. Müller,Active
DX01002,P1386,F32.1,"Major depressive disorder, moderate",2024-03-16,Dr. A. Patel,Monitoring
DX01003,P1386,E03.9,"Hypothyroidism, unspecified",2022-11-06,Dr. A. Patel,Monitoring
DX01004,P1387,F32.1,"Major depressive disorder, moderate",2023-09-16,Dr. R. Singh,Resolved
DX01005,P1387,M06.9,"Rheumatoid arthritis, unspecified",2022-01-17,Dr. L. Torres,Monitoring
DX01006,P1387,I63.9,"Cerebral infarction, unspecified",2022-10-28,Dr. C. Müller,Resolved
DX01007,P1388,M06.9,"Rheumatoid arthritis, unspecified",2024-06-24,Dr. R. Singh,Monitoring
DX01008,P1388,E78.5,"Hyperlipidaemia, unspecified",2024-04-08,Dr. J. Nkosi,Resolved
DX01009,P1389,I10,Essential Hypertension,2023-11-17,Dr. C. Müller,Monitoring
DX01010,P1390,E78.5,"Hyperlipidaemia, unspecified",2023-08-05,Dr. J. Nkosi,Active
DX01011,P1390,M06.9,"Rheumatoid arthritis, unspecified",2024-11-13,Dr. L. Torres,Monitoring
DX01012,P1391,E03.9,"Hypothyroidism, unspecified",2022-02-17,Dr. A. Patel,Monitoring
DX01013,P1391,I63.9,"Cerebral infarction, unspecified",2023-06-14,Dr. J. Nkosi,Resolved
DX01014,P1391,J18.9,"Pneumonia, unspecified",2024-05-15,Dr. S. Khan,Monitoring
DX01015,P1392,G40.9,"Epilepsy, unspecified",2024-02-03,Dr. L. Torres,Monitoring
DX01016,P1393,E11.9,Type 2 Diabetes Mellitus without complications,2022-09-13,Dr. Y. Tanaka,Resolved
DX01017,P1393,I10,Essential Hypertension,2022-01-11,Dr. Y. Tanaka,Resolved
DX01018,P1393,E03.9,"Hypothyroidism, unspecified",2023-04-29,Dr. J. Nkosi,Resolved
DX01019,P1394,I25.10,Atherosclerotic heart disease,2022-10-14,Dr. C. Müller,Monitoring
DX01020,P1394,I63.9,"Cerebral infarction, unspecified",2023-05-23,Dr. S. Khan,Resolved
DX01021,P1394,E03.9,"Hypothyroidism, unspecified",2024-11-23,Dr. J. Nkosi,Resolved
DX01022,P1395,E11.9,Type 2 Diabetes Mellitus without complications,2024-04-23,Dr. S. Khan,Active
DX01023,P1395,J18.9,"Pneumonia, unspecified",2022-05-08,Dr. C. Müller,Active
DX01024,P1395,C34.10,Malignant neoplasm of upper lobe bronchus,2024-09-02,Dr. J. Nkosi,Resolved
DX01025,P1395,F32.1,"Major depressive disorder, moderate",2022-06-09,Dr. R. Singh,Monitoring
DX01026,P1396,K21.0,Gastro-oesophageal reflux disease,2023-06-25,Dr. Y. Tanaka,Monitoring
DX01027,P1396,E78.5,"Hyperlipidaemia, unspecified",2024-05-17,Dr. Y. Tanaka,Monitoring
DX01028,P1396,G40.9,"Epilepsy, unspecified",2024-09-29,Dr. C. Müller,Active
DX01029,P1396,F32.1,"Major depressive disorder, moderate",2022-10-23,Dr. M. O'Brien,Resolved
DX01030,P1397,J18.9,"Pneumonia, unspecified",2022-08-30,Dr. J. Nkosi,Resolved
DX01031,P1397,C34.10,Malignant neoplasm of upper lobe bronchus,2024-08-27,Dr. A. Patel,Monitoring
DX01032,P1397,E78.5,"Hyperlipidaemia, unspecified",2022-11-18,Dr. R. Singh,Active
DX01033,P1397,E03.9,"Hypothyroidism, unspecified",2024-04-16,Dr. S. Khan,Active
DX01034,P1398,K21.0,Gastro-oesophageal reflux disease,2024-12-06,Dr. M. O'Brien,Active
DX01035,P1398,I25.10,Atherosclerotic heart disease,2024-01-31,Dr. L. Torres,Resolved
DX01036,P1398,I10,Essential Hypertension,2023-09-14,Dr. L. Torres,Resolved
DX01037,P1399,E03.9,"Hypothyroidism, unspecified",2022-10-20,Dr. M. O'Brien,Monitoring
DX01038,P1400,I10,Essential Hypertension,2023-01-10,Dr. Y. Tanaka,Active
DX01039,P1400,I25.10,Atherosclerotic heart disease,2022-09-08,Dr. R. Singh,Active
DX01040,P1400,G40.9,"Epilepsy, unspecified",2022-04-02,Dr. C. Müller,Resolved
DX01041,P1400,J45.9,"Asthma, unspecified",2023-09-27,Dr. Y. Tanaka,Resolved
DX01042,P1401,M54.5,Low back pain,2022-09-29,Dr. M. O'Brien,Monitoring
DX01043,P1401,G40.9,"Epilepsy, unspecified",2024-08-01,Dr. Y. Tanaka,Monitoring
DX01044,P1401,C34.10,Malignant neoplasm of upper lobe bronchus,2024-07-08,Dr. M. O'Brien,Monitoring
DX01045,P1401,K21.0,Gastro-oesophageal reflux disease,2023-10-29,Dr. S. Khan,Monitoring
DX01046,P1402,F32.1,"Major depressive disorder, moderate",2022-04-04,Dr. Y. Tanaka,Monitoring
DX01047,P1402,J45.9,"Asthma, unspecified",2023-07-23,Dr. S. Khan,Active
DX01048,P1402,M06.9,"Rheumatoid arthritis, unspecified",2022-02-20,Dr. L. Torres,Monitoring
DX01049,P1402,N18.3,"Chronic kidney disease, stage 3",2022-09-11,Dr. S. Khan,Active
DX01050,P1403,K21.0,Gastro-oesophageal reflux disease,2024-12-04,Dr. J. Nkosi,Resolved
DX01051,P1404,E11.9,Type 2 Diabetes Mellitus without complications,2024-12-25,Dr. M. O'Brien,Active
DX01052,P1405,E03.9,"Hypothyroidism, unspecified",2024-06-28,Dr. S. Khan,Monitoring
DX01053,P1405,J45.9,"Asthma, unspecified",2023-10-19,Dr. C. Müller,Monitoring
DX01054,P1405,G40.9,"Epilepsy, unspecified",2022-04-03,Dr. Y. Tanaka,Active
DX01055,P1406,F32.1,"Major depressive disorder, moderate",2022-02-19,Dr. R. Singh,Resolved
DX01056,P1406,J18.9,"Pneumonia, unspecified",2023-06-11,Dr. S. Khan,Active
DX01057,P1406,M06.9,"Rheumatoid arthritis, unspecified",2022-07-23,Dr. M. O'Brien,Resolved
DX01058,P1407,J18.9,"Pneumonia, unspecified",2022-07-03,Dr. M. O'Brien,Resolved
DX01059,P1407,I25.10,Atherosclerotic heart disease,2024-04-14,Dr. M. O'Brien,Active
DX01060,P1408,J18.9,"Pneumonia, unspecified",2022-04-30,Dr. L. Torres,Resolved
DX01061,P1408,I10,Essential Hypertension,2022-07-22,Dr. R. Singh,Active
DX01062,P1408,C34.10,Malignant neoplasm of upper lobe bronchus,2024-04-25,Dr. R. Singh,Resolved
DX01063,P1409,G40.9,"Epilepsy, unspecified",2023-05-06,Dr. J. Nkosi,Resolved
DX01064,P1409,E11.9,Type 2 Diabetes Mellitus without complications,2024-11-07,Dr. C. Müller,Active
DX01065,P1409,I10,Essential Hypertension,2023-07-06,Dr. A. Patel,Resolved
DX01066,P1409,J45.9,"Asthma, unspecified",2024-08-09,Dr. C. Müller,Active
DX01067,P1410,I10,Essential Hypertension,2022-02-08,Dr. L. Torres,Monitoring
DX01068,P1410,F32.1,"Major depressive disorder, moderate",2022-07-27,Dr. J. Nkosi,Monitoring
DX01069,P1410,I63.9,"Cerebral infarction, unspecified",2022-09-15,Dr. L. Torres,Monitoring
DX01070,P1410,J45.9,"Asthma, unspecified",2024-04-13,Dr. Y. Tanaka,Active
DX01071,P1411,E03.9,"Hypothyroidism, unspecified",2024-02-04,Dr. M. O'Brien,Active
DX01072,P1411,J18.9,"Pneumonia, unspecified",2024-05-17,Dr. Y. Tanaka,Active
DX01073,P1412,G40.9,"Epilepsy, unspecified",2024-08-09,Dr. L. Torres,Monitoring
DX01074,P1413,I10,Essential Hypertension,2024-09-14,Dr. L. Torres,Monitoring
DX01075,P1413,M06.9,"Rheumatoid arthritis, unspecified",2023-05-29,Dr. C. Müller,Resolved
DX01076,P1414,K21.0,Gastro-oesophageal reflux disease,2024-11-11,Dr. L. Torres,Active
DX01077,P1414,G40.9,"Epilepsy, unspecified",2022-11-27,Dr. S. Khan,Resolved
DX01078,P1415,F32.1,"Major depressive disorder, moderate",2022-09-09,Dr. M. O'Brien,Monitoring
DX01079,P1416,M06.9,"Rheumatoid arthritis, unspecified",2024-10-30,Dr. R. Singh,Monitoring
DX01080,P1416,F32.1,"Major depressive disorder, moderate",2023-12-03,Dr. L. Torres,Monitoring
DX01081,P1416,J45.9,"Asthma, unspecified",2024-07-16,Dr. L. Torres,Active
DX01082,P1417,N18.3,"Chronic kidney disease, stage 3",2023-11-04,Dr. A. Patel,Monitoring
DX01083,P1417,J45.9,"Asthma, unspecified",2022-10-01,Dr. A. Patel,Monitoring
DX01084,P1417,M54.5,Low back pain,2024-09-02,Dr. A. Patel,Active
DX01085,P1418,F32.1,"Major depressive disorder, moderate",2024-09-28,Dr. C. Müller,Monitoring
DX01086,P1418,E78.5,"Hyperlipidaemia, unspecified",2022-06-16,Dr. S. Khan,Monitoring
DX01087,P1419,M06.9,"Rheumatoid arthritis, unspecified",2024-06-30,Dr. S. Khan,Resolved
DX01088,P1420,G40.9,"Epilepsy, unspecified",2022-12-29,Dr. A. Patel,Active
DX01089,P1420,K21.0,Gastro-oesophageal reflux disease,2024-08-05,Dr. R. Singh,Active
DX01090,P1420,N18.3,"Chronic kidney disease, stage 3",2024-06-29,Dr. A. Patel,Active
DX01091,P1420,F32.1,"Major depressive disorder, moderate",2022-02-10,Dr. L. Torres,Monitoring
DX01092,P1421,J45.9,"Asthma, unspecified",2023-09-13,Dr. J. Nkosi,Active
DX01093,P1421,E11.9,Type 2 Diabetes Mellitus without complications,2024-10-08,Dr. R. Singh,Active
DX01094,P1421,K21.0,Gastro-oesophageal reflux disease,2023-07-29,Dr. Y. Tanaka,Monitoring
DX01095,P1422,I10,Essential Hypertension,2024-03-22,Dr. S. Khan,Resolved
DX01096,P1422,J45.9,"Asthma, unspecified",2024-10-21,Dr. Y. Tanaka,Active
DX01097,P1423,I63.9,"Cerebral infarction, unspecified",2022-12-26,Dr. S. Khan,Monitoring
DX01098,P1423,C34.10,Malignant neoplasm of upper lobe bronchus,2022-09-20,Dr. S. Khan,Active
DX01099,P1424,M06.9,"Rheumatoid arthritis, unspecified",2024-12-07,Dr. L. Torres,Active
DX01100,P1424,K21.0,Gastro-oesophageal reflux disease,2022-02-17,Dr. L. Torres,Monitoring
DX01101,P1424,J45.9,"Asthma, unspecified",2024-07-18,Dr. A. Patel,Resolved
DX01102,P1425,G40.9,"Epilepsy, unspecified",2023-10-24,Dr. C. Müller,Resolved
DX01103,P1426,E11.9,Type 2 Diabetes Mellitus without complications,2024-08-13,Dr. Y. Tanaka,Resolved
DX01104,P1426,I63.9,"Cerebral infarction, unspecified",2024-11-25,Dr. A. Patel,Monitoring
DX01105,P1426,E78.5,"Hyperlipidaemia, unspecified",2023-04-05,Dr. A. Patel,Resolved
DX01106,P1427,E78.5,"Hyperlipidaemia, unspecified",2024-03-13,Dr. J. Nkosi,Resolved
DX01107,P1427,M54.5,Low back pain,2022-06-17,Dr. A. Patel,Monitoring
DX01108,P1427,N18.3,"Chronic kidney disease, stage 3",2023-04-08,Dr. C. Müller,Active
DX01109,P1427,I10,Essential Hypertension,2023-05-27,Dr. J. Nkosi,Active
DX01110,P1428,I25.10,Atherosclerotic heart disease,2022-07-18,Dr. A. Patel,Resolved
DX01111,P1428,E11.9,Type 2 Diabetes Mellitus without complications,2024-06-03,Dr. A. Patel,Monitoring
DX01112,P1428,I63.9,"Cerebral infarction, unspecified",2023-11-16,Dr. L. Torres,Active
DX01113,P1429,M54.5,Low back pain,2023-05-04,Dr. R. Singh,Active
DX01114,P1430,E78.5,"Hyperlipidaemia, unspecified",2022-05-30,Dr. Y. Tanaka,Active
DX01115,P1430,E03.9,"Hypothyroidism, unspecified",2024-07-03,Dr. S. Khan,Active
DX01116,P1430,J45.9,"Asthma, unspecified",2022-05-05,Dr. A. Patel,Resolved
DX01117,P1431,M06.9,"Rheumatoid arthritis, unspecified",2022-05-14,Dr. M. O'Brien,Active
DX01118,P1431,G40.9,"Epilepsy, unspecified",2024-06-24,Dr. A. Patel,Resolved
DX01119,P1431,C34.10,Malignant neoplasm of upper lobe bronchus,2024-06-03,Dr. S. Khan,Active
DX01120,P1432,E78.5,"Hyperlipidaemia, unspecified",2022-04-17,Dr. L. Torres,Resolved
DX01121,P1433,E11.9,Type 2 Diabetes Mellitus without complications,2023-04-23,Dr. A. Patel,Resolved
DX01122,P1433,K21.0,Gastro-oesophageal reflux disease,2024-02-26,Dr. Y. Tanaka,Resolved
DX01123,P1433,E03.9,"Hypothyroidism, unspecified",2022-07-27,Dr. R. Singh,Monitoring
DX01124,P1433,F32.1,"Major depressive disorder, moderate",2022-02-23,Dr. Y. Tanaka,Monitoring
DX01125,P1434,K21.0,Gastro-oesophageal reflux disease,2022-07-30,Dr. A. Patel,Monitoring
DX01126,P1434,J45.9,"Asthma, unspecified",2022-05-19,Dr. J. Nkosi,Monitoring
DX01127,P1434,E11.9,Type 2 Diabetes Mellitus without complications,2022-09-16,Dr. L. Torres,Resolved
DX01128,P1435,M54.5,Low back pain,2023-01-16,Dr. J. Nkosi,Active
DX01129,P1435,C34.10,Malignant neoplasm of upper lobe bronchus,2022-04-01,Dr. A. Patel,Active
DX01130,P1435,K21.0,Gastro-oesophageal reflux disease,2023-10-01,Dr. C. Müller,Monitoring
DX01131,P1435,M06.9,"Rheumatoid arthritis, unspecified",2024-01-03,Dr. L. Torres,Monitoring
DX01132,P1436,J18.9,"Pneumonia, unspecified",2023-09-25,Dr. R. Singh,Resolved
DX01133,P1436,M54.5,Low back pain,2024-01-26,Dr. A. Patel,Monitoring
DX01134,P1437,I10,Essential Hypertension,2024-11-04,Dr. A. Patel,Resolved
DX01135,P1437,J45.9,"Asthma, unspecified",2023-12-06,Dr. J. Nkosi,Active
DX01136,P1438,E03.9,"Hypothyroidism, unspecified",2023-12-01,Dr. J. Nkosi,Monitoring
DX01137,P1438,E11.9,Type 2 Diabetes Mellitus without complications,2024-09-01,Dr. Y. Tanaka,Monitoring
DX01138,P1439,G40.9,"Epilepsy, unspecified",2023-11-19,Dr. L. Torres,Resolved
DX01139,P1439,K21.0,Gastro-oesophageal reflux disease,2023-11-05,Dr. M. O'Brien,Active
DX01140,P1439,M06.9,"Rheumatoid arthritis, unspecified",2024-07-19,Dr. A. Patel,Resolved
DX01141,P1440,M06.9,"Rheumatoid arthritis, unspecified",2023-04-02,Dr. J. Nkosi,Resolved
DX01142,P1440,I10,Essential Hypertension,2023-03-13,Dr. J. Nkosi,Resolved
DX01143,P1441,E03.9,"Hypothyroidism, unspecified",2023-02-25,Dr. C. Müller,Active
DX01144,P1441,C34.10,Malignant neoplasm of upper lobe bronchus,2022-01-14,Dr. R. Singh,Active
DX01145,P1441,F32.1,"Major depressive disorder, moderate",2022-06-01,Dr. R. Singh,Active
DX01146,P1442,J18.9,"Pneumonia, unspecified",2023-08-19,Dr. Y. Tanaka,Active
DX01147,P1443,I10,Essential Hypertension,2023-02-10,Dr. L. Torres,Active
DX01148,P1443,M06.9,"Rheumatoid arthritis, unspecified",2023-03-25,Dr. L. Torres,Monitoring
DX01149,P1443,J45.9,"Asthma, unspecified",2022-12-23,Dr. R. Singh,Monitoring
DX01150,P1444,J18.9,"Pneumonia, unspecified",2022-02-14,Dr. M. O'Brien,Resolved
DX01151,P1444,J45.9,"Asthma, unspecified",2022-07-27,Dr. A. Patel,Monitoring
DX01152,P1445,F32.1,"Major depressive disorder, moderate",2022-08-16,Dr. R. Singh,Active
DX01153,P1445,I63.9,"Cerebral infarction, unspecified",2023-09-17,Dr. Y. Tanaka,Active
DX01154,P1446,E03.9,"Hypothyroidism, unspecified",2022-12-17,Dr. C. Müller,Monitoring
DX01155,P1446,N18.3,"Chronic kidney disease, stage 3",2022-05-14,Dr. S. Khan,Active
DX01156,P1446,I63.9,"Cerebral infarction, unspecified",2022-09-25,Dr. J. Nkosi,Active
DX01157,P1447,C34.10,Malignant neoplasm of upper lobe bronchus,2024-05-29,Dr. J. Nkosi,Active
DX01158,P1447,N18.3,"Chronic kidney disease, stage 3",2023-01-23,Dr. L. Torres,Active
DX01159,P1447,G40.9,"Epilepsy, unspecified",2023-11-03,Dr. J. Nkosi,Active
DX01160,P1447,K21.0,Gastro-oesophageal reflux disease,2023-07-28,Dr. M. O'Brien,Monitoring
DX01161,P1448,J45.9,"Asthma, unspecified",2022-05-13,Dr. M. O'Brien,Monitoring
DX01162,P1448,C34.10,Malignant neoplasm of upper lobe bronchus,2024-03-05,Dr. R. Singh,Resolved
DX01163,P1448,E11.9,Type 2 Diabetes Mellitus without complications,2024-11-28,Dr. Y. Tanaka,Active
DX01164,P1448,M54.5,Low back pain,2023-10-22,Dr. R. Singh,Monitoring
DX01165,P1449,C34.10,Malignant neoplasm of upper lobe bronchus,2024-04-01,Dr. A. Patel,Active
DX01166,P1449,M54.5,Low back pain,2023-03-26,Dr. J. Nkosi,Resolved
DX01167,P1449,G40.9,"Epilepsy, unspecified",2023-04-26,Dr. C. Müller,Active
DX01168,P1449,I25.10,Atherosclerotic heart disease,2023-09-19,Dr. C. Müller,Resolved
DX01169,P1450,M06.9,"Rheumatoid arthritis, unspecified",2024-02-06,Dr. L. Torres,Monitoring
DX01170,P1450,G40.9,"Epilepsy, unspecified",2022-06-23,Dr. M. O'Brien,Active
DX01171,P1451,M54.5,Low back pain,2023-04-17,Dr. A. Patel,Resolved
DX01172,P1451,E78.5,"Hyperlipidaemia, unspecified",2024-11-15,Dr. R. Singh,Resolved
DX01173,P1451,N18.3,"Chronic kidney disease, stage 3",2024-07-12,Dr. Y. Tanaka,Resolved
DX01174,P1452,N18.3,"Chronic kidney disease, stage 3",2023-07-14,Dr. C. Müller,Active
DX01175,P1452,E03.9,"Hypothyroidism, unspecified",2023-01-03,Dr. Y. Tanaka,Active
DX01176,P1452,M54.5,Low back pain,2023-06-28,Dr. S. Khan,Resolved
DX01177,P1452,M06.9,"Rheumatoid arthritis, unspecified",2022-06-18,Dr. L. Torres,Monitoring
DX01178,P1453,E03.9,"Hypothyroidism, unspecified",2023-07-21,Dr. J. Nkosi,Active
DX01179,P1454,E11.9,Type 2 Diabetes Mellitus without complications,2024-01-08,Dr. A. Patel,Monitoring
DX01180,P1455,N18.3,"Chronic kidney disease, stage 3",2023-11-06,Dr. L. Torres,Resolved
DX01181,P1455,J45.9,"Asthma, unspecified",2023-07-17,Dr. J. Nkosi,Monitoring
DX01182,P1456,G40.9,"Epilepsy, unspecified",2023-06-19,Dr. A. Patel,Resolved
DX01183,P1456,E03.9,"Hypothyroidism, unspecified",2023-08-01,Dr. R. Singh,Resolved
DX01184,P1457,G40.9,"Epilepsy, unspecified",2022-01-25,Dr. Y. Tanaka,Monitoring
DX01185,P1457,K21.0,Gastro-oesophageal reflux disease,2024-11-15,Dr. M. O'Brien,Resolved
DX01186,P1457,E03.9,"Hypothyroidism, unspecified",2023-04-12,Dr. J. Nkosi,Monitoring
DX01187,P1457,I63.9,"Cerebral infarction, unspecified",2023-03-06,Dr. Y. Tanaka,Active
DX01188,P1458,C34.10,Malignant neoplasm of upper lobe bronchus,2022-06-25,Dr. R. Singh,Active
DX01189,P1458,G40.9,"Epilepsy, unspecified",2024-05-28,Dr. C. Müller,Active
DX01190,P1458,M54.5,Low back pain,2024-06-17,Dr. Y. Tanaka,Monitoring
DX01191,P1458,N18.3,"Chronic kidney disease, stage 3",2022-03-03,Dr. R. Singh,Active
DX01192,P1459,I25.10,Atherosclerotic heart disease,2022-01-20,Dr. Y. Tanaka,Monitoring
DX01193,P1459,C34.10,Malignant neoplasm of upper lobe bronchus,2023-12-28,Dr. R. Singh,Active
DX01194,P1460,F32.1,"Major depressive disorder, moderate",2023-09-06,Dr. R. Singh,Monitoring
DX01195,P1460,I63.9,"Cerebral infarction, unspecified",2022-02-17,Dr. A. Patel,Active
DX01196,P1460,E03.9,"Hypothyroidism, unspecified",2022-11-11,Dr. R. Singh,Monitoring
DX01197,P1460,M06.9,"Rheumatoid arthritis, unspecified",2024-03-11,Dr. C. Müller,Active
DX01198,P1461,E11.9,Type 2 Diabetes Mellitus without complications,2024-08-30,Dr. S. Khan,Resolved
DX01199,P1461,E78.5,"Hyperlipidaemia, unspecified",2024-07-13,Dr. L. Torres,Active
DX01200,P1461,F32.1,"Major depressive disorder, moderate",2022-12-18,Dr. S. Khan,Monitoring
DX01201,P1461,J45.9,"Asthma, unspecified",2022-12-30,Dr. A. Patel,Monitoring
DX01202,P1462,I10,Essential Hypertension,2024-03-01,Dr. L. Torres,Active
DX01203,P1462,J18.9,"Pneumonia, unspecified",2023-04-23,Dr. L. Torres,Monitoring
DX01204,P1462,J45.9,"Asthma, unspecified",2024-12-09,Dr. S. Khan,Resolved
DX01205,P1462,E11.9,Type 2 Diabetes Mellitus without complications,2022-04-28,Dr. R. Singh,Monitoring
DX01206,P1463,J18.9,"Pneumonia, unspecified",2023-11-01,Dr. C. Müller,Resolved
DX01207,P1464,E11.9,Type 2 Diabetes Mellitus without complications,2024-05-06,Dr. Y. Tanaka,Monitoring
DX01208,P1464,J18.9,"Pneumonia, unspecified",2022-05-21,Dr. C. Müller,Active
DX01209,P1465,G40.9,"Epilepsy, unspecified",2023-09-27,Dr. C. Müller,Monitoring
DX01210,P1465,J45.9,"Asthma, unspecified",2024-08-30,Dr. M. O'Brien,Monitoring
DX01211,P1466,K21.0,Gastro-oesophageal reflux disease,2024-07-28,Dr. L. Torres,Active
DX01212,P1466,J45.9,"Asthma, unspecified",2022-01-16,Dr. M. O'Brien,Resolved
DX01213,P1466,E78.5,"Hyperlipidaemia, unspecified",2022-05-12,Dr. C. Müller,Monitoring
DX01214,P1467,E78.5,"Hyperlipidaemia, unspecified",2024-10-02,Dr. Y. Tanaka,Resolved
DX01215,P1467,N18.3,"Chronic kidney disease, stage 3",2022-03-22,Dr. S. Khan,Resolved
DX01216,P1468,N18.3,"Chronic kidney disease, stage 3",2024-03-11,Dr. M. O'Brien,Resolved
DX01217,P1468,C34.10,Malignant neoplasm of upper lobe bronchus,2023-05-26,Dr. M. O'Brien,Monitoring
DX01218,P1468,G40.9,"Epilepsy, unspecified",2024-06-03,Dr. Y. Tanaka,Resolved
DX01219,P1468,I25.10,Atherosclerotic heart disease,2023-01-11,Dr. S. Khan,Resolved
DX01220,P1469,J45.9,"Asthma, unspecified",2022-11-20,Dr. L. Torres,Monitoring
DX01221,P1470,I63.9,"Cerebral infarction, unspecified",2023-03-21,Dr. Y. Tanaka,Resolved
DX01222,P1470,E11.9,Type 2 Diabetes Mellitus without complications,2022-09-06,Dr. R. Singh,Active
DX01223,P1470,C34.10,Malignant neoplasm of upper lobe bronchus,2022-08-04,Dr. R. Singh,Resolved
DX01224,P1471,J18.9,"Pneumonia, unspecified",2022-04-02,Dr. Y. Tanaka,Active
DX01225,P1471,I25.10,Atherosclerotic heart disease,2022-05-30,Dr. Y. Tanaka,Resolved
DX01226,P1471,J45.9,"Asthma, unspecified",2023-12-05,Dr. C. Müller,Active
DX01227,P1471,E78.5,"Hyperlipidaemia, unspecified",2024-03-23,Dr. A. Patel,Active
DX01228,P1472,E11.9,Type 2 Diabetes Mellitus without complications,2023-11-01,Dr. Y. Tanaka,Resolved
DX01229,P1472,C34.10,Malignant neoplasm of upper lobe bronchus,2024-08-02,Dr. S. Khan,Active
DX01230,P1472,J18.9,"Pneumonia, unspecified",2023-05-12,Dr. Y. Tanaka,Active
DX01231,P1473,G40.9,"Epilepsy, unspecified",2022-02-06,Dr. S. Khan,Active
DX01232,P1473,I25.10,Atherosclerotic heart disease,2023-08-26,Dr. S. Khan,Monitoring
DX01233,P1473,J18.9,"Pneumonia, unspecified",2024-03-11,Dr. M. O'Brien,Active
DX01234,P1473,E03.9,"Hypothyroidism, unspecified",2022-01-23,Dr. L. Torres,Active
DX01235,P1474,N18.3,"Chronic kidney disease, stage 3",2022-03-12,Dr. J. Nkosi,Resolved
DX01236,P1474,J18.9,"Pneumonia, unspecified",2022-04-08,Dr. S. Khan,Resolved
DX01237,P1474,J45.9,"Asthma, unspecified",2023-09-24,Dr. Y. Tanaka,Active
DX01238,P1474,C34.10,Malignant neoplasm of upper lobe bronchus,2022-01-10,Dr. A. Patel,Resolved
DX01239,P1475,M06.9,"Rheumatoid arthritis, unspecified",2024-02-07,Dr. J. Nkosi,Active
DX01240,P1475,J45.9,"Asthma, unspecified",2022-07-07,Dr. A. Patel,Resolved
DX01241,P1476,I10,Essential Hypertension,2023-11-22,Dr. J. Nkosi,Monitoring
DX01242,P1477,J45.9,"Asthma, unspecified",2022-07-17,Dr. M. O'Brien,Monitoring
DX01243,P1478,I10,Essential Hypertension,2024-11-15,Dr. S. Khan,Resolved
DX01244,P1478,F32.1,"Major depressive disorder, moderate",2023-10-23,Dr. J. Nkosi,Monitoring
DX01245,P1479,M06.9,"Rheumatoid arthritis, unspecified",2024-03-20,Dr. C. Müller,Active
DX01246,P1479,E78.5,"Hyperlipidaemia, unspecified",2023-04-21,Dr. J. Nkosi,Active
DX01247,P1480,N18.3,"Chronic kidney disease, stage 3",2024-04-03,Dr. R. Singh,Active
DX01248,P1480,J18.9,"Pneumonia, unspecified",2024-03-08,Dr. J. Nkosi,Resolved
DX01249,P1480,I10,Essential Hypertension,2023-03-27,Dr. S. Khan,Monitoring
DX01250,P1481,I63.9,"Cerebral infarction, unspecified",2022-03-31,Dr. S. Khan,Active
DX01251,P1481,K21.0,Gastro-oesophageal reflux disease,2024-04-21,Dr. L. Torres,Monitoring
DX01252,P1481,N18.3,"Chronic kidney disease, stage 3",2024-10-20,Dr. S. Khan,Monitoring
DX01253,P1482,I25.10,Atherosclerotic heart disease,2023-10-27,Dr. C. Müller,Monitoring
DX01254,P1482,E11.9,Type 2 Diabetes Mellitus without complications,2022-09-30,Dr. R. Singh,Active
DX01255,P1483,G40.9,"Epilepsy, unspecified",2022-05-19,Dr. R. Singh,Active
DX01256,P1483,I63.9,"Cerebral infarction, unspecified",2024-07-08,Dr. C. Müller,Monitoring
DX01257,P1483,M54.5,Low back pain,2023-04-22,Dr. A. Patel,Active
DX01258,P1484,K21.0,Gastro-oesophageal reflux disease,2022-09-12,Dr. L. Torres,Active
DX01259,P1485,E03.9,"Hypothyroidism, unspecified",2022-05-03,Dr. M. O'Brien,Resolved
DX01260,P1485,J45.9,"Asthma, unspecified",2024-10-18,Dr. L. Torres,Active
DX01261,P1485,K21.0,Gastro-oesophageal reflux disease,2022-11-07,Dr. C. Müller,Active
DX01262,P1485,E11.9,Type 2 Diabetes Mellitus without complications,2022-03-19,Dr. J. Nkosi,Monitoring
DX01263,P1486,C34.10,Malignant neoplasm of upper lobe bronchus,2023-10-13,Dr. A. Patel,Monitoring
DX01264,P1486,N18.3,"Chronic kidney disease, stage 3",2024-04-29,Dr. L. Torres,Active
DX01265,P1486,J18.9,"Pneumonia, unspecified",2023-04-15,Dr. R. Singh,Resolved
DX01266,P1486,I25.10,Atherosclerotic heart disease,2023-05-12,Dr. J. Nkosi,Monitoring
DX01267,P1487,M06.9,"Rheumatoid arthritis, unspecified",2023-05-24,Dr. J. Nkosi,Monitoring
DX01268,P1488,E78.5,"Hyperlipidaemia, unspecified",2022-01-13,Dr. S. Khan,Resolved
DX01269,P1488,N18.3,"Chronic kidney disease, stage 3",2022-05-24,Dr. J. Nkosi,Active
DX01270,P1488,J18.9,"Pneumonia, unspecified",2022-10-17,Dr. J. Nkosi,Active
DX01271,P1488,M54.5,Low back pain,2022-07-07,Dr. M. O'Brien,Monitoring
DX01272,P1489,J45.9,"Asthma, unspecified",2022-06-10,Dr. C. Müller,Monitoring
DX01273,P1489,E78.5,"Hyperlipidaemia, unspecified",2024-08-14,Dr. L. Torres,Active
DX01274,P1490,J45.9,"Asthma, unspecified",2022-12-28,Dr. J. Nkosi,Resolved
DX01275,P1490,F32.1,"Major depressive disorder, moderate",2023-08-08,Dr. Y. Tanaka,Monitoring
DX01276,P1491,I25.10,Atherosclerotic heart disease,2024-09-12,Dr. S. Khan,Resolved
DX01277,P1491,G40.9,"Epilepsy, unspecified",2024-03-26,Dr. C. Müller,Active
DX01278,P1492,M54.5,Low back pain,2024-06-06,Dr. M. O'Brien,Resolved
DX01279,P1492,F32.1,"Major depressive disorder, moderate",2022-02-10,Dr. C. Müller,Resolved
DX01280,P1492,E78.5,"Hyperlipidaemia, unspecified",2022-06-20,Dr. L. Torres,Monitoring
DX01281,P1492,K21.0,Gastro-oesophageal reflux disease,2022-11-09,Dr. M. O'Brien,Resolved
DX01282,P1493,M54.5,Low back pain,2024-02-08,Dr. Y. Tanaka,Active
DX01283,P1493,I25.10,Atherosclerotic heart disease,2023-11-14,Dr. M. O'Brien,Monitoring
DX01284,P1493,M06.9,"Rheumatoid arthritis, unspecified",2024-08-19,Dr. J. Nkosi,Active
DX01285,P1493,G40.9,"Epilepsy, unspecified",2023-01-24,Dr. A. Patel,Active
DX01286,P1494,M54.5,Low back pain,2024-03-19,Dr. R. Singh,Resolved
DX01287,P1494,F32.1,"Major depressive disorder, moderate",2024-09-29,Dr. L. Torres,Monitoring
DX01288,P1494,G40.9,"Epilepsy, unspecified",2022-05-26,Dr. C. Müller,Active
DX01289,P1495,F32.1,"Major depressive disorder, moderate",2022-11-29,Dr. J. Nkosi,Resolved
DX01290,P1496,E03.9,"Hypothyroidism, unspecified",2023-12-15,Dr. Y. Tanaka,Monitoring
DX01291,P1496,M06.9,"Rheumatoid arthritis, unspecified",2024-01-25,Dr. A. Patel,Monitoring
DX01292,P1496,C34.10,Malignant neoplasm of upper lobe bronchus,2024-02-29,Dr. C. Müller,Monitoring
DX01293,P1497,J45.9,"Asthma, unspecified",2022-03-12,Dr. R. Singh,Monitoring
DX01294,P1497,M54.5,Low back pain,2022-02-27,Dr. M. O'Brien,Resolved
DX01295,P1498,I63.9,"Cerebral infarction, unspecified",2022-11-27,Dr. A. Patel,Active
DX01296,P1498,J18.9,"Pneumonia, unspecified",2022-07-09,Dr. C. Müller,Resolved
DX01297,P1498,I25.10,Atherosclerotic heart disease,2022-06-14,Dr. J. Nkosi,Resolved
DX01298,P1498,J45.9,"Asthma, unspecified",2022-12-06,Dr. C. Müller,Resolved
DX01299,P1499,E78.5,"Hyperlipidaemia, unspecified",2024-02-23,Dr. L. Torres,Monitoring
DX01300,P1499,M06.9,"Rheumatoid arthritis, unspecified",2024-04-22,Dr. S. Khan,Active
DX01301,P1499,I63.9,"Cerebral infarction, unspecified",2023-12-07,Dr. M. O'Brien,Resolved
DX01302,P1500,M06.9,"Rheumatoid arthritis, unspecified",2024-03-26,Dr. L. Torres,Active
DX01303,P1500,C34.10,Malignant neoplasm of upper lobe bronchus,2022-12-11,Dr. Y. Tanaka,Active
DX01304,P1501,E11.9,Type 2 Diabetes Mellitus without complications,2024-05-05,Dr. C. Müller,Monitoring
DX01305,P1502,C34.10,Malignant neoplasm of upper lobe bronchus,2022-12-28,Dr. R. Singh,Active
DX01306,P1502,F32.1,"Major depressive disorder, moderate",2022-10-03,Dr. J. Nkosi,Resolved
DX01307,P1502,J18.9,"Pneumonia, unspecified",2023-01-08,Dr. S. Khan,Resolved
DX01308,P1503,J18.9,"Pneumonia, unspecified",2022-05-01,Dr. M. O'Brien,Active
DX01309,P1503,J45.9,"Asthma, unspecified",2023-06-16,Dr. C. Müller,Resolved
DX01310,P1504,G40.9,"Epilepsy, unspecified",2022-12-07,Dr. S. Khan,Resolved
DX01311,P1505,F32.1,"Major depressive disorder, moderate",2022-09-13,Dr. L. Torres,Active
DX01312,P1506,I10,Essential Hypertension,2024-09-05,Dr. Y. Tanaka,Monitoring
DX01313,P1506,K21.0,Gastro-oesophageal reflux disease,2022-07-26,Dr. A. Patel,Active
DX01314,P1506,J45.9,"Asthma, unspecified",2023-06-29,Dr. A. Patel,Monitoring
DX01315,P1507,E11.9,Type 2 Diabetes Mellitus without complications,2023-03-09,Dr. A. Patel,Resolved
DX01316,P1508,M06.9,"Rheumatoid arthritis, unspecified",2023-11-22,Dr. C. Müller,Resolved
DX01317,P1508,M54.5,Low back pain,2024-01-30,Dr. R. Singh,Resolved
DX01318,P1508,G40.9,"Epilepsy, unspecified",2023-05-06,Dr. R. Singh,Monitoring
DX01319,P1509,F32.1,"Major depressive disorder, moderate",2023-11-08,Dr. S. Khan,Active
DX01320,P1509,K21.0,Gastro-oesophageal reflux disease,2024-07-24,Dr. C. Müller,Monitoring
DX01321,P1509,I10,Essential Hypertension,2022-10-12,Dr. A. Patel,Monitoring
DX01322,P1509,N18.3,"Chronic kidney disease, stage 3",2022-09-09,Dr. L. Torres,Monitoring
DX01323,P1510,N18.3,"Chronic kidney disease, stage 3",2024-08-31,Dr. C. Müller,Monitoring
DX01324,P1510,M54.5,Low back pain,2023-01-20,Dr. A. Patel,Monitoring
DX01325,P1511,I10,Essential Hypertension,2022-04-04,Dr. R. Singh,Monitoring
DX01326,P1511,I63.9,"Cerebral infarction, unspecified",2024-06-28,Dr. J. Nkosi,Monitoring
DX01327,P1511,N18.3,"Chronic kidney disease, stage 3",2024-09-19,Dr. C. Müller,Monitoring
DX01328,P1512,N18.3,"Chronic kidney disease, stage 3",2024-05-26,Dr. Y. Tanaka,Monitoring
DX01329,P1513,C34.10,Malignant neoplasm of upper lobe bronchus,2024-02-28,Dr. L. Torres,Monitoring
DX01330,P1514,C34.10,Malignant neoplasm of upper lobe bronchus,2024-12-01,Dr. A. Patel,Active
DX01331,P1514,J18.9,"Pneumonia, unspecified",2024-10-16,Dr. S. Khan,Resolved
DX01332,P1515,J18.9,"Pneumonia, unspecified",2023-05-09,Dr. J. Nkosi,Active
DX01333,P1515,M54.5,Low back pain,2022-12-16,Dr. S. Khan,Active
DX01334,P1515,E11.9,Type 2 Diabetes Mellitus without complications,2024-06-09,Dr. A. Patel,Active
DX01335,P1515,G40.9,"Epilepsy, unspecified",2023-10-31,Dr. C. Müller,Resolved
DX01336,P1516,C34.10,Malignant neoplasm of upper lobe bronchus,2024-09-02,Dr. S. Khan,Monitoring
DX01337,P1516,I25.10,Atherosclerotic heart disease,2022-10-06,Dr. Y. Tanaka,Active
DX01338,P1517,G40.9,"Epilepsy, unspecified",2022-05-13,Dr. R. Singh,Resolved
DX01339,P1517,J45.9,"Asthma, unspecified",2024-02-21,Dr. C. Müller,Active
DX01340,P1517,K21.0,Gastro-oesophageal reflux disease,2023-04-03,Dr. L. Torres,Active
DX01341,P1518,E11.9,Type 2 Diabetes Mellitus without complications,2023-11-28,Dr. J. Nkosi,Monitoring
DX01342,P1518,M06.9,"Rheumatoid arthritis, unspecified",2022-08-26,Dr. R. Singh,Active
DX01343,P1518,G40.9,"Epilepsy, unspecified",2023-10-04,Dr. C. Müller,Monitoring
DX01344,P1519,I25.10,Atherosclerotic heart disease,2022-05-07,Dr. J. Nkosi,Resolved
DX01345,P1520,N18.3,"Chronic kidney disease, stage 3",2022-09-16,Dr. J. Nkosi,Active
DX01346,P1520,E03.9,"Hypothyroidism, unspecified",2024-03-20,Dr. A. Patel,Monitoring
DX01347,P1520,M06.9,"Rheumatoid arthritis, unspecified",2024-08-01,Dr. R. Singh,Active
DX01348,P1520,I63.9,"Cerebral infarction, unspecified",2023-08-31,Dr. J. Nkosi,Resolved
DX01349,P1521,J18.9,"Pneumonia, unspecified",2022-03-12,Dr. R. Singh,Resolved
DX01350,P1521,K21.0,Gastro-oesophageal reflux disease,2024-10-25,Dr. S. Khan,Resolved
DX01351,P1521,I25.10,Atherosclerotic heart disease,2024-09-06,Dr. J. Nkosi,Resolved
DX01352,P1521,M06.9,"Rheumatoid arthritis, unspecified",2023-08-20,Dr. C. Müller,Active
DX01353,P1522,J18.9,"Pneumonia, unspecified",2023-03-08,Dr. J. Nkosi,Monitoring
DX01354,P1522,G40.9,"Epilepsy, unspecified",2022-04-18,Dr. M. O'Brien,Resolved
DX01355,P1522,C34.10,Malignant neoplasm of upper lobe bronchus,2024-03-13,Dr. L. Torres,Monitoring
DX01356,P1523,I10,Essential Hypertension,2024-03-14,Dr. R. Singh,Resolved
DX01357,P1523,E78.5,"Hyperlipidaemia, unspecified",2024-08-27,Dr. R. Singh,Resolved
DX01358,P1524,E11.9,Type 2 Diabetes Mellitus without complications,2023-08-02,Dr. J. Nkosi,Monitoring
DX01359,P1524,E78.5,"Hyperlipidaemia, unspecified",2024-03-17,Dr. S. Khan,Active
DX01360,P1524,C34.10,Malignant neoplasm of upper lobe bronchus,2023-10-25,Dr. A. Patel,Monitoring
DX01361,P1524,I25.10,Atherosclerotic heart disease,2023-09-15,Dr. Y. Tanaka,Monitoring
DX01362,P1525,K21.0,Gastro-oesophageal reflux disease,2024-06-23,Dr. Y. Tanaka,Resolved
DX01363,P1525,J18.9,"Pneumonia, unspecified",2022-10-24,Dr. J. Nkosi,Active
DX01364,P1526,C34.10,Malignant neoplasm of upper lobe bronchus,2022-01-19,Dr. R. Singh,Monitoring
DX01365,P1526,I63.9,"Cerebral infarction, unspecified",2022-07-28,Dr. M. O'Brien,Resolved
DX01366,P1527,I63.9,"Cerebral infarction, unspecified",2022-07-16,Dr. R. Singh,Resolved
DX01367,P1527,G40.9,"Epilepsy, unspecified",2023-01-03,Dr. A. Patel,Active
DX01368,P1527,J18.9,"Pneumonia, unspecified",2024-11-21,Dr. R. Singh,Monitoring
DX01369,P1527,I10,Essential Hypertension,2024-06-07,Dr. M. O'Brien,Monitoring
DX01370,P1528,J45.9,"Asthma, unspecified",2024-03-23,Dr. Y. Tanaka,Resolved
DX01371,P1528,I10,Essential Hypertension,2022-12-20,Dr. C. Müller,Monitoring
DX01372,P1528,E11.9,Type 2 Diabetes Mellitus without complications,2022-07-03,Dr. Y. Tanaka,Monitoring
DX01373,P1528,M06.9,"Rheumatoid arthritis, unspecified",2024-02-22,Dr. L. Torres,Monitoring
DX01374,P1529,N18.3,"Chronic kidney disease, stage 3",2022-06-19,Dr. S. Khan,Resolved
DX01375,P1529,I10,Essential Hypertension,2024-11-09,Dr. J. Nkosi,Active
DX01376,P1529,E11.9,Type 2 Diabetes Mellitus without complications,2024-09-09,Dr. L. Torres,Monitoring
DX01377,P1529,E03.9,"Hypothyroidism, unspecified",2022-07-13,Dr. M. O'Brien,Resolved
DX01378,P1530,I63.9,"Cerebral infarction, unspecified",2022-09-14,Dr. S. Khan,Resolved
DX01379,P1530,C34.10,Malignant neoplasm of upper lobe bronchus,2022-05-11,Dr. M. O'Brien,Resolved
DX01380,P1530,F32.1,"Major depressive disorder, moderate",2022-02-10,Dr. C. Müller,Monitoring
DX01381,P1530,I25.10,Atherosclerotic heart disease,2024-12-21,Dr. Y. Tanaka,Active
DX01382,P1531,E03.9,"Hypothyroidism, unspecified",2023-03-01,Dr. S. Khan,Active
DX01383,P1532,I10,Essential Hypertension,2024-07-04,Dr. R. Singh,Active
DX01384,P1532,E78.5,"Hyperlipidaemia, unspecified",2022-03-22,Dr. M. O'Brien,Monitoring
DX01385,P1533,I63.9,"Cerebral infarction, unspecified",2022-06-29,Dr. L. Torres,Active
DX01386,P1533,J18.9,"Pneumonia, unspecified",2022-06-23,Dr. S. Khan,Monitoring
DX01387,P1534,N18.3,"Chronic kidney disease, stage 3",2024-05-16,Dr. A. Patel,Active
DX01388,P1534,E78.5,"Hyperlipidaemia, unspecified",2023-09-08,Dr. A. Patel,Monitoring
DX01389,P1534,J18.9,"Pneumonia, unspecified",2023-08-24,Dr. Y. Tanaka,Active
DX01390,P1535,C34.10,Malignant neoplasm of upper lobe bronchus,2024-11-11,Dr. J. Nkosi,Monitoring
DX01391,P1535,N18.3,"Chronic kidney disease, stage 3",2022-07-22,Dr. A. Patel,Active
DX01392,P1535,E78.5,"Hyperlipidaemia, unspecified",2022-03-17,Dr. J. Nkosi,Active
DX01393,P1535,G40.9,"Epilepsy, unspecified",2023-09-06,Dr. J. Nkosi,Active
DX01394,P1536,K21.0,Gastro-oesophageal reflux disease,2023-07-23,Dr. M. O'Brien,Monitoring
DX01395,P1536,N18.3,"Chronic kidney disease, stage 3",2024-05-14,Dr. S. Khan,Monitoring
DX01396,P1537,I25.10,Atherosclerotic heart disease,2022-12-01,Dr. C. Müller,Resolved
DX01397,P1537,F32.1,"Major depressive disorder, moderate",2022-06-20,Dr. L. Torres,Monitoring
DX01398,P1537,I63.9,"Cerebral infarction, unspecified",2024-05-21,Dr. M. O'Brien,Monitoring
DX01399,P1538,E11.9,Type 2 Diabetes Mellitus without complications,2023-07-06,Dr. J. Nkosi,Monitoring
DX01400,P1538,I63.9,"Cerebral infarction, unspecified",2024-02-02,Dr. M. O'Brien,Resolved
DX01401,P1539,N18.3,"Chronic kidney disease, stage 3",2024-06-07,Dr. C. Müller,Active
DX01402,P1539,E03.9,"Hypothyroidism, unspecified",2023-05-22,Dr. S. Khan,Resolved
DX01403,P1540,E78.5,"Hyperlipidaemia, unspecified",2022-08-14,Dr. C. Müller,Active
DX01404,P1541,I63.9,"Cerebral infarction, unspecified",2023-11-15,Dr. L. Torres,Active
DX01405,P1541,E11.9,Type 2 Diabetes Mellitus without complications,2023-04-08,Dr. L. Torres,Active
DX01406,P1541,N18.3,"Chronic kidney disease, stage 3",2022-07-20,Dr. C. Müller,Active
DX01407,P1542,E11.9,Type 2 Diabetes Mellitus without complications,2024-12-14,Dr. L. Torres,Monitoring
DX01408,P1542,E03.9,"Hypothyroidism, unspecified",2024-09-29,Dr. S. Khan,Monitoring
DX01409,P1542,M06.9,"Rheumatoid arthritis, unspecified",2023-12-16,Dr. L. Torres,Monitoring
DX01410,P1542,J18.9,"Pneumonia, unspecified",2023-07-10,Dr. S. Khan,Active
DX01411,P1543,N18.3,"Chronic kidney disease, stage 3",2024-03-08,Dr. M. O'Brien,Resolved
DX01412,P1543,E03.9,"Hypothyroidism, unspecified",2024-12-24,Dr. C. Müller,Resolved
DX01413,P1544,I25.10,Atherosclerotic heart disease,2024-11-17,Dr. M. O'Brien,Monitoring
DX01414,P1544,I10,Essential Hypertension,2022-09-16,Dr. M. O'Brien,Resolved
DX01415,P1545,I10,Essential Hypertension,2024-01-29,Dr. J. Nkosi,Monitoring
DX01416,P1545,C34.10,Malignant neoplasm of upper lobe bronchus,2024-05-06,Dr. Y. Tanaka,Active
DX01417,P1545,I63.9,"Cerebral infarction, unspecified",2024-06-17,Dr. R. Singh,Resolved
DX01418,P1546,I25.10,Atherosclerotic heart disease,2023-04-14,Dr. L. Torres,Monitoring
DX01419,P1546,F32.1,"Major depressive disorder, moderate",2022-06-28,Dr. L. Torres,Resolved
DX01420,P1546,E78.5,"Hyperlipidaemia, unspecified",2023-10-03,Dr. S. Khan,Monitoring
DX01421,P1547,E11.9,Type 2 Diabetes Mellitus without complications,2023-05-07,Dr. S. Khan,Active
DX01422,P1548,E11.9,Type 2 Diabetes Mellitus without complications,2023-08-09,Dr. Y. Tanaka,Active
DX01423,P1549,I63.9,"Cerebral infarction, unspecified",2024-09-09,Dr. Y. Tanaka,Monitoring
DX01424,P1549,E78.5,"Hyperlipidaemia, unspecified",2024-12-26,Dr. S. Khan,Resolved
DX01425,P1549,C34.10,Malignant neoplasm of upper lobe bronchus,2022-01-29,Dr. J. Nkosi,Monitoring
DX01426,P1549,J18.9,"Pneumonia, unspecified",2022-01-15,Dr. C. Müller,Monitoring
DX01427,P1550,J45.9,"Asthma, unspecified",2024-12-17,Dr. A. Patel,Monitoring
DX01428,P1550,C34.10,Malignant neoplasm of upper lobe bronchus,2024-07-07,Dr. M. O'Brien,Monitoring
DX01429,P1550,I63.9,"Cerebral infarction, unspecified",2024-12-08,Dr. J. Nkosi,Active
DX01430,P1551,N18.3,"Chronic kidney disease, stage 3",2022-10-01,Dr. R. Singh,Active
DX01431,P1552,M54.5,Low back pain,2022-08-20,Dr. R. Singh,Monitoring
DX01432,P1552,F32.1,"Major depressive disorder, moderate",2023-05-27,Dr. S. Khan,Resolved
DX01433,P1552,J18.9,"Pneumonia, unspecified",2023-09-05,Dr. Y. Tanaka,Resolved
DX01434,P1552,N18.3,"Chronic kidney disease, stage 3",2023-06-27,Dr. J. Nkosi,Active
DX01435,P1553,J45.9,"Asthma, unspecified",2022-03-14,Dr. Y. Tanaka,Monitoring
DX01436,P1553,I25.10,Atherosclerotic heart disease,2024-09-26,Dr. A. Patel,Resolved
DX01437,P1553,I63.9,"Cerebral infarction, unspecified",2022-01-13,Dr. Y. Tanaka,Resolved
DX01438,P1553,E78.5,"Hyperlipidaemia, unspecified",2023-09-04,Dr. R. Singh,Active
DX01439,P1554,N18.3,"Chronic kidney disease, stage 3",2023-01-17,Dr. C. Müller,Resolved
DX01440,P1555,E11.9,Type 2 Diabetes Mellitus without complications,2024-06-01,Dr. Y. Tanaka,Active
DX01441,P1556,E78.5,"Hyperlipidaemia, unspecified",2024-11-19,Dr. M. O'Brien,Resolved
DX01442,P1557,M06.9,"Rheumatoid arthritis, unspecified",2024-09-25,Dr. A. Patel,Active
DX01443,P1558,J45.9,"Asthma, unspecified",2024-02-06,Dr. L. Torres,Resolved
DX01444,P1558,M54.5,Low back pain,2024-05-27,Dr. M. O'Brien,Monitoring
DX01445,P1558,F32.1,"Major depressive disorder, moderate",2023-07-06,Dr. S. Khan,Resolved
DX01446,P1559,J18.9,"Pneumonia, unspecified",2024-06-07,Dr. A. Patel,Resolved
DX01447,P1559,M06.9,"Rheumatoid arthritis, unspecified",2023-02-11,Dr. S. Khan,Active
DX01448,P1559,N18.3,"Chronic kidney disease, stage 3",2023-08-07,Dr. A. Patel,Active
DX01449,P1559,C34.10,Malignant neoplasm of upper lobe bronchus,2024-03-19,Dr. C. Müller,Monitoring
DX01450,P1560,M06.9,"Rheumatoid arthritis, unspecified",2023-02-12,Dr. Y. Tanaka,Monitoring
DX01451,P1560,I10,Essential Hypertension,2023-06-29,Dr. S. Khan,Resolved
DX01452,P1560,J18.9,"Pneumonia, unspecified",2024-09-28,Dr. Y. Tanaka,Monitoring
DX01453,P1561,N18.3,"Chronic kidney disease, stage 3",2024-03-29,Dr. C. Müller,Active
DX01454,P1561,E03.9,"Hypothyroidism, unspecified",2022-08-13,Dr. S. Khan,Active
DX01455,P1562,J18.9,"Pneumonia, unspecified",2024-10-21,Dr. A. Patel,Monitoring
DX01456,P1562,N18.3,"Chronic kidney disease, stage 3",2023-04-30,Dr. A. Patel,Monitoring
DX01457,P1563,F32.1,"Major depressive disorder, moderate",2022-01-17,Dr. C. Müller,Resolved
DX01458,P1563,K21.0,Gastro-oesophageal reflux disease,2023-08-16,Dr. L. Torres,Resolved
DX01459,P1563,C34.10,Malignant neoplasm of upper lobe bronchus,2022-06-19,Dr. C. Müller,Active
DX01460,P1564,C34.10,Malignant neoplasm of upper lobe bronchus,2023-01-18,Dr. J. Nkosi,Resolved
DX01461,P1564,E78.5,"Hyperlipidaemia, unspecified",2022-08-24,Dr. L. Torres,Monitoring
DX01462,P1565,I63.9,"Cerebral infarction, unspecified",2024-05-28,Dr. J. Nkosi,Resolved
DX01463,P1565,G40.9,"Epilepsy, unspecified",2022-07-31,Dr. M. O'Brien,Active
DX01464,P1566,J45.9,"Asthma, unspecified",2022-09-28,Dr. C. Müller,Active
DX01465,P1566,E11.9,Type 2 Diabetes Mellitus without complications,2023-07-15,Dr. J. Nkosi,Active
DX01466,P1567,I10,Essential Hypertension,2022-04-15,Dr. C. Müller,Resolved
DX01467,P1567,K21.0,Gastro-oesophageal reflux disease,2024-12-11,Dr. L. Torres,Monitoring
DX01468,P1567,J45.9,"Asthma, unspecified",2023-04-19,Dr. J. Nkosi,Resolved
DX01469,P1567,E11.9,Type 2 Diabetes Mellitus without complications,2024-05-22,Dr. Y. Tanaka,Active
DX01470,P1568,I63.9,"Cerebral infarction, unspecified",2023-07-06,Dr. R. Singh,Resolved
DX01471,P1568,I10,Essential Hypertension,2023-12-20,Dr. C. Müller,Active
DX01472,P1568,I25.10,Atherosclerotic heart disease,2023-10-18,Dr. A. Patel,Active
DX01473,P1568,E11.9,Type 2 Diabetes Mellitus without complications,2022-03-25,Dr. A. Patel,Active
DX01474,P1569,J45.9,"Asthma, unspecified",2023-07-28,Dr. S. Khan,Resolved
DX01475,P1569,I25.10,Atherosclerotic heart disease,2023-01-14,Dr. L. Torres,Resolved
DX01476,P1569,M54.5,Low back pain,2024-01-15,Dr. R. Singh,Resolved
DX01477,P1570,E11.9,Type 2 Diabetes Mellitus without complications,2022-01-28,Dr. M. O'Brien,Resolved
DX01478,P1571,C34.10,Malignant neoplasm of upper lobe bronchus,2024-12-19,Dr. R. Singh,Active
DX01479,P1571,E03.9,"Hypothyroidism, unspecified",2023-07-20,Dr. J. Nkosi,Monitoring
DX01480,P1571,N18.3,"Chronic kidney disease, stage 3",2024-02-26,Dr. S. Khan,Active
DX01481,P1572,I63.9,"Cerebral infarction, unspecified",2022-09-04,Dr. A. Patel,Monitoring
DX01482,P1572,C34.10,Malignant neoplasm of upper lobe bronchus,2023-01-26,Dr. J. Nkosi,Monitoring
DX01483,P1573,M06.9,"Rheumatoid arthritis, unspecified",2023-12-04,Dr. L. Torres,Monitoring
DX01484,P1573,E11.9,Type 2 Diabetes Mellitus without complications,2024-08-29,Dr. J. Nkosi,Monitoring
DX01485,P1573,G40.9,"Epilepsy, unspecified",2022-11-11,Dr. A. Patel,Active
DX01486,P1573,E78.5,"Hyperlipidaemia, unspecified",2023-01-28,Dr. C. Müller,Monitoring
DX01487,P1574,M06.9,"Rheumatoid arthritis, unspecified",2023-12-13,Dr. R. Singh,Resolved
DX01488,P1574,E03.9,"Hypothyroidism, unspecified",2022-08-29,Dr. C. Müller,Active
DX01489,P1574,E78.5,"Hyperlipidaemia, unspecified",2024-09-15,Dr. C. Müller,Monitoring
DX01490,P1575,J18.9,"Pneumonia, unspecified",2023-07-16,Dr. M. O'Brien,Resolved
DX01491,P1576,K21.0,Gastro-oesophageal reflux disease,2022-05-05,Dr. J. Nkosi,Monitoring
DX01492,P1577,M54.5,Low back pain,2022-06-03,Dr. M. O'Brien,Resolved
DX01493,P1577,I63.9,"Cerebral infarction, unspecified",2024-11-09,Dr. C. Müller,Monitoring
DX01494,P1577,E78.5,"Hyperlipidaemia, unspecified",2024-03-10,Dr. C. Müller,Monitoring
DX01495,P1577,E03.9,"Hypothyroidism, unspecified",2023-07-11,Dr. J. Nkosi,Active
DX01496,P1578,J18.9,"Pneumonia, unspecified",2023-03-23,Dr. A. Patel,Monitoring
DX01497,P1579,E78.5,"Hyperlipidaemia, unspecified",2023-06-15,Dr. L. Torres,Active
DX01498,P1579,C34.10,Malignant neoplasm of upper lobe bronchus,2023-08-30,Dr. L. Torres,Monitoring
DX01499,P1579,G40.9,"Epilepsy, unspecified",2022-09-01,Dr. M. O'Brien,Active
DX01500,P1579,M06.9,"Rheumatoid arthritis, unspecified",2022-04-04,Dr. J. Nkosi,Resolved
DX01501,P1580,I63.9,"Cerebral infarction, unspecified",2022-10-31,Dr. L. Torres,Active
DX01502,P1581,G40.9,"Epilepsy, unspecified",2023-05-25,Dr. J. Nkosi,Monitoring
DX01503,P1581,E03.9,"Hypothyroidism, unspecified",2022-08-26,Dr. A. Patel,Monitoring
DX01504,P1581,I10,Essential Hypertension,2023-12-13,Dr. R. Singh,Resolved
DX01505,P1582,C34.10,Malignant neoplasm of upper lobe bronchus,2023-06-25,Dr. M. O'Brien,Resolved
DX01506,P1583,N18.3,"Chronic kidney disease, stage 3",2022-01-22,Dr. R. Singh,Active
DX01507,P1583,I10,Essential Hypertension,2023-07-27,Dr. M. O'Brien,Resolved
DX01508,P1583,I63.9,"Cerebral infarction, unspecified",2022-02-02,Dr. S. Khan,Monitoring
DX01509,P1584,I63.9,"Cerebral infarction, unspecified",2023-02-27,Dr. Y. Tanaka,Active
DX01510,P1584,I25.10,Atherosclerotic heart disease,2023-10-27,Dr. L. Torres,Active
DX01511,P1584,M06.9,"Rheumatoid arthritis, unspecified",2024-03-20,Dr. M. O'Brien,Resolved
DX01512,P1584,E03.9,"Hypothyroidism, unspecified",2023-04-20,Dr. C. Müller,Resolved
DX01513,P1585,M06.9,"Rheumatoid arthritis, unspecified",2022-07-11,Dr. Y. Tanaka,Active
DX01514,P1585,M54.5,Low back pain,2024-07-29,Dr. M. O'Brien,Active
DX01515,P1586,K21.0,Gastro-oesophageal reflux disease,2023-01-05,Dr. L. Torres,Active
DX01516,P1586,M54.5,Low back pain,2023-09-28,Dr. M. O'Brien,Active
DX01517,P1587,I63.9,"Cerebral infarction, unspecified",2022-10-21,Dr. S. Khan,Resolved
DX01518,P1587,K21.0,Gastro-oesophageal reflux disease,2023-05-18,Dr. Y. Tanaka,Monitoring
DX01519,P1587,J45.9,"Asthma, unspecified",2024-04-04,Dr. S. Khan,Monitoring
DX01520,P1587,E11.9,Type 2 Diabetes Mellitus without complications,2024-12-14,Dr. M. O'Brien,Monitoring
DX01521,P1588,K21.0,Gastro-oesophageal reflux disease,2022-07-24,Dr. C. Müller,Resolved
DX01522,P1589,E11.9,Type 2 Diabetes Mellitus without complications,2022-01-28,Dr. A. Patel,Active
DX01523,P1590,E03.9,"Hypothyroidism, unspecified",2023-07-03,Dr. M. O'Brien,Monitoring
DX01524,P1590,E11.9,Type 2 Diabetes Mellitus without complications,2022-01-28,Dr. A. Patel,Active
DX01525,P1591,G40.9,"Epilepsy, unspecified",2023-02-19,Dr. M. O'Brien,Resolved
DX01526,P1591,C34.10,Malignant neoplasm of upper lobe bronchus,2024-06-28,Dr. M. O'Brien,Resolved
DX01527,P1591,E11.9,Type 2 Diabetes Mellitus without complications,2023-11-11,Dr. Y. Tanaka,Active
DX01528,P1592,I10,Essential Hypertension,2023-07-02,Dr. S. Khan,Active
DX01529,P1592,E78.5,"Hyperlipidaemia, unspecified",2022-04-02,Dr. S. Khan,Monitoring
DX01530,P1593,E11.9,Type 2 Diabetes Mellitus without complications,2022-10-18,Dr. A. Patel,Active
DX01531,P1593,E78.5,"Hyperlipidaemia, unspecified",2022-02-19,Dr. J. Nkosi,Resolved
DX01532,P1593,F32.1,"Major depressive disorder, moderate",2024-02-29,Dr. M. O'Brien,Resolved
DX01533,P1594,J45.9,"Asthma, unspecified",2022-08-19,Dr. Y. Tanaka,Active
DX01534,P1594,I63.9,"Cerebral infarction, unspecified",2022-08-14,Dr. J. Nkosi,Active
DX01535,P1594,F32.1,"Major depressive disorder, moderate",2023-08-01,Dr. R. Singh,Active
DX01536,P1595,E11.9,Type 2 Diabetes Mellitus without complications,2022-03-30,Dr. M. O'Brien,Active
DX01537,P1595,N18.3,"Chronic kidney disease, stage 3",2024-05-27,Dr. R. Singh,Monitoring
DX01538,P1595,M06.9,"Rheumatoid arthritis, unspecified",2023-01-07,Dr. C. Müller,Active
DX01539,P1596,K21.0,Gastro-oesophageal reflux disease,2023-12-15,Dr. S. Khan,Resolved
DX01540,P1596,G40.9,"Epilepsy, unspecified",2024-10-19,Dr. R. Singh,Resolved
DX01541,P1596,I25.10,Atherosclerotic heart disease,2022-06-06,Dr. A. Patel,Active
DX01542,P1597,N18.3,"Chronic kidney disease, stage 3",2024-03-10,Dr. Y. Tanaka,Monitoring
DX01543,P1597,J18.9,"Pneumonia, unspecified",2024-09-06,Dr. S. Khan,Active
DX01544,P1598,C34.10,Malignant neoplasm of upper lobe bronchus,2023-10-24,Dr. M. O'Brien,Active
DX01545,P1598,I25.10,Atherosclerotic heart disease,2024-02-28,Dr. R. Singh,Resolved
DX01546,P1598,J18.9,"Pneumonia, unspecified",2024-10-09,Dr. C. Müller,Resolved
DX01547,P1598,E11.9,Type 2 Diabetes Mellitus without complications,2024-04-27,Dr. R. Singh,Active
DX01548,P1599,F32.1,"Major depressive disorder, moderate",2024-10-15,Dr. Y. Tanaka,Monitoring
DX01549,P1599,M06.9,"Rheumatoid arthritis, unspecified",2023-04-17,Dr. C. Müller,Active
DX01550,P1600,E78.5,"Hyperlipidaemia, unspecified",2023-03-26,Dr. S. Khan,Active
DX01551,P1600,K21.0,Gastro-oesophageal reflux disease,2024-01-11,Dr. A. Patel,Active
DX01552,P1600,E03.9,"Hypothyroidism, unspecified",2022-02-05,Dr. R. Singh,Monitoring
DX01553,P1600,C34.10,Malignant neoplasm of upper lobe bronchus,2024-08-28,Dr. M. O'Brien,Active
DX01554,P1601,M06.9,"Rheumatoid arthritis, unspecified",2023-12-17,Dr. R. Singh,Active
DX01555,P1602,M54.5,Low back pain,2024-05-12,Dr. J. Nkosi,Active
DX01556,P1602,J18.9,"Pneumonia, unspecified",2023-04-05,Dr. A. Patel,Monitoring
DX01557,P1602,E78.5,"Hyperlipidaemia, unspecified",2022-10-10,Dr. S. Khan,Monitoring
DX01558,P1603,F32.1,"Major depressive disorder, moderate",2022-02-23,Dr. C. Müller,Resolved
DX01559,P1603,C34.10,Malignant neoplasm of upper lobe bronchus,2022-04-21,Dr. S. Khan,Monitoring
DX01560,P1604,M54.5,Low back pain,2022-11-20,Dr. A. Patel,Active
DX01561,P1605,J18.9,"Pneumonia, unspecified",2022-06-07,Dr. A. Patel,Monitoring
DX01562,P1605,E11.9,Type 2 Diabetes Mellitus without complications,2024-05-02,Dr. M. O'Brien,Active
DX01563,P1605,J45.9,"Asthma, unspecified",2024-08-20,Dr. M. O'Brien,Monitoring
DX01564,P1606,M54.5,Low back pain,2023-11-22,Dr. Y. Tanaka,Monitoring
DX01565,P1606,F32.1,"Major depressive disorder, moderate",2022-01-28,Dr. L. Torres,Active
DX01566,P1606,C34.10,Malignant neoplasm of upper lobe bronchus,2022-11-16,Dr. A. Patel,Monitoring
DX01567,P1607,K21.0,Gastro-oesophageal reflux disease,2022-12-22,Dr. M. O'Brien,Active
DX01568,P1608,G40.9,"Epilepsy, unspecified",2023-06-13,Dr. L. Torres,Monitoring
DX01569,P1608,F32.1,"Major depressive disorder, moderate",2023-04-11,Dr. C. Müller,Active
DX01570,P1608,I63.9,"Cerebral infarction, unspecified",2023-07-11,Dr. S. Khan,Monitoring
DX01571,P1608,M54.5,Low back pain,2024-02-13,Dr. M. O'Brien,Monitoring
DX01572,P1609,F32.1,"Major depressive disorder, moderate",2022-04-25,Dr. J. Nkosi,Resolved
DX01573,P1609,K21.0,Gastro-oesophageal reflux disease,2023-01-12,Dr. S. Khan,Monitoring
DX01574,P1610,M54.5,Low back pain,2024-04-09,Dr. C. Müller,Active
DX01575,P1610,N18.3,"Chronic kidney disease, stage 3",2022-04-22,Dr. R. Singh,Monitoring
DX01576,P1610,I63.9,"Cerebral infarction, unspecified",2024-05-18,Dr. J. Nkosi,Resolved
DX01577,P1610,E03.9,"Hypothyroidism, unspecified",2022-08-11,Dr. S. Khan,Active
DX01578,P1611,K21.0,Gastro-oesophageal reflux disease,2022-02-27,Dr. J. Nkosi,Resolved
DX01579,P1611,E03.9,"Hypothyroidism, unspecified",2022-11-30,Dr. S. Khan,Active
DX01580,P1611,N18.3,"Chronic kidney disease, stage 3",2023-03-10,Dr. A. Patel,Resolved
DX01581,P1612,E78.5,"Hyperlipidaemia, unspecified",2022-03-08,Dr. J. Nkosi,Resolved
DX01582,P1612,J45.9,"Asthma, unspecified",2022-06-24,Dr. A. Patel,Monitoring
DX01583,P1613,I10,Essential Hypertension,2023-09-25,Dr. A. Patel,Resolved
DX01584,P1613,M06.9,"Rheumatoid arthritis, unspecified",2023-08-02,Dr. C. Müller,Monitoring
DX01585,P1613,N18.3,"Chronic kidney disease, stage 3",2023-02-04,Dr. R. Singh,Resolved
DX01586,P1613,E11.9,Type 2 Diabetes Mellitus without complications,2023-12-30,Dr. M. O'Brien,Monitoring
DX01587,P1614,N18.3,"Chronic kidney disease, stage 3",2024-04-14,Dr. S. Khan,Monitoring
DX01588,P1615,I10,Essential Hypertension,2024-02-22,Dr. Y. Tanaka,Monitoring
DX01589,P1615,K21.0,Gastro-oesophageal reflux disease,2022-03-18,Dr. L. Torres,Active
DX01590,P1616,I63.9,"Cerebral infarction, unspecified",2022-06-11,Dr. S. Khan,Monitoring
DX01591,P1616,M54.5,Low back pain,2023-04-20,Dr. J. Nkosi,Monitoring
DX01592,P1617,E03.9,"Hypothyroidism, unspecified",2022-11-26,Dr. R. Singh,Resolved
DX01593,P1617,C34.10,Malignant neoplasm of upper lobe bronchus,2022-09-26,Dr. R. Singh,Resolved
DX01594,P1618,K21.0,Gastro-oesophageal reflux disease,2022-03-23,Dr. C. Müller,Active
DX01595,P1618,G40.9,"Epilepsy, unspecified",2023-03-04,Dr. S. Khan,Active
DX01596,P1618,F32.1,"Major depressive disorder, moderate",2024-10-15,Dr. S. Khan,Active
DX01597,P1619,E03.9,"Hypothyroidism, unspecified",2023-09-26,Dr. S. Khan,Resolved
DX01598,P1619,G40.9,"Epilepsy, unspecified",2022-07-12,Dr. Y. Tanaka,Resolved
DX01599,P1620,M06.9,"Rheumatoid arthritis, unspecified",2022-11-27,Dr. S. Khan,Resolved
DX01600,P1620,I25.10,Atherosclerotic heart disease,2024-01-15,Dr. R. Singh,Active
DX01601,P1621,J18.9,"Pneumonia, unspecified",2024-08-01,Dr. L. Torres,Resolved
DX01602,P1622,E03.9,"Hypothyroidism, unspecified",2022-10-15,Dr. S. Khan,Monitoring
DX01603,P1622,M54.5,Low back pain,2024-09-26,Dr. A. Patel,Resolved
DX01604,P1622,I63.9,"Cerebral infarction, unspecified",2023-08-11,Dr. C. Müller,Resolved
DX01605,P1623,M54.5,Low back pain,2024-11-15,Dr. R. Singh,Resolved
DX01606,P1623,N18.3,"Chronic kidney disease, stage 3",2022-06-20,Dr. C. Müller,Monitoring
DX01607,P1624,I25.10,Atherosclerotic heart disease,2022-04-27,Dr. J. Nkosi,Monitoring
DX01608,P1624,I63.9,"Cerebral infarction, unspecified",2022-01-17,Dr. M. O'Brien,Active
DX01609,P1624,I10,Essential Hypertension,2023-08-19,Dr. C. Müller,Active
DX01610,P1624,K21.0,Gastro-oesophageal reflux disease,2024-03-28,Dr. S. Khan,Active
DX01611,P1625,G40.9,"Epilepsy, unspecified",2023-12-16,Dr. Y. Tanaka,Resolved
DX01612,P1625,M54.5,Low back pain,2024-12-31,Dr. Y. Tanaka,Active
DX01613,P1625,I63.9,"Cerebral infarction, unspecified",2022-06-25,Dr. M. O'Brien,Monitoring
DX01614,P1625,E11.9,Type 2 Diabetes Mellitus without complications,2022-08-10,Dr. C. Müller,Resolved
DX01615,P1626,F32.1,"Major depressive disorder, moderate",2022-05-13,Dr. R. Singh,Resolved
DX01616,P1626,N18.3,"Chronic kidney disease, stage 3",2024-09-22,Dr. J. Nkosi,Monitoring
DX01617,P1627,E11.9,Type 2 Diabetes Mellitus without complications,2022-11-15,Dr. Y. Tanaka,Active
DX01618,P1627,I25.10,Atherosclerotic heart disease,2023-03-14,Dr. R. Singh,Monitoring
DX01619,P1627,M54.5,Low back pain,2022-03-06,Dr. C. Müller,Active
DX01620,P1627,I10,Essential Hypertension,2024-01-11,Dr. C. Müller,Resolved
DX01621,P1628,I10,Essential Hypertension,2022-02-16,Dr. C. Müller,Resolved
DX01622,P1628,J45.9,"Asthma, unspecified",2023-06-01,Dr. M. O'Brien,Active
DX01623,P1629,E11.9,Type 2 Diabetes Mellitus without complications,2024-04-09,Dr. S. Khan,Resolved
DX01624,P1629,I25.10,Atherosclerotic heart disease,2024-07-13,Dr. C. Müller,Monitoring
DX01625,P1630,I63.9,"Cerebral infarction, unspecified",2023-01-12,Dr. A. Patel,Active
DX01626,P1630,I25.10,Atherosclerotic heart disease,2024-05-27,Dr. R. Singh,Resolved
DX01627,P1631,J45.9,"Asthma, unspecified",2024-05-08,Dr. Y. Tanaka,Resolved
DX01628,P1631,N18.3,"Chronic kidney disease, stage 3",2022-11-26,Dr. C. Müller,Resolved
DX01629,P1632,G40.9,"Epilepsy, unspecified",2023-02-11,Dr. S. Khan,Monitoring
DX01630,P1632,I10,Essential Hypertension,2022-10-24,Dr. R. Singh,Monitoring
DX01631,P1632,E78.5,"Hyperlipidaemia, unspecified",2023-10-11,Dr. A. Patel,Active
DX01632,P1632,K21.0,Gastro-oesophageal reflux disease,2024-07-28,Dr. M. O'Brien,Resolved
DX01633,P1633,E11.9,Type 2 Diabetes Mellitus without complications,2024-04-12,Dr. L. Torres,Monitoring
DX01634,P1633,E03.9,"Hypothyroidism, unspecified",2022-01-08,Dr. Y. Tanaka,Active
DX01635,P1633,I63.9,"Cerebral infarction, unspecified",2024-07-09,Dr. S. Khan,Active
DX01636,P1634,C34.10,Malignant neoplasm of upper lobe bronchus,2024-05-10,Dr. M. O'Brien,Monitoring
DX01637,P1634,J45.9,"Asthma, unspecified",2024-02-13,Dr. J. Nkosi,Resolved
DX01638,P1635,J45.9,"Asthma, unspecified",2022-01-30,Dr. R. Singh,Resolved
DX01639,P1635,I63.9,"Cerebral infarction, unspecified",2022-02-03,Dr. L. Torres,Resolved
DX01640,P1636,C34.10,Malignant neoplasm of upper lobe bronchus,2024-10-19,Dr. Y. Tanaka,Resolved
DX01641,P1637,N18.3,"Chronic kidney disease, stage 3",2024-12-07,Dr. R. Singh,Active
DX01642,P1637,M06.9,"Rheumatoid arthritis, unspecified",2022-12-27,Dr. Y. Tanaka,Resolved
DX01643,P1637,E78.5,"Hyperlipidaemia, unspecified",2024-02-04,Dr. M. O'Brien,Monitoring
DX01644,P1637,F32.1,"Major depressive disorder, moderate",2022-11-30,Dr. C. Müller,Resolved
DX01645,P1638,G40.9,"Epilepsy, unspecified",2024-06-14,Dr. L. Torres,Monitoring
DX01646,P1638,I63.9,"Cerebral infarction, unspecified",2022-07-23,Dr. S. Khan,Active
DX01647,P1638,C34.10,Malignant neoplasm of upper lobe bronchus,2022-07-03,Dr. A. Patel,Monitoring
DX01648,P1639,E11.9,Type 2 Diabetes Mellitus without complications,2022-07-24,Dr. Y. Tanaka,Monitoring
DX01649,P1639,M54.5,Low back pain,2022-03-08,Dr. L. Torres,Resolved
DX01650,P1639,C34.10,Malignant neoplasm of upper lobe bronchus,2023-03-10,Dr. J. Nkosi,Resolved
DX01651,P1639,K21.0,Gastro-oesophageal reflux disease,2024-02-20,Dr. S. Khan,Active
DX01652,P1640,E11.9,Type 2 Diabetes Mellitus without complications,2024-04-25,Dr. C. Müller,Active
DX01653,P1640,N18.3,"Chronic kidney disease, stage 3",2024-02-07,Dr. J. Nkosi,Monitoring
DX01654,P1640,E03.9,"Hypothyroidism, unspecified",2023-08-04,Dr. L. Torres,Monitoring
DX01655,P1640,M54.5,Low back pain,2023-06-26,Dr. L. Torres,Resolved
DX01656,P1641,I10,Essential Hypertension,2022-03-08,Dr. A. Patel,Active
DX01657,P1641,F32.1,"Major depressive disorder, moderate",2022-11-11,Dr. R. Singh,Monitoring
DX01658,P1642,N18.3,"Chronic kidney disease, stage 3",2024-05-30,Dr. J. Nkosi,Monitoring
DX01659,P1642,J18.9,"Pneumonia, unspecified",2024-03-12,Dr. J. Nkosi,Monitoring
DX01660,P1642,K21.0,Gastro-oesophageal reflux disease,2024-03-16,Dr. A. Patel,Monitoring
DX01661,P1643,J18.9,"Pneumonia, unspecified",2022-12-22,Dr. C. Müller,Resolved
DX01662,P1643,I63.9,"Cerebral infarction, unspecified",2024-11-25,Dr. M. O'Brien,Resolved
DX01663,P1643,F32.1,"Major depressive disorder, moderate",2023-04-19,Dr. S. Khan,Monitoring
DX01664,P1643,C34.10,Malignant neoplasm of upper lobe bronchus,2022-09-16,Dr. S. Khan,Monitoring
DX01665,P1644,G40.9,"Epilepsy, unspecified",2022-11-22,Dr. R. Singh,Active
DX01666,P1644,E03.9,"Hypothyroidism, unspecified",2022-07-10,Dr. S. Khan,Active
DX01667,P1644,I63.9,"Cerebral infarction, unspecified",2024-06-14,Dr. A. Patel,Monitoring
DX01668,P1644,I25.10,Atherosclerotic heart disease,2022-11-10,Dr. A. Patel,Monitoring
DX01669,P1645,K21.0,Gastro-oesophageal reflux disease,2024-02-23,Dr. A. Patel,Monitoring
DX01670,P1646,M54.5,Low back pain,2024-01-04,Dr. M. O'Brien,Active
DX01671,P1646,I63.9,"Cerebral infarction, unspecified",2023-03-31,Dr. L. Torres,Active
DX01672,P1647,C34.10,Malignant neoplasm of upper lobe bronchus,2024-02-14,Dr. L. Torres,Monitoring
DX01673,P1647,E03.9,"Hypothyroidism, unspecified",2022-04-16,Dr. L. Torres,Active
DX01674,P1648,I63.9,"Cerebral infarction, unspecified",2022-07-31,Dr. S. Khan,Resolved
DX01675,P1648,I10,Essential Hypertension,2022-09-09,Dr. S. Khan,Active
DX01676,P1649,I25.10,Atherosclerotic heart disease,2022-06-08,Dr. Y. Tanaka,Resolved
DX01677,P1649,J18.9,"Pneumonia, unspecified",2023-03-02,Dr. C. Müller,Active
DX01678,P1649,E11.9,Type 2 Diabetes Mellitus without complications,2024-10-02,Dr. A. Patel,Resolved
DX01679,P1650,M54.5,Low back pain,2022-06-06,Dr. J. Nkosi,Monitoring
DX01680,P1651,F32.1,"Major depressive disorder, moderate",2022-11-26,Dr. M. O'Brien,Resolved
DX01681,P1651,N18.3,"Chronic kidney disease, stage 3",2022-01-21,Dr. M. O'Brien,Monitoring
DX01682,P1651,I63.9,"Cerebral infarction, unspecified",2022-03-06,Dr. S. Khan,Resolved
DX01683,P1651,M54.5,Low back pain,2023-12-12,Dr. Y. Tanaka,Monitoring
DX01684,P1652,J18.9,"Pneumonia, unspecified",2024-12-04,Dr. L. Torres,Active
DX01685,P1653,K21.0,Gastro-oesophageal reflux disease,2022-02-17,Dr. M. O'Brien,Active
DX01686,P1653,I10,Essential Hypertension,2024-01-18,Dr. S. Khan,Active
DX01687,P1654,N18.3,"Chronic kidney disease, stage 3",2022-10-11,Dr. J. Nkosi,Active
DX01688,P1655,I25.10,Atherosclerotic heart disease,2024-09-13,Dr. J. Nkosi,Active
DX01689,P1655,M06.9,"Rheumatoid arthritis, unspecified",2023-12-15,Dr. L. Torres,Resolved
DX01690,P1656,F32.1,"Major depressive disorder, moderate",2023-05-28,Dr. M. O'Brien,Active
DX01691,P1656,E78.5,"Hyperlipidaemia, unspecified",2023-07-30,Dr. C. Müller,Active
DX01692,P1656,M06.9,"Rheumatoid arthritis, unspecified",2023-10-01,Dr. M. O'Brien,Active
DX01693,P1656,J45.9,"Asthma, unspecified",2024-09-26,Dr. C. Müller,Resolved
DX01694,P1657,K21.0,Gastro-oesophageal reflux disease,2022-08-09,Dr. C. Müller,Resolved
DX01695,P1657,C34.10,Malignant neoplasm of upper lobe bronchus,2023-02-14,Dr. R. Singh,Resolved
DX01696,P1657,I25.10,Atherosclerotic heart disease,2022-05-12,Dr. Y. Tanaka,Active
DX01697,P1657,N18.3,"Chronic kidney disease, stage 3",2022-03-11,Dr. L. Torres,Monitoring
DX01698,P1658,I25.10,Atherosclerotic heart disease,2023-12-23,Dr. C. Müller,Active
DX01699,P1658,K21.0,Gastro-oesophageal reflux disease,2022-08-23,Dr. M. O'Brien,Resolved
DX01700,P1658,I63.9,"Cerebral infarction, unspecified",2024-05-29,Dr. M. O'Brien,Resolved
DX01701,P1658,E78.5,"Hyperlipidaemia, unspecified",2023-05-18,Dr. S. Khan,Active
DX01702,P1659,N18.3,"Chronic kidney disease, stage 3",2023-10-06,Dr. S. Khan,Active
DX01703,P1659,J18.9,"Pneumonia, unspecified",2023-10-15,Dr. A. Patel,Monitoring
DX01704,P1659,E03.9,"Hypothyroidism, unspecified",2023-11-05,Dr. J. Nkosi,Resolved
DX01705,P1660,M06.9,"Rheumatoid arthritis, unspecified",2022-05-16,Dr. C. Müller,Resolved
DX01706,P1660,J45.9,"Asthma, unspecified",2023-03-11,Dr. J. Nkosi,Active
DX01707,P1660,E78.5,"Hyperlipidaemia, unspecified",2023-07-24,Dr. S. Khan,Monitoring
DX01708,P1661,I63.9,"Cerebral infarction, unspecified",2023-10-18,Dr. J. Nkosi,Active
DX01709,P1661,E03.9,"Hypothyroidism, unspecified",2022-04-12,Dr. Y. Tanaka,Resolved
DX01710,P1661,F32.1,"Major depressive disorder, moderate",2022-04-06,Dr. L. Torres,Resolved
DX01711,P1661,N18.3,"Chronic kidney disease, stage 3",2022-09-02,Dr. S. Khan,Resolved
DX01712,P1662,K21.0,Gastro-oesophageal reflux disease,2024-02-24,Dr. J. Nkosi,Monitoring
DX01713,P1662,N18.3,"Chronic kidney disease, stage 3",2022-02-13,Dr. L. Torres,Active
DX01714,P1663,M06.9,"Rheumatoid arthritis, unspecified",2024-08-03,Dr. L. Torres,Active
DX01715,P1664,I10,Essential Hypertension,2023-11-22,Dr. A. Patel,Active
DX01716,P1664,E78.5,"Hyperlipidaemia, unspecified",2024-08-20,Dr. S. Khan,Resolved
DX01717,P1664,G40.9,"Epilepsy, unspecified",2023-09-09,Dr. L. Torres,Resolved
DX01718,P1664,M06.9,"Rheumatoid arthritis, unspecified",2023-12-10,Dr. C. Müller,Active
DX01719,P1665,M54.5,Low back pain,2024-03-16,Dr. L. Torres,Monitoring
DX01720,P1665,K21.0,Gastro-oesophageal reflux disease,2024-07-19,Dr. Y. Tanaka,Monitoring
DX01721,P1665,I10,Essential Hypertension,2022-09-06,Dr. R. Singh,Monitoring
DX01722,P1666,I10,Essential Hypertension,2023-04-04,Dr. A. Patel,Active
DX01723,P1667,E11.9,Type 2 Diabetes Mellitus without complications,2024-06-11,Dr. J. Nkosi,Active
DX01724,P1667,N18.3,"Chronic kidney disease, stage 3",2022-06-30,Dr. J. Nkosi,Monitoring
DX01725,P1668,G40.9,"Epilepsy, unspecified",2022-04-18,Dr. L. Torres,Active
DX01726,P1668,E78.5,"Hyperlipidaemia, unspecified",2022-08-15,Dr. A. Patel,Resolved
DX01727,P1668,I10,Essential Hypertension,2022-06-03,Dr. L. Torres,Resolved
DX01728,P1669,I25.10,Atherosclerotic heart disease,2024-08-01,Dr. S. Khan,Active
DX01729,P1669,C34.10,Malignant neoplasm of upper lobe bronchus,2023-10-16,Dr. M. O'Brien,Monitoring
DX01730,P1669,J18.9,"Pneumonia, unspecified",2024-04-26,Dr. Y. Tanaka,Monitoring
DX01731,P1669,E03.9,"Hypothyroidism, unspecified",2022-09-08,Dr. J. Nkosi,Monitoring
DX01732,P1670,I63.9,"Cerebral infarction, unspecified",2024-09-15,Dr. J. Nkosi,Active
DX01733,P1670,M54.5,Low back pain,2023-06-25,Dr. L. Torres,Monitoring
DX01734,P1670,I25.10,Atherosclerotic heart disease,2022-06-19,Dr. R. Singh,Monitoring
DX01735,P1670,N18.3,"Chronic kidney disease, stage 3",2023-05-12,Dr. J. Nkosi,Monitoring
DX01736,P1671,E11.9,Type 2 Diabetes Mellitus without complications,2024-10-09,Dr. A. Patel,Active
DX01737,P1672,I63.9,"Cerebral infarction, unspecified",2023-03-19,Dr. Y. Tanaka,Resolved
DX01738,P1673,M54.5,Low back pain,2023-11-29,Dr. J. Nkosi,Monitoring
DX01739,P1673,E11.9,Type 2 Diabetes Mellitus without complications,2024-12-16,Dr. R. Singh,Resolved
DX01740,P1674,I63.9,"Cerebral infarction, unspecified",2022-09-24,Dr. J. Nkosi,Resolved
DX01741,P1674,J18.9,"Pneumonia, unspecified",2024-02-29,Dr. Y. Tanaka,Monitoring
DX01742,P1674,E78.5,"Hyperlipidaemia, unspecified",2024-11-17,Dr. J. Nkosi,Resolved
DX01743,P1674,E11.9,Type 2 Diabetes Mellitus without complications,2023-01-20,Dr. S. Khan,Resolved
DX01744,P1675,J18.9,"Pneumonia, unspecified",2022-07-29,Dr. M. O'Brien,Resolved
DX01745,P1675,I63.9,"Cerebral infarction, unspecified",2022-08-08,Dr. S. Khan,Active
DX01746,P1675,I25.10,Atherosclerotic heart disease,2022-02-03,Dr. Y. Tanaka,Active
DX01747,P1675,K21.0,Gastro-oesophageal reflux disease,2023-07-01,Dr. A. Patel,Resolved
DX01748,P1676,N18.3,"Chronic kidney disease, stage 3",2022-06-22,Dr. R. Singh,Resolved
DX01749,P1676,I25.10,Atherosclerotic heart disease,2023-03-11,Dr. M. O'Brien,Resolved
DX01750,P1676,E11.9,Type 2 Diabetes Mellitus without complications,2024-10-25,Dr. C. Müller,Monitoring
DX01751,P1676,E78.5,"Hyperlipidaemia, unspecified",2023-11-15,Dr. A. Patel,Resolved
DX01752,P1677,N18.3,"Chronic kidney disease, stage 3",2024-02-23,Dr. C. Müller,Active
DX01753,P1677,E11.9,Type 2 Diabetes Mellitus without complications,2023-08-26,Dr. J. Nkosi,Resolved
DX01754,P1677,I10,Essential Hypertension,2022-12-28,Dr. L. Torres,Monitoring
DX01755,P1678,E78.5,"Hyperlipidaemia, unspecified",2022-04-13,Dr. J. Nkosi,Active
DX01756,P1678,F32.1,"Major depressive disorder, moderate",2023-03-26,Dr. S. Khan,Active
DX01757,P1678,E11.9,Type 2 Diabetes Mellitus without complications,2022-03-15,Dr. L. Torres,Active
DX01758,P1678,I63.9,"Cerebral infarction, unspecified",2022-05-15,Dr. S. Khan,Resolved
DX01759,P1679,M06.9,"Rheumatoid arthritis, unspecified",2024-04-08,Dr. C. Müller,Resolved
DX01760,P1679,K21.0,Gastro-oesophageal reflux disease,2022-07-27,Dr. J. Nkosi,Monitoring
DX01761,P1680,M54.5,Low back pain,2023-02-21,Dr. R. Singh,Monitoring
DX01762,P1680,J45.9,"Asthma, unspecified",2023-08-13,Dr. L. Torres,Monitoring
DX01763,P1680,J18.9,"Pneumonia, unspecified",2022-01-07,Dr. S. Khan,Active
DX01764,P1681,C34.10,Malignant neoplasm of upper lobe bronchus,2022-12-15,Dr. R. Singh,Monitoring
DX01765,P1681,I25.10,Atherosclerotic heart disease,2022-05-23,Dr. M. O'Brien,Active
DX01766,P1681,M06.9,"Rheumatoid arthritis, unspecified",2023-11-12,Dr. Y. Tanaka,Active
DX01767,P1681,J45.9,"Asthma, unspecified",2022-01-27,Dr. Y. Tanaka,Resolved
DX01768,P1682,I10,Essential Hypertension,2022-06-07,Dr. M. O'Brien,Monitoring
DX01769,P1682,J18.9,"Pneumonia, unspecified",2022-01-20,Dr. R. Singh,Resolved
DX01770,P1682,I25.10,Atherosclerotic heart disease,2022-01-03,Dr. Y. Tanaka,Active
DX01771,P1683,E11.9,Type 2 Diabetes Mellitus without complications,2023-08-19,Dr. J. Nkosi,Monitoring
DX01772,P1683,I10,Essential Hypertension,2024-10-27,Dr. M. O'Brien,Active
DX01773,P1683,G40.9,"Epilepsy, unspecified",2022-07-12,Dr. S. Khan,Resolved
DX01774,P1683,K21.0,Gastro-oesophageal reflux disease,2023-11-19,Dr. Y. Tanaka,Resolved
DX01775,P1684,E78.5,"Hyperlipidaemia, unspecified",2024-09-23,Dr. L. Torres,Resolved
DX01776,P1684,I25.10,Atherosclerotic heart disease,2024-07-28,Dr. A. Patel,Resolved
DX01777,P1684,I63.9,"Cerebral infarction, unspecified",2023-09-09,Dr. R. Singh,Monitoring
DX01778,P1685,E11.9,Type 2 Diabetes Mellitus without complications,2022-02-12,Dr. M. O'Brien,Resolved
DX01779,P1685,I25.10,Atherosclerotic heart disease,2023-03-28,Dr. M. O'Brien,Resolved
DX01780,P1685,I63.9,"Cerebral infarction, unspecified",2024-10-16,Dr. A. Patel,Active
DX01781,P1685,E78.5,"Hyperlipidaemia, unspecified",2024-06-01,Dr. R. Singh,Active
DX01782,P1686,J45.9,"Asthma, unspecified",2024-02-13,Dr. S. Khan,Resolved
DX01783,P1687,M06.9,"Rheumatoid arthritis, unspecified",2023-12-16,Dr. R. Singh,Resolved
DX01784,P1687,E78.5,"Hyperlipidaemia, unspecified",2024-05-04,Dr. L. Torres,Resolved
DX01785,P1687,J18.9,"Pneumonia, unspecified",2023-01-26,Dr. A. Patel,Monitoring
DX01786,P1687,I25.10,Atherosclerotic heart disease,2024-12-01,Dr. R. Singh,Monitoring
DX01787,P1688,F32.1,"Major depressive disorder, moderate",2024-07-20,Dr. R. Singh,Resolved
DX01788,P1689,I10,Essential Hypertension,2024-10-18,Dr. M. O'Brien,Resolved
DX01789,P1690,E78.5,"Hyperlipidaemia, unspecified",2022-11-30,Dr. L. Torres,Resolved
DX01790,P1690,I25.10,Atherosclerotic heart disease,2023-08-14,Dr. S. Khan,Resolved
DX01791,P1691,M54.5,Low back pain,2022-03-25,Dr. J. Nkosi,Resolved
DX01792,P1692,I10,Essential Hypertension,2024-09-27,Dr. L. Torres,Active
DX01793,P1693,N18.3,"Chronic kidney disease, stage 3",2023-05-30,Dr. M. O'Brien,Resolved
DX01794,P1693,I63.9,"Cerebral infarction, unspecified",2023-08-04,Dr. M. O'Brien,Active
DX01795,P1693,I10,Essential Hypertension,2023-07-09,Dr. M. O'Brien,Monitoring
DX01796,P1693,E03.9,"Hypothyroidism, unspecified",2023-02-07,Dr. C. Müller,Monitoring
DX01797,P1694,I25.10,Atherosclerotic heart disease,2023-03-25,Dr. A. Patel,Resolved
DX01798,P1695,J45.9,"Asthma, unspecified",2024-03-02,Dr. C. Müller,Resolved
DX01799,P1695,E03.9,"Hypothyroidism, unspecified",2022-07-20,Dr. L. Torres,Resolved
DX01800,P1695,I63.9,"Cerebral infarction, unspecified",2023-09-29,Dr. M. O'Brien,Monitoring
DX01801,P1696,I63.9,"Cerebral infarction, unspecified",2022-10-13,Dr. J. Nkosi,Resolved
DX01802,P1696,N18.3,"Chronic kidney disease, stage 3",2022-10-05,Dr. C. Müller,Monitoring
DX01803,P1696,E03.9,"Hypothyroidism, unspecified",2023-02-13,Dr. L. Torres,Resolved
DX01804,P1696,K21.0,Gastro-oesophageal reflux disease,2022-06-25,Dr. L. Torres,Monitoring
DX01805,P1697,E78.5,"Hyperlipidaemia, unspecified",2022-07-16,Dr. M. O'Brien,Monitoring
DX01806,P1697,J18.9,"Pneumonia, unspecified",2024-06-24,Dr. R. Singh,Monitoring
DX01807,P1697,F32.1,"Major depressive disorder, moderate",2024-01-03,Dr. Y. Tanaka,Resolved
DX01808,P1697,E03.9,"Hypothyroidism, unspecified",2024-05-25,Dr. Y. Tanaka,Resolved
DX01809,P1698,M54.5,Low back pain,2024-05-12,Dr. S. Khan,Active
DX01810,P1698,I10,Essential Hypertension,2023-09-12,Dr. J. Nkosi,Monitoring
DX01811,P1698,E78.5,"Hyperlipidaemia, unspecified",2024-11-14,Dr. R. Singh,Active
DX01812,P1698,G40.9,"Epilepsy, unspecified",2023-08-24,Dr. A. Patel,Resolved
DX01813,P1699,F32.1,"Major depressive disorder, moderate",2022-01-13,Dr. Y. Tanaka,Monitoring
DX01814,P1699,I63.9,"Cerebral infarction, unspecified",2024-07-31,Dr. A. Patel,Active
DX01815,P1700,I25.10,Atherosclerotic heart disease,2022-08-08,Dr. R. Singh,Monitoring
DX01816,P1701,G40.9,"Epilepsy, unspecified",2023-08-19,Dr. Y. Tanaka,Monitoring
DX01817,P1702,G40.9,"Epilepsy, unspecified",2024-11-12,Dr. A. Patel,Monitoring
DX01818,P1702,I10,Essential Hypertension,2023-02-24,Dr. M. O'Brien,Monitoring
DX01819,P1702,E11.9,Type 2 Diabetes Mellitus without complications,2024-10-11,Dr. M. O'Brien,Active
DX01820,P1703,I25.10,Atherosclerotic heart disease,2023-09-29,Dr. A. Patel,Resolved
DX01821,P1703,I63.9,"Cerebral infarction, unspecified",2023-02-16,Dr. S. Khan,Active
DX01822,P1704,J18.9,"Pneumonia, unspecified",2022-09-05,Dr. S. Khan,Active
DX01823,P1705,E11.9,Type 2 Diabetes Mellitus without complications,2022-02-20,Dr. Y. Tanaka,Resolved
DX01824,P1705,M54.5,Low back pain,2022-04-24,Dr. S. Khan,Resolved
DX01825,P1706,M54.5,Low back pain,2023-06-18,Dr. Y. Tanaka,Monitoring
DX01826,P1706,J18.9,"Pneumonia, unspecified",2022-09-10,Dr. C. Müller,Active
DX01827,P1706,J45.9,"Asthma, unspecified",2022-02-14,Dr. M. O'Brien,Active
DX01828,P1706,E78.5,"Hyperlipidaemia, unspecified",2023-05-08,Dr. M. O'Brien,Monitoring
DX01829,P1707,M54.5,Low back pain,2023-08-17,Dr. L. Torres,Monitoring
DX01830,P1707,M06.9,"Rheumatoid arthritis, unspecified",2022-07-24,Dr. Y. Tanaka,Resolved
DX01831,P1708,F32.1,"Major depressive disorder, moderate",2022-08-08,Dr. Y. Tanaka,Resolved
DX01832,P1708,M06.9,"Rheumatoid arthritis, unspecified",2024-05-20,Dr. M. O'Brien,Active
DX01833,P1708,C34.10,Malignant neoplasm of upper lobe bronchus,2023-08-04,Dr. Y. Tanaka,Active
DX01834,P1709,I10,Essential Hypertension,2024-06-29,Dr. A. Patel,Resolved
DX01835,P1709,K21.0,Gastro-oesophageal reflux disease,2022-10-13,Dr. Y. Tanaka,Monitoring
DX01836,P1709,I25.10,Atherosclerotic heart disease,2024-07-27,Dr. L. Torres,Active
DX01837,P1709,M06.9,"Rheumatoid arthritis, unspecified",2022-11-21,Dr. R. Singh,Monitoring
DX01838,P1710,N18.3,"Chronic kidney disease, stage 3",2024-12-11,Dr. C. Müller,Monitoring
DX01839,P1710,C34.10,Malignant neoplasm of upper lobe bronchus,2022-05-09,Dr. M. O'Brien,Monitoring
DX01840,P1711,N18.3,"Chronic kidney disease, stage 3",2023-11-26,Dr. Y. Tanaka,Monitoring
DX01841,P1711,I63.9,"Cerebral infarction, unspecified",2022-10-14,Dr. L. Torres,Monitoring
DX01842,P1712,M06.9,"Rheumatoid arthritis, unspecified",2024-09-17,Dr. C. Müller,Resolved
DX01843,P1712,F32.1,"Major depressive disorder, moderate",2023-01-05,Dr. L. Torres,Active
DX01844,P1712,E11.9,Type 2 Diabetes Mellitus without complications,2023-10-26,Dr. R. Singh,Monitoring
DX01845,P1713,E11.9,Type 2 Diabetes Mellitus without complications,2022-11-22,Dr. J. Nkosi,Active
DX01846,P1713,I10,Essential Hypertension,2022-08-06,Dr. Y. Tanaka,Monitoring
DX01847,P1713,G40.9,"Epilepsy, unspecified",2024-09-02,Dr. R. Singh,Active
DX01848,P1713,C34.10,Malignant neoplasm of upper lobe bronchus,2023-04-30,Dr. S. Khan,Active
DX01849,P1714,E03.9,"Hypothyroidism, unspecified",2023-05-28,Dr. S. Khan,Active
DX01850,P1714,F32.1,"Major depressive disorder, moderate",2022-05-30,Dr. Y. Tanaka,Resolved
DX01851,P1714,E11.9,Type 2 Diabetes Mellitus without complications,2022-03-02,Dr. M. O'Brien,Resolved
DX01852,P1714,I10,Essential Hypertension,2022-08-09,Dr. Y. Tanaka,Resolved
DX01853,P1715,I63.9,"Cerebral infarction, unspecified",2023-02-14,Dr. J. Nkosi,Resolved
DX01854,P1715,K21.0,Gastro-oesophageal reflux disease,2024-10-02,Dr. Y. Tanaka,Monitoring
DX01855,P1716,J45.9,"Asthma, unspecified",2022-11-28,Dr. C. Müller,Monitoring
DX01856,P1716,M06.9,"Rheumatoid arthritis, unspecified",2023-01-29,Dr. S. Khan,Monitoring
DX01857,P1716,C34.10,Malignant neoplasm of upper lobe bronchus,2022-02-19,Dr. S. Khan,Active
DX01858,P1717,E03.9,"Hypothyroidism, unspecified",2022-10-15,Dr. A. Patel,Resolved
DX01859,P1718,K21.0,Gastro-oesophageal reflux disease,2023-01-15,Dr. Y. Tanaka,Active
DX01860,P1718,E78.5,"Hyperlipidaemia, unspecified",2023-03-01,Dr. Y. Tanaka,Monitoring
DX01861,P1718,E11.9,Type 2 Diabetes Mellitus without complications,2023-12-23,Dr. R. Singh,Monitoring
DX01862,P1718,N18.3,"Chronic kidney disease, stage 3",2022-10-10,Dr. S. Khan,Resolved
DX01863,P1719,I63.9,"Cerebral infarction, unspecified",2022-06-10,Dr. M. O'Brien,Monitoring
DX01864,P1719,F32.1,"Major depressive disorder, moderate",2023-09-03,Dr. S. Khan,Active
DX01865,P1719,E11.9,Type 2 Diabetes Mellitus without complications,2024-10-18,Dr. J. Nkosi,Active
DX01866,P1719,K21.0,Gastro-oesophageal reflux disease,2023-11-09,Dr. A. Patel,Active
DX01867,P1720,M06.9,"Rheumatoid arthritis, unspecified",2024-03-10,Dr. R. Singh,Active
DX01868,P1720,G40.9,"Epilepsy, unspecified",2022-11-20,Dr. L. Torres,Active
DX01869,P1720,I25.10,Atherosclerotic heart disease,2024-12-30,Dr. J. Nkosi,Monitoring
DX01870,P1721,F32.1,"Major depressive disorder, moderate",2022-08-16,Dr. Y. Tanaka,Resolved
DX01871,P1721,K21.0,Gastro-oesophageal reflux disease,2022-03-03,Dr. A. Patel,Resolved
DX01872,P1721,I10,Essential Hypertension,2024-05-13,Dr. L. Torres,Active
DX01873,P1722,M06.9,"Rheumatoid arthritis, unspecified",2022-10-13,Dr. J. Nkosi,Monitoring
DX01874,P1722,E03.9,"Hypothyroidism, unspecified",2023-11-07,Dr. A. Patel,Active
DX01875,P1722,I10,Essential Hypertension,2024-10-07,Dr. S. Khan,Monitoring
DX01876,P1723,N18.3,"Chronic kidney disease, stage 3",2022-05-25,Dr. C. Müller,Monitoring
DX01877,P1724,M06.9,"Rheumatoid arthritis, unspecified",2024-09-07,Dr. M. O'Brien,Resolved
DX01878,P1725,E11.9,Type 2 Diabetes Mellitus without complications,2022-03-14,Dr. Y. Tanaka,Monitoring
DX01879,P1726,I63.9,"Cerebral infarction, unspecified",2024-06-02,Dr. Y. Tanaka,Resolved
DX01880,P1726,N18.3,"Chronic kidney disease, stage 3",2023-04-12,Dr. A. Patel,Active
DX01881,P1727,E03.9,"Hypothyroidism, unspecified",2023-02-06,Dr. C. Müller,Monitoring
DX01882,P1728,E78.5,"Hyperlipidaemia, unspecified",2024-09-14,Dr. A. Patel,Resolved
DX01883,P1729,C34.10,Malignant neoplasm of upper lobe bronchus,2024-05-24,Dr. M. O'Brien,Active
DX01884,P1729,J18.9,"Pneumonia, unspecified",2024-06-15,Dr. S. Khan,Monitoring
DX01885,P1729,F32.1,"Major depressive disorder, moderate",2024-01-24,Dr. R. Singh,Active
DX01886,P1729,M06.9,"Rheumatoid arthritis, unspecified",2023-12-04,Dr. C. Müller,Active
DX01887,P1730,J45.9,"Asthma, unspecified",2022-01-21,Dr. J. Nkosi,Resolved
DX01888,P1730,E11.9,Type 2 Diabetes Mellitus without complications,2022-04-04,Dr. A. Patel,Monitoring
DX01889,P1731,G40.9,"Epilepsy, unspecified",2022-06-06,Dr. A. Patel,Active
DX01890,P1731,I10,Essential Hypertension,2024-06-17,Dr. M. O'Brien,Resolved
DX01891,P1732,N18.3,"Chronic kidney disease, stage 3",2023-12-18,Dr. J. Nkosi,Resolved
DX01892,P1733,K21.0,Gastro-oesophageal reflux disease,2024-09-07,Dr. S. Khan,Monitoring
DX01893,P1733,F32.1,"Major depressive disorder, moderate",2022-06-07,Dr. S. Khan,Resolved
DX01894,P1734,M54.5,Low back pain,2024-01-02,Dr. J. Nkosi,Resolved
DX01895,P1734,C34.10,Malignant neoplasm of upper lobe bronchus,2023-09-12,Dr. R. Singh,Monitoring
DX01896,P1735,G40.9,"Epilepsy, unspecified",2024-12-14,Dr. L. Torres,Resolved
DX01897,P1735,I63.9,"Cerebral infarction, unspecified",2024-10-28,Dr. S. Khan,Active
DX01898,P1735,J45.9,"Asthma, unspecified",2023-12-11,Dr. C. Müller,Monitoring
DX01899,P1736,I25.10,Atherosclerotic heart disease,2024-12-02,Dr. J. Nkosi,Resolved
DX01900,P1736,E11.9,Type 2 Diabetes Mellitus without complications,2023-03-08,Dr. S. Khan,Resolved
DX01901,P1736,J45.9,"Asthma, unspecified",2022-10-18,Dr. A. Patel,Active
DX01902,P1736,J18.9,"Pneumonia, unspecified",2024-06-20,Dr. Y. Tanaka,Active
DX01903,P1737,M54.5,Low back pain,2022-03-11,Dr. L. Torres,Resolved
DX01904,P1738,I25.10,Atherosclerotic heart disease,2023-07-26,Dr. C. Müller,Resolved
DX01905,P1738,G40.9,"Epilepsy, unspecified",2022-02-08,Dr. C. Müller,Resolved
DX01906,P1738,E11.9,Type 2 Diabetes Mellitus without complications,2024-06-28,Dr. A. Patel,Active
DX01907,P1738,I10,Essential Hypertension,2023-02-26,Dr. C. Müller,Active
DX01908,P1739,E78.5,"Hyperlipidaemia, unspecified",2022-03-06,Dr. R. Singh,Active
DX01909,P1739,I10,Essential Hypertension,2023-11-20,Dr. L. Torres,Monitoring
DX01910,P1739,I63.9,"Cerebral infarction, unspecified",2023-03-20,Dr. A. Patel,Resolved
DX01911,P1739,I25.10,Atherosclerotic heart disease,2024-06-07,Dr. C. Müller,Monitoring
DX01912,P1740,E03.9,"Hypothyroidism, unspecified",2022-08-12,Dr. C. Müller,Monitoring
DX01913,P1741,G40.9,"Epilepsy, unspecified",2024-05-18,Dr. L. Torres,Active
DX01914,P1741,E78.5,"Hyperlipidaemia, unspecified",2024-02-20,Dr. Y. Tanaka,Monitoring
DX01915,P1741,M54.5,Low back pain,2023-05-03,Dr. M. O'Brien,Active
DX01916,P1742,E03.9,"Hypothyroidism, unspecified",2022-06-25,Dr. J. Nkosi,Monitoring
DX01917,P1742,I63.9,"Cerebral infarction, unspecified",2023-08-29,Dr. R. Singh,Monitoring
DX01918,P1742,I25.10,Atherosclerotic heart disease,2024-03-19,Dr. A. Patel,Monitoring
DX01919,P1743,N18.3,"Chronic kidney disease, stage 3",2023-05-29,Dr. A. Patel,Active
DX01920,P1743,I25.10,Atherosclerotic heart disease,2023-09-21,Dr. R. Singh,Resolved
DX01921,P1743,I63.9,"Cerebral infarction, unspecified",2023-01-02,Dr. Y. Tanaka,Resolved
DX01922,P1744,M54.5,Low back pain,2022-01-19,Dr. Y. Tanaka,Active
DX01923,P1745,M54.5,Low back pain,2023-03-23,Dr. C. Müller,Active
DX01924,P1745,I63.9,"Cerebral infarction, unspecified",2022-06-12,Dr. L. Torres,Monitoring
DX01925,P1745,E78.5,"Hyperlipidaemia, unspecified",2023-10-06,Dr. S. Khan,Resolved
DX01926,P1746,I25.10,Atherosclerotic heart disease,2023-07-20,Dr. L. Torres,Resolved
DX01927,P1746,E03.9,"Hypothyroidism, unspecified",2022-09-18,Dr. J. Nkosi,Monitoring
DX01928,P1747,J18.9,"Pneumonia, unspecified",2022-04-12,Dr. J. Nkosi,Active
DX01929,P1747,G40.9,"Epilepsy, unspecified",2022-03-20,Dr. M. O'Brien,Monitoring
DX01930,P1748,K21.0,Gastro-oesophageal reflux disease,2023-04-12,Dr. A. Patel,Monitoring
DX01931,P1748,N18.3,"Chronic kidney disease, stage 3",2023-06-15,Dr. L. Torres,Active
DX01932,P1748,I10,Essential Hypertension,2023-12-25,Dr. A. Patel,Monitoring
DX01933,P1748,E78.5,"Hyperlipidaemia, unspecified",2023-04-26,Dr. R. Singh,Active
DX01934,P1749,E78.5,"Hyperlipidaemia, unspecified",2024-06-27,Dr. S. Khan,Monitoring
DX01935,P1750,J45.9,"Asthma, unspecified",2023-02-22,Dr. R. Singh,Monitoring
DX01936,P1751,G40.9,"Epilepsy, unspecified",2024-05-01,Dr. S. Khan,Monitoring
DX01937,P1751,M06.9,"Rheumatoid arthritis, unspecified",2024-05-23,Dr. L. Torres,Active
DX01938,P1751,I63.9,"Cerebral infarction, unspecified",2022-02-20,Dr. R. Singh,Monitoring
DX01939,P1752,N18.3,"Chronic kidney disease, stage 3",2024-02-07,Dr. Y. Tanaka,Resolved
DX01940,P1752,F32.1,"Major depressive disorder, moderate",2022-03-05,Dr. M. O'Brien,Resolved
DX01941,P1752,I63.9,"Cerebral infarction, unspecified",2022-04-02,Dr. L. Torres,Active
DX01942,P1753,E11.9,Type 2 Diabetes Mellitus without complications,2023-03-10,Dr. R. Singh,Monitoring
DX01943,P1754,J45.9,"Asthma, unspecified",2022-03-08,Dr. M. O'Brien,Resolved
DX01944,P1754,F32.1,"Major depressive disorder, moderate",2022-06-10,Dr. S. Khan,Active
DX01945,P1754,K21.0,Gastro-oesophageal reflux disease,2024-10-28,Dr. C. Müller,Monitoring
DX01946,P1755,G40.9,"Epilepsy, unspecified",2024-12-16,Dr. A. Patel,Monitoring
DX01947,P1756,I63.9,"Cerebral infarction, unspecified",2023-10-12,Dr. L. Torres,Active
DX01948,P1756,E78.5,"Hyperlipidaemia, unspecified",2023-08-24,Dr. J. Nkosi,Resolved
DX01949,P1756,G40.9,"Epilepsy, unspecified",2023-05-13,Dr. R. Singh,Active
DX01950,P1756,M54.5,Low back pain,2024-07-22,Dr. R. Singh,Monitoring
DX01951,P1757,C34.10,Malignant neoplasm of upper lobe bronchus,2023-05-09,Dr. Y. Tanaka,Monitoring
DX01952,P1758,N18.3,"Chronic kidney disease, stage 3",2024-11-01,Dr. S. Khan,Resolved
DX01953,P1758,E11.9,Type 2 Diabetes Mellitus without complications,2024-09-18,Dr. J. Nkosi,Resolved
DX01954,P1758,M06.9,"Rheumatoid arthritis, unspecified",2024-05-07,Dr. J. Nkosi,Monitoring
DX01955,P1758,E78.5,"Hyperlipidaemia, unspecified",2022-09-14,Dr. J. Nkosi,Resolved
DX01956,P1759,K21.0,Gastro-oesophageal reflux disease,2023-08-11,Dr. R. Singh,Resolved
DX01957,P1759,I25.10,Atherosclerotic heart disease,2022-08-30,Dr. S. Khan,Resolved
DX01958,P1760,E78.5,"Hyperlipidaemia, unspecified",2023-02-10,Dr. M. O'Brien,Resolved
DX01959,P1760,J18.9,"Pneumonia, unspecified",2022-02-01,Dr. M. O'Brien,Active
DX01960,P1760,K21.0,Gastro-oesophageal reflux disease,2024-05-07,Dr. L. Torres,Monitoring
DX01961,P1760,M54.5,Low back pain,2024-08-20,Dr. S. Khan,Active
DX01962,P1761,G40.9,"Epilepsy, unspecified",2024-06-02,Dr. A. Patel,Monitoring
DX01963,P1762,E11.9,Type 2 Diabetes Mellitus without complications,2024-11-20,Dr. C. Müller,Resolved
DX01964,P1762,J18.9,"Pneumonia, unspecified",2023-12-27,Dr. M. O'Brien,Resolved
DX01965,P1763,C34.10,Malignant neoplasm of upper lobe bronchus,2022-09-01,Dr. R. Singh,Resolved
DX01966,P1763,I25.10,Atherosclerotic heart disease,2022-08-09,Dr. A. Patel,Active
DX01967,P1764,M54.5,Low back pain,2024-07-10,Dr. C. Müller,Resolved
DX01968,P1764,F32.1,"Major depressive disorder, moderate",2024-09-04,Dr. M. O'Brien,Monitoring
DX01969,P1764,I63.9,"Cerebral infarction, unspecified",2023-01-11,Dr. S. Khan,Active
DX01970,P1765,K21.0,Gastro-oesophageal reflux disease,2024-01-28,Dr. Y. Tanaka,Resolved
DX01971,P1766,M54.5,Low back pain,2023-07-27,Dr. S. Khan,Active
DX01972,P1766,J18.9,"Pneumonia, unspecified",2023-09-01,Dr. Y. Tanaka,Resolved
DX01973,P1766,E78.5,"Hyperlipidaemia, unspecified",2022-04-09,Dr. C. Müller,Resolved
DX01974,P1767,F32.1,"Major depressive disorder, moderate",2023-01-01,Dr. M. O'Brien,Active
DX01975,P1767,N18.3,"Chronic kidney disease, stage 3",2023-03-08,Dr. C. Müller,Monitoring
DX01976,P1767,E03.9,"Hypothyroidism, unspecified",2023-07-24,Dr. R. Singh,Active
DX01977,P1768,I25.10,Atherosclerotic heart disease,2023-08-13,Dr. L. Torres,Resolved
DX01978,P1768,J18.9,"Pneumonia, unspecified",2024-06-17,Dr. J. Nkosi,Active
DX01979,P1768,E11.9,Type 2 Diabetes Mellitus without complications,2023-08-14,Dr. L. Torres,Monitoring
DX01980,P1769,M06.9,"Rheumatoid arthritis, unspecified",2023-04-20,Dr. L. Torres,Active
DX01981,P1770,J45.9,"Asthma, unspecified",2024-11-07,Dr. M. O'Brien,Active
DX01982,P1771,M06.9,"Rheumatoid arthritis, unspecified",2023-02-04,Dr. A. Patel,Resolved
DX01983,P1772,N18.3,"Chronic kidney disease, stage 3",2023-02-21,Dr. L. Torres,Monitoring
DX01984,P1773,C34.10,Malignant neoplasm of upper lobe bronchus,2024-07-18,Dr. L. Torres,Active
DX01985,P1773,M54.5,Low back pain,2022-09-03,Dr. Y. Tanaka,Resolved
DX01986,P1773,E78.5,"Hyperlipidaemia, unspecified",2024-10-07,Dr. L. Torres,Active
DX01987,P1773,J18.9,"Pneumonia, unspecified",2022-10-08,Dr. L. Torres,Monitoring
DX01988,P1774,N18.3,"Chronic kidney disease, stage 3",2022-06-11,Dr. J. Nkosi,Monitoring
DX01989,P1775,N18.3,"Chronic kidney disease, stage 3",2022-11-17,Dr. R. Singh,Resolved
DX01990,P1776,I63.9,"Cerebral infarction, unspecified",2022-06-01,Dr. R. Singh,Active
DX01991,P1776,C34.10,Malignant neoplasm of upper lobe bronchus,2024-06-06,Dr. S. Khan,Monitoring
DX01992,P1776,E78.5,"Hyperlipidaemia, unspecified",2024-12-03,Dr. R. Singh,Active
DX01993,P1776,M06.9,"Rheumatoid arthritis, unspecified",2022-03-14,Dr. A. Patel,Active
DX01994,P1777,K21.0,Gastro-oesophageal reflux disease,2023-03-27,Dr. J. Nkosi,Resolved
DX01995,P1777,F32.1,"Major depressive disorder, moderate",2024-08-20,Dr. M. O'Brien,Resolved
DX01996,P1778,C34.10,Malignant neoplasm of upper lobe bronchus,2023-08-02,Dr. M. O'Brien,Active
DX01997,P1778,M54.5,Low back pain,2022-07-01,Dr. J. Nkosi,Active
DX01998,P1779,E11.9,Type 2 Diabetes Mellitus without complications,2023-03-04,Dr. M. O'Brien,Active
DX01999,P1779,M54.5,Low back pain,2024-05-06,Dr. L. Torres,Monitoring
DX02000,P1779,E78.5,"Hyperlipidaemia, unspecified",2024-02-18,Dr. J. Nkosi,Monitoring
DX02001,P1779,K21.0,Gastro-oesophageal reflux disease,2023-12-16,Dr. Y. Tanaka,Monitoring
DX02002,P1780,M06.9,"Rheumatoid arthritis, unspecified",2023-04-20,Dr. L. Torres,Monitoring
DX02003,P1780,I25.10,Atherosclerotic heart disease,2024-09-20,Dr. Y. Tanaka,Monitoring
DX02004,P1781,K21.0,Gastro-oesophageal reflux disease,2023-08-29,Dr. S. Khan,Active
DX02005,P1781,N18.3,"Chronic kidney disease, stage 3",2022-08-19,Dr. L. Torres,Resolved
DX02006,P1781,E78.5,"Hyperlipidaemia, unspecified",2024-07-04,Dr. R. Singh,Active
DX02007,P1781,M54.5,Low back pain,2024-05-20,Dr. S. Khan,Active
DX02008,P1782,N18.3,"Chronic kidney disease, stage 3",2024-03-26,Dr. M. O'Brien,Resolved
DX02009,P1782,I63.9,"Cerebral infarction, unspecified",2024-09-28,Dr. C. Müller,Monitoring
DX02010,P1782,E11.9,Type 2 Diabetes Mellitus without complications,2023-04-26,Dr. A. Patel,Resolved
DX02011,P1782,M06.9,"Rheumatoid arthritis, unspecified",2023-07-03,Dr. J. Nkosi,Resolved
DX02012,P1783,E78.5,"Hyperlipidaemia, unspecified",2023-10-24,Dr. L. Torres,Monitoring
DX02013,P1784,F32.1,"Major depressive disorder, moderate",2024-06-24,Dr. C. Müller,Resolved
DX02014,P1784,M06.9,"Rheumatoid arthritis, unspecified",2023-06-18,Dr. A. Patel,Resolved
DX02015,P1784,E03.9,"Hypothyroidism, unspecified",2024-09-21,Dr. J. Nkosi,Resolved
DX02016,P1785,I25.10,Atherosclerotic heart disease,2024-07-05,Dr. C. Müller,Active
DX02017,P1786,E78.5,"Hyperlipidaemia, unspecified",2022-08-14,Dr. R. Singh,Active
DX02018,P1786,J45.9,"Asthma, unspecified",2022-02-10,Dr. A. Patel,Resolved
DX02019,P1787,E03.9,"Hypothyroidism, unspecified",2023-11-14,Dr. R. Singh,Monitoring
DX02020,P1788,I63.9,"Cerebral infarction, unspecified",2022-04-11,Dr. J. Nkosi,Resolved
DX02021,P1789,J18.9,"Pneumonia, unspecified",2024-03-21,Dr. J. Nkosi,Resolved
DX02022,P1789,G40.9,"Epilepsy, unspecified",2022-11-27,Dr. R. Singh,Resolved
DX02023,P1790,J45.9,"Asthma, unspecified",2022-01-28,Dr. A. Patel,Active
DX02024,P1790,E78.5,"Hyperlipidaemia, unspecified",2024-12-14,Dr. S. Khan,Monitoring
DX02025,P1790,C34.10,Malignant neoplasm of upper lobe bronchus,2024-03-25,Dr. Y. Tanaka,Active
DX02026,P1790,M06.9,"Rheumatoid arthritis, unspecified",2022-11-18,Dr. L. Torres,Resolved
DX02027,P1791,J45.9,"Asthma, unspecified",2023-05-22,Dr. A. Patel,Resolved
DX02028,P1792,G40.9,"Epilepsy, unspecified",2024-02-13,Dr. C. Müller,Active
DX02029,P1793,G40.9,"Epilepsy, unspecified",2022-06-01,Dr. C. Müller,Active
DX02030,P1793,E11.9,Type 2 Diabetes Mellitus without complications,2022-01-31,Dr. M. O'Brien,Active
DX02031,P1793,M06.9,"Rheumatoid arthritis, unspecified",2024-03-12,Dr. J. Nkosi,Monitoring
DX02032,P1794,E03.9,"Hypothyroidism, unspecified",2024-11-15,Dr. A. Patel,Resolved
DX02033,P1794,N18.3,"Chronic kidney disease, stage 3",2023-07-16,Dr. Y. Tanaka,Active
DX02034,P1794,F32.1,"Major depressive disorder, moderate",2022-07-24,Dr. L. Torres,Monitoring
DX02035,P1795,F32.1,"Major depressive disorder, moderate",2023-04-01,Dr. C. Müller,Monitoring
DX02036,P1795,I25.10,Atherosclerotic heart disease,2023-07-25,Dr. Y. Tanaka,Resolved
DX02037,P1795,M06.9,"Rheumatoid arthritis, unspecified",2024-12-28,Dr. J. Nkosi,Resolved
DX02038,P1795,E11.9,Type 2 Diabetes Mellitus without complications,2022-02-05,Dr. Y. Tanaka,Monitoring
DX02039,P1796,N18.3,"Chronic kidney disease, stage 3",2022-08-10,Dr. Y. Tanaka,Active
DX02040,P1796,E03.9,"Hypothyroidism, unspecified",2022-02-20,Dr. C. Müller,Active
DX02041,P1796,E78.5,"Hyperlipidaemia, unspecified",2024-07-04,Dr. R. Singh,Resolved
DX02042,P1796,C34.10,Malignant neoplasm of upper lobe bronchus,2022-08-12,Dr. L. Torres,Resolved
DX02043,P1797,E03.9,"Hypothyroidism, unspecified",2022-06-21,Dr. S. Khan,Monitoring
DX02044,P1797,I63.9,"Cerebral infarction, unspecified",2022-12-13,Dr. J. Nkosi,Resolved
DX02045,P1798,E11.9,Type 2 Diabetes Mellitus without complications,2024-04-05,Dr. Y. Tanaka,Monitoring
DX02046,P1798,J18.9,"Pneumonia, unspecified",2023-04-22,Dr. A. Patel,Resolved
DX02047,P1799,F32.1,"Major depressive disorder, moderate",2023-11-23,Dr. M. O'Brien,Active
DX02048,P1799,I25.10,Atherosclerotic heart disease,2023-10-21,Dr. C. Müller,Active
DX02049,P1799,C34.10,Malignant neoplasm of upper lobe bronchus,2023-07-04,Dr. J. Nkosi,Monitoring
DX02050,P1800,E78.5,"Hyperlipidaemia, unspecified",2023-04-28,Dr. R. Singh,Resolved
DX02051,P1800,M54.5,Low back pain,2024-09-16,Dr. S. Khan,Active
DX02052,P1800,N18.3,"Chronic kidney disease, stage 3",2024-05-21,Dr. S. Khan,Resolved
DX02053,P1800,I63.9,"Cerebral infarction, unspecified",2022-09-18,Dr. A. Patel,Active
DX02054,P1801,J18.9,"Pneumonia, unspecified",2023-02-09,Dr. Y. Tanaka,Active
DX02055,P1802,M06.9,"Rheumatoid arthritis, unspecified",2024-05-18,Dr. Y. Tanaka,Active
DX02056,P1803,J18.9,"Pneumonia, unspecified",2024-03-28,Dr. A. Patel,Resolved
DX02057,P1803,C34.10,Malignant neoplasm of upper lobe bronchus,2022-08-29,Dr. C. Müller,Resolved
DX02058,P1803,E78.5,"Hyperlipidaemia, unspecified",2023-07-10,Dr. R. Singh,Monitoring
DX02059,P1803,F32.1,"Major depressive disorder, moderate",2024-02-01,Dr. M. O'Brien,Active
DX02060,P1804,E78.5,"Hyperlipidaemia, unspecified",2024-01-31,Dr. L. Torres,Resolved
DX02061,P1804,I63.9,"Cerebral infarction, unspecified",2024-08-05,Dr. J. Nkosi,Resolved
DX02062,P1804,J45.9,"Asthma, unspecified",2022-10-05,Dr. M. O'Brien,Monitoring
DX02063,P1805,I10,Essential Hypertension,2022-11-04,Dr. Y. Tanaka,Active
DX02064,P1805,N18.3,"Chronic kidney disease, stage 3",2022-01-12,Dr. L. Torres,Monitoring
DX02065,P1805,F32.1,"Major depressive disorder, moderate",2023-01-20,Dr. J. Nkosi,Monitoring
DX02066,P1805,J18.9,"Pneumonia, unspecified",2022-07-12,Dr. Y. Tanaka,Resolved
DX02067,P1806,I10,Essential Hypertension,2024-08-17,Dr. M. O'Brien,Active
DX02068,P1807,I63.9,"Cerebral infarction, unspecified",2023-12-08,Dr. A. Patel,Active
DX02069,P1807,E78.5,"Hyperlipidaemia, unspecified",2023-07-17,Dr. L. Torres,Resolved
DX02070,P1807,J45.9,"Asthma, unspecified",2023-09-19,Dr. R. Singh,Monitoring
DX02071,P1808,M06.9,"Rheumatoid arthritis, unspecified",2023-02-19,Dr. S. Khan,Monitoring
DX02072,P1808,I25.10,Atherosclerotic heart disease,2022-11-09,Dr. S. Khan,Monitoring
DX02073,P1808,E78.5,"Hyperlipidaemia, unspecified",2023-03-20,Dr. L. Torres,Active
DX02074,P1808,E03.9,"Hypothyroidism, unspecified",2023-06-23,Dr. S. Khan,Active
DX02075,P1809,N18.3,"Chronic kidney disease, stage 3",2023-07-22,Dr. Y. Tanaka,Active
DX02076,P1809,K21.0,Gastro-oesophageal reflux disease,2022-12-11,Dr. A. Patel,Active
DX02077,P1809,E03.9,"Hypothyroidism, unspecified",2023-03-20,Dr. S. Khan,Monitoring
DX02078,P1809,G40.9,"Epilepsy, unspecified",2022-10-28,Dr. M. O'Brien,Active
DX02079,P1810,G40.9,"Epilepsy, unspecified",2022-04-17,Dr. M. O'Brien,Monitoring
DX02080,P1810,I10,Essential Hypertension,2024-06-19,Dr. C. Müller,Monitoring
DX02081,P1810,N18.3,"Chronic kidney disease, stage 3",2024-08-24,Dr. R. Singh,Resolved
DX02082,P1810,E11.9,Type 2 Diabetes Mellitus without complications,2024-10-21,Dr. S. Khan,Active
DX02083,P1811,F32.1,"Major depressive disorder, moderate",2024-08-29,Dr. R. Singh,Resolved
DX02084,P1811,E03.9,"Hypothyroidism, unspecified",2024-12-05,Dr. R. Singh,Monitoring
DX02085,P1811,M06.9,"Rheumatoid arthritis, unspecified",2022-06-10,Dr. J. Nkosi,Active
DX02086,P1811,C34.10,Malignant neoplasm of upper lobe bronchus,2023-07-23,Dr. M. O'Brien,Resolved
DX02087,P1812,M54.5,Low back pain,2022-09-04,Dr. C. Müller,Monitoring
DX02088,P1812,C34.10,Malignant neoplasm of upper lobe bronchus,2023-12-15,Dr. M. O'Brien,Active
DX02089,P1812,E03.9,"Hypothyroidism, unspecified",2024-01-19,Dr. Y. Tanaka,Monitoring
DX02090,P1812,I25.10,Atherosclerotic heart disease,2023-12-10,Dr. C. Müller,Active
DX02091,P1813,F32.1,"Major depressive disorder, moderate",2023-01-02,Dr. A. Patel,Active
DX02092,P1813,N18.3,"Chronic kidney disease, stage 3",2024-06-24,Dr. R. Singh,Monitoring
DX02093,P1814,I10,Essential Hypertension,2023-09-28,Dr. R. Singh,Active
DX02094,P1814,K21.0,Gastro-oesophageal reflux disease,2024-01-26,Dr. L. Torres,Monitoring
DX02095,P1815,K21.0,Gastro-oesophageal reflux disease,2023-07-14,Dr. A. Patel,Monitoring
DX02096,P1816,I63.9,"Cerebral infarction, unspecified",2022-03-31,Dr. L. Torres,Resolved
DX02097,P1816,M54.5,Low back pain,2022-04-28,Dr. A. Patel,Monitoring
DX02098,P1816,F32.1,"Major depressive disorder, moderate",2024-08-22,Dr. Y. Tanaka,Resolved
DX02099,P1817,M54.5,Low back pain,2022-08-01,Dr. A. Patel,Resolved
DX02100,P1817,C34.10,Malignant neoplasm of upper lobe bronchus,2022-03-01,Dr. M. O'Brien,Monitoring
DX02101,P1818,G40.9,"Epilepsy, unspecified",2022-09-27,Dr. S. Khan,Resolved
DX02102,P1818,M06.9,"Rheumatoid arthritis, unspecified",2022-09-02,Dr. A. Patel,Resolved
DX02103,P1819,N18.3,"Chronic kidney disease, stage 3",2022-07-19,Dr. L. Torres,Active
DX02104,P1820,N18.3,"Chronic kidney disease, stage 3",2023-10-11,Dr. M. O'Brien,Monitoring
DX02105,P1821,E78.5,"Hyperlipidaemia, unspecified",2024-04-05,Dr. C. Müller,Monitoring
DX02106,P1821,I10,Essential Hypertension,2022-05-06,Dr. S. Khan,Active
DX02107,P1821,I63.9,"Cerebral infarction, unspecified",2024-10-24,Dr. M. O'Brien,Monitoring
DX02108,P1822,E11.9,Type 2 Diabetes Mellitus without complications,2022-04-02,Dr. L. Torres,Monitoring
DX02109,P1822,J18.9,"Pneumonia, unspecified",2023-02-11,Dr. C. Müller,Active
DX02110,P1822,M54.5,Low back pain,2022-01-07,Dr. L. Torres,Resolved
DX02111,P1823,E11.9,Type 2 Diabetes Mellitus without complications,2022-06-26,Dr. Y. Tanaka,Active
DX02112,P1823,N18.3,"Chronic kidney disease, stage 3",2022-08-27,Dr. S. Khan,Active
DX02113,P1823,M54.5,Low back pain,2022-06-26,Dr. M. O'Brien,Resolved
DX02114,P1824,E03.9,"Hypothyroidism, unspecified",2022-12-13,Dr. A. Patel,Active
DX02115,P1825,M54.5,Low back pain,2023-05-21,Dr. L. Torres,Monitoring
DX02116,P1825,E11.9,Type 2 Diabetes Mellitus without complications,2023-01-27,Dr. M. O'Brien,Resolved
DX02117,P1825,C34.10,Malignant neoplasm of upper lobe bronchus,2022-04-20,Dr. C. Müller,Monitoring
DX02118,P1826,J18.9,"Pneumonia, unspecified",2023-10-09,Dr. C. Müller,Active
DX02119,P1826,I25.10,Atherosclerotic heart disease,2023-01-21,Dr. L. Torres,Active
DX02120,P1826,M06.9,"Rheumatoid arthritis, unspecified",2022-12-29,Dr. L. Torres,Resolved
DX02121,P1827,I25.10,Atherosclerotic heart disease,2024-01-15,Dr. R. Singh,Monitoring
DX02122,P1827,E11.9,Type 2 Diabetes Mellitus without complications,2024-12-07,Dr. Y. Tanaka,Monitoring
DX02123,P1827,M54.5,Low back pain,2022-12-16,Dr. A. Patel,Monitoring
DX02124,P1827,N18.3,"Chronic kidney disease, stage 3",2024-02-29,Dr. M. O'Brien,Monitoring
DX02125,P1828,C34.10,Malignant neoplasm of upper lobe bronchus,2023-12-12,Dr. L. Torres,Active
DX02126,P1828,F32.1,"Major depressive disorder, moderate",2023-12-02,Dr. L. Torres,Active
DX02127,P1829,I25.10,Atherosclerotic heart disease,2024-08-15,Dr. L. Torres,Active
DX02128,P1829,J45.9,"Asthma, unspecified",2022-08-25,Dr. M. O'Brien,Resolved
DX02129,P1830,M54.5,Low back pain,2023-10-24,Dr. R. Singh,Monitoring
DX02130,P1830,K21.0,Gastro-oesophageal reflux disease,2024-02-13,Dr. A. Patel,Resolved
DX02131,P1831,I63.9,"Cerebral infarction, unspecified",2024-01-05,Dr. A. Patel,Active
DX02132,P1832,M54.5,Low back pain,2022-07-25,Dr. M. O'Brien,Resolved
DX02133,P1832,N18.3,"Chronic kidney disease, stage 3",2023-09-20,Dr. M. O'Brien,Resolved
DX02134,P1832,G40.9,"Epilepsy, unspecified",2023-01-17,Dr. A. Patel,Resolved
DX02135,P1832,I63.9,"Cerebral infarction, unspecified",2024-07-23,Dr. C. Müller,Monitoring
DX02136,P1833,M54.5,Low back pain,2024-02-04,Dr. R. Singh,Resolved
DX02137,P1833,G40.9,"Epilepsy, unspecified",2024-04-01,Dr. L. Torres,Active
DX02138,P1833,J45.9,"Asthma, unspecified",2023-04-25,Dr. S. Khan,Resolved
DX02139,P1833,I25.10,Atherosclerotic heart disease,2024-05-22,Dr. L. Torres,Monitoring
DX02140,P1834,K21.0,Gastro-oesophageal reflux disease,2022-12-07,Dr. L. Torres,Monitoring
DX02141,P1834,I10,Essential Hypertension,2024-12-09,Dr. J. Nkosi,Monitoring
DX02142,P1834,J18.9,"Pneumonia, unspecified",2022-10-13,Dr. M. O'Brien,Monitoring
DX02143,P1834,E78.5,"Hyperlipidaemia, unspecified",2023-11-14,Dr. A. Patel,Active
DX02144,P1835,E03.9,"Hypothyroidism, unspecified",2023-12-10,Dr. Y. Tanaka,Resolved
DX02145,P1835,M06.9,"Rheumatoid arthritis, unspecified",2022-12-05,Dr. Y. Tanaka,Active
DX02146,P1835,J18.9,"Pneumonia, unspecified",2022-10-30,Dr. J. Nkosi,Active
DX02147,P1836,I25.10,Atherosclerotic heart disease,2023-04-29,Dr. J. Nkosi,Resolved
DX02148,P1836,E11.9,Type 2 Diabetes Mellitus without complications,2022-07-04,Dr. J. Nkosi,Active
DX02149,P1836,J18.9,"Pneumonia, unspecified",2024-02-06,Dr. A. Patel,Resolved
DX02150,P1837,N18.3,"Chronic kidney disease, stage 3",2024-08-22,Dr. C. Müller,Monitoring
DX02151,P1837,E11.9,Type 2 Diabetes Mellitus without complications,2023-03-12,Dr. Y. Tanaka,Monitoring
DX02152,P1838,G40.9,"Epilepsy, unspecified",2022-07-16,Dr. C. Müller,Active
DX02153,P1838,M54.5,Low back pain,2023-10-14,Dr. M. O'Brien,Resolved
DX02154,P1838,C34.10,Malignant neoplasm of upper lobe bronchus,2023-11-01,Dr. L. Torres,Monitoring
DX02155,P1838,J45.9,"Asthma, unspecified",2024-05-19,Dr. C. Müller,Monitoring
DX02156,P1839,N18.3,"Chronic kidney disease, stage 3",2024-09-27,Dr. A. Patel,Active
DX02157,P1840,E03.9,"Hypothyroidism, unspecified",2024-01-26,Dr. R. Singh,Resolved
DX02158,P1840,J45.9,"Asthma, unspecified",2024-10-23,Dr. A. Patel,Monitoring
DX02159,P1841,M06.9,"Rheumatoid arthritis, unspecified",2022-10-10,Dr. Y. Tanaka,Active
DX02160,P1841,E11.9,Type 2 Diabetes Mellitus without complications,2022-04-01,Dr. J. Nkosi,Resolved
DX02161,P1841,I63.9,"Cerebral infarction, unspecified",2024-06-10,Dr. S. Khan,Resolved
DX02162,P1841,J45.9,"Asthma, unspecified",2024-02-26,Dr. M. O'Brien,Resolved
DX02163,P1842,I25.10,Atherosclerotic heart disease,2024-03-03,Dr. Y. Tanaka,Active
DX02164,P1842,M06.9,"Rheumatoid arthritis, unspecified",2023-06-19,Dr. C. Müller,Active
DX02165,P1843,F32.1,"Major depressive disorder, moderate",2024-11-25,Dr. S. Khan,Resolved
DX02166,P1843,I63.9,"Cerebral infarction, unspecified",2022-06-19,Dr. R. Singh,Monitoring
DX02167,P1844,I63.9,"Cerebral infarction, unspecified",2024-04-08,Dr. A. Patel,Active
DX02168,P1845,J18.9,"Pneumonia, unspecified",2024-02-26,Dr. Y. Tanaka,Active
DX02169,P1845,K21.0,Gastro-oesophageal reflux disease,2024-09-22,Dr. C. Müller,Resolved
DX02170,P1845,E78.5,"Hyperlipidaemia, unspecified",2022-04-22,Dr. L. Torres,Resolved
DX02171,P1846,C34.10,Malignant neoplasm of upper lobe bronchus,2024-07-11,Dr. R. Singh,Resolved
DX02172,P1846,I63.9,"Cerebral infarction, unspecified",2023-11-18,Dr. R. Singh,Active
DX02173,P1846,E11.9,Type 2 Diabetes Mellitus without complications,2023-01-02,Dr. C. Müller,Monitoring
DX02174,P1847,G40.9,"Epilepsy, unspecified",2022-01-15,Dr. R. Singh,Monitoring
DX02175,P1847,I63.9,"Cerebral infarction, unspecified",2023-06-13,Dr. J. Nkosi,Monitoring
DX02176,P1847,E11.9,Type 2 Diabetes Mellitus without complications,2024-07-20,Dr. C. Müller,Active
DX02177,P1847,J18.9,"Pneumonia, unspecified",2024-08-09,Dr. L. Torres,Active
DX02178,P1848,G40.9,"Epilepsy, unspecified",2024-09-29,Dr. Y. Tanaka,Resolved
DX02179,P1849,M06.9,"Rheumatoid arthritis, unspecified",2024-01-27,Dr. L. Torres,Resolved
DX02180,P1850,I63.9,"Cerebral infarction, unspecified",2022-02-18,Dr. L. Torres,Active
DX02181,P1850,I25.10,Atherosclerotic heart disease,2023-08-24,Dr. R. Singh,Resolved
DX02182,P1850,E03.9,"Hypothyroidism, unspecified",2022-02-05,Dr. Y. Tanaka,Resolved
DX02183,P1851,I63.9,"Cerebral infarction, unspecified",2022-08-17,Dr. R. Singh,Monitoring
DX02184,P1851,I10,Essential Hypertension,2022-03-16,Dr. C. Müller,Active
DX02185,P1851,K21.0,Gastro-oesophageal reflux disease,2022-12-25,Dr. S. Khan,Monitoring
DX02186,P1852,J18.9,"Pneumonia, unspecified",2022-10-24,Dr. Y. Tanaka,Resolved
DX02187,P1853,N18.3,"Chronic kidney disease, stage 3",2023-05-15,Dr. Y. Tanaka,Active
DX02188,P1853,M54.5,Low back pain,2022-06-06,Dr. R. Singh,Resolved
DX02189,P1853,C34.10,Malignant neoplasm of upper lobe bronchus,2022-03-20,Dr. M. O'Brien,Monitoring
DX02190,P1854,F32.1,"Major depressive disorder, moderate",2024-11-15,Dr. S. Khan,Resolved
DX02191,P1855,F32.1,"Major depressive disorder, moderate",2023-01-12,Dr. L. Torres,Monitoring
DX02192,P1855,M06.9,"Rheumatoid arthritis, unspecified",2022-06-12,Dr. C. Müller,Active
DX02193,P1855,I10,Essential Hypertension,2023-01-28,Dr. L. Torres,Resolved
DX02194,P1856,C34.10,Malignant neoplasm of upper lobe bronchus,2022-04-11,Dr. R. Singh,Monitoring
DX02195,P1856,E03.9,"Hypothyroidism, unspecified",2024-08-26,Dr. J. Nkosi,Resolved
DX02196,P1857,C34.10,Malignant neoplasm of upper lobe bronchus,2023-01-16,Dr. L. Torres,Monitoring
DX02197,P1857,M06.9,"Rheumatoid arthritis, unspecified",2022-04-04,Dr. C. Müller,Active
DX02198,P1857,E03.9,"Hypothyroidism, unspecified",2023-08-07,Dr. L. Torres,Active
DX02199,P1858,J45.9,"Asthma, unspecified",2022-09-23,Dr. L. Torres,Resolved
DX02200,P1858,I10,Essential Hypertension,2024-08-05,Dr. R. Singh,Active
DX02201,P1858,E03.9,"Hypothyroidism, unspecified",2023-03-30,Dr. J. Nkosi,Active
DX02202,P1858,F32.1,"Major depressive disorder, moderate",2023-10-27,Dr. J. Nkosi,Active
DX02203,P1859,C34.10,Malignant neoplasm of upper lobe bronchus,2024-08-01,Dr. C. Müller,Monitoring
DX02204,P1859,M06.9,"Rheumatoid arthritis, unspecified",2023-11-05,Dr. C. Müller,Resolved
DX02205,P1859,K21.0,Gastro-oesophageal reflux disease,2022-01-26,Dr. R. Singh,Resolved
DX02206,P1860,N18.3,"Chronic kidney disease, stage 3",2022-11-07,Dr. Y. Tanaka,Monitoring
DX02207,P1860,G40.9,"Epilepsy, unspecified",2024-10-18,Dr. J. Nkosi,Monitoring
DX02208,P1860,M54.5,Low back pain,2022-12-15,Dr. C. Müller,Resolved
DX02209,P1861,I10,Essential Hypertension,2024-09-23,Dr. R. Singh,Active
DX02210,P1861,I63.9,"Cerebral infarction, unspecified",2023-03-02,Dr. R. Singh,Resolved
DX02211,P1861,K21.0,Gastro-oesophageal reflux disease,2023-08-21,Dr. R. Singh,Resolved
DX02212,P1861,E11.9,Type 2 Diabetes Mellitus without complications,2024-08-15,Dr. A. Patel,Active
DX02213,P1862,K21.0,Gastro-oesophageal reflux disease,2024-06-02,Dr. C. Müller,Active
DX02214,P1862,N18.3,"Chronic kidney disease, stage 3",2023-08-05,Dr. Y. Tanaka,Active
DX02215,P1863,M06.9,"Rheumatoid arthritis, unspecified",2022-09-10,Dr. S. Khan,Resolved
DX02216,P1863,E78.5,"Hyperlipidaemia, unspecified",2023-03-24,Dr. J. Nkosi,Active
DX02217,P1863,J18.9,"Pneumonia, unspecified",2023-08-16,Dr. M. O'Brien,Active
DX02218,P1863,F32.1,"Major depressive disorder, moderate",2024-04-01,Dr. C. Müller,Resolved
DX02219,P1864,F32.1,"Major depressive disorder, moderate",2023-07-26,Dr. R. Singh,Resolved
DX02220,P1864,K21.0,Gastro-oesophageal reflux disease,2022-08-05,Dr. R. Singh,Monitoring
DX02221,P1865,J45.9,"Asthma, unspecified",2024-08-08,Dr. L. Torres,Resolved
DX02222,P1865,G40.9,"Epilepsy, unspecified",2022-11-18,Dr. M. O'Brien,Resolved
DX02223,P1865,F32.1,"Major depressive disorder, moderate",2023-08-14,Dr. A. Patel,Monitoring
DX02224,P1865,M54.5,Low back pain,2023-11-16,Dr. Y. Tanaka,Monitoring
DX02225,P1866,I63.9,"Cerebral infarction, unspecified",2024-02-25,Dr. C. Müller,Resolved
DX02226,P1866,E11.9,Type 2 Diabetes Mellitus without complications,2024-04-20,Dr. J. Nkosi,Monitoring
DX02227,P1867,K21.0,Gastro-oesophageal reflux disease,2023-04-05,Dr. M. O'Brien,Monitoring
DX02228,P1868,K21.0,Gastro-oesophageal reflux disease,2024-04-17,Dr. A. Patel,Resolved
DX02229,P1869,J18.9,"Pneumonia, unspecified",2024-08-24,Dr. S. Khan,Resolved
DX02230,P1869,K21.0,Gastro-oesophageal reflux disease,2022-02-16,Dr. C. Müller,Monitoring
DX02231,P1870,G40.9,"Epilepsy, unspecified",2024-07-26,Dr. R. Singh,Monitoring
DX02232,P1870,J18.9,"Pneumonia, unspecified",2023-05-06,Dr. M. O'Brien,Resolved
DX02233,P1871,N18.3,"Chronic kidney disease, stage 3",2023-08-24,Dr. S. Khan,Active
DX02234,P1871,J18.9,"Pneumonia, unspecified",2023-02-28,Dr. Y. Tanaka,Resolved
DX02235,P1872,I63.9,"Cerebral infarction, unspecified",2024-06-27,Dr. J. Nkosi,Active
DX02236,P1872,K21.0,Gastro-oesophageal reflux disease,2024-08-02,Dr. S. Khan,Monitoring
DX02237,P1873,G40.9,"Epilepsy, unspecified",2024-08-04,Dr. S. Khan,Active
DX02238,P1873,J18.9,"Pneumonia, unspecified",2022-03-08,Dr. C. Müller,Monitoring
DX02239,P1873,J45.9,"Asthma, unspecified",2024-08-20,Dr. C. Müller,Active
DX02240,P1874,I25.10,Atherosclerotic heart disease,2024-12-29,Dr. A. Patel,Resolved
DX02241,P1874,C34.10,Malignant neoplasm of upper lobe bronchus,2024-09-11,Dr. A. Patel,Resolved
DX02242,P1874,E78.5,"Hyperlipidaemia, unspecified",2024-03-26,Dr. A. Patel,Resolved
DX02243,P1874,E11.9,Type 2 Diabetes Mellitus without complications,2024-03-29,Dr. Y. Tanaka,Resolved
DX02244,P1875,E11.9,Type 2 Diabetes Mellitus without complications,2022-10-26,Dr. L. Torres,Monitoring
DX02245,P1876,C34.10,Malignant neoplasm of upper lobe bronchus,2022-12-13,Dr. R. Singh,Resolved
DX02246,P1877,J18.9,"Pneumonia, unspecified",2024-09-15,Dr. J. Nkosi,Resolved
DX02247,P1877,J45.9,"Asthma, unspecified",2022-07-18,Dr. R. Singh,Monitoring
DX02248,P1877,E03.9,"Hypothyroidism, unspecified",2022-06-01,Dr. Y. Tanaka,Monitoring
DX02249,P1878,E03.9,"Hypothyroidism, unspecified",2023-12-03,Dr. L. Torres,Monitoring
DX02250,P1878,J45.9,"Asthma, unspecified",2024-06-29,Dr. R. Singh,Resolved
DX02251,P1878,M06.9,"Rheumatoid arthritis, unspecified",2023-06-13,Dr. L. Torres,Monitoring
DX02252,P1878,I25.10,Atherosclerotic heart disease,2022-03-15,Dr. M. O'Brien,Active
DX02253,P1879,I10,Essential Hypertension,2024-01-13,Dr. L. Torres,Resolved
DX02254,P1879,J45.9,"Asthma, unspecified",2022-11-21,Dr. L. Torres,Resolved
DX02255,P1879,N18.3,"Chronic kidney disease, stage 3",2024-06-19,Dr. L. Torres,Active
DX02256,P1880,J18.9,"Pneumonia, unspecified",2023-08-22,Dr. C. Müller,Resolved
DX02257,P1880,K21.0,Gastro-oesophageal reflux disease,2023-04-12,Dr. A. Patel,Active
DX02258,P1881,J18.9,"Pneumonia, unspecified",2023-06-16,Dr. R. Singh,Monitoring
DX02259,P1881,K21.0,Gastro-oesophageal reflux disease,2024-11-07,Dr. C. Müller,Resolved
DX02260,P1881,I10,Essential Hypertension,2022-12-15,Dr. R. Singh,Monitoring
DX02261,P1882,K21.0,Gastro-oesophageal reflux disease,2024-10-23,Dr. R. Singh,Monitoring
DX02262,P1882,G40.9,"Epilepsy, unspecified",2024-02-06,Dr. C. Müller,Resolved
DX02263,P1883,G40.9,"Epilepsy, unspecified",2024-09-14,Dr. M. O'Brien,Resolved
DX02264,P1883,E78.5,"Hyperlipidaemia, unspecified",2024-02-17,Dr. A. Patel,Monitoring
DX02265,P1884,N18.3,"Chronic kidney disease, stage 3",2023-04-06,Dr. L. Torres,Active
DX02266,P1885,J18.9,"Pneumonia, unspecified",2022-09-02,Dr. J. Nkosi,Resolved
DX02267,P1885,I25.10,Atherosclerotic heart disease,2024-10-18,Dr. Y. Tanaka,Monitoring
DX02268,P1886,G40.9,"Epilepsy, unspecified",2024-12-09,Dr. J. Nkosi,Monitoring
DX02269,P1887,N18.3,"Chronic kidney disease, stage 3",2022-03-09,Dr. C. Müller,Monitoring
DX02270,P1887,I63.9,"Cerebral infarction, unspecified",2022-07-22,Dr. R. Singh,Monitoring
DX02271,P1888,I25.10,Atherosclerotic heart disease,2024-12-31,Dr. S. Khan,Active
DX02272,P1889,K21.0,Gastro-oesophageal reflux disease,2023-06-09,Dr. M. O'Brien,Monitoring
DX02273,P1889,E78.5,"Hyperlipidaemia, unspecified",2023-05-17,Dr. J. Nkosi,Monitoring
DX02274,P1889,J45.9,"Asthma, unspecified",2024-07-23,Dr. M. O'Brien,Active
DX02275,P1889,E03.9,"Hypothyroidism, unspecified",2023-06-29,Dr. L. Torres,Active
DX02276,P1890,C34.10,Malignant neoplasm of upper lobe bronchus,2022-05-11,Dr. M. O'Brien,Monitoring
DX02277,P1890,G40.9,"Epilepsy, unspecified",2023-09-13,Dr. A. Patel,Active
DX02278,P1891,J45.9,"Asthma, unspecified",2024-09-04,Dr. Y. Tanaka,Active
DX02279,P1891,K21.0,Gastro-oesophageal reflux disease,2022-04-15,Dr. R. Singh,Monitoring
DX02280,P1892,J45.9,"Asthma, unspecified",2024-09-06,Dr. S. Khan,Resolved
DX02281,P1893,M54.5,Low back pain,2023-02-09,Dr. S. Khan,Monitoring
DX02282,P1894,K21.0,Gastro-oesophageal reflux disease,2023-09-07,Dr. A. Patel,Monitoring
DX02283,P1894,M54.5,Low back pain,2024-05-30,Dr. S. Khan,Monitoring
DX02284,P1895,E03.9,"Hypothyroidism, unspecified",2024-07-23,Dr. A. Patel,Resolved
DX02285,P1895,I63.9,"Cerebral infarction, unspecified",2024-04-13,Dr. L. Torres,Resolved
DX02286,P1895,J45.9,"Asthma, unspecified",2022-12-28,Dr. R. Singh,Monitoring
DX02287,P1895,K21.0,Gastro-oesophageal reflux disease,2024-09-16,Dr. L. Torres,Monitoring
DX02288,P1896,I25.10,Atherosclerotic heart disease,2023-05-25,Dr. R. Singh,Resolved
DX02289,P1896,G40.9,"Epilepsy, unspecified",2024-10-27,Dr. L. Torres,Monitoring
DX02290,P1896,E78.5,"Hyperlipidaemia, unspecified",2024-06-20,Dr. S. Khan,Active
DX02291,P1897,I10,Essential Hypertension,2024-10-12,Dr. M. O'Brien,Active
DX02292,P1897,N18.3,"Chronic kidney disease, stage 3",2022-05-15,Dr. C. Müller,Monitoring
DX02293,P1897,E78.5,"Hyperlipidaemia, unspecified",2023-09-16,Dr. S. Khan,Resolved
DX02294,P1897,M54.5,Low back pain,2023-12-03,Dr. M. O'Brien,Active
DX02295,P1898,E03.9,"Hypothyroidism, unspecified",2023-04-20,Dr. J. Nkosi,Resolved
DX02296,P1899,N18.3,"Chronic kidney disease, stage 3",2024-08-24,Dr. S. Khan,Monitoring
DX02297,P1899,E03.9,"Hypothyroidism, unspecified",2023-09-07,Dr. J. Nkosi,Monitoring
DX02298,P1899,E78.5,"Hyperlipidaemia, unspecified",2022-11-13,Dr. R. Singh,Active
DX02299,P1900,E03.9,"Hypothyroidism, unspecified",2022-12-18,Dr. M. O'Brien,Monitoring
DX02300,P1900,F32.1,"Major depressive disorder, moderate",2022-11-18,Dr. R. Singh,Monitoring
DX02301,P1901,I63.9,"Cerebral infarction, unspecified",2023-07-06,Dr. J. Nkosi,Resolved
DX02302,P1901,K21.0,Gastro-oesophageal reflux disease,2024-08-24,Dr. L. Torres,Resolved
DX02303,P1901,E03.9,"Hypothyroidism, unspecified",2022-10-24,Dr. L. Torres,Resolved
DX02304,P1901,F32.1,"Major depressive disorder, moderate",2023-12-26,Dr. R. Singh,Resolved
DX02305,P1902,F32.1,"Major depressive disorder, moderate",2024-05-04,Dr. A. Patel,Resolved
DX02306,P1902,K21.0,Gastro-oesophageal reflux disease,2022-04-24,Dr. C. Müller,Resolved
DX02307,P1902,M06.9,"Rheumatoid arthritis, unspecified",2022-10-14,Dr. Y. Tanaka,Resolved
DX02308,P1903,G40.9,"Epilepsy, unspecified",2023-02-19,Dr. J. Nkosi,Monitoring
DX02309,P1904,I25.10,Atherosclerotic heart disease,2022-02-18,Dr. R. Singh,Resolved
DX02310,P1904,G40.9,"Epilepsy, unspecified",2024-02-23,Dr. R. Singh,Monitoring
DX02311,P1904,N18.3,"Chronic kidney disease, stage 3",2023-02-13,Dr. J. Nkosi,Monitoring
DX02312,P1905,G40.9,"Epilepsy, unspecified",2023-05-13,Dr. M. O'Brien,Resolved
DX02313,P1905,I25.10,Atherosclerotic heart disease,2024-09-09,Dr. Y. Tanaka,Active
DX02314,P1905,E11.9,Type 2 Diabetes Mellitus without complications,2024-03-09,Dr. Y. Tanaka,Active
DX02315,P1905,E03.9,"Hypothyroidism, unspecified",2023-07-28,Dr. C. Müller,Active
DX02316,P1906,I10,Essential Hypertension,2023-12-03,Dr. L. Torres,Monitoring
DX02317,P1907,M54.5,Low back pain,2024-08-24,Dr. M. O'Brien,Monitoring
DX02318,P1907,I25.10,Atherosclerotic heart disease,2022-06-01,Dr. R. Singh,Monitoring
DX02319,P1907,E11.9,Type 2 Diabetes Mellitus without complications,2024-04-27,Dr. M. O'Brien,Active
DX02320,P1908,K21.0,Gastro-oesophageal reflux disease,2022-06-30,Dr. Y. Tanaka,Active
DX02321,P1908,J45.9,"Asthma, unspecified",2023-11-03,Dr. L. Torres,Monitoring
DX02322,P1908,E78.5,"Hyperlipidaemia, unspecified",2024-12-23,Dr. L. Torres,Monitoring
DX02323,P1909,J18.9,"Pneumonia, unspecified",2022-05-20,Dr. R. Singh,Resolved
DX02324,P1910,C34.10,Malignant neoplasm of upper lobe bronchus,2024-08-17,Dr. J. Nkosi,Resolved
DX02325,P1910,J45.9,"Asthma, unspecified",2024-01-12,Dr. R. Singh,Active
DX02326,P1910,J18.9,"Pneumonia, unspecified",2023-06-15,Dr. L. Torres,Monitoring
DX02327,P1910,N18.3,"Chronic kidney disease, stage 3",2022-02-17,Dr. M. O'Brien,Active
DX02328,P1911,F32.1,"Major depressive disorder, moderate",2022-04-09,Dr. A. Patel,Monitoring
DX02329,P1911,M06.9,"Rheumatoid arthritis, unspecified",2024-02-04,Dr. A. Patel,Monitoring
DX02330,P1911,E03.9,"Hypothyroidism, unspecified",2024-06-14,Dr. A. Patel,Monitoring
DX02331,P1911,M54.5,Low back pain,2023-11-01,Dr. Y. Tanaka,Resolved
DX02332,P1912,I63.9,"Cerebral infarction, unspecified",2022-06-04,Dr. S. Khan,Monitoring
DX02333,P1912,E11.9,Type 2 Diabetes Mellitus without complications,2022-08-19,Dr. M. O'Brien,Monitoring
DX02334,P1912,C34.10,Malignant neoplasm of upper lobe bronchus,2022-06-29,Dr. Y. Tanaka,Monitoring
DX02335,P1913,E03.9,"Hypothyroidism, unspecified",2024-06-01,Dr. L. Torres,Resolved
DX02336,P1913,E11.9,Type 2 Diabetes Mellitus without complications,2024-07-13,Dr. M. O'Brien,Monitoring
DX02337,P1914,E11.9,Type 2 Diabetes Mellitus without complications,2023-11-27,Dr. Y. Tanaka,Monitoring
DX02338,P1914,J18.9,"Pneumonia, unspecified",2024-06-04,Dr. A. Patel,Resolved
DX02339,P1914,I63.9,"Cerebral infarction, unspecified",2023-08-25,Dr. A. Patel,Monitoring
DX02340,P1915,I10,Essential Hypertension,2024-05-24,Dr. M. O'Brien,Resolved
DX02341,P1915,M06.9,"Rheumatoid arthritis, unspecified",2023-04-02,Dr. R. Singh,Monitoring
DX02342,P1915,J45.9,"Asthma, unspecified",2024-07-26,Dr. J. Nkosi,Monitoring
DX02343,P1915,N18.3,"Chronic kidney disease, stage 3",2023-12-28,Dr. M. O'Brien,Active
DX02344,P1916,J45.9,"Asthma, unspecified",2023-01-07,Dr. S. Khan,Active
DX02345,P1916,I25.10,Atherosclerotic heart disease,2024-12-28,Dr. A. Patel,Active
DX02346,P1917,E11.9,Type 2 Diabetes Mellitus without complications,2023-04-17,Dr. J. Nkosi,Active
DX02347,P1917,N18.3,"Chronic kidney disease, stage 3",2023-09-13,Dr. M. O'Brien,Resolved
DX02348,P1917,G40.9,"Epilepsy, unspecified",2023-07-10,Dr. J. Nkosi,Active
DX02349,P1918,I10,Essential Hypertension,2022-09-10,Dr. C. Müller,Active
DX02350,P1918,J18.9,"Pneumonia, unspecified",2024-06-28,Dr. J. Nkosi,Resolved
DX02351,P1918,M54.5,Low back pain,2022-04-11,Dr. Y. Tanaka,Resolved
DX02352,P1919,J45.9,"Asthma, unspecified",2022-09-13,Dr. S. Khan,Active
DX02353,P1919,M06.9,"Rheumatoid arthritis, unspecified",2024-11-03,Dr. S. Khan,Active
DX02354,P1919,E03.9,"Hypothyroidism, unspecified",2023-03-06,Dr. S. Khan,Resolved
DX02355,P1919,F32.1,"Major depressive disorder, moderate",2024-01-04,Dr. R. Singh,Resolved
DX02356,P1920,J45.9,"Asthma, unspecified",2024-11-04,Dr. R. Singh,Resolved
DX02357,P1920,E11.9,Type 2 Diabetes Mellitus without complications,2023-06-07,Dr. S. Khan,Resolved
DX02358,P1921,I10,Essential Hypertension,2024-02-18,Dr. C. Müller,Resolved
DX02359,P1922,N18.3,"Chronic kidney disease, stage 3",2024-01-09,Dr. L. Torres,Active
DX02360,P1923,G40.9,"Epilepsy, unspecified",2022-06-22,Dr. C. Müller,Resolved
DX02361,P1923,I63.9,"Cerebral infarction, unspecified",2022-02-02,Dr. L. Torres,Monitoring
DX02362,P1923,I25.10,Atherosclerotic heart disease,2023-10-25,Dr. A. Patel,Active
DX02363,P1923,J45.9,"Asthma, unspecified",2023-05-25,Dr. M. O'Brien,Monitoring
DX02364,P1924,J18.9,"Pneumonia, unspecified",2024-11-28,Dr. M. O'Brien,Active
DX02365,P1925,E03.9,"Hypothyroidism, unspecified",2023-03-06,Dr. L. Torres,Resolved
DX02366,P1925,I10,Essential Hypertension,2024-04-29,Dr. M. O'Brien,Resolved
DX02367,P1925,G40.9,"Epilepsy, unspecified",2022-12-20,Dr. M. O'Brien,Monitoring
DX02368,P1925,K21.0,Gastro-oesophageal reflux disease,2022-11-07,Dr. M. O'Brien,Resolved
DX02369,P1926,E03.9,"Hypothyroidism, unspecified",2022-11-29,Dr. A. Patel,Resolved
DX02370,P1927,I25.10,Atherosclerotic heart disease,2024-02-04,Dr. L. Torres,Monitoring
DX02371,P1927,F32.1,"Major depressive disorder, moderate",2023-10-20,Dr. A. Patel,Active
DX02372,P1928,I10,Essential Hypertension,2022-10-23,Dr. C. Müller,Active
DX02373,P1928,M54.5,Low back pain,2024-02-12,Dr. M. O'Brien,Active
DX02374,P1928,M06.9,"Rheumatoid arthritis, unspecified",2022-07-25,Dr. A. Patel,Resolved
DX02375,P1929,E11.9,Type 2 Diabetes Mellitus without complications,2022-05-16,Dr. S. Khan,Resolved
DX02376,P1929,F32.1,"Major depressive disorder, moderate",2024-08-09,Dr. C. Müller,Monitoring
DX02377,P1930,J18.9,"Pneumonia, unspecified",2022-01-02,Dr. L. Torres,Resolved
DX02378,P1930,G40.9,"Epilepsy, unspecified",2024-08-19,Dr. L. Torres,Active
DX02379,P1930,K21.0,Gastro-oesophageal reflux disease,2023-10-24,Dr. R. Singh,Monitoring
DX02380,P1930,I63.9,"Cerebral infarction, unspecified",2022-07-17,Dr. Y. Tanaka,Resolved
DX02381,P1931,J18.9,"Pneumonia, unspecified",2024-11-20,Dr. M. O'Brien,Active
DX02382,P1931,J45.9,"Asthma, unspecified",2023-04-07,Dr. S. Khan,Monitoring
DX02383,P1932,C34.10,Malignant neoplasm of upper lobe bronchus,2024-04-07,Dr. L. Torres,Monitoring
DX02384,P1933,J45.9,"Asthma, unspecified",2023-04-09,Dr. L. Torres,Active
DX02385,P1934,N18.3,"Chronic kidney disease, stage 3",2024-11-30,Dr. L. Torres,Active
DX02386,P1934,C34.10,Malignant neoplasm of upper lobe bronchus,2023-11-03,Dr. C. Müller,Resolved
DX02387,P1934,M54.5,Low back pain,2022-10-25,Dr. A. Patel,Monitoring
DX02388,P1935,I63.9,"Cerebral infarction, unspecified",2023-01-09,Dr. A. Patel,Active
DX02389,P1935,I10,Essential Hypertension,2022-03-11,Dr. J. Nkosi,Active
DX02390,P1935,E03.9,"Hypothyroidism, unspecified",2024-03-23,Dr. R. Singh,Active
DX02391,P1935,J45.9,"Asthma, unspecified",2024-09-11,Dr. Y. Tanaka,Resolved
DX02392,P1936,I63.9,"Cerebral infarction, unspecified",2024-04-10,Dr. Y. Tanaka,Active
DX02393,P1936,G40.9,"Epilepsy, unspecified",2024-07-17,Dr. L. Torres,Monitoring
DX02394,P1937,E11.9,Type 2 Diabetes Mellitus without complications,2024-11-19,Dr. R. Singh,Resolved
DX02395,P1937,C34.10,Malignant neoplasm of upper lobe bronchus,2023-01-17,Dr. L. Torres,Resolved
DX02396,P1937,I25.10,Atherosclerotic heart disease,2024-09-25,Dr. Y. Tanaka,Monitoring
DX02397,P1937,I63.9,"Cerebral infarction, unspecified",2022-07-17,Dr. R. Singh,Monitoring
DX02398,P1938,E11.9,Type 2 Diabetes Mellitus without complications,2024-05-23,Dr. A. Patel,Monitoring
DX02399,P1938,E03.9,"Hypothyroidism, unspecified",2022-09-16,Dr. S. Khan,Active
DX02400,P1938,N18.3,"Chronic kidney disease, stage 3",2024-07-25,Dr. S. Khan,Active
DX02401,P1939,J18.9,"Pneumonia, unspecified",2023-09-21,Dr. Y. Tanaka,Resolved
DX02402,P1939,G40.9,"Epilepsy, unspecified",2022-06-19,Dr. M. O'Brien,Resolved
DX02403,P1939,N18.3,"Chronic kidney disease, stage 3",2024-11-12,Dr. J. Nkosi,Active
DX02404,P1940,E03.9,"Hypothyroidism, unspecified",2023-02-11,Dr. R. Singh,Monitoring
DX02405,P1940,I10,Essential Hypertension,2022-11-07,Dr. A. Patel,Monitoring
DX02406,P1941,E78.5,"Hyperlipidaemia, unspecified",2024-12-23,Dr. M. O'Brien,Resolved
DX02407,P1941,J45.9,"Asthma, unspecified",2022-11-22,Dr. S. Khan,Monitoring
DX02408,P1941,C34.10,Malignant neoplasm of upper lobe bronchus,2022-12-06,Dr. J. Nkosi,Monitoring
DX02409,P1942,E78.5,"Hyperlipidaemia, unspecified",2024-05-18,Dr. J. Nkosi,Resolved
DX02410,P1942,K21.0,Gastro-oesophageal reflux disease,2022-04-11,Dr. C. Müller,Resolved
DX02411,P1943,M06.9,"Rheumatoid arthritis, unspecified",2024-08-16,Dr. R. Singh,Active
DX02412,P1943,E78.5,"Hyperlipidaemia, unspecified",2023-09-07,Dr. A. Patel,Active
DX02413,P1943,F32.1,"Major depressive disorder, moderate",2023-05-30,Dr. L. Torres,Active
DX02414,P1943,M54.5,Low back pain,2022-05-17,Dr. A. Patel,Resolved
DX02415,P1944,J18.9,"Pneumonia, unspecified",2022-11-25,Dr. J. Nkosi,Resolved
DX02416,P1944,M54.5,Low back pain,2022-11-23,Dr. C. Müller,Resolved
DX02417,P1945,J45.9,"Asthma, unspecified",2023-12-19,Dr. S. Khan,Active
DX02418,P1945,G40.9,"Epilepsy, unspecified",2023-07-20,Dr. M. O'Brien,Resolved
DX02419,P1946,C34.10,Malignant neoplasm of upper lobe bronchus,2022-11-07,Dr. J. Nkosi,Resolved
DX02420,P1947,I63.9,"Cerebral infarction, unspecified",2023-11-02,Dr. A. Patel,Monitoring
DX02421,P1947,I25.10,Atherosclerotic heart disease,2022-08-29,Dr. L. Torres,Monitoring
DX02422,P1948,E03.9,"Hypothyroidism, unspecified",2024-08-22,Dr. J. Nkosi,Monitoring
DX02423,P1949,I25.10,Atherosclerotic heart disease,2024-07-19,Dr. M. O'Brien,Active
DX02424,P1949,G40.9,"Epilepsy, unspecified",2023-12-01,Dr. L. Torres,Active
DX02425,P1949,E11.9,Type 2 Diabetes Mellitus without complications,2024-02-21,Dr. L. Torres,Active
DX02426,P1949,E78.5,"Hyperlipidaemia, unspecified",2024-08-13,Dr. C. Müller,Monitoring
DX02427,P1950,M06.9,"Rheumatoid arthritis, unspecified",2024-09-24,Dr. L. Torres,Active
DX02428,P1950,C34.10,Malignant neoplasm of upper lobe bronchus,2024-12-06,Dr. S. Khan,Active
DX02429,P1951,J45.9,"Asthma, unspecified",2024-10-09,Dr. C. Müller,Resolved
DX02430,P1951,G40.9,"Epilepsy, unspecified",2022-04-27,Dr. S. Khan,Resolved
DX02431,P1951,I63.9,"Cerebral infarction, unspecified",2023-07-19,Dr. L. Torres,Monitoring
DX02432,P1952,F32.1,"Major depressive disorder, moderate",2024-01-01,Dr. S. Khan,Active
DX02433,P1952,I63.9,"Cerebral infarction, unspecified",2022-07-27,Dr. Y. Tanaka,Active
DX02434,P1952,I25.10,Atherosclerotic heart disease,2024-10-10,Dr. J. Nkosi,Monitoring
DX02435,P1953,I63.9,"Cerebral infarction, unspecified",2024-09-26,Dr. C. Müller,Monitoring
DX02436,P1953,I25.10,Atherosclerotic heart disease,2024-11-28,Dr. C. Müller,Active
DX02437,P1953,E11.9,Type 2 Diabetes Mellitus without complications,2022-08-09,Dr. S. Khan,Monitoring
DX02438,P1953,C34.10,Malignant neoplasm of upper lobe bronchus,2022-07-14,Dr. S. Khan,Active
DX02439,P1954,K21.0,Gastro-oesophageal reflux disease,2024-05-13,Dr. C. Müller,Monitoring
DX02440,P1954,I63.9,"Cerebral infarction, unspecified",2022-03-23,Dr. R. Singh,Monitoring
DX02441,P1954,C34.10,Malignant neoplasm of upper lobe bronchus,2024-06-20,Dr. Y. Tanaka,Monitoring
DX02442,P1955,F32.1,"Major depressive disorder, moderate",2024-06-03,Dr. A. Patel,Active
DX02443,P1956,I10,Essential Hypertension,2023-11-05,Dr. S. Khan,Resolved
DX02444,P1956,I63.9,"Cerebral infarction, unspecified",2024-04-24,Dr. A. Patel,Monitoring
DX02445,P1957,G40.9,"Epilepsy, unspecified",2023-12-06,Dr. R. Singh,Active
DX02446,P1957,I25.10,Atherosclerotic heart disease,2023-07-21,Dr. Y. Tanaka,Active
DX02447,P1957,N18.3,"Chronic kidney disease, stage 3",2023-10-27,Dr. Y. Tanaka,Monitoring
DX02448,P1957,I63.9,"Cerebral infarction, unspecified",2023-06-23,Dr. M. O'Brien,Active
DX02449,P1958,C34.10,Malignant neoplasm of upper lobe bronchus,2023-12-15,Dr. M. O'Brien,Resolved
DX02450,P1958,F32.1,"Major depressive disorder, moderate",2022-07-02,Dr. R. Singh,Resolved
DX02451,P1958,E03.9,"Hypothyroidism, unspecified",2023-04-12,Dr. R. Singh,Resolved
DX02452,P1959,M06.9,"Rheumatoid arthritis, unspecified",2022-07-05,Dr. C. Müller,Resolved
DX02453,P1960,I63.9,"Cerebral infarction, unspecified",2023-02-19,Dr. L. Torres,Monitoring
DX02454,P1960,J18.9,"Pneumonia, unspecified",2024-09-21,Dr. R. Singh,Resolved
DX02455,P1960,E03.9,"Hypothyroidism, unspecified",2024-06-15,Dr. R. Singh,Active
DX02456,P1960,F32.1,"Major depressive disorder, moderate",2022-12-12,Dr. R. Singh,Active
DX02457,P1961,J45.9,"Asthma, unspecified",2023-09-28,Dr. L. Torres,Monitoring
DX02458,P1962,F32.1,"Major depressive disorder, moderate",2022-06-05,Dr. J. Nkosi,Active
DX02459,P1962,K21.0,Gastro-oesophageal reflux disease,2022-07-05,Dr. C. Müller,Resolved
DX02460,P1963,C34.10,Malignant neoplasm of upper lobe bronchus,2024-12-27,Dr. R. Singh,Resolved
DX02461,P1963,N18.3,"Chronic kidney disease, stage 3",2022-09-30,Dr. C. Müller,Active
DX02462,P1964,K21.0,Gastro-oesophageal reflux disease,2023-10-26,Dr. J. Nkosi,Resolved
DX02463,P1964,M06.9,"Rheumatoid arthritis, unspecified",2022-03-25,Dr. J. Nkosi,Monitoring
DX02464,P1964,E11.9,Type 2 Diabetes Mellitus without complications,2022-11-14,Dr. L. Torres,Active
DX02465,P1965,J45.9,"Asthma, unspecified",2023-05-18,Dr. J. Nkosi,Resolved
DX02466,P1965,G40.9,"Epilepsy, unspecified",2023-03-19,Dr. M. O'Brien,Active
DX02467,P1965,C34.10,Malignant neoplasm of upper lobe bronchus,2023-08-31,Dr. J. Nkosi,Active
DX02468,P1965,M06.9,"Rheumatoid arthritis, unspecified",2024-09-16,Dr. Y. Tanaka,Resolved
DX02469,P1966,F32.1,"Major depressive disorder, moderate",2024-11-28,Dr. C. Müller,Monitoring
DX02470,P1966,J18.9,"Pneumonia, unspecified",2024-03-03,Dr. L. Torres,Monitoring
DX02471,P1967,E03.9,"Hypothyroidism, unspecified",2024-06-02,Dr. R. Singh,Resolved
DX02472,P1967,M06.9,"Rheumatoid arthritis, unspecified",2023-04-26,Dr. R. Singh,Monitoring
DX02473,P1967,I25.10,Atherosclerotic heart disease,2024-01-02,Dr. S. Khan,Monitoring
DX02474,P1968,N18.3,"Chronic kidney disease, stage 3",2023-05-21,Dr. M. O'Brien,Active
DX02475,P1968,G40.9,"Epilepsy, unspecified",2024-11-05,Dr. Y. Tanaka,Monitoring
DX02476,P1969,E11.9,Type 2 Diabetes Mellitus without complications,2023-04-12,Dr. R. Singh,Monitoring
DX02477,P1969,E03.9,"Hypothyroidism, unspecified",2023-04-04,Dr. Y. Tanaka,Resolved
DX02478,P1969,K21.0,Gastro-oesophageal reflux disease,2022-04-19,Dr. Y. Tanaka,Monitoring
DX02479,P1970,M54.5,Low back pain,2022-12-17,Dr. A. Patel,Monitoring
DX02480,P1970,K21.0,Gastro-oesophageal reflux disease,2024-07-07,Dr. A. Patel,Resolved
DX02481,P1970,F32.1,"Major depressive disorder, moderate",2024-09-03,Dr. M. O'Brien,Active
DX02482,P1970,E11.9,Type 2 Diabetes Mellitus without complications,2023-12-27,Dr. S. Khan,Monitoring
DX02483,P1971,K21.0,Gastro-oesophageal reflux disease,2022-02-26,Dr. Y. Tanaka,Resolved
DX02484,P1971,I25.10,Atherosclerotic heart disease,2022-10-01,Dr. C. Müller,Active
DX02485,P1971,C34.10,Malignant neoplasm of upper lobe bronchus,2024-07-14,Dr. L. Torres,Monitoring
DX02486,P1972,N18.3,"Chronic kidney disease, stage 3",2024-11-06,Dr. C. Müller,Active
DX02487,P1972,J45.9,"Asthma, unspecified",2023-10-07,Dr. A. Patel,Monitoring
DX02488,P1972,K21.0,Gastro-oesophageal reflux disease,2022-04-19,Dr. R. Singh,Monitoring
DX02489,P1973,E03.9,"Hypothyroidism, unspecified",2022-05-26,Dr. S. Khan,Monitoring
DX02490,P1974,C34.10,Malignant neoplasm of upper lobe bronchus,2023-05-25,Dr. M. O'Brien,Active
DX02491,P1974,J18.9,"Pneumonia, unspecified",2022-03-02,Dr. Y. Tanaka,Monitoring
DX02492,P1974,M06.9,"Rheumatoid arthritis, unspecified",2022-09-02,Dr. R. Singh,Active
DX02493,P1974,J45.9,"Asthma, unspecified",2022-07-12,Dr. C. Müller,Monitoring
DX02494,P1975,E03.9,"Hypothyroidism, unspecified",2024-08-29,Dr. M. O'Brien,Resolved
DX02495,P1975,F32.1,"Major depressive disorder, moderate",2023-01-10,Dr. S. Khan,Resolved
DX02496,P1975,G40.9,"Epilepsy, unspecified",2023-12-29,Dr. M. O'Brien,Monitoring
DX02497,P1975,C34.10,Malignant neoplasm of upper lobe bronchus,2024-05-31,Dr. L. Torres,Resolved
DX02498,P1976,J18.9,"Pneumonia, unspecified",2023-06-18,Dr. C. Müller,Active
DX02499,P1977,N18.3,"Chronic kidney disease, stage 3",2022-06-17,Dr. R. Singh,Resolved
DX02500,P1977,I63.9,"Cerebral infarction, unspecified",2022-07-12,Dr. L. Torres,Active
DX02501,P1978,E78.5,"Hyperlipidaemia, unspecified",2022-05-02,Dr. R. Singh,Active
DX02502,P1979,I10,Essential Hypertension,2022-01-26,Dr. A. Patel,Resolved
DX02503,P1979,E78.5,"Hyperlipidaemia, unspecified",2024-02-27,Dr. L. Torres,Active
DX02504,P1980,G40.9,"Epilepsy, unspecified",2023-01-22,Dr. Y. Tanaka,Active
DX02505,P1980,E11.9,Type 2 Diabetes Mellitus without complications,2023-03-24,Dr. R. Singh,Active
DX02506,P1980,J18.9,"Pneumonia, unspecified",2022-11-13,Dr. R. Singh,Monitoring
DX02507,P1981,M06.9,"Rheumatoid arthritis, unspecified",2022-12-30,Dr. M. O'Brien,Resolved
DX02508,P1981,M54.5,Low back pain,2022-03-04,Dr. A. Patel,Monitoring
DX02509,P1982,E03.9,"Hypothyroidism, unspecified",2023-10-01,Dr. L. Torres,Active
DX02510,P1983,I63.9,"Cerebral infarction, unspecified",2024-11-27,Dr. M. O'Brien,Active
DX02511,P1983,J18.9,"Pneumonia, unspecified",2024-10-16,Dr. J. Nkosi,Monitoring
DX02512,P1983,K21.0,Gastro-oesophageal reflux disease,2022-11-14,Dr. R. Singh,Resolved
DX02513,P1984,E03.9,"Hypothyroidism, unspecified",2022-05-15,Dr. R. Singh,Active
DX02514,P1984,M54.5,Low back pain,2024-01-19,Dr. M. O'Brien,Active
DX02515,P1984,E11.9,Type 2 Diabetes Mellitus without complications,2024-10-02,Dr. J. Nkosi,Resolved
DX02516,P1984,I63.9,"Cerebral infarction, unspecified",2022-03-27,Dr. R. Singh,Active
DX02517,P1985,E03.9,"Hypothyroidism, unspecified",2022-07-22,Dr. S. Khan,Monitoring
DX02518,P1985,G40.9,"Epilepsy, unspecified",2023-10-19,Dr. C. Müller,Monitoring
DX02519,P1985,I63.9,"Cerebral infarction, unspecified",2023-02-16,Dr. L. Torres,Resolved
DX02520,P1985,C34.10,Malignant neoplasm of upper lobe bronchus,2022-10-05,Dr. Y. Tanaka,Active
DX02521,P1986,I63.9,"Cerebral infarction, unspecified",2024-06-10,Dr. C. Müller,Active
DX02522,P1986,F32.1,"Major depressive disorder, moderate",2024-10-01,Dr. A. Patel,Resolved
DX02523,P1986,G40.9,"Epilepsy, unspecified",2022-08-02,Dr. R. Singh,Monitoring
DX02524,P1987,K21.0,Gastro-oesophageal reflux disease,2023-08-12,Dr. A. Patel,Monitoring
DX02525,P1987,F32.1,"Major depressive disorder, moderate",2022-03-27,Dr. J. Nkosi,Active
DX02526,P1987,I25.10,Atherosclerotic heart disease,2023-09-21,Dr. M. O'Brien,Monitoring
DX02527,P1987,M54.5,Low back pain,2023-10-05,Dr. A. Patel,Monitoring
DX02528,P1988,I10,Essential Hypertension,2023-09-13,Dr. C. Müller,Active
DX02529,P1989,E78.5,"Hyperlipidaemia, unspecified",2024-06-07,Dr. M. O'Brien,Monitoring
DX02530,P1989,I10,Essential Hypertension,2024-01-30,Dr. A. Patel,Active
DX02531,P1989,I63.9,"Cerebral infarction, unspecified",2022-07-22,Dr. Y. Tanaka,Active
DX02532,P1990,C34.10,Malignant neoplasm of upper lobe bronchus,2022-05-30,Dr. J. Nkosi,Resolved
DX02533,P1990,N18.3,"Chronic kidney disease, stage 3",2023-02-28,Dr. A. Patel,Active
DX02534,P1991,J45.9,"Asthma, unspecified",2022-01-10,Dr. J. Nkosi,Monitoring
DX02535,P1991,C34.10,Malignant neoplasm of upper lobe bronchus,2023-11-09,Dr. M. O'Brien,Resolved
DX02536,P1991,E11.9,Type 2 Diabetes Mellitus without complications,2023-04-13,Dr. R. Singh,Resolved
DX02537,P1991,I25.10,Atherosclerotic heart disease,2022-04-02,Dr. M. O'Brien,Active
DX02538,P1992,K21.0,Gastro-oesophageal reflux disease,2023-06-13,Dr. C. Müller,Monitoring
DX02539,P1992,I63.9,"Cerebral infarction, unspecified",2023-09-27,Dr. J. Nkosi,Monitoring
DX02540,P1993,F32.1,"Major depressive disorder, moderate",2024-05-01,Dr. C. Müller,Resolved
DX02541,P1993,C34.10,Malignant neoplasm of upper lobe bronchus,2023-07-24,Dr. J. Nkosi,Resolved
DX02542,P1993,I10,Essential Hypertension,2023-06-04,Dr. A. Patel,Monitoring
DX02543,P1994,I10,Essential Hypertension,2022-09-21,Dr. J. Nkosi,Active
DX02544,P1994,C34.10,Malignant neoplasm of upper lobe bronchus,2022-08-23,Dr. S. Khan,Active
DX02545,P1994,E03.9,"Hypothyroidism, unspecified",2024-09-27,Dr. S. Khan,Active
DX02546,P1994,M54.5,Low back pain,2023-11-02,Dr. M. O'Brien,Monitoring
DX02547,P1995,I63.9,"Cerebral infarction, unspecified",2024-03-26,Dr. L. Torres,Monitoring
DX02548,P1995,C34.10,Malignant neoplasm of upper lobe bronchus,2023-08-10,Dr. L. Torres,Monitoring
DX02549,P1995,G40.9,"Epilepsy, unspecified",2023-06-20,Dr. S. Khan,Active
DX02550,P1996,G40.9,"Epilepsy, unspecified",2024-10-16,Dr. J. Nkosi,Active
DX02551,P1996,J45.9,"Asthma, unspecified",2024-11-27,Dr. A. Patel,Resolved
DX02552,P1996,E11.9,Type 2 Diabetes Mellitus without complications,2024-09-07,Dr. S. Khan,Active
DX02553,P1996,E78.5,"Hyperlipidaemia, unspecified",2023-04-14,Dr. A. Patel,Resolved
DX02554,P1997,E11.9,Type 2 Diabetes Mellitus without complications,2022-05-19,Dr. J. Nkosi,Resolved
DX02555,P1997,E03.9,"Hypothyroidism, unspecified",2024-01-30,Dr. Y. Tanaka,Monitoring
DX02556,P1998,M54.5,Low back pain,2022-03-26,Dr. J. Nkosi,Active
DX02557,P1998,K21.0,Gastro-oesophageal reflux disease,2023-10-14,Dr. A. Patel,Monitoring
DX02558,P1999,J18.9,"Pneumonia, unspecified",2023-12-01,Dr. L. Torres,Active
DX02559,P2000,M54.5,Low back pain,2022-04-26,Dr. C. Müller,Resolved
DX02560,P2000,J45.9,"Asthma, unspecified",2022-11-10,Dr. L. Torres,Monitoring
DX02561,P2000,I63.9,"Cerebral infarction, unspecified",2022-05-11,Dr. J. Nkosi,Active
DX02562,P2001,N18.3,"Chronic kidney disease, stage 3",2024-06-17,Dr. A. Patel,Resolved
DX02563,P2001,I63.9,"Cerebral infarction, unspecified",2022-05-23,Dr. J. Nkosi,Monitoring
DX02564,P2002,E78.5,"Hyperlipidaemia, unspecified",2023-10-13,Dr. A. Patel,Active
DX02565,P2002,J18.9,"Pneumonia, unspecified",2022-05-14,Dr. C. Müller,Monitoring
DX02566,P2002,G40.9,"Epilepsy, unspecified",2024-12-30,Dr. A. Patel,Monitoring
DX02567,P2003,C34.10,Malignant neoplasm of upper lobe bronchus,2024-01-29,Dr. A. Patel,Active
DX02568,P2003,N18.3,"Chronic kidney disease, stage 3",2022-08-01,Dr. J. Nkosi,Active
DX02569,P2004,I10,Essential Hypertension,2022-09-03,Dr. J. Nkosi,Monitoring
DX02570,P2004,K21.0,Gastro-oesophageal reflux disease,2022-03-14,Dr. S. Khan,Active
DX02571,P2004,M06.9,"Rheumatoid arthritis, unspecified",2024-09-02,Dr. C. Müller,Resolved
DX02572,P2004,F32.1,"Major depressive disorder, moderate",2024-03-03,Dr. Y. Tanaka,Monitoring
DX02573,P2005,I63.9,"Cerebral infarction, unspecified",2023-05-28,Dr. R. Singh,Monitoring
DX02574,P2005,M54.5,Low back pain,2024-07-20,Dr. Y. Tanaka,Active
DX02575,P2006,E78.5,"Hyperlipidaemia, unspecified",2023-08-11,Dr. M. O'Brien,Resolved
DX02576,P2006,N18.3,"Chronic kidney disease, stage 3",2023-06-11,Dr. M. O'Brien,Resolved
DX02577,P2006,J45.9,"Asthma, unspecified",2022-02-12,Dr. C. Müller,Resolved
DX02578,P2006,J18.9,"Pneumonia, unspecified",2022-10-22,Dr. A. Patel,Resolved
DX02579,P2007,C34.10,Malignant neoplasm of upper lobe bronchus,2022-09-14,Dr. R. Singh,Active
DX02580,P2007,E78.5,"Hyperlipidaemia, unspecified",2024-04-11,Dr. C. Müller,Resolved
DX02581,P2007,J45.9,"Asthma, unspecified",2024-08-01,Dr. Y. Tanaka,Resolved
DX02582,P2007,F32.1,"Major depressive disorder, moderate",2024-03-06,Dr. Y. Tanaka,Resolved
DX02583,P2008,N18.3,"Chronic kidney disease, stage 3",2022-09-30,Dr. J. Nkosi,Active
DX02584,P2008,I63.9,"Cerebral infarction, unspecified",2023-03-21,Dr. J. Nkosi,Monitoring
DX02585,P2008,F32.1,"Major depressive disorder, moderate",2023-02-03,Dr. R. Singh,Resolved
DX02586,P2009,N18.3,"Chronic kidney disease, stage 3",2024-03-15,Dr. M. O'Brien,Resolved
DX02587,P2009,I63.9,"Cerebral infarction, unspecified",2022-08-11,Dr. Y. Tanaka,Resolved
DX02588,P2009,I25.10,Atherosclerotic heart disease,2024-04-24,Dr. A. Patel,Active
DX02589,P2009,J45.9,"Asthma, unspecified",2023-03-21,Dr. R. Singh,Monitoring
DX02590,P2010,I63.9,"Cerebral infarction, unspecified",2024-11-25,Dr. C. Müller,Active
DX02591,P2010,F32.1,"Major depressive disorder, moderate",2024-06-26,Dr. A. Patel,Monitoring
DX02592,P2011,F32.1,"Major depressive disorder, moderate",2022-12-19,Dr. L. Torres,Monitoring
DX02593,P2011,K21.0,Gastro-oesophageal reflux disease,2022-11-16,Dr. C. Müller,Monitoring
DX02594,P2012,J18.9,"Pneumonia, unspecified",2023-10-11,Dr. Y. Tanaka,Active
DX02595,P2012,F32.1,"Major depressive disorder, moderate",2022-09-25,Dr. Y. Tanaka,Resolved
DX02596,P2013,I63.9,"Cerebral infarction, unspecified",2022-07-18,Dr. S. Khan,Active
DX02597,P2014,I10,Essential Hypertension,2022-04-19,Dr. R. Singh,Active
DX02598,P2015,M06.9,"Rheumatoid arthritis, unspecified",2022-11-05,Dr. J. Nkosi,Resolved
DX02599,P2015,N18.3,"Chronic kidney disease, stage 3",2022-05-16,Dr. R. Singh,Monitoring
DX02600,P2015,J45.9,"Asthma, unspecified",2023-10-09,Dr. Y. Tanaka,Resolved
DX02601,P2016,C34.10,Malignant neoplasm of upper lobe bronchus,2023-09-14,Dr. S. Khan,Monitoring
DX02602,P2016,J18.9,"Pneumonia, unspecified",2022-11-24,Dr. M. O'Brien,Active
DX02603,P2016,I25.10,Atherosclerotic heart disease,2024-04-30,Dr. S. Khan,Monitoring
DX02604,P2017,J18.9,"Pneumonia, unspecified",2024-08-19,Dr. L. Torres,Monitoring
DX02605,P2017,E78.5,"Hyperlipidaemia, unspecified",2023-05-26,Dr. S. Khan,Monitoring
DX02606,P2017,G40.9,"Epilepsy, unspecified",2022-10-28,Dr. Y. Tanaka,Active
DX02607,P2017,I63.9,"Cerebral infarction, unspecified",2022-03-22,Dr. M. O'Brien,Resolved
DX02608,P2018,F32.1,"Major depressive disorder, moderate",2024-01-13,Dr. Y. Tanaka,Monitoring
DX02609,P2018,M54.5,Low back pain,2023-01-08,Dr. Y. Tanaka,Active
DX02610,P2018,J18.9,"Pneumonia, unspecified",2024-10-04,Dr. R. Singh,Resolved
DX02611,P2018,I10,Essential Hypertension,2022-06-24,Dr. R. Singh,Active
DX02612,P2019,J18.9,"Pneumonia, unspecified",2023-09-07,Dr. C. Müller,Active
DX02613,P2019,K21.0,Gastro-oesophageal reflux disease,2022-08-16,Dr. J. Nkosi,Monitoring
DX02614,P2020,I25.10,Atherosclerotic heart disease,2022-06-20,Dr. R. Singh,Monitoring
DX02615,P2020,C34.10,Malignant neoplasm of upper lobe bronchus,2024-10-10,Dr. A. Patel,Monitoring
DX02616,P2020,E03.9,"Hypothyroidism, unspecified",2024-05-05,Dr. M. O'Brien,Resolved
DX02617,P2021,J45.9,"Asthma, unspecified",2024-12-01,Dr. A. Patel,Resolved
DX02618,P2021,E78.5,"Hyperlipidaemia, unspecified",2023-10-15,Dr. M. O'Brien,Active
DX02619,P2021,I25.10,Atherosclerotic heart disease,2023-05-05,Dr. L. Torres,Resolved
DX02620,P2022,F32.1,"Major depressive disorder, moderate",2024-07-27,Dr. S. Khan,Resolved
DX02621,P2022,N18.3,"Chronic kidney disease, stage 3",2022-03-06,Dr. M. O'Brien,Monitoring
DX02622,P2022,I10,Essential Hypertension,2022-01-22,Dr. A. Patel,Resolved
DX02623,P2022,I25.10,Atherosclerotic heart disease,2024-02-19,Dr. J. Nkosi,Resolved
DX02624,P2023,F32.1,"Major depressive disorder, moderate",2023-07-08,Dr. C. Müller,Resolved
DX02625,P2023,I10,Essential Hypertension,2024-01-22,Dr. C. Müller,Resolved
DX02626,P2023,C34.10,Malignant neoplasm of upper lobe bronchus,2023-12-02,Dr. M. O'Brien,Resolved
DX02627,P2023,I63.9,"Cerebral infarction, unspecified",2023-06-20,Dr. J. Nkosi,Resolved
DX02628,P2024,I25.10,Atherosclerotic heart disease,2022-06-23,Dr. R. Singh,Monitoring
DX02629,P2024,E11.9,Type 2 Diabetes Mellitus without complications,2022-08-21,Dr. A. Patel,Active
DX02630,P2024,M54.5,Low back pain,2022-08-08,Dr. J. Nkosi,Active
DX02631,P2025,N18.3,"Chronic kidney disease, stage 3",2022-11-12,Dr. J. Nkosi,Active
DX02632,P2025,E11.9,Type 2 Diabetes Mellitus without complications,2022-06-04,Dr. A. Patel,Monitoring
DX02633,P2026,C34.10,Malignant neoplasm of upper lobe bronchus,2023-11-30,Dr. S. Khan,Active
DX02634,P2027,I63.9,"Cerebral infarction, unspecified",2022-08-05,Dr. S. Khan,Active
DX02635,P2027,G40.9,"Epilepsy, unspecified",2022-10-12,Dr. J. Nkosi,Monitoring
DX02636,P2027,N18.3,"Chronic kidney disease, stage 3",2022-06-16,Dr. M. O'Brien,Active
DX02637,P2027,M06.9,"Rheumatoid arthritis, unspecified",2022-07-07,Dr. A. Patel,Resolved
DX02638,P2028,J45.9,"Asthma, unspecified",2022-06-12,Dr. C. Müller,Resolved
DX02639,P2028,I10,Essential Hypertension,2024-12-20,Dr. J. Nkosi,Resolved
DX02640,P2029,C34.10,Malignant neoplasm of upper lobe bronchus,2023-01-17,Dr. Y. Tanaka,Resolved
DX02641,P2029,M54.5,Low back pain,2022-05-06,Dr. Y. Tanaka,Active
DX02642,P2030,E11.9,Type 2 Diabetes Mellitus without complications,2022-12-27,Dr. J. Nkosi,Resolved
DX02643,P2031,M06.9,"Rheumatoid arthritis, unspecified",2023-01-23,Dr. S. Khan,Monitoring
DX02644,P2031,E78.5,"Hyperlipidaemia, unspecified",2022-06-05,Dr. J. Nkosi,Active
DX02645,P2032,E03.9,"Hypothyroidism, unspecified",2024-03-19,Dr. L. Torres,Monitoring
DX02646,P2032,J45.9,"Asthma, unspecified",2024-04-24,Dr. L. Torres,Active
DX02647,P2032,J18.9,"Pneumonia, unspecified",2024-05-23,Dr. L. Torres,Resolved
DX02648,P2033,E78.5,"Hyperlipidaemia, unspecified",2023-05-31,Dr. L. Torres,Active
DX02649,P2033,I10,Essential Hypertension,2022-05-13,Dr. A. Patel,Active
DX02650,P2034,N18.3,"Chronic kidney disease, stage 3",2024-05-30,Dr. S. Khan,Monitoring
DX02651,P2034,C34.10,Malignant neoplasm of upper lobe bronchus,2024-07-02,Dr. A. Patel,Monitoring
DX02652,P2034,I10,Essential Hypertension,2022-06-30,Dr. R. Singh,Monitoring
DX02653,P2034,K21.0,Gastro-oesophageal reflux disease,2024-01-11,Dr. S. Khan,Monitoring
DX02654,P2035,C34.10,Malignant neoplasm of upper lobe bronchus,2024-07-12,Dr. R. Singh,Monitoring
DX02655,P2035,G40.9,"Epilepsy, unspecified",2024-09-10,Dr. R. Singh,Resolved
DX02656,P2035,N18.3,"Chronic kidney disease, stage 3",2023-09-07,Dr. Y. Tanaka,Resolved
DX02657,P2036,J45.9,"Asthma, unspecified",2022-12-16,Dr. A. Patel,Monitoring
DX02658,P2036,K21.0,Gastro-oesophageal reflux disease,2023-12-24,Dr. C. Müller,Resolved
DX02659,P2037,N18.3,"Chronic kidney disease, stage 3",2024-08-09,Dr. Y. Tanaka,Active
DX02660,P2037,E03.9,"Hypothyroidism, unspecified",2022-10-18,Dr. C. Müller,Resolved
DX02661,P2037,F32.1,"Major depressive disorder, moderate",2022-02-20,Dr. M. O'Brien,Resolved
DX02662,P2037,M54.5,Low back pain,2024-02-21,Dr. M. O'Brien,Resolved
DX02663,P2038,I10,Essential Hypertension,2022-12-20,Dr. M. O'Brien,Monitoring
DX02664,P2038,F32.1,"Major depressive disorder, moderate",2023-01-12,Dr. J. Nkosi,Active
DX02665,P2038,E03.9,"Hypothyroidism, unspecified",2022-02-03,Dr. C. Müller,Resolved
DX02666,P2039,I25.10,Atherosclerotic heart disease,2023-02-10,Dr. A. Patel,Resolved
DX02667,P2039,N18.3,"Chronic kidney disease, stage 3",2024-03-14,Dr. M. O'Brien,Resolved
DX02668,P2040,J45.9,"Asthma, unspecified",2024-10-19,Dr. C. Müller,Resolved
DX02669,P2040,M06.9,"Rheumatoid arthritis, unspecified",2022-11-24,Dr. Y. Tanaka,Monitoring
DX02670,P2040,M54.5,Low back pain,2022-05-03,Dr. R. Singh,Active
DX02671,P2041,N18.3,"Chronic kidney disease, stage 3",2024-09-03,Dr. L. Torres,Active
DX02672,P2042,E78.5,"Hyperlipidaemia, unspecified",2023-03-20,Dr. C. Müller,Resolved
DX02673,P2042,M54.5,Low back pain,2022-01-27,Dr. L. Torres,Monitoring
DX02674,P2043,N18.3,"Chronic kidney disease, stage 3",2023-09-29,Dr. C. Müller,Monitoring
DX02675,P2043,I63.9,"Cerebral infarction, unspecified",2022-09-07,Dr. M. O'Brien,Monitoring
DX02676,P2044,N18.3,"Chronic kidney disease, stage 3",2022-09-20,Dr. R. Singh,Monitoring
DX02677,P2044,C34.10,Malignant neoplasm of upper lobe bronchus,2024-08-27,Dr. S. Khan,Active
DX02678,P2044,M06.9,"Rheumatoid arthritis, unspecified",2024-07-04,Dr. R. Singh,Resolved
DX02679,P2045,J45.9,"Asthma, unspecified",2023-04-24,Dr. R. Singh,Monitoring
DX02680,P2045,N18.3,"Chronic kidney disease, stage 3",2024-09-02,Dr. L. Torres,Monitoring
DX02681,P2046,K21.0,Gastro-oesophageal reflux disease,2023-02-03,Dr. M. O'Brien,Resolved
DX02682,P2046,E03.9,"Hypothyroidism, unspecified",2023-04-14,Dr. J. Nkosi,Active
DX02683,P2046,N18.3,"Chronic kidney disease, stage 3",2024-09-27,Dr. Y. Tanaka,Active
DX02684,P2047,E78.5,"Hyperlipidaemia, unspecified",2022-10-31,Dr. R. Singh,Active
DX02685,P2047,E11.9,Type 2 Diabetes Mellitus without complications,2024-12-19,Dr. Y. Tanaka,Resolved
DX02686,P2047,F32.1,"Major depressive disorder, moderate",2023-06-29,Dr. S. Khan,Resolved
DX02687,P2048,E03.9,"Hypothyroidism, unspecified",2022-10-21,Dr. R. Singh,Active
DX02688,P2048,J45.9,"Asthma, unspecified",2024-08-28,Dr. J. Nkosi,Active
DX02689,P2048,M06.9,"Rheumatoid arthritis, unspecified",2022-01-07,Dr. R. Singh,Resolved
DX02690,P2048,I25.10,Atherosclerotic heart disease,2024-09-15,Dr. M. O'Brien,Resolved
DX02691,P2049,M54.5,Low back pain,2023-02-14,Dr. J. Nkosi,Monitoring
DX02692,P2049,N18.3,"Chronic kidney disease, stage 3",2022-09-04,Dr. L. Torres,Monitoring
DX02693,P2049,K21.0,Gastro-oesophageal reflux disease,2022-05-05,Dr. J. Nkosi,Monitoring
DX02694,P2050,J45.9,"Asthma, unspecified",2024-05-16,Dr. A. Patel,Resolved
DX02695,P2050,E03.9,"Hypothyroidism, unspecified",2023-06-19,Dr. J. Nkosi,Active
DX02696,P2050,F32.1,"Major depressive disorder, moderate",2023-08-30,Dr. A. Patel,Active
DX02697,P2051,E11.9,Type 2 Diabetes Mellitus without complications,2024-07-03,Dr. C. Müller,Monitoring
DX02698,P2051,N18.3,"Chronic kidney disease, stage 3",2022-11-18,Dr. Y. Tanaka,Resolved
DX02699,P2051,M54.5,Low back pain,2022-08-09,Dr. L. Torres,Resolved
DX02700,P2051,J18.9,"Pneumonia, unspecified",2023-07-20,Dr. J. Nkosi,Monitoring
DX02701,P2052,I25.10,Atherosclerotic heart disease,2023-10-24,Dr. A. Patel,Active
DX02702,P2052,J18.9,"Pneumonia, unspecified",2022-04-18,Dr. R. Singh,Monitoring
DX02703,P2052,K21.0,Gastro-oesophageal reflux disease,2024-09-04,Dr. R. Singh,Active
DX02704,P2052,G40.9,"Epilepsy, unspecified",2023-10-08,Dr. C. Müller,Monitoring
DX02705,P2053,I63.9,"Cerebral infarction, unspecified",2024-06-08,Dr. R. Singh,Resolved
DX02706,P2054,N18.3,"Chronic kidney disease, stage 3",2022-03-12,Dr. L. Torres,Resolved
DX02707,P2054,K21.0,Gastro-oesophageal reflux disease,2022-03-22,Dr. A. Patel,Monitoring
DX02708,P2055,M54.5,Low back pain,2022-05-20,Dr. M. O'Brien,Active
DX02709,P2055,E11.9,Type 2 Diabetes Mellitus without complications,2022-07-29,Dr. M. O'Brien,Monitoring
DX02710,P2056,E11.9,Type 2 Diabetes Mellitus without complications,2024-01-08,Dr. R. Singh,Resolved
DX02711,P2056,E03.9,"Hypothyroidism, unspecified",2022-06-16,Dr. C. Müller,Resolved
DX02712,P2057,M54.5,Low back pain,2024-03-31,Dr. A. Patel,Monitoring
DX02713,P2058,I63.9,"Cerebral infarction, unspecified",2022-11-14,Dr. S. Khan,Active
DX02714,P2058,E03.9,"Hypothyroidism, unspecified",2024-07-07,Dr. M. O'Brien,Active
DX02715,P2058,F32.1,"Major depressive disorder, moderate",2023-06-19,Dr. J. Nkosi,Active
DX02716,P2058,C34.10,Malignant neoplasm of upper lobe bronchus,2022-04-26,Dr. A. Patel,Active
DX02717,P2059,M54.5,Low back pain,2022-03-28,Dr. J. Nkosi,Active
DX02718,P2059,I10,Essential Hypertension,2022-11-09,Dr. M. O'Brien,Monitoring
DX02719,P2060,N18.3,"Chronic kidney disease, stage 3",2024-03-21,Dr. A. Patel,Monitoring
DX02720,P2060,F32.1,"Major depressive disorder, moderate",2023-08-17,Dr. Y. Tanaka,Active
DX02721,P2060,E03.9,"Hypothyroidism, unspecified",2024-04-29,Dr. S. Khan,Active
DX02722,P2061,K21.0,Gastro-oesophageal reflux disease,2023-03-04,Dr. J. Nkosi,Monitoring
DX02723,P2061,I10,Essential Hypertension,2024-10-03,Dr. A. Patel,Resolved
DX02724,P2062,K21.0,Gastro-oesophageal reflux disease,2024-01-24,Dr. M. O'Brien,Resolved
DX02725,P2063,J18.9,"Pneumonia, unspecified",2022-01-16,Dr. L. Torres,Resolved
DX02726,P2063,E78.5,"Hyperlipidaemia, unspecified",2024-02-06,Dr. C. Müller,Active
DX02727,P2064,E03.9,"Hypothyroidism, unspecified",2023-06-09,Dr. R. Singh,Active
DX02728,P2064,K21.0,Gastro-oesophageal reflux disease,2023-11-01,Dr. L. Torres,Resolved
DX02729,P2065,I63.9,"Cerebral infarction, unspecified",2023-08-08,Dr. Y. Tanaka,Active
DX02730,P2066,K21.0,Gastro-oesophageal reflux disease,2024-04-10,Dr. J. Nkosi,Active
DX02731,P2066,I63.9,"Cerebral infarction, unspecified",2022-08-19,Dr. A. Patel,Resolved
DX02732,P2066,G40.9,"Epilepsy, unspecified",2022-08-07,Dr. J. Nkosi,Active
DX02733,P2066,E78.5,"Hyperlipidaemia, unspecified",2023-09-04,Dr. J. Nkosi,Monitoring
DX02734,P2067,N18.3,"Chronic kidney disease, stage 3",2023-04-16,Dr. L. Torres,Active
DX02735,P2067,M54.5,Low back pain,2024-11-12,Dr. A. Patel,Resolved
DX02736,P2067,I10,Essential Hypertension,2022-01-26,Dr. J. Nkosi,Active
DX02737,P2068,J45.9,"Asthma, unspecified",2024-03-06,Dr. R. Singh,Resolved
DX02738,P2068,M54.5,Low back pain,2024-03-11,Dr. M. O'Brien,Resolved
DX02739,P2068,C34.10,Malignant neoplasm of upper lobe bronchus,2024-09-10,Dr. L. Torres,Monitoring
DX02740,P2069,E11.9,Type 2 Diabetes Mellitus without complications,2022-08-08,Dr. A. Patel,Active
DX02741,P2069,K21.0,Gastro-oesophageal reflux disease,2022-04-13,Dr. A. Patel,Resolved
DX02742,P2070,I25.10,Atherosclerotic heart disease,2024-06-30,Dr. C. Müller,Monitoring
DX02743,P2071,E11.9,Type 2 Diabetes Mellitus without complications,2024-01-24,Dr. J. Nkosi,Monitoring
DX02744,P2071,I10,Essential Hypertension,2023-01-26,Dr. C. Müller,Monitoring
DX02745,P2072,E11.9,Type 2 Diabetes Mellitus without complications,2022-02-15,Dr. L. Torres,Active
DX02746,P2072,I25.10,Atherosclerotic heart disease,2022-09-03,Dr. L. Torres,Active
DX02747,P2072,F32.1,"Major depressive disorder, moderate",2023-06-23,Dr. Y. Tanaka,Active
DX02748,P2073,M06.9,"Rheumatoid arthritis, unspecified",2022-03-04,Dr. Y. Tanaka,Active
DX02749,P2074,E11.9,Type 2 Diabetes Mellitus without complications,2022-06-26,Dr. J. Nkosi,Resolved
DX02750,P2075,I25.10,Atherosclerotic heart disease,2024-09-09,Dr. S. Khan,Monitoring
DX02751,P2075,I10,Essential Hypertension,2022-11-10,Dr. J. Nkosi,Active
DX02752,P2075,C34.10,Malignant neoplasm of upper lobe bronchus,2024-03-25,Dr. C. Müller,Active
DX02753,P2076,M54.5,Low back pain,2024-06-04,Dr. Y. Tanaka,Resolved
DX02754,P2077,I10,Essential Hypertension,2022-04-01,Dr. S. Khan,Resolved
DX02755,P2077,K21.0,Gastro-oesophageal reflux disease,2023-07-31,Dr. Y. Tanaka,Active
DX02756,P2078,I10,Essential Hypertension,2023-01-21,Dr. J. Nkosi,Monitoring
DX02757,P2078,I63.9,"Cerebral infarction, unspecified",2024-07-06,Dr. A. Patel,Monitoring
DX02758,P2078,I25.10,Atherosclerotic heart disease,2022-04-01,Dr. C. Müller,Monitoring
DX02759,P2079,E03.9,"Hypothyroidism, unspecified",2022-04-07,Dr. L. Torres,Resolved
DX02760,P2079,J45.9,"Asthma, unspecified",2022-07-01,Dr. R. Singh,Resolved
DX02761,P2079,C34.10,Malignant neoplasm of upper lobe bronchus,2024-08-25,Dr. M. O'Brien,Resolved
DX02762,P2079,M06.9,"Rheumatoid arthritis, unspecified",2024-01-31,Dr. M. O'Brien,Resolved
DX02763,P2080,F32.1,"Major depressive disorder, moderate",2024-04-02,Dr. R. Singh,Resolved
DX02764,P2080,J18.9,"Pneumonia, unspecified",2023-12-13,Dr. L. Torres,Active
DX02765,P2080,K21.0,Gastro-oesophageal reflux disease,2024-10-09,Dr. C. Müller,Resolved
DX02766,P2081,E11.9,Type 2 Diabetes Mellitus without complications,2023-11-13,Dr. R. Singh,Monitoring
DX02767,P2081,K21.0,Gastro-oesophageal reflux disease,2024-08-13,Dr. Y. Tanaka,Monitoring
DX02768,P2081,I25.10,Atherosclerotic heart disease,2022-12-03,Dr. A. Patel,Resolved
DX02769,P2081,J18.9,"Pneumonia, unspecified",2024-11-03,Dr. M. O'Brien,Monitoring
DX02770,P2082,E78.5,"Hyperlipidaemia, unspecified",2022-11-23,Dr. M. O'Brien,Active
DX02771,P2082,I63.9,"Cerebral infarction, unspecified",2024-03-22,Dr. S. Khan,Resolved
DX02772,P2082,C34.10,Malignant neoplasm of upper lobe bronchus,2022-08-18,Dr. A. Patel,Monitoring
DX02773,P2083,K21.0,Gastro-oesophageal reflux disease,2022-01-09,Dr. L. Torres,Monitoring
DX02774,P2084,C34.10,Malignant neoplasm of upper lobe bronchus,2023-11-17,Dr. Y. Tanaka,Active
DX02775,P2084,J45.9,"Asthma, unspecified",2023-10-29,Dr. R. Singh,Monitoring
DX02776,P2085,E78.5,"Hyperlipidaemia, unspecified",2023-12-21,Dr. C. Müller,Monitoring
DX02777,P2085,I63.9,"Cerebral infarction, unspecified",2022-08-06,Dr. J. Nkosi,Monitoring
DX02778,P2085,F32.1,"Major depressive disorder, moderate",2024-07-18,Dr. M. O'Brien,Monitoring
DX02779,P2085,J45.9,"Asthma, unspecified",2023-01-21,Dr. A. Patel,Monitoring
DX02780,P2086,M54.5,Low back pain,2022-10-23,Dr. S. Khan,Monitoring
DX02781,P2087,J45.9,"Asthma, unspecified",2023-09-13,Dr. J. Nkosi,Monitoring
DX02782,P2087,E03.9,"Hypothyroidism, unspecified",2022-07-17,Dr. J. Nkosi,Active
DX02783,P2087,F32.1,"Major depressive disorder, moderate",2022-02-03,Dr. A. Patel,Resolved
DX02784,P2088,J45.9,"Asthma, unspecified",2023-01-16,Dr. S. Khan,Active
DX02785,P2089,M54.5,Low back pain,2024-01-03,Dr. C. Müller,Active
DX02786,P2089,E11.9,Type 2 Diabetes Mellitus without complications,2023-09-07,Dr. R. Singh,Resolved
DX02787,P2089,F32.1,"Major depressive disorder, moderate",2024-02-07,Dr. J. Nkosi,Resolved
DX02788,P2090,K21.0,Gastro-oesophageal reflux disease,2022-03-27,Dr. Y. Tanaka,Active
DX02789,P2090,M06.9,"Rheumatoid arthritis, unspecified",2024-10-20,Dr. R. Singh,Resolved
DX02790,P2090,M54.5,Low back pain,2022-03-05,Dr. L. Torres,Monitoring
DX02791,P2090,I63.9,"Cerebral infarction, unspecified",2024-08-27,Dr. C. Müller,Monitoring
DX02792,P2091,F32.1,"Major depressive disorder, moderate",2023-12-20,Dr. Y. Tanaka,Active
DX02793,P2092,I10,Essential Hypertension,2024-08-30,Dr. L. Torres,Monitoring
DX02794,P2092,M54.5,Low back pain,2022-07-08,Dr. S. Khan,Active
DX02795,P2092,E03.9,"Hypothyroidism, unspecified",2022-07-12,Dr. Y. Tanaka,Resolved
DX02796,P2092,E11.9,Type 2 Diabetes Mellitus without complications,2023-11-22,Dr. J. Nkosi,Monitoring
DX02797,P2093,I10,Essential Hypertension,2024-07-13,Dr. J. Nkosi,Monitoring
DX02798,P2093,N18.3,"Chronic kidney disease, stage 3",2024-04-20,Dr. S. Khan,Active
DX02799,P2093,I25.10,Atherosclerotic heart disease,2022-09-20,Dr. A. Patel,Monitoring
DX02800,P2093,E78.5,"Hyperlipidaemia, unspecified",2024-06-29,Dr. S. Khan,Monitoring
DX02801,P2094,M54.5,Low back pain,2024-03-05,Dr. A. Patel,Resolved
DX02802,P2094,I25.10,Atherosclerotic heart disease,2022-08-29,Dr. Y. Tanaka,Active
DX02803,P2095,I25.10,Atherosclerotic heart disease,2023-08-18,Dr. R. Singh,Resolved
DX02804,P2095,G40.9,"Epilepsy, unspecified",2022-08-13,Dr. M. O'Brien,Active
DX02805,P2095,J18.9,"Pneumonia, unspecified",2023-02-12,Dr. Y. Tanaka,Resolved
DX02806,P2095,I10,Essential Hypertension,2023-05-26,Dr. A. Patel,Resolved
DX02807,P2096,E03.9,"Hypothyroidism, unspecified",2022-03-31,Dr. L. Torres,Active
DX02808,P2096,F32.1,"Major depressive disorder, moderate",2023-04-03,Dr. R. Singh,Monitoring
DX02809,P2097,J45.9,"Asthma, unspecified",2022-08-26,Dr. S. Khan,Active
DX02810,P2097,C34.10,Malignant neoplasm of upper lobe bronchus,2022-10-13,Dr. M. O'Brien,Monitoring
DX02811,P2097,M54.5,Low back pain,2022-02-18,Dr. Y. Tanaka,Resolved
DX02812,P2097,G40.9,"Epilepsy, unspecified",2024-01-21,Dr. C. Müller,Active
DX02813,P2098,I63.9,"Cerebral infarction, unspecified",2024-05-07,Dr. Y. Tanaka,Active
DX02814,P2098,E78.5,"Hyperlipidaemia, unspecified",2023-07-26,Dr. C. Müller,Monitoring
DX02815,P2098,E11.9,Type 2 Diabetes Mellitus without complications,2024-05-14,Dr. S. Khan,Active
DX02816,P2099,I25.10,Atherosclerotic heart disease,2024-01-03,Dr. Y. Tanaka,Resolved
DX02817,P2100,M06.9,"Rheumatoid arthritis, unspecified",2022-09-05,Dr. A. Patel,Active
DX02818,P2100,J18.9,"Pneumonia, unspecified",2022-06-26,Dr. M. O'Brien,Monitoring
DX02819,P2101,M54.5,Low back pain,2024-02-04,Dr. L. Torres,Resolved
DX02820,P2101,I63.9,"Cerebral infarction, unspecified",2022-05-17,Dr. M. O'Brien,Monitoring
DX02821,P2102,E11.9,Type 2 Diabetes Mellitus without complications,2023-02-19,Dr. M. O'Brien,Resolved
DX02822,P2102,E78.5,"Hyperlipidaemia, unspecified",2022-09-30,Dr. C. Müller,Active
DX02823,P2102,I10,Essential Hypertension,2024-02-01,Dr. A. Patel,Monitoring
DX02824,P2102,J45.9,"Asthma, unspecified",2022-01-25,Dr. S. Khan,Monitoring
DX02825,P2103,K21.0,Gastro-oesophageal reflux disease,2023-09-14,Dr. M. O'Brien,Resolved
DX02826,P2103,E78.5,"Hyperlipidaemia, unspecified",2023-05-15,Dr. Y. Tanaka,Active
DX02827,P2103,I10,Essential Hypertension,2023-01-22,Dr. Y. Tanaka,Resolved
DX02828,P2104,J45.9,"Asthma, unspecified",2022-05-26,Dr. M. O'Brien,Monitoring
DX02829,P2104,E11.9,Type 2 Diabetes Mellitus without complications,2022-09-18,Dr. M. O'Brien,Active
DX02830,P2104,J18.9,"Pneumonia, unspecified",2024-09-05,Dr. S. Khan,Monitoring
DX02831,P2104,F32.1,"Major depressive disorder, moderate",2022-12-04,Dr. J. Nkosi,Monitoring
DX02832,P2105,G40.9,"Epilepsy, unspecified",2023-06-22,Dr. C. Müller,Active
DX02833,P2105,I63.9,"Cerebral infarction, unspecified",2024-06-03,Dr. A. Patel,Resolved
DX02834,P2105,N18.3,"Chronic kidney disease, stage 3",2024-03-19,Dr. A. Patel,Active
DX02835,P2105,J45.9,"Asthma, unspecified",2024-02-05,Dr. C. Müller,Resolved
DX02836,P2106,C34.10,Malignant neoplasm of upper lobe bronchus,2024-09-08,Dr. C. Müller,Monitoring
DX02837,P2106,J18.9,"Pneumonia, unspecified",2022-11-19,Dr. J. Nkosi,Monitoring
DX02838,P2107,M54.5,Low back pain,2024-06-05,Dr. A. Patel,Resolved
DX02839,P2107,E03.9,"Hypothyroidism, unspecified",2022-05-16,Dr. S. Khan,Monitoring
DX02840,P2107,E11.9,Type 2 Diabetes Mellitus without complications,2022-10-26,Dr. A. Patel,Resolved
DX02841,P2108,F32.1,"Major depressive disorder, moderate",2023-12-01,Dr. L. Torres,Monitoring
DX02842,P2108,I25.10,Atherosclerotic heart disease,2023-11-01,Dr. L. Torres,Resolved
DX02843,P2108,M54.5,Low back pain,2024-11-13,Dr. Y. Tanaka,Resolved
DX02844,P2109,M54.5,Low back pain,2022-07-06,Dr. Y. Tanaka,Resolved
DX02845,P2109,N18.3,"Chronic kidney disease, stage 3",2024-12-27,Dr. S. Khan,Resolved
DX02846,P2110,M06.9,"Rheumatoid arthritis, unspecified",2024-11-17,Dr. J. Nkosi,Resolved
DX02847,P2110,I25.10,Atherosclerotic heart disease,2023-10-26,Dr. J. Nkosi,Monitoring
DX02848,P2110,G40.9,"Epilepsy, unspecified",2023-01-27,Dr. R. Singh,Resolved
DX02849,P2111,G40.9,"Epilepsy, unspecified",2024-11-26,Dr. C. Müller,Resolved
DX02850,P2111,N18.3,"Chronic kidney disease, stage 3",2023-06-25,Dr. C. Müller,Monitoring
DX02851,P2112,E03.9,"Hypothyroidism, unspecified",2022-10-13,Dr. L. Torres,Active
DX02852,P2112,K21.0,Gastro-oesophageal reflux disease,2024-01-11,Dr. R. Singh,Active
DX02853,P2113,K21.0,Gastro-oesophageal reflux disease,2023-08-20,Dr. J. Nkosi,Active
DX02854,P2113,E78.5,"Hyperlipidaemia, unspecified",2023-11-22,Dr. M. O'Brien,Monitoring
DX02855,P2113,J18.9,"Pneumonia, unspecified",2024-10-14,Dr. R. Singh,Active
DX02856,P2113,E11.9,Type 2 Diabetes Mellitus without complications,2024-03-13,Dr. Y. Tanaka,Monitoring
DX02857,P2114,M06.9,"Rheumatoid arthritis, unspecified",2023-12-01,Dr. M. O'Brien,Resolved
DX02858,P2114,K21.0,Gastro-oesophageal reflux disease,2022-05-28,Dr. L. Torres,Active
DX02859,P2114,M54.5,Low back pain,2024-02-11,Dr. C. Müller,Active
DX02860,P2115,J45.9,"Asthma, unspecified",2023-06-06,Dr. Y. Tanaka,Resolved
DX02861,P2116,E78.5,"Hyperlipidaemia, unspecified",2023-02-12,Dr. L. Torres,Active
DX02862,P2116,K21.0,Gastro-oesophageal reflux disease,2024-05-25,Dr. Y. Tanaka,Monitoring
DX02863,P2116,F32.1,"Major depressive disorder, moderate",2022-08-10,Dr. Y. Tanaka,Resolved
DX02864,P2117,N18.3,"Chronic kidney disease, stage 3",2022-09-09,Dr. R. Singh,Active
DX02865,P2117,E11.9,Type 2 Diabetes Mellitus without complications,2022-03-26,Dr. S. Khan,Resolved
DX02866,P2117,J18.9,"Pneumonia, unspecified",2022-08-09,Dr. L. Torres,Active
DX02867,P2117,E03.9,"Hypothyroidism, unspecified",2022-07-16,Dr. C. Müller,Active
DX02868,P2118,M06.9,"Rheumatoid arthritis, unspecified",2022-05-03,Dr. A. Patel,Active
DX02869,P2119,K21.0,Gastro-oesophageal reflux disease,2023-08-06,Dr. C. Müller,Active
DX02870,P2119,C34.10,Malignant neoplasm of upper lobe bronchus,2023-04-18,Dr. J. Nkosi,Monitoring
DX02871,P2119,I25.10,Atherosclerotic heart disease,2023-07-01,Dr. R. Singh,Active
DX02872,P2120,I10,Essential Hypertension,2023-10-11,Dr. J. Nkosi,Active
DX02873,P2120,E78.5,"Hyperlipidaemia, unspecified",2024-02-24,Dr. J. Nkosi,Monitoring
DX02874,P2121,J18.9,"Pneumonia, unspecified",2022-07-06,Dr. L. Torres,Resolved
DX02875,P2122,E11.9,Type 2 Diabetes Mellitus without complications,2023-05-20,Dr. C. Müller,Active
DX02876,P2123,M54.5,Low back pain,2022-12-06,Dr. M. O'Brien,Active
DX02877,P2123,K21.0,Gastro-oesophageal reflux disease,2023-07-27,Dr. S. Khan,Active
DX02878,P2124,I63.9,"Cerebral infarction, unspecified",2024-06-10,Dr. C. Müller,Resolved
DX02879,P2124,I25.10,Atherosclerotic heart disease,2023-03-14,Dr. J. Nkosi,Active
DX02880,P2125,F32.1,"Major depressive disorder, moderate",2024-06-28,Dr. Y. Tanaka,Active
DX02881,P2126,G40.9,"Epilepsy, unspecified",2022-02-17,Dr. L. Torres,Active
DX02882,P2126,K21.0,Gastro-oesophageal reflux disease,2024-10-03,Dr. C. Müller,Monitoring
DX02883,P2126,E03.9,"Hypothyroidism, unspecified",2023-12-03,Dr. R. Singh,Active
DX02884,P2126,F32.1,"Major depressive disorder, moderate",2024-10-19,Dr. C. Müller,Resolved
DX02885,P2127,N18.3,"Chronic kidney disease, stage 3",2022-06-08,Dr. C. Müller,Active
DX02886,P2127,J18.9,"Pneumonia, unspecified",2024-04-07,Dr. J. Nkosi,Active
DX02887,P2128,N18.3,"Chronic kidney disease, stage 3",2023-05-25,Dr. L. Torres,Active
DX02888,P2128,F32.1,"Major depressive disorder, moderate",2024-02-17,Dr. Y. Tanaka,Active
DX02889,P2128,I25.10,Atherosclerotic heart disease,2023-05-15,Dr. S. Khan,Resolved
DX02890,P2129,F32.1,"Major depressive disorder, moderate",2023-12-08,Dr. R. Singh,Resolved
DX02891,P2130,M54.5,Low back pain,2024-06-12,Dr. Y. Tanaka,Resolved
DX02892,P2131,F32.1,"Major depressive disorder, moderate",2023-06-07,Dr. R. Singh,Active
DX02893,P2132,N18.3,"Chronic kidney disease, stage 3",2022-11-20,Dr. M. O'Brien,Active
DX02894,P2132,I25.10,Atherosclerotic heart disease,2024-11-25,Dr. J. Nkosi,Active
DX02895,P2132,M54.5,Low back pain,2024-02-21,Dr. R. Singh,Active
DX02896,P2133,E11.9,Type 2 Diabetes Mellitus without complications,2022-11-22,Dr. S. Khan,Monitoring
DX02897,P2133,C34.10,Malignant neoplasm of upper lobe bronchus,2022-04-13,Dr. L. Torres,Active
DX02898,P2134,M54.5,Low back pain,2022-10-18,Dr. C. Müller,Resolved
DX02899,P2134,J18.9,"Pneumonia, unspecified",2023-01-16,Dr. J. Nkosi,Resolved
DX02900,P2134,I25.10,Atherosclerotic heart disease,2023-10-01,Dr. M. O'Brien,Monitoring
DX02901,P2135,J45.9,"Asthma, unspecified",2022-07-08,Dr. A. Patel,Monitoring
DX02902,P2136,I25.10,Atherosclerotic heart disease,2024-08-21,Dr. C. Müller,Active
DX02903,P2136,E78.5,"Hyperlipidaemia, unspecified",2023-04-29,Dr. A. Patel,Active
DX02904,P2137,E11.9,Type 2 Diabetes Mellitus without complications,2022-07-27,Dr. L. Torres,Active
DX02905,P2138,E03.9,"Hypothyroidism, unspecified",2024-08-05,Dr. R. Singh,Monitoring
DX02906,P2139,J18.9,"Pneumonia, unspecified",2023-01-18,Dr. J. Nkosi,Active
DX02907,P2139,E78.5,"Hyperlipidaemia, unspecified",2023-10-29,Dr. M. O'Brien,Resolved
DX02908,P2140,E78.5,"Hyperlipidaemia, unspecified",2024-10-30,Dr. A. Patel,Resolved
DX02909,P2141,J18.9,"Pneumonia, unspecified",2024-08-18,Dr. M. O'Brien,Active
DX02910,P2141,I10,Essential Hypertension,2023-05-11,Dr. R. Singh,Monitoring
DX02911,P2142,M54.5,Low back pain,2022-12-25,Dr. S. Khan,Monitoring
DX02912,P2142,J45.9,"Asthma, unspecified",2023-05-24,Dr. M. O'Brien,Monitoring
DX02913,P2142,M06.9,"Rheumatoid arthritis, unspecified",2022-03-28,Dr. S. Khan,Resolved
DX02914,P2143,I10,Essential Hypertension,2024-08-01,Dr. Y. Tanaka,Monitoring
DX02915,P2143,I25.10,Atherosclerotic heart disease,2024-03-19,Dr. C. Müller,Monitoring
DX02916,P2144,I63.9,"Cerebral infarction, unspecified",2024-04-09,Dr. L. Torres,Monitoring
DX02917,P2144,E78.5,"Hyperlipidaemia, unspecified",2024-04-14,Dr. M. O'Brien,Monitoring
DX02918,P2144,N18.3,"Chronic kidney disease, stage 3",2024-10-20,Dr. M. O'Brien,Active
DX02919,P2144,K21.0,Gastro-oesophageal reflux disease,2023-02-28,Dr. S. Khan,Monitoring
DX02920,P2145,G40.9,"Epilepsy, unspecified",2024-04-24,Dr. C. Müller,Resolved
DX02921,P2145,I25.10,Atherosclerotic heart disease,2023-09-06,Dr. R. Singh,Active
DX02922,P2145,E11.9,Type 2 Diabetes Mellitus without complications,2023-10-07,Dr. Y. Tanaka,Active
DX02923,P2146,J45.9,"Asthma, unspecified",2024-06-10,Dr. M. O'Brien,Resolved
DX02924,P2147,I63.9,"Cerebral infarction, unspecified",2023-09-11,Dr. C. Müller,Active
DX02925,P2147,E03.9,"Hypothyroidism, unspecified",2022-10-19,Dr. A. Patel,Active
DX02926,P2148,I25.10,Atherosclerotic heart disease,2024-08-10,Dr. R. Singh,Active
DX02927,P2148,M54.5,Low back pain,2024-08-06,Dr. M. O'Brien,Resolved
DX02928,P2148,F32.1,"Major depressive disorder, moderate",2022-04-16,Dr. J. Nkosi,Active
DX02929,P2148,G40.9,"Epilepsy, unspecified",2022-07-27,Dr. L. Torres,Resolved
DX02930,P2149,N18.3,"Chronic kidney disease, stage 3",2024-08-10,Dr. C. Müller,Monitoring
DX02931,P2150,E11.9,Type 2 Diabetes Mellitus without complications,2024-11-15,Dr. Y. Tanaka,Active
DX02932,P2150,K21.0,Gastro-oesophageal reflux disease,2024-09-08,Dr. S. Khan,Resolved
DX02933,P2150,I25.10,Atherosclerotic heart disease,2023-11-10,Dr. J. Nkosi,Resolved
DX02934,P2150,N18.3,"Chronic kidney disease, stage 3",2024-11-03,Dr. M. O'Brien,Active
DX02935,P2151,J18.9,"Pneumonia, unspecified",2023-07-07,Dr. A. Patel,Active
DX02936,P2152,I63.9,"Cerebral infarction, unspecified",2024-01-31,Dr. A. Patel,Resolved
DX02937,P2152,E78.5,"Hyperlipidaemia, unspecified",2024-04-06,Dr. R. Singh,Monitoring
DX02938,P2153,N18.3,"Chronic kidney disease, stage 3",2024-01-24,Dr. A. Patel,Monitoring
DX02939,P2153,K21.0,Gastro-oesophageal reflux disease,2022-09-10,Dr. Y. Tanaka,Resolved
DX02940,P2153,M06.9,"Rheumatoid arthritis, unspecified",2024-06-06,Dr. A. Patel,Monitoring
DX02941,P2153,I25.10,Atherosclerotic heart disease,2024-11-02,Dr. S. Khan,Active
DX02942,P2154,N18.3,"Chronic kidney disease, stage 3",2023-07-02,Dr. M. O'Brien,Active
DX02943,P2154,I63.9,"Cerebral infarction, unspecified",2023-02-07,Dr. S. Khan,Monitoring
DX02944,P2154,C34.10,Malignant neoplasm of upper lobe bronchus,2024-02-26,Dr. L. Torres,Resolved
DX02945,P2154,M54.5,Low back pain,2023-03-28,Dr. A. Patel,Active
DX02946,P2155,I10,Essential Hypertension,2024-05-06,Dr. J. Nkosi,Resolved
DX02947,P2155,J18.9,"Pneumonia, unspecified",2022-11-07,Dr. C. Müller,Monitoring
DX02948,P2155,J45.9,"Asthma, unspecified",2023-06-07,Dr. J. Nkosi,Active
DX02949,P2156,J18.9,"Pneumonia, unspecified",2022-03-18,Dr. L. Torres,Monitoring
DX02950,P2157,E03.9,"Hypothyroidism, unspecified",2022-12-06,Dr. Y. Tanaka,Active
DX02951,P2157,E11.9,Type 2 Diabetes Mellitus without complications,2022-06-13,Dr. Y. Tanaka,Resolved
DX02952,P2157,J45.9,"Asthma, unspecified",2024-02-02,Dr. Y. Tanaka,Resolved
DX02953,P2157,M54.5,Low back pain,2023-11-09,Dr. R. Singh,Monitoring
DX02954,P2158,I63.9,"Cerebral infarction, unspecified",2024-12-01,Dr. L. Torres,Monitoring
DX02955,P2158,M06.9,"Rheumatoid arthritis, unspecified",2023-05-18,Dr. J. Nkosi,Active
DX02956,P2159,M54.5,Low back pain,2023-09-08,Dr. Y. Tanaka,Monitoring
DX02957,P2159,I25.10,Atherosclerotic heart disease,2024-04-08,Dr. A. Patel,Monitoring
DX02958,P2159,N18.3,"Chronic kidney disease, stage 3",2023-09-08,Dr. L. Torres,Active
DX02959,P2159,E78.5,"Hyperlipidaemia, unspecified",2022-10-31,Dr. J. Nkosi,Active
DX02960,P2160,M54.5,Low back pain,2022-07-21,Dr. R. Singh,Resolved
DX02961,P2160,J18.9,"Pneumonia, unspecified",2024-03-29,Dr. C. Müller,Monitoring
DX02962,P2161,I25.10,Atherosclerotic heart disease,2022-11-29,Dr. Y. Tanaka,Monitoring
DX02963,P2161,E11.9,Type 2 Diabetes Mellitus without complications,2022-05-16,Dr. R. Singh,Active
DX02964,P2161,J45.9,"Asthma, unspecified",2024-06-11,Dr. C. Müller,Resolved
DX02965,P2162,F32.1,"Major depressive disorder, moderate",2022-03-04,Dr. R. Singh,Resolved
DX02966,P2162,M54.5,Low back pain,2022-08-31,Dr. L. Torres,Active
DX02967,P2163,M06.9,"Rheumatoid arthritis, unspecified",2023-03-15,Dr. C. Müller,Resolved
DX02968,P2163,M54.5,Low back pain,2023-04-27,Dr. L. Torres,Active
DX02969,P2163,F32.1,"Major depressive disorder, moderate",2022-12-04,Dr. R. Singh,Active
DX02970,P2163,K21.0,Gastro-oesophageal reflux disease,2023-11-01,Dr. C. Müller,Active
DX02971,P2164,E11.9,Type 2 Diabetes Mellitus without complications,2022-06-18,Dr. A. Patel,Active
DX02972,P2165,M54.5,Low back pain,2022-11-08,Dr. A. Patel,Active
DX02973,P2165,E11.9,Type 2 Diabetes Mellitus without complications,2024-08-23,Dr. M. O'Brien,Active
DX02974,P2165,E03.9,"Hypothyroidism, unspecified",2022-10-01,Dr. L. Torres,Resolved
DX02975,P2165,C34.10,Malignant neoplasm of upper lobe bronchus,2024-01-02,Dr. S. Khan,Active
DX02976,P2166,M06.9,"Rheumatoid arthritis, unspecified",2023-11-08,Dr. S. Khan,Active
DX02977,P2166,I25.10,Atherosclerotic heart disease,2022-06-18,Dr. A. Patel,Monitoring
DX02978,P2167,G40.9,"Epilepsy, unspecified",2023-01-29,Dr. M. O'Brien,Resolved
DX02979,P2168,E11.9,Type 2 Diabetes Mellitus without complications,2024-12-13,Dr. S. Khan,Monitoring
DX02980,P2168,I25.10,Atherosclerotic heart disease,2023-08-06,Dr. M. O'Brien,Active
DX02981,P2168,K21.0,Gastro-oesophageal reflux disease,2024-08-04,Dr. L. Torres,Active
DX02982,P2168,G40.9,"Epilepsy, unspecified",2024-11-20,Dr. S. Khan,Resolved
DX02983,P2169,C34.10,Malignant neoplasm of upper lobe bronchus,2022-03-07,Dr. C. Müller,Resolved
DX02984,P2169,I25.10,Atherosclerotic heart disease,2022-11-30,Dr. Y. Tanaka,Resolved
DX02985,P2170,E78.5,"Hyperlipidaemia, unspecified",2024-04-01,Dr. C. Müller,Active
DX02986,P2170,I25.10,Atherosclerotic heart disease,2023-09-26,Dr. R. Singh,Active
DX02987,P2170,G40.9,"Epilepsy, unspecified",2023-05-08,Dr. Y. Tanaka,Active
DX02988,P2171,I10,Essential Hypertension,2022-05-01,Dr. S. Khan,Active
DX02989,P2171,E11.9,Type 2 Diabetes Mellitus without complications,2022-08-09,Dr. Y. Tanaka,Active
DX02990,P2172,C34.10,Malignant neoplasm of upper lobe bronchus,2023-08-02,Dr. R. Singh,Monitoring
DX02991,P2172,E11.9,Type 2 Diabetes Mellitus without complications,2023-10-18,Dr. J. Nkosi,Monitoring
DX02992,P2173,F32.1,"Major depressive disorder, moderate",2023-09-12,Dr. J. Nkosi,Resolved
DX02993,P2173,M06.9,"Rheumatoid arthritis, unspecified",2022-03-11,Dr. R. Singh,Active
DX02994,P2173,E11.9,Type 2 Diabetes Mellitus without complications,2024-03-11,Dr. J. Nkosi,Resolved
DX02995,P2173,I63.9,"Cerebral infarction, unspecified",2022-05-16,Dr. A. Patel,Active
DX02996,P2174,F32.1,"Major depressive disorder, moderate",2024-08-07,Dr. C. Müller,Monitoring
DX02997,P2174,J18.9,"Pneumonia, unspecified",2023-10-25,Dr. Y. Tanaka,Active
DX02998,P2174,M54.5,Low back pain,2023-11-01,Dr. C. Müller,Monitoring
DX02999,P2175,M06.9,"Rheumatoid arthritis, unspecified",2023-01-12,Dr. A. Patel,Active
DX03000,P2175,E03.9,"Hypothyroidism, unspecified",2023-05-29,Dr. C. Müller,Active
DX03001,P2175,K21.0,Gastro-oesophageal reflux disease,2024-09-24,Dr. R. Singh,Active
DX03002,P2176,M06.9,"Rheumatoid arthritis, unspecified",2022-10-15,Dr. J. Nkosi,Monitoring
DX03003,P2177,I25.10,Atherosclerotic heart disease,2024-05-05,Dr. A. Patel,Active
DX03004,P2177,J45.9,"Asthma, unspecified",2024-01-09,Dr. R. Singh,Monitoring
DX03005,P2177,C34.10,Malignant neoplasm of upper lobe bronchus,2024-02-03,Dr. R. Singh,Active
DX03006,P2177,J18.9,"Pneumonia, unspecified",2022-08-03,Dr. Y. Tanaka,Monitoring
DX03007,P2178,J45.9,"Asthma, unspecified",2023-11-12,Dr. L. Torres,Monitoring
DX03008,P2178,J18.9,"Pneumonia, unspecified",2024-03-11,Dr. J. Nkosi,Resolved
DX03009,P2179,M54.5,Low back pain,2023-08-18,Dr. Y. Tanaka,Active
DX03010,P2180,N18.3,"Chronic kidney disease, stage 3",2022-05-09,Dr. Y. Tanaka,Resolved
DX03011,P2180,I10,Essential Hypertension,2024-08-07,Dr. J. Nkosi,Resolved
DX03012,P2180,F32.1,"Major depressive disorder, moderate",2023-04-02,Dr. Y. Tanaka,Resolved
DX03013,P2181,M06.9,"Rheumatoid arthritis, unspecified",2023-04-15,Dr. L. Torres,Resolved
DX03014,P2181,I63.9,"Cerebral infarction, unspecified",2023-06-28,Dr. A. Patel,Monitoring
DX03015,P2181,I10,Essential Hypertension,2023-04-15,Dr. A. Patel,Active
DX03016,P2182,J45.9,"Asthma, unspecified",2022-04-08,Dr. S. Khan,Resolved
DX03017,P2182,F32.1,"Major depressive disorder, moderate",2024-05-03,Dr. A. Patel,Monitoring
DX03018,P2182,I10,Essential Hypertension,2023-09-20,Dr. A. Patel,Resolved
DX03019,P2182,G40.9,"Epilepsy, unspecified",2023-03-14,Dr. L. Torres,Active
DX03020,P2183,M06.9,"Rheumatoid arthritis, unspecified",2023-11-04,Dr. M. O'Brien,Monitoring
DX03021,P2183,F32.1,"Major depressive disorder, moderate",2023-02-15,Dr. A. Patel,Monitoring
DX03022,P2184,E11.9,Type 2 Diabetes Mellitus without complications,2024-09-09,Dr. A. Patel,Active
DX03023,P2184,N18.3,"Chronic kidney disease, stage 3",2022-09-23,Dr. L. Torres,Active
DX03024,P2184,I63.9,"Cerebral infarction, unspecified",2023-08-22,Dr. L. Torres,Resolved
DX03025,P2184,J45.9,"Asthma, unspecified",2022-11-28,Dr. C. Müller,Active
DX03026,P2185,N18.3,"Chronic kidney disease, stage 3",2023-08-15,Dr. L. Torres,Monitoring
DX03027,P2185,E11.9,Type 2 Diabetes Mellitus without complications,2022-05-21,Dr. S. Khan,Active
DX03028,P2186,G40.9,"Epilepsy, unspecified",2022-01-07,Dr. J. Nkosi,Active
DX03029,P2187,J18.9,"Pneumonia, unspecified",2024-07-13,Dr. R. Singh,Active
DX03030,P2187,E11.9,Type 2 Diabetes Mellitus without complications,2024-10-21,Dr. Y. Tanaka,Monitoring
DX03031,P2187,E03.9,"Hypothyroidism, unspecified",2022-09-08,Dr. Y. Tanaka,Monitoring
DX03032,P2188,E03.9,"Hypothyroidism, unspecified",2022-07-08,Dr. R. Singh,Active
DX03033,P2188,E11.9,Type 2 Diabetes Mellitus without complications,2024-03-05,Dr. J. Nkosi,Monitoring
DX03034,P2188,N18.3,"Chronic kidney disease, stage 3",2023-05-28,Dr. A. Patel,Monitoring
DX03035,P2189,E11.9,Type 2 Diabetes Mellitus without complications,2022-11-29,Dr. M. O'Brien,Resolved
DX03036,P2190,E78.5,"Hyperlipidaemia, unspecified",2024-12-31,Dr. J. Nkosi,Resolved
DX03037,P2190,G40.9,"Epilepsy, unspecified",2023-12-21,Dr. A. Patel,Resolved
DX03038,P2191,E03.9,"Hypothyroidism, unspecified",2024-11-15,Dr. C. Müller,Active
DX03039,P2191,M06.9,"Rheumatoid arthritis, unspecified",2022-12-10,Dr. J. Nkosi,Monitoring
DX03040,P2191,F32.1,"Major depressive disorder, moderate",2024-09-17,Dr. S. Khan,Monitoring
DX03041,P2191,E11.9,Type 2 Diabetes Mellitus without complications,2023-04-10,Dr. Y. Tanaka,Monitoring
DX03042,P2192,F32.1,"Major depressive disorder, moderate",2023-02-12,Dr. A. Patel,Active
DX03043,P2192,N18.3,"Chronic kidney disease, stage 3",2024-07-16,Dr. J. Nkosi,Active
DX03044,P2192,I63.9,"Cerebral infarction, unspecified",2023-12-29,Dr. A. Patel,Monitoring
DX03045,P2192,G40.9,"Epilepsy, unspecified",2024-02-02,Dr. R. Singh,Resolved
DX03046,P2193,N18.3,"Chronic kidney disease, stage 3",2024-08-07,Dr. S. Khan,Active
DX03047,P2194,K21.0,Gastro-oesophageal reflux disease,2024-12-02,Dr. S. Khan,Monitoring
DX03048,P2195,M54.5,Low back pain,2023-11-29,Dr. S. Khan,Monitoring
DX03049,P2195,M06.9,"Rheumatoid arthritis, unspecified",2022-03-08,Dr. R. Singh,Active
DX03050,P2196,E78.5,"Hyperlipidaemia, unspecified",2023-08-24,Dr. A. Patel,Active
DX03051,P2196,G40.9,"Epilepsy, unspecified",2022-04-23,Dr. L. Torres,Monitoring
DX03052,P2196,F32.1,"Major depressive disorder, moderate",2022-10-08,Dr. L. Torres,Resolved
DX03053,P2197,I25.10,Atherosclerotic heart disease,2024-04-23,Dr. S. Khan,Monitoring
DX03054,P2197,N18.3,"Chronic kidney disease, stage 3",2024-01-16,Dr. S. Khan,Resolved
DX03055,P2198,C34.10,Malignant neoplasm of upper lobe bronchus,2022-02-16,Dr. A. Patel,Resolved
DX03056,P2198,I25.10,Atherosclerotic heart disease,2023-11-03,Dr. M. O'Brien,Monitoring
DX03057,P2198,F32.1,"Major depressive disorder, moderate",2022-07-10,Dr. M. O'Brien,Monitoring
DX03058,P2199,N18.3,"Chronic kidney disease, stage 3",2022-08-21,Dr. S. Khan,Resolved
DX03059,P2200,N18.3,"Chronic kidney disease, stage 3",2023-03-11,Dr. S. Khan,Active
DX03060,P2200,E11.9,Type 2 Diabetes Mellitus without complications,2022-04-11,Dr. L. Torres,Resolved
DX03061,P2200,J18.9,"Pneumonia, unspecified",2022-06-13,Dr. L. Torres,Monitoring
DX03062,P2201,E11.9,Type 2 Diabetes Mellitus without complications,2022-03-25,Dr. L. Torres,Resolved
DX03063,P2201,F32.1,"Major depressive disorder, moderate",2022-07-10,Dr. R. Singh,Resolved
DX03064,P2201,E03.9,"Hypothyroidism, unspecified",2022-04-17,Dr. M. O'Brien,Active
DX03065,P2202,K21.0,Gastro-oesophageal reflux disease,2022-01-09,Dr. S. Khan,Resolved
DX03066,P2203,M54.5,Low back pain,2024-01-10,Dr. C. Müller,Monitoring
DX03067,P2204,I25.10,Atherosclerotic heart disease,2022-11-22,Dr. J. Nkosi,Active
DX03068,P2205,J18.9,"Pneumonia, unspecified",2022-08-01,Dr. A. Patel,Resolved
DX03069,P2205,M06.9,"Rheumatoid arthritis, unspecified",2023-03-24,Dr. M. O'Brien,Active
DX03070,P2205,I63.9,"Cerebral infarction, unspecified",2024-11-09,Dr. J. Nkosi,Resolved
DX03071,P2206,I63.9,"Cerebral infarction, unspecified",2024-12-07,Dr. L. Torres,Monitoring
DX03072,P2207,M54.5,Low back pain,2023-05-03,Dr. A. Patel,Resolved
DX03073,P2207,E78.5,"Hyperlipidaemia, unspecified",2023-03-09,Dr. C. Müller,Active
DX03074,P2208,N18.3,"Chronic kidney disease, stage 3",2024-04-22,Dr. L. Torres,Resolved
DX03075,P2208,J18.9,"Pneumonia, unspecified",2023-05-26,Dr. S. Khan,Monitoring
DX03076,P2208,F32.1,"Major depressive disorder, moderate",2024-05-10,Dr. L. Torres,Monitoring
DX03077,P2209,I10,Essential Hypertension,2023-01-27,Dr. L. Torres,Monitoring
DX03078,P2209,E11.9,Type 2 Diabetes Mellitus without complications,2022-09-20,Dr. M. O'Brien,Monitoring
DX03079,P2209,F32.1,"Major depressive disorder, moderate",2022-09-03,Dr. J. Nkosi,Active
DX03080,P2209,K21.0,Gastro-oesophageal reflux disease,2022-03-24,Dr. J. Nkosi,Active
DX03081,P2210,C34.10,Malignant neoplasm of upper lobe bronchus,2022-05-28,Dr. C. Müller,Active
DX03082,P2211,I25.10,Atherosclerotic heart disease,2022-01-06,Dr. J. Nkosi,Monitoring
DX03083,P2211,E11.9,Type 2 Diabetes Mellitus without complications,2022-08-15,Dr. A. Patel,Resolved
DX03084,P2212,N18.3,"Chronic kidney disease, stage 3",2023-02-27,Dr. Y. Tanaka,Active
DX03085,P2213,C34.10,Malignant neoplasm of upper lobe bronchus,2022-09-10,Dr. R. Singh,Resolved
DX03086,P2213,I63.9,"Cerebral infarction, unspecified",2024-04-21,Dr. C. Müller,Monitoring
DX03087,P2214,M54.5,Low back pain,2022-10-26,Dr. J. Nkosi,Resolved
DX03088,P2214,I63.9,"Cerebral infarction, unspecified",2023-12-25,Dr. J. Nkosi,Monitoring
DX03089,P2214,J45.9,"Asthma, unspecified",2023-05-13,Dr. Y. Tanaka,Resolved
DX03090,P2215,F32.1,"Major depressive disorder, moderate",2022-01-07,Dr. C. Müller,Resolved
DX03091,P2215,I10,Essential Hypertension,2022-11-21,Dr. A. Patel,Active
DX03092,P2215,I25.10,Atherosclerotic heart disease,2024-07-28,Dr. L. Torres,Active
DX03093,P2216,E11.9,Type 2 Diabetes Mellitus without complications,2023-07-27,Dr. M. O'Brien,Resolved
DX03094,P2216,I25.10,Atherosclerotic heart disease,2022-01-29,Dr. Y. Tanaka,Monitoring
DX03095,P2216,J18.9,"Pneumonia, unspecified",2022-05-14,Dr. Y. Tanaka,Resolved
DX03096,P2216,G40.9,"Epilepsy, unspecified",2023-09-13,Dr. J. Nkosi,Resolved
DX03097,P2217,C34.10,Malignant neoplasm of upper lobe bronchus,2023-07-19,Dr. Y. Tanaka,Resolved
DX03098,P2217,G40.9,"Epilepsy, unspecified",2023-07-07,Dr. M. O'Brien,Resolved
DX03099,P2218,M54.5,Low back pain,2022-02-05,Dr. J. Nkosi,Monitoring
DX03100,P2218,J18.9,"Pneumonia, unspecified",2024-09-22,Dr. C. Müller,Active
DX03101,P2219,E11.9,Type 2 Diabetes Mellitus without complications,2024-01-30,Dr. L. Torres,Monitoring
DX03102,P2219,I25.10,Atherosclerotic heart disease,2022-07-22,Dr. L. Torres,Monitoring
DX03103,P2220,C34.10,Malignant neoplasm of upper lobe bronchus,2022-05-09,Dr. S. Khan,Active
DX03104,P2220,F32.1,"Major depressive disorder, moderate",2023-08-03,Dr. L. Torres,Active
DX03105,P2220,I10,Essential Hypertension,2024-12-21,Dr. M. O'Brien,Monitoring
DX03106,P2221,E78.5,"Hyperlipidaemia, unspecified",2023-11-02,Dr. C. Müller,Monitoring
DX03107,P2221,I10,Essential Hypertension,2023-11-30,Dr. A. Patel,Resolved
DX03108,P2221,J18.9,"Pneumonia, unspecified",2023-02-01,Dr. M. O'Brien,Active
DX03109,P2221,G40.9,"Epilepsy, unspecified",2023-09-20,Dr. C. Müller,Resolved
DX03110,P2222,K21.0,Gastro-oesophageal reflux disease,2024-04-03,Dr. R. Singh,Active
DX03111,P2222,J45.9,"Asthma, unspecified",2024-02-18,Dr. Y. Tanaka,Monitoring
DX03112,P2222,I63.9,"Cerebral infarction, unspecified",2023-02-06,Dr. J. Nkosi,Resolved
DX03113,P2223,G40.9,"Epilepsy, unspecified",2023-11-20,Dr. R. Singh,Resolved
DX03114,P2224,E78.5,"Hyperlipidaemia, unspecified",2024-10-06,Dr. J. Nkosi,Resolved
DX03115,P2224,N18.3,"Chronic kidney disease, stage 3",2022-02-03,Dr. S. Khan,Active
DX03116,P2225,J45.9,"Asthma, unspecified",2022-03-31,Dr. J. Nkosi,Resolved
DX03117,P2225,F32.1,"Major depressive disorder, moderate",2024-04-24,Dr. S. Khan,Active
DX03118,P2226,C34.10,Malignant neoplasm of upper lobe bronchus,2023-03-16,Dr. J. Nkosi,Resolved
DX03119,P2226,J18.9,"Pneumonia, unspecified",2022-07-18,Dr. A. Patel,Resolved
DX03120,P2226,J45.9,"Asthma, unspecified",2022-01-24,Dr. C. Müller,Active
DX03121,P2226,M06.9,"Rheumatoid arthritis, unspecified",2023-07-29,Dr. Y. Tanaka,Active
DX03122,P2227,N18.3,"Chronic kidney disease, stage 3",2023-04-30,Dr. S. Khan,Active
DX03123,P2228,E03.9,"Hypothyroidism, unspecified",2023-05-09,Dr. A. Patel,Resolved
DX03124,P2228,K21.0,Gastro-oesophageal reflux disease,2023-07-22,Dr. M. O'Brien,Monitoring
DX03125,P2228,E78.5,"Hyperlipidaemia, unspecified",2022-01-14,Dr. Y. Tanaka,Active
DX03126,P2229,M06.9,"Rheumatoid arthritis, unspecified",2024-10-28,Dr. J. Nkosi,Monitoring
DX03127,P2229,N18.3,"Chronic kidney disease, stage 3",2023-07-23,Dr. A. Patel,Resolved
DX03128,P2229,E11.9,Type 2 Diabetes Mellitus without complications,2023-12-16,Dr. R. Singh,Resolved
DX03129,P2229,E03.9,"Hypothyroidism, unspecified",2022-12-03,Dr. A. Patel,Monitoring
DX03130,P2230,I63.9,"Cerebral infarction, unspecified",2022-02-13,Dr. L. Torres,Active
DX03131,P2231,G40.9,"Epilepsy, unspecified",2023-04-25,Dr. A. Patel,Monitoring
DX03132,P2231,J18.9,"Pneumonia, unspecified",2023-01-03,Dr. J. Nkosi,Active
DX03133,P2232,J18.9,"Pneumonia, unspecified",2024-08-01,Dr. A. Patel,Monitoring
DX03134,P2232,I25.10,Atherosclerotic heart disease,2024-07-09,Dr. J. Nkosi,Monitoring
DX03135,P2233,I10,Essential Hypertension,2023-02-23,Dr. R. Singh,Monitoring
DX03136,P2233,E11.9,Type 2 Diabetes Mellitus without complications,2023-09-06,Dr. C. Müller,Active
DX03137,P2234,G40.9,"Epilepsy, unspecified",2022-11-22,Dr. Y. Tanaka,Resolved
DX03138,P2235,J18.9,"Pneumonia, unspecified",2024-02-07,Dr. A. Patel,Monitoring
DX03139,P2236,I63.9,"Cerebral infarction, unspecified",2024-05-10,Dr. S. Khan,Active
DX03140,P2236,G40.9,"Epilepsy, unspecified",2022-11-19,Dr. J. Nkosi,Active
DX03141,P2237,F32.1,"Major depressive disorder, moderate",2024-06-09,Dr. J. Nkosi,Monitoring
DX03142,P2237,E11.9,Type 2 Diabetes Mellitus without complications,2022-12-07,Dr. L. Torres,Monitoring
DX03143,P2238,M06.9,"Rheumatoid arthritis, unspecified",2024-12-27,Dr. J. Nkosi,Resolved
DX03144,P2238,M54.5,Low back pain,2024-05-20,Dr. M. O'Brien,Monitoring
DX03145,P2238,J18.9,"Pneumonia, unspecified",2024-06-30,Dr. L. Torres,Resolved
DX03146,P2239,K21.0,Gastro-oesophageal reflux disease,2022-02-11,Dr. J. Nkosi,Resolved
DX03147,P2239,J45.9,"Asthma, unspecified",2023-08-29,Dr. C. Müller,Monitoring
DX03148,P2239,C34.10,Malignant neoplasm of upper lobe bronchus,2024-08-10,Dr. S. Khan,Monitoring
DX03149,P2240,E03.9,"Hypothyroidism, unspecified",2022-09-17,Dr. A. Patel,Active
DX03150,P2241,E78.5,"Hyperlipidaemia, unspecified",2024-09-08,Dr. C. Müller,Monitoring
DX03151,P2242,I10,Essential Hypertension,2023-01-04,Dr. J. Nkosi,Active
DX03152,P2242,E78.5,"Hyperlipidaemia, unspecified",2023-05-08,Dr. A. Patel,Monitoring
DX03153,P2243,J45.9,"Asthma, unspecified",2022-06-21,Dr. R. Singh,Monitoring
DX03154,P2244,I25.10,Atherosclerotic heart disease,2023-06-19,Dr. R. Singh,Monitoring
DX03155,P2245,G40.9,"Epilepsy, unspecified",2022-04-01,Dr. C. Müller,Resolved
DX03156,P2245,J18.9,"Pneumonia, unspecified",2023-02-25,Dr. M. O'Brien,Active
DX03157,P2246,E78.5,"Hyperlipidaemia, unspecified",2022-10-30,Dr. Y. Tanaka,Active
DX03158,P2247,C34.10,Malignant neoplasm of upper lobe bronchus,2023-10-22,Dr. Y. Tanaka,Active
DX03159,P2247,I63.9,"Cerebral infarction, unspecified",2023-07-20,Dr. R. Singh,Active
DX03160,P2247,E78.5,"Hyperlipidaemia, unspecified",2022-03-09,Dr. A. Patel,Active
DX03161,P2247,E11.9,Type 2 Diabetes Mellitus without complications,2022-02-19,Dr. A. Patel,Active
DX03162,P2248,J18.9,"Pneumonia, unspecified",2022-06-16,Dr. S. Khan,Monitoring
DX03163,P2248,E03.9,"Hypothyroidism, unspecified",2023-01-25,Dr. Y. Tanaka,Active
DX03164,P2248,C34.10,Malignant neoplasm of upper lobe bronchus,2024-06-18,Dr. R. Singh,Active
DX03165,P2249,C34.10,Malignant neoplasm of upper lobe bronchus,2022-11-03,Dr. R. Singh,Resolved
DX03166,P2250,I63.9,"Cerebral infarction, unspecified",2023-08-17,Dr. L. Torres,Resolved
DX03167,P2250,E11.9,Type 2 Diabetes Mellitus without complications,2022-11-23,Dr. S. Khan,Monitoring
DX03168,P2250,E03.9,"Hypothyroidism, unspecified",2022-10-30,Dr. Y. Tanaka,Resolved
DX03169,P2250,E78.5,"Hyperlipidaemia, unspecified",2024-10-02,Dr. S. Khan,Active
DX03170,P2251,G40.9,"Epilepsy, unspecified",2023-08-15,Dr. A. Patel,Resolved
DX03171,P2251,E03.9,"Hypothyroidism, unspecified",2024-02-17,Dr. Y. Tanaka,Active
DX03172,P2252,M54.5,Low back pain,2022-04-11,Dr. A. Patel,Monitoring
DX03173,P2252,I10,Essential Hypertension,2023-06-20,Dr. J. Nkosi,Resolved
DX03174,P2252,G40.9,"Epilepsy, unspecified",2023-12-09,Dr. R. Singh,Active
DX03175,P2252,K21.0,Gastro-oesophageal reflux disease,2024-01-11,Dr. L. Torres,Monitoring
DX03176,P2253,F32.1,"Major depressive disorder, moderate",2022-09-09,Dr. J. Nkosi,Resolved
DX03177,P2253,M06.9,"Rheumatoid arthritis, unspecified",2022-11-02,Dr. L. Torres,Monitoring
DX03178,P2254,N18.3,"Chronic kidney disease, stage 3",2022-04-11,Dr. R. Singh,Resolved
DX03179,P2254,M06.9,"Rheumatoid arthritis, unspecified",2022-12-15,Dr. C. Müller,Monitoring
DX03180,P2255,E78.5,"Hyperlipidaemia, unspecified",2022-03-22,Dr. Y. Tanaka,Active
DX03181,P2256,J45.9,"Asthma, unspecified",2024-07-31,Dr. R. Singh,Active
DX03182,P2256,M06.9,"Rheumatoid arthritis, unspecified",2024-12-12,Dr. M. O'Brien,Active
DX03183,P2256,F32.1,"Major depressive disorder, moderate",2022-05-13,Dr. A. Patel,Resolved
DX03184,P2256,K21.0,Gastro-oesophageal reflux disease,2022-04-07,Dr. S. Khan,Resolved
DX03185,P2257,G40.9,"Epilepsy, unspecified",2024-12-19,Dr. A. Patel,Resolved
DX03186,P2257,E78.5,"Hyperlipidaemia, unspecified",2023-06-14,Dr. M. O'Brien,Monitoring
DX03187,P2257,E11.9,Type 2 Diabetes Mellitus without complications,2024-08-28,Dr. Y. Tanaka,Active
DX03188,P2258,F32.1,"Major depressive disorder, moderate",2023-01-20,Dr. S. Khan,Resolved
DX03189,P2258,C34.10,Malignant neoplasm of upper lobe bronchus,2023-07-03,Dr. J. Nkosi,Active
DX03190,P2259,J18.9,"Pneumonia, unspecified",2024-03-30,Dr. L. Torres,Monitoring
DX03191,P2260,E78.5,"Hyperlipidaemia, unspecified",2023-09-22,Dr. C. Müller,Resolved
DX03192,P2260,K21.0,Gastro-oesophageal reflux disease,2022-11-21,Dr. A. Patel,Active
DX03193,P2261,E03.9,"Hypothyroidism, unspecified",2024-12-18,Dr. C. Müller,Active
DX03194,P2261,C34.10,Malignant neoplasm of upper lobe bronchus,2022-08-02,Dr. L. Torres,Resolved
DX03195,P2261,J18.9,"Pneumonia, unspecified",2022-06-18,Dr. Y. Tanaka,Active
DX03196,P2261,N18.3,"Chronic kidney disease, stage 3",2024-03-10,Dr. L. Torres,Monitoring
DX03197,P2262,J18.9,"Pneumonia, unspecified",2023-08-19,Dr. A. Patel,Active
DX03198,P2262,N18.3,"Chronic kidney disease, stage 3",2024-04-05,Dr. J. Nkosi,Monitoring
DX03199,P2262,E03.9,"Hypothyroidism, unspecified",2024-01-26,Dr. R. Singh,Monitoring
DX03200,P2262,G40.9,"Epilepsy, unspecified",2023-01-18,Dr. L. Torres,Active
DX03201,P2263,I63.9,"Cerebral infarction, unspecified",2022-06-23,Dr. Y. Tanaka,Resolved
DX03202,P2264,F32.1,"Major depressive disorder, moderate",2023-08-19,Dr. A. Patel,Active
DX03203,P2264,E03.9,"Hypothyroidism, unspecified",2022-08-12,Dr. R. Singh,Active
DX03204,P2264,I25.10,Atherosclerotic heart disease,2024-10-22,Dr. M. O'Brien,Resolved
DX03205,P2265,C34.10,Malignant neoplasm of upper lobe bronchus,2022-05-07,Dr. R. Singh,Active
DX03206,P2265,J18.9,"Pneumonia, unspecified",2023-08-17,Dr. A. Patel,Resolved
DX03207,P2265,M54.5,Low back pain,2023-05-05,Dr. J. Nkosi,Active
DX03208,P2266,E03.9,"Hypothyroidism, unspecified",2023-12-29,Dr. J. Nkosi,Monitoring
DX03209,P2266,G40.9,"Epilepsy, unspecified",2023-06-12,Dr. R. Singh,Monitoring
DX03210,P2267,F32.1,"Major depressive disorder, moderate",2023-03-31,Dr. M. O'Brien,Active
DX03211,P2268,E11.9,Type 2 Diabetes Mellitus without complications,2024-07-20,Dr. Y. Tanaka,Monitoring
DX03212,P2269,E78.5,"Hyperlipidaemia, unspecified",2022-04-09,Dr. J. Nkosi,Active
DX03213,P2270,I63.9,"Cerebral infarction, unspecified",2023-02-10,Dr. Y. Tanaka,Active
DX03214,P2271,F32.1,"Major depressive disorder, moderate",2023-10-24,Dr. J. Nkosi,Active
DX03215,P2271,I63.9,"Cerebral infarction, unspecified",2024-04-12,Dr. A. Patel,Monitoring
DX03216,P2272,E11.9,Type 2 Diabetes Mellitus without complications,2024-10-31,Dr. Y. Tanaka,Resolved
DX03217,P2273,E11.9,Type 2 Diabetes Mellitus without complications,2024-12-10,Dr. A. Patel,Active
DX03218,P2273,M54.5,Low back pain,2023-01-14,Dr. J. Nkosi,Active
DX03219,P2273,E78.5,"Hyperlipidaemia, unspecified",2022-03-02,Dr. S. Khan,Resolved
DX03220,P2273,F32.1,"Major depressive disorder, moderate",2024-04-29,Dr. S. Khan,Monitoring
DX03221,P2274,G40.9,"Epilepsy, unspecified",2024-12-08,Dr. A. Patel,Active
DX03222,P2274,K21.0,Gastro-oesophageal reflux disease,2024-02-12,Dr. R. Singh,Resolved
DX03223,P2275,I25.10,Atherosclerotic heart disease,2022-09-03,Dr. C. Müller,Active
DX03224,P2275,C34.10,Malignant neoplasm of upper lobe bronchus,2023-03-14,Dr. C. Müller,Resolved
DX03225,P2275,M06.9,"Rheumatoid arthritis, unspecified",2023-12-10,Dr. M. O'Brien,Active
DX03226,P2275,K21.0,Gastro-oesophageal reflux disease,2022-06-06,Dr. L. Torres,Monitoring
DX03227,P2276,E03.9,"Hypothyroidism, unspecified",2022-09-10,Dr. L. Torres,Active
DX03228,P2277,J45.9,"Asthma, unspecified",2024-12-21,Dr. Y. Tanaka,Resolved
DX03229,P2277,M06.9,"Rheumatoid arthritis, unspecified",2022-02-24,Dr. M. O'Brien,Resolved
DX03230,P2277,F32.1,"Major depressive disorder, moderate",2023-02-03,Dr. M. O'Brien,Monitoring
DX03231,P2278,J45.9,"Asthma, unspecified",2024-11-01,Dr. M. O'Brien,Active
DX03232,P2278,K21.0,Gastro-oesophageal reflux disease,2023-05-07,Dr. Y. Tanaka,Resolved
DX03233,P2279,N18.3,"Chronic kidney disease, stage 3",2022-07-08,Dr. L. Torres,Active
DX03234,P2279,F32.1,"Major depressive disorder, moderate",2023-08-26,Dr. M. O'Brien,Monitoring
DX03235,P2279,E11.9,Type 2 Diabetes Mellitus without complications,2024-04-14,Dr. A. Patel,Resolved
DX03236,P2280,E03.9,"Hypothyroidism, unspecified",2023-11-23,Dr. J. Nkosi,Resolved
DX03237,P2281,F32.1,"Major depressive disorder, moderate",2022-04-05,Dr. S. Khan,Active
DX03238,P2281,M06.9,"Rheumatoid arthritis, unspecified",2022-09-21,Dr. C. Müller,Active
DX03239,P2281,E03.9,"Hypothyroidism, unspecified",2022-03-28,Dr. J. Nkosi,Active
DX03240,P2281,C34.10,Malignant neoplasm of upper lobe bronchus,2024-12-01,Dr. J. Nkosi,Resolved
DX03241,P2282,F32.1,"Major depressive disorder, moderate",2024-03-02,Dr. M. O'Brien,Monitoring
DX03242,P2282,K21.0,Gastro-oesophageal reflux disease,2024-07-22,Dr. S. Khan,Resolved
DX03243,P2282,E11.9,Type 2 Diabetes Mellitus without complications,2023-03-12,Dr. S. Khan,Active
DX03244,P2282,I10,Essential Hypertension,2023-03-24,Dr. L. Torres,Resolved
DX03245,P2283,I10,Essential Hypertension,2024-11-08,Dr. M. O'Brien,Resolved
DX03246,P2283,G40.9,"Epilepsy, unspecified",2022-08-11,Dr. Y. Tanaka,Monitoring
DX03247,P2283,F32.1,"Major depressive disorder, moderate",2024-09-20,Dr. C. Müller,Monitoring
DX03248,P2284,K21.0,Gastro-oesophageal reflux disease,2024-12-10,Dr. L. Torres,Resolved
DX03249,P2284,J45.9,"Asthma, unspecified",2022-03-24,Dr. S. Khan,Active
DX03250,P2285,M06.9,"Rheumatoid arthritis, unspecified",2024-12-16,Dr. Y. Tanaka,Active
DX03251,P2285,E78.5,"Hyperlipidaemia, unspecified",2023-12-03,Dr. L. Torres,Active
DX03252,P2285,I10,Essential Hypertension,2024-09-03,Dr. M. O'Brien,Resolved
DX03253,P2286,J45.9,"Asthma, unspecified",2023-04-24,Dr. R. Singh,Monitoring
DX03254,P2287,I10,Essential Hypertension,2022-07-29,Dr. R. Singh,Resolved
DX03255,P2288,K21.0,Gastro-oesophageal reflux disease,2022-04-08,Dr. R. Singh,Monitoring
DX03256,P2289,E03.9,"Hypothyroidism, unspecified",2023-08-16,Dr. L. Torres,Monitoring
DX03257,P2290,M06.9,"Rheumatoid arthritis, unspecified",2024-07-16,Dr. L. Torres,Monitoring
DX03258,P2290,I10,Essential Hypertension,2022-12-06,Dr. C. Müller,Monitoring
DX03259,P2291,E03.9,"Hypothyroidism, unspecified",2023-08-31,Dr. Y. Tanaka,Active
DX03260,P2291,K21.0,Gastro-oesophageal reflux disease,2024-12-05,Dr. L. Torres,Active
DX03261,P2291,G40.9,"Epilepsy, unspecified",2024-01-20,Dr. C. Müller,Monitoring
DX03262,P2291,F32.1,"Major depressive disorder, moderate",2023-05-24,Dr. M. O'Brien,Resolved
DX03263,P2292,I25.10,Atherosclerotic heart disease,2022-02-13,Dr. L. Torres,Monitoring
DX03264,P2293,J18.9,"Pneumonia, unspecified",2022-08-10,Dr. M. O'Brien,Active
DX03265,P2293,J45.9,"Asthma, unspecified",2023-08-26,Dr. M. O'Brien,Resolved
DX03266,P2294,K21.0,Gastro-oesophageal reflux disease,2022-02-17,Dr. Y. Tanaka,Active
DX03267,P2294,E78.5,"Hyperlipidaemia, unspecified",2024-03-26,Dr. S. Khan,Resolved
DX03268,P2294,I10,Essential Hypertension,2024-05-05,Dr. A. Patel,Monitoring
DX03269,P2294,F32.1,"Major depressive disorder, moderate",2024-06-24,Dr. M. O'Brien,Monitoring
DX03270,P2295,I25.10,Atherosclerotic heart disease,2023-04-13,Dr. J. Nkosi,Resolved
DX03271,P2295,E78.5,"Hyperlipidaemia, unspecified",2024-01-11,Dr. J. Nkosi,Monitoring
DX03272,P2296,I63.9,"Cerebral infarction, unspecified",2022-02-05,Dr. L. Torres,Active
DX03273,P2296,E78.5,"Hyperlipidaemia, unspecified",2023-12-07,Dr. C. Müller,Monitoring
DX03274,P2297,J18.9,"Pneumonia, unspecified",2024-06-08,Dr. R. Singh,Active
DX03275,P2298,F32.1,"Major depressive disorder, moderate",2024-01-05,Dr. M. O'Brien,Resolved
DX03276,P2298,K21.0,Gastro-oesophageal reflux disease,2023-06-29,Dr. S. Khan,Monitoring
DX03277,P2299,K21.0,Gastro-oesophageal reflux disease,2022-05-30,Dr. J. Nkosi,Active
DX03278,P2299,F32.1,"Major depressive disorder, moderate",2024-09-13,Dr. C. Müller,Active
DX03279,P2299,N18.3,"Chronic kidney disease, stage 3",2022-10-26,Dr. J. Nkosi,Monitoring
DX03280,P2299,G40.9,"Epilepsy, unspecified",2023-10-05,Dr. R. Singh,Active
DX03281,P2300,G40.9,"Epilepsy, unspecified",2023-07-01,Dr. C. Müller,Monitoring
DX03282,P2300,J45.9,"Asthma, unspecified",2022-11-02,Dr. J. Nkosi,Monitoring
DX03283,P2300,E03.9,"Hypothyroidism, unspecified",2023-09-29,Dr. L. Torres,Monitoring
DX03284,P2301,G40.9,"Epilepsy, unspecified",2022-03-02,Dr. M. O'Brien,Resolved
DX03285,P2302,I10,Essential Hypertension,2024-11-18,Dr. C. Müller,Monitoring
DX03286,P2302,M06.9,"Rheumatoid arthritis, unspecified",2024-03-11,Dr. C. Müller,Active
DX03287,P2303,E11.9,Type 2 Diabetes Mellitus without complications,2024-03-03,Dr. J. Nkosi,Active
DX03288,P2304,I63.9,"Cerebral infarction, unspecified",2023-01-31,Dr. R. Singh,Active
DX03289,P2305,E11.9,Type 2 Diabetes Mellitus without complications,2024-02-08,Dr. A. Patel,Monitoring
DX03290,P2306,E11.9,Type 2 Diabetes Mellitus without complications,2022-05-30,Dr. R. Singh,Active
DX03291,P2306,I25.10,Atherosclerotic heart disease,2024-07-17,Dr. C. Müller,Active
DX03292,P2306,I63.9,"Cerebral infarction, unspecified",2024-12-04,Dr. J. Nkosi,Monitoring
DX03293,P2307,I63.9,"Cerebral infarction, unspecified",2022-04-14,Dr. R. Singh,Active
DX03294,P2307,F32.1,"Major depressive disorder, moderate",2023-07-28,Dr. L. Torres,Active
DX03295,P2307,M06.9,"Rheumatoid arthritis, unspecified",2024-10-11,Dr. Y. Tanaka,Resolved
DX03296,P2307,J18.9,"Pneumonia, unspecified",2023-07-31,Dr. C. Müller,Active
DX03297,P2308,C34.10,Malignant neoplasm of upper lobe bronchus,2024-07-08,Dr. M. O'Brien,Monitoring
DX03298,P2309,E03.9,"Hypothyroidism, unspecified",2022-09-24,Dr. M. O'Brien,Resolved
DX03299,P2309,G40.9,"Epilepsy, unspecified",2022-02-09,Dr. S. Khan,Monitoring
DX03300,P2309,F32.1,"Major depressive disorder, moderate",2024-10-04,Dr. Y. Tanaka,Resolved
DX03301,P2309,I63.9,"Cerebral infarction, unspecified",2022-04-08,Dr. M. O'Brien,Monitoring
DX03302,P2310,E03.9,"Hypothyroidism, unspecified",2023-06-24,Dr. A. Patel,Resolved
DX03303,P2311,E11.9,Type 2 Diabetes Mellitus without complications,2023-02-20,Dr. Y. Tanaka,Active
DX03304,P2311,J45.9,"Asthma, unspecified",2022-07-02,Dr. M. O'Brien,Resolved
DX03305,P2311,G40.9,"Epilepsy, unspecified",2024-01-03,Dr. M. O'Brien,Active
DX03306,P2312,M06.9,"Rheumatoid arthritis, unspecified",2024-08-14,Dr. S. Khan,Resolved
DX03307,P2312,F32.1,"Major depressive disorder, moderate",2022-01-22,Dr. J. Nkosi,Active
DX03308,P2312,E11.9,Type 2 Diabetes Mellitus without complications,2022-07-28,Dr. S. Khan,Monitoring
DX03309,P2313,I10,Essential Hypertension,2022-08-19,Dr. J. Nkosi,Resolved
DX03310,P2313,F32.1,"Major depressive disorder, moderate",2023-05-03,Dr. R. Singh,Active
DX03311,P2314,M54.5,Low back pain,2024-02-10,Dr. S. Khan,Active
DX03312,P2314,E78.5,"Hyperlipidaemia, unspecified",2023-03-23,Dr. Y. Tanaka,Active
DX03313,P2314,K21.0,Gastro-oesophageal reflux disease,2023-08-31,Dr. L. Torres,Resolved
DX03314,P2314,N18.3,"Chronic kidney disease, stage 3",2022-04-11,Dr. M. O'Brien,Monitoring
DX03315,P2315,I10,Essential Hypertension,2023-08-26,Dr. A. Patel,Active
DX03316,P2315,J18.9,"Pneumonia, unspecified",2024-06-02,Dr. L. Torres,Resolved
DX03317,P2315,F32.1,"Major depressive disorder, moderate",2022-04-19,Dr. J. Nkosi,Resolved
DX03318,P2316,I63.9,"Cerebral infarction, unspecified",2022-07-28,Dr. C. Müller,Resolved
DX03319,P2316,I25.10,Atherosclerotic heart disease,2024-12-30,Dr. S. Khan,Active
DX03320,P2317,C34.10,Malignant neoplasm of upper lobe bronchus,2024-11-17,Dr. M. O'Brien,Active
DX03321,P2317,E03.9,"Hypothyroidism, unspecified",2022-06-03,Dr. A. Patel,Active
DX03322,P2317,M54.5,Low back pain,2022-07-08,Dr. Y. Tanaka,Monitoring
DX03323,P2317,I63.9,"Cerebral infarction, unspecified",2023-01-09,Dr. S. Khan,Monitoring
DX03324,P2318,I25.10,Atherosclerotic heart disease,2024-05-09,Dr. M. O'Brien,Monitoring
DX03325,P2318,E78.5,"Hyperlipidaemia, unspecified",2023-11-28,Dr. Y. Tanaka,Monitoring
DX03326,P2319,J45.9,"Asthma, unspecified",2023-05-13,Dr. S. Khan,Monitoring
DX03327,P2319,E03.9,"Hypothyroidism, unspecified",2022-12-29,Dr. R. Singh,Resolved
DX03328,P2319,F32.1,"Major depressive disorder, moderate",2022-03-01,Dr. R. Singh,Active
DX03329,P2319,M06.9,"Rheumatoid arthritis, unspecified",2024-07-09,Dr. A. Patel,Resolved
DX03330,P2320,F32.1,"Major depressive disorder, moderate",2024-09-06,Dr. A. Patel,Resolved
DX03331,P2320,I63.9,"Cerebral infarction, unspecified",2024-10-13,Dr. J. Nkosi,Resolved
DX03332,P2320,E11.9,Type 2 Diabetes Mellitus without complications,2024-11-27,Dr. M. O'Brien,Active
DX03333,P2320,M54.5,Low back pain,2024-01-18,Dr. A. Patel,Resolved
DX03334,P2321,E11.9,Type 2 Diabetes Mellitus without complications,2022-12-17,Dr. M. O'Brien,Active
DX03335,P2321,I63.9,"Cerebral infarction, unspecified",2023-12-17,Dr. R. Singh,Monitoring
DX03336,P2322,E11.9,Type 2 Diabetes Mellitus without complications,2024-01-20,Dr. A. Patel,Resolved
DX03337,P2322,F32.1,"Major depressive disorder, moderate",2024-07-05,Dr. S. Khan,Monitoring
DX03338,P2323,F32.1,"Major depressive disorder, moderate",2022-05-30,Dr. M. O'Brien,Active
DX03339,P2323,K21.0,Gastro-oesophageal reflux disease,2022-10-12,Dr. R. Singh,Monitoring
DX03340,P2323,J18.9,"Pneumonia, unspecified",2024-03-25,Dr. Y. Tanaka,Monitoring
DX03341,P2324,E78.5,"Hyperlipidaemia, unspecified",2024-12-30,Dr. L. Torres,Active
DX03342,P2325,K21.0,Gastro-oesophageal reflux disease,2022-02-03,Dr. M. O'Brien,Active
DX03343,P2325,M06.9,"Rheumatoid arthritis, unspecified",2022-03-19,Dr. R. Singh,Active
DX03344,P2325,E78.5,"Hyperlipidaemia, unspecified",2023-04-16,Dr. C. Müller,Monitoring
DX03345,P2325,I25.10,Atherosclerotic heart disease,2023-05-29,Dr. L. Torres,Monitoring
DX03346,P2326,I25.10,Atherosclerotic heart disease,2023-11-23,Dr. S. Khan,Monitoring
DX03347,P2326,K21.0,Gastro-oesophageal reflux disease,2022-06-22,Dr. L. Torres,Resolved
DX03348,P2327,I63.9,"Cerebral infarction, unspecified",2022-03-15,Dr. Y. Tanaka,Active
DX03349,P2327,E78.5,"Hyperlipidaemia, unspecified",2024-01-02,Dr. M. O'Brien,Active
DX03350,P2327,G40.9,"Epilepsy, unspecified",2024-04-02,Dr. Y. Tanaka,Resolved
DX03351,P2327,M54.5,Low back pain,2024-09-05,Dr. J. Nkosi,Monitoring
DX03352,P2328,I10,Essential Hypertension,2024-07-14,Dr. L. Torres,Resolved
DX03353,P2328,K21.0,Gastro-oesophageal reflux disease,2022-06-09,Dr. S. Khan,Monitoring
DX03354,P2329,M54.5,Low back pain,2024-02-27,Dr. M. O'Brien,Monitoring
DX03355,P2329,K21.0,Gastro-oesophageal reflux disease,2024-06-12,Dr. Y. Tanaka,Monitoring
DX03356,P2329,E78.5,"Hyperlipidaemia, unspecified",2022-11-12,Dr. M. O'Brien,Resolved
DX03357,P2329,M06.9,"Rheumatoid arthritis, unspecified",2024-11-23,Dr. J. Nkosi,Resolved
DX03358,P2330,E03.9,"Hypothyroidism, unspecified",2024-12-25,Dr. R. Singh,Monitoring
DX03359,P2331,F32.1,"Major depressive disorder, moderate",2023-01-17,Dr. J. Nkosi,Resolved
DX03360,P2332,C34.10,Malignant neoplasm of upper lobe bronchus,2023-07-06,Dr. A. Patel,Monitoring
DX03361,P2333,E03.9,"Hypothyroidism, unspecified",2023-11-11,Dr. Y. Tanaka,Monitoring
DX03362,P2333,F32.1,"Major depressive disorder, moderate",2022-03-20,Dr. A. Patel,Monitoring
DX03363,P2333,G40.9,"Epilepsy, unspecified",2022-09-13,Dr. M. O'Brien,Resolved
DX03364,P2334,E03.9,"Hypothyroidism, unspecified",2023-12-03,Dr. R. Singh,Resolved
DX03365,P2334,C34.10,Malignant neoplasm of upper lobe bronchus,2023-05-30,Dr. M. O'Brien,Monitoring
DX03366,P2335,M54.5,Low back pain,2022-10-15,Dr. R. Singh,Monitoring
DX03367,P2335,K21.0,Gastro-oesophageal reflux disease,2023-08-26,Dr. M. O'Brien,Monitoring
DX03368,P2335,F32.1,"Major depressive disorder, moderate",2023-05-21,Dr. M. O'Brien,Monitoring
DX03369,P2335,J45.9,"Asthma, unspecified",2024-12-26,Dr. L. Torres,Resolved
DX03370,P2336,G40.9,"Epilepsy, unspecified",2022-07-31,Dr. R. Singh,Resolved
DX03371,P2336,J45.9,"Asthma, unspecified",2022-12-03,Dr. L. Torres,Active
DX03372,P2337,J18.9,"Pneumonia, unspecified",2023-11-23,Dr. Y. Tanaka,Active
DX03373,P2337,E78.5,"Hyperlipidaemia, unspecified",2023-12-05,Dr. C. Müller,Active
DX03374,P2337,E03.9,"Hypothyroidism, unspecified",2022-12-18,Dr. C. Müller,Monitoring
DX03375,P2338,G40.9,"Epilepsy, unspecified",2023-04-01,Dr. R. Singh,Monitoring
DX03376,P2338,C34.10,Malignant neoplasm of upper lobe bronchus,2024-01-28,Dr. S. Khan,Active
DX03377,P2339,E78.5,"Hyperlipidaemia, unspecified",2024-03-12,Dr. R. Singh,Resolved
DX03378,P2340,I63.9,"Cerebral infarction, unspecified",2024-09-29,Dr. L. Torres,Resolved
DX03379,P2341,I10,Essential Hypertension,2024-09-25,Dr. L. Torres,Resolved
DX03380,P2341,K21.0,Gastro-oesophageal reflux disease,2023-04-05,Dr. A. Patel,Active
DX03381,P2341,N18.3,"Chronic kidney disease, stage 3",2023-09-20,Dr. S. Khan,Monitoring
DX03382,P2342,M06.9,"Rheumatoid arthritis, unspecified",2022-08-20,Dr. Y. Tanaka,Monitoring
DX03383,P2343,J18.9,"Pneumonia, unspecified",2023-11-15,Dr. J. Nkosi,Resolved
DX03384,P2343,I10,Essential Hypertension,2022-03-19,Dr. S. Khan,Resolved
DX03385,P2343,J45.9,"Asthma, unspecified",2023-03-07,Dr. C. Müller,Resolved
DX03386,P2343,E78.5,"Hyperlipidaemia, unspecified",2022-06-30,Dr. R. Singh,Resolved
DX03387,P2344,E11.9,Type 2 Diabetes Mellitus without complications,2022-08-08,Dr. J. Nkosi,Monitoring
DX03388,P2344,N18.3,"Chronic kidney disease, stage 3",2022-12-22,Dr. R. Singh,Monitoring
DX03389,P2344,G40.9,"Epilepsy, unspecified",2023-03-16,Dr. C. Müller,Resolved
DX03390,P2344,J45.9,"Asthma, unspecified",2024-12-10,Dr. S. Khan,Active
DX03391,P2345,M54.5,Low back pain,2022-02-02,Dr. L. Torres,Active
DX03392,P2345,G40.9,"Epilepsy, unspecified",2022-08-12,Dr. L. Torres,Active
DX03393,P2345,N18.3,"Chronic kidney disease, stage 3",2022-03-14,Dr. R. Singh,Active
DX03394,P2345,I10,Essential Hypertension,2024-07-24,Dr. C. Müller,Monitoring
DX03395,P2346,C34.10,Malignant neoplasm of upper lobe bronchus,2024-12-08,Dr. Y. Tanaka,Monitoring
DX03396,P2347,K21.0,Gastro-oesophageal reflux disease,2022-09-27,Dr. Y. Tanaka,Active
DX03397,P2348,N18.3,"Chronic kidney disease, stage 3",2024-11-19,Dr. R. Singh,Resolved
DX03398,P2348,J18.9,"Pneumonia, unspecified",2022-11-30,Dr. M. O'Brien,Resolved
DX03399,P2348,J45.9,"Asthma, unspecified",2024-05-26,Dr. C. Müller,Active
DX03400,P2349,G40.9,"Epilepsy, unspecified",2024-11-03,Dr. C. Müller,Resolved
DX03401,P2349,E03.9,"Hypothyroidism, unspecified",2024-06-24,Dr. L. Torres,Resolved
DX03402,P2349,K21.0,Gastro-oesophageal reflux disease,2022-12-10,Dr. M. O'Brien,Resolved
DX03403,P2350,E78.5,"Hyperlipidaemia, unspecified",2023-07-27,Dr. R. Singh,Monitoring
DX03404,P2350,N18.3,"Chronic kidney disease, stage 3",2024-05-14,Dr. R. Singh,Resolved
DX03405,P2350,C34.10,Malignant neoplasm of upper lobe bronchus,2023-08-13,Dr. M. O'Brien,Monitoring
DX03406,P2351,I25.10,Atherosclerotic heart disease,2022-09-01,Dr. S. Khan,Monitoring
DX03407,P2351,K21.0,Gastro-oesophageal reflux disease,2024-05-26,Dr. R. Singh,Active
DX03408,P2352,M06.9,"Rheumatoid arthritis, unspecified",2022-01-13,Dr. A. Patel,Active
DX03409,P2352,G40.9,"Epilepsy, unspecified",2022-11-16,Dr. L. Torres,Resolved
DX03410,P2353,K21.0,Gastro-oesophageal reflux disease,2023-04-21,Dr. S. Khan,Active
DX03411,P2353,I63.9,"Cerebral infarction, unspecified",2022-09-26,Dr. S. Khan,Resolved
DX03412,P2354,E11.9,Type 2 Diabetes Mellitus without complications,2023-10-26,Dr. R. Singh,Resolved
DX03413,P2354,J45.9,"Asthma, unspecified",2022-03-11,Dr. J. Nkosi,Monitoring
DX03414,P2354,I10,Essential Hypertension,2024-05-21,Dr. M. O'Brien,Monitoring
DX03415,P2355,I25.10,Atherosclerotic heart disease,2023-09-14,Dr. L. Torres,Monitoring
DX03416,P2356,F32.1,"Major depressive disorder, moderate",2024-10-01,Dr. M. O'Brien,Resolved
DX03417,P2356,K21.0,Gastro-oesophageal reflux disease,2023-03-31,Dr. C. Müller,Resolved
DX03418,P2356,G40.9,"Epilepsy, unspecified",2024-06-22,Dr. L. Torres,Monitoring
DX03419,P2356,C34.10,Malignant neoplasm of upper lobe bronchus,2024-04-26,Dr. M. O'Brien,Monitoring
DX03420,P2357,J18.9,"Pneumonia, unspecified",2024-01-21,Dr. M. O'Brien,Resolved
DX03421,P2358,J45.9,"Asthma, unspecified",2023-03-24,Dr. M. O'Brien,Monitoring
DX03422,P2358,E11.9,Type 2 Diabetes Mellitus without complications,2022-08-05,Dr. M. O'Brien,Active
DX03423,P2358,E78.5,"Hyperlipidaemia, unspecified",2022-05-09,Dr. M. O'Brien,Active
DX03424,P2359,M06.9,"Rheumatoid arthritis, unspecified",2022-01-15,Dr. L. Torres,Monitoring
DX03425,P2359,G40.9,"Epilepsy, unspecified",2022-07-09,Dr. A. Patel,Resolved
DX03426,P2360,M06.9,"Rheumatoid arthritis, unspecified",2022-07-04,Dr. J. Nkosi,Resolved
DX03427,P2361,M54.5,Low back pain,2024-08-06,Dr. R. Singh,Active
DX03428,P2361,J18.9,"Pneumonia, unspecified",2024-12-26,Dr. M. O'Brien,Resolved
DX03429,P2361,J45.9,"Asthma, unspecified",2024-04-07,Dr. S. Khan,Monitoring
DX03430,P2362,J18.9,"Pneumonia, unspecified",2024-09-10,Dr. Y. Tanaka,Resolved
DX03431,P2362,E03.9,"Hypothyroidism, unspecified",2023-06-18,Dr. R. Singh,Monitoring
DX03432,P2362,M06.9,"Rheumatoid arthritis, unspecified",2023-06-29,Dr. Y. Tanaka,Active
DX03433,P2362,N18.3,"Chronic kidney disease, stage 3",2024-02-16,Dr. M. O'Brien,Monitoring
DX03434,P2363,N18.3,"Chronic kidney disease, stage 3",2022-10-19,Dr. S. Khan,Monitoring
DX03435,P2364,F32.1,"Major depressive disorder, moderate",2022-07-29,Dr. C. Müller,Active
DX03436,P2364,I63.9,"Cerebral infarction, unspecified",2023-01-08,Dr. Y. Tanaka,Active
DX03437,P2364,E78.5,"Hyperlipidaemia, unspecified",2024-08-18,Dr. M. O'Brien,Active
DX03438,P2364,J45.9,"Asthma, unspecified",2024-07-25,Dr. J. Nkosi,Active
DX03439,P2365,E03.9,"Hypothyroidism, unspecified",2023-01-17,Dr. A. Patel,Resolved
DX03440,P2365,C34.10,Malignant neoplasm of upper lobe bronchus,2023-01-08,Dr. M. O'Brien,Active
DX03441,P2365,G40.9,"Epilepsy, unspecified",2023-03-15,Dr. C. Müller,Active
DX03442,P2365,J45.9,"Asthma, unspecified",2022-07-26,Dr. C. Müller,Resolved
DX03443,P2366,I63.9,"Cerebral infarction, unspecified",2023-09-13,Dr. J. Nkosi,Monitoring
DX03444,P2367,J45.9,"Asthma, unspecified",2023-10-28,Dr. R. Singh,Monitoring
DX03445,P2367,J18.9,"Pneumonia, unspecified",2023-05-16,Dr. J. Nkosi,Resolved
DX03446,P2368,I25.10,Atherosclerotic heart disease,2024-09-28,Dr. Y. Tanaka,Monitoring
DX03447,P2368,F32.1,"Major depressive disorder, moderate",2024-10-06,Dr. J. Nkosi,Active
DX03448,P2368,E11.9,Type 2 Diabetes Mellitus without complications,2024-03-16,Dr. L. Torres,Active
DX03449,P2369,K21.0,Gastro-oesophageal reflux disease,2023-11-13,Dr. L. Torres,Resolved
DX03450,P2370,K21.0,Gastro-oesophageal reflux disease,2023-01-05,Dr. Y. Tanaka,Monitoring
DX03451,P2370,C34.10,Malignant neoplasm of upper lobe bronchus,2024-06-17,Dr. A. Patel,Active
DX03452,P2370,G40.9,"Epilepsy, unspecified",2022-12-24,Dr. Y. Tanaka,Active
DX03453,P2370,E11.9,Type 2 Diabetes Mellitus without complications,2022-11-28,Dr. A. Patel,Resolved
DX03454,P2371,I63.9,"Cerebral infarction, unspecified",2024-08-17,Dr. Y. Tanaka,Monitoring
DX03455,P2371,K21.0,Gastro-oesophageal reflux disease,2022-08-19,Dr. J. Nkosi,Resolved
DX03456,P2372,J18.9,"Pneumonia, unspecified",2024-11-28,Dr. J. Nkosi,Active
DX03457,P2372,K21.0,Gastro-oesophageal reflux disease,2022-11-02,Dr. A. Patel,Monitoring
DX03458,P2372,E78.5,"Hyperlipidaemia, unspecified",2022-07-21,Dr. M. O'Brien,Resolved
DX03459,P2373,C34.10,Malignant neoplasm of upper lobe bronchus,2023-01-21,Dr. M. O'Brien,Active
DX03460,P2373,E03.9,"Hypothyroidism, unspecified",2022-04-02,Dr. L. Torres,Monitoring
DX03461,P2373,M06.9,"Rheumatoid arthritis, unspecified",2024-09-28,Dr. Y. Tanaka,Monitoring
DX03462,P2373,I10,Essential Hypertension,2024-10-28,Dr. Y. Tanaka,Resolved
DX03463,P2374,C34.10,Malignant neoplasm of upper lobe bronchus,2024-02-02,Dr. R. Singh,Active
DX03464,P2374,M06.9,"Rheumatoid arthritis, unspecified",2023-04-30,Dr. C. Müller,Active
DX03465,P2375,J45.9,"Asthma, unspecified",2022-02-05,Dr. L. Torres,Resolved
DX03466,P2376,M06.9,"Rheumatoid arthritis, unspecified",2022-06-17,Dr. R. Singh,Active
DX03467,P2376,F32.1,"Major depressive disorder, moderate",2024-07-31,Dr. S. Khan,Resolved
DX03468,P2377,J45.9,"Asthma, unspecified",2022-07-11,Dr. A. Patel,Active
DX03469,P2377,G40.9,"Epilepsy, unspecified",2022-12-09,Dr. R. Singh,Monitoring
DX03470,P2378,E11.9,Type 2 Diabetes Mellitus without complications,2023-09-13,Dr. J. Nkosi,Resolved
DX03471,P2379,I63.9,"Cerebral infarction, unspecified",2024-11-13,Dr. J. Nkosi,Active
DX03472,P2379,G40.9,"Epilepsy, unspecified",2023-02-07,Dr. A. Patel,Monitoring
DX03473,P2379,C34.10,Malignant neoplasm of upper lobe bronchus,2024-05-01,Dr. Y. Tanaka,Active
DX03474,P2380,I63.9,"Cerebral infarction, unspecified",2024-10-20,Dr. S. Khan,Monitoring
DX03475,P2380,K21.0,Gastro-oesophageal reflux disease,2022-08-24,Dr. M. O'Brien,Resolved
DX03476,P2381,I63.9,"Cerebral infarction, unspecified",2022-11-06,Dr. M. O'Brien,Active
DX03477,P2382,J18.9,"Pneumonia, unspecified",2024-07-31,Dr. C. Müller,Resolved
DX03478,P2382,E11.9,Type 2 Diabetes Mellitus without complications,2022-10-13,Dr. A. Patel,Active
DX03479,P2383,E11.9,Type 2 Diabetes Mellitus without complications,2022-08-19,Dr. C. Müller,Resolved
DX03480,P2384,J18.9,"Pneumonia, unspecified",2023-01-06,Dr. A. Patel,Active
DX03481,P2385,M54.5,Low back pain,2022-10-06,Dr. R. Singh,Monitoring
DX03482,P2386,M06.9,"Rheumatoid arthritis, unspecified",2023-03-15,Dr. A. Patel,Resolved
DX03483,P2386,J45.9,"Asthma, unspecified",2023-01-30,Dr. C. Müller,Resolved
DX03484,P2386,G40.9,"Epilepsy, unspecified",2023-11-22,Dr. J. Nkosi,Monitoring
DX03485,P2386,K21.0,Gastro-oesophageal reflux disease,2022-01-28,Dr. M. O'Brien,Resolved
DX03486,P2387,E03.9,"Hypothyroidism, unspecified",2022-11-03,Dr. L. Torres,Active
DX03487,P2387,E78.5,"Hyperlipidaemia, unspecified",2022-07-25,Dr. S. Khan,Resolved
DX03488,P2387,E11.9,Type 2 Diabetes Mellitus without complications,2022-02-16,Dr. C. Müller,Monitoring
DX03489,P2388,M06.9,"Rheumatoid arthritis, unspecified",2022-01-18,Dr. R. Singh,Active
DX03490,P2388,N18.3,"Chronic kidney disease, stage 3",2022-11-04,Dr. L. Torres,Resolved
DX03491,P2389,I10,Essential Hypertension,2023-02-01,Dr. R. Singh,Resolved
DX03492,P2389,G40.9,"Epilepsy, unspecified",2024-02-19,Dr. S. Khan,Monitoring
DX03493,P2390,E03.9,"Hypothyroidism, unspecified",2023-03-16,Dr. R. Singh,Active
DX03494,P2391,G40.9,"Epilepsy, unspecified",2023-04-14,Dr. Y. Tanaka,Active
DX03495,P2391,I10,Essential Hypertension,2022-10-18,Dr. L. Torres,Active
DX03496,P2391,E03.9,"Hypothyroidism, unspecified",2024-05-18,Dr. R. Singh,Monitoring
DX03497,P2391,E11.9,Type 2 Diabetes Mellitus without complications,2023-10-31,Dr. R. Singh,Resolved
DX03498,P2392,E03.9,"Hypothyroidism, unspecified",2022-02-25,Dr. L. Torres,Active
DX03499,P2392,J18.9,"Pneumonia, unspecified",2022-11-16,Dr. A. Patel,Active
DX03500,P2392,J45.9,"Asthma, unspecified",2024-09-13,Dr. A. Patel,Resolved
DX03501,P2393,N18.3,"Chronic kidney disease, stage 3",2022-11-28,Dr. Y. Tanaka,Active
DX03502,P2394,I25.10,Atherosclerotic heart disease,2022-05-06,Dr. Y. Tanaka,Monitoring
DX03503,P2394,I10,Essential Hypertension,2022-06-24,Dr. C. Müller,Resolved
DX03504,P2394,J18.9,"Pneumonia, unspecified",2022-02-15,Dr. C. Müller,Active
DX03505,P2394,K21.0,Gastro-oesophageal reflux disease,2022-09-24,Dr. M. O'Brien,Resolved
DX03506,P2395,N18.3,"Chronic kidney disease, stage 3",2023-10-17,Dr. L. Torres,Active
DX03507,P2396,J45.9,"Asthma, unspecified",2023-08-08,Dr. A. Patel,Active
DX03508,P2397,E11.9,Type 2 Diabetes Mellitus without complications,2022-02-04,Dr. R. Singh,Resolved
DX03509,P2398,K21.0,Gastro-oesophageal reflux disease,2024-01-25,Dr. C. Müller,Resolved
DX03510,P2398,E03.9,"Hypothyroidism, unspecified",2022-05-13,Dr. R. Singh,Resolved
DX03511,P2398,I63.9,"Cerebral infarction, unspecified",2023-12-14,Dr. R. Singh,Resolved
DX03512,P2398,M54.5,Low back pain,2024-05-20,Dr. M. O'Brien,Active
DX03513,P2399,M54.5,Low back pain,2022-10-08,Dr. L. Torres,Resolved
DX03514,P2399,G40.9,"Epilepsy, unspecified",2024-06-08,Dr. A. Patel,Active
DX03515,P2399,E11.9,Type 2 Diabetes Mellitus without complications,2022-04-01,Dr. A. Patel,Active
DX03516,P2400,I10,Essential Hypertension,2023-03-01,Dr. A. Patel,Monitoring
DX03517,P2401,E78.5,"Hyperlipidaemia, unspecified",2024-03-27,Dr. L. Torres,Active
DX03518,P2401,J45.9,"Asthma, unspecified",2024-09-28,Dr. M. O'Brien,Resolved
DX03519,P2401,E11.9,Type 2 Diabetes Mellitus without complications,2024-11-23,Dr. A. Patel,Monitoring
DX03520,P2401,M54.5,Low back pain,2022-01-27,Dr. S. Khan,Monitoring
DX03521,P2402,M54.5,Low back pain,2022-03-04,Dr. S. Khan,Resolved
DX03522,P2402,E11.9,Type 2 Diabetes Mellitus without complications,2022-05-05,Dr. Y. Tanaka,Active
DX03523,P2402,J18.9,"Pneumonia, unspecified",2023-02-05,Dr. A. Patel,Resolved
DX03524,P2403,E11.9,Type 2 Diabetes Mellitus without complications,2023-04-15,Dr. R. Singh,Active
DX03525,P2403,J45.9,"Asthma, unspecified",2022-04-08,Dr. L. Torres,Resolved
DX03526,P2403,I10,Essential Hypertension,2024-12-22,Dr. L. Torres,Resolved
DX03527,P2403,M54.5,Low back pain,2023-09-07,Dr. J. Nkosi,Resolved
DX03528,P2404,E11.9,Type 2 Diabetes Mellitus without complications,2023-02-07,Dr. A. Patel,Active
DX03529,P2404,C34.10,Malignant neoplasm of upper lobe bronchus,2024-06-10,Dr. M. O'Brien,Resolved
DX03530,P2405,M54.5,Low back pain,2024-05-29,Dr. L. Torres,Resolved
DX03531,P2405,F32.1,"Major depressive disorder, moderate",2022-03-02,Dr. J. Nkosi,Active
DX03532,P2405,C34.10,Malignant neoplasm of upper lobe bronchus,2022-01-12,Dr. R. Singh,Active
DX03533,P2406,K21.0,Gastro-oesophageal reflux disease,2022-11-17,Dr. Y. Tanaka,Resolved
DX03534,P2406,F32.1,"Major depressive disorder, moderate",2024-06-14,Dr. C. Müller,Resolved
DX03535,P2407,E11.9,Type 2 Diabetes Mellitus without complications,2022-05-12,Dr. J. Nkosi,Active
DX03536,P2407,N18.3,"Chronic kidney disease, stage 3",2024-08-30,Dr. A. Patel,Active
DX03537,P2408,I25.10,Atherosclerotic heart disease,2024-04-05,Dr. C. Müller,Resolved
DX03538,P2409,I25.10,Atherosclerotic heart disease,2023-11-08,Dr. A. Patel,Active
DX03539,P2410,I10,Essential Hypertension,2024-07-04,Dr. Y. Tanaka,Monitoring
DX03540,P2411,E11.9,Type 2 Diabetes Mellitus without complications,2023-06-22,Dr. J. Nkosi,Monitoring
DX03541,P2411,I25.10,Atherosclerotic heart disease,2022-05-20,Dr. L. Torres,Monitoring
DX03542,P2411,I10,Essential Hypertension,2022-01-07,Dr. R. Singh,Active
DX03543,P2411,E03.9,"Hypothyroidism, unspecified",2022-05-15,Dr. R. Singh,Active
DX03544,P2412,I25.10,Atherosclerotic heart disease,2024-10-24,Dr. A. Patel,Monitoring
DX03545,P2413,I63.9,"Cerebral infarction, unspecified",2024-10-14,Dr. C. Müller,Monitoring
DX03546,P2413,G40.9,"Epilepsy, unspecified",2024-12-19,Dr. Y. Tanaka,Monitoring
DX03547,P2413,K21.0,Gastro-oesophageal reflux disease,2023-04-04,Dr. S. Khan,Active
DX03548,P2414,K21.0,Gastro-oesophageal reflux disease,2024-04-29,Dr. C. Müller,Monitoring
DX03549,P2414,M54.5,Low back pain,2023-08-23,Dr. S. Khan,Resolved
DX03550,P2414,I63.9,"Cerebral infarction, unspecified",2024-02-22,Dr. S. Khan,Active
DX03551,P2414,E11.9,Type 2 Diabetes Mellitus without complications,2023-03-19,Dr. Y. Tanaka,Resolved
DX03552,P2415,M54.5,Low back pain,2024-09-09,Dr. L. Torres,Active
DX03553,P2416,G40.9,"Epilepsy, unspecified",2023-10-23,Dr. C. Müller,Active
DX03554,P2416,J18.9,"Pneumonia, unspecified",2023-03-08,Dr. L. Torres,Monitoring
DX03555,P2417,K21.0,Gastro-oesophageal reflux disease,2024-07-02,Dr. A. Patel,Active
DX03556,P2418,J18.9,"Pneumonia, unspecified",2022-10-13,Dr. A. Patel,Active
DX03557,P2418,F32.1,"Major depressive disorder, moderate",2024-08-14,Dr. A. Patel,Monitoring
DX03558,P2418,I63.9,"Cerebral infarction, unspecified",2024-08-01,Dr. M. O'Brien,Active
DX03559,P2419,F32.1,"Major depressive disorder, moderate",2022-04-23,Dr. M. O'Brien,Monitoring
DX03560,P2420,I63.9,"Cerebral infarction, unspecified",2023-06-16,Dr. S. Khan,Monitoring
DX03561,P2421,J45.9,"Asthma, unspecified",2024-01-27,Dr. Y. Tanaka,Active
DX03562,P2422,E11.9,Type 2 Diabetes Mellitus without complications,2024-06-29,Dr. A. Patel,Monitoring
DX03563,P2423,M06.9,"Rheumatoid arthritis, unspecified",2022-03-04,Dr. S. Khan,Monitoring
DX03564,P2423,I63.9,"Cerebral infarction, unspecified",2024-03-28,Dr. L. Torres,Resolved
DX03565,P2423,E78.5,"Hyperlipidaemia, unspecified",2024-12-31,Dr. M. O'Brien,Active
DX03566,P2424,M54.5,Low back pain,2023-12-31,Dr. J. Nkosi,Monitoring
DX03567,P2425,E78.5,"Hyperlipidaemia, unspecified",2022-12-20,Dr. A. Patel,Active
DX03568,P2425,N18.3,"Chronic kidney disease, stage 3",2023-06-16,Dr. A. Patel,Resolved
DX03569,P2425,M54.5,Low back pain,2024-08-29,Dr. R. Singh,Resolved
DX03570,P2425,I10,Essential Hypertension,2022-07-11,Dr. M. O'Brien,Active
DX03571,P2426,K21.0,Gastro-oesophageal reflux disease,2024-04-05,Dr. S. Khan,Monitoring
DX03572,P2426,E11.9,Type 2 Diabetes Mellitus without complications,2022-06-22,Dr. M. O'Brien,Monitoring
DX03573,P2426,I25.10,Atherosclerotic heart disease,2024-10-20,Dr. L. Torres,Active
DX03574,P2426,M06.9,"Rheumatoid arthritis, unspecified",2024-05-17,Dr. M. O'Brien,Resolved
DX03575,P2427,K21.0,Gastro-oesophageal reflux disease,2022-04-13,Dr. L. Torres,Active
DX03576,P2427,I63.9,"Cerebral infarction, unspecified",2023-12-28,Dr. J. Nkosi,Monitoring
DX03577,P2427,M54.5,Low back pain,2022-08-30,Dr. L. Torres,Active
DX03578,P2427,G40.9,"Epilepsy, unspecified",2024-05-17,Dr. S. Khan,Resolved
DX03579,P2428,I10,Essential Hypertension,2023-05-24,Dr. M. O'Brien,Resolved
DX03580,P2428,M54.5,Low back pain,2023-08-05,Dr. J. Nkosi,Resolved
DX03581,P2428,E78.5,"Hyperlipidaemia, unspecified",2024-02-12,Dr. R. Singh,Active
DX03582,P2428,I63.9,"Cerebral infarction, unspecified",2024-07-31,Dr. C. Müller,Active
DX03583,P2429,I63.9,"Cerebral infarction, unspecified",2024-05-13,Dr. L. Torres,Monitoring
DX03584,P2429,I10,Essential Hypertension,2024-02-10,Dr. C. Müller,Monitoring
DX03585,P2429,K21.0,Gastro-oesophageal reflux disease,2023-05-25,Dr. L. Torres,Monitoring
DX03586,P2430,I10,Essential Hypertension,2023-10-02,Dr. M. O'Brien,Active
DX03587,P2430,I25.10,Atherosclerotic heart disease,2024-06-28,Dr. A. Patel,Active
DX03588,P2430,M54.5,Low back pain,2023-11-24,Dr. S. Khan,Resolved
DX03589,P2430,E78.5,"Hyperlipidaemia, unspecified",2022-10-19,Dr. M. O'Brien,Resolved
DX03590,P2431,G40.9,"Epilepsy, unspecified",2024-04-12,Dr. L. Torres,Monitoring
DX03591,P2431,I63.9,"Cerebral infarction, unspecified",2022-09-14,Dr. A. Patel,Monitoring
DX03592,P2432,I25.10,Atherosclerotic heart disease,2024-03-30,Dr. J. Nkosi,Monitoring
DX03593,P2432,E78.5,"Hyperlipidaemia, unspecified",2022-03-26,Dr. C. Müller,Active
DX03594,P2433,F32.1,"Major depressive disorder, moderate",2024-12-15,Dr. Y. Tanaka,Monitoring
DX03595,P2433,M54.5,Low back pain,2022-05-20,Dr. C. Müller,Active
DX03596,P2433,J18.9,"Pneumonia, unspecified",2022-05-10,Dr. S. Khan,Resolved
DX03597,P2434,J45.9,"Asthma, unspecified",2022-08-20,Dr. J. Nkosi,Resolved
DX03598,P2435,G40.9,"Epilepsy, unspecified",2023-02-23,Dr. C. Müller,Active
DX03599,P2435,M06.9,"Rheumatoid arthritis, unspecified",2023-04-22,Dr. J. Nkosi,Resolved
DX03600,P2436,M06.9,"Rheumatoid arthritis, unspecified",2023-05-25,Dr. A. Patel,Resolved
DX03601,P2436,I10,Essential Hypertension,2023-10-20,Dr. S. Khan,Resolved
DX03602,P2436,N18.3,"Chronic kidney disease, stage 3",2023-11-12,Dr. A. Patel,Active
DX03603,P2436,J18.9,"Pneumonia, unspecified",2024-01-08,Dr. L. Torres,Resolved
DX03604,P2437,J18.9,"Pneumonia, unspecified",2022-07-19,Dr. C. Müller,Resolved
DX03605,P2437,I25.10,Atherosclerotic heart disease,2022-03-06,Dr. J. Nkosi,Monitoring
DX03606,P2437,E11.9,Type 2 Diabetes Mellitus without complications,2023-08-16,Dr. L. Torres,Active
DX03607,P2437,K21.0,Gastro-oesophageal reflux disease,2024-05-02,Dr. C. Müller,Active
DX03608,P2438,E03.9,"Hypothyroidism, unspecified",2022-05-14,Dr. M. O'Brien,Monitoring
DX03609,P2438,C34.10,Malignant neoplasm of upper lobe bronchus,2023-06-14,Dr. A. Patel,Monitoring
DX03610,P2438,M54.5,Low back pain,2022-01-06,Dr. C. Müller,Resolved
DX03611,P2438,G40.9,"Epilepsy, unspecified",2022-10-25,Dr. S. Khan,Resolved
DX03612,P2439,M54.5,Low back pain,2023-07-09,Dr. C. Müller,Monitoring
DX03613,P2440,E03.9,"Hypothyroidism, unspecified",2023-04-09,Dr. R. Singh,Monitoring
DX03614,P2441,M06.9,"Rheumatoid arthritis, unspecified",2024-02-11,Dr. L. Torres,Monitoring
DX03615,P2441,F32.1,"Major depressive disorder, moderate",2024-05-14,Dr. J. Nkosi,Monitoring
DX03616,P2442,C34.10,Malignant neoplasm of upper lobe bronchus,2023-10-01,Dr. C. Müller,Monitoring
DX03617,P2442,K21.0,Gastro-oesophageal reflux disease,2023-10-02,Dr. S. Khan,Resolved
DX03618,P2442,E78.5,"Hyperlipidaemia, unspecified",2023-11-28,Dr. L. Torres,Resolved
DX03619,P2442,M54.5,Low back pain,2022-04-11,Dr. S. Khan,Active
DX03620,P2443,C34.10,Malignant neoplasm of upper lobe bronchus,2023-01-05,Dr. A. Patel,Monitoring
DX03621,P2443,K21.0,Gastro-oesophageal reflux disease,2024-09-05,Dr. R. Singh,Active
DX03622,P2444,M06.9,"Rheumatoid arthritis, unspecified",2022-08-21,Dr. S. Khan,Resolved
DX03623,P2444,C34.10,Malignant neoplasm of upper lobe bronchus,2022-06-10,Dr. C. Müller,Monitoring
DX03624,P2444,I10,Essential Hypertension,2022-05-07,Dr. J. Nkosi,Monitoring
DX03625,P2444,N18.3,"Chronic kidney disease, stage 3",2024-03-19,Dr. J. Nkosi,Resolved
DX03626,P2445,J45.9,"Asthma, unspecified",2022-09-15,Dr. S. Khan,Monitoring
DX03627,P2445,F32.1,"Major depressive disorder, moderate",2023-06-17,Dr. R. Singh,Resolved
DX03628,P2445,C34.10,Malignant neoplasm of upper lobe bronchus,2022-04-25,Dr. C. Müller,Resolved
DX03629,P2446,I10,Essential Hypertension,2022-02-20,Dr. L. Torres,Active
DX03630,P2447,E78.5,"Hyperlipidaemia, unspecified",2023-01-02,Dr. A. Patel,Resolved
DX03631,P2447,K21.0,Gastro-oesophageal reflux disease,2024-02-10,Dr. C. Müller,Monitoring
DX03632,P2447,I25.10,Atherosclerotic heart disease,2023-07-16,Dr. C. Müller,Resolved
DX03633,P2448,F32.1,"Major depressive disorder, moderate",2023-06-21,Dr. M. O'Brien,Active
DX03634,P2448,I10,Essential Hypertension,2023-09-29,Dr. R. Singh,Resolved
DX03635,P2448,N18.3,"Chronic kidney disease, stage 3",2024-01-16,Dr. Y. Tanaka,Resolved
DX03636,P2448,M06.9,"Rheumatoid arthritis, unspecified",2023-11-28,Dr. A. Patel,Monitoring
DX03637,P2449,E03.9,"Hypothyroidism, unspecified",2023-03-29,Dr. J. Nkosi,Monitoring
DX03638,P2449,I25.10,Atherosclerotic heart disease,2022-03-01,Dr. C. Müller,Active
DX03639,P2449,M06.9,"Rheumatoid arthritis, unspecified",2023-05-12,Dr. R. Singh,Resolved
DX03640,P2449,N18.3,"Chronic kidney disease, stage 3",2024-04-08,Dr. C. Müller,Active
DX03641,P2450,E03.9,"Hypothyroidism, unspecified",2023-11-21,Dr. L. Torres,Active
DX03642,P2450,F32.1,"Major depressive disorder, moderate",2022-08-11,Dr. C. Müller,Monitoring
DX03643,P2451,K21.0,Gastro-oesophageal reflux disease,2023-04-14,Dr. A. Patel,Active
DX03644,P2451,M06.9,"Rheumatoid arthritis, unspecified",2024-05-21,Dr. M. O'Brien,Active
DX03645,P2451,N18.3,"Chronic kidney disease, stage 3",2022-08-31,Dr. M. O'Brien,Active
DX03646,P2452,J18.9,"Pneumonia, unspecified",2024-07-14,Dr. C. Müller,Resolved
DX03647,P2452,E03.9,"Hypothyroidism, unspecified",2024-08-28,Dr. L. Torres,Resolved
DX03648,P2452,G40.9,"Epilepsy, unspecified",2022-10-03,Dr. R. Singh,Monitoring
DX03649,P2453,F32.1,"Major depressive disorder, moderate",2022-02-26,Dr. S. Khan,Active
DX03650,P2454,I25.10,Atherosclerotic heart disease,2022-07-24,Dr. S. Khan,Resolved
DX03651,P2454,C34.10,Malignant neoplasm of upper lobe bronchus,2024-10-27,Dr. L. Torres,Monitoring
DX03652,P2455,I10,Essential Hypertension,2022-01-31,Dr. S. Khan,Resolved
DX03653,P2455,M06.9,"Rheumatoid arthritis, unspecified",2024-11-23,Dr. C. Müller,Resolved
DX03654,P2455,E03.9,"Hypothyroidism, unspecified",2024-10-09,Dr. M. O'Brien,Active
DX03655,P2455,E78.5,"Hyperlipidaemia, unspecified",2022-06-12,Dr. M. O'Brien,Monitoring
DX03656,P2456,M54.5,Low back pain,2023-07-14,Dr. Y. Tanaka,Active
DX03657,P2456,E03.9,"Hypothyroidism, unspecified",2024-04-16,Dr. L. Torres,Active
DX03658,P2456,I10,Essential Hypertension,2024-05-20,Dr. S. Khan,Active
DX03659,P2457,M06.9,"Rheumatoid arthritis, unspecified",2022-12-04,Dr. A. Patel,Active
DX03660,P2458,J45.9,"Asthma, unspecified",2024-09-07,Dr. R. Singh,Active
DX03661,P2458,C34.10,Malignant neoplasm of upper lobe bronchus,2024-05-30,Dr. R. Singh,Monitoring
DX03662,P2458,E03.9,"Hypothyroidism, unspecified",2024-03-01,Dr. A. Patel,Resolved
DX03663,P2459,G40.9,"Epilepsy, unspecified",2024-01-25,Dr. L. Torres,Monitoring
DX03664,P2459,I63.9,"Cerebral infarction, unspecified",2022-12-25,Dr. L. Torres,Active
DX03665,P2459,J18.9,"Pneumonia, unspecified",2022-09-10,Dr. J. Nkosi,Monitoring
DX03666,P2460,M06.9,"Rheumatoid arthritis, unspecified",2023-07-04,Dr. A. Patel,Active
DX03667,P2460,I25.10,Atherosclerotic heart disease,2024-05-29,Dr. L. Torres,Resolved
DX03668,P2460,N18.3,"Chronic kidney disease, stage 3",2024-01-23,Dr. L. Torres,Monitoring
DX03669,P2461,N18.3,"Chronic kidney disease, stage 3",2022-06-07,Dr. S. Khan,Active
DX03670,P2461,C34.10,Malignant neoplasm of upper lobe bronchus,2023-02-01,Dr. M. O'Brien,Monitoring
DX03671,P2461,J18.9,"Pneumonia, unspecified",2024-07-05,Dr. L. Torres,Monitoring
DX03672,P2461,J45.9,"Asthma, unspecified",2024-10-03,Dr. S. Khan,Resolved
DX03673,P2462,M06.9,"Rheumatoid arthritis, unspecified",2023-05-13,Dr. L. Torres,Monitoring
DX03674,P2462,E03.9,"Hypothyroidism, unspecified",2022-12-07,Dr. Y. Tanaka,Active
DX03675,P2462,F32.1,"Major depressive disorder, moderate",2022-03-04,Dr. J. Nkosi,Monitoring
DX03676,P2462,J45.9,"Asthma, unspecified",2024-02-17,Dr. M. O'Brien,Active
DX03677,P2463,N18.3,"Chronic kidney disease, stage 3",2022-05-05,Dr. S. Khan,Monitoring
DX03678,P2463,C34.10,Malignant neoplasm of upper lobe bronchus,2024-03-03,Dr. J. Nkosi,Active
DX03679,P2463,I10,Essential Hypertension,2023-06-07,Dr. R. Singh,Monitoring
DX03680,P2463,I63.9,"Cerebral infarction, unspecified",2023-02-03,Dr. A. Patel,Resolved
DX03681,P2464,N18.3,"Chronic kidney disease, stage 3",2024-10-27,Dr. M. O'Brien,Resolved
DX03682,P2464,C34.10,Malignant neoplasm of upper lobe bronchus,2023-04-15,Dr. R. Singh,Active
DX03683,P2465,I10,Essential Hypertension,2022-08-01,Dr. S. Khan,Monitoring
DX03684,P2465,M06.9,"Rheumatoid arthritis, unspecified",2024-03-22,Dr. Y. Tanaka,Resolved
DX03685,P2465,C34.10,Malignant neoplasm of upper lobe bronchus,2024-10-31,Dr. L. Torres,Monitoring
DX03686,P2466,G40.9,"Epilepsy, unspecified",2024-05-20,Dr. R. Singh,Active
DX03687,P2467,I25.10,Atherosclerotic heart disease,2024-01-07,Dr. L. Torres,Resolved
DX03688,P2467,M06.9,"Rheumatoid arthritis, unspecified",2024-05-25,Dr. A. Patel,Monitoring
DX03689,P2467,I63.9,"Cerebral infarction, unspecified",2023-03-07,Dr. R. Singh,Monitoring
DX03690,P2468,M54.5,Low back pain,2023-03-22,Dr. Y. Tanaka,Monitoring
DX03691,P2469,I10,Essential Hypertension,2023-10-19,Dr. J. Nkosi,Monitoring
DX03692,P2470,J18.9,"Pneumonia, unspecified",2024-07-23,Dr. L. Torres,Monitoring
DX03693,P2471,E03.9,"Hypothyroidism, unspecified",2024-05-21,Dr. M. O'Brien,Monitoring
DX03694,P2471,K21.0,Gastro-oesophageal reflux disease,2022-05-05,Dr. L. Torres,Resolved
DX03695,P2471,G40.9,"Epilepsy, unspecified",2024-09-12,Dr. M. O'Brien,Resolved
DX03696,P2471,M06.9,"Rheumatoid arthritis, unspecified",2022-08-03,Dr. L. Torres,Resolved
DX03697,P2472,I25.10,Atherosclerotic heart disease,2023-04-22,Dr. A. Patel,Active
DX03698,P2472,F32.1,"Major depressive disorder, moderate",2024-02-20,Dr. L. Torres,Active
DX03699,P2473,J18.9,"Pneumonia, unspecified",2023-04-09,Dr. Y. Tanaka,Active
DX03700,P2473,J45.9,"Asthma, unspecified",2024-12-03,Dr. J. Nkosi,Active
DX03701,P2473,E78.5,"Hyperlipidaemia, unspecified",2022-07-31,Dr. M. O'Brien,Active
DX03702,P2474,I10,Essential Hypertension,2023-03-07,Dr. M. O'Brien,Monitoring
DX03703,P2474,F32.1,"Major depressive disorder, moderate",2024-11-20,Dr. A. Patel,Monitoring
DX03704,P2474,J18.9,"Pneumonia, unspecified",2023-03-11,Dr. M. O'Brien,Active
DX03705,P2474,K21.0,Gastro-oesophageal reflux disease,2022-09-06,Dr. A. Patel,Active
DX03706,P2475,J18.9,"Pneumonia, unspecified",2023-04-17,Dr. M. O'Brien,Active
DX03707,P2476,E11.9,Type 2 Diabetes Mellitus without complications,2024-12-05,Dr. C. Müller,Resolved
DX03708,P2477,F32.1,"Major depressive disorder, moderate",2024-11-06,Dr. Y. Tanaka,Monitoring
DX03709,P2477,E11.9,Type 2 Diabetes Mellitus without complications,2024-03-02,Dr. S. Khan,Active
DX03710,P2477,I10,Essential Hypertension,2022-06-21,Dr. L. Torres,Active
DX03711,P2477,E03.9,"Hypothyroidism, unspecified",2024-02-03,Dr. C. Müller,Active
DX03712,P2478,I10,Essential Hypertension,2023-08-16,Dr. R. Singh,Monitoring
DX03713,P2478,C34.10,Malignant neoplasm of upper lobe bronchus,2023-05-15,Dr. S. Khan,Monitoring
DX03714,P2478,J45.9,"Asthma, unspecified",2024-11-11,Dr. A. Patel,Resolved
DX03715,P2479,F32.1,"Major depressive disorder, moderate",2022-10-11,Dr. J. Nkosi,Resolved
DX03716,P2479,E03.9,"Hypothyroidism, unspecified",2023-09-26,Dr. C. Müller,Monitoring
DX03717,P2479,G40.9,"Epilepsy, unspecified",2023-10-10,Dr. S. Khan,Active
DX03718,P2480,J45.9,"Asthma, unspecified",2022-02-04,Dr. Y. Tanaka,Resolved
DX03719,P2481,I10,Essential Hypertension,2023-07-26,Dr. R. Singh,Monitoring
DX03720,P2481,N18.3,"Chronic kidney disease, stage 3",2024-02-16,Dr. Y. Tanaka,Active
DX03721,P2482,I10,Essential Hypertension,2024-06-11,Dr. C. Müller,Monitoring
DX03722,P2482,C34.10,Malignant neoplasm of upper lobe bronchus,2024-03-09,Dr. C. Müller,Resolved
DX03723,P2482,M06.9,"Rheumatoid arthritis, unspecified",2022-07-08,Dr. S. Khan,Active
DX03724,P2483,M06.9,"Rheumatoid arthritis, unspecified",2022-07-04,Dr. J. Nkosi,Resolved
DX03725,P2483,N18.3,"Chronic kidney disease, stage 3",2022-01-04,Dr. Y. Tanaka,Monitoring
DX03726,P2483,I25.10,Atherosclerotic heart disease,2023-10-26,Dr. S. Khan,Resolved
DX03727,P2483,E11.9,Type 2 Diabetes Mellitus without complications,2023-07-05,Dr. Y. Tanaka,Active
DX03728,P2484,N18.3,"Chronic kidney disease, stage 3",2023-02-03,Dr. C. Müller,Resolved
DX03729,P2485,I25.10,Atherosclerotic heart disease,2022-10-16,Dr. C. Müller,Monitoring
DX03730,P2485,E78.5,"Hyperlipidaemia, unspecified",2024-04-09,Dr. M. O'Brien,Resolved
DX03731,P2486,E03.9,"Hypothyroidism, unspecified",2024-06-06,Dr. S. Khan,Resolved
DX03732,P2486,I10,Essential Hypertension,2024-12-19,Dr. Y. Tanaka,Monitoring
DX03733,P2486,E78.5,"Hyperlipidaemia, unspecified",2022-05-29,Dr. R. Singh,Active
DX03734,P2486,J45.9,"Asthma, unspecified",2024-01-30,Dr. C. Müller,Active
DX03735,P2487,M54.5,Low back pain,2024-07-19,Dr. C. Müller,Active
DX03736,P2487,G40.9,"Epilepsy, unspecified",2023-04-30,Dr. M. O'Brien,Active
DX03737,P2487,E11.9,Type 2 Diabetes Mellitus without complications,2022-06-28,Dr. M. O'Brien,Resolved
DX03738,P2488,M54.5,Low back pain,2024-12-05,Dr. M. O'Brien,Resolved
DX03739,P2488,G40.9,"Epilepsy, unspecified",2022-01-31,Dr. L. Torres,Active
DX03740,P2488,I63.9,"Cerebral infarction, unspecified",2022-01-12,Dr. R. Singh,Active
DX03741,P2489,E03.9,"Hypothyroidism, unspecified",2024-08-02,Dr. R. Singh,Resolved
DX03742,P2490,E11.9,Type 2 Diabetes Mellitus without complications,2024-07-24,Dr. L. Torres,Monitoring
DX03743,P2490,M54.5,Low back pain,2022-07-04,Dr. M. O'Brien,Resolved
DX03744,P2490,G40.9,"Epilepsy, unspecified",2023-08-31,Dr. C. Müller,Monitoring
DX03745,P2491,E03.9,"Hypothyroidism, unspecified",2022-07-17,Dr. M. O'Brien,Resolved
DX03746,P2491,E11.9,Type 2 Diabetes Mellitus without complications,2022-07-08,Dr. C. Müller,Active
DX03747,P2492,I25.10,Atherosclerotic heart disease,2024-09-04,Dr. R. Singh,Monitoring
DX03748,P2492,J18.9,"Pneumonia, unspecified",2022-06-02,Dr. Y. Tanaka,Active
DX03749,P2492,G40.9,"Epilepsy, unspecified",2023-06-26,Dr. R. Singh,Resolved
DX03750,P2492,E03.9,"Hypothyroidism, unspecified",2022-09-28,Dr. S. Khan,Monitoring
DX03751,P2493,I63.9,"Cerebral infarction, unspecified",2024-09-22,Dr. A. Patel,Resolved
DX03752,P2493,I25.10,Atherosclerotic heart disease,2024-06-10,Dr. M. O'Brien,Active
DX03753,P2493,N18.3,"Chronic kidney disease, stage 3",2022-10-17,Dr. M. O'Brien,Resolved
DX03754,P2494,G40.9,"Epilepsy, unspecified",2022-02-06,Dr. A. Patel,Active
DX03755,P2494,I10,Essential Hypertension,2024-03-28,Dr. J. Nkosi,Monitoring
DX03756,P2494,C34.10,Malignant neoplasm of upper lobe bronchus,2023-12-02,Dr. C. Müller,Resolved
DX03757,P2494,K21.0,Gastro-oesophageal reflux disease,2022-04-19,Dr. Y. Tanaka,Active
DX03758,P2495,G40.9,"Epilepsy, unspecified",2023-07-25,Dr. Y. Tanaka,Active
DX03759,P2495,J18.9,"Pneumonia, unspecified",2024-10-27,Dr. M. O'Brien,Monitoring
DX03760,P2496,M06.9,"Rheumatoid arthritis, unspecified",2023-07-28,Dr. A. Patel,Active
DX03761,P2496,C34.10,Malignant neoplasm of upper lobe bronchus,2022-07-02,Dr. Y. Tanaka,Monitoring
DX03762,P2496,E03.9,"Hypothyroidism, unspecified",2024-11-24,Dr. M. O'Brien,Active
DX03763,P2497,C34.10,Malignant neoplasm of upper lobe bronchus,2022-07-04,Dr. M. O'Brien,Resolved
DX03764,P2497,M54.5,Low back pain,2022-05-29,Dr. C. Müller,Monitoring
DX03765,P2497,J45.9,"Asthma, unspecified",2024-02-04,Dr. A. Patel,Resolved
DX03766,P2498,I10,Essential Hypertension,2023-12-21,Dr. A. Patel,Active
DX03767,P2499,K21.0,Gastro-oesophageal reflux disease,2024-02-01,Dr. A. Patel,Monitoring
DX03768,P2500,G40.9,"Epilepsy, unspecified",2022-08-12,Dr. S. Khan,Resolved
DX03769,P2500,M54.5,Low back pain,2023-01-16,Dr. C. Müller,Active
DX03770,P2501,C34.10,Malignant neoplasm of upper lobe bronchus,2024-01-13,Dr. J. Nkosi,Resolved
DX03771,P2502,G40.9,"Epilepsy, unspecified",2022-10-06,Dr. J. Nkosi,Active
DX03772,P2503,M54.5,Low back pain,2022-05-26,Dr. C. Müller,Monitoring
DX03773,P2504,I63.9,"Cerebral infarction, unspecified",2024-09-17,Dr. L. Torres,Monitoring
DX03774,P2504,I10,Essential Hypertension,2022-06-27,Dr. L. Torres,Monitoring
DX03775,P2504,G40.9,"Epilepsy, unspecified",2023-11-02,Dr. L. Torres,Active
DX03776,P2505,E03.9,"Hypothyroidism, unspecified",2024-12-04,Dr. Y. Tanaka,Resolved
DX03777,P2505,K21.0,Gastro-oesophageal reflux disease,2023-03-13,Dr. C. Müller,Resolved
DX03778,P2506,K21.0,Gastro-oesophageal reflux disease,2023-07-26,Dr. Y. Tanaka,Active
DX03779,P2506,I25.10,Atherosclerotic heart disease,2024-04-26,Dr. S. Khan,Monitoring
DX03780,P2507,M54.5,Low back pain,2023-09-29,Dr. S. Khan,Active
DX03781,P2507,J45.9,"Asthma, unspecified",2022-05-25,Dr. A. Patel,Resolved
DX03782,P2508,I10,Essential Hypertension,2024-04-05,Dr. J. Nkosi,Monitoring
DX03783,P2508,J18.9,"Pneumonia, unspecified",2023-01-11,Dr. S. Khan,Resolved
DX03784,P2508,N18.3,"Chronic kidney disease, stage 3",2023-08-31,Dr. J. Nkosi,Monitoring
DX03785,P2509,M54.5,Low back pain,2023-05-11,Dr. R. Singh,Active
DX03786,P2509,I25.10,Atherosclerotic heart disease,2024-05-11,Dr. A. Patel,Resolved
DX03787,P2509,E78.5,"Hyperlipidaemia, unspecified",2023-07-14,Dr. C. Müller,Active
DX03788,P2510,M54.5,Low back pain,2023-03-25,Dr. L. Torres,Resolved
DX03789,P2510,J45.9,"Asthma, unspecified",2024-10-27,Dr. J. Nkosi,Monitoring
DX03790,P2510,K21.0,Gastro-oesophageal reflux disease,2023-09-14,Dr. M. O'Brien,Resolved
DX03791,P2510,E78.5,"Hyperlipidaemia, unspecified",2023-04-12,Dr. C. Müller,Monitoring
DX03792,P2511,F32.1,"Major depressive disorder, moderate",2022-04-08,Dr. R. Singh,Resolved
DX03793,P2511,J18.9,"Pneumonia, unspecified",2022-04-19,Dr. Y. Tanaka,Resolved
DX03794,P2511,E78.5,"Hyperlipidaemia, unspecified",2023-07-21,Dr. A. Patel,Resolved
DX03795,P2512,M54.5,Low back pain,2023-12-23,Dr. S. Khan,Resolved
DX03796,P2512,K21.0,Gastro-oesophageal reflux disease,2024-03-24,Dr. M. O'Brien,Active
DX03797,P2512,N18.3,"Chronic kidney disease, stage 3",2023-01-10,Dr. A. Patel,Monitoring
DX03798,P2513,E78.5,"Hyperlipidaemia, unspecified",2023-11-14,Dr. R. Singh,Active
DX03799,P2514,M54.5,Low back pain,2023-09-26,Dr. A. Patel,Monitoring
DX03800,P2515,M06.9,"Rheumatoid arthritis, unspecified",2023-04-24,Dr. S. Khan,Active
DX03801,P2516,M54.5,Low back pain,2024-11-05,Dr. C. Müller,Active
DX03802,P2517,J18.9,"Pneumonia, unspecified",2023-11-04,Dr. L. Torres,Monitoring
DX03803,P2518,I63.9,"Cerebral infarction, unspecified",2022-12-29,Dr. M. O'Brien,Monitoring
DX03804,P2518,F32.1,"Major depressive disorder, moderate",2022-02-18,Dr. C. Müller,Monitoring
DX03805,P2518,I10,Essential Hypertension,2024-01-30,Dr. J. Nkosi,Resolved
DX03806,P2518,M06.9,"Rheumatoid arthritis, unspecified",2023-07-03,Dr. S. Khan,Monitoring
DX03807,P2519,I10,Essential Hypertension,2022-10-04,Dr. M. O'Brien,Resolved
DX03808,P2519,E11.9,Type 2 Diabetes Mellitus without complications,2023-10-05,Dr. R. Singh,Active
DX03809,P2520,J18.9,"Pneumonia, unspecified",2024-05-05,Dr. A. Patel,Active
DX03810,P2521,E11.9,Type 2 Diabetes Mellitus without complications,2023-01-10,Dr. R. Singh,Monitoring
DX03811,P2521,N18.3,"Chronic kidney disease, stage 3",2023-06-16,Dr. Y. Tanaka,Monitoring
DX03812,P2521,J45.9,"Asthma, unspecified",2023-11-27,Dr. A. Patel,Resolved
DX03813,P2522,I10,Essential Hypertension,2022-07-24,Dr. Y. Tanaka,Monitoring
DX03814,P2522,G40.9,"Epilepsy, unspecified",2023-01-27,Dr. M. O'Brien,Resolved
DX03815,P2522,M54.5,Low back pain,2022-04-12,Dr. R. Singh,Monitoring
DX03816,P2523,I63.9,"Cerebral infarction, unspecified",2022-05-15,Dr. A. Patel,Active
DX03817,P2523,I10,Essential Hypertension,2024-03-15,Dr. L. Torres,Monitoring
DX03818,P2523,J45.9,"Asthma, unspecified",2023-03-19,Dr. L. Torres,Monitoring
DX03819,P2524,J45.9,"Asthma, unspecified",2022-08-31,Dr. A. Patel,Resolved
DX03820,P2525,J18.9,"Pneumonia, unspecified",2024-05-27,Dr. A. Patel,Monitoring
DX03821,P2525,I10,Essential Hypertension,2023-08-06,Dr. S. Khan,Active
DX03822,P2525,J45.9,"Asthma, unspecified",2023-09-07,Dr. S. Khan,Active
DX03823,P2526,M06.9,"Rheumatoid arthritis, unspecified",2022-12-23,Dr. R. Singh,Resolved
DX03824,P2526,K21.0,Gastro-oesophageal reflux disease,2023-05-14,Dr. R. Singh,Monitoring
DX03825,P2526,G40.9,"Epilepsy, unspecified",2023-11-29,Dr. M. O'Brien,Active
DX03826,P2527,F32.1,"Major depressive disorder, moderate",2022-05-02,Dr. C. Müller,Resolved
DX03827,P2527,E11.9,Type 2 Diabetes Mellitus without complications,2022-01-27,Dr. A. Patel,Resolved
DX03828,P2527,I10,Essential Hypertension,2024-05-27,Dr. A. Patel,Active
DX03829,P2528,C34.10,Malignant neoplasm of upper lobe bronchus,2022-04-01,Dr. J. Nkosi,Resolved
DX03830,P2528,M54.5,Low back pain,2024-10-22,Dr. L. Torres,Monitoring
DX03831,P2528,G40.9,"Epilepsy, unspecified",2022-09-14,Dr. J. Nkosi,Monitoring
DX03832,P2528,I25.10,Atherosclerotic heart disease,2023-02-01,Dr. L. Torres,Resolved
DX03833,P2529,G40.9,"Epilepsy, unspecified",2022-01-06,Dr. C. Müller,Resolved
DX03834,P2529,J45.9,"Asthma, unspecified",2024-07-27,Dr. C. Müller,Active
DX03835,P2529,I10,Essential Hypertension,2023-11-16,Dr. R. Singh,Active
DX03836,P2530,J18.9,"Pneumonia, unspecified",2023-12-14,Dr. A. Patel,Active
DX03837,P2530,I63.9,"Cerebral infarction, unspecified",2024-10-07,Dr. J. Nkosi,Resolved
DX03838,P2531,I25.10,Atherosclerotic heart disease,2023-01-12,Dr. L. Torres,Active
DX03839,P2531,J18.9,"Pneumonia, unspecified",2024-07-29,Dr. L. Torres,Active
DX03840,P2531,F32.1,"Major depressive disorder, moderate",2022-05-06,Dr. M. O'Brien,Monitoring
DX03841,P2532,J45.9,"Asthma, unspecified",2023-03-30,Dr. L. Torres,Resolved
DX03842,P2532,E03.9,"Hypothyroidism, unspecified",2022-07-15,Dr. S. Khan,Active
DX03843,P2533,K21.0,Gastro-oesophageal reflux disease,2022-03-23,Dr. C. Müller,Monitoring
DX03844,P2534,N18.3,"Chronic kidney disease, stage 3",2023-05-16,Dr. A. Patel,Monitoring
DX03845,P2535,E78.5,"Hyperlipidaemia, unspecified",2022-11-07,Dr. S. Khan,Active
DX03846,P2535,I25.10,Atherosclerotic heart disease,2024-02-26,Dr. C. Müller,Resolved
DX03847,P2535,J45.9,"Asthma, unspecified",2023-03-27,Dr. M. O'Brien,Monitoring
DX03848,P2535,I10,Essential Hypertension,2022-01-14,Dr. L. Torres,Monitoring
DX03849,P2536,M06.9,"Rheumatoid arthritis, unspecified",2024-07-12,Dr. R. Singh,Monitoring
DX03850,P2536,M54.5,Low back pain,2023-01-17,Dr. S. Khan,Active
DX03851,P2536,N18.3,"Chronic kidney disease, stage 3",2024-05-17,Dr. L. Torres,Active
DX03852,P2537,I10,Essential Hypertension,2023-01-02,Dr. A. Patel,Monitoring
DX03853,P2537,J45.9,"Asthma, unspecified",2022-10-17,Dr. Y. Tanaka,Resolved
DX03854,P2537,G40.9,"Epilepsy, unspecified",2023-12-26,Dr. M. O'Brien,Active
DX03855,P2537,F32.1,"Major depressive disorder, moderate",2023-06-08,Dr. Y. Tanaka,Resolved
DX03856,P2538,C34.10,Malignant neoplasm of upper lobe bronchus,2022-09-16,Dr. A. Patel,Resolved
DX03857,P2539,E11.9,Type 2 Diabetes Mellitus without complications,2023-12-07,Dr. M. O'Brien,Active
DX03858,P2540,J18.9,"Pneumonia, unspecified",2023-01-23,Dr. C. Müller,Monitoring
DX03859,P2541,E11.9,Type 2 Diabetes Mellitus without complications,2022-12-17,Dr. S. Khan,Resolved
DX03860,P2541,I63.9,"Cerebral infarction, unspecified",2024-12-10,Dr. S. Khan,Monitoring
DX03861,P2542,C34.10,Malignant neoplasm of upper lobe bronchus,2022-07-13,Dr. C. Müller,Active
DX03862,P2542,I10,Essential Hypertension,2022-08-18,Dr. C. Müller,Active
DX03863,P2542,I63.9,"Cerebral infarction, unspecified",2024-01-31,Dr. R. Singh,Monitoring
DX03864,P2542,N18.3,"Chronic kidney disease, stage 3",2022-06-17,Dr. R. Singh,Monitoring
DX03865,P2543,C34.10,Malignant neoplasm of upper lobe bronchus,2022-07-12,Dr. C. Müller,Monitoring
DX03866,P2543,M54.5,Low back pain,2024-11-24,Dr. A. Patel,Monitoring
DX03867,P2543,J18.9,"Pneumonia, unspecified",2022-04-14,Dr. R. Singh,Active
DX03868,P2543,M06.9,"Rheumatoid arthritis, unspecified",2024-09-07,Dr. J. Nkosi,Active
DX03869,P2544,K21.0,Gastro-oesophageal reflux disease,2024-09-09,Dr. M. O'Brien,Monitoring
DX03870,P2544,J18.9,"Pneumonia, unspecified",2023-07-20,Dr. R. Singh,Resolved
DX03871,P2544,E78.5,"Hyperlipidaemia, unspecified",2022-04-20,Dr. S. Khan,Monitoring
DX03872,P2544,M06.9,"Rheumatoid arthritis, unspecified",2022-10-10,Dr. M. O'Brien,Monitoring
DX03873,P2545,J18.9,"Pneumonia, unspecified",2023-03-14,Dr. L. Torres,Monitoring
DX03874,P2545,I10,Essential Hypertension,2022-09-19,Dr. J. Nkosi,Active
DX03875,P2545,G40.9,"Epilepsy, unspecified",2022-11-15,Dr. A. Patel,Resolved
DX03876,P2545,M06.9,"Rheumatoid arthritis, unspecified",2022-07-01,Dr. L. Torres,Resolved
DX03877,P2546,I25.10,Atherosclerotic heart disease,2022-09-27,Dr. S. Khan,Active
DX03878,P2546,I63.9,"Cerebral infarction, unspecified",2024-05-13,Dr. R. Singh,Monitoring
DX03879,P2546,J45.9,"Asthma, unspecified",2023-02-06,Dr. A. Patel,Monitoring
DX03880,P2546,C34.10,Malignant neoplasm of upper lobe bronchus,2022-09-17,Dr. A. Patel,Active
DX03881,P2547,I63.9,"Cerebral infarction, unspecified",2023-03-02,Dr. A. Patel,Resolved
DX03882,P2548,J45.9,"Asthma, unspecified",2022-09-26,Dr. M. O'Brien,Monitoring
DX03883,P2548,G40.9,"Epilepsy, unspecified",2024-06-17,Dr. Y. Tanaka,Resolved
DX03884,P2549,C34.10,Malignant neoplasm of upper lobe bronchus,2023-05-15,Dr. R. Singh,Monitoring
DX03885,P2549,E11.9,Type 2 Diabetes Mellitus without complications,2023-02-02,Dr. A. Patel,Active
DX03886,P2550,F32.1,"Major depressive disorder, moderate",2023-11-19,Dr. A. Patel,Resolved
DX03887,P2551,F32.1,"Major depressive disorder, moderate",2022-04-28,Dr. R. Singh,Monitoring
DX03888,P2551,J45.9,"Asthma, unspecified",2023-04-18,Dr. Y. Tanaka,Resolved
DX03889,P2551,I10,Essential Hypertension,2024-07-30,Dr. R. Singh,Resolved
DX03890,P2552,K21.0,Gastro-oesophageal reflux disease,2023-04-05,Dr. M. O'Brien,Active
DX03891,P2553,I63.9,"Cerebral infarction, unspecified",2022-11-28,Dr. S. Khan,Resolved
DX03892,P2554,M54.5,Low back pain,2023-09-04,Dr. C. Müller,Monitoring
DX03893,P2555,G40.9,"Epilepsy, unspecified",2022-11-22,Dr. J. Nkosi,Active
DX03894,P2556,I25.10,Atherosclerotic heart disease,2023-05-23,Dr. L. Torres,Active
DX03895,P2557,F32.1,"Major depressive disorder, moderate",2022-06-16,Dr. J. Nkosi,Active
DX03896,P2557,J18.9,"Pneumonia, unspecified",2024-05-09,Dr. Y. Tanaka,Active
DX03897,P2557,G40.9,"Epilepsy, unspecified",2024-10-23,Dr. A. Patel,Resolved
DX03898,P2557,K21.0,Gastro-oesophageal reflux disease,2024-04-11,Dr. R. Singh,Resolved
DX03899,P2558,M54.5,Low back pain,2023-04-24,Dr. C. Müller,Active
DX03900,P2558,E03.9,"Hypothyroidism, unspecified",2022-06-22,Dr. C. Müller,Resolved
DX03901,P2558,I10,Essential Hypertension,2024-01-11,Dr. A. Patel,Resolved
DX03902,P2558,F32.1,"Major depressive disorder, moderate",2023-08-11,Dr. L. Torres,Resolved
DX03903,P2559,M54.5,Low back pain,2024-06-02,Dr. C. Müller,Active
DX03904,P2560,K21.0,Gastro-oesophageal reflux disease,2023-04-06,Dr. C. Müller,Resolved
DX03905,P2560,E03.9,"Hypothyroidism, unspecified",2022-01-18,Dr. L. Torres,Monitoring
DX03906,P2560,J45.9,"Asthma, unspecified",2024-02-11,Dr. M. O'Brien,Resolved
DX03907,P2561,J18.9,"Pneumonia, unspecified",2022-12-12,Dr. C. Müller,Active
DX03908,P2561,G40.9,"Epilepsy, unspecified",2024-06-07,Dr. S. Khan,Active
DX03909,P2562,J18.9,"Pneumonia, unspecified",2024-04-21,Dr. M. O'Brien,Monitoring
DX03910,P2562,I25.10,Atherosclerotic heart disease,2023-12-05,Dr. R. Singh,Resolved
DX03911,P2562,J45.9,"Asthma, unspecified",2022-11-06,Dr. S. Khan,Monitoring
DX03912,P2563,E78.5,"Hyperlipidaemia, unspecified",2024-10-06,Dr. S. Khan,Monitoring
DX03913,P2564,J18.9,"Pneumonia, unspecified",2023-09-30,Dr. S. Khan,Monitoring
DX03914,P2564,I63.9,"Cerebral infarction, unspecified",2024-02-18,Dr. L. Torres,Active
DX03915,P2564,J45.9,"Asthma, unspecified",2023-02-16,Dr. R. Singh,Active
DX03916,P2564,C34.10,Malignant neoplasm of upper lobe bronchus,2022-10-02,Dr. L. Torres,Resolved
DX03917,P2565,M06.9,"Rheumatoid arthritis, unspecified",2022-04-28,Dr. R. Singh,Monitoring
DX03918,P2565,N18.3,"Chronic kidney disease, stage 3",2023-04-29,Dr. J. Nkosi,Active
DX03919,P2566,J45.9,"Asthma, unspecified",2023-05-09,Dr. S. Khan,Active
DX03920,P2566,G40.9,"Epilepsy, unspecified",2024-01-20,Dr. Y. Tanaka,Resolved
DX03921,P2566,I10,Essential Hypertension,2022-02-27,Dr. R. Singh,Monitoring
DX03922,P2567,N18.3,"Chronic kidney disease, stage 3",2024-03-10,Dr. L. Torres,Resolved
DX03923,P2567,G40.9,"Epilepsy, unspecified",2023-11-09,Dr. Y. Tanaka,Resolved
DX03924,P2567,M54.5,Low back pain,2023-07-04,Dr. R. Singh,Active
DX03925,P2568,J45.9,"Asthma, unspecified",2024-08-25,Dr. L. Torres,Resolved
DX03926,P2568,F32.1,"Major depressive disorder, moderate",2024-03-02,Dr. C. Müller,Active
DX03927,P2568,N18.3,"Chronic kidney disease, stage 3",2024-06-01,Dr. J. Nkosi,Resolved
DX03928,P2569,E11.9,Type 2 Diabetes Mellitus without complications,2023-12-04,Dr. L. Torres,Resolved
DX03929,P2569,J18.9,"Pneumonia, unspecified",2022-02-15,Dr. A. Patel,Monitoring
DX03930,P2570,M06.9,"Rheumatoid arthritis, unspecified",2023-09-20,Dr. S. Khan,Resolved
DX03931,P2570,G40.9,"Epilepsy, unspecified",2023-01-15,Dr. C. Müller,Monitoring
DX03932,P2570,K21.0,Gastro-oesophageal reflux disease,2022-10-20,Dr. R. Singh,Resolved
DX03933,P2571,F32.1,"Major depressive disorder, moderate",2022-08-20,Dr. J. Nkosi,Active
DX03934,P2571,I25.10,Atherosclerotic heart disease,2024-07-17,Dr. L. Torres,Active
DX03935,P2571,M54.5,Low back pain,2023-05-06,Dr. R. Singh,Monitoring
DX03936,P2571,J18.9,"Pneumonia, unspecified",2022-09-01,Dr. L. Torres,Active
DX03937,P2572,E11.9,Type 2 Diabetes Mellitus without complications,2023-06-27,Dr. J. Nkosi,Active
DX03938,P2572,G40.9,"Epilepsy, unspecified",2022-11-19,Dr. C. Müller,Active
DX03939,P2572,I25.10,Atherosclerotic heart disease,2023-09-09,Dr. R. Singh,Resolved
DX03940,P2572,I10,Essential Hypertension,2023-03-14,Dr. A. Patel,Resolved
DX03941,P2573,J45.9,"Asthma, unspecified",2023-04-08,Dr. S. Khan,Monitoring
DX03942,P2573,I63.9,"Cerebral infarction, unspecified",2022-02-07,Dr. A. Patel,Monitoring
DX03943,P2573,E03.9,"Hypothyroidism, unspecified",2022-09-07,Dr. Y. Tanaka,Monitoring
DX03944,P2573,M54.5,Low back pain,2023-12-31,Dr. M. O'Brien,Active
DX03945,P2574,E11.9,Type 2 Diabetes Mellitus without complications,2024-01-25,Dr. Y. Tanaka,Active
DX03946,P2575,N18.3,"Chronic kidney disease, stage 3",2024-01-13,Dr. L. Torres,Monitoring
DX03947,P2575,J18.9,"Pneumonia, unspecified",2022-12-27,Dr. C. Müller,Monitoring
DX03948,P2575,J45.9,"Asthma, unspecified",2024-08-01,Dr. L. Torres,Resolved
DX03949,P2576,I10,Essential Hypertension,2022-12-02,Dr. A. Patel,Monitoring
DX03950,P2576,E11.9,Type 2 Diabetes Mellitus without complications,2024-12-19,Dr. C. Müller,Resolved
DX03951,P2576,M54.5,Low back pain,2022-10-30,Dr. J. Nkosi,Resolved
DX03952,P2576,J45.9,"Asthma, unspecified",2024-08-05,Dr. Y. Tanaka,Active
DX03953,P2577,F32.1,"Major depressive disorder, moderate",2023-01-21,Dr. J. Nkosi,Resolved
DX03954,P2577,I63.9,"Cerebral infarction, unspecified",2022-01-07,Dr. S. Khan,Resolved
DX03955,P2577,N18.3,"Chronic kidney disease, stage 3",2022-05-07,Dr. A. Patel,Monitoring
DX03956,P2577,M06.9,"Rheumatoid arthritis, unspecified",2024-01-02,Dr. M. O'Brien,Resolved
DX03957,P2578,I10,Essential Hypertension,2024-01-23,Dr. R. Singh,Monitoring
DX03958,P2579,I10,Essential Hypertension,2022-02-21,Dr. M. O'Brien,Resolved
DX03959,P2580,C34.10,Malignant neoplasm of upper lobe bronchus,2022-05-15,Dr. L. Torres,Active
DX03960,P2580,J18.9,"Pneumonia, unspecified",2023-10-17,Dr. Y. Tanaka,Monitoring
DX03961,P2581,E11.9,Type 2 Diabetes Mellitus without complications,2022-02-24,Dr. L. Torres,Active
DX03962,P2581,F32.1,"Major depressive disorder, moderate",2022-09-10,Dr. J. Nkosi,Resolved
DX03963,P2582,M54.5,Low back pain,2022-12-03,Dr. A. Patel,Active
DX03964,P2583,J45.9,"Asthma, unspecified",2024-02-14,Dr. R. Singh,Resolved
DX03965,P2584,E78.5,"Hyperlipidaemia, unspecified",2024-03-11,Dr. M. O'Brien,Monitoring
DX03966,P2584,E03.9,"Hypothyroidism, unspecified",2022-02-24,Dr. M. O'Brien,Monitoring
DX03967,P2585,E03.9,"Hypothyroidism, unspecified",2024-02-04,Dr. R. Singh,Monitoring
DX03968,P2585,J45.9,"Asthma, unspecified",2023-03-13,Dr. J. Nkosi,Active
DX03969,P2585,N18.3,"Chronic kidney disease, stage 3",2022-12-13,Dr. M. O'Brien,Monitoring
DX03970,P2585,J18.9,"Pneumonia, unspecified",2024-06-25,Dr. J. Nkosi,Monitoring
DX03971,P2586,M06.9,"Rheumatoid arthritis, unspecified",2022-12-23,Dr. A. Patel,Resolved
DX03972,P2586,E78.5,"Hyperlipidaemia, unspecified",2024-01-15,Dr. Y. Tanaka,Monitoring
DX03973,P2587,E03.9,"Hypothyroidism, unspecified",2023-04-07,Dr. M. O'Brien,Active
DX03974,P2587,N18.3,"Chronic kidney disease, stage 3",2024-05-16,Dr. C. Müller,Active
DX03975,P2588,I10,Essential Hypertension,2022-07-07,Dr. A. Patel,Monitoring
DX03976,P2588,M54.5,Low back pain,2024-07-29,Dr. A. Patel,Monitoring
DX03977,P2588,F32.1,"Major depressive disorder, moderate",2023-01-19,Dr. C. Müller,Monitoring
DX03978,P2589,E03.9,"Hypothyroidism, unspecified",2022-11-21,Dr. J. Nkosi,Resolved
DX03979,P2589,E11.9,Type 2 Diabetes Mellitus without complications,2022-03-21,Dr. S. Khan,Active
DX03980,P2589,M06.9,"Rheumatoid arthritis, unspecified",2024-10-03,Dr. S. Khan,Active
DX03981,P2589,E78.5,"Hyperlipidaemia, unspecified",2024-03-22,Dr. S. Khan,Resolved
DX03982,P2590,M06.9,"Rheumatoid arthritis, unspecified",2023-01-10,Dr. S. Khan,Resolved
DX03983,P2590,E78.5,"Hyperlipidaemia, unspecified",2024-06-09,Dr. L. Torres,Monitoring
DX03984,P2591,E03.9,"Hypothyroidism, unspecified",2023-02-15,Dr. R. Singh,Resolved
DX03985,P2591,F32.1,"Major depressive disorder, moderate",2023-06-22,Dr. M. O'Brien,Active
DX03986,P2591,M54.5,Low back pain,2023-03-06,Dr. J. Nkosi,Monitoring
DX03987,P2592,J18.9,"Pneumonia, unspecified",2024-11-07,Dr. A. Patel,Monitoring
DX03988,P2592,M06.9,"Rheumatoid arthritis, unspecified",2022-08-06,Dr. L. Torres,Resolved
DX03989,P2593,N18.3,"Chronic kidney disease, stage 3",2022-11-12,Dr. M. O'Brien,Active
DX03990,P2593,E78.5,"Hyperlipidaemia, unspecified",2023-12-26,Dr. C. Müller,Active
DX03991,P2594,J18.9,"Pneumonia, unspecified",2023-03-09,Dr. R. Singh,Monitoring
DX03992,P2594,G40.9,"Epilepsy, unspecified",2022-04-11,Dr. C. Müller,Active
DX03993,P2594,K21.0,Gastro-oesophageal reflux disease,2024-09-07,Dr. J. Nkosi,Active
DX03994,P2594,N18.3,"Chronic kidney disease, stage 3",2022-08-23,Dr. A. Patel,Resolved
DX03995,P2595,I63.9,"Cerebral infarction, unspecified",2022-08-03,Dr. J. Nkosi,Active
DX03996,P2595,E03.9,"Hypothyroidism, unspecified",2024-09-21,Dr. R. Singh,Active
DX03997,P2595,M54.5,Low back pain,2023-09-17,Dr. S. Khan,Monitoring
DX03998,P2595,I25.10,Atherosclerotic heart disease,2023-10-26,Dr. M. O'Brien,Active
DX03999,P2596,J45.9,"Asthma, unspecified",2024-02-29,Dr. M. O'Brien,Resolved
DX04000,P2597,E78.5,"Hyperlipidaemia, unspecified",2023-08-11,Dr. C. Müller,Active
DX04001,P2598,I63.9,"Cerebral infarction, unspecified",2023-10-05,Dr. L. Torres,Resolved
DX04002,P2598,N18.3,"Chronic kidney disease, stage 3",2022-04-03,Dr. R. Singh,Resolved
DX04003,P2598,F32.1,"Major depressive disorder, moderate",2023-05-30,Dr. S. Khan,Active
DX04004,P2598,E11.9,Type 2 Diabetes Mellitus without complications,2022-05-18,Dr. R. Singh,Active
DX04005,P2599,C34.10,Malignant neoplasm of upper lobe bronchus,2023-12-02,Dr. R. Singh,Resolved
DX04006,P2599,I25.10,Atherosclerotic heart disease,2023-07-11,Dr. A. Patel,Monitoring
DX04007,P2599,E11.9,Type 2 Diabetes Mellitus without complications,2022-07-07,Dr. C. Müller,Monitoring
DX04008,P2599,E03.9,"Hypothyroidism, unspecified",2023-03-10,Dr. R. Singh,Resolved
DX04009,P2600,N18.3,"Chronic kidney disease, stage 3",2024-09-04,Dr. A. Patel,Active
DX04010,P2600,E03.9,"Hypothyroidism, unspecified",2022-02-07,Dr. L. Torres,Active
DX04011,P2600,J18.9,"Pneumonia, unspecified",2024-06-09,Dr. M. O'Brien,Monitoring
DX04012,P2600,I10,Essential Hypertension,2022-01-31,Dr. S. Khan,Monitoring
DX04013,P2601,E11.9,Type 2 Diabetes Mellitus without complications,2022-07-03,Dr. M. O'Brien,Resolved
DX04014,P2601,J18.9,"Pneumonia, unspecified",2022-05-31,Dr. J. Nkosi,Monitoring
DX04015,P2601,C34.10,Malignant neoplasm of upper lobe bronchus,2023-05-14,Dr. C. Müller,Monitoring
DX04016,P2601,I63.9,"Cerebral infarction, unspecified",2024-04-06,Dr. Y. Tanaka,Monitoring
DX04017,P2602,F32.1,"Major depressive disorder, moderate",2024-08-29,Dr. J. Nkosi,Active
DX04018,P2602,I10,Essential Hypertension,2022-12-04,Dr. C. Müller,Resolved
DX04019,P2602,K21.0,Gastro-oesophageal reflux disease,2024-09-17,Dr. J. Nkosi,Active
DX04020,P2602,E78.5,"Hyperlipidaemia, unspecified",2023-01-15,Dr. M. O'Brien,Resolved
DX04021,P2603,I63.9,"Cerebral infarction, unspecified",2023-11-26,Dr. Y. Tanaka,Monitoring
DX04022,P2603,E03.9,"Hypothyroidism, unspecified",2024-05-10,Dr. R. Singh,Active
DX04023,P2603,I10,Essential Hypertension,2023-03-02,Dr. L. Torres,Active
DX04024,P2603,M54.5,Low back pain,2022-08-25,Dr. S. Khan,Monitoring
DX04025,P2604,N18.3,"Chronic kidney disease, stage 3",2024-11-15,Dr. R. Singh,Active
DX04026,P2604,I25.10,Atherosclerotic heart disease,2023-04-23,Dr. S. Khan,Active
DX04027,P2604,J45.9,"Asthma, unspecified",2022-04-04,Dr. M. O'Brien,Active
DX04028,P2604,I10,Essential Hypertension,2022-05-22,Dr. R. Singh,Active
DX04029,P2605,M54.5,Low back pain,2023-07-12,Dr. L. Torres,Monitoring
DX04030,P2605,E03.9,"Hypothyroidism, unspecified",2024-07-23,Dr. L. Torres,Resolved
DX04031,P2605,F32.1,"Major depressive disorder, moderate",2022-01-15,Dr. A. Patel,Active
DX04032,P2606,F32.1,"Major depressive disorder, moderate",2024-08-08,Dr. C. Müller,Resolved
DX04033,P2606,E78.5,"Hyperlipidaemia, unspecified",2023-09-26,Dr. C. Müller,Resolved
DX04034,P2607,I25.10,Atherosclerotic heart disease,2024-07-10,Dr. L. Torres,Active
DX04035,P2607,K21.0,Gastro-oesophageal reflux disease,2024-05-09,Dr. J. Nkosi,Resolved
DX04036,P2607,M54.5,Low back pain,2023-12-13,Dr. C. Müller,Monitoring
DX04037,P2607,G40.9,"Epilepsy, unspecified",2022-03-11,Dr. L. Torres,Resolved
DX04038,P2608,I10,Essential Hypertension,2024-04-12,Dr. J. Nkosi,Resolved
DX04039,P2609,C34.10,Malignant neoplasm of upper lobe bronchus,2023-02-12,Dr. A. Patel,Monitoring
DX04040,P2609,J45.9,"Asthma, unspecified",2024-03-01,Dr. L. Torres,Monitoring
DX04041,P2609,M54.5,Low back pain,2024-05-23,Dr. M. O'Brien,Resolved
DX04042,P2610,E11.9,Type 2 Diabetes Mellitus without complications,2024-01-04,Dr. M. O'Brien,Monitoring
DX04043,P2610,M06.9,"Rheumatoid arthritis, unspecified",2024-02-18,Dr. J. Nkosi,Resolved
DX04044,P2610,I63.9,"Cerebral infarction, unspecified",2023-02-26,Dr. A. Patel,Monitoring
DX04045,P2610,K21.0,Gastro-oesophageal reflux disease,2024-01-30,Dr. Y. Tanaka,Monitoring
DX04046,P2611,J18.9,"Pneumonia, unspecified",2024-01-24,Dr. R. Singh,Active
DX04047,P2612,E78.5,"Hyperlipidaemia, unspecified",2024-08-05,Dr. C. Müller,Monitoring
DX04048,P2612,J18.9,"Pneumonia, unspecified",2023-02-27,Dr. C. Müller,Resolved
DX04049,P2613,E11.9,Type 2 Diabetes Mellitus without complications,2023-10-06,Dr. L. Torres,Monitoring
DX04050,P2613,G40.9,"Epilepsy, unspecified",2023-11-18,Dr. C. Müller,Resolved
DX04051,P2614,F32.1,"Major depressive disorder, moderate",2023-05-23,Dr. L. Torres,Resolved
DX04052,P2614,I63.9,"Cerebral infarction, unspecified",2023-06-21,Dr. L. Torres,Monitoring
DX04053,P2614,M06.9,"Rheumatoid arthritis, unspecified",2023-03-30,Dr. L. Torres,Monitoring
DX04054,P2615,E03.9,"Hypothyroidism, unspecified",2023-09-18,Dr. S. Khan,Resolved
DX04055,P2615,E11.9,Type 2 Diabetes Mellitus without complications,2023-05-16,Dr. J. Nkosi,Monitoring
DX04056,P2615,M06.9,"Rheumatoid arthritis, unspecified",2023-06-14,Dr. L. Torres,Monitoring
DX04057,P2616,I25.10,Atherosclerotic heart disease,2024-04-19,Dr. L. Torres,Active
DX04058,P2616,J45.9,"Asthma, unspecified",2024-12-12,Dr. M. O'Brien,Active
DX04059,P2616,K21.0,Gastro-oesophageal reflux disease,2023-04-05,Dr. A. Patel,Monitoring
DX04060,P2616,M06.9,"Rheumatoid arthritis, unspecified",2023-11-04,Dr. C. Müller,Active
DX04061,P2617,C34.10,Malignant neoplasm of upper lobe bronchus,2024-12-27,Dr. L. Torres,Active
DX04062,P2617,J45.9,"Asthma, unspecified",2023-05-26,Dr. M. O'Brien,Active
DX04063,P2617,K21.0,Gastro-oesophageal reflux disease,2022-01-17,Dr. Y. Tanaka,Active
DX04064,P2617,I63.9,"Cerebral infarction, unspecified",2022-05-06,Dr. M. O'Brien,Active
DX04065,P2618,E03.9,"Hypothyroidism, unspecified",2023-09-10,Dr. R. Singh,Active
DX04066,P2618,I10,Essential Hypertension,2023-08-11,Dr. C. Müller,Resolved
DX04067,P2618,M54.5,Low back pain,2023-11-21,Dr. Y. Tanaka,Monitoring
DX04068,P2618,N18.3,"Chronic kidney disease, stage 3",2022-09-28,Dr. M. O'Brien,Active
DX04069,P2619,I10,Essential Hypertension,2023-09-11,Dr. L. Torres,Monitoring
DX04070,P2619,M06.9,"Rheumatoid arthritis, unspecified",2024-06-05,Dr. L. Torres,Resolved
DX04071,P2620,J18.9,"Pneumonia, unspecified",2023-04-03,Dr. A. Patel,Active
DX04072,P2621,M06.9,"Rheumatoid arthritis, unspecified",2023-12-30,Dr. S. Khan,Active
DX04073,P2621,C34.10,Malignant neoplasm of upper lobe bronchus,2022-08-24,Dr. J. Nkosi,Monitoring
DX04074,P2622,N18.3,"Chronic kidney disease, stage 3",2024-12-18,Dr. C. Müller,Active
DX04075,P2622,G40.9,"Epilepsy, unspecified",2023-11-09,Dr. R. Singh,Monitoring
DX04076,P2622,F32.1,"Major depressive disorder, moderate",2024-08-23,Dr. A. Patel,Monitoring
DX04077,P2622,M06.9,"Rheumatoid arthritis, unspecified",2024-05-31,Dr. S. Khan,Monitoring
DX04078,P2623,E11.9,Type 2 Diabetes Mellitus without complications,2024-01-09,Dr. L. Torres,Active
DX04079,P2623,I25.10,Atherosclerotic heart disease,2023-06-16,Dr. R. Singh,Resolved
DX04080,P2624,J45.9,"Asthma, unspecified",2024-01-30,Dr. A. Patel,Active
DX04081,P2624,E11.9,Type 2 Diabetes Mellitus without complications,2023-08-31,Dr. M. O'Brien,Active
DX04082,P2624,G40.9,"Epilepsy, unspecified",2024-04-14,Dr. M. O'Brien,Monitoring
DX04083,P2624,M06.9,"Rheumatoid arthritis, unspecified",2022-10-05,Dr. A. Patel,Active
DX04084,P2625,I25.10,Atherosclerotic heart disease,2023-08-23,Dr. M. O'Brien,Resolved
DX04085,P2625,M54.5,Low back pain,2024-04-12,Dr. J. Nkosi,Monitoring
DX04086,P2626,I10,Essential Hypertension,2023-09-09,Dr. J. Nkosi,Monitoring
DX04087,P2627,C34.10,Malignant neoplasm of upper lobe bronchus,2024-03-22,Dr. A. Patel,Active
DX04088,P2627,K21.0,Gastro-oesophageal reflux disease,2023-10-05,Dr. M. O'Brien,Monitoring
DX04089,P2627,F32.1,"Major depressive disorder, moderate",2023-07-29,Dr. C. Müller,Monitoring
DX04090,P2627,E78.5,"Hyperlipidaemia, unspecified",2022-04-13,Dr. M. O'Brien,Monitoring
DX04091,P2628,I63.9,"Cerebral infarction, unspecified",2024-09-24,Dr. Y. Tanaka,Resolved
DX04092,P2629,M54.5,Low back pain,2023-06-24,Dr. J. Nkosi,Active
DX04093,P2630,J45.9,"Asthma, unspecified",2022-04-30,Dr. M. O'Brien,Active
DX04094,P2630,G40.9,"Epilepsy, unspecified",2024-01-21,Dr. A. Patel,Active
DX04095,P2630,N18.3,"Chronic kidney disease, stage 3",2022-11-28,Dr. L. Torres,Resolved
DX04096,P2631,N18.3,"Chronic kidney disease, stage 3",2022-11-23,Dr. J. Nkosi,Active
DX04097,P2631,J18.9,"Pneumonia, unspecified",2022-10-01,Dr. M. O'Brien,Monitoring
DX04098,P2631,M54.5,Low back pain,2023-04-24,Dr. A. Patel,Active
DX04099,P2631,M06.9,"Rheumatoid arthritis, unspecified",2022-02-03,Dr. M. O'Brien,Resolved
DX04100,P2632,K21.0,Gastro-oesophageal reflux disease,2022-01-21,Dr. J. Nkosi,Active
DX04101,P2632,E11.9,Type 2 Diabetes Mellitus without complications,2023-03-26,Dr. J. Nkosi,Resolved
DX04102,P2632,J45.9,"Asthma, unspecified",2024-04-16,Dr. Y. Tanaka,Resolved
DX04103,P2632,E03.9,"Hypothyroidism, unspecified",2022-05-19,Dr. S. Khan,Monitoring
DX04104,P2633,E03.9,"Hypothyroidism, unspecified",2024-06-15,Dr. C. Müller,Active
DX04105,P2633,M54.5,Low back pain,2024-09-06,Dr. R. Singh,Resolved
DX04106,P2633,N18.3,"Chronic kidney disease, stage 3",2023-05-26,Dr. A. Patel,Active
DX04107,P2633,I10,Essential Hypertension,2023-07-24,Dr. R. Singh,Active
DX04108,P2634,E11.9,Type 2 Diabetes Mellitus without complications,2022-12-21,Dr. J. Nkosi,Monitoring
DX04109,P2635,G40.9,"Epilepsy, unspecified",2023-04-27,Dr. A. Patel,Active
DX04110,P2635,M54.5,Low back pain,2023-07-09,Dr. M. O'Brien,Active
DX04111,P2635,J18.9,"Pneumonia, unspecified",2022-09-18,Dr. L. Torres,Resolved
DX04112,P2636,E03.9,"Hypothyroidism, unspecified",2022-02-03,Dr. S. Khan,Resolved
DX04113,P2637,J18.9,"Pneumonia, unspecified",2022-09-29,Dr. L. Torres,Active
DX04114,P2637,I63.9,"Cerebral infarction, unspecified",2024-02-04,Dr. A. Patel,Resolved
DX04115,P2638,M06.9,"Rheumatoid arthritis, unspecified",2024-08-05,Dr. S. Khan,Resolved
DX04116,P2638,G40.9,"Epilepsy, unspecified",2024-10-11,Dr. R. Singh,Resolved
DX04117,P2638,I25.10,Atherosclerotic heart disease,2024-04-27,Dr. S. Khan,Monitoring
DX04118,P2638,I63.9,"Cerebral infarction, unspecified",2023-01-10,Dr. L. Torres,Active
DX04119,P2639,N18.3,"Chronic kidney disease, stage 3",2024-06-21,Dr. M. O'Brien,Monitoring
DX04120,P2639,I63.9,"Cerebral infarction, unspecified",2024-08-18,Dr. M. O'Brien,Resolved
DX04121,P2639,E78.5,"Hyperlipidaemia, unspecified",2024-11-01,Dr. S. Khan,Active
DX04122,P2639,J45.9,"Asthma, unspecified",2022-11-15,Dr. R. Singh,Monitoring
DX04123,P2640,E03.9,"Hypothyroidism, unspecified",2023-12-04,Dr. C. Müller,Resolved
DX04124,P2641,C34.10,Malignant neoplasm of upper lobe bronchus,2022-10-29,Dr. J. Nkosi,Resolved
DX04125,P2641,I25.10,Atherosclerotic heart disease,2023-05-26,Dr. J. Nkosi,Resolved
DX04126,P2641,E78.5,"Hyperlipidaemia, unspecified",2022-06-06,Dr. M. O'Brien,Active
DX04127,P2642,E11.9,Type 2 Diabetes Mellitus without complications,2022-04-07,Dr. S. Khan,Monitoring
DX04128,P2642,M06.9,"Rheumatoid arthritis, unspecified",2024-07-26,Dr. A. Patel,Active
DX04129,P2643,C34.10,Malignant neoplasm of upper lobe bronchus,2022-04-13,Dr. S. Khan,Resolved
DX04130,P2643,E78.5,"Hyperlipidaemia, unspecified",2022-04-12,Dr. Y. Tanaka,Resolved
DX04131,P2643,F32.1,"Major depressive disorder, moderate",2022-03-15,Dr. J. Nkosi,Monitoring
DX04132,P2644,N18.3,"Chronic kidney disease, stage 3",2023-05-31,Dr. R. Singh,Active
DX04133,P2644,E11.9,Type 2 Diabetes Mellitus without complications,2023-10-14,Dr. S. Khan,Resolved
DX04134,P2645,J18.9,"Pneumonia, unspecified",2022-12-26,Dr. M. O'Brien,Resolved
DX04135,P2646,C34.10,Malignant neoplasm of upper lobe bronchus,2024-07-19,Dr. M. O'Brien,Active
DX04136,P2646,I25.10,Atherosclerotic heart disease,2022-02-13,Dr. R. Singh,Resolved
DX04137,P2646,J45.9,"Asthma, unspecified",2022-11-03,Dr. M. O'Brien,Active
DX04138,P2646,E03.9,"Hypothyroidism, unspecified",2024-02-09,Dr. M. O'Brien,Resolved
DX04139,P2647,I63.9,"Cerebral infarction, unspecified",2024-02-23,Dr. J. Nkosi,Active
DX04140,P2647,E03.9,"Hypothyroidism, unspecified",2022-01-04,Dr. J. Nkosi,Active
DX04141,P2647,I25.10,Atherosclerotic heart disease,2023-08-17,Dr. L. Torres,Resolved
DX04142,P2648,M06.9,"Rheumatoid arthritis, unspecified",2024-10-25,Dr. Y. Tanaka,Monitoring
DX04143,P2648,G40.9,"Epilepsy, unspecified",2023-11-09,Dr. A. Patel,Resolved
DX04144,P2648,I10,Essential Hypertension,2024-08-09,Dr. A. Patel,Active
DX04145,P2648,I25.10,Atherosclerotic heart disease,2022-01-22,Dr. R. Singh,Monitoring
DX04146,P2649,E03.9,"Hypothyroidism, unspecified",2022-05-27,Dr. R. Singh,Active
DX04147,P2649,E78.5,"Hyperlipidaemia, unspecified",2024-07-06,Dr. Y. Tanaka,Resolved
DX04148,P2649,I63.9,"Cerebral infarction, unspecified",2023-01-08,Dr. C. Müller,Resolved
DX04149,P2649,N18.3,"Chronic kidney disease, stage 3",2023-03-05,Dr. M. O'Brien,Monitoring
DX04150,P2650,F32.1,"Major depressive disorder, moderate",2023-01-14,Dr. Y. Tanaka,Resolved
DX04151,P2650,J45.9,"Asthma, unspecified",2024-08-29,Dr. R. Singh,Active
DX04152,P2650,I25.10,Atherosclerotic heart disease,2022-11-24,Dr. R. Singh,Monitoring
DX04153,P2651,I10,Essential Hypertension,2022-06-14,Dr. C. Müller,Resolved
DX04154,P2651,F32.1,"Major depressive disorder, moderate",2022-06-21,Dr. M. O'Brien,Monitoring
DX04155,P2652,I10,Essential Hypertension,2024-01-26,Dr. M. O'Brien,Active
DX04156,P2652,I63.9,"Cerebral infarction, unspecified",2023-08-09,Dr. S. Khan,Active
DX04157,P2653,M06.9,"Rheumatoid arthritis, unspecified",2024-04-20,Dr. J. Nkosi,Active
DX04158,P2653,G40.9,"Epilepsy, unspecified",2022-11-07,Dr. R. Singh,Resolved
DX04159,P2653,E03.9,"Hypothyroidism, unspecified",2024-04-03,Dr. J. Nkosi,Resolved
DX04160,P2654,M54.5,Low back pain,2022-11-12,Dr. C. Müller,Active
DX04161,P2654,I63.9,"Cerebral infarction, unspecified",2023-08-31,Dr. M. O'Brien,Active
DX04162,P2655,F32.1,"Major depressive disorder, moderate",2023-06-15,Dr. A. Patel,Monitoring
DX04163,P2655,E11.9,Type 2 Diabetes Mellitus without complications,2023-11-27,Dr. S. Khan,Active
DX04164,P2655,N18.3,"Chronic kidney disease, stage 3",2023-02-24,Dr. S. Khan,Active
DX04165,P2655,I63.9,"Cerebral infarction, unspecified",2022-03-24,Dr. A. Patel,Resolved
DX04166,P2656,C34.10,Malignant neoplasm of upper lobe bronchus,2022-11-18,Dr. S. Khan,Monitoring
DX04167,P2656,G40.9,"Epilepsy, unspecified",2022-06-21,Dr. M. O'Brien,Active
DX04168,P2657,G40.9,"Epilepsy, unspecified",2022-12-21,Dr. S. Khan,Resolved
DX04169,P2658,E78.5,"Hyperlipidaemia, unspecified",2024-02-02,Dr. M. O'Brien,Resolved
DX04170,P2658,I63.9,"Cerebral infarction, unspecified",2024-05-04,Dr. Y. Tanaka,Resolved
DX04171,P2658,E11.9,Type 2 Diabetes Mellitus without complications,2023-09-03,Dr. A. Patel,Active
DX04172,P2659,E78.5,"Hyperlipidaemia, unspecified",2023-11-01,Dr. L. Torres,Monitoring
DX04173,P2660,F32.1,"Major depressive disorder, moderate",2023-09-26,Dr. L. Torres,Active
DX04174,P2661,I10,Essential Hypertension,2024-03-06,Dr. M. O'Brien,Monitoring
DX04175,P2662,M54.5,Low back pain,2023-05-16,Dr. R. Singh,Monitoring
DX04176,P2662,I63.9,"Cerebral infarction, unspecified",2023-11-02,Dr. C. Müller,Monitoring
DX04177,P2662,E78.5,"Hyperlipidaemia, unspecified",2024-04-02,Dr. L. Torres,Resolved
DX04178,P2662,M06.9,"Rheumatoid arthritis, unspecified",2023-09-29,Dr. S. Khan,Monitoring
DX04179,P2663,C34.10,Malignant neoplasm of upper lobe bronchus,2023-01-05,Dr. S. Khan,Monitoring
DX04180,P2663,J18.9,"Pneumonia, unspecified",2022-10-16,Dr. C. Müller,Active
DX04181,P2663,J45.9,"Asthma, unspecified",2023-01-02,Dr. S. Khan,Active
DX04182,P2663,I25.10,Atherosclerotic heart disease,2023-01-10,Dr. A. Patel,Resolved
DX04183,P2664,I10,Essential Hypertension,2023-08-06,Dr. M. O'Brien,Monitoring
DX04184,P2665,E78.5,"Hyperlipidaemia, unspecified",2022-08-19,Dr. L. Torres,Monitoring
DX04185,P2665,J45.9,"Asthma, unspecified",2024-09-21,Dr. S. Khan,Active
DX04186,P2665,E03.9,"Hypothyroidism, unspecified",2024-08-22,Dr. Y. Tanaka,Active
DX04187,P2666,K21.0,Gastro-oesophageal reflux disease,2023-07-23,Dr. S. Khan,Monitoring
DX04188,P2666,M06.9,"Rheumatoid arthritis, unspecified",2022-11-26,Dr. J. Nkosi,Active
DX04189,P2666,G40.9,"Epilepsy, unspecified",2022-02-10,Dr. A. Patel,Active
DX04190,P2666,E03.9,"Hypothyroidism, unspecified",2024-06-03,Dr. C. Müller,Resolved
DX04191,P2667,C34.10,Malignant neoplasm of upper lobe bronchus,2022-12-11,Dr. A. Patel,Active
DX04192,P2668,N18.3,"Chronic kidney disease, stage 3",2023-02-07,Dr. M. O'Brien,Monitoring
DX04193,P2669,J45.9,"Asthma, unspecified",2023-01-22,Dr. S. Khan,Active
DX04194,P2669,E78.5,"Hyperlipidaemia, unspecified",2023-10-21,Dr. A. Patel,Resolved
DX04195,P2669,F32.1,"Major depressive disorder, moderate",2023-01-03,Dr. L. Torres,Active
DX04196,P2670,E78.5,"Hyperlipidaemia, unspecified",2022-01-04,Dr. R. Singh,Monitoring
DX04197,P2670,C34.10,Malignant neoplasm of upper lobe bronchus,2022-11-28,Dr. C. Müller,Monitoring
DX04198,P2671,I63.9,"Cerebral infarction, unspecified",2022-05-08,Dr. A. Patel,Resolved
DX04199,P2671,E03.9,"Hypothyroidism, unspecified",2024-03-26,Dr. C. Müller,Active
DX04200,P2672,E03.9,"Hypothyroidism, unspecified",2022-12-30,Dr. J. Nkosi,Monitoring
DX04201,P2672,F32.1,"Major depressive disorder, moderate",2024-02-29,Dr. J. Nkosi,Active
DX04202,P2672,J45.9,"Asthma, unspecified",2024-09-17,Dr. C. Müller,Monitoring
DX04203,P2672,M06.9,"Rheumatoid arthritis, unspecified",2022-06-20,Dr. R. Singh,Monitoring
DX04204,P2673,M06.9,"Rheumatoid arthritis, unspecified",2024-04-04,Dr. M. O'Brien,Resolved
DX04205,P2674,E11.9,Type 2 Diabetes Mellitus without complications,2023-09-17,Dr. S. Khan,Active
DX04206,P2674,J45.9,"Asthma, unspecified",2022-06-02,Dr. J. Nkosi,Active
DX04207,P2674,F32.1,"Major depressive disorder, moderate",2024-11-01,Dr. M. O'Brien,Active
DX04208,P2674,E78.5,"Hyperlipidaemia, unspecified",2023-04-08,Dr. M. O'Brien,Active
DX04209,P2675,N18.3,"Chronic kidney disease, stage 3",2024-08-02,Dr. S. Khan,Monitoring
DX04210,P2675,J18.9,"Pneumonia, unspecified",2024-09-03,Dr. R. Singh,Monitoring
DX04211,P2676,F32.1,"Major depressive disorder, moderate",2024-09-14,Dr. Y. Tanaka,Resolved
DX04212,P2677,I63.9,"Cerebral infarction, unspecified",2022-03-30,Dr. C. Müller,Monitoring
DX04213,P2678,G40.9,"Epilepsy, unspecified",2022-01-13,Dr. S. Khan,Monitoring
DX04214,P2678,K21.0,Gastro-oesophageal reflux disease,2023-06-30,Dr. J. Nkosi,Active
DX04215,P2678,J18.9,"Pneumonia, unspecified",2022-09-18,Dr. Y. Tanaka,Monitoring
DX04216,P2679,F32.1,"Major depressive disorder, moderate",2022-08-15,Dr. R. Singh,Monitoring
DX04217,P2679,E11.9,Type 2 Diabetes Mellitus without complications,2024-05-08,Dr. J. Nkosi,Monitoring
DX04218,P2679,M54.5,Low back pain,2023-09-05,Dr. R. Singh,Monitoring
DX04219,P2679,E78.5,"Hyperlipidaemia, unspecified",2024-10-15,Dr. M. O'Brien,Monitoring
DX04220,P2680,C34.10,Malignant neoplasm of upper lobe bronchus,2022-11-05,Dr. C. Müller,Resolved
DX04221,P2681,C34.10,Malignant neoplasm of upper lobe bronchus,2024-12-29,Dr. C. Müller,Active
DX04222,P2681,G40.9,"Epilepsy, unspecified",2023-12-26,Dr. S. Khan,Active
DX04223,P2681,F32.1,"Major depressive disorder, moderate",2023-10-25,Dr. Y. Tanaka,Active
DX04224,P2682,K21.0,Gastro-oesophageal reflux disease,2022-11-29,Dr. R. Singh,Resolved
DX04225,P2682,E78.5,"Hyperlipidaemia, unspecified",2023-04-03,Dr. L. Torres,Monitoring
DX04226,P2682,M06.9,"Rheumatoid arthritis, unspecified",2024-06-10,Dr. A. Patel,Resolved
DX04227,P2683,M06.9,"Rheumatoid arthritis, unspecified",2022-02-16,Dr. Y. Tanaka,Resolved
DX04228,P2683,J18.9,"Pneumonia, unspecified",2024-08-31,Dr. M. O'Brien,Monitoring
DX04229,P2683,K21.0,Gastro-oesophageal reflux disease,2024-04-23,Dr. C. Müller,Monitoring
DX04230,P2684,E11.9,Type 2 Diabetes Mellitus without complications,2024-03-22,Dr. Y. Tanaka,Active
DX04231,P2684,E03.9,"Hypothyroidism, unspecified",2022-01-08,Dr. Y. Tanaka,Resolved
DX04232,P2684,M54.5,Low back pain,2024-10-16,Dr. L. Torres,Monitoring
DX04233,P2685,I63.9,"Cerebral infarction, unspecified",2023-08-06,Dr. C. Müller,Resolved
DX04234,P2685,K21.0,Gastro-oesophageal reflux disease,2022-06-04,Dr. J. Nkosi,Monitoring
DX04235,P2685,G40.9,"Epilepsy, unspecified",2024-10-29,Dr. L. Torres,Active
DX04236,P2686,M54.5,Low back pain,2024-11-28,Dr. R. Singh,Active
DX04237,P2686,J45.9,"Asthma, unspecified",2024-03-27,Dr. S. Khan,Resolved
DX04238,P2686,I25.10,Atherosclerotic heart disease,2023-08-23,Dr. A. Patel,Resolved
DX04239,P2686,M06.9,"Rheumatoid arthritis, unspecified",2023-08-17,Dr. R. Singh,Active
DX04240,P2687,I63.9,"Cerebral infarction, unspecified",2024-11-20,Dr. C. Müller,Active
DX04241,P2687,M06.9,"Rheumatoid arthritis, unspecified",2023-11-01,Dr. M. O'Brien,Active
DX04242,P2688,J18.9,"Pneumonia, unspecified",2024-03-27,Dr. M. O'Brien,Resolved
DX04243,P2689,F32.1,"Major depressive disorder, moderate",2024-03-30,Dr. L. Torres,Monitoring
DX04244,P2690,I10,Essential Hypertension,2023-01-02,Dr. L. Torres,Monitoring
DX04245,P2691,N18.3,"Chronic kidney disease, stage 3",2023-03-30,Dr. A. Patel,Monitoring
DX04246,P2691,E78.5,"Hyperlipidaemia, unspecified",2023-01-25,Dr. A. Patel,Resolved
DX04247,P2691,E11.9,Type 2 Diabetes Mellitus without complications,2024-09-15,Dr. L. Torres,Monitoring
DX04248,P2692,K21.0,Gastro-oesophageal reflux disease,2024-08-28,Dr. L. Torres,Monitoring
DX04249,P2692,M06.9,"Rheumatoid arthritis, unspecified",2022-08-06,Dr. R. Singh,Resolved
DX04250,P2693,I10,Essential Hypertension,2024-07-04,Dr. R. Singh,Active
DX04251,P2693,J18.9,"Pneumonia, unspecified",2022-04-07,Dr. A. Patel,Active
DX04252,P2694,I63.9,"Cerebral infarction, unspecified",2023-12-08,Dr. C. Müller,Monitoring
DX04253,P2695,E11.9,Type 2 Diabetes Mellitus without complications,2023-12-30,Dr. J. Nkosi,Active
DX04254,P2695,K21.0,Gastro-oesophageal reflux disease,2024-01-03,Dr. C. Müller,Resolved
DX04255,P2695,E03.9,"Hypothyroidism, unspecified",2022-07-18,Dr. L. Torres,Monitoring
DX04256,P2695,G40.9,"Epilepsy, unspecified",2023-01-28,Dr. Y. Tanaka,Monitoring
DX04257,P2696,F32.1,"Major depressive disorder, moderate",2022-04-17,Dr. Y. Tanaka,Monitoring
DX04258,P2696,M54.5,Low back pain,2022-02-09,Dr. S. Khan,Monitoring
DX04259,P2696,K21.0,Gastro-oesophageal reflux disease,2024-08-24,Dr. M. O'Brien,Resolved
DX04260,P2697,I10,Essential Hypertension,2022-08-20,Dr. J. Nkosi,Resolved
DX04261,P2698,M06.9,"Rheumatoid arthritis, unspecified",2022-04-08,Dr. J. Nkosi,Resolved
DX04262,P2698,C34.10,Malignant neoplasm of upper lobe bronchus,2023-08-29,Dr. L. Torres,Resolved
DX04263,P2698,E11.9,Type 2 Diabetes Mellitus without complications,2022-09-27,Dr. A. Patel,Resolved
DX04264,P2699,I25.10,Atherosclerotic heart disease,2024-03-31,Dr. R. Singh,Active
DX04265,P2699,I63.9,"Cerebral infarction, unspecified",2023-09-09,Dr. A. Patel,Resolved
DX04266,P2699,N18.3,"Chronic kidney disease, stage 3",2022-10-18,Dr. M. O'Brien,Active
DX04267,P2699,F32.1,"Major depressive disorder, moderate",2023-10-25,Dr. R. Singh,Monitoring
DX04268,P2700,G40.9,"Epilepsy, unspecified",2024-05-21,Dr. M. O'Brien,Active
DX04269,P2700,M54.5,Low back pain,2023-01-06,Dr. S. Khan,Monitoring
DX04270,P2700,J18.9,"Pneumonia, unspecified",2022-01-17,Dr. R. Singh,Active
DX04271,P2700,N18.3,"Chronic kidney disease, stage 3",2023-03-18,Dr. L. Torres,Resolved
DX04272,P2701,I25.10,Atherosclerotic heart disease,2024-10-18,Dr. L. Torres,Resolved
DX04273,P2702,I25.10,Atherosclerotic heart disease,2023-10-29,Dr. R. Singh,Monitoring
DX04274,P2702,E78.5,"Hyperlipidaemia, unspecified",2023-04-02,Dr. C. Müller,Resolved
DX04275,P2702,M06.9,"Rheumatoid arthritis, unspecified",2022-12-16,Dr. S. Khan,Active
DX04276,P2702,I63.9,"Cerebral infarction, unspecified",2024-12-30,Dr. J. Nkosi,Resolved
DX04277,P2703,M54.5,Low back pain,2022-06-17,Dr. M. O'Brien,Resolved
DX04278,P2704,C34.10,Malignant neoplasm of upper lobe bronchus,2022-07-28,Dr. M. O'Brien,Monitoring
DX04279,P2704,N18.3,"Chronic kidney disease, stage 3",2022-04-26,Dr. A. Patel,Monitoring
DX04280,P2704,J45.9,"Asthma, unspecified",2023-05-26,Dr. C. Müller,Active
DX04281,P2705,E11.9,Type 2 Diabetes Mellitus without complications,2022-05-20,Dr. Y. Tanaka,Active
DX04282,P2705,G40.9,"Epilepsy, unspecified",2022-10-21,Dr. Y. Tanaka,Resolved
DX04283,P2706,F32.1,"Major depressive disorder, moderate",2023-07-09,Dr. J. Nkosi,Monitoring
DX04284,P2706,E03.9,"Hypothyroidism, unspecified",2023-12-11,Dr. R. Singh,Monitoring
DX04285,P2707,E78.5,"Hyperlipidaemia, unspecified",2023-01-06,Dr. L. Torres,Active
DX04286,P2707,N18.3,"Chronic kidney disease, stage 3",2023-12-11,Dr. M. O'Brien,Monitoring
DX04287,P2707,J18.9,"Pneumonia, unspecified",2023-10-03,Dr. S. Khan,Resolved
DX04288,P2708,E78.5,"Hyperlipidaemia, unspecified",2023-11-03,Dr. Y. Tanaka,Resolved
DX04289,P2709,M54.5,Low back pain,2022-05-17,Dr. A. Patel,Resolved
DX04290,P2710,E78.5,"Hyperlipidaemia, unspecified",2022-04-07,Dr. R. Singh,Resolved
DX04291,P2711,I25.10,Atherosclerotic heart disease,2024-07-06,Dr. Y. Tanaka,Resolved
DX04292,P2712,M54.5,Low back pain,2024-01-20,Dr. J. Nkosi,Resolved
DX04293,P2712,J45.9,"Asthma, unspecified",2022-10-17,Dr. L. Torres,Resolved
DX04294,P2712,E03.9,"Hypothyroidism, unspecified",2024-12-19,Dr. L. Torres,Active
DX04295,P2713,E11.9,Type 2 Diabetes Mellitus without complications,2024-07-29,Dr. J. Nkosi,Resolved
DX04296,P2713,N18.3,"Chronic kidney disease, stage 3",2023-08-16,Dr. J. Nkosi,Active
DX04297,P2713,K21.0,Gastro-oesophageal reflux disease,2023-11-14,Dr. J. Nkosi,Resolved
DX04298,P2713,I25.10,Atherosclerotic heart disease,2024-11-11,Dr. A. Patel,Active
DX04299,P2714,E11.9,Type 2 Diabetes Mellitus without complications,2023-03-22,Dr. C. Müller,Active
DX04300,P2714,E78.5,"Hyperlipidaemia, unspecified",2022-05-21,Dr. J. Nkosi,Active
DX04301,P2715,F32.1,"Major depressive disorder, moderate",2024-11-16,Dr. Y. Tanaka,Monitoring
DX04302,P2715,I10,Essential Hypertension,2024-12-31,Dr. M. O'Brien,Monitoring
DX04303,P2716,N18.3,"Chronic kidney disease, stage 3",2022-12-23,Dr. Y. Tanaka,Monitoring
DX04304,P2717,J45.9,"Asthma, unspecified",2024-06-09,Dr. M. O'Brien,Resolved
DX04305,P2717,I10,Essential Hypertension,2022-05-09,Dr. R. Singh,Active
DX04306,P2717,I25.10,Atherosclerotic heart disease,2022-09-08,Dr. Y. Tanaka,Monitoring
DX04307,P2717,E78.5,"Hyperlipidaemia, unspecified",2023-09-19,Dr. C. Müller,Resolved
DX04308,P2718,M06.9,"Rheumatoid arthritis, unspecified",2023-04-09,Dr. Y. Tanaka,Monitoring
DX04309,P2718,N18.3,"Chronic kidney disease, stage 3",2022-04-13,Dr. S. Khan,Monitoring
DX04310,P2719,N18.3,"Chronic kidney disease, stage 3",2024-05-20,Dr. Y. Tanaka,Active
DX04311,P2720,I25.10,Atherosclerotic heart disease,2024-10-13,Dr. S. Khan,Monitoring
DX04312,P2720,G40.9,"Epilepsy, unspecified",2024-09-08,Dr. Y. Tanaka,Monitoring
DX04313,P2720,F32.1,"Major depressive disorder, moderate",2024-02-15,Dr. M. O'Brien,Monitoring
DX04314,P2721,K21.0,Gastro-oesophageal reflux disease,2023-03-06,Dr. C. Müller,Active
DX04315,P2721,E11.9,Type 2 Diabetes Mellitus without complications,2023-06-11,Dr. C. Müller,Monitoring
DX04316,P2721,I25.10,Atherosclerotic heart disease,2024-05-30,Dr. L. Torres,Resolved
DX04317,P2721,J45.9,"Asthma, unspecified",2022-04-18,Dr. A. Patel,Monitoring
DX04318,P2722,E11.9,Type 2 Diabetes Mellitus without complications,2022-04-09,Dr. R. Singh,Resolved
DX04319,P2723,K21.0,Gastro-oesophageal reflux disease,2024-12-24,Dr. J. Nkosi,Monitoring
DX04320,P2723,I10,Essential Hypertension,2023-11-29,Dr. M. O'Brien,Active
DX04321,P2724,E78.5,"Hyperlipidaemia, unspecified",2024-04-18,Dr. L. Torres,Resolved
DX04322,P2725,I63.9,"Cerebral infarction, unspecified",2024-03-09,Dr. L. Torres,Monitoring
DX04323,P2725,I25.10,Atherosclerotic heart disease,2024-11-19,Dr. L. Torres,Monitoring
DX04324,P2726,K21.0,Gastro-oesophageal reflux disease,2024-01-30,Dr. Y. Tanaka,Resolved
DX04325,P2726,N18.3,"Chronic kidney disease, stage 3",2023-12-15,Dr. M. O'Brien,Monitoring
DX04326,P2726,M54.5,Low back pain,2022-08-16,Dr. A. Patel,Active
DX04327,P2726,J18.9,"Pneumonia, unspecified",2022-10-21,Dr. S. Khan,Resolved
DX04328,P2727,C34.10,Malignant neoplasm of upper lobe bronchus,2022-06-01,Dr. M. O'Brien,Resolved
DX04329,P2727,E78.5,"Hyperlipidaemia, unspecified",2024-12-19,Dr. J. Nkosi,Monitoring
DX04330,P2727,K21.0,Gastro-oesophageal reflux disease,2024-07-14,Dr. S. Khan,Resolved
DX04331,P2727,I63.9,"Cerebral infarction, unspecified",2022-01-30,Dr. R. Singh,Monitoring
DX04332,P2728,M06.9,"Rheumatoid arthritis, unspecified",2022-07-22,Dr. L. Torres,Active
DX04333,P2728,I25.10,Atherosclerotic heart disease,2024-05-21,Dr. Y. Tanaka,Active
DX04334,P2728,N18.3,"Chronic kidney disease, stage 3",2024-12-07,Dr. C. Müller,Monitoring
DX04335,P2729,E11.9,Type 2 Diabetes Mellitus without complications,2023-01-09,Dr. J. Nkosi,Monitoring
DX04336,P2730,J45.9,"Asthma, unspecified",2024-12-17,Dr. R. Singh,Resolved
DX04337,P2731,E03.9,"Hypothyroidism, unspecified",2022-06-17,Dr. J. Nkosi,Monitoring
DX04338,P2732,G40.9,"Epilepsy, unspecified",2023-11-21,Dr. A. Patel,Active
DX04339,P2732,E78.5,"Hyperlipidaemia, unspecified",2022-12-08,Dr. S. Khan,Resolved
DX04340,P2732,E11.9,Type 2 Diabetes Mellitus without complications,2024-08-16,Dr. A. Patel,Resolved
DX04341,P2732,I25.10,Atherosclerotic heart disease,2023-10-09,Dr. M. O'Brien,Monitoring
DX04342,P2733,M06.9,"Rheumatoid arthritis, unspecified",2023-03-29,Dr. R. Singh,Active
DX04343,P2733,F32.1,"Major depressive disorder, moderate",2023-10-04,Dr. A. Patel,Monitoring
DX04344,P2733,K21.0,Gastro-oesophageal reflux disease,2024-08-09,Dr. A. Patel,Monitoring
DX04345,P2733,J45.9,"Asthma, unspecified",2023-10-15,Dr. J. Nkosi,Active
DX04346,P2734,I10,Essential Hypertension,2022-09-07,Dr. J. Nkosi,Monitoring
DX04347,P2734,C34.10,Malignant neoplasm of upper lobe bronchus,2022-06-13,Dr. A. Patel,Active
DX04348,P2734,G40.9,"Epilepsy, unspecified",2024-12-26,Dr. M. O'Brien,Monitoring
DX04349,P2734,E11.9,Type 2 Diabetes Mellitus without complications,2024-08-29,Dr. L. Torres,Active
DX04350,P2735,N18.3,"Chronic kidney disease, stage 3",2024-05-23,Dr. A. Patel,Monitoring
DX04351,P2735,E11.9,Type 2 Diabetes Mellitus without complications,2022-05-01,Dr. R. Singh,Monitoring
DX04352,P2735,J45.9,"Asthma, unspecified",2022-07-26,Dr. S. Khan,Active
DX04353,P2736,N18.3,"Chronic kidney disease, stage 3",2023-09-06,Dr. J. Nkosi,Monitoring
DX04354,P2736,I10,Essential Hypertension,2024-08-02,Dr. J. Nkosi,Resolved
DX04355,P2736,J18.9,"Pneumonia, unspecified",2022-05-23,Dr. R. Singh,Monitoring
DX04356,P2737,J45.9,"Asthma, unspecified",2022-10-14,Dr. Y. Tanaka,Active
DX04357,P2737,F32.1,"Major depressive disorder, moderate",2023-03-21,Dr. R. Singh,Monitoring
DX04358,P2737,E03.9,"Hypothyroidism, unspecified",2024-04-01,Dr. J. Nkosi,Active
DX04359,P2737,G40.9,"Epilepsy, unspecified",2023-12-25,Dr. J. Nkosi,Monitoring
DX04360,P2738,C34.10,Malignant neoplasm of upper lobe bronchus,2022-01-15,Dr. R. Singh,Monitoring
DX04361,P2739,G40.9,"Epilepsy, unspecified",2022-07-05,Dr. R. Singh,Monitoring
DX04362,P2739,E03.9,"Hypothyroidism, unspecified",2023-08-21,Dr. Y. Tanaka,Monitoring
DX04363,P2739,F32.1,"Major depressive disorder, moderate",2023-05-20,Dr. S. Khan,Monitoring
DX04364,P2740,G40.9,"Epilepsy, unspecified",2023-05-06,Dr. Y. Tanaka,Monitoring
DX04365,P2740,F32.1,"Major depressive disorder, moderate",2023-01-16,Dr. R. Singh,Resolved
DX04366,P2740,M06.9,"Rheumatoid arthritis, unspecified",2022-08-25,Dr. S. Khan,Resolved
DX04367,P2741,J45.9,"Asthma, unspecified",2022-03-29,Dr. M. O'Brien,Monitoring
DX04368,P2741,F32.1,"Major depressive disorder, moderate",2023-05-07,Dr. Y. Tanaka,Resolved
DX04369,P2741,I63.9,"Cerebral infarction, unspecified",2023-01-08,Dr. Y. Tanaka,Active
DX04370,P2742,E78.5,"Hyperlipidaemia, unspecified",2024-05-13,Dr. C. Müller,Resolved
DX04371,P2742,K21.0,Gastro-oesophageal reflux disease,2022-01-10,Dr. R. Singh,Active
DX04372,P2743,J18.9,"Pneumonia, unspecified",2024-02-13,Dr. L. Torres,Resolved
DX04373,P2743,E78.5,"Hyperlipidaemia, unspecified",2022-05-21,Dr. C. Müller,Active
DX04374,P2743,E11.9,Type 2 Diabetes Mellitus without complications,2022-03-13,Dr. S. Khan,Monitoring
DX04375,P2744,N18.3,"Chronic kidney disease, stage 3",2023-09-06,Dr. C. Müller,Resolved
DX04376,P2744,I63.9,"Cerebral infarction, unspecified",2022-03-29,Dr. R. Singh,Active
DX04377,P2744,J45.9,"Asthma, unspecified",2022-03-18,Dr. J. Nkosi,Monitoring
DX04378,P2744,M06.9,"Rheumatoid arthritis, unspecified",2022-01-03,Dr. M. O'Brien,Resolved
DX04379,P2745,I10,Essential Hypertension,2022-10-20,Dr. Y. Tanaka,Resolved
DX04380,P2745,I25.10,Atherosclerotic heart disease,2023-03-04,Dr. C. Müller,Active
DX04381,P2746,I25.10,Atherosclerotic heart disease,2023-06-15,Dr. L. Torres,Resolved
DX04382,P2747,E78.5,"Hyperlipidaemia, unspecified",2023-04-16,Dr. R. Singh,Active
DX04383,P2748,K21.0,Gastro-oesophageal reflux disease,2024-04-23,Dr. A. Patel,Resolved
DX04384,P2749,F32.1,"Major depressive disorder, moderate",2022-01-08,Dr. M. O'Brien,Active
DX04385,P2749,I25.10,Atherosclerotic heart disease,2024-11-01,Dr. L. Torres,Monitoring
DX04386,P2749,C34.10,Malignant neoplasm of upper lobe bronchus,2024-11-08,Dr. Y. Tanaka,Resolved
DX04387,P2749,I63.9,"Cerebral infarction, unspecified",2023-10-18,Dr. R. Singh,Active
DX04388,P2750,G40.9,"Epilepsy, unspecified",2023-11-05,Dr. Y. Tanaka,Active
DX04389,P2750,M06.9,"Rheumatoid arthritis, unspecified",2024-10-02,Dr. S. Khan,Resolved
DX04390,P2751,M06.9,"Rheumatoid arthritis, unspecified",2024-05-20,Dr. S. Khan,Active
DX04391,P2751,J45.9,"Asthma, unspecified",2024-02-25,Dr. L. Torres,Monitoring
DX04392,P2751,I10,Essential Hypertension,2022-03-13,Dr. J. Nkosi,Resolved
DX04393,P2752,K21.0,Gastro-oesophageal reflux disease,2024-12-06,Dr. S. Khan,Monitoring
DX04394,P2752,E78.5,"Hyperlipidaemia, unspecified",2024-10-07,Dr. J. Nkosi,Monitoring
DX04395,P2753,M54.5,Low back pain,2024-11-14,Dr. J. Nkosi,Monitoring
DX04396,P2753,I63.9,"Cerebral infarction, unspecified",2023-04-25,Dr. J. Nkosi,Resolved
DX04397,P2753,C34.10,Malignant neoplasm of upper lobe bronchus,2023-08-05,Dr. Y. Tanaka,Resolved
DX04398,P2753,N18.3,"Chronic kidney disease, stage 3",2022-01-29,Dr. L. Torres,Active
DX04399,P2754,C34.10,Malignant neoplasm of upper lobe bronchus,2022-01-26,Dr. S. Khan,Resolved
DX04400,P2754,I10,Essential Hypertension,2023-01-31,Dr. C. Müller,Active
DX04401,P2755,E78.5,"Hyperlipidaemia, unspecified",2024-03-21,Dr. M. O'Brien,Resolved
DX04402,P2755,J18.9,"Pneumonia, unspecified",2023-06-26,Dr. M. O'Brien,Active
DX04403,P2756,E11.9,Type 2 Diabetes Mellitus without complications,2023-04-22,Dr. S. Khan,Monitoring
DX04404,P2756,I63.9,"Cerebral infarction, unspecified",2022-03-13,Dr. R. Singh,Resolved
DX04405,P2756,J18.9,"Pneumonia, unspecified",2024-08-03,Dr. M. O'Brien,Active
DX04406,P2757,E03.9,"Hypothyroidism, unspecified",2022-02-10,Dr. A. Patel,Monitoring
DX04407,P2757,I25.10,Atherosclerotic heart disease,2024-10-10,Dr. L. Torres,Active
DX04408,P2757,E11.9,Type 2 Diabetes Mellitus without complications,2023-03-17,Dr. M. O'Brien,Resolved
DX04409,P2758,E03.9,"Hypothyroidism, unspecified",2022-06-04,Dr. A. Patel,Monitoring
DX04410,P2758,J45.9,"Asthma, unspecified",2024-09-15,Dr. L. Torres,Active
DX04411,P2758,E78.5,"Hyperlipidaemia, unspecified",2022-10-23,Dr. M. O'Brien,Resolved
DX04412,P2759,I10,Essential Hypertension,2024-08-30,Dr. M. O'Brien,Monitoring
DX04413,P2759,K21.0,Gastro-oesophageal reflux disease,2024-03-09,Dr. L. Torres,Monitoring
DX04414,P2759,C34.10,Malignant neoplasm of upper lobe bronchus,2024-04-13,Dr. J. Nkosi,Active
DX04415,P2759,E03.9,"Hypothyroidism, unspecified",2022-12-30,Dr. R. Singh,Active
DX04416,P2760,G40.9,"Epilepsy, unspecified",2023-01-15,Dr. L. Torres,Active
DX04417,P2760,I25.10,Atherosclerotic heart disease,2023-06-27,Dr. J. Nkosi,Active
DX04418,P2760,E03.9,"Hypothyroidism, unspecified",2024-05-08,Dr. S. Khan,Active
DX04419,P2760,J18.9,"Pneumonia, unspecified",2024-12-28,Dr. A. Patel,Active
DX04420,P2761,I25.10,Atherosclerotic heart disease,2024-12-12,Dr. C. Müller,Active
DX04421,P2761,F32.1,"Major depressive disorder, moderate",2024-02-21,Dr. J. Nkosi,Active
DX04422,P2762,I10,Essential Hypertension,2024-07-07,Dr. M. O'Brien,Active
DX04423,P2762,J18.9,"Pneumonia, unspecified",2022-11-07,Dr. A. Patel,Active
DX04424,P2762,E78.5,"Hyperlipidaemia, unspecified",2023-11-18,Dr. J. Nkosi,Resolved
DX04425,P2762,F32.1,"Major depressive disorder, moderate",2024-04-28,Dr. M. O'Brien,Active
DX04426,P2763,J45.9,"Asthma, unspecified",2022-03-05,Dr. A. Patel,Resolved
DX04427,P2763,F32.1,"Major depressive disorder, moderate",2024-08-10,Dr. Y. Tanaka,Monitoring
DX04428,P2763,E78.5,"Hyperlipidaemia, unspecified",2023-10-04,Dr. A. Patel,Active
DX04429,P2764,M54.5,Low back pain,2023-05-14,Dr. M. O'Brien,Resolved
DX04430,P2765,I10,Essential Hypertension,2024-08-02,Dr. J. Nkosi,Monitoring
DX04431,P2766,E11.9,Type 2 Diabetes Mellitus without complications,2024-07-13,Dr. M. O'Brien,Active
DX04432,P2766,J45.9,"Asthma, unspecified",2022-07-11,Dr. S. Khan,Active
DX04433,P2766,E03.9,"Hypothyroidism, unspecified",2024-02-19,Dr. A. Patel,Monitoring
DX04434,P2766,I10,Essential Hypertension,2024-11-09,Dr. Y. Tanaka,Active
DX04435,P2767,M54.5,Low back pain,2022-02-21,Dr. L. Torres,Resolved
DX04436,P2767,J18.9,"Pneumonia, unspecified",2023-07-27,Dr. C. Müller,Active
DX04437,P2767,G40.9,"Epilepsy, unspecified",2024-10-12,Dr. S. Khan,Monitoring
DX04438,P2767,E11.9,Type 2 Diabetes Mellitus without complications,2022-12-09,Dr. S. Khan,Resolved
DX04439,P2768,M54.5,Low back pain,2023-06-10,Dr. L. Torres,Active
DX04440,P2769,I10,Essential Hypertension,2023-08-24,Dr. M. O'Brien,Active
DX04441,P2769,J18.9,"Pneumonia, unspecified",2024-01-09,Dr. M. O'Brien,Active
DX04442,P2769,J45.9,"Asthma, unspecified",2024-03-24,Dr. A. Patel,Active
DX04443,P2769,I25.10,Atherosclerotic heart disease,2023-12-03,Dr. M. O'Brien,Active
DX04444,P2770,E03.9,"Hypothyroidism, unspecified",2022-02-04,Dr. L. Torres,Resolved
DX04445,P2770,E11.9,Type 2 Diabetes Mellitus without complications,2024-07-02,Dr. Y. Tanaka,Active
DX04446,P2770,J18.9,"Pneumonia, unspecified",2024-02-09,Dr. A. Patel,Active
DX04447,P2771,F32.1,"Major depressive disorder, moderate",2023-12-25,Dr. R. Singh,Active
DX04448,P2771,I63.9,"Cerebral infarction, unspecified",2023-04-06,Dr. M. O'Brien,Resolved
DX04449,P2772,E11.9,Type 2 Diabetes Mellitus without complications,2023-09-07,Dr. A. Patel,Monitoring
DX04450,P2772,I63.9,"Cerebral infarction, unspecified",2022-10-02,Dr. L. Torres,Resolved
DX04451,P2772,M54.5,Low back pain,2024-01-06,Dr. R. Singh,Active
DX04452,P2772,K21.0,Gastro-oesophageal reflux disease,2024-02-22,Dr. A. Patel,Active
DX04453,P2773,E11.9,Type 2 Diabetes Mellitus without complications,2022-08-15,Dr. R. Singh,Monitoring
DX04454,P2774,J18.9,"Pneumonia, unspecified",2024-05-30,Dr. C. Müller,Monitoring
DX04455,P2775,C34.10,Malignant neoplasm of upper lobe bronchus,2024-04-27,Dr. L. Torres,Resolved
DX04456,P2775,K21.0,Gastro-oesophageal reflux disease,2024-05-26,Dr. C. Müller,Active
DX04457,P2775,E03.9,"Hypothyroidism, unspecified",2023-03-15,Dr. Y. Tanaka,Resolved
DX04458,P2776,M06.9,"Rheumatoid arthritis, unspecified",2022-01-20,Dr. L. Torres,Resolved
DX04459,P2777,I25.10,Atherosclerotic heart disease,2023-04-18,Dr. Y. Tanaka,Monitoring
DX04460,P2777,I10,Essential Hypertension,2022-07-01,Dr. S. Khan,Monitoring
DX04461,P2777,E78.5,"Hyperlipidaemia, unspecified",2022-03-08,Dr. Y. Tanaka,Resolved
DX04462,P2777,C34.10,Malignant neoplasm of upper lobe bronchus,2022-09-25,Dr. S. Khan,Resolved
DX04463,P2778,I10,Essential Hypertension,2024-12-19,Dr. J. Nkosi,Resolved
DX04464,P2778,M06.9,"Rheumatoid arthritis, unspecified",2022-09-19,Dr. J. Nkosi,Resolved
DX04465,P2778,F32.1,"Major depressive disorder, moderate",2023-04-17,Dr. L. Torres,Monitoring
DX04466,P2779,E78.5,"Hyperlipidaemia, unspecified",2024-07-08,Dr. A. Patel,Monitoring
DX04467,P2779,F32.1,"Major depressive disorder, moderate",2022-11-20,Dr. S. Khan,Active
DX04468,P2779,I25.10,Atherosclerotic heart disease,2024-12-16,Dr. C. Müller,Resolved
DX04469,P2780,F32.1,"Major depressive disorder, moderate",2022-01-20,Dr. M. O'Brien,Active
DX04470,P2780,J18.9,"Pneumonia, unspecified",2022-12-07,Dr. J. Nkosi,Monitoring
DX04471,P2780,G40.9,"Epilepsy, unspecified",2024-10-03,Dr. M. O'Brien,Active
DX04472,P2781,M06.9,"Rheumatoid arthritis, unspecified",2023-03-03,Dr. J. Nkosi,Active
DX04473,P2781,N18.3,"Chronic kidney disease, stage 3",2022-05-05,Dr. A. Patel,Active
DX04474,P2781,I10,Essential Hypertension,2024-11-28,Dr. C. Müller,Active
DX04475,P2782,C34.10,Malignant neoplasm of upper lobe bronchus,2024-07-17,Dr. J. Nkosi,Monitoring
DX04476,P2782,M06.9,"Rheumatoid arthritis, unspecified",2022-08-16,Dr. A. Patel,Active
DX04477,P2782,F32.1,"Major depressive disorder, moderate",2024-11-23,Dr. S. Khan,Active
DX04478,P2783,E11.9,Type 2 Diabetes Mellitus without complications,2022-01-06,Dr. A. Patel,Monitoring
DX04479,P2783,F32.1,"Major depressive disorder, moderate",2022-07-09,Dr. C. Müller,Monitoring
DX04480,P2783,E03.9,"Hypothyroidism, unspecified",2022-11-08,Dr. J. Nkosi,Active
DX04481,P2784,J45.9,"Asthma, unspecified",2024-12-25,Dr. Y. Tanaka,Monitoring
DX04482,P2784,M54.5,Low back pain,2022-04-02,Dr. C. Müller,Active
DX04483,P2784,C34.10,Malignant neoplasm of upper lobe bronchus,2023-11-21,Dr. L. Torres,Monitoring
DX04484,P2784,K21.0,Gastro-oesophageal reflux disease,2022-06-18,Dr. C. Müller,Resolved
DX04485,P2785,F32.1,"Major depressive disorder, moderate",2022-04-14,Dr. A. Patel,Monitoring
DX04486,P2785,J45.9,"Asthma, unspecified",2024-11-20,Dr. L. Torres,Monitoring
DX04487,P2785,I10,Essential Hypertension,2023-03-25,Dr. J. Nkosi,Resolved
DX04488,P2786,M06.9,"Rheumatoid arthritis, unspecified",2022-07-18,Dr. J. Nkosi,Resolved
DX04489,P2787,M06.9,"Rheumatoid arthritis, unspecified",2022-07-16,Dr. S. Khan,Resolved
DX04490,P2788,I63.9,"Cerebral infarction, unspecified",2024-01-27,Dr. L. Torres,Resolved
DX04491,P2789,E03.9,"Hypothyroidism, unspecified",2023-09-25,Dr. M. O'Brien,Active
DX04492,P2789,K21.0,Gastro-oesophageal reflux disease,2023-01-23,Dr. L. Torres,Monitoring
DX04493,P2790,E11.9,Type 2 Diabetes Mellitus without complications,2024-01-14,Dr. J. Nkosi,Resolved
DX04494,P2791,I25.10,Atherosclerotic heart disease,2024-04-21,Dr. A. Patel,Resolved
DX04495,P2791,F32.1,"Major depressive disorder, moderate",2023-10-21,Dr. C. Müller,Monitoring
DX04496,P2792,I25.10,Atherosclerotic heart disease,2023-07-14,Dr. C. Müller,Resolved
DX04497,P2792,K21.0,Gastro-oesophageal reflux disease,2024-06-23,Dr. M. O'Brien,Monitoring
DX04498,P2792,C34.10,Malignant neoplasm of upper lobe bronchus,2022-04-20,Dr. S. Khan,Active
DX04499,P2793,I25.10,Atherosclerotic heart disease,2022-02-02,Dr. M. O'Brien,Monitoring
DX04500,P2793,I63.9,"Cerebral infarction, unspecified",2022-07-07,Dr. M. O'Brien,Active
DX04501,P2794,E78.5,"Hyperlipidaemia, unspecified",2023-08-15,Dr. A. Patel,Active
DX04502,P2794,M54.5,Low back pain,2024-03-11,Dr. M. O'Brien,Active
DX04503,P2795,E78.5,"Hyperlipidaemia, unspecified",2023-06-21,Dr. R. Singh,Active
DX04504,P2795,E11.9,Type 2 Diabetes Mellitus without complications,2024-08-15,Dr. J. Nkosi,Resolved
DX04505,P2795,M54.5,Low back pain,2023-01-30,Dr. C. Müller,Resolved
DX04506,P2796,M06.9,"Rheumatoid arthritis, unspecified",2023-12-07,Dr. Y. Tanaka,Active
DX04507,P2796,J45.9,"Asthma, unspecified",2022-01-18,Dr. L. Torres,Active
DX04508,P2797,K21.0,Gastro-oesophageal reflux disease,2022-10-13,Dr. R. Singh,Active
DX04509,P2797,E11.9,Type 2 Diabetes Mellitus without complications,2022-08-26,Dr. C. Müller,Active
DX04510,P2798,E03.9,"Hypothyroidism, unspecified",2023-11-02,Dr. R. Singh,Monitoring
DX04511,P2798,I63.9,"Cerebral infarction, unspecified",2022-02-06,Dr. L. Torres,Monitoring
DX04512,P2799,E11.9,Type 2 Diabetes Mellitus without complications,2022-12-21,Dr. J. Nkosi,Active
DX04513,P2799,I10,Essential Hypertension,2023-06-26,Dr. C. Müller,Resolved
DX04514,P2799,G40.9,"Epilepsy, unspecified",2022-02-18,Dr. A. Patel,Active
DX04515,P2799,M54.5,Low back pain,2022-09-19,Dr. J. Nkosi,Monitoring
DX04516,P2800,M54.5,Low back pain,2022-03-02,Dr. S. Khan,Monitoring
DX04517,P2800,E11.9,Type 2 Diabetes Mellitus without complications,2022-12-26,Dr. J. Nkosi,Active
DX04518,P2801,E11.9,Type 2 Diabetes Mellitus without complications,2022-03-02,Dr. L. Torres,Monitoring
DX04519,P2801,N18.3,"Chronic kidney disease, stage 3",2024-02-06,Dr. A. Patel,Resolved
DX04520,P2801,M06.9,"Rheumatoid arthritis, unspecified",2024-05-29,Dr. C. Müller,Resolved
DX04521,P2801,J18.9,"Pneumonia, unspecified",2023-04-05,Dr. L. Torres,Resolved
DX04522,P2802,C34.10,Malignant neoplasm of upper lobe bronchus,2022-12-30,Dr. M. O'Brien,Resolved
DX04523,P2802,I10,Essential Hypertension,2024-05-08,Dr. J. Nkosi,Monitoring
DX04524,P2802,I25.10,Atherosclerotic heart disease,2023-09-07,Dr. C. Müller,Active
DX04525,P2802,I63.9,"Cerebral infarction, unspecified",2022-08-08,Dr. S. Khan,Resolved
DX04526,P2803,I10,Essential Hypertension,2024-10-19,Dr. J. Nkosi,Monitoring
DX04527,P2803,N18.3,"Chronic kidney disease, stage 3",2023-09-26,Dr. Y. Tanaka,Active
DX04528,P2804,J45.9,"Asthma, unspecified",2024-05-13,Dr. S. Khan,Resolved
DX04529,P2804,N18.3,"Chronic kidney disease, stage 3",2024-04-19,Dr. M. O'Brien,Active
DX04530,P2804,E78.5,"Hyperlipidaemia, unspecified",2023-10-13,Dr. S. Khan,Monitoring
DX04531,P2805,G40.9,"Epilepsy, unspecified",2023-01-11,Dr. C. Müller,Resolved
DX04532,P2805,M54.5,Low back pain,2022-01-08,Dr. C. Müller,Resolved
DX04533,P2806,M06.9,"Rheumatoid arthritis, unspecified",2022-11-09,Dr. M. O'Brien,Resolved
DX04534,P2806,N18.3,"Chronic kidney disease, stage 3",2022-06-06,Dr. Y. Tanaka,Resolved
DX04535,P2806,C34.10,Malignant neoplasm of upper lobe bronchus,2024-06-24,Dr. L. Torres,Monitoring
DX04536,P2806,F32.1,"Major depressive disorder, moderate",2023-08-24,Dr. Y. Tanaka,Resolved
DX04537,P2807,I63.9,"Cerebral infarction, unspecified",2022-11-23,Dr. A. Patel,Monitoring
DX04538,P2808,N18.3,"Chronic kidney disease, stage 3",2022-03-16,Dr. C. Müller,Active
DX04539,P2808,I10,Essential Hypertension,2024-11-11,Dr. L. Torres,Monitoring
DX04540,P2809,I25.10,Atherosclerotic heart disease,2023-10-04,Dr. L. Torres,Active
DX04541,P2809,J18.9,"Pneumonia, unspecified",2023-09-22,Dr. A. Patel,Resolved
DX04542,P2809,G40.9,"Epilepsy, unspecified",2024-05-08,Dr. C. Müller,Monitoring
DX04543,P2809,J45.9,"Asthma, unspecified",2022-11-09,Dr. S. Khan,Active
DX04544,P2810,N18.3,"Chronic kidney disease, stage 3",2024-06-05,Dr. L. Torres,Monitoring
DX04545,P2811,J18.9,"Pneumonia, unspecified",2022-12-19,Dr. A. Patel,Resolved
DX04546,P2811,N18.3,"Chronic kidney disease, stage 3",2023-07-21,Dr. L. Torres,Monitoring
DX04547,P2811,I25.10,Atherosclerotic heart disease,2022-06-30,Dr. S. Khan,Active
DX04548,P2812,E03.9,"Hypothyroidism, unspecified",2022-06-14,Dr. M. O'Brien,Resolved
DX04549,P2812,J45.9,"Asthma, unspecified",2023-05-26,Dr. A. Patel,Monitoring
DX04550,P2812,E78.5,"Hyperlipidaemia, unspecified",2024-05-28,Dr. J. Nkosi,Resolved
DX04551,P2812,M06.9,"Rheumatoid arthritis, unspecified",2023-04-07,Dr. R. Singh,Monitoring
DX04552,P2813,E78.5,"Hyperlipidaemia, unspecified",2023-01-02,Dr. S. Khan,Monitoring
DX04553,P2813,G40.9,"Epilepsy, unspecified",2024-11-24,Dr. L. Torres,Monitoring
DX04554,P2813,M06.9,"Rheumatoid arthritis, unspecified",2024-05-09,Dr. A. Patel,Resolved
DX04555,P2814,I25.10,Atherosclerotic heart disease,2023-12-13,Dr. S. Khan,Active
DX04556,P2814,G40.9,"Epilepsy, unspecified",2022-03-31,Dr. M. O'Brien,Active
DX04557,P2814,E03.9,"Hypothyroidism, unspecified",2022-11-26,Dr. R. Singh,Resolved
DX04558,P2814,I10,Essential Hypertension,2023-02-06,Dr. L. Torres,Active
DX04559,P2815,J45.9,"Asthma, unspecified",2022-03-02,Dr. S. Khan,Monitoring
DX04560,P2815,G40.9,"Epilepsy, unspecified",2024-04-02,Dr. A. Patel,Resolved
DX04561,P2816,I10,Essential Hypertension,2022-10-19,Dr. S. Khan,Monitoring
DX04562,P2816,G40.9,"Epilepsy, unspecified",2024-10-31,Dr. C. Müller,Active
DX04563,P2816,J45.9,"Asthma, unspecified",2022-04-30,Dr. J. Nkosi,Active
DX04564,P2816,M54.5,Low back pain,2022-05-08,Dr. J. Nkosi,Active
DX04565,P2817,E78.5,"Hyperlipidaemia, unspecified",2022-04-12,Dr. S. Khan,Active
DX04566,P2817,G40.9,"Epilepsy, unspecified",2023-07-20,Dr. A. Patel,Active
DX04567,P2817,K21.0,Gastro-oesophageal reflux disease,2023-03-06,Dr. L. Torres,Resolved
DX04568,P2817,E03.9,"Hypothyroidism, unspecified",2022-08-28,Dr. J. Nkosi,Active
DX04569,P2818,C34.10,Malignant neoplasm of upper lobe bronchus,2024-04-29,Dr. A. Patel,Monitoring
DX04570,P2818,E11.9,Type 2 Diabetes Mellitus without complications,2022-08-03,Dr. C. Müller,Active
DX04571,P2818,K21.0,Gastro-oesophageal reflux disease,2023-12-28,Dr. A. Patel,Monitoring
DX04572,P2818,M54.5,Low back pain,2024-11-05,Dr. L. Torres,Active
DX04573,P2819,G40.9,"Epilepsy, unspecified",2024-12-08,Dr. R. Singh,Resolved
DX04574,P2819,I63.9,"Cerebral infarction, unspecified",2022-01-20,Dr. S. Khan,Active
DX04575,P2819,M54.5,Low back pain,2023-02-26,Dr. Y. Tanaka,Resolved
DX04576,P2820,N18.3,"Chronic kidney disease, stage 3",2022-12-06,Dr. S. Khan,Active
DX04577,P2820,E78.5,"Hyperlipidaemia, unspecified",2024-08-25,Dr. M. O'Brien,Monitoring
DX04578,P2821,E78.5,"Hyperlipidaemia, unspecified",2022-10-09,Dr. Y. Tanaka,Monitoring
DX04579,P2821,C34.10,Malignant neoplasm of upper lobe bronchus,2022-04-26,Dr. J. Nkosi,Resolved
DX04580,P2821,I10,Essential Hypertension,2022-08-18,Dr. C. Müller,Active
DX04581,P2821,M54.5,Low back pain,2024-05-23,Dr. A. Patel,Monitoring
DX04582,P2822,E03.9,"Hypothyroidism, unspecified",2024-08-20,Dr. M. O'Brien,Active
DX04583,P2823,I63.9,"Cerebral infarction, unspecified",2024-02-26,Dr. L. Torres,Resolved
DX04584,P2823,K21.0,Gastro-oesophageal reflux disease,2024-10-01,Dr. S. Khan,Monitoring
DX04585,P2824,M54.5,Low back pain,2023-04-10,Dr. A. Patel,Resolved
DX04586,P2824,N18.3,"Chronic kidney disease, stage 3",2024-05-08,Dr. S. Khan,Active
DX04587,P2825,E03.9,"Hypothyroidism, unspecified",2022-01-31,Dr. R. Singh,Resolved
DX04588,P2825,I25.10,Atherosclerotic heart disease,2024-08-11,Dr. A. Patel,Active
DX04589,P2826,I63.9,"Cerebral infarction, unspecified",2023-08-24,Dr. J. Nkosi,Active
DX04590,P2826,I25.10,Atherosclerotic heart disease,2023-03-13,Dr. C. Müller,Active
DX04591,P2827,G40.9,"Epilepsy, unspecified",2024-03-11,Dr. A. Patel,Resolved
DX04592,P2827,E11.9,Type 2 Diabetes Mellitus without complications,2024-02-23,Dr. R. Singh,Resolved
DX04593,P2828,F32.1,"Major depressive disorder, moderate",2022-02-10,Dr. C. Müller,Resolved
DX04594,P2828,I63.9,"Cerebral infarction, unspecified",2024-01-01,Dr. S. Khan,Resolved
DX04595,P2828,M54.5,Low back pain,2022-08-31,Dr. J. Nkosi,Monitoring
DX04596,P2829,C34.10,Malignant neoplasm of upper lobe bronchus,2022-07-03,Dr. R. Singh,Active
DX04597,P2829,M06.9,"Rheumatoid arthritis, unspecified",2022-08-25,Dr. C. Müller,Resolved
DX04598,P2829,J18.9,"Pneumonia, unspecified",2022-10-25,Dr. C. Müller,Active
DX04599,P2830,M54.5,Low back pain,2022-01-20,Dr. J. Nkosi,Active
DX04600,P2831,I10,Essential Hypertension,2024-12-06,Dr. L. Torres,Active
DX04601,P2831,G40.9,"Epilepsy, unspecified",2023-08-01,Dr. J. Nkosi,Monitoring
DX04602,P2831,I63.9,"Cerebral infarction, unspecified",2022-08-19,Dr. J. Nkosi,Monitoring
DX04603,P2832,I25.10,Atherosclerotic heart disease,2023-08-23,Dr. S. Khan,Active
DX04604,P2832,E78.5,"Hyperlipidaemia, unspecified",2022-02-18,Dr. A. Patel,Resolved
DX04605,P2833,C34.10,Malignant neoplasm of upper lobe bronchus,2024-05-20,Dr. S. Khan,Active
DX04606,P2834,G40.9,"Epilepsy, unspecified",2022-10-29,Dr. S. Khan,Resolved
DX04607,P2834,J45.9,"Asthma, unspecified",2022-05-26,Dr. C. Müller,Resolved
DX04608,P2834,I10,Essential Hypertension,2024-01-17,Dr. C. Müller,Monitoring
DX04609,P2835,F32.1,"Major depressive disorder, moderate",2023-05-17,Dr. J. Nkosi,Monitoring
DX04610,P2835,C34.10,Malignant neoplasm of upper lobe bronchus,2023-11-07,Dr. J. Nkosi,Resolved
DX04611,P2835,E03.9,"Hypothyroidism, unspecified",2022-07-05,Dr. S. Khan,Active
DX04612,P2836,I10,Essential Hypertension,2023-07-20,Dr. Y. Tanaka,Resolved
DX04613,P2836,G40.9,"Epilepsy, unspecified",2023-06-16,Dr. M. O'Brien,Resolved
DX04614,P2836,E11.9,Type 2 Diabetes Mellitus without complications,2024-11-01,Dr. C. Müller,Active
DX04615,P2837,M54.5,Low back pain,2023-11-22,Dr. R. Singh,Monitoring
DX04616,P2837,J45.9,"Asthma, unspecified",2022-08-16,Dr. M. O'Brien,Monitoring
DX04617,P2837,E78.5,"Hyperlipidaemia, unspecified",2022-06-06,Dr. Y. Tanaka,Resolved
DX04618,P2838,E03.9,"Hypothyroidism, unspecified",2023-04-25,Dr. R. Singh,Monitoring
DX04619,P2838,E11.9,Type 2 Diabetes Mellitus without complications,2024-10-16,Dr. S. Khan,Resolved
DX04620,P2838,J18.9,"Pneumonia, unspecified",2024-01-12,Dr. L. Torres,Active
DX04621,P2839,G40.9,"Epilepsy, unspecified",2024-08-03,Dr. M. O'Brien,Active
DX04622,P2839,I63.9,"Cerebral infarction, unspecified",2024-02-25,Dr. A. Patel,Active
DX04623,P2839,I10,Essential Hypertension,2023-08-29,Dr. L. Torres,Resolved
DX04624,P2839,M06.9,"Rheumatoid arthritis, unspecified",2024-01-28,Dr. L. Torres,Resolved
DX04625,P2840,M54.5,Low back pain,2022-05-13,Dr. Y. Tanaka,Active
DX04626,P2840,J18.9,"Pneumonia, unspecified",2022-02-25,Dr. Y. Tanaka,Active
DX04627,P2840,I10,Essential Hypertension,2022-05-06,Dr. Y. Tanaka,Active
DX04628,P2840,N18.3,"Chronic kidney disease, stage 3",2024-01-11,Dr. C. Müller,Resolved
DX04629,P2841,E78.5,"Hyperlipidaemia, unspecified",2024-09-12,Dr. A. Patel,Active
DX04630,P2841,I63.9,"Cerebral infarction, unspecified",2022-07-20,Dr. Y. Tanaka,Resolved
DX04631,P2841,E03.9,"Hypothyroidism, unspecified",2023-09-21,Dr. J. Nkosi,Monitoring
DX04632,P2841,J45.9,"Asthma, unspecified",2022-02-02,Dr. M. O'Brien,Resolved
DX04633,P2842,G40.9,"Epilepsy, unspecified",2024-10-27,Dr. R. Singh,Monitoring
DX04634,P2842,E11.9,Type 2 Diabetes Mellitus without complications,2024-07-29,Dr. M. O'Brien,Resolved
DX04635,P2842,I25.10,Atherosclerotic heart disease,2022-04-13,Dr. M. O'Brien,Monitoring
DX04636,P2843,N18.3,"Chronic kidney disease, stage 3",2024-03-18,Dr. C. Müller,Active
DX04637,P2843,I25.10,Atherosclerotic heart disease,2024-07-12,Dr. M. O'Brien,Monitoring
DX04638,P2844,I10,Essential Hypertension,2024-05-27,Dr. L. Torres,Active
DX04639,P2844,M54.5,Low back pain,2022-01-22,Dr. Y. Tanaka,Monitoring
DX04640,P2844,F32.1,"Major depressive disorder, moderate",2024-02-12,Dr. J. Nkosi,Active
DX04641,P2845,E11.9,Type 2 Diabetes Mellitus without complications,2023-11-24,Dr. J. Nkosi,Monitoring
DX04642,P2845,G40.9,"Epilepsy, unspecified",2024-04-01,Dr. Y. Tanaka,Resolved
DX04643,P2845,C34.10,Malignant neoplasm of upper lobe bronchus,2022-10-11,Dr. R. Singh,Monitoring
DX04644,P2845,J45.9,"Asthma, unspecified",2022-09-14,Dr. J. Nkosi,Monitoring
DX04645,P2846,C34.10,Malignant neoplasm of upper lobe bronchus,2022-04-17,Dr. C. Müller,Monitoring
DX04646,P2846,E78.5,"Hyperlipidaemia, unspecified",2022-03-03,Dr. L. Torres,Monitoring
DX04647,P2846,M54.5,Low back pain,2024-12-07,Dr. C. Müller,Monitoring
DX04648,P2846,K21.0,Gastro-oesophageal reflux disease,2023-04-24,Dr. M. O'Brien,Active
DX04649,P2847,E03.9,"Hypothyroidism, unspecified",2023-04-27,Dr. L. Torres,Active
DX04650,P2847,N18.3,"Chronic kidney disease, stage 3",2023-12-12,Dr. A. Patel,Monitoring
DX04651,P2847,M06.9,"Rheumatoid arthritis, unspecified",2024-12-10,Dr. M. O'Brien,Resolved
DX04652,P2848,K21.0,Gastro-oesophageal reflux disease,2022-06-21,Dr. R. Singh,Monitoring
DX04653,P2848,F32.1,"Major depressive disorder, moderate",2024-07-09,Dr. C. Müller,Resolved
DX04654,P2849,N18.3,"Chronic kidney disease, stage 3",2023-01-28,Dr. R. Singh,Resolved
DX04655,P2850,I10,Essential Hypertension,2024-08-06,Dr. Y. Tanaka,Monitoring
DX04656,P2850,C34.10,Malignant neoplasm of upper lobe bronchus,2023-11-26,Dr. R. Singh,Resolved
DX04657,P2850,M54.5,Low back pain,2022-11-22,Dr. C. Müller,Active
DX04658,P2850,E78.5,"Hyperlipidaemia, unspecified",2022-02-26,Dr. J. Nkosi,Monitoring
DX04659,P2851,J18.9,"Pneumonia, unspecified",2024-09-03,Dr. J. Nkosi,Resolved
DX04660,P2851,G40.9,"Epilepsy, unspecified",2022-09-24,Dr. Y. Tanaka,Monitoring
DX04661,P2851,M06.9,"Rheumatoid arthritis, unspecified",2023-02-27,Dr. M. O'Brien,Active
DX04662,P2852,J18.9,"Pneumonia, unspecified",2022-10-29,Dr. Y. Tanaka,Active
DX04663,P2852,I63.9,"Cerebral infarction, unspecified",2022-08-06,Dr. S. Khan,Resolved
DX04664,P2853,I63.9,"Cerebral infarction, unspecified",2022-09-05,Dr. Y. Tanaka,Active
DX04665,P2853,M54.5,Low back pain,2024-05-16,Dr. M. O'Brien,Active
DX04666,P2853,F32.1,"Major depressive disorder, moderate",2023-08-27,Dr. M. O'Brien,Monitoring
DX04667,P2854,E11.9,Type 2 Diabetes Mellitus without complications,2024-04-07,Dr. J. Nkosi,Active
DX04668,P2854,I25.10,Atherosclerotic heart disease,2024-02-07,Dr. M. O'Brien,Active
DX04669,P2854,G40.9,"Epilepsy, unspecified",2024-05-20,Dr. A. Patel,Active
DX04670,P2855,J18.9,"Pneumonia, unspecified",2023-01-05,Dr. C. Müller,Monitoring
DX04671,P2855,I10,Essential Hypertension,2022-01-29,Dr. S. Khan,Resolved
DX04672,P2856,I63.9,"Cerebral infarction, unspecified",2023-07-05,Dr. Y. Tanaka,Active
DX04673,P2856,F32.1,"Major depressive disorder, moderate",2022-05-05,Dr. C. Müller,Monitoring
DX04674,P2857,G40.9,"Epilepsy, unspecified",2022-05-27,Dr. Y. Tanaka,Resolved
DX04675,P2858,M06.9,"Rheumatoid arthritis, unspecified",2023-03-19,Dr. S. Khan,Resolved
DX04676,P2859,M54.5,Low back pain,2022-03-22,Dr. R. Singh,Monitoring
DX04677,P2859,E03.9,"Hypothyroidism, unspecified",2022-01-23,Dr. A. Patel,Resolved
DX04678,P2860,J45.9,"Asthma, unspecified",2024-04-26,Dr. Y. Tanaka,Active
DX04679,P2860,J18.9,"Pneumonia, unspecified",2023-06-04,Dr. L. Torres,Resolved
DX04680,P2861,G40.9,"Epilepsy, unspecified",2024-06-21,Dr. M. O'Brien,Monitoring
DX04681,P2861,E11.9,Type 2 Diabetes Mellitus without complications,2023-07-25,Dr. Y. Tanaka,Resolved
DX04682,P2862,M06.9,"Rheumatoid arthritis, unspecified",2022-01-11,Dr. J. Nkosi,Monitoring
DX04683,P2862,E78.5,"Hyperlipidaemia, unspecified",2022-03-08,Dr. C. Müller,Resolved
DX04684,P2863,I10,Essential Hypertension,2023-10-28,Dr. S. Khan,Monitoring
DX04685,P2863,J18.9,"Pneumonia, unspecified",2023-03-25,Dr. J. Nkosi,Active
DX04686,P2863,N18.3,"Chronic kidney disease, stage 3",2024-08-04,Dr. M. O'Brien,Resolved
DX04687,P2864,E78.5,"Hyperlipidaemia, unspecified",2022-06-28,Dr. M. O'Brien,Monitoring
DX04688,P2864,G40.9,"Epilepsy, unspecified",2022-08-30,Dr. C. Müller,Active
DX04689,P2865,I63.9,"Cerebral infarction, unspecified",2024-05-29,Dr. A. Patel,Active
DX04690,P2865,I10,Essential Hypertension,2024-05-31,Dr. C. Müller,Resolved
DX04691,P2865,I25.10,Atherosclerotic heart disease,2024-03-20,Dr. R. Singh,Active
DX04692,P2866,G40.9,"Epilepsy, unspecified",2023-09-15,Dr. R. Singh,Active
DX04693,P2866,J18.9,"Pneumonia, unspecified",2024-09-28,Dr. L. Torres,Monitoring
DX04694,P2866,E78.5,"Hyperlipidaemia, unspecified",2024-02-05,Dr. A. Patel,Resolved
DX04695,P2866,I63.9,"Cerebral infarction, unspecified",2022-01-02,Dr. C. Müller,Resolved
DX04696,P2867,F32.1,"Major depressive disorder, moderate",2024-10-11,Dr. R. Singh,Resolved
DX04697,P2868,J18.9,"Pneumonia, unspecified",2022-04-02,Dr. A. Patel,Monitoring
DX04698,P2869,K21.0,Gastro-oesophageal reflux disease,2022-12-18,Dr. A. Patel,Active
DX04699,P2870,E03.9,"Hypothyroidism, unspecified",2024-01-31,Dr. L. Torres,Active
DX04700,P2870,E11.9,Type 2 Diabetes Mellitus without complications,2022-03-08,Dr. L. Torres,Resolved
DX04701,P2871,K21.0,Gastro-oesophageal reflux disease,2023-04-07,Dr. M. O'Brien,Active
DX04702,P2872,J45.9,"Asthma, unspecified",2022-12-21,Dr. A. Patel,Active
DX04703,P2872,M06.9,"Rheumatoid arthritis, unspecified",2023-05-17,Dr. R. Singh,Active
DX04704,P2872,G40.9,"Epilepsy, unspecified",2022-03-25,Dr. M. O'Brien,Resolved
DX04705,P2873,N18.3,"Chronic kidney disease, stage 3",2022-08-21,Dr. J. Nkosi,Resolved
DX04706,P2873,G40.9,"Epilepsy, unspecified",2023-08-04,Dr. R. Singh,Monitoring
DX04707,P2873,I10,Essential Hypertension,2022-03-10,Dr. J. Nkosi,Resolved
DX04708,P2874,C34.10,Malignant neoplasm of upper lobe bronchus,2023-02-01,Dr. J. Nkosi,Active
DX04709,P2874,E03.9,"Hypothyroidism, unspecified",2022-11-29,Dr. L. Torres,Active
DX04710,P2874,J45.9,"Asthma, unspecified",2024-03-18,Dr. M. O'Brien,Monitoring
DX04711,P2875,J18.9,"Pneumonia, unspecified",2022-02-24,Dr. R. Singh,Monitoring
DX04712,P2875,I10,Essential Hypertension,2023-04-18,Dr. S. Khan,Active
DX04713,P2875,E03.9,"Hypothyroidism, unspecified",2023-07-06,Dr. L. Torres,Active
DX04714,P2875,E78.5,"Hyperlipidaemia, unspecified",2022-11-28,Dr. A. Patel,Resolved
DX04715,P2876,E03.9,"Hypothyroidism, unspecified",2023-10-04,Dr. M. O'Brien,Active
DX04716,P2876,K21.0,Gastro-oesophageal reflux disease,2022-08-30,Dr. M. O'Brien,Active
DX04717,P2876,F32.1,"Major depressive disorder, moderate",2024-10-13,Dr. C. Müller,Active
DX04718,P2877,M54.5,Low back pain,2024-07-30,Dr. L. Torres,Monitoring
DX04719,P2878,I25.10,Atherosclerotic heart disease,2022-01-31,Dr. C. Müller,Active
DX04720,P2878,J18.9,"Pneumonia, unspecified",2023-07-04,Dr. S. Khan,Monitoring
DX04721,P2878,E11.9,Type 2 Diabetes Mellitus without complications,2023-02-21,Dr. Y. Tanaka,Resolved
DX04722,P2879,K21.0,Gastro-oesophageal reflux disease,2022-09-29,Dr. M. O'Brien,Resolved
DX04723,P2880,E11.9,Type 2 Diabetes Mellitus without complications,2024-09-13,Dr. R. Singh,Active
DX04724,P2880,C34.10,Malignant neoplasm of upper lobe bronchus,2024-03-31,Dr. M. O'Brien,Resolved
DX04725,P2880,J45.9,"Asthma, unspecified",2023-07-16,Dr. Y. Tanaka,Resolved
DX04726,P2880,M06.9,"Rheumatoid arthritis, unspecified",2022-11-06,Dr. C. Müller,Resolved
DX04727,P2881,E11.9,Type 2 Diabetes Mellitus without complications,2024-05-21,Dr. S. Khan,Resolved
DX04728,P2881,J18.9,"Pneumonia, unspecified",2023-04-14,Dr. A. Patel,Active
DX04729,P2881,C34.10,Malignant neoplasm of upper lobe bronchus,2022-11-21,Dr. L. Torres,Resolved
DX04730,P2881,I10,Essential Hypertension,2022-10-09,Dr. L. Torres,Active
DX04731,P2882,J18.9,"Pneumonia, unspecified",2022-08-05,Dr. S. Khan,Resolved
DX04732,P2882,C34.10,Malignant neoplasm of upper lobe bronchus,2023-04-17,Dr. R. Singh,Resolved
DX04733,P2883,N18.3,"Chronic kidney disease, stage 3",2022-07-12,Dr. L. Torres,Active
DX04734,P2884,E11.9,Type 2 Diabetes Mellitus without complications,2022-08-04,Dr. L. Torres,Active
DX04735,P2884,K21.0,Gastro-oesophageal reflux disease,2022-04-12,Dr. Y. Tanaka,Resolved
DX04736,P2885,I63.9,"Cerebral infarction, unspecified",2022-09-17,Dr. R. Singh,Monitoring
DX04737,P2885,J18.9,"Pneumonia, unspecified",2023-05-30,Dr. M. O'Brien,Active
DX04738,P2885,I25.10,Atherosclerotic heart disease,2022-07-11,Dr. J. Nkosi,Monitoring
DX04739,P2885,M54.5,Low back pain,2023-06-05,Dr. R. Singh,Monitoring
DX04740,P2886,K21.0,Gastro-oesophageal reflux disease,2023-01-05,Dr. A. Patel,Resolved
DX04741,P2887,M54.5,Low back pain,2024-02-22,Dr. J. Nkosi,Active
DX04742,P2887,I10,Essential Hypertension,2023-04-26,Dr. M. O'Brien,Monitoring
DX04743,P2887,F32.1,"Major depressive disorder, moderate",2024-05-30,Dr. R. Singh,Active
DX04744,P2887,M06.9,"Rheumatoid arthritis, unspecified",2024-01-04,Dr. A. Patel,Active
DX04745,P2888,M54.5,Low back pain,2023-08-17,Dr. C. Müller,Resolved
DX04746,P2888,C34.10,Malignant neoplasm of upper lobe bronchus,2022-04-28,Dr. R. Singh,Monitoring
DX04747,P2888,E78.5,"Hyperlipidaemia, unspecified",2024-10-28,Dr. R. Singh,Monitoring
DX04748,P2889,G40.9,"Epilepsy, unspecified",2022-12-18,Dr. R. Singh,Monitoring
DX04749,P2889,C34.10,Malignant neoplasm of upper lobe bronchus,2024-06-14,Dr. Y. Tanaka,Active
DX04750,P2890,E03.9,"Hypothyroidism, unspecified",2024-11-06,Dr. L. Torres,Resolved
DX04751,P2890,J18.9,"Pneumonia, unspecified",2024-09-14,Dr. M. O'Brien,Monitoring
DX04752,P2890,I10,Essential Hypertension,2022-12-11,Dr. R. Singh,Resolved
DX04753,P2890,C34.10,Malignant neoplasm of upper lobe bronchus,2023-03-20,Dr. R. Singh,Monitoring
DX04754,P2891,E11.9,Type 2 Diabetes Mellitus without complications,2024-03-13,Dr. M. O'Brien,Monitoring
DX04755,P2891,E03.9,"Hypothyroidism, unspecified",2022-11-22,Dr. M. O'Brien,Active
DX04756,P2891,K21.0,Gastro-oesophageal reflux disease,2023-12-19,Dr. A. Patel,Active
DX04757,P2892,N18.3,"Chronic kidney disease, stage 3",2024-04-10,Dr. M. O'Brien,Resolved
DX04758,P2892,C34.10,Malignant neoplasm of upper lobe bronchus,2024-07-04,Dr. M. O'Brien,Monitoring
DX04759,P2893,J45.9,"Asthma, unspecified",2023-01-05,Dr. A. Patel,Active
DX04760,P2893,K21.0,Gastro-oesophageal reflux disease,2022-12-14,Dr. M. O'Brien,Active
DX04761,P2893,E03.9,"Hypothyroidism, unspecified",2023-07-15,Dr. S. Khan,Resolved
DX04762,P2893,I25.10,Atherosclerotic heart disease,2022-12-25,Dr. A. Patel,Active
DX04763,P2894,F32.1,"Major depressive disorder, moderate",2022-03-23,Dr. M. O'Brien,Resolved
DX04764,P2894,J18.9,"Pneumonia, unspecified",2024-03-27,Dr. A. Patel,Resolved
DX04765,P2894,C34.10,Malignant neoplasm of upper lobe bronchus,2023-12-03,Dr. A. Patel,Monitoring
DX04766,P2894,M54.5,Low back pain,2024-01-10,Dr. C. Müller,Active
DX04767,P2895,E11.9,Type 2 Diabetes Mellitus without complications,2023-08-07,Dr. A. Patel,Active
DX04768,P2895,M54.5,Low back pain,2023-04-20,Dr. S. Khan,Active
DX04769,P2896,K21.0,Gastro-oesophageal reflux disease,2023-03-26,Dr. J. Nkosi,Resolved
DX04770,P2897,E78.5,"Hyperlipidaemia, unspecified",2022-12-30,Dr. M. O'Brien,Active
DX04771,P2897,K21.0,Gastro-oesophageal reflux disease,2023-09-03,Dr. Y. Tanaka,Active
DX04772,P2898,K21.0,Gastro-oesophageal reflux disease,2023-04-01,Dr. C. Müller,Active
DX04773,P2899,F32.1,"Major depressive disorder, moderate",2022-02-13,Dr. M. O'Brien,Resolved
DX04774,P2900,I63.9,"Cerebral infarction, unspecified",2023-07-30,Dr. C. Müller,Active
DX04775,P2900,I10,Essential Hypertension,2024-05-06,Dr. A. Patel,Resolved
DX04776,P2900,N18.3,"Chronic kidney disease, stage 3",2024-06-11,Dr. M. O'Brien,Resolved
DX04777,P2900,F32.1,"Major depressive disorder, moderate",2023-07-31,Dr. J. Nkosi,Monitoring
DX04778,P2901,I10,Essential Hypertension,2023-10-29,Dr. J. Nkosi,Resolved
DX04779,P2901,M06.9,"Rheumatoid arthritis, unspecified",2022-12-22,Dr. J. Nkosi,Resolved
DX04780,P2901,K21.0,Gastro-oesophageal reflux disease,2024-05-17,Dr. S. Khan,Resolved
DX04781,P2902,I63.9,"Cerebral infarction, unspecified",2022-08-16,Dr. J. Nkosi,Active
DX04782,P2902,J18.9,"Pneumonia, unspecified",2024-04-20,Dr. S. Khan,Active
DX04783,P2902,J45.9,"Asthma, unspecified",2023-06-15,Dr. L. Torres,Monitoring
DX04784,P2902,M06.9,"Rheumatoid arthritis, unspecified",2022-07-10,Dr. C. Müller,Resolved
DX04785,P2903,J45.9,"Asthma, unspecified",2022-07-23,Dr. C. Müller,Resolved
DX04786,P2903,C34.10,Malignant neoplasm of upper lobe bronchus,2023-07-20,Dr. L. Torres,Active
DX04787,P2904,M54.5,Low back pain,2024-08-08,Dr. Y. Tanaka,Monitoring
DX04788,P2904,J18.9,"Pneumonia, unspecified",2024-03-06,Dr. R. Singh,Resolved
DX04789,P2905,M06.9,"Rheumatoid arthritis, unspecified",2023-03-03,Dr. L. Torres,Monitoring
DX04790,P2905,E03.9,"Hypothyroidism, unspecified",2023-08-22,Dr. M. O'Brien,Monitoring
DX04791,P2905,I10,Essential Hypertension,2022-04-03,Dr. L. Torres,Resolved
DX04792,P2905,F32.1,"Major depressive disorder, moderate",2022-05-23,Dr. Y. Tanaka,Resolved
DX04793,P2906,E11.9,Type 2 Diabetes Mellitus without complications,2024-06-22,Dr. A. Patel,Active
DX04794,P2906,E78.5,"Hyperlipidaemia, unspecified",2024-10-09,Dr. J. Nkosi,Active
DX04795,P2906,G40.9,"Epilepsy, unspecified",2023-09-06,Dr. M. O'Brien,Active
DX04796,P2907,I25.10,Atherosclerotic heart disease,2023-03-25,Dr. Y. Tanaka,Resolved
DX04797,P2907,E78.5,"Hyperlipidaemia, unspecified",2023-07-01,Dr. L. Torres,Active
DX04798,P2908,J18.9,"Pneumonia, unspecified",2024-05-27,Dr. R. Singh,Active
DX04799,P2908,J45.9,"Asthma, unspecified",2024-10-23,Dr. C. Müller,Monitoring
DX04800,P2908,I25.10,Atherosclerotic heart disease,2023-06-08,Dr. Y. Tanaka,Monitoring
DX04801,P2908,N18.3,"Chronic kidney disease, stage 3",2022-01-23,Dr. M. O'Brien,Resolved
DX04802,P2909,E03.9,"Hypothyroidism, unspecified",2023-04-07,Dr. C. Müller,Active
DX04803,P2909,E78.5,"Hyperlipidaemia, unspecified",2024-05-06,Dr. A. Patel,Resolved
DX04804,P2909,N18.3,"Chronic kidney disease, stage 3",2024-08-15,Dr. M. O'Brien,Active
DX04805,P2910,C34.10,Malignant neoplasm of upper lobe bronchus,2022-01-25,Dr. A. Patel,Monitoring
DX04806,P2910,M06.9,"Rheumatoid arthritis, unspecified",2023-11-26,Dr. J. Nkosi,Monitoring
DX04807,P2910,I25.10,Atherosclerotic heart disease,2023-11-22,Dr. R. Singh,Resolved
DX04808,P2910,E11.9,Type 2 Diabetes Mellitus without complications,2023-07-03,Dr. M. O'Brien,Active
DX04809,P2911,C34.10,Malignant neoplasm of upper lobe bronchus,2022-02-02,Dr. A. Patel,Monitoring
DX04810,P2911,I25.10,Atherosclerotic heart disease,2023-03-28,Dr. Y. Tanaka,Monitoring
DX04811,P2911,J45.9,"Asthma, unspecified",2022-06-09,Dr. L. Torres,Monitoring
DX04812,P2911,N18.3,"Chronic kidney disease, stage 3",2024-05-25,Dr. A. Patel,Resolved
DX04813,P2912,G40.9,"Epilepsy, unspecified",2022-07-12,Dr. L. Torres,Active
DX04814,P2912,I63.9,"Cerebral infarction, unspecified",2024-07-22,Dr. L. Torres,Resolved
DX04815,P2912,M06.9,"Rheumatoid arthritis, unspecified",2023-03-11,Dr. Y. Tanaka,Active
DX04816,P2912,F32.1,"Major depressive disorder, moderate",2024-03-22,Dr. C. Müller,Active
DX04817,P2913,G40.9,"Epilepsy, unspecified",2023-06-10,Dr. C. Müller,Resolved
DX04818,P2913,I63.9,"Cerebral infarction, unspecified",2022-09-27,Dr. C. Müller,Active
DX04819,P2913,N18.3,"Chronic kidney disease, stage 3",2024-04-07,Dr. S. Khan,Resolved
DX04820,P2913,F32.1,"Major depressive disorder, moderate",2023-09-01,Dr. S. Khan,Monitoring
DX04821,P2914,G40.9,"Epilepsy, unspecified",2022-03-10,Dr. A. Patel,Active
DX04822,P2914,E78.5,"Hyperlipidaemia, unspecified",2024-07-16,Dr. Y. Tanaka,Monitoring
DX04823,P2914,C34.10,Malignant neoplasm of upper lobe bronchus,2022-12-08,Dr. S. Khan,Active
DX04824,P2915,N18.3,"Chronic kidney disease, stage 3",2024-07-19,Dr. C. Müller,Active
DX04825,P2915,I10,Essential Hypertension,2023-08-18,Dr. J. Nkosi,Resolved
DX04826,P2915,C34.10,Malignant neoplasm of upper lobe bronchus,2024-04-23,Dr. C. Müller,Active
DX04827,P2916,M06.9,"Rheumatoid arthritis, unspecified",2023-05-23,Dr. Y. Tanaka,Resolved
DX04828,P2916,I10,Essential Hypertension,2024-05-20,Dr. J. Nkosi,Active
DX04829,P2916,J45.9,"Asthma, unspecified",2022-02-25,Dr. C. Müller,Resolved
DX04830,P2917,I63.9,"Cerebral infarction, unspecified",2024-08-22,Dr. S. Khan,Monitoring
DX04831,P2917,J45.9,"Asthma, unspecified",2022-10-05,Dr. M. O'Brien,Monitoring
DX04832,P2917,I10,Essential Hypertension,2023-01-11,Dr. C. Müller,Resolved
DX04833,P2917,F32.1,"Major depressive disorder, moderate",2024-08-31,Dr. L. Torres,Active
DX04834,P2918,E03.9,"Hypothyroidism, unspecified",2024-11-14,Dr. Y. Tanaka,Monitoring
DX04835,P2919,N18.3,"Chronic kidney disease, stage 3",2022-04-06,Dr. C. Müller,Resolved
DX04836,P2919,J45.9,"Asthma, unspecified",2023-02-25,Dr. C. Müller,Active
DX04837,P2919,E78.5,"Hyperlipidaemia, unspecified",2023-09-16,Dr. M. O'Brien,Monitoring
DX04838,P2919,M06.9,"Rheumatoid arthritis, unspecified",2024-11-20,Dr. Y. Tanaka,Resolved
DX04839,P2920,C34.10,Malignant neoplasm of upper lobe bronchus,2023-10-07,Dr. R. Singh,Active
DX04840,P2921,K21.0,Gastro-oesophageal reflux disease,2022-08-30,Dr. Y. Tanaka,Active
DX04841,P2921,J18.9,"Pneumonia, unspecified",2023-06-22,Dr. C. Müller,Monitoring
DX04842,P2921,G40.9,"Epilepsy, unspecified",2022-06-09,Dr. C. Müller,Monitoring
DX04843,P2922,I10,Essential Hypertension,2023-01-18,Dr. A. Patel,Active
DX04844,P2922,F32.1,"Major depressive disorder, moderate",2024-04-03,Dr. M. O'Brien,Monitoring
DX04845,P2922,G40.9,"Epilepsy, unspecified",2022-01-31,Dr. Y. Tanaka,Active
DX04846,P2922,J45.9,"Asthma, unspecified",2022-12-30,Dr. S. Khan,Monitoring
DX04847,P2923,M54.5,Low back pain,2022-11-12,Dr. C. Müller,Monitoring
DX04848,P2923,E11.9,Type 2 Diabetes Mellitus without complications,2023-10-24,Dr. J. Nkosi,Active
DX04849,P2924,E11.9,Type 2 Diabetes Mellitus without complications,2024-12-29,Dr. C. Müller,Resolved
DX04850,P2924,M54.5,Low back pain,2023-06-22,Dr. M. O'Brien,Resolved
DX04851,P2924,C34.10,Malignant neoplasm of upper lobe bronchus,2023-08-21,Dr. M. O'Brien,Active
DX04852,P2924,I10,Essential Hypertension,2023-02-27,Dr. J. Nkosi,Active
DX04853,P2925,N18.3,"Chronic kidney disease, stage 3",2022-02-09,Dr. S. Khan,Resolved
DX04854,P2925,I25.10,Atherosclerotic heart disease,2024-01-05,Dr. C. Müller,Resolved
DX04855,P2926,F32.1,"Major depressive disorder, moderate",2023-01-03,Dr. S. Khan,Monitoring
DX04856,P2927,G40.9,"Epilepsy, unspecified",2023-01-24,Dr. A. Patel,Resolved
DX04857,P2927,E78.5,"Hyperlipidaemia, unspecified",2023-06-14,Dr. M. O'Brien,Resolved
DX04858,P2927,M54.5,Low back pain,2023-04-21,Dr. L. Torres,Monitoring
DX04859,P2928,E03.9,"Hypothyroidism, unspecified",2022-10-28,Dr. S. Khan,Resolved
DX04860,P2928,I10,Essential Hypertension,2022-08-17,Dr. C. Müller,Resolved
DX04861,P2929,F32.1,"Major depressive disorder, moderate",2024-02-11,Dr. L. Torres,Monitoring
DX04862,P2930,I63.9,"Cerebral infarction, unspecified",2023-12-05,Dr. A. Patel,Active
DX04863,P2930,E11.9,Type 2 Diabetes Mellitus without complications,2024-02-17,Dr. L. Torres,Monitoring
DX04864,P2931,M06.9,"Rheumatoid arthritis, unspecified",2024-11-12,Dr. S. Khan,Resolved
DX04865,P2931,G40.9,"Epilepsy, unspecified",2022-01-04,Dr. J. Nkosi,Resolved
DX04866,P2932,E11.9,Type 2 Diabetes Mellitus without complications,2024-09-01,Dr. A. Patel,Monitoring
DX04867,P2933,F32.1,"Major depressive disorder, moderate",2023-09-04,Dr. A. Patel,Resolved
DX04868,P2933,I63.9,"Cerebral infarction, unspecified",2022-04-09,Dr. J. Nkosi,Active
DX04869,P2934,E78.5,"Hyperlipidaemia, unspecified",2022-05-15,Dr. Y. Tanaka,Active
DX04870,P2935,J18.9,"Pneumonia, unspecified",2024-04-29,Dr. M. O'Brien,Monitoring
DX04871,P2935,E78.5,"Hyperlipidaemia, unspecified",2023-08-30,Dr. L. Torres,Monitoring
DX04872,P2935,M06.9,"Rheumatoid arthritis, unspecified",2023-10-31,Dr. A. Patel,Monitoring
DX04873,P2935,K21.0,Gastro-oesophageal reflux disease,2022-02-09,Dr. Y. Tanaka,Active
DX04874,P2936,K21.0,Gastro-oesophageal reflux disease,2024-08-14,Dr. L. Torres,Active
DX04875,P2936,J18.9,"Pneumonia, unspecified",2022-06-04,Dr. C. Müller,Monitoring
DX04876,P2936,I63.9,"Cerebral infarction, unspecified",2022-01-05,Dr. C. Müller,Monitoring
DX04877,P2937,C34.10,Malignant neoplasm of upper lobe bronchus,2024-02-28,Dr. S. Khan,Active
DX04878,P2938,F32.1,"Major depressive disorder, moderate",2022-03-09,Dr. M. O'Brien,Active
DX04879,P2938,M06.9,"Rheumatoid arthritis, unspecified",2023-05-07,Dr. S. Khan,Resolved
DX04880,P2938,J18.9,"Pneumonia, unspecified",2022-04-27,Dr. M. O'Brien,Resolved
DX04881,P2938,I10,Essential Hypertension,2023-02-03,Dr. L. Torres,Resolved
DX04882,P2939,J45.9,"Asthma, unspecified",2024-02-21,Dr. M. O'Brien,Monitoring
DX04883,P2939,N18.3,"Chronic kidney disease, stage 3",2023-06-03,Dr. R. Singh,Monitoring
DX04884,P2939,E03.9,"Hypothyroidism, unspecified",2024-09-19,Dr. A. Patel,Active
DX04885,P2940,I10,Essential Hypertension,2023-08-28,Dr. M. O'Brien,Resolved
DX04886,P2940,C34.10,Malignant neoplasm of upper lobe bronchus,2022-11-29,Dr. R. Singh,Active
DX04887,P2941,K21.0,Gastro-oesophageal reflux disease,2022-11-16,Dr. J. Nkosi,Resolved
DX04888,P2941,I10,Essential Hypertension,2024-01-16,Dr. J. Nkosi,Active
DX04889,P2941,M06.9,"Rheumatoid arthritis, unspecified",2023-01-10,Dr. L. Torres,Monitoring
DX04890,P2941,E11.9,Type 2 Diabetes Mellitus without complications,2024-07-13,Dr. C. Müller,Monitoring
DX04891,P2942,J45.9,"Asthma, unspecified",2024-02-11,Dr. Y. Tanaka,Active
DX04892,P2943,M06.9,"Rheumatoid arthritis, unspecified",2023-08-25,Dr. J. Nkosi,Resolved
DX04893,P2943,E03.9,"Hypothyroidism, unspecified",2023-10-14,Dr. M. O'Brien,Monitoring
DX04894,P2944,I10,Essential Hypertension,2023-04-01,Dr. C. Müller,Resolved
DX04895,P2944,N18.3,"Chronic kidney disease, stage 3",2024-10-23,Dr. S. Khan,Monitoring
DX04896,P2944,G40.9,"Epilepsy, unspecified",2024-12-27,Dr. Y. Tanaka,Resolved
DX04897,P2945,I63.9,"Cerebral infarction, unspecified",2024-03-30,Dr. L. Torres,Monitoring
DX04898,P2945,I10,Essential Hypertension,2022-10-28,Dr. S. Khan,Resolved
DX04899,P2945,J45.9,"Asthma, unspecified",2024-07-14,Dr. Y. Tanaka,Active
DX04900,P2946,I25.10,Atherosclerotic heart disease,2024-04-21,Dr. M. O'Brien,Active
DX04901,P2946,C34.10,Malignant neoplasm of upper lobe bronchus,2022-09-18,Dr. J. Nkosi,Resolved
DX04902,P2946,F32.1,"Major depressive disorder, moderate",2022-03-20,Dr. C. Müller,Resolved
DX04903,P2947,K21.0,Gastro-oesophageal reflux disease,2024-04-15,Dr. L. Torres,Monitoring
DX04904,P2947,E03.9,"Hypothyroidism, unspecified",2022-05-31,Dr. M. O'Brien,Resolved
DX04905,P2947,M06.9,"Rheumatoid arthritis, unspecified",2023-09-28,Dr. Y. Tanaka,Monitoring
DX04906,P2947,E78.5,"Hyperlipidaemia, unspecified",2022-12-23,Dr. M. O'Brien,Monitoring
DX04907,P2948,I25.10,Atherosclerotic heart disease,2023-01-16,Dr. C. Müller,Active
DX04908,P2949,F32.1,"Major depressive disorder, moderate",2022-09-21,Dr. A. Patel,Resolved
DX04909,P2949,K21.0,Gastro-oesophageal reflux disease,2024-05-03,Dr. C. Müller,Active
DX04910,P2950,M06.9,"Rheumatoid arthritis, unspecified",2022-12-29,Dr. J. Nkosi,Resolved
DX04911,P2950,K21.0,Gastro-oesophageal reflux disease,2024-02-12,Dr. M. O'Brien,Monitoring
DX04912,P2950,G40.9,"Epilepsy, unspecified",2023-05-23,Dr. J. Nkosi,Resolved
DX04913,P2950,F32.1,"Major depressive disorder, moderate",2024-09-04,Dr. C. Müller,Monitoring
DX04914,P2951,C34.10,Malignant neoplasm of upper lobe bronchus,2023-01-19,Dr. R. Singh,Resolved
DX04915,P2951,M54.5,Low back pain,2022-01-26,Dr. L. Torres,Active
DX04916,P2951,G40.9,"Epilepsy, unspecified",2023-05-21,Dr. L. Torres,Monitoring
DX04917,P2951,K21.0,Gastro-oesophageal reflux disease,2022-12-20,Dr. A. Patel,Monitoring
DX04918,P2952,M06.9,"Rheumatoid arthritis, unspecified",2022-07-15,Dr. R. Singh,Active
DX04919,P2952,K21.0,Gastro-oesophageal reflux disease,2024-12-17,Dr. J. Nkosi,Monitoring
DX04920,P2952,J45.9,"Asthma, unspecified",2022-06-23,Dr. M. O'Brien,Active
DX04921,P2953,I10,Essential Hypertension,2023-08-17,Dr. L. Torres,Active
DX04922,P2953,M06.9,"Rheumatoid arthritis, unspecified",2024-08-13,Dr. C. Müller,Active
DX04923,P2953,G40.9,"Epilepsy, unspecified",2022-05-18,Dr. L. Torres,Monitoring
DX04924,P2953,E11.9,Type 2 Diabetes Mellitus without complications,2023-04-10,Dr. A. Patel,Resolved
DX04925,P2954,J45.9,"Asthma, unspecified",2023-09-08,Dr. S. Khan,Active
DX04926,P2955,E78.5,"Hyperlipidaemia, unspecified",2024-10-12,Dr. R. Singh,Active
DX04927,P2955,E03.9,"Hypothyroidism, unspecified",2024-08-20,Dr. M. O'Brien,Active
DX04928,P2956,I63.9,"Cerebral infarction, unspecified",2023-09-01,Dr. M. O'Brien,Monitoring
DX04929,P2956,N18.3,"Chronic kidney disease, stage 3",2022-10-05,Dr. L. Torres,Active
DX04930,P2956,M06.9,"Rheumatoid arthritis, unspecified",2023-11-06,Dr. M. O'Brien,Active
DX04931,P2956,F32.1,"Major depressive disorder, moderate",2024-11-28,Dr. M. O'Brien,Active
DX04932,P2957,G40.9,"Epilepsy, unspecified",2024-09-19,Dr. C. Müller,Resolved
DX04933,P2957,J45.9,"Asthma, unspecified",2022-07-29,Dr. L. Torres,Monitoring
DX04934,P2957,I10,Essential Hypertension,2024-03-31,Dr. M. O'Brien,Monitoring
DX04935,P2958,I63.9,"Cerebral infarction, unspecified",2024-01-28,Dr. C. Müller,Monitoring
DX04936,P2959,M06.9,"Rheumatoid arthritis, unspecified",2022-06-24,Dr. Y. Tanaka,Monitoring
DX04937,P2959,I10,Essential Hypertension,2024-01-17,Dr. J. Nkosi,Monitoring
DX04938,P2960,M54.5,Low back pain,2024-04-16,Dr. C. Müller,Active
DX04939,P2961,K21.0,Gastro-oesophageal reflux disease,2023-08-18,Dr. A. Patel,Resolved
DX04940,P2961,N18.3,"Chronic kidney disease, stage 3",2023-05-23,Dr. L. Torres,Resolved
DX04941,P2961,M54.5,Low back pain,2023-06-12,Dr. S. Khan,Monitoring
DX04942,P2961,J18.9,"Pneumonia, unspecified",2022-12-01,Dr. R. Singh,Active
DX04943,P2962,I63.9,"Cerebral infarction, unspecified",2023-02-02,Dr. Y. Tanaka,Monitoring
DX04944,P2963,G40.9,"Epilepsy, unspecified",2022-01-27,Dr. A. Patel,Resolved
DX04945,P2963,F32.1,"Major depressive disorder, moderate",2024-09-30,Dr. Y. Tanaka,Active
DX04946,P2963,E11.9,Type 2 Diabetes Mellitus without complications,2022-12-14,Dr. S. Khan,Resolved
DX04947,P2964,I10,Essential Hypertension,2022-06-26,Dr. M. O'Brien,Active
DX04948,P2964,J45.9,"Asthma, unspecified",2022-10-28,Dr. R. Singh,Monitoring
DX04949,P2964,F32.1,"Major depressive disorder, moderate",2022-05-26,Dr. J. Nkosi,Monitoring
DX04950,P2965,J45.9,"Asthma, unspecified",2023-01-24,Dr. L. Torres,Monitoring
DX04951,P2965,M06.9,"Rheumatoid arthritis, unspecified",2023-01-12,Dr. L. Torres,Resolved
DX04952,P2965,M54.5,Low back pain,2023-07-18,Dr. Y. Tanaka,Resolved
DX04953,P2965,I10,Essential Hypertension,2022-01-01,Dr. L. Torres,Resolved
DX04954,P2966,I10,Essential Hypertension,2024-05-01,Dr. M. O'Brien,Active
DX04955,P2966,M54.5,Low back pain,2023-10-08,Dr. S. Khan,Active
DX04956,P2966,C34.10,Malignant neoplasm of upper lobe bronchus,2024-08-21,Dr. C. Müller,Resolved
DX04957,P2966,E78.5,"Hyperlipidaemia, unspecified",2022-06-06,Dr. S. Khan,Resolved
DX04958,P2967,M06.9,"Rheumatoid arthritis, unspecified",2024-01-02,Dr. S. Khan,Resolved
DX04959,P2968,I63.9,"Cerebral infarction, unspecified",2023-12-12,Dr. S. Khan,Resolved
DX04960,P2968,J18.9,"Pneumonia, unspecified",2023-12-22,Dr. C. Müller,Active
DX04961,P2969,I10,Essential Hypertension,2023-12-27,Dr. A. Patel,Resolved
DX04962,P2969,K21.0,Gastro-oesophageal reflux disease,2023-12-11,Dr. S. Khan,Monitoring
DX04963,P2969,E11.9,Type 2 Diabetes Mellitus without complications,2022-07-15,Dr. R. Singh,Resolved
DX04964,P2970,I25.10,Atherosclerotic heart disease,2024-03-14,Dr. R. Singh,Active
DX04965,P2970,C34.10,Malignant neoplasm of upper lobe bronchus,2022-08-28,Dr. C. Müller,Active
DX04966,P2970,E03.9,"Hypothyroidism, unspecified",2024-10-04,Dr. Y. Tanaka,Active
DX04967,P2971,I25.10,Atherosclerotic heart disease,2022-01-24,Dr. J. Nkosi,Active
DX04968,P2972,N18.3,"Chronic kidney disease, stage 3",2023-07-20,Dr. A. Patel,Active
DX04969,P2972,I25.10,Atherosclerotic heart disease,2022-11-03,Dr. M. O'Brien,Active
DX04970,P2972,E11.9,Type 2 Diabetes Mellitus without complications,2022-02-19,Dr. J. Nkosi,Monitoring
DX04971,P2973,F32.1,"Major depressive disorder, moderate",2022-03-23,Dr. J. Nkosi,Monitoring
DX04972,P2973,E03.9,"Hypothyroidism, unspecified",2024-02-01,Dr. C. Müller,Monitoring
DX04973,P2973,J18.9,"Pneumonia, unspecified",2023-07-25,Dr. A. Patel,Monitoring
DX04974,P2973,C34.10,Malignant neoplasm of upper lobe bronchus,2024-06-29,Dr. A. Patel,Active
DX04975,P2974,N18.3,"Chronic kidney disease, stage 3",2023-11-24,Dr. S. Khan,Resolved
DX04976,P2974,J18.9,"Pneumonia, unspecified",2023-08-02,Dr. C. Müller,Monitoring
DX04977,P2974,K21.0,Gastro-oesophageal reflux disease,2023-02-28,Dr. J. Nkosi,Monitoring
DX04978,P2974,C34.10,Malignant neoplasm of upper lobe bronchus,2023-04-30,Dr. R. Singh,Monitoring
DX04979,P2975,J18.9,"Pneumonia, unspecified",2024-08-17,Dr. L. Torres,Resolved
DX04980,P2975,J45.9,"Asthma, unspecified",2022-02-12,Dr. A. Patel,Resolved
DX04981,P2975,I10,Essential Hypertension,2024-09-25,Dr. A. Patel,Monitoring
DX04982,P2975,G40.9,"Epilepsy, unspecified",2024-09-16,Dr. A. Patel,Monitoring
DX04983,P2976,I10,Essential Hypertension,2022-08-29,Dr. S. Khan,Monitoring
DX04984,P2976,I63.9,"Cerebral infarction, unspecified",2023-08-01,Dr. J. Nkosi,Active
DX04985,P2977,J45.9,"Asthma, unspecified",2022-10-25,Dr. C. Müller,Resolved
DX04986,P2978,E11.9,Type 2 Diabetes Mellitus without complications,2023-11-18,Dr. L. Torres,Monitoring
DX04987,P2979,E78.5,"Hyperlipidaemia, unspecified",2022-11-30,Dr. C. Müller,Active
DX04988,P2979,I10,Essential Hypertension,2023-01-17,Dr. S. Khan,Active
DX04989,P2979,N18.3,"Chronic kidney disease, stage 3",2024-04-05,Dr. A. Patel,Resolved
DX04990,P2980,E03.9,"Hypothyroidism, unspecified",2022-10-28,Dr. A. Patel,Resolved
DX04991,P2980,I63.9,"Cerebral infarction, unspecified",2023-04-08,Dr. Y. Tanaka,Monitoring
DX04992,P2980,G40.9,"Epilepsy, unspecified",2022-01-15,Dr. Y. Tanaka,Resolved
DX04993,P2980,J18.9,"Pneumonia, unspecified",2023-07-13,Dr. R. Singh,Monitoring
DX04994,P2981,I25.10,Atherosclerotic heart disease,2022-04-27,Dr. M. O'Brien,Monitoring
DX04995,P2981,M54.5,Low back pain,2023-02-07,Dr. S. Khan,Resolved
DX04996,P2981,C34.10,Malignant neoplasm of upper lobe bronchus,2022-05-11,Dr. L. Torres,Resolved
DX04997,P2982,G40.9,"Epilepsy, unspecified",2023-11-26,Dr. J. Nkosi,Monitoring
DX04998,P2983,F32.1,"Major depressive disorder, moderate",2024-03-04,Dr. C. Müller,Active
DX04999,P2983,E03.9,"Hypothyroidism, unspecified",2024-04-14,Dr. M. O'Brien,Active
DX05000,P2983,M54.5,Low back pain,2023-11-01,Dr. C. Müller,Active
DX05001,P2984,J45.9,"Asthma, unspecified",2024-02-27,Dr. S. Khan,Monitoring
DX05002,P2984,I10,Essential Hypertension,2024-12-30,Dr. L. Torres,Active
DX05003,P2984,J18.9,"Pneumonia, unspecified",2022-09-23,Dr. R. Singh,Resolved
DX05004,P2985,I10,Essential Hypertension,2024-04-01,Dr. A. Patel,Resolved
DX05005,P2985,J45.9,"Asthma, unspecified",2022-04-17,Dr. C. Müller,Active
DX05006,P2985,F32.1,"Major depressive disorder, moderate",2022-03-27,Dr. C. Müller,Resolved
DX05007,P2985,E78.5,"Hyperlipidaemia, unspecified",2023-05-04,Dr. C. Müller,Active
DX05008,P2986,I10,Essential Hypertension,2024-12-23,Dr. S. Khan,Monitoring
DX05009,P2986,J18.9,"Pneumonia, unspecified",2024-05-28,Dr. L. Torres,Active
DX05010,P2986,C34.10,Malignant neoplasm of upper lobe bronchus,2022-09-05,Dr. A. Patel,Active
DX05011,P2987,K21.0,Gastro-oesophageal reflux disease,2022-08-31,Dr. M. O'Brien,Active
DX05012,P2988,I63.9,"Cerebral infarction, unspecified",2022-10-21,Dr. R. Singh,Active
DX05013,P2988,I10,Essential Hypertension,2022-02-17,Dr. L. Torres,Resolved
DX05014,P2989,C34.10,Malignant neoplasm of upper lobe bronchus,2024-07-31,Dr. R. Singh,Monitoring
DX05015,P2989,J45.9,"Asthma, unspecified",2024-08-15,Dr. R. Singh,Active
DX05016,P2990,K21.0,Gastro-oesophageal reflux disease,2023-01-18,Dr. C. Müller,Active
DX05017,P2991,K21.0,Gastro-oesophageal reflux disease,2024-12-28,Dr. C. Müller,Active
DX05018,P2992,G40.9,"Epilepsy, unspecified",2023-12-16,Dr. Y. Tanaka,Resolved
DX05019,P2992,M54.5,Low back pain,2023-10-21,Dr. L. Torres,Resolved
DX05020,P2993,I10,Essential Hypertension,2023-08-09,Dr. L. Torres,Monitoring
DX05021,P2993,N18.3,"Chronic kidney disease, stage 3",2023-08-08,Dr. R. Singh,Active
DX05022,P2994,E11.9,Type 2 Diabetes Mellitus without complications,2022-02-03,Dr. S. Khan,Monitoring
DX05023,P2995,N18.3,"Chronic kidney disease, stage 3",2023-03-09,Dr. L. Torres,Resolved
DX05024,P2995,I63.9,"Cerebral infarction, unspecified",2023-11-08,Dr. C. Müller,Resolved
DX05025,P2995,M06.9,"Rheumatoid arthritis, unspecified",2022-11-18,Dr. M. O'Brien,Monitoring
DX05026,P2995,E78.5,"Hyperlipidaemia, unspecified",2024-01-30,Dr. M. O'Brien,Active
DX05027,P2996,K21.0,Gastro-oesophageal reflux disease,2024-04-14,Dr. C. Müller,Active
DX05028,P2996,M54.5,Low back pain,2023-04-26,Dr. C. Müller,Active
DX05029,P2996,I10,Essential Hypertension,2024-05-10,Dr. M. O'Brien,Resolved
DX05030,P2996,N18.3,"Chronic kidney disease, stage 3",2024-05-16,Dr. A. Patel,Resolved
DX05031,P2997,I25.10,Atherosclerotic heart disease,2024-07-08,Dr. M. O'Brien,Resolved
DX05032,P2998,I10,Essential Hypertension,2022-05-09,Dr. R. Singh,Monitoring
DX05033,P2998,J18.9,"Pneumonia, unspecified",2024-01-18,Dr. A. Patel,Active
DX05034,P2998,J45.9,"Asthma, unspecified",2024-02-06,Dr. J. Nkosi,Monitoring
DX05035,P2998,N18.3,"Chronic kidney disease, stage 3",2022-01-09,Dr. S. Khan,Resolved
DX05036,P2999,I63.9,"Cerebral infarction, unspecified",2022-07-04,Dr. C. Müller,Resolved
DX05037,P2999,C34.10,Malignant neoplasm of upper lobe bronchus,2022-07-12,Dr. R. Singh,Resolved
DX05038,P3000,N18.3,"Chronic kidney disease, stage 3",2024-12-14,Dr. Y. Tanaka,Monitoring
