lab_id,patient_id,test_name,result,unit,normal_range,date,status
LAB000001,P1001,Serum Creatinine,132.17,umol/L,55–200,2023-09-11,Normal
LAB000002,P1001,Total Cholesterol,2.75,mmol/L,3.5–7.5,2023-05-18,Low
LAB000003,P1002,Serum Creatinine,434.5,umol/L,55–200,2023-06-26,High
LAB000004,P1002,HDL Cholesterol,3.06,mmol/L,0.9–2.5,2024-01-19,High
LAB000005,P1002,Haemoglobin,8.99,g/dL,9.0–16.5,2023-10-18,Low
LAB000006,P1002,Platelet Count,570.8,x10^9/L,120–450,2024-08-15,High
LAB000007,P1002,INR,4.88,ratio,0.8–4.5,2023-10-16,High
LAB000008,P1002,HbA1c,150.08,mmol/mol,28–75,2022-09-10,High
LAB000009,P1003,CRP,159.5,mg/L,0.1–120,2024-06-09,High
LAB000010,P1003,Serum Sodium,158.58,mmol/L,132–148,2023-09-08,High
LAB000011,P1003,Fasting Glucose,17.26,mmol/L,3.5–10.0,2024-04-08,High
LAB000012,P1003,Serum Potassium,4.9,mmol/L,3.2–5.5,2024-05-29,Normal
LAB000013,P1003,White Cell Count,10.57,x10^9/L,3.5–14.0,2022-09-10,Normal
LAB000014,P1003,Platelet Count,465.3,x10^9/L,120–450,2023-02-03,High
LAB000015,P1004,Serum Sodium,145.09,mmol/L,132–148,2024-07-31,Normal
LAB000016,P1004,Platelet Count,346.99,x10^9/L,120–450,2022-01-15,Normal
LAB000017,P1004,Haemoglobin,11.24,g/dL,9.0–16.5,2024-08-17,Normal
LAB000018,P1004,HDL Cholesterol,0.67,mmol/L,0.9–2.5,2023-01-16,Low
LAB000019,P1005,Serum Sodium,153.9,mmol/L,132–148,2022-07-01,High
LAB000020,P1005,CRP,162.66,mg/L,0.1–120,2023-05-16,High
LAB000021,P1005,Haemoglobin,17.98,g/dL,9.0–16.5,2022-07-25,High
LAB000022,P1006,Total Cholesterol,6.89,mmol/L,3.5–7.5,2023-03-21,Normal
LAB000023,P1006,CRP,56.98,mg/L,0.1–120,2022-10-22,Normal
LAB000024,P1006,HbA1c,144.24,mmol/mol,28–75,2024-09-08,High
LAB000025,P1006,Platelet Count,209.53,x10^9/L,120–450,2022-09-30,Normal
LAB000026,P1006,Serum Creatinine,149.89,umol/L,55–200,2024-04-09,Normal
LAB000027,P1006,eGFR,41.14,mL/min,15–120,2022-03-23,Normal
LAB000028,P1007,INR,2.92,ratio,0.8–4.5,2022-12-02,Normal
LAB000029,P1007,White Cell Count,24.65,x10^9/L,3.5–14.0,2024-07-31,High
LAB000030,P1007,Total Cholesterol,5.76,mmol/L,3.5–7.5,2023-01-18,Normal
LAB000031,P1008,Total Cholesterol,8.22,mmol/L,3.5–7.5,2022-11-23,High
LAB000032,P1008,Haemoglobin,9.13,g/dL,9.0–16.5,2024-12-31,Normal
LAB000033,P1008,INR,7.01,ratio,0.8–4.5,2022-10-16,High
LAB000034,P1008,LDL Cholesterol,0.85,mmol/L,1.5–5.0,2023-05-04,Low
LAB000035,P1009,HbA1c,65.25,mmol/mol,28–75,2022-01-01,Normal
LAB000036,P1009,Platelet Count,98.94,x10^9/L,120–450,2023-01-22,Low
LAB000037,P1009,Fasting Glucose,6.1,mmol/L,3.5–10.0,2022-12-25,Normal
LAB000038,P1010,HDL Cholesterol,2.81,mmol/L,0.9–2.5,2024-12-11,High
LAB000039,P1010,CRP,44.89,mg/L,0.1–120,2022-01-19,Normal
LAB000040,P1010,Total Cholesterol,10.0,mmol/L,3.5–7.5,2024-09-16,High
LAB000041,P1010,LDL Cholesterol,2.99,mmol/L,1.5–5.0,2023-10-20,Normal
LAB000042,P1010,INR,6.97,ratio,0.8–4.5,2023-11-04,High
LAB000043,P1010,Haemoglobin,17.8,g/dL,9.0–16.5,2023-12-02,High
LAB000044,P1011,CRP,274.46,mg/L,0.1–120,2024-06-25,High
LAB000045,P1011,eGFR,45.45,mL/min,15–120,2022-05-23,Normal
LAB000046,P1011,HbA1c,56.31,mmol/mol,28–75,2023-03-29,Normal
LAB000047,P1012,HbA1c,148.99,mmol/mol,28–75,2024-03-16,High
LAB000048,P1012,CRP,236.6,mg/L,0.1–120,2023-05-19,High
LAB000049,P1013,Serum Potassium,5.87,mmol/L,3.2–5.5,2024-06-04,High
LAB000050,P1013,Total Cholesterol,11.93,mmol/L,3.5–7.5,2022-11-05,High
LAB000051,P1013,INR,7.35,ratio,0.8–4.5,2024-10-06,High
LAB000052,P1014,Haemoglobin,11.8,g/dL,9.0–16.5,2024-11-02,Normal
LAB000053,P1014,CRP,209.98,mg/L,0.1–120,2022-03-11,High
LAB000054,P1014,LDL Cholesterol,7.66,mmol/L,1.5–5.0,2024-04-02,High
LAB000055,P1014,TSH,27.86,mU/L,0.3–5.5,2024-09-06,High
LAB000056,P1014,Fasting Glucose,2.51,mmol/L,3.5–10.0,2024-06-26,Low
LAB000057,P1015,LDL Cholesterol,3.21,mmol/L,1.5–5.0,2023-05-03,Normal
LAB000058,P1015,White Cell Count,11.98,x10^9/L,3.5–14.0,2022-03-12,Normal
LAB000059,P1016,Platelet Count,427.57,x10^9/L,120–450,2023-09-16,Normal
LAB000060,P1016,Serum Creatinine,107.11,umol/L,55–200,2023-08-13,Normal
LAB000061,P1016,Total Cholesterol,2.85,mmol/L,3.5–7.5,2022-03-18,Low
LAB000062,P1016,CRP,192.13,mg/L,0.1–120,2023-09-02,High
LAB000063,P1017,Total Cholesterol,4.7,mmol/L,3.5–7.5,2024-06-08,Normal
LAB000064,P1017,Haemoglobin,12.63,g/dL,9.0–16.5,2024-01-22,Normal
LAB000065,P1018,Total Cholesterol,7.69,mmol/L,3.5–7.5,2022-01-05,High
LAB000066,P1018,eGFR,110.23,mL/min,15–120,2024-05-30,Normal
LAB000067,P1018,Haemoglobin,17.63,g/dL,9.0–16.5,2022-01-29,High
LAB000068,P1018,INR,6.82,ratio,0.8–4.5,2023-05-17,High
LAB000069,P1018,CRP,212.01,mg/L,0.1–120,2023-01-26,High
LAB000070,P1018,Serum Creatinine,488.76,umol/L,55–200,2024-01-01,High
LAB000071,P1019,CRP,84.89,mg/L,0.1–120,2024-07-06,Normal
LAB000072,P1019,TSH,8.03,mU/L,0.3–5.5,2024-09-21,High
LAB000073,P1019,HDL Cholesterol,2.76,mmol/L,0.9–2.5,2023-03-04,High
LAB000074,P1019,eGFR,18.06,mL/min,15–120,2023-03-22,Normal
LAB000075,P1019,Fasting Glucose,19.66,mmol/L,3.5–10.0,2024-09-19,High
LAB000076,P1020,INR,2.43,ratio,0.8–4.5,2024-11-02,Normal
LAB000077,P1020,White Cell Count,13.39,x10^9/L,3.5–14.0,2023-10-08,Normal
LAB000078,P1020,Serum Sodium,152.55,mmol/L,132–148,2022-01-30,High
LAB000079,P1020,HDL Cholesterol,3.53,mmol/L,0.9–2.5,2023-03-02,High
LAB000080,P1020,Platelet Count,157.19,x10^9/L,120–450,2024-05-03,Normal
LAB000081,P1020,Fasting Glucose,15.95,mmol/L,3.5–10.0,2024-06-12,High
LAB000082,P1021,LDL Cholesterol,2.17,mmol/L,1.5–5.0,2023-06-11,Normal
LAB000083,P1021,Total Cholesterol,10.93,mmol/L,3.5–7.5,2022-07-27,High
LAB000084,P1021,INR,1.48,ratio,0.8–4.5,2022-11-18,Normal
LAB000085,P1021,Serum Sodium,148.74,mmol/L,132–148,2024-12-28,High
LAB000086,P1022,Serum Potassium,6.55,mmol/L,3.2–5.5,2023-11-06,High
LAB000087,P1022,INR,5.12,ratio,0.8–4.5,2023-11-27,High
LAB000088,P1023,HDL Cholesterol,2.95,mmol/L,0.9–2.5,2023-01-09,High
LAB000089,P1023,HbA1c,143.31,mmol/mol,28–75,2024-06-13,High
LAB000090,P1023,INR,6.06,ratio,0.8–4.5,2022-12-01,High
LAB000091,P1024,CRP,291.65,mg/L,0.1–120,2023-09-15,High
LAB000092,P1024,LDL Cholesterol,7.54,mmol/L,1.5–5.0,2023-09-07,High
LAB000093,P1024,Platelet Count,179.47,x10^9/L,120–450,2022-11-27,Normal
LAB000094,P1025,eGFR,68.0,mL/min,15–120,2024-10-03,Normal
LAB000095,P1025,Serum Sodium,122.57,mmol/L,132–148,2024-11-17,Low
LAB000096,P1025,Haemoglobin,16.84,g/dL,9.0–16.5,2024-12-13,High
LAB000097,P1025,INR,1.56,ratio,0.8–4.5,2022-09-21,Normal
LAB000098,P1026,Haemoglobin,13.64,g/dL,9.0–16.5,2024-09-16,Normal
LAB000099,P1026,White Cell Count,2.68,x10^9/L,3.5–14.0,2023-08-18,Low
LAB000100,P1026,Serum Potassium,2.34,mmol/L,3.2–5.5,2024-12-05,Low
LAB000101,P1027,eGFR,14.63,mL/min,15–120,2023-02-14,Low
LAB000102,P1027,Serum Sodium,147.92,mmol/L,132–148,2023-06-08,Normal
LAB000103,P1028,Serum Potassium,5.0,mmol/L,3.2–5.5,2023-07-10,Normal
LAB000104,P1028,Serum Creatinine,253.11,umol/L,55–200,2023-10-27,High
LAB000105,P1028,eGFR,69.41,mL/min,15–120,2024-06-27,Normal
LAB000106,P1028,HDL Cholesterol,2.68,mmol/L,0.9–2.5,2024-03-03,High
LAB000107,P1028,Haemoglobin,8.7,g/dL,9.0–16.5,2023-05-10,Low
LAB000108,P1028,Platelet Count,778.3,x10^9/L,120–450,2024-06-29,High
LAB000109,P1029,LDL Cholesterol,1.39,mmol/L,1.5–5.0,2022-05-02,Low
LAB000110,P1029,eGFR,76.74,mL/min,15–120,2022-10-16,Normal
LAB000111,P1029,TSH,12.52,mU/L,0.3–5.5,2024-02-26,High
LAB000112,P1030,Total Cholesterol,5.56,mmol/L,3.5–7.5,2023-10-15,Normal
LAB000113,P1030,HbA1c,151.84,mmol/mol,28–75,2024-11-03,High
LAB000114,P1030,Fasting Glucose,9.31,mmol/L,3.5–10.0,2023-07-23,Normal
LAB000115,P1030,eGFR,46.32,mL/min,15–120,2024-12-06,Normal
LAB000116,P1030,Serum Creatinine,569.8,umol/L,55–200,2023-10-23,High
LAB000117,P1031,TSH,10.57,mU/L,0.3–5.5,2022-12-19,High
LAB000118,P1031,CRP,76.5,mg/L,0.1–120,2024-06-01,Normal
LAB000119,P1031,Serum Creatinine,186.52,umol/L,55–200,2022-01-15,Normal
LAB000120,P1031,Haemoglobin,6.73,g/dL,9.0–16.5,2024-12-08,Low
LAB000121,P1032,Serum Creatinine,517.83,umol/L,55–200,2023-08-20,High
LAB000122,P1032,White Cell Count,20.82,x10^9/L,3.5–14.0,2024-01-02,High
LAB000123,P1032,TSH,2.15,mU/L,0.3–5.5,2024-02-23,Normal
LAB000124,P1032,eGFR,49.11,mL/min,15–120,2023-10-28,Normal
LAB000125,P1032,INR,1.3,ratio,0.8–4.5,2022-12-25,Normal
LAB000126,P1033,INR,6.27,ratio,0.8–4.5,2024-08-25,High
LAB000127,P1033,HDL Cholesterol,3.77,mmol/L,0.9–2.5,2022-01-11,High
LAB000128,P1033,CRP,43.2,mg/L,0.1–120,2023-02-18,Normal
LAB000129,P1033,Fasting Glucose,5.63,mmol/L,3.5–10.0,2024-04-12,Normal
LAB000130,P1034,eGFR,113.41,mL/min,15–120,2022-05-11,Normal
LAB000131,P1034,HbA1c,101.47,mmol/mol,28–75,2023-05-18,High
LAB000132,P1034,White Cell Count,12.84,x10^9/L,3.5–14.0,2022-04-04,Normal
LAB000133,P1034,LDL Cholesterol,7.11,mmol/L,1.5–5.0,2023-09-03,High
LAB000134,P1034,Serum Creatinine,491.64,umol/L,55–200,2023-07-03,High
LAB000135,P1034,Haemoglobin,8.15,g/dL,9.0–16.5,2023-03-11,Low
LAB000136,P1035,Serum Potassium,5.66,mmol/L,3.2–5.5,2024-12-31,High
LAB000137,P1035,eGFR,32.92,mL/min,15–120,2023-07-24,Normal
LAB000138,P1035,HbA1c,154.41,mmol/mol,28–75,2023-03-12,High
LAB000139,P1035,Total Cholesterol,4.69,mmol/L,3.5–7.5,2022-01-25,Normal
LAB000140,P1035,TSH,17.52,mU/L,0.3–5.5,2024-06-06,High
LAB000141,P1035,Serum Creatinine,393.64,umol/L,55–200,2024-09-01,High
LAB000142,P1036,Haemoglobin,10.71,g/dL,9.0–16.5,2022-11-10,Normal
LAB000143,P1036,INR,4.66,ratio,0.8–4.5,2022-08-13,High
LAB000144,P1036,Platelet Count,207.31,x10^9/L,120–450,2024-03-08,Normal
LAB000145,P1036,CRP,182.86,mg/L,0.1–120,2024-12-14,High
LAB000146,P1036,Total Cholesterol,2.13,mmol/L,3.5–7.5,2023-10-13,Low
LAB000147,P1036,HDL Cholesterol,3.7,mmol/L,0.9–2.5,2024-08-08,High
LAB000148,P1037,Serum Creatinine,245.26,umol/L,55–200,2024-10-04,High
LAB000149,P1037,TSH,8.98,mU/L,0.3–5.5,2024-11-09,High
LAB000150,P1037,INR,7.8,ratio,0.8–4.5,2022-01-30,High
LAB000151,P1038,Serum Creatinine,173.19,umol/L,55–200,2022-02-08,Normal
LAB000152,P1038,Haemoglobin,18.44,g/dL,9.0–16.5,2022-04-03,High
LAB000153,P1038,Serum Potassium,2.7,mmol/L,3.2–5.5,2024-06-04,Low
LAB000154,P1038,TSH,0.04,mU/L,0.3–5.5,2023-05-29,Low
LAB000155,P1038,LDL Cholesterol,2.53,mmol/L,1.5–5.0,2022-04-01,Normal
LAB000156,P1038,Platelet Count,651.07,x10^9/L,120–450,2022-07-04,High
LAB000157,P1039,CRP,99.7,mg/L,0.1–120,2023-07-29,Normal
LAB000158,P1039,White Cell Count,18.71,x10^9/L,3.5–14.0,2022-02-05,High
LAB000159,P1039,Platelet Count,401.48,x10^9/L,120–450,2023-10-02,Normal
LAB000160,P1039,Total Cholesterol,3.54,mmol/L,3.5–7.5,2023-04-11,Normal
LAB000161,P1040,Platelet Count,380.01,x10^9/L,120–450,2024-07-30,Normal
LAB000162,P1040,Serum Sodium,138.85,mmol/L,132–148,2024-12-26,Normal
LAB000163,P1041,Haemoglobin,15.19,g/dL,9.0–16.5,2022-05-17,Normal
LAB000164,P1041,Serum Creatinine,322.69,umol/L,55–200,2024-05-21,High
LAB000165,P1041,Platelet Count,603.36,x10^9/L,120–450,2024-12-06,High
LAB000166,P1041,INR,5.91,ratio,0.8–4.5,2023-02-17,High
LAB000167,P1041,Fasting Glucose,2.07,mmol/L,3.5–10.0,2024-12-05,Low
LAB000168,P1042,INR,6.4,ratio,0.8–4.5,2024-11-30,High
LAB000169,P1042,Platelet Count,705.34,x10^9/L,120–450,2024-11-19,High
LAB000170,P1042,Serum Creatinine,489.41,umol/L,55–200,2023-07-21,High
LAB000171,P1043,Platelet Count,169.38,x10^9/L,120–450,2023-03-27,Normal
LAB000172,P1043,eGFR,26.04,mL/min,15–120,2024-05-29,Normal
LAB000173,P1044,Serum Sodium,134.42,mmol/L,132–148,2024-02-11,Normal
LAB000174,P1044,Serum Potassium,5.58,mmol/L,3.2–5.5,2023-07-28,High
LAB000175,P1045,Haemoglobin,10.1,g/dL,9.0–16.5,2024-11-23,Normal
LAB000176,P1045,eGFR,31.22,mL/min,15–120,2024-06-27,Normal
LAB000177,P1045,CRP,57.82,mg/L,0.1–120,2022-01-06,Normal
LAB000178,P1046,eGFR,125.83,mL/min,15–120,2022-06-27,High
LAB000179,P1046,Total Cholesterol,5.72,mmol/L,3.5–7.5,2024-12-20,Normal
LAB000180,P1046,Platelet Count,742.49,x10^9/L,120–450,2022-07-04,High
LAB000181,P1046,LDL Cholesterol,4.02,mmol/L,1.5–5.0,2024-10-22,Normal
LAB000182,P1046,Serum Potassium,2.75,mmol/L,3.2–5.5,2022-10-28,Low
LAB000183,P1047,INR,3.61,ratio,0.8–4.5,2022-02-17,Normal
LAB000184,P1047,Serum Creatinine,562.13,umol/L,55–200,2022-11-09,High
LAB000185,P1047,CRP,70.75,mg/L,0.1–120,2024-07-31,Normal
LAB000186,P1047,Platelet Count,593.7,x10^9/L,120–450,2023-03-27,High
LAB000187,P1047,HDL Cholesterol,2.79,mmol/L,0.9–2.5,2022-09-01,High
LAB000188,P1048,Platelet Count,712.93,x10^9/L,120–450,2023-04-12,High
LAB000189,P1048,White Cell Count,14.67,x10^9/L,3.5–14.0,2022-04-26,High
LAB000190,P1048,CRP,10.87,mg/L,0.1–120,2024-05-27,Normal
LAB000191,P1048,HbA1c,76.94,mmol/mol,28–75,2023-07-13,High
LAB000192,P1048,Total Cholesterol,10.73,mmol/L,3.5–7.5,2024-07-06,High
LAB000193,P1049,Serum Potassium,3.4,mmol/L,3.2–5.5,2024-08-12,Normal
LAB000194,P1049,White Cell Count,29.55,x10^9/L,3.5–14.0,2023-10-24,High
LAB000195,P1050,Fasting Glucose,9.57,mmol/L,3.5–10.0,2023-10-05,Normal
LAB000196,P1050,Serum Potassium,3.57,mmol/L,3.2–5.5,2024-12-10,Normal
LAB000197,P1050,TSH,2.33,mU/L,0.3–5.5,2022-03-23,Normal
LAB000198,P1050,Haemoglobin,17.8,g/dL,9.0–16.5,2023-03-07,High
LAB000199,P1051,White Cell Count,10.29,x10^9/L,3.5–14.0,2022-04-29,Normal
LAB000200,P1051,Fasting Glucose,12.04,mmol/L,3.5–10.0,2023-09-12,High
LAB000201,P1051,Serum Creatinine,240.67,umol/L,55–200,2024-03-10,High
LAB000202,P1051,Platelet Count,175.74,x10^9/L,120–450,2023-03-07,Normal
LAB000203,P1051,INR,4.29,ratio,0.8–4.5,2024-11-14,Normal
LAB000204,P1052,eGFR,124.94,mL/min,15–120,2024-09-07,High
LAB000205,P1052,LDL Cholesterol,3.49,mmol/L,1.5–5.0,2022-11-06,Normal
LAB000206,P1052,White Cell Count,7.9,x10^9/L,3.5–14.0,2024-03-28,Normal
LAB000207,P1052,HbA1c,142.63,mmol/mol,28–75,2023-01-05,High
LAB000208,P1052,Total Cholesterol,3.15,mmol/L,3.5–7.5,2022-02-27,Low
LAB000209,P1053,Serum Sodium,123.99,mmol/L,132–148,2024-12-07,Low
LAB000210,P1053,Fasting Glucose,13.58,mmol/L,3.5–10.0,2022-07-21,High
LAB000211,P1053,White Cell Count,15.81,x10^9/L,3.5–14.0,2022-10-02,High
LAB000212,P1053,TSH,24.47,mU/L,0.3–5.5,2022-02-24,High
LAB000213,P1054,HbA1c,26.6,mmol/mol,28–75,2022-08-31,Low
LAB000214,P1054,eGFR,10.88,mL/min,15–120,2022-09-28,Low
LAB000215,P1054,INR,2.15,ratio,0.8–4.5,2022-10-28,Normal
LAB000216,P1054,Serum Sodium,143.58,mmol/L,132–148,2022-10-22,Normal
LAB000217,P1054,Platelet Count,340.72,x10^9/L,120–450,2023-04-19,Normal
LAB000218,P1055,HDL Cholesterol,2.82,mmol/L,0.9–2.5,2024-06-13,High
LAB000219,P1055,Serum Sodium,146.45,mmol/L,132–148,2024-07-19,Normal
LAB000220,P1055,White Cell Count,27.72,x10^9/L,3.5–14.0,2023-05-12,High
LAB000221,P1056,HbA1c,102.84,mmol/mol,28–75,2024-04-27,High
LAB000222,P1056,eGFR,112.78,mL/min,15–120,2023-04-07,Normal
LAB000223,P1056,Haemoglobin,19.95,g/dL,9.0–16.5,2023-01-27,High
LAB000224,P1056,Serum Creatinine,222.84,umol/L,55–200,2024-07-02,High
LAB000225,P1057,TSH,13.27,mU/L,0.3–5.5,2022-07-27,High
LAB000226,P1057,Haemoglobin,16.72,g/dL,9.0–16.5,2023-03-23,High
LAB000227,P1058,Serum Creatinine,223.95,umol/L,55–200,2022-03-29,High
LAB000228,P1058,CRP,204.44,mg/L,0.1–120,2023-10-14,High
LAB000229,P1059,Serum Potassium,2.47,mmol/L,3.2–5.5,2024-09-06,Low
LAB000230,P1059,HbA1c,131.22,mmol/mol,28–75,2023-04-01,High
LAB000231,P1059,Serum Creatinine,324.45,umol/L,55–200,2023-07-28,High
LAB000232,P1059,Total Cholesterol,4.63,mmol/L,3.5–7.5,2023-09-30,Normal
LAB000233,P1059,CRP,110.36,mg/L,0.1–120,2024-11-08,Normal
LAB000234,P1060,LDL Cholesterol,7.16,mmol/L,1.5–5.0,2022-04-16,High
LAB000235,P1060,Fasting Glucose,13.73,mmol/L,3.5–10.0,2022-07-29,High
LAB000236,P1060,INR,6.14,ratio,0.8–4.5,2023-04-10,High
LAB000237,P1060,HDL Cholesterol,3.92,mmol/L,0.9–2.5,2023-10-23,High
LAB000238,P1060,TSH,25.53,mU/L,0.3–5.5,2023-02-11,High
LAB000239,P1060,Serum Sodium,136.02,mmol/L,132–148,2024-06-28,Normal
LAB000240,P1061,Serum Creatinine,457.53,umol/L,55–200,2024-12-29,High
LAB000241,P1061,Serum Potassium,5.01,mmol/L,3.2–5.5,2022-03-18,Normal
LAB000242,P1062,Serum Potassium,2.27,mmol/L,3.2–5.5,2022-10-19,Low
LAB000243,P1062,Haemoglobin,9.25,g/dL,9.0–16.5,2023-09-12,Normal
LAB000244,P1062,INR,6.53,ratio,0.8–4.5,2023-07-01,High
LAB000245,P1062,Platelet Count,317.87,x10^9/L,120–450,2024-11-15,Normal
LAB000246,P1062,TSH,8.76,mU/L,0.3–5.5,2024-04-23,High
LAB000247,P1062,White Cell Count,29.31,x10^9/L,3.5–14.0,2023-08-24,High
LAB000248,P1063,CRP,296.9,mg/L,0.1–120,2024-05-16,High
LAB000249,P1063,TSH,21.77,mU/L,0.3–5.5,2024-05-25,High
LAB000250,P1064,INR,2.13,ratio,0.8–4.5,2022-10-03,Normal
LAB000251,P1064,HbA1c,130.37,mmol/mol,28–75,2024-09-09,High
LAB000252,P1064,Fasting Glucose,5.94,mmol/L,3.5–10.0,2024-10-18,Normal
LAB000253,P1064,eGFR,68.25,mL/min,15–120,2023-03-03,Normal
LAB000254,P1065,Serum Creatinine,568.59,umol/L,55–200,2024-01-20,High
LAB000255,P1065,Platelet Count,389.75,x10^9/L,120–450,2022-11-25,Normal
LAB000256,P1066,CRP,70.13,mg/L,0.1–120,2024-11-08,Normal
LAB000257,P1066,Serum Sodium,135.74,mmol/L,132–148,2023-03-03,Normal
LAB000258,P1066,Serum Potassium,5.55,mmol/L,3.2–5.5,2022-10-07,High
LAB000259,P1066,Total Cholesterol,7.65,mmol/L,3.5–7.5,2022-07-01,High
LAB000260,P1066,TSH,9.95,mU/L,0.3–5.5,2024-01-25,High
LAB000261,P1066,Haemoglobin,18.9,g/dL,9.0–16.5,2023-09-16,High
LAB000262,P1067,INR,1.81,ratio,0.8–4.5,2022-07-05,Normal
LAB000263,P1067,LDL Cholesterol,3.32,mmol/L,1.5–5.0,2024-02-03,Normal
LAB000264,P1067,CRP,20.78,mg/L,0.1–120,2023-12-12,Normal
LAB000265,P1068,White Cell Count,24.12,x10^9/L,3.5–14.0,2022-02-19,High
LAB000266,P1068,LDL Cholesterol,7.6,mmol/L,1.5–5.0,2023-03-01,High
LAB000267,P1068,Platelet Count,274.92,x10^9/L,120–450,2024-02-27,Normal
LAB000268,P1068,eGFR,110.82,mL/min,15–120,2023-06-06,Normal
LAB000269,P1069,Total Cholesterol,7.72,mmol/L,3.5–7.5,2023-08-04,High
LAB000270,P1069,Serum Sodium,146.01,mmol/L,132–148,2024-09-24,Normal
LAB000271,P1069,Fasting Glucose,6.82,mmol/L,3.5–10.0,2022-08-24,Normal
LAB000272,P1069,Serum Creatinine,272.08,umol/L,55–200,2024-06-24,High
LAB000273,P1069,Serum Potassium,2.01,mmol/L,3.2–5.5,2022-01-27,Low
LAB000274,P1070,CRP,154.13,mg/L,0.1–120,2022-07-12,High
LAB000275,P1070,Total Cholesterol,6.04,mmol/L,3.5–7.5,2022-05-28,Normal
LAB000276,P1070,Fasting Glucose,13.62,mmol/L,3.5–10.0,2023-08-11,High
LAB000277,P1071,LDL Cholesterol,6.22,mmol/L,1.5–5.0,2023-07-15,High
LAB000278,P1071,TSH,20.03,mU/L,0.3–5.5,2024-03-02,High
LAB000279,P1072,Serum Sodium,130.21,mmol/L,132–148,2023-02-21,Low
LAB000280,P1072,Platelet Count,570.5,x10^9/L,120–450,2024-07-10,High
LAB000281,P1073,HbA1c,165.87,mmol/mol,28–75,2022-09-14,High
LAB000282,P1073,Serum Sodium,141.44,mmol/L,132–148,2023-08-15,Normal
LAB000283,P1073,Total Cholesterol,8.64,mmol/L,3.5–7.5,2023-05-10,High
LAB000284,P1073,Platelet Count,778.32,x10^9/L,120–450,2022-02-28,High
LAB000285,P1074,eGFR,48.49,mL/min,15–120,2022-03-02,Normal
LAB000286,P1074,INR,4.81,ratio,0.8–4.5,2024-02-27,High
LAB000287,P1074,Serum Potassium,5.54,mmol/L,3.2–5.5,2023-01-19,High
LAB000288,P1075,White Cell Count,13.05,x10^9/L,3.5–14.0,2024-07-15,Normal
LAB000289,P1075,LDL Cholesterol,3.95,mmol/L,1.5–5.0,2024-02-13,Normal
LAB000290,P1076,eGFR,129.67,mL/min,15–120,2024-03-18,High
LAB000291,P1076,CRP,274.59,mg/L,0.1–120,2023-07-24,High
LAB000292,P1076,Fasting Glucose,5.13,mmol/L,3.5–10.0,2022-03-07,Normal
LAB000293,P1076,HbA1c,44.2,mmol/mol,28–75,2022-09-20,Normal
LAB000294,P1076,Total Cholesterol,3.34,mmol/L,3.5–7.5,2023-03-27,Low
LAB000295,P1077,Platelet Count,104.28,x10^9/L,120–450,2023-03-04,Low
LAB000296,P1077,CRP,217.59,mg/L,0.1–120,2024-05-17,High
LAB000297,P1077,White Cell Count,17.06,x10^9/L,3.5–14.0,2024-05-12,High
LAB000298,P1077,HbA1c,107.88,mmol/mol,28–75,2022-02-03,High
LAB000299,P1078,Haemoglobin,12.33,g/dL,9.0–16.5,2022-05-28,Normal
LAB000300,P1078,INR,2.96,ratio,0.8–4.5,2023-09-16,Normal
LAB000301,P1079,INR,2.7,ratio,0.8–4.5,2022-12-03,Normal
LAB000302,P1079,eGFR,31.41,mL/min,15–120,2023-12-19,Normal
LAB000303,P1079,Fasting Glucose,3.13,mmol/L,3.5–10.0,2023-09-15,Low
LAB000304,P1079,HDL Cholesterol,3.48,mmol/L,0.9–2.5,2024-01-09,High
LAB000305,P1080,CRP,33.1,mg/L,0.1–120,2024-02-25,Normal
LAB000306,P1080,HDL Cholesterol,1.36,mmol/L,0.9–2.5,2022-09-20,Normal
LAB000307,P1080,Total Cholesterol,5.8,mmol/L,3.5–7.5,2022-05-17,Normal
LAB000308,P1080,eGFR,75.95,mL/min,15–120,2024-01-01,Normal
LAB000309,P1080,HbA1c,152.31,mmol/mol,28–75,2024-02-21,High
LAB000310,P1081,Serum Potassium,4.43,mmol/L,3.2–5.5,2024-06-17,Normal
LAB000311,P1081,Serum Creatinine,244.11,umol/L,55–200,2023-06-23,High
LAB000312,P1081,INR,6.59,ratio,0.8–4.5,2023-09-04,High
LAB000313,P1081,Platelet Count,505.89,x10^9/L,120–450,2022-02-23,High
LAB000314,P1081,Total Cholesterol,4.16,mmol/L,3.5–7.5,2023-10-25,Normal
LAB000315,P1081,CRP,0.84,mg/L,0.1–120,2023-01-02,Normal
LAB000316,P1082,Serum Creatinine,587.9,umol/L,55–200,2023-07-10,High
LAB000317,P1082,Fasting Glucose,16.03,mmol/L,3.5–10.0,2023-06-08,High
LAB000318,P1082,Serum Sodium,155.0,mmol/L,132–148,2024-03-28,High
LAB000319,P1082,TSH,14.44,mU/L,0.3–5.5,2023-01-05,High
LAB000320,P1083,CRP,140.7,mg/L,0.1–120,2023-05-09,High
LAB000321,P1083,White Cell Count,28.74,x10^9/L,3.5–14.0,2022-05-16,High
LAB000322,P1083,LDL Cholesterol,2.4,mmol/L,1.5–5.0,2024-01-10,Normal
LAB000323,P1083,Platelet Count,256.99,x10^9/L,120–450,2022-06-21,Normal
LAB000324,P1083,HbA1c,87.28,mmol/mol,28–75,2024-09-14,High
LAB000325,P1083,HDL Cholesterol,1.52,mmol/L,0.9–2.5,2023-02-10,Normal
LAB000326,P1084,Serum Creatinine,178.61,umol/L,55–200,2024-07-26,Normal
LAB000327,P1084,Fasting Glucose,11.47,mmol/L,3.5–10.0,2024-08-13,High
LAB000328,P1084,INR,4.92,ratio,0.8–4.5,2023-10-11,High
LAB000329,P1085,Fasting Glucose,2.15,mmol/L,3.5–10.0,2022-01-29,Low
LAB000330,P1085,Total Cholesterol,7.83,mmol/L,3.5–7.5,2023-08-08,High
LAB000331,P1085,Serum Sodium,129.75,mmol/L,132–148,2024-10-11,Low
LAB000332,P1086,eGFR,92.3,mL/min,15–120,2024-02-05,Normal
LAB000333,P1086,Fasting Glucose,11.04,mmol/L,3.5–10.0,2022-05-03,High
LAB000334,P1086,White Cell Count,3.9,x10^9/L,3.5–14.0,2024-09-10,Normal
LAB000335,P1086,LDL Cholesterol,7.74,mmol/L,1.5–5.0,2022-06-25,High
LAB000336,P1086,HbA1c,76.16,mmol/mol,28–75,2022-06-22,High
LAB000337,P1087,Fasting Glucose,9.8,mmol/L,3.5–10.0,2024-12-31,Normal
LAB000338,P1087,CRP,123.82,mg/L,0.1–120,2022-08-01,High
LAB000339,P1087,HDL Cholesterol,3.81,mmol/L,0.9–2.5,2022-01-31,High
LAB000340,P1087,LDL Cholesterol,4.14,mmol/L,1.5–5.0,2022-06-08,Normal
LAB000341,P1088,Haemoglobin,14.83,g/dL,9.0–16.5,2023-10-18,Normal
LAB000342,P1088,Fasting Glucose,9.62,mmol/L,3.5–10.0,2022-09-21,Normal
LAB000343,P1088,HbA1c,79.52,mmol/mol,28–75,2024-07-19,High
LAB000344,P1088,Platelet Count,679.21,x10^9/L,120–450,2024-04-12,High
LAB000345,P1088,Serum Potassium,5.21,mmol/L,3.2–5.5,2022-01-05,Normal
LAB000346,P1088,eGFR,22.85,mL/min,15–120,2024-05-26,Normal
LAB000347,P1089,Serum Potassium,6.71,mmol/L,3.2–5.5,2023-01-03,High
LAB000348,P1089,LDL Cholesterol,5.8,mmol/L,1.5–5.0,2023-02-06,High
LAB000349,P1089,INR,0.59,ratio,0.8–4.5,2022-03-10,Low
LAB000350,P1089,Serum Sodium,122.11,mmol/L,132–148,2023-02-04,Low
LAB000351,P1089,Fasting Glucose,2.98,mmol/L,3.5–10.0,2024-10-25,Low
LAB000352,P1089,Serum Creatinine,276.09,umol/L,55–200,2023-11-18,High
LAB000353,P1090,CRP,98.0,mg/L,0.1–120,2022-10-10,Normal
LAB000354,P1090,Serum Sodium,126.73,mmol/L,132–148,2022-07-15,Low
LAB000355,P1090,HbA1c,37.25,mmol/mol,28–75,2022-11-11,Normal
LAB000356,P1090,Serum Potassium,2.14,mmol/L,3.2–5.5,2024-04-17,Low
LAB000357,P1091,HbA1c,77.56,mmol/mol,28–75,2022-10-18,High
LAB000358,P1091,Fasting Glucose,2.34,mmol/L,3.5–10.0,2024-04-02,Low
LAB000359,P1091,Serum Creatinine,271.92,umol/L,55–200,2023-05-27,High
LAB000360,P1091,INR,2.04,ratio,0.8–4.5,2024-11-29,Normal
LAB000361,P1091,HDL Cholesterol,0.99,mmol/L,0.9–2.5,2022-10-05,Normal
LAB000362,P1092,HDL Cholesterol,3.97,mmol/L,0.9–2.5,2023-04-21,High
LAB000363,P1092,HbA1c,176.43,mmol/mol,28–75,2022-09-25,High
LAB000364,P1092,INR,1.88,ratio,0.8–4.5,2022-12-27,Normal
LAB000365,P1093,Serum Creatinine,109.71,umol/L,55–200,2022-02-26,Normal
LAB000366,P1093,eGFR,16.95,mL/min,15–120,2022-04-05,Normal
LAB000367,P1094,Fasting Glucose,5.74,mmol/L,3.5–10.0,2024-12-30,Normal
LAB000368,P1094,TSH,9.21,mU/L,0.3–5.5,2023-04-03,High
LAB000369,P1095,Fasting Glucose,5.27,mmol/L,3.5–10.0,2024-02-15,Normal
LAB000370,P1095,LDL Cholesterol,7.67,mmol/L,1.5–5.0,2022-08-28,High
LAB000371,P1095,INR,6.47,ratio,0.8–4.5,2022-11-21,High
LAB000372,P1095,Serum Potassium,3.22,mmol/L,3.2–5.5,2023-06-05,Normal
LAB000373,P1095,Total Cholesterol,5.36,mmol/L,3.5–7.5,2024-04-23,Normal
LAB000374,P1095,Serum Creatinine,417.19,umol/L,55–200,2023-11-14,High
LAB000375,P1096,LDL Cholesterol,4.25,mmol/L,1.5–5.0,2023-09-04,Normal
LAB000376,P1096,HDL Cholesterol,3.2,mmol/L,0.9–2.5,2023-09-03,High
LAB000377,P1096,Total Cholesterol,8.09,mmol/L,3.5–7.5,2024-05-26,High
LAB000378,P1097,Total Cholesterol,7.84,mmol/L,3.5–7.5,2024-05-30,High
LAB000379,P1097,HDL Cholesterol,2.0,mmol/L,0.9–2.5,2023-07-03,Normal
LAB000380,P1098,Serum Sodium,152.41,mmol/L,132–148,2024-01-01,High
LAB000381,P1098,HbA1c,64.55,mmol/mol,28–75,2024-07-18,Normal
LAB000382,P1098,CRP,191.03,mg/L,0.1–120,2024-08-27,High
LAB000383,P1099,HDL Cholesterol,2.43,mmol/L,0.9–2.5,2024-01-09,Normal
LAB000384,P1099,Serum Potassium,2.89,mmol/L,3.2–5.5,2024-08-24,Low
LAB000385,P1099,Platelet Count,672.78,x10^9/L,120–450,2023-12-31,High
LAB000386,P1100,INR,7.98,ratio,0.8–4.5,2024-04-07,High
LAB000387,P1100,TSH,11.13,mU/L,0.3–5.5,2023-11-12,High
LAB000388,P1100,Fasting Glucose,12.13,mmol/L,3.5–10.0,2022-05-16,High
LAB000389,P1100,Serum Creatinine,182.48,umol/L,55–200,2024-03-09,Normal
LAB000390,P1100,Total Cholesterol,11.6,mmol/L,3.5–7.5,2024-01-28,High
LAB000391,P1101,INR,0.95,ratio,0.8–4.5,2024-05-03,Normal
LAB000392,P1101,Serum Potassium,4.08,mmol/L,3.2–5.5,2022-08-04,Normal
LAB000393,P1101,White Cell Count,8.73,x10^9/L,3.5–14.0,2024-01-27,Normal
LAB000394,P1102,LDL Cholesterol,5.73,mmol/L,1.5–5.0,2022-11-23,High
LAB000395,P1102,eGFR,41.07,mL/min,15–120,2024-06-23,Normal
LAB000396,P1102,Platelet Count,633.09,x10^9/L,120–450,2023-07-09,High
LAB000397,P1103,eGFR,47.26,mL/min,15–120,2024-04-15,Normal
LAB000398,P1103,Serum Sodium,125.09,mmol/L,132–148,2023-11-26,Low
LAB000399,P1103,Serum Creatinine,456.32,umol/L,55–200,2022-11-12,High
LAB000400,P1103,Serum Potassium,3.45,mmol/L,3.2–5.5,2024-03-06,Normal
LAB000401,P1103,LDL Cholesterol,4.2,mmol/L,1.5–5.0,2022-11-05,Normal
LAB000402,P1104,Fasting Glucose,4.82,mmol/L,3.5–10.0,2024-07-26,Normal
LAB000403,P1104,Serum Creatinine,522.14,umol/L,55–200,2024-05-06,High
LAB000404,P1104,Haemoglobin,19.31,g/dL,9.0–16.5,2023-04-05,High
LAB000405,P1104,CRP,97.26,mg/L,0.1–120,2023-03-12,Normal
LAB000406,P1105,eGFR,98.64,mL/min,15–120,2023-05-20,Normal
LAB000407,P1105,White Cell Count,20.39,x10^9/L,3.5–14.0,2022-02-23,High
LAB000408,P1105,Serum Creatinine,265.39,umol/L,55–200,2022-07-27,High
LAB000409,P1105,INR,3.45,ratio,0.8–4.5,2022-10-29,Normal
LAB000410,P1106,Platelet Count,227.27,x10^9/L,120–450,2022-06-08,Normal
LAB000411,P1106,Haemoglobin,11.81,g/dL,9.0–16.5,2023-12-27,Normal
LAB000412,P1106,CRP,258.15,mg/L,0.1–120,2024-10-21,High
LAB000413,P1106,Serum Potassium,2.42,mmol/L,3.2–5.5,2024-03-17,Low
LAB000414,P1107,Serum Potassium,3.22,mmol/L,3.2–5.5,2024-10-15,Normal
LAB000415,P1107,LDL Cholesterol,6.55,mmol/L,1.5–5.0,2024-08-28,High
LAB000416,P1107,Serum Sodium,125.23,mmol/L,132–148,2022-05-01,Low
LAB000417,P1107,Haemoglobin,12.6,g/dL,9.0–16.5,2022-12-07,Normal
LAB000418,P1107,Fasting Glucose,15.95,mmol/L,3.5–10.0,2022-01-09,High
LAB000419,P1107,HbA1c,189.74,mmol/mol,28–75,2023-07-15,High
LAB000420,P1108,Platelet Count,722.18,x10^9/L,120–450,2024-03-02,High
LAB000421,P1108,eGFR,96.49,mL/min,15–120,2023-03-02,Normal
LAB000422,P1108,Haemoglobin,7.65,g/dL,9.0–16.5,2022-09-08,Low
LAB000423,P1108,White Cell Count,29.39,x10^9/L,3.5–14.0,2024-03-26,High
LAB000424,P1108,HbA1c,161.08,mmol/mol,28–75,2023-09-02,High
LAB000425,P1108,Serum Sodium,151.32,mmol/L,132–148,2024-06-24,High
LAB000426,P1109,Total Cholesterol,9.49,mmol/L,3.5–7.5,2022-12-03,High
LAB000427,P1109,Serum Creatinine,251.5,umol/L,55–200,2023-08-31,High
LAB000428,P1109,Serum Potassium,3.72,mmol/L,3.2–5.5,2024-04-10,Normal
LAB000429,P1109,HDL Cholesterol,1.22,mmol/L,0.9–2.5,2023-01-27,Normal
LAB000430,P1109,CRP,179.39,mg/L,0.1–120,2024-07-31,High
LAB000431,P1110,Serum Sodium,143.55,mmol/L,132–148,2023-09-08,Normal
LAB000432,P1110,Platelet Count,58.51,x10^9/L,120–450,2024-03-20,Low
LAB000433,P1110,TSH,24.62,mU/L,0.3–5.5,2023-06-22,High
LAB000434,P1111,INR,5.32,ratio,0.8–4.5,2024-02-24,High
LAB000435,P1111,Serum Potassium,5.59,mmol/L,3.2–5.5,2024-07-31,High
LAB000436,P1111,Fasting Glucose,3.59,mmol/L,3.5–10.0,2024-04-19,Normal
LAB000437,P1111,CRP,135.5,mg/L,0.1–120,2022-02-22,High
LAB000438,P1111,TSH,12.36,mU/L,0.3–5.5,2023-04-05,High
LAB000439,P1111,Total Cholesterol,4.18,mmol/L,3.5–7.5,2023-03-28,Normal
LAB000440,P1112,Fasting Glucose,8.3,mmol/L,3.5–10.0,2022-02-26,Normal
LAB000441,P1112,HbA1c,40.45,mmol/mol,28–75,2023-05-21,Normal
LAB000442,P1112,CRP,170.35,mg/L,0.1–120,2023-07-12,High
LAB000443,P1112,eGFR,96.42,mL/min,15–120,2022-03-11,Normal
LAB000444,P1112,TSH,22.84,mU/L,0.3–5.5,2022-06-16,High
LAB000445,P1112,Total Cholesterol,3.95,mmol/L,3.5–7.5,2023-04-20,Normal
LAB000446,P1113,HDL Cholesterol,1.97,mmol/L,0.9–2.5,2024-09-14,Normal
LAB000447,P1113,LDL Cholesterol,5.43,mmol/L,1.5–5.0,2023-02-25,High
LAB000448,P1113,Haemoglobin,19.4,g/dL,9.0–16.5,2023-07-15,High
LAB000449,P1113,Serum Potassium,4.67,mmol/L,3.2–5.5,2022-07-25,Normal
LAB000450,P1114,HbA1c,163.49,mmol/mol,28–75,2023-06-28,High
LAB000451,P1114,INR,1.16,ratio,0.8–4.5,2022-05-08,Normal
LAB000452,P1114,Platelet Count,766.26,x10^9/L,120–450,2024-06-08,High
LAB000453,P1114,White Cell Count,15.32,x10^9/L,3.5–14.0,2023-03-20,High
LAB000454,P1115,Fasting Glucose,18.36,mmol/L,3.5–10.0,2022-07-06,High
LAB000455,P1115,HDL Cholesterol,0.86,mmol/L,0.9–2.5,2022-01-22,Low
LAB000456,P1116,Platelet Count,547.19,x10^9/L,120–450,2022-06-20,High
LAB000457,P1116,Serum Potassium,5.86,mmol/L,3.2–5.5,2022-04-08,High
LAB000458,P1116,Serum Sodium,153.94,mmol/L,132–148,2022-11-27,High
LAB000459,P1116,CRP,268.1,mg/L,0.1–120,2022-03-21,High
LAB000460,P1117,White Cell Count,25.74,x10^9/L,3.5–14.0,2022-09-01,High
LAB000461,P1117,CRP,121.32,mg/L,0.1–120,2022-03-09,High
LAB000462,P1117,eGFR,98.5,mL/min,15–120,2022-05-29,Normal
LAB000463,P1118,Platelet Count,766.08,x10^9/L,120–450,2023-02-15,High
LAB000464,P1118,HbA1c,66.41,mmol/mol,28–75,2023-11-06,Normal
LAB000465,P1118,LDL Cholesterol,2.77,mmol/L,1.5–5.0,2023-06-19,Normal
LAB000466,P1118,HDL Cholesterol,3.61,mmol/L,0.9–2.5,2022-05-03,High
LAB000467,P1118,Total Cholesterol,4.1,mmol/L,3.5–7.5,2023-02-09,Normal
LAB000468,P1118,Fasting Glucose,3.34,mmol/L,3.5–10.0,2022-05-06,Low
LAB000469,P1119,Platelet Count,124.77,x10^9/L,120–450,2024-02-22,Normal
LAB000470,P1119,Serum Potassium,2.29,mmol/L,3.2–5.5,2023-10-26,Low
LAB000471,P1119,Fasting Glucose,16.17,mmol/L,3.5–10.0,2022-07-22,High
LAB000472,P1119,Haemoglobin,17.97,g/dL,9.0–16.5,2022-06-26,High
LAB000473,P1119,CRP,237.24,mg/L,0.1–120,2022-08-26,High
LAB000474,P1120,CRP,211.66,mg/L,0.1–120,2023-09-26,High
LAB000475,P1120,Total Cholesterol,11.26,mmol/L,3.5–7.5,2022-02-03,High
LAB000476,P1120,TSH,29.89,mU/L,0.3–5.5,2023-09-14,High
LAB000477,P1121,Serum Potassium,4.78,mmol/L,3.2–5.5,2022-06-30,Normal
LAB000478,P1121,INR,2.67,ratio,0.8–4.5,2022-09-02,Normal
LAB000479,P1121,HbA1c,43.85,mmol/mol,28–75,2024-12-28,Normal
LAB000480,P1121,Total Cholesterol,6.59,mmol/L,3.5–7.5,2023-09-05,Normal
LAB000481,P1121,White Cell Count,10.2,x10^9/L,3.5–14.0,2024-09-19,Normal
LAB000482,P1122,TSH,6.4,mU/L,0.3–5.5,2024-06-12,High
LAB000483,P1122,Platelet Count,407.33,x10^9/L,120–450,2024-11-10,Normal
LAB000484,P1123,Haemoglobin,8.63,g/dL,9.0–16.5,2022-05-27,Low
LAB000485,P1123,eGFR,34.86,mL/min,15–120,2022-06-13,Normal
LAB000486,P1123,HDL Cholesterol,0.63,mmol/L,0.9–2.5,2024-10-19,Low
LAB000487,P1123,INR,2.76,ratio,0.8–4.5,2022-08-16,Normal
LAB000488,P1124,Fasting Glucose,6.49,mmol/L,3.5–10.0,2022-11-07,Normal
LAB000489,P1124,TSH,3.58,mU/L,0.3–5.5,2023-08-05,Normal
LAB000490,P1124,Platelet Count,707.73,x10^9/L,120–450,2022-06-05,High
LAB000491,P1124,HDL Cholesterol,2.98,mmol/L,0.9–2.5,2022-06-18,High
LAB000492,P1124,Total Cholesterol,11.2,mmol/L,3.5–7.5,2023-03-23,High
LAB000493,P1125,HbA1c,98.0,mmol/mol,28–75,2023-01-15,High
LAB000494,P1125,eGFR,53.57,mL/min,15–120,2024-04-12,Normal
LAB000495,P1125,Platelet Count,460.9,x10^9/L,120–450,2023-12-07,High
LAB000496,P1125,Serum Potassium,3.69,mmol/L,3.2–5.5,2023-10-24,Normal
LAB000497,P1126,TSH,22.19,mU/L,0.3–5.5,2022-06-03,High
LAB000498,P1126,Serum Potassium,2.01,mmol/L,3.2–5.5,2024-01-15,Low
LAB000499,P1126,Haemoglobin,9.96,g/dL,9.0–16.5,2022-05-14,Normal
LAB000500,P1127,Platelet Count,256.94,x10^9/L,120–450,2024-12-12,Normal
LAB000501,P1127,White Cell Count,27.53,x10^9/L,3.5–14.0,2024-01-06,High
LAB000502,P1127,CRP,127.83,mg/L,0.1–120,2023-08-02,High
LAB000503,P1127,Serum Sodium,140.27,mmol/L,132–148,2023-03-29,Normal
LAB000504,P1127,TSH,29.44,mU/L,0.3–5.5,2022-03-04,High
LAB000505,P1128,Fasting Glucose,15.15,mmol/L,3.5–10.0,2024-06-05,High
LAB000506,P1128,Platelet Count,388.56,x10^9/L,120–450,2024-04-03,Normal
LAB000507,P1128,Serum Potassium,3.04,mmol/L,3.2–5.5,2024-01-16,Low
LAB000508,P1128,Serum Sodium,151.13,mmol/L,132–148,2023-08-30,High
LAB000509,P1129,INR,5.29,ratio,0.8–4.5,2022-06-26,High
LAB000510,P1129,Total Cholesterol,6.56,mmol/L,3.5–7.5,2024-03-09,Normal
LAB000511,P1129,Haemoglobin,11.66,g/dL,9.0–16.5,2024-01-11,Normal
LAB000512,P1130,Serum Creatinine,301.55,umol/L,55–200,2022-03-29,High
LAB000513,P1130,HbA1c,34.94,mmol/mol,28–75,2023-07-17,Normal
LAB000514,P1130,HDL Cholesterol,0.89,mmol/L,0.9–2.5,2023-04-01,Low
LAB000515,P1130,eGFR,5.64,mL/min,15–120,2024-02-14,Low
LAB000516,P1130,INR,4.32,ratio,0.8–4.5,2024-05-12,Normal
LAB000517,P1131,HDL Cholesterol,2.95,mmol/L,0.9–2.5,2024-06-30,High
LAB000518,P1131,HbA1c,160.05,mmol/mol,28–75,2022-07-30,High
LAB000519,P1131,TSH,26.31,mU/L,0.3–5.5,2022-01-08,High
LAB000520,P1132,eGFR,38.99,mL/min,15–120,2022-07-25,Normal
LAB000521,P1132,White Cell Count,15.09,x10^9/L,3.5–14.0,2022-10-16,High
LAB000522,P1132,Platelet Count,55.78,x10^9/L,120–450,2024-04-14,Low
LAB000523,P1132,HbA1c,50.33,mmol/mol,28–75,2024-10-24,Normal
LAB000524,P1132,Serum Potassium,5.6,mmol/L,3.2–5.5,2022-09-07,High
LAB000525,P1133,INR,1.55,ratio,0.8–4.5,2022-10-20,Normal
LAB000526,P1133,TSH,16.57,mU/L,0.3–5.5,2023-01-06,High
LAB000527,P1133,Serum Potassium,2.87,mmol/L,3.2–5.5,2022-11-14,Low
LAB000528,P1133,Total Cholesterol,4.84,mmol/L,3.5–7.5,2023-07-23,Normal
LAB000529,P1134,Serum Creatinine,234.01,umol/L,55–200,2023-09-01,High
LAB000530,P1134,INR,0.74,ratio,0.8–4.5,2023-07-13,Low
LAB000531,P1134,Total Cholesterol,2.92,mmol/L,3.5–7.5,2023-07-03,Low
LAB000532,P1134,White Cell Count,14.12,x10^9/L,3.5–14.0,2022-08-26,High
LAB000533,P1134,LDL Cholesterol,2.21,mmol/L,1.5–5.0,2022-07-28,Normal
LAB000534,P1135,CRP,104.17,mg/L,0.1–120,2022-03-02,Normal
LAB000535,P1135,LDL Cholesterol,6.7,mmol/L,1.5–5.0,2023-10-06,High
LAB000536,P1136,Serum Creatinine,558.76,umol/L,55–200,2022-12-04,High
LAB000537,P1136,TSH,22.99,mU/L,0.3–5.5,2024-12-22,High
LAB000538,P1136,Haemoglobin,14.29,g/dL,9.0–16.5,2022-01-16,Normal
LAB000539,P1137,HDL Cholesterol,1.76,mmol/L,0.9–2.5,2024-09-29,Normal
LAB000540,P1137,Fasting Glucose,12.02,mmol/L,3.5–10.0,2022-03-25,High
LAB000541,P1137,Serum Potassium,4.99,mmol/L,3.2–5.5,2024-08-09,Normal
LAB000542,P1137,Serum Sodium,140.97,mmol/L,132–148,2022-03-01,Normal
LAB000543,P1137,TSH,3.84,mU/L,0.3–5.5,2022-02-05,Normal
LAB000544,P1138,HbA1c,38.42,mmol/mol,28–75,2023-08-13,Normal
LAB000545,P1138,HDL Cholesterol,3.69,mmol/L,0.9–2.5,2023-11-06,High
LAB000546,P1139,HDL Cholesterol,1.67,mmol/L,0.9–2.5,2022-09-16,Normal
LAB000547,P1139,Fasting Glucose,16.16,mmol/L,3.5–10.0,2024-11-11,High
LAB000548,P1139,Platelet Count,620.71,x10^9/L,120–450,2022-07-15,High
LAB000549,P1140,HDL Cholesterol,3.3,mmol/L,0.9–2.5,2023-08-13,High
LAB000550,P1140,Haemoglobin,16.26,g/dL,9.0–16.5,2022-09-21,Normal
LAB000551,P1140,White Cell Count,16.97,x10^9/L,3.5–14.0,2022-12-25,High
LAB000552,P1140,eGFR,15.63,mL/min,15–120,2024-11-10,Normal
LAB000553,P1141,CRP,226.83,mg/L,0.1–120,2024-10-16,High
LAB000554,P1141,Platelet Count,786.0,x10^9/L,120–450,2022-02-21,High
LAB000555,P1141,LDL Cholesterol,5.55,mmol/L,1.5–5.0,2023-04-11,High
LAB000556,P1141,HbA1c,103.64,mmol/mol,28–75,2022-08-25,High
LAB000557,P1141,eGFR,88.45,mL/min,15–120,2022-07-19,Normal
LAB000558,P1141,TSH,6.67,mU/L,0.3–5.5,2024-06-29,High
LAB000559,P1142,CRP,178.92,mg/L,0.1–120,2022-01-29,High
LAB000560,P1142,LDL Cholesterol,2.89,mmol/L,1.5–5.0,2023-11-11,Normal
LAB000561,P1142,Serum Sodium,142.1,mmol/L,132–148,2023-12-07,Normal
LAB000562,P1142,eGFR,119.37,mL/min,15–120,2024-02-02,Normal
LAB000563,P1143,Platelet Count,189.93,x10^9/L,120–450,2022-01-02,Normal
LAB000564,P1143,HDL Cholesterol,3.42,mmol/L,0.9–2.5,2024-05-30,High
LAB000565,P1143,Serum Sodium,142.66,mmol/L,132–148,2022-04-11,Normal
LAB000566,P1143,HbA1c,144.1,mmol/mol,28–75,2024-01-06,High
LAB000567,P1143,White Cell Count,26.92,x10^9/L,3.5–14.0,2024-11-30,High
LAB000568,P1143,INR,5.06,ratio,0.8–4.5,2024-05-28,High
LAB000569,P1144,eGFR,95.99,mL/min,15–120,2024-03-06,Normal
LAB000570,P1144,Fasting Glucose,7.97,mmol/L,3.5–10.0,2024-07-30,Normal
LAB000571,P1145,LDL Cholesterol,2.55,mmol/L,1.5–5.0,2024-06-28,Normal
LAB000572,P1145,Haemoglobin,18.51,g/dL,9.0–16.5,2022-06-19,High
LAB000573,P1145,TSH,11.98,mU/L,0.3–5.5,2022-10-22,High
LAB000574,P1146,eGFR,75.02,mL/min,15–120,2023-09-05,Normal
LAB000575,P1146,Fasting Glucose,12.58,mmol/L,3.5–10.0,2022-04-30,High
LAB000576,P1146,LDL Cholesterol,1.55,mmol/L,1.5–5.0,2023-03-27,Normal
LAB000577,P1146,CRP,190.54,mg/L,0.1–120,2024-11-14,High
LAB000578,P1146,Serum Potassium,3.4,mmol/L,3.2–5.5,2024-09-07,Normal
LAB000579,P1147,Platelet Count,686.66,x10^9/L,120–450,2023-08-29,High
LAB000580,P1147,CRP,80.88,mg/L,0.1–120,2024-07-30,Normal
LAB000581,P1147,Total Cholesterol,9.74,mmol/L,3.5–7.5,2024-10-18,High
LAB000582,P1147,Serum Potassium,6.3,mmol/L,3.2–5.5,2023-01-05,High
LAB000583,P1147,INR,2.92,ratio,0.8–4.5,2022-01-19,Normal
LAB000584,P1148,HDL Cholesterol,1.11,mmol/L,0.9–2.5,2023-09-10,Normal
LAB000585,P1148,Serum Potassium,4.56,mmol/L,3.2–5.5,2022-03-07,Normal
LAB000586,P1148,Total Cholesterol,4.74,mmol/L,3.5–7.5,2024-07-19,Normal
LAB000587,P1148,LDL Cholesterol,5.82,mmol/L,1.5–5.0,2023-09-23,High
LAB000588,P1148,TSH,3.33,mU/L,0.3–5.5,2023-11-09,Normal
LAB000589,P1148,CRP,102.67,mg/L,0.1–120,2024-03-26,Normal
LAB000590,P1149,Fasting Glucose,7.07,mmol/L,3.5–10.0,2022-02-28,Normal
LAB000591,P1149,Serum Creatinine,248.98,umol/L,55–200,2024-10-18,High
LAB000592,P1149,White Cell Count,17.33,x10^9/L,3.5–14.0,2024-02-15,High
LAB000593,P1149,INR,0.61,ratio,0.8–4.5,2023-07-23,Low
LAB000594,P1149,Serum Sodium,126.58,mmol/L,132–148,2024-07-15,Low
LAB000595,P1149,Haemoglobin,6.86,g/dL,9.0–16.5,2023-03-13,Low
LAB000596,P1150,Serum Potassium,5.97,mmol/L,3.2–5.5,2023-08-20,High
LAB000597,P1150,Total Cholesterol,5.59,mmol/L,3.5–7.5,2023-04-01,Normal
LAB000598,P1150,Platelet Count,686.24,x10^9/L,120–450,2023-10-22,High
LAB000599,P1151,CRP,13.92,mg/L,0.1–120,2022-02-11,Normal
LAB000600,P1151,TSH,27.35,mU/L,0.3–5.5,2022-10-14,High
LAB000601,P1151,Total Cholesterol,8.05,mmol/L,3.5–7.5,2024-03-14,High
LAB000602,P1151,White Cell Count,6.33,x10^9/L,3.5–14.0,2022-07-05,Normal
LAB000603,P1151,eGFR,60.33,mL/min,15–120,2022-07-23,Normal
LAB000604,P1151,LDL Cholesterol,4.14,mmol/L,1.5–5.0,2022-11-18,Normal
LAB000605,P1152,Total Cholesterol,6.07,mmol/L,3.5–7.5,2022-12-29,Normal
LAB000606,P1152,INR,7.29,ratio,0.8–4.5,2024-01-06,High
LAB000607,P1152,CRP,205.38,mg/L,0.1–120,2022-12-27,High
LAB000608,P1152,HbA1c,181.97,mmol/mol,28–75,2024-02-23,High
LAB000609,P1152,HDL Cholesterol,2.61,mmol/L,0.9–2.5,2024-08-30,High
LAB000610,P1152,Fasting Glucose,17.45,mmol/L,3.5–10.0,2022-01-11,High
LAB000611,P1153,LDL Cholesterol,1.41,mmol/L,1.5–5.0,2023-04-18,Low
LAB000612,P1153,Total Cholesterol,7.86,mmol/L,3.5–7.5,2024-10-21,High
LAB000613,P1153,Serum Creatinine,55.74,umol/L,55–200,2024-12-24,Normal
LAB000614,P1153,HbA1c,160.44,mmol/mol,28–75,2024-01-04,High
LAB000615,P1153,CRP,2.38,mg/L,0.1–120,2022-11-06,Normal
LAB000616,P1154,eGFR,88.93,mL/min,15–120,2022-04-10,Normal
LAB000617,P1154,Fasting Glucose,3.91,mmol/L,3.5–10.0,2023-05-06,Normal
LAB000618,P1155,LDL Cholesterol,2.19,mmol/L,1.5–5.0,2024-09-24,Normal
LAB000619,P1155,Serum Creatinine,78.31,umol/L,55–200,2022-05-07,Normal
LAB000620,P1155,Platelet Count,51.55,x10^9/L,120–450,2022-02-14,Low
LAB000621,P1156,Serum Sodium,133.66,mmol/L,132–148,2022-07-23,Normal
LAB000622,P1156,Platelet Count,332.59,x10^9/L,120–450,2023-01-13,Normal
LAB000623,P1156,Serum Potassium,6.21,mmol/L,3.2–5.5,2024-02-11,High
LAB000624,P1157,Serum Sodium,149.6,mmol/L,132–148,2023-12-26,High
LAB000625,P1157,Haemoglobin,19.58,g/dL,9.0–16.5,2023-09-26,High
LAB000626,P1157,Fasting Glucose,2.04,mmol/L,3.5–10.0,2024-07-09,Low
LAB000627,P1157,White Cell Count,17.8,x10^9/L,3.5–14.0,2022-10-20,High
LAB000628,P1158,HbA1c,160.33,mmol/mol,28–75,2023-03-21,High
LAB000629,P1158,HDL Cholesterol,0.98,mmol/L,0.9–2.5,2023-04-25,Normal
LAB000630,P1158,TSH,2.49,mU/L,0.3–5.5,2024-02-28,Normal
LAB000631,P1159,Haemoglobin,10.64,g/dL,9.0–16.5,2023-08-17,Normal
LAB000632,P1159,TSH,13.24,mU/L,0.3–5.5,2023-08-13,High
LAB000633,P1159,White Cell Count,25.3,x10^9/L,3.5–14.0,2024-06-28,High
LAB000634,P1159,Fasting Glucose,2.23,mmol/L,3.5–10.0,2022-08-31,Low
LAB000635,P1159,HDL Cholesterol,2.65,mmol/L,0.9–2.5,2023-12-24,High
LAB000636,P1160,Serum Potassium,6.56,mmol/L,3.2–5.5,2022-06-14,High
LAB000637,P1160,Platelet Count,552.56,x10^9/L,120–450,2024-10-18,High
LAB000638,P1160,Serum Sodium,137.12,mmol/L,132–148,2024-05-11,Normal
LAB000639,P1161,Serum Creatinine,298.43,umol/L,55–200,2024-05-06,High
LAB000640,P1161,HbA1c,32.04,mmol/mol,28–75,2022-02-24,Normal
LAB000641,P1161,CRP,235.15,mg/L,0.1–120,2022-11-24,High
LAB000642,P1161,Total Cholesterol,7.54,mmol/L,3.5–7.5,2023-10-20,High
LAB000643,P1161,Serum Potassium,4.38,mmol/L,3.2–5.5,2022-04-23,Normal
LAB000644,P1162,Serum Potassium,2.3,mmol/L,3.2–5.5,2022-09-28,Low
LAB000645,P1162,Fasting Glucose,6.43,mmol/L,3.5–10.0,2022-08-22,Normal
LAB000646,P1162,TSH,11.73,mU/L,0.3–5.5,2024-06-23,High
LAB000647,P1162,Serum Sodium,120.96,mmol/L,132–148,2024-09-05,Low
LAB000648,P1162,Platelet Count,524.46,x10^9/L,120–450,2023-02-23,High
LAB000649,P1163,LDL Cholesterol,5.63,mmol/L,1.5–5.0,2022-09-10,High
LAB000650,P1163,Total Cholesterol,7.39,mmol/L,3.5–7.5,2022-11-15,Normal
LAB000651,P1163,INR,1.04,ratio,0.8–4.5,2022-10-10,Normal
LAB000652,P1163,CRP,113.63,mg/L,0.1–120,2024-11-24,Normal
LAB000653,P1164,Serum Potassium,3.1,mmol/L,3.2–5.5,2024-10-16,Low
LAB000654,P1164,White Cell Count,3.43,x10^9/L,3.5–14.0,2023-08-09,Low
LAB000655,P1164,Serum Creatinine,512.11,umol/L,55–200,2023-10-01,High
LAB000656,P1164,eGFR,29.07,mL/min,15–120,2022-03-24,Normal
LAB000657,P1165,Serum Sodium,138.14,mmol/L,132–148,2023-11-21,Normal
LAB000658,P1165,LDL Cholesterol,6.3,mmol/L,1.5–5.0,2023-05-19,High
LAB000659,P1166,TSH,21.09,mU/L,0.3–5.5,2022-05-30,High
LAB000660,P1166,White Cell Count,7.01,x10^9/L,3.5–14.0,2023-06-16,Normal
LAB000661,P1166,Platelet Count,378.02,x10^9/L,120–450,2024-10-25,Normal
LAB000662,P1166,Serum Sodium,154.06,mmol/L,132–148,2024-02-18,High
LAB000663,P1166,Total Cholesterol,8.13,mmol/L,3.5–7.5,2022-09-17,High
LAB000664,P1166,LDL Cholesterol,7.78,mmol/L,1.5–5.0,2023-06-13,High
LAB000665,P1167,Haemoglobin,13.75,g/dL,9.0–16.5,2024-10-14,Normal
LAB000666,P1167,Serum Potassium,4.06,mmol/L,3.2–5.5,2022-05-27,Normal
LAB000667,P1168,CRP,12.47,mg/L,0.1–120,2022-07-21,Normal
LAB000668,P1168,LDL Cholesterol,6.34,mmol/L,1.5–5.0,2022-03-04,High
LAB000669,P1168,White Cell Count,24.62,x10^9/L,3.5–14.0,2023-12-25,High
LAB000670,P1168,Total Cholesterol,3.64,mmol/L,3.5–7.5,2024-05-26,Normal
LAB000671,P1169,HDL Cholesterol,3.55,mmol/L,0.9–2.5,2024-01-26,High
LAB000672,P1169,Total Cholesterol,2.64,mmol/L,3.5–7.5,2022-10-23,Low
LAB000673,P1169,eGFR,65.98,mL/min,15–120,2023-07-27,Normal
LAB000674,P1169,Haemoglobin,10.42,g/dL,9.0–16.5,2023-12-09,Normal
LAB000675,P1169,LDL Cholesterol,2.15,mmol/L,1.5–5.0,2023-05-25,Normal
LAB000676,P1170,INR,7.48,ratio,0.8–4.5,2024-03-01,High
LAB000677,P1170,Serum Creatinine,379.75,umol/L,55–200,2024-04-21,High
LAB000678,P1170,Serum Potassium,3.3,mmol/L,3.2–5.5,2024-06-22,Normal
LAB000679,P1170,eGFR,68.91,mL/min,15–120,2024-05-22,Normal
LAB000680,P1170,CRP,48.01,mg/L,0.1–120,2023-07-25,Normal
LAB000681,P1171,HDL Cholesterol,1.92,mmol/L,0.9–2.5,2022-10-10,Normal
LAB000682,P1171,Serum Sodium,132.6,mmol/L,132–148,2024-04-26,Normal
LAB000683,P1171,Serum Creatinine,359.8,umol/L,55–200,2024-05-07,High
LAB000684,P1171,Fasting Glucose,7.89,mmol/L,3.5–10.0,2024-12-29,Normal
LAB000685,P1171,HbA1c,187.19,mmol/mol,28–75,2022-08-13,High
LAB000686,P1171,CRP,42.98,mg/L,0.1–120,2022-04-22,Normal
LAB000687,P1172,TSH,21.33,mU/L,0.3–5.5,2023-01-03,High
LAB000688,P1172,Total Cholesterol,7.97,mmol/L,3.5–7.5,2023-04-19,High
LAB000689,P1172,CRP,221.93,mg/L,0.1–120,2022-02-14,High
LAB000690,P1172,Haemoglobin,14.59,g/dL,9.0–16.5,2023-03-18,Normal
LAB000691,P1172,eGFR,37.18,mL/min,15–120,2023-07-06,Normal
LAB000692,P1173,Fasting Glucose,3.98,mmol/L,3.5–10.0,2024-06-14,Normal
LAB000693,P1173,Total Cholesterol,10.69,mmol/L,3.5–7.5,2024-01-31,High
LAB000694,P1173,Platelet Count,725.78,x10^9/L,120–450,2023-01-17,High
LAB000695,P1174,TSH,26.79,mU/L,0.3–5.5,2024-08-03,High
LAB000696,P1174,LDL Cholesterol,4.63,mmol/L,1.5–5.0,2022-01-13,Normal
LAB000697,P1174,HDL Cholesterol,1.5,mmol/L,0.9–2.5,2023-12-08,Normal
LAB000698,P1175,Serum Sodium,124.65,mmol/L,132–148,2024-11-30,Low
LAB000699,P1175,Platelet Count,268.48,x10^9/L,120–450,2022-04-17,Normal
LAB000700,P1175,Haemoglobin,12.43,g/dL,9.0–16.5,2023-02-21,Normal
LAB000701,P1175,Total Cholesterol,4.3,mmol/L,3.5–7.5,2024-12-20,Normal
LAB000702,P1175,Serum Creatinine,106.35,umol/L,55–200,2023-08-23,Normal
LAB000703,P1176,White Cell Count,13.9,x10^9/L,3.5–14.0,2022-11-16,Normal
LAB000704,P1176,Serum Potassium,5.47,mmol/L,3.2–5.5,2023-07-07,Normal
LAB000705,P1176,Total Cholesterol,5.17,mmol/L,3.5–7.5,2024-03-19,Normal
LAB000706,P1176,LDL Cholesterol,4.16,mmol/L,1.5–5.0,2024-06-30,Normal
LAB000707,P1176,Serum Sodium,120.47,mmol/L,132–148,2023-02-08,Low
LAB000708,P1177,Serum Potassium,4.13,mmol/L,3.2–5.5,2022-01-09,Normal
LAB000709,P1177,LDL Cholesterol,1.35,mmol/L,1.5–5.0,2022-10-11,Low
LAB000710,P1177,CRP,265.0,mg/L,0.1–120,2022-11-07,High
LAB000711,P1177,Total Cholesterol,2.27,mmol/L,3.5–7.5,2022-04-11,Low
LAB000712,P1177,White Cell Count,26.85,x10^9/L,3.5–14.0,2024-11-26,High
LAB000713,P1178,White Cell Count,24.7,x10^9/L,3.5–14.0,2023-02-21,High
LAB000714,P1178,HDL Cholesterol,1.22,mmol/L,0.9–2.5,2023-03-12,Normal
LAB000715,P1178,Total Cholesterol,6.23,mmol/L,3.5–7.5,2024-07-13,Normal
LAB000716,P1178,eGFR,89.46,mL/min,15–120,2024-02-20,Normal
LAB000717,P1179,TSH,5.0,mU/L,0.3–5.5,2024-04-10,Normal
LAB000718,P1179,White Cell Count,15.46,x10^9/L,3.5–14.0,2022-06-25,High
LAB000719,P1180,eGFR,85.01,mL/min,15–120,2023-06-03,Normal
LAB000720,P1180,HbA1c,129.19,mmol/mol,28–75,2023-08-09,High
LAB000721,P1180,Serum Creatinine,537.67,umol/L,55–200,2022-09-30,High
LAB000722,P1181,White Cell Count,27.6,x10^9/L,3.5–14.0,2023-07-28,High
LAB000723,P1181,Serum Creatinine,353.91,umol/L,55–200,2022-04-17,High
LAB000724,P1182,INR,1.59,ratio,0.8–4.5,2024-01-27,Normal
LAB000725,P1182,LDL Cholesterol,6.23,mmol/L,1.5–5.0,2022-07-11,High
LAB000726,P1183,CRP,23.33,mg/L,0.1–120,2023-11-11,Normal
LAB000727,P1183,LDL Cholesterol,2.69,mmol/L,1.5–5.0,2022-08-13,Normal
LAB000728,P1183,Serum Creatinine,300.86,umol/L,55–200,2024-12-22,High
LAB000729,P1183,HbA1c,148.77,mmol/mol,28–75,2022-05-03,High
LAB000730,P1183,Serum Potassium,4.7,mmol/L,3.2–5.5,2022-04-10,Normal
LAB000731,P1183,Serum Sodium,128.67,mmol/L,132–148,2024-12-08,Low
LAB000732,P1184,Platelet Count,241.46,x10^9/L,120–450,2022-05-20,Normal
LAB000733,P1184,Serum Potassium,2.31,mmol/L,3.2–5.5,2022-05-06,Low
LAB000734,P1184,TSH,8.17,mU/L,0.3–5.5,2022-05-11,High
LAB000735,P1184,Serum Sodium,133.94,mmol/L,132–148,2024-02-28,Normal
LAB000736,P1184,HbA1c,180.85,mmol/mol,28–75,2023-11-28,High
LAB000737,P1184,HDL Cholesterol,0.77,mmol/L,0.9–2.5,2023-03-14,Low
LAB000738,P1185,LDL Cholesterol,1.27,mmol/L,1.5–5.0,2024-11-20,Low
LAB000739,P1185,White Cell Count,19.73,x10^9/L,3.5–14.0,2024-09-04,High
LAB000740,P1185,Serum Potassium,3.55,mmol/L,3.2–5.5,2023-10-17,Normal
LAB000741,P1185,TSH,10.57,mU/L,0.3–5.5,2022-04-13,High
LAB000742,P1186,HbA1c,22.16,mmol/mol,28–75,2024-04-05,Low
LAB000743,P1186,Platelet Count,437.24,x10^9/L,120–450,2023-10-13,Normal
LAB000744,P1186,Serum Potassium,3.91,mmol/L,3.2–5.5,2024-07-05,Normal
LAB000745,P1187,Haemoglobin,17.42,g/dL,9.0–16.5,2023-06-22,High
LAB000746,P1187,INR,0.77,ratio,0.8–4.5,2022-03-18,Low
LAB000747,P1188,CRP,273.58,mg/L,0.1–120,2022-07-30,High
LAB000748,P1188,Haemoglobin,11.67,g/dL,9.0–16.5,2024-12-15,Normal
LAB000749,P1188,TSH,20.82,mU/L,0.3–5.5,2023-02-23,High
LAB000750,P1189,Serum Sodium,134.63,mmol/L,132–148,2024-03-08,Normal
LAB000751,P1189,Fasting Glucose,9.64,mmol/L,3.5–10.0,2024-11-25,Normal
LAB000752,P1189,eGFR,127.22,mL/min,15–120,2022-08-20,High
LAB000753,P1189,INR,1.14,ratio,0.8–4.5,2024-08-20,Normal
LAB000754,P1189,CRP,248.0,mg/L,0.1–120,2024-02-29,High
LAB000755,P1190,Serum Creatinine,145.12,umol/L,55–200,2023-02-12,Normal
LAB000756,P1190,Platelet Count,169.87,x10^9/L,120–450,2022-05-15,Normal
LAB000757,P1190,Serum Sodium,139.06,mmol/L,132–148,2022-03-27,Normal
LAB000758,P1190,TSH,21.59,mU/L,0.3–5.5,2022-02-27,High
LAB000759,P1190,White Cell Count,10.65,x10^9/L,3.5–14.0,2023-03-01,Normal
LAB000760,P1191,LDL Cholesterol,4.54,mmol/L,1.5–5.0,2023-12-14,Normal
LAB000761,P1191,HDL Cholesterol,1.98,mmol/L,0.9–2.5,2024-06-19,Normal
LAB000762,P1191,Serum Creatinine,432.19,umol/L,55–200,2024-01-27,High
LAB000763,P1191,Serum Potassium,3.23,mmol/L,3.2–5.5,2023-05-06,Normal
LAB000764,P1192,Platelet Count,627.85,x10^9/L,120–450,2024-11-08,High
LAB000765,P1192,Serum Potassium,2.82,mmol/L,3.2–5.5,2022-11-23,Low
LAB000766,P1192,CRP,116.43,mg/L,0.1–120,2022-10-18,Normal
LAB000767,P1193,Haemoglobin,15.81,g/dL,9.0–16.5,2023-11-18,Normal
LAB000768,P1193,TSH,16.79,mU/L,0.3–5.5,2022-05-17,High
LAB000769,P1194,White Cell Count,13.4,x10^9/L,3.5–14.0,2024-09-20,Normal
LAB000770,P1194,INR,5.04,ratio,0.8–4.5,2023-03-03,High
LAB000771,P1194,HDL Cholesterol,0.52,mmol/L,0.9–2.5,2023-02-19,Low
LAB000772,P1194,eGFR,5.81,mL/min,15–120,2024-11-21,Low
LAB000773,P1195,LDL Cholesterol,4.09,mmol/L,1.5–5.0,2024-02-26,Normal
LAB000774,P1195,Total Cholesterol,6.3,mmol/L,3.5–7.5,2023-03-31,Normal
LAB000775,P1195,Haemoglobin,9.57,g/dL,9.0–16.5,2022-05-23,Normal
LAB000776,P1195,INR,5.28,ratio,0.8–4.5,2022-05-06,High
LAB000777,P1196,Serum Creatinine,241.25,umol/L,55–200,2023-09-07,High
LAB000778,P1196,Total Cholesterol,6.26,mmol/L,3.5–7.5,2023-05-04,Normal
LAB000779,P1196,White Cell Count,1.13,x10^9/L,3.5–14.0,2024-08-14,Low
LAB000780,P1197,CRP,274.84,mg/L,0.1–120,2024-08-24,High
LAB000781,P1197,HbA1c,42.51,mmol/mol,28–75,2022-01-17,Normal
LAB000782,P1197,White Cell Count,19.53,x10^9/L,3.5–14.0,2023-04-04,High
LAB000783,P1198,INR,3.92,ratio,0.8–4.5,2022-08-26,Normal
LAB000784,P1198,Serum Sodium,124.83,mmol/L,132–148,2024-10-23,Low
LAB000785,P1198,Total Cholesterol,4.92,mmol/L,3.5–7.5,2023-10-16,Normal
LAB000786,P1198,Haemoglobin,7.8,g/dL,9.0–16.5,2024-09-11,Low
LAB000787,P1198,CRP,195.78,mg/L,0.1–120,2024-03-09,High
LAB000788,P1198,Serum Potassium,2.99,mmol/L,3.2–5.5,2022-05-06,Low
LAB000789,P1199,Haemoglobin,8.05,g/dL,9.0–16.5,2022-04-09,Low
LAB000790,P1199,Fasting Glucose,16.89,mmol/L,3.5–10.0,2023-07-25,High
LAB000791,P1200,LDL Cholesterol,2.68,mmol/L,1.5–5.0,2023-03-20,Normal
LAB000792,P1200,HDL Cholesterol,3.61,mmol/L,0.9–2.5,2022-04-17,High
LAB000793,P1200,Serum Potassium,3.74,mmol/L,3.2–5.5,2024-09-17,Normal
LAB000794,P1201,Haemoglobin,19.09,g/dL,9.0–16.5,2024-08-30,High
LAB000795,P1201,Fasting Glucose,3.95,mmol/L,3.5–10.0,2024-01-18,Normal
LAB000796,P1201,TSH,21.3,mU/L,0.3–5.5,2024-06-08,High
LAB000797,P1201,Platelet Count,312.4,x10^9/L,120–450,2024-03-27,Normal
LAB000798,P1201,eGFR,55.33,mL/min,15–120,2024-07-21,Normal
LAB000799,P1202,HDL Cholesterol,1.82,mmol/L,0.9–2.5,2023-04-26,Normal
LAB000800,P1202,HbA1c,55.06,mmol/mol,28–75,2023-06-29,Normal
LAB000801,P1202,Platelet Count,62.06,x10^9/L,120–450,2024-01-21,Low
LAB000802,P1202,TSH,4.58,mU/L,0.3–5.5,2023-07-31,Normal
LAB000803,P1202,Serum Potassium,6.72,mmol/L,3.2–5.5,2024-02-17,High
LAB000804,P1203,LDL Cholesterol,2.0,mmol/L,1.5–5.0,2023-01-09,Normal
LAB000805,P1203,TSH,3.82,mU/L,0.3–5.5,2022-06-30,Normal
LAB000806,P1203,Haemoglobin,14.11,g/dL,9.0–16.5,2023-06-14,Normal
LAB000807,P1203,Platelet Count,232.91,x10^9/L,120–450,2022-01-28,Normal
LAB000808,P1204,HbA1c,140.92,mmol/mol,28–75,2024-05-12,High
LAB000809,P1204,Serum Creatinine,58.54,umol/L,55–200,2022-08-22,Normal
LAB000810,P1204,Serum Sodium,133.38,mmol/L,132–148,2022-08-23,Normal
LAB000811,P1204,HDL Cholesterol,0.79,mmol/L,0.9–2.5,2023-11-05,Low
LAB000812,P1204,Haemoglobin,6.52,g/dL,9.0–16.5,2022-07-16,Low
LAB000813,P1205,Fasting Glucose,14.76,mmol/L,3.5–10.0,2022-11-07,High
LAB000814,P1205,eGFR,57.38,mL/min,15–120,2022-03-04,Normal
LAB000815,P1206,HbA1c,149.2,mmol/mol,28–75,2023-06-20,High
LAB000816,P1206,Total Cholesterol,10.45,mmol/L,3.5–7.5,2023-11-20,High
LAB000817,P1206,eGFR,79.73,mL/min,15–120,2023-02-21,Normal
LAB000818,P1206,Serum Creatinine,155.77,umol/L,55–200,2023-08-15,Normal
LAB000819,P1206,White Cell Count,15.72,x10^9/L,3.5–14.0,2023-02-28,High
LAB000820,P1206,Platelet Count,318.62,x10^9/L,120–450,2022-07-02,Normal
LAB000821,P1207,Total Cholesterol,7.7,mmol/L,3.5–7.5,2023-06-01,High
LAB000822,P1207,Fasting Glucose,8.92,mmol/L,3.5–10.0,2024-10-31,Normal
LAB000823,P1207,HDL Cholesterol,3.73,mmol/L,0.9–2.5,2024-03-04,High
LAB000824,P1207,Platelet Count,689.8,x10^9/L,120–450,2023-05-07,High
LAB000825,P1207,eGFR,106.54,mL/min,15–120,2022-02-16,Normal
LAB000826,P1207,Haemoglobin,18.27,g/dL,9.0–16.5,2022-07-07,High
LAB000827,P1208,Serum Sodium,134.59,mmol/L,132–148,2024-11-27,Normal
LAB000828,P1208,Total Cholesterol,3.42,mmol/L,3.5–7.5,2024-03-15,Low
LAB000829,P1208,Serum Potassium,4.69,mmol/L,3.2–5.5,2023-06-25,Normal
LAB000830,P1208,eGFR,112.29,mL/min,15–120,2022-12-07,Normal
LAB000831,P1208,CRP,296.55,mg/L,0.1–120,2024-10-17,High
LAB000832,P1209,HDL Cholesterol,3.34,mmol/L,0.9–2.5,2022-10-17,High
LAB000833,P1209,HbA1c,23.74,mmol/mol,28–75,2024-03-12,Low
LAB000834,P1209,INR,5.48,ratio,0.8–4.5,2022-06-26,High
LAB000835,P1210,Serum Potassium,3.6,mmol/L,3.2–5.5,2022-02-19,Normal
LAB000836,P1210,Serum Sodium,142.38,mmol/L,132–148,2023-11-24,Normal
LAB000837,P1210,eGFR,39.98,mL/min,15–120,2022-10-21,Normal
LAB000838,P1210,HbA1c,109.19,mmol/mol,28–75,2022-08-23,High
LAB000839,P1211,Serum Potassium,5.48,mmol/L,3.2–5.5,2023-02-10,Normal
LAB000840,P1211,LDL Cholesterol,7.91,mmol/L,1.5–5.0,2023-10-18,High
LAB000841,P1211,Serum Sodium,155.94,mmol/L,132–148,2023-03-21,High
LAB000842,P1211,HbA1c,88.65,mmol/mol,28–75,2023-02-16,High
LAB000843,P1211,CRP,243.57,mg/L,0.1–120,2022-07-03,High
LAB000844,P1212,HbA1c,26.79,mmol/mol,28–75,2022-04-18,Low
LAB000845,P1212,Serum Sodium,141.05,mmol/L,132–148,2023-04-26,Normal
LAB000846,P1213,White Cell Count,16.11,x10^9/L,3.5–14.0,2022-01-08,High
LAB000847,P1213,Haemoglobin,17.33,g/dL,9.0–16.5,2023-09-27,High
LAB000848,P1214,HbA1c,145.82,mmol/mol,28–75,2023-07-25,High
LAB000849,P1214,Total Cholesterol,2.64,mmol/L,3.5–7.5,2023-01-04,Low
LAB000850,P1214,White Cell Count,19.12,x10^9/L,3.5–14.0,2022-04-14,High
LAB000851,P1214,Serum Potassium,5.11,mmol/L,3.2–5.5,2023-04-17,Normal
LAB000852,P1214,LDL Cholesterol,0.87,mmol/L,1.5–5.0,2023-06-22,Low
LAB000853,P1214,Serum Creatinine,432.58,umol/L,55–200,2024-06-27,High
LAB000854,P1215,eGFR,26.3,mL/min,15–120,2022-02-20,Normal
LAB000855,P1215,Fasting Glucose,11.21,mmol/L,3.5–10.0,2022-06-18,High
LAB000856,P1215,LDL Cholesterol,1.55,mmol/L,1.5–5.0,2022-10-08,Normal
LAB000857,P1215,CRP,202.35,mg/L,0.1–120,2024-05-28,High
LAB000858,P1215,Serum Sodium,140.8,mmol/L,132–148,2023-12-16,Normal
LAB000859,P1216,HDL Cholesterol,3.46,mmol/L,0.9–2.5,2023-12-13,High
LAB000860,P1216,TSH,27.34,mU/L,0.3–5.5,2023-03-28,High
LAB000861,P1216,Haemoglobin,7.03,g/dL,9.0–16.5,2022-06-30,Low
LAB000862,P1216,Serum Sodium,121.45,mmol/L,132–148,2023-12-16,Low
LAB000863,P1216,CRP,204.3,mg/L,0.1–120,2023-03-11,High
LAB000864,P1216,INR,5.56,ratio,0.8–4.5,2023-05-16,High
LAB000865,P1217,INR,3.74,ratio,0.8–4.5,2023-02-20,Normal
LAB000866,P1217,Platelet Count,503.5,x10^9/L,120–450,2024-10-28,High
LAB000867,P1218,Total Cholesterol,11.87,mmol/L,3.5–7.5,2023-09-24,High
LAB000868,P1218,Fasting Glucose,4.52,mmol/L,3.5–10.0,2024-05-14,Normal
LAB000869,P1218,White Cell Count,18.59,x10^9/L,3.5–14.0,2024-08-29,High
LAB000870,P1218,Platelet Count,799.02,x10^9/L,120–450,2023-12-31,High
LAB000871,P1219,TSH,3.12,mU/L,0.3–5.5,2024-09-21,Normal
LAB000872,P1219,Serum Sodium,137.09,mmol/L,132–148,2022-07-21,Normal
LAB000873,P1220,Haemoglobin,13.6,g/dL,9.0–16.5,2023-03-20,Normal
LAB000874,P1220,CRP,122.81,mg/L,0.1–120,2023-04-29,High
LAB000875,P1220,eGFR,59.06,mL/min,15–120,2024-12-13,Normal
LAB000876,P1220,Total Cholesterol,11.06,mmol/L,3.5–7.5,2024-01-03,High
LAB000877,P1220,Serum Potassium,2.12,mmol/L,3.2–5.5,2024-03-23,Low
LAB000878,P1220,White Cell Count,26.49,x10^9/L,3.5–14.0,2022-11-27,High
LAB000879,P1221,CRP,55.3,mg/L,0.1–120,2024-06-04,Normal
LAB000880,P1221,eGFR,59.37,mL/min,15–120,2024-11-20,Normal
LAB000881,P1221,Total Cholesterol,10.31,mmol/L,3.5–7.5,2024-11-20,High
LAB000882,P1221,Platelet Count,58.39,x10^9/L,120–450,2023-02-03,Low
LAB000883,P1221,TSH,13.43,mU/L,0.3–5.5,2024-03-24,High
LAB000884,P1222,eGFR,45.61,mL/min,15–120,2023-01-19,Normal
LAB000885,P1222,INR,4.63,ratio,0.8–4.5,2022-01-02,High
LAB000886,P1223,HDL Cholesterol,2.48,mmol/L,0.9–2.5,2022-08-06,Normal
LAB000887,P1223,Platelet Count,151.68,x10^9/L,120–450,2023-12-01,Normal
LAB000888,P1223,INR,5.17,ratio,0.8–4.5,2024-09-10,High
LAB000889,P1223,LDL Cholesterol,3.99,mmol/L,1.5–5.0,2024-06-07,Normal
LAB000890,P1223,Serum Creatinine,213.95,umol/L,55–200,2024-10-12,High
LAB000891,P1224,HDL Cholesterol,1.79,mmol/L,0.9–2.5,2024-12-25,Normal
LAB000892,P1224,HbA1c,24.43,mmol/mol,28–75,2022-03-02,Low
LAB000893,P1224,White Cell Count,27.8,x10^9/L,3.5–14.0,2023-08-19,High
LAB000894,P1224,LDL Cholesterol,1.44,mmol/L,1.5–5.0,2024-06-21,Low
LAB000895,P1224,TSH,3.29,mU/L,0.3–5.5,2024-03-04,Normal
LAB000896,P1225,Haemoglobin,14.0,g/dL,9.0–16.5,2022-10-12,Normal
LAB000897,P1225,White Cell Count,18.12,x10^9/L,3.5–14.0,2023-12-23,High
LAB000898,P1225,Platelet Count,700.55,x10^9/L,120–450,2023-12-20,High
LAB000899,P1225,LDL Cholesterol,6.51,mmol/L,1.5–5.0,2024-12-30,High
LAB000900,P1226,Haemoglobin,12.0,g/dL,9.0–16.5,2022-04-25,Normal
LAB000901,P1226,Fasting Glucose,17.71,mmol/L,3.5–10.0,2024-01-10,High
LAB000902,P1226,Serum Potassium,5.87,mmol/L,3.2–5.5,2022-01-09,High
LAB000903,P1226,INR,5.89,ratio,0.8–4.5,2023-01-12,High
LAB000904,P1226,HDL Cholesterol,1.42,mmol/L,0.9–2.5,2023-01-06,Normal
LAB000905,P1226,White Cell Count,16.16,x10^9/L,3.5–14.0,2024-07-04,High
LAB000906,P1227,INR,5.2,ratio,0.8–4.5,2022-02-04,High
LAB000907,P1227,Haemoglobin,16.84,g/dL,9.0–16.5,2023-02-06,High
LAB000908,P1227,Serum Creatinine,40.27,umol/L,55–200,2022-07-28,Low
LAB000909,P1227,Serum Potassium,5.66,mmol/L,3.2–5.5,2022-11-04,High
LAB000910,P1227,CRP,102.03,mg/L,0.1–120,2022-01-28,Normal
LAB000911,P1227,HbA1c,31.49,mmol/mol,28–75,2024-11-04,Normal
LAB000912,P1228,INR,1.78,ratio,0.8–4.5,2022-02-17,Normal
LAB000913,P1228,Serum Potassium,4.01,mmol/L,3.2–5.5,2023-12-07,Normal
LAB000914,P1228,HbA1c,46.86,mmol/mol,28–75,2023-01-07,Normal
LAB000915,P1228,Haemoglobin,8.27,g/dL,9.0–16.5,2023-01-23,Low
LAB000916,P1228,HDL Cholesterol,1.93,mmol/L,0.9–2.5,2023-03-08,Normal
LAB000917,P1229,Serum Potassium,2.08,mmol/L,3.2–5.5,2022-12-11,Low
LAB000918,P1229,White Cell Count,26.71,x10^9/L,3.5–14.0,2022-01-28,High
LAB000919,P1230,Serum Potassium,5.93,mmol/L,3.2–5.5,2024-02-28,High
LAB000920,P1230,LDL Cholesterol,5.38,mmol/L,1.5–5.0,2024-05-17,High
LAB000921,P1230,HbA1c,45.0,mmol/mol,28–75,2024-07-13,Normal
LAB000922,P1230,Total Cholesterol,5.63,mmol/L,3.5–7.5,2024-08-19,Normal
LAB000923,P1230,HDL Cholesterol,3.81,mmol/L,0.9–2.5,2023-08-14,High
LAB000924,P1231,Serum Sodium,133.07,mmol/L,132–148,2022-07-08,Normal
LAB000925,P1231,TSH,24.2,mU/L,0.3–5.5,2023-07-22,High
LAB000926,P1232,eGFR,117.66,mL/min,15–120,2024-10-12,Normal
LAB000927,P1232,Serum Potassium,3.28,mmol/L,3.2–5.5,2024-02-19,Normal
LAB000928,P1232,Platelet Count,457.06,x10^9/L,120–450,2024-10-06,High
LAB000929,P1232,Serum Creatinine,479.72,umol/L,55–200,2024-01-12,High
LAB000930,P1233,HDL Cholesterol,1.66,mmol/L,0.9–2.5,2022-05-15,Normal
LAB000931,P1233,Serum Creatinine,189.99,umol/L,55–200,2024-05-28,Normal
LAB000932,P1233,LDL Cholesterol,7.22,mmol/L,1.5–5.0,2024-05-07,High
LAB000933,P1233,CRP,106.25,mg/L,0.1–120,2024-11-18,Normal
LAB000934,P1234,Serum Potassium,4.53,mmol/L,3.2–5.5,2023-08-31,Normal
LAB000935,P1234,Serum Sodium,142.46,mmol/L,132–148,2023-04-14,Normal
LAB000936,P1234,HDL Cholesterol,2.81,mmol/L,0.9–2.5,2023-12-25,High
LAB000937,P1235,eGFR,59.27,mL/min,15–120,2024-03-13,Normal
LAB000938,P1235,Serum Potassium,6.15,mmol/L,3.2–5.5,2024-11-26,High
LAB000939,P1235,Total Cholesterol,5.13,mmol/L,3.5–7.5,2022-11-12,Normal
LAB000940,P1235,CRP,8.89,mg/L,0.1–120,2024-08-01,Normal
LAB000941,P1235,Haemoglobin,12.62,g/dL,9.0–16.5,2024-12-10,Normal
LAB000942,P1235,LDL Cholesterol,4.03,mmol/L,1.5–5.0,2024-11-06,Normal
LAB000943,P1236,HDL Cholesterol,2.46,mmol/L,0.9–2.5,2023-05-31,Normal
LAB000944,P1236,LDL Cholesterol,2.76,mmol/L,1.5–5.0,2024-05-31,Normal
LAB000945,P1236,Total Cholesterol,11.97,mmol/L,3.5–7.5,2023-11-22,High
LAB000946,P1236,Serum Potassium,6.33,mmol/L,3.2–5.5,2022-03-06,High
LAB000947,P1236,eGFR,49.5,mL/min,15–120,2023-09-18,Normal
LAB000948,P1236,Platelet Count,289.35,x10^9/L,120–450,2022-05-03,Normal
LAB000949,P1237,Serum Sodium,141.28,mmol/L,132–148,2024-04-01,Normal
LAB000950,P1237,HbA1c,103.43,mmol/mol,28–75,2022-01-17,High
LAB000951,P1237,Platelet Count,88.35,x10^9/L,120–450,2023-02-08,Low
LAB000952,P1237,Total Cholesterol,4.8,mmol/L,3.5–7.5,2023-02-06,Normal
LAB000953,P1238,HbA1c,183.26,mmol/mol,28–75,2023-10-07,High
LAB000954,P1238,Serum Sodium,130.79,mmol/L,132–148,2023-12-09,Low
LAB000955,P1238,Haemoglobin,15.34,g/dL,9.0–16.5,2022-01-10,Normal
LAB000956,P1238,TSH,7.26,mU/L,0.3–5.5,2022-02-28,High
LAB000957,P1238,LDL Cholesterol,0.98,mmol/L,1.5–5.0,2022-10-10,Low
LAB000958,P1238,INR,3.01,ratio,0.8–4.5,2023-12-21,Normal
LAB000959,P1239,Serum Creatinine,415.65,umol/L,55–200,2022-01-10,High
LAB000960,P1239,HbA1c,73.98,mmol/mol,28–75,2023-12-05,Normal
LAB000961,P1240,Serum Potassium,6.8,mmol/L,3.2–5.5,2022-07-12,High
LAB000962,P1240,Total Cholesterol,5.12,mmol/L,3.5–7.5,2023-12-05,Normal
LAB000963,P1241,CRP,272.67,mg/L,0.1–120,2023-06-27,High
LAB000964,P1241,Fasting Glucose,15.89,mmol/L,3.5–10.0,2023-04-22,High
LAB000965,P1241,Total Cholesterol,10.24,mmol/L,3.5–7.5,2024-10-03,High
LAB000966,P1242,INR,6.48,ratio,0.8–4.5,2022-07-25,High
LAB000967,P1242,CRP,33.59,mg/L,0.1–120,2023-05-05,Normal
LAB000968,P1242,TSH,19.71,mU/L,0.3–5.5,2022-03-01,High
LAB000969,P1242,Serum Creatinine,186.62,umol/L,55–200,2022-12-08,Normal
LAB000970,P1242,LDL Cholesterol,3.51,mmol/L,1.5–5.0,2023-01-14,Normal
LAB000971,P1242,Fasting Glucose,17.93,mmol/L,3.5–10.0,2023-06-26,High
LAB000972,P1243,White Cell Count,12.03,x10^9/L,3.5–14.0,2023-01-11,Normal
LAB000973,P1243,eGFR,105.77,mL/min,15–120,2023-12-06,Normal
LAB000974,P1243,Serum Potassium,2.56,mmol/L,3.2–5.5,2022-04-15,Low
LAB000975,P1244,Serum Creatinine,437.5,umol/L,55–200,2023-12-18,High
LAB000976,P1244,Haemoglobin,10.88,g/dL,9.0–16.5,2023-12-02,Normal
LAB000977,P1244,LDL Cholesterol,7.66,mmol/L,1.5–5.0,2023-06-16,High
LAB000978,P1244,White Cell Count,19.33,x10^9/L,3.5–14.0,2024-06-02,High
LAB000979,P1244,TSH,29.3,mU/L,0.3–5.5,2022-06-15,High
LAB000980,P1244,Serum Sodium,143.38,mmol/L,132–148,2023-10-26,Normal
LAB000981,P1245,Fasting Glucose,13.98,mmol/L,3.5–10.0,2023-09-16,High
LAB000982,P1245,Haemoglobin,10.82,g/dL,9.0–16.5,2024-01-03,Normal
LAB000983,P1246,TSH,13.62,mU/L,0.3–5.5,2022-03-06,High
LAB000984,P1246,Serum Potassium,6.62,mmol/L,3.2–5.5,2024-05-05,High
LAB000985,P1246,LDL Cholesterol,1.52,mmol/L,1.5–5.0,2023-01-17,Normal
LAB000986,P1246,Serum Sodium,141.75,mmol/L,132–148,2022-08-09,Normal
LAB000987,P1247,Haemoglobin,11.39,g/dL,9.0–16.5,2022-10-15,Normal
LAB000988,P1247,LDL Cholesterol,6.84,mmol/L,1.5–5.0,2023-10-13,High
LAB000989,P1247,INR,6.73,ratio,0.8–4.5,2024-02-07,High
LAB000990,P1247,CRP,289.0,mg/L,0.1–120,2022-12-08,High
LAB000991,P1247,HDL Cholesterol,3.16,mmol/L,0.9–2.5,2023-06-12,High
LAB000992,P1248,Total Cholesterol,6.24,mmol/L,3.5–7.5,2024-11-18,Normal
LAB000993,P1248,TSH,7.73,mU/L,0.3–5.5,2022-08-31,High
LAB000994,P1249,TSH,17.68,mU/L,0.3–5.5,2022-05-02,High
LAB000995,P1249,Serum Potassium,4.12,mmol/L,3.2–5.5,2023-04-25,Normal
LAB000996,P1249,Haemoglobin,7.17,g/dL,9.0–16.5,2024-06-02,Low
LAB000997,P1249,eGFR,35.06,mL/min,15–120,2023-04-27,Normal
LAB000998,P1249,Total Cholesterol,11.23,mmol/L,3.5–7.5,2023-11-20,High
LAB000999,P1249,HbA1c,190.97,mmol/mol,28–75,2024-06-11,High
LAB001000,P1250,HbA1c,149.8,mmol/mol,28–75,2022-10-20,High
LAB001001,P1250,HDL Cholesterol,3.71,mmol/L,0.9–2.5,2022-09-14,High
LAB001002,P1250,Serum Creatinine,551.2,umol/L,55–200,2024-05-07,High
LAB001003,P1250,CRP,132.27,mg/L,0.1–120,2022-07-24,High
LAB001004,P1250,TSH,28.43,mU/L,0.3–5.5,2023-03-17,High
LAB001005,P1251,TSH,27.59,mU/L,0.3–5.5,2024-12-22,High
LAB001006,P1251,LDL Cholesterol,7.68,mmol/L,1.5–5.0,2023-09-24,High
LAB001007,P1251,CRP,150.67,mg/L,0.1–120,2022-07-05,High
LAB001008,P1251,White Cell Count,20.07,x10^9/L,3.5–14.0,2022-11-08,High
LAB001009,P1252,Total Cholesterol,8.08,mmol/L,3.5–7.5,2023-05-12,High
LAB001010,P1252,Serum Creatinine,258.42,umol/L,55–200,2024-01-21,High
LAB001011,P1253,INR,1.59,ratio,0.8–4.5,2022-12-26,Normal
LAB001012,P1253,Serum Potassium,5.93,mmol/L,3.2–5.5,2023-05-02,High
LAB001013,P1254,LDL Cholesterol,1.49,mmol/L,1.5–5.0,2024-01-11,Low
LAB001014,P1254,HDL Cholesterol,3.18,mmol/L,0.9–2.5,2024-06-23,High
LAB001015,P1255,Haemoglobin,7.54,g/dL,9.0–16.5,2023-11-10,Low
LAB001016,P1255,Total Cholesterol,4.93,mmol/L,3.5–7.5,2022-02-19,Normal
LAB001017,P1255,Platelet Count,611.37,x10^9/L,120–450,2023-06-14,High
LAB001018,P1255,TSH,5.83,mU/L,0.3–5.5,2022-06-24,High
LAB001019,P1255,Fasting Glucose,11.38,mmol/L,3.5–10.0,2023-02-20,High
LAB001020,P1256,LDL Cholesterol,2.19,mmol/L,1.5–5.0,2022-06-23,Normal
LAB001021,P1256,eGFR,115.82,mL/min,15–120,2022-11-18,Normal
LAB001022,P1256,Platelet Count,548.35,x10^9/L,120–450,2024-09-17,High
LAB001023,P1256,Serum Creatinine,305.68,umol/L,55–200,2022-08-08,High
LAB001024,P1257,HbA1c,125.22,mmol/mol,28–75,2024-08-15,High
LAB001025,P1257,eGFR,80.62,mL/min,15–120,2024-03-09,Normal
LAB001026,P1257,Total Cholesterol,11.03,mmol/L,3.5–7.5,2023-11-27,High
LAB001027,P1257,Serum Potassium,6.04,mmol/L,3.2–5.5,2024-07-14,High
LAB001028,P1258,INR,1.34,ratio,0.8–4.5,2024-05-25,Normal
LAB001029,P1258,Total Cholesterol,3.41,mmol/L,3.5–7.5,2022-06-20,Low
LAB001030,P1258,White Cell Count,22.57,x10^9/L,3.5–14.0,2024-10-28,High
LAB001031,P1259,LDL Cholesterol,1.23,mmol/L,1.5–5.0,2023-05-20,Low
LAB001032,P1259,INR,3.48,ratio,0.8–4.5,2022-06-04,Normal
LAB001033,P1259,Platelet Count,640.13,x10^9/L,120–450,2024-06-25,High
LAB001034,P1259,Total Cholesterol,4.18,mmol/L,3.5–7.5,2024-08-01,Normal
LAB001035,P1259,Serum Sodium,137.41,mmol/L,132–148,2024-09-18,Normal
LAB001036,P1260,TSH,10.78,mU/L,0.3–5.5,2024-11-18,High
LAB001037,P1260,HbA1c,142.84,mmol/mol,28–75,2024-09-25,High
LAB001038,P1261,Haemoglobin,10.09,g/dL,9.0–16.5,2022-06-15,Normal
LAB001039,P1261,Serum Potassium,3.87,mmol/L,3.2–5.5,2023-02-07,Normal
LAB001040,P1262,HDL Cholesterol,1.61,mmol/L,0.9–2.5,2022-01-22,Normal
LAB001041,P1262,CRP,242.68,mg/L,0.1–120,2022-12-30,High
LAB001042,P1263,Total Cholesterol,8.46,mmol/L,3.5–7.5,2024-12-02,High
LAB001043,P1263,TSH,7.33,mU/L,0.3–5.5,2024-10-09,High
LAB001044,P1264,Platelet Count,710.37,x10^9/L,120–450,2022-12-15,High
LAB001045,P1264,HbA1c,127.0,mmol/mol,28–75,2024-10-27,High
LAB001046,P1264,LDL Cholesterol,3.5,mmol/L,1.5–5.0,2024-03-23,Normal
LAB001047,P1264,Serum Sodium,121.89,mmol/L,132–148,2022-04-08,Low
LAB001048,P1264,HDL Cholesterol,1.45,mmol/L,0.9–2.5,2023-02-26,Normal
LAB001049,P1264,Serum Creatinine,185.69,umol/L,55–200,2024-07-29,Normal
LAB001050,P1265,HDL Cholesterol,2.99,mmol/L,0.9–2.5,2022-10-27,High
LAB001051,P1265,Serum Potassium,3.2,mmol/L,3.2–5.5,2024-05-18,Normal
LAB001052,P1265,Fasting Glucose,11.75,mmol/L,3.5–10.0,2022-07-17,High
LAB001053,P1265,White Cell Count,2.29,x10^9/L,3.5–14.0,2023-05-14,Low
LAB001054,P1266,Serum Potassium,6.36,mmol/L,3.2–5.5,2023-10-05,High
LAB001055,P1266,Total Cholesterol,3.0,mmol/L,3.5–7.5,2023-05-16,Low
LAB001056,P1266,Haemoglobin,9.93,g/dL,9.0–16.5,2022-05-04,Normal
LAB001057,P1266,INR,1.25,ratio,0.8–4.5,2023-09-28,Normal
LAB001058,P1266,Fasting Glucose,4.87,mmol/L,3.5–10.0,2022-01-06,Normal
LAB001059,P1266,HbA1c,37.74,mmol/mol,28–75,2022-12-13,Normal
LAB001060,P1267,TSH,23.13,mU/L,0.3–5.5,2023-02-08,High
LAB001061,P1267,LDL Cholesterol,5.64,mmol/L,1.5–5.0,2022-06-07,High
LAB001062,P1267,Total Cholesterol,10.81,mmol/L,3.5–7.5,2024-03-03,High
LAB001063,P1267,HbA1c,114.13,mmol/mol,28–75,2024-04-21,High
LAB001064,P1268,eGFR,34.69,mL/min,15–120,2022-06-26,Normal
LAB001065,P1268,INR,5.36,ratio,0.8–4.5,2024-09-07,High
LAB001066,P1268,HbA1c,198.26,mmol/mol,28–75,2024-02-19,High
LAB001067,P1269,HbA1c,136.64,mmol/mol,28–75,2024-05-27,High
LAB001068,P1269,Haemoglobin,12.75,g/dL,9.0–16.5,2022-04-05,Normal
LAB001069,P1269,Serum Sodium,121.71,mmol/L,132–148,2023-12-26,Low
LAB001070,P1269,White Cell Count,4.75,x10^9/L,3.5–14.0,2023-06-11,Normal
LAB001071,P1269,Platelet Count,574.06,x10^9/L,120–450,2022-07-24,High
LAB001072,P1269,HDL Cholesterol,3.23,mmol/L,0.9–2.5,2024-08-28,High
LAB001073,P1270,Haemoglobin,12.07,g/dL,9.0–16.5,2023-07-05,Normal
LAB001074,P1270,Fasting Glucose,12.09,mmol/L,3.5–10.0,2022-02-26,High
LAB001075,P1271,INR,3.94,ratio,0.8–4.5,2024-12-19,Normal
LAB001076,P1271,Platelet Count,328.49,x10^9/L,120–450,2022-08-14,Normal
LAB001077,P1271,Serum Creatinine,532.83,umol/L,55–200,2022-06-14,High
LAB001078,P1271,Fasting Glucose,13.2,mmol/L,3.5–10.0,2023-09-15,High
LAB001079,P1271,Total Cholesterol,5.62,mmol/L,3.5–7.5,2024-01-15,Normal
LAB001080,P1271,LDL Cholesterol,3.65,mmol/L,1.5–5.0,2024-08-25,Normal
LAB001081,P1272,Platelet Count,303.82,x10^9/L,120–450,2022-08-24,Normal
LAB001082,P1272,eGFR,80.0,mL/min,15–120,2024-07-17,Normal
LAB001083,P1272,Serum Creatinine,273.84,umol/L,55–200,2022-06-10,High
LAB001084,P1273,Haemoglobin,15.58,g/dL,9.0–16.5,2022-08-27,Normal
LAB001085,P1273,CRP,206.46,mg/L,0.1–120,2024-10-23,High
LAB001086,P1273,Serum Sodium,140.02,mmol/L,132–148,2022-10-17,Normal
LAB001087,P1274,LDL Cholesterol,1.51,mmol/L,1.5–5.0,2024-04-02,Normal
LAB001088,P1274,Platelet Count,623.68,x10^9/L,120–450,2024-02-21,High
LAB001089,P1274,Serum Creatinine,556.49,umol/L,55–200,2024-06-21,High
LAB001090,P1274,eGFR,72.99,mL/min,15–120,2022-02-21,Normal
LAB001091,P1274,Fasting Glucose,8.7,mmol/L,3.5–10.0,2024-10-09,Normal
LAB001092,P1275,Haemoglobin,13.62,g/dL,9.0–16.5,2024-12-10,Normal
LAB001093,P1275,Fasting Glucose,10.6,mmol/L,3.5–10.0,2023-08-10,High
LAB001094,P1275,LDL Cholesterol,6.67,mmol/L,1.5–5.0,2022-04-06,High
LAB001095,P1276,Serum Sodium,147.5,mmol/L,132–148,2023-08-15,Normal
LAB001096,P1276,Total Cholesterol,8.67,mmol/L,3.5–7.5,2022-05-21,High
LAB001097,P1276,LDL Cholesterol,2.76,mmol/L,1.5–5.0,2024-03-11,Normal
LAB001098,P1277,Total Cholesterol,2.01,mmol/L,3.5–7.5,2022-08-15,Low
LAB001099,P1277,Haemoglobin,7.0,g/dL,9.0–16.5,2024-07-25,Low
LAB001100,P1277,eGFR,57.01,mL/min,15–120,2022-07-18,Normal
LAB001101,P1277,LDL Cholesterol,5.63,mmol/L,1.5–5.0,2022-12-23,High
LAB001102,P1277,Serum Sodium,145.05,mmol/L,132–148,2022-07-29,Normal
LAB001103,P1278,Total Cholesterol,3.13,mmol/L,3.5–7.5,2024-03-23,Low
LAB001104,P1278,HDL Cholesterol,3.97,mmol/L,0.9–2.5,2024-05-13,High
LAB001105,P1278,White Cell Count,7.01,x10^9/L,3.5–14.0,2024-05-01,Normal
LAB001106,P1278,LDL Cholesterol,2.46,mmol/L,1.5–5.0,2022-02-25,Normal
LAB001107,P1279,eGFR,127.12,mL/min,15–120,2024-03-04,High
LAB001108,P1279,Serum Creatinine,368.1,umol/L,55–200,2024-09-16,High
LAB001109,P1279,CRP,278.1,mg/L,0.1–120,2023-03-20,High
LAB001110,P1279,White Cell Count,11.94,x10^9/L,3.5–14.0,2023-04-19,Normal
LAB001111,P1280,HbA1c,117.43,mmol/mol,28–75,2024-09-23,High
LAB001112,P1280,HDL Cholesterol,2.89,mmol/L,0.9–2.5,2023-04-12,High
LAB001113,P1281,Serum Sodium,143.07,mmol/L,132–148,2023-01-06,Normal
LAB001114,P1281,LDL Cholesterol,6.1,mmol/L,1.5–5.0,2022-10-24,High
LAB001115,P1281,CRP,233.86,mg/L,0.1–120,2022-08-21,High
LAB001116,P1281,Fasting Glucose,13.9,mmol/L,3.5–10.0,2022-12-10,High
LAB001117,P1281,Serum Creatinine,305.06,umol/L,55–200,2022-04-29,High
LAB001118,P1282,Serum Creatinine,54.9,umol/L,55–200,2023-06-26,Low
LAB001119,P1282,Platelet Count,87.41,x10^9/L,120–450,2022-10-25,Low
LAB001120,P1282,LDL Cholesterol,4.84,mmol/L,1.5–5.0,2022-06-17,Normal
LAB001121,P1282,HDL Cholesterol,2.4,mmol/L,0.9–2.5,2022-12-15,Normal
LAB001122,P1282,Fasting Glucose,4.31,mmol/L,3.5–10.0,2022-11-18,Normal
LAB001123,P1283,Haemoglobin,6.29,g/dL,9.0–16.5,2022-08-22,Low
LAB001124,P1283,Fasting Glucose,10.03,mmol/L,3.5–10.0,2024-03-31,High
LAB001125,P1283,White Cell Count,19.91,x10^9/L,3.5–14.0,2024-09-10,High
LAB001126,P1283,LDL Cholesterol,3.01,mmol/L,1.5–5.0,2024-07-06,Normal
LAB001127,P1284,Platelet Count,674.47,x10^9/L,120–450,2024-09-04,High
LAB001128,P1284,Serum Sodium,155.78,mmol/L,132–148,2024-07-08,High
LAB001129,P1284,TSH,18.73,mU/L,0.3–5.5,2022-04-27,High
LAB001130,P1284,INR,2.87,ratio,0.8–4.5,2022-10-04,Normal
LAB001131,P1284,White Cell Count,4.09,x10^9/L,3.5–14.0,2022-09-12,Normal
LAB001132,P1284,HDL Cholesterol,0.89,mmol/L,0.9–2.5,2024-04-18,Low
LAB001133,P1285,eGFR,16.87,mL/min,15–120,2024-12-30,Normal
LAB001134,P1285,Serum Creatinine,407.86,umol/L,55–200,2022-01-20,High
LAB001135,P1285,White Cell Count,13.55,x10^9/L,3.5–14.0,2024-10-05,Normal
LAB001136,P1285,Serum Sodium,128.45,mmol/L,132–148,2023-10-04,Low
LAB001137,P1286,INR,6.72,ratio,0.8–4.5,2022-12-11,High
LAB001138,P1286,LDL Cholesterol,4.97,mmol/L,1.5–5.0,2024-01-21,Normal
LAB001139,P1286,Fasting Glucose,16.99,mmol/L,3.5–10.0,2024-07-07,High
LAB001140,P1286,eGFR,107.25,mL/min,15–120,2024-04-28,Normal
LAB001141,P1286,CRP,31.1,mg/L,0.1–120,2023-09-17,Normal
LAB001142,P1287,eGFR,16.08,mL/min,15–120,2023-03-09,Normal
LAB001143,P1287,LDL Cholesterol,4.44,mmol/L,1.5–5.0,2022-04-20,Normal
LAB001144,P1287,Haemoglobin,11.49,g/dL,9.0–16.5,2022-12-08,Normal
LAB001145,P1287,White Cell Count,21.23,x10^9/L,3.5–14.0,2022-08-22,High
LAB001146,P1287,Serum Sodium,150.54,mmol/L,132–148,2022-01-27,High
LAB001147,P1287,Fasting Glucose,10.99,mmol/L,3.5–10.0,2024-05-22,High
LAB001148,P1288,Serum Creatinine,95.5,umol/L,55–200,2023-03-31,Normal
LAB001149,P1288,LDL Cholesterol,6.52,mmol/L,1.5–5.0,2023-02-03,High
LAB001150,P1288,TSH,12.65,mU/L,0.3–5.5,2022-09-04,High
LAB001151,P1288,Serum Potassium,6.01,mmol/L,3.2–5.5,2023-05-11,High
LAB001152,P1288,Total Cholesterol,2.77,mmol/L,3.5–7.5,2024-12-15,Low
LAB001153,P1289,HDL Cholesterol,1.59,mmol/L,0.9–2.5,2022-04-26,Normal
LAB001154,P1289,Platelet Count,232.0,x10^9/L,120–450,2022-12-01,Normal
LAB001155,P1289,HbA1c,128.25,mmol/mol,28–75,2023-08-29,High
LAB001156,P1289,TSH,11.15,mU/L,0.3–5.5,2023-11-13,High
LAB001157,P1290,LDL Cholesterol,7.38,mmol/L,1.5–5.0,2022-09-11,High
LAB001158,P1290,Serum Creatinine,117.29,umol/L,55–200,2023-07-25,Normal
LAB001159,P1290,Serum Sodium,159.97,mmol/L,132–148,2023-03-23,High
LAB001160,P1290,eGFR,80.47,mL/min,15–120,2022-11-12,Normal
LAB001161,P1290,CRP,43.74,mg/L,0.1–120,2023-10-22,Normal
LAB001162,P1290,Platelet Count,632.9,x10^9/L,120–450,2023-12-02,High
LAB001163,P1291,Haemoglobin,9.81,g/dL,9.0–16.5,2023-01-13,Normal
LAB001164,P1291,TSH,9.69,mU/L,0.3–5.5,2022-05-17,High
LAB001165,P1292,INR,7.28,ratio,0.8–4.5,2022-08-06,High
LAB001166,P1292,Haemoglobin,17.46,g/dL,9.0–16.5,2023-01-09,High
LAB001167,P1292,eGFR,93.33,mL/min,15–120,2024-04-11,Normal
LAB001168,P1292,Total Cholesterol,10.11,mmol/L,3.5–7.5,2022-09-06,High
LAB001169,P1293,eGFR,37.28,mL/min,15–120,2023-03-02,Normal
LAB001170,P1293,LDL Cholesterol,5.92,mmol/L,1.5–5.0,2023-05-31,High
LAB001171,P1293,Platelet Count,288.75,x10^9/L,120–450,2022-07-12,Normal
LAB001172,P1293,TSH,9.43,mU/L,0.3–5.5,2023-03-22,High
LAB001173,P1293,HDL Cholesterol,3.22,mmol/L,0.9–2.5,2023-05-12,High
LAB001174,P1293,Serum Creatinine,34.95,umol/L,55–200,2024-08-21,Low
LAB001175,P1294,eGFR,10.77,mL/min,15–120,2024-05-27,Low
LAB001176,P1294,White Cell Count,21.18,x10^9/L,3.5–14.0,2023-09-19,High
LAB001177,P1294,Serum Potassium,3.81,mmol/L,3.2–5.5,2024-08-09,Normal
LAB001178,P1294,Serum Sodium,125.42,mmol/L,132–148,2023-07-23,Low
LAB001179,P1294,Serum Creatinine,551.36,umol/L,55–200,2022-03-07,High
LAB001180,P1294,Platelet Count,471.8,x10^9/L,120–450,2022-12-27,High
LAB001181,P1295,Haemoglobin,14.9,g/dL,9.0–16.5,2023-01-21,Normal
LAB001182,P1295,CRP,98.65,mg/L,0.1–120,2022-07-10,Normal
LAB001183,P1296,eGFR,31.97,mL/min,15–120,2024-08-21,Normal
LAB001184,P1296,White Cell Count,6.57,x10^9/L,3.5–14.0,2024-05-28,Normal
LAB001185,P1296,Fasting Glucose,10.15,mmol/L,3.5–10.0,2024-09-06,High
LAB001186,P1296,TSH,20.78,mU/L,0.3–5.5,2022-09-05,High
LAB001187,P1296,LDL Cholesterol,4.09,mmol/L,1.5–5.0,2023-04-09,Normal
LAB001188,P1297,HbA1c,43.87,mmol/mol,28–75,2022-12-18,Normal
LAB001189,P1297,Serum Sodium,145.85,mmol/L,132–148,2023-07-08,Normal
LAB001190,P1297,Total Cholesterol,2.94,mmol/L,3.5–7.5,2024-12-11,Low
LAB001191,P1297,HDL Cholesterol,3.58,mmol/L,0.9–2.5,2023-04-16,High
LAB001192,P1298,eGFR,119.05,mL/min,15–120,2023-01-14,Normal
LAB001193,P1298,Serum Potassium,5.67,mmol/L,3.2–5.5,2024-06-07,High
LAB001194,P1299,HDL Cholesterol,0.85,mmol/L,0.9–2.5,2023-09-27,Low
LAB001195,P1299,HbA1c,72.23,mmol/mol,28–75,2022-12-11,Normal
LAB001196,P1299,Fasting Glucose,7.34,mmol/L,3.5–10.0,2023-07-09,Normal
LAB001197,P1299,White Cell Count,5.5,x10^9/L,3.5–14.0,2022-03-05,Normal
LAB001198,P1300,Serum Sodium,152.34,mmol/L,132–148,2024-01-24,High
LAB001199,P1300,HDL Cholesterol,0.53,mmol/L,0.9–2.5,2023-09-23,Low
LAB001200,P1300,LDL Cholesterol,3.79,mmol/L,1.5–5.0,2023-12-20,Normal
LAB001201,P1301,Fasting Glucose,15.25,mmol/L,3.5–10.0,2024-05-22,High
LAB001202,P1301,Serum Potassium,5.29,mmol/L,3.2–5.5,2023-11-20,Normal
LAB001203,P1302,HDL Cholesterol,0.86,mmol/L,0.9–2.5,2024-10-10,Low
LAB001204,P1302,HbA1c,83.28,mmol/mol,28–75,2022-05-14,High
LAB001205,P1302,Platelet Count,722.94,x10^9/L,120–450,2024-08-15,High
LAB001206,P1302,TSH,1.18,mU/L,0.3–5.5,2023-09-30,Normal
LAB001207,P1302,CRP,249.26,mg/L,0.1–120,2022-10-02,High
LAB001208,P1303,INR,5.25,ratio,0.8–4.5,2022-04-25,High
LAB001209,P1303,Serum Creatinine,319.89,umol/L,55–200,2023-01-02,High
LAB001210,P1303,Fasting Glucose,8.94,mmol/L,3.5–10.0,2022-06-05,Normal
LAB001211,P1303,Serum Potassium,5.34,mmol/L,3.2–5.5,2022-05-25,Normal
LAB001212,P1304,Serum Potassium,3.59,mmol/L,3.2–5.5,2023-10-17,Normal
LAB001213,P1304,LDL Cholesterol,5.12,mmol/L,1.5–5.0,2023-01-07,High
LAB001214,P1305,Platelet Count,410.21,x10^9/L,120–450,2024-02-21,Normal
LAB001215,P1305,Total Cholesterol,6.33,mmol/L,3.5–7.5,2024-05-17,Normal
LAB001216,P1305,HbA1c,127.99,mmol/mol,28–75,2022-12-10,High
LAB001217,P1305,Serum Potassium,4.85,mmol/L,3.2–5.5,2023-04-24,Normal
LAB001218,P1305,INR,2.24,ratio,0.8–4.5,2024-02-25,Normal
LAB001219,P1305,LDL Cholesterol,1.2,mmol/L,1.5–5.0,2023-05-28,Low
LAB001220,P1306,INR,5.19,ratio,0.8–4.5,2023-01-28,High
LAB001221,P1306,Fasting Glucose,12.96,mmol/L,3.5–10.0,2022-02-03,High
LAB001222,P1307,TSH,19.61,mU/L,0.3–5.5,2022-11-01,High
LAB001223,P1307,LDL Cholesterol,2.71,mmol/L,1.5–5.0,2024-02-15,Normal
LAB001224,P1307,CRP,127.45,mg/L,0.1–120,2022-12-30,High
LAB001225,P1307,HDL Cholesterol,2.29,mmol/L,0.9–2.5,2023-01-20,Normal
LAB001226,P1307,Total Cholesterol,4.7,mmol/L,3.5–7.5,2023-01-27,Normal
LAB001227,P1307,Serum Sodium,128.06,mmol/L,132–148,2023-09-07,Low
LAB001228,P1308,White Cell Count,14.71,x10^9/L,3.5–14.0,2022-07-29,High
LAB001229,P1308,Platelet Count,754.3,x10^9/L,120–450,2024-12-14,High
LAB001230,P1308,LDL Cholesterol,3.36,mmol/L,1.5–5.0,2023-06-06,Normal
LAB001231,P1308,TSH,21.95,mU/L,0.3–5.5,2024-11-05,High
LAB001232,P1308,HDL Cholesterol,2.02,mmol/L,0.9–2.5,2024-01-12,Normal
LAB001233,P1308,Serum Sodium,152.48,mmol/L,132–148,2022-12-26,High
LAB001234,P1309,LDL Cholesterol,3.38,mmol/L,1.5–5.0,2022-10-01,Normal
LAB001235,P1309,Serum Sodium,142.18,mmol/L,132–148,2023-12-05,Normal
LAB001236,P1309,White Cell Count,1.6,x10^9/L,3.5–14.0,2023-07-05,Low
LAB001237,P1309,Total Cholesterol,4.04,mmol/L,3.5–7.5,2022-02-14,Normal
LAB001238,P1310,INR,6.55,ratio,0.8–4.5,2024-02-04,High
LAB001239,P1310,Serum Creatinine,377.0,umol/L,55–200,2024-09-09,High
LAB001240,P1310,Total Cholesterol,10.44,mmol/L,3.5–7.5,2022-01-17,High
LAB001241,P1310,White Cell Count,8.21,x10^9/L,3.5–14.0,2024-05-24,Normal
LAB001242,P1310,Serum Potassium,6.03,mmol/L,3.2–5.5,2024-05-14,High
LAB001243,P1310,Serum Sodium,131.34,mmol/L,132–148,2023-03-06,Low
LAB001244,P1311,Platelet Count,296.1,x10^9/L,120–450,2023-06-14,Normal
LAB001245,P1311,Fasting Glucose,10.24,mmol/L,3.5–10.0,2024-12-07,High
LAB001246,P1311,Haemoglobin,8.82,g/dL,9.0–16.5,2022-03-19,Low
LAB001247,P1311,eGFR,100.25,mL/min,15–120,2023-11-28,Normal
LAB001248,P1312,Total Cholesterol,4.12,mmol/L,3.5–7.5,2023-07-17,Normal
LAB001249,P1312,White Cell Count,29.59,x10^9/L,3.5–14.0,2024-04-03,High
LAB001250,P1312,INR,5.5,ratio,0.8–4.5,2024-11-23,High
LAB001251,P1312,Haemoglobin,19.48,g/dL,9.0–16.5,2024-05-30,High
LAB001252,P1313,Platelet Count,392.74,x10^9/L,120–450,2024-04-16,Normal
LAB001253,P1313,White Cell Count,21.32,x10^9/L,3.5–14.0,2024-07-26,High
LAB001254,P1313,CRP,210.11,mg/L,0.1–120,2022-02-15,High
LAB001255,P1313,TSH,26.17,mU/L,0.3–5.5,2024-06-06,High
LAB001256,P1313,HDL Cholesterol,2.54,mmol/L,0.9–2.5,2022-06-24,High
LAB001257,P1314,Platelet Count,69.74,x10^9/L,120–450,2023-03-17,Low
LAB001258,P1314,Haemoglobin,17.18,g/dL,9.0–16.5,2023-06-18,High
LAB001259,P1314,Fasting Glucose,16.33,mmol/L,3.5–10.0,2024-07-06,High
LAB001260,P1314,TSH,3.09,mU/L,0.3–5.5,2024-03-14,Normal
LAB001261,P1315,INR,0.5,ratio,0.8–4.5,2023-11-25,Low
LAB001262,P1315,Serum Creatinine,73.65,umol/L,55–200,2024-10-31,Normal
LAB001263,P1315,eGFR,57.8,mL/min,15–120,2022-02-10,Normal
LAB001264,P1315,TSH,20.59,mU/L,0.3–5.5,2024-02-27,High
LAB001265,P1315,CRP,147.47,mg/L,0.1–120,2023-08-23,High
LAB001266,P1316,Platelet Count,203.31,x10^9/L,120–450,2023-03-01,Normal
LAB001267,P1316,Serum Sodium,158.79,mmol/L,132–148,2024-01-24,High
LAB001268,P1316,Serum Potassium,5.05,mmol/L,3.2–5.5,2024-06-09,Normal
LAB001269,P1316,Total Cholesterol,7.75,mmol/L,3.5–7.5,2023-11-03,High
LAB001270,P1317,CRP,97.33,mg/L,0.1–120,2022-02-04,Normal
LAB001271,P1317,HDL Cholesterol,2.76,mmol/L,0.9–2.5,2024-04-17,High
LAB001272,P1318,INR,3.07,ratio,0.8–4.5,2022-04-04,Normal
LAB001273,P1318,Serum Sodium,125.43,mmol/L,132–148,2023-06-26,Low
LAB001274,P1318,Platelet Count,725.93,x10^9/L,120–450,2024-06-09,High
LAB001275,P1318,LDL Cholesterol,1.04,mmol/L,1.5–5.0,2022-12-10,Low
LAB001276,P1318,Haemoglobin,18.59,g/dL,9.0–16.5,2024-07-01,High
LAB001277,P1319,HDL Cholesterol,3.46,mmol/L,0.9–2.5,2023-11-08,High
LAB001278,P1319,HbA1c,30.03,mmol/mol,28–75,2023-05-08,Normal
LAB001279,P1320,Serum Creatinine,460.67,umol/L,55–200,2023-09-09,High
LAB001280,P1320,INR,4.36,ratio,0.8–4.5,2022-05-27,Normal
LAB001281,P1320,Serum Sodium,145.17,mmol/L,132–148,2023-05-26,Normal
LAB001282,P1320,Haemoglobin,13.24,g/dL,9.0–16.5,2023-08-12,Normal
LAB001283,P1320,eGFR,76.62,mL/min,15–120,2024-04-13,Normal
LAB001284,P1320,Total Cholesterol,10.59,mmol/L,3.5–7.5,2022-04-17,High
LAB001285,P1321,LDL Cholesterol,0.64,mmol/L,1.5–5.0,2022-06-23,Low
LAB001286,P1321,Serum Creatinine,42.39,umol/L,55–200,2022-06-12,Low
LAB001287,P1321,White Cell Count,25.65,x10^9/L,3.5–14.0,2022-10-17,High
LAB001288,P1321,INR,3.79,ratio,0.8–4.5,2024-02-12,Normal
LAB001289,P1321,CRP,180.36,mg/L,0.1–120,2022-06-22,High
LAB001290,P1322,Serum Potassium,6.3,mmol/L,3.2–5.5,2022-10-29,High
LAB001291,P1322,LDL Cholesterol,7.3,mmol/L,1.5–5.0,2024-09-29,High
LAB001292,P1322,HbA1c,102.74,mmol/mol,28–75,2024-12-09,High
LAB001293,P1322,HDL Cholesterol,1.82,mmol/L,0.9–2.5,2024-08-30,Normal
LAB001294,P1322,CRP,14.73,mg/L,0.1–120,2023-03-19,Normal
LAB001295,P1322,White Cell Count,12.23,x10^9/L,3.5–14.0,2024-04-29,Normal
LAB001296,P1323,HbA1c,96.04,mmol/mol,28–75,2023-06-04,High
LAB001297,P1323,LDL Cholesterol,2.78,mmol/L,1.5–5.0,2023-07-31,Normal
LAB001298,P1323,Serum Sodium,128.45,mmol/L,132–148,2023-06-13,Low
LAB001299,P1324,White Cell Count,7.75,x10^9/L,3.5–14.0,2022-05-28,Normal
LAB001300,P1324,TSH,20.23,mU/L,0.3–5.5,2022-11-05,High
LAB001301,P1324,Platelet Count,197.13,x10^9/L,120–450,2024-01-30,Normal
LAB001302,P1324,eGFR,59.97,mL/min,15–120,2024-05-13,Normal
LAB001303,P1324,LDL Cholesterol,1.17,mmol/L,1.5–5.0,2022-04-08,Low
LAB001304,P1325,CRP,84.05,mg/L,0.1–120,2024-01-02,Normal
LAB001305,P1325,LDL Cholesterol,3.96,mmol/L,1.5–5.0,2024-05-26,Normal
LAB001306,P1325,Fasting Glucose,5.12,mmol/L,3.5–10.0,2024-04-26,Normal
LAB001307,P1325,Haemoglobin,18.46,g/dL,9.0–16.5,2024-03-05,High
LAB001308,P1325,HDL Cholesterol,1.36,mmol/L,0.9–2.5,2024-03-14,Normal
LAB001309,P1326,White Cell Count,18.81,x10^9/L,3.5–14.0,2024-09-27,High
LAB001310,P1326,Serum Creatinine,493.82,umol/L,55–200,2023-06-27,High
LAB001311,P1326,Serum Sodium,151.34,mmol/L,132–148,2024-02-06,High
LAB001312,P1326,HbA1c,130.39,mmol/mol,28–75,2023-08-11,High
LAB001313,P1326,CRP,195.05,mg/L,0.1–120,2023-08-08,High
LAB001314,P1327,Serum Sodium,137.85,mmol/L,132–148,2024-07-30,Normal
LAB001315,P1327,Serum Creatinine,478.71,umol/L,55–200,2022-02-26,High
LAB001316,P1327,Total Cholesterol,11.62,mmol/L,3.5–7.5,2023-05-07,High
LAB001317,P1327,Platelet Count,407.15,x10^9/L,120–450,2024-08-11,Normal
LAB001318,P1327,INR,3.65,ratio,0.8–4.5,2024-08-31,Normal
LAB001319,P1327,LDL Cholesterol,2.61,mmol/L,1.5–5.0,2023-06-28,Normal
LAB001320,P1328,HbA1c,95.83,mmol/mol,28–75,2023-12-28,High
LAB001321,P1328,INR,1.1,ratio,0.8–4.5,2024-06-30,Normal
LAB001322,P1328,Haemoglobin,10.91,g/dL,9.0–16.5,2023-09-03,Normal
LAB001323,P1329,Fasting Glucose,15.58,mmol/L,3.5–10.0,2023-03-02,High
LAB001324,P1329,Serum Creatinine,401.49,umol/L,55–200,2023-03-02,High
LAB001325,P1330,Platelet Count,93.64,x10^9/L,120–450,2022-03-08,Low
LAB001326,P1330,CRP,193.04,mg/L,0.1–120,2022-04-06,High
LAB001327,P1331,INR,3.49,ratio,0.8–4.5,2024-11-02,Normal
LAB001328,P1331,HDL Cholesterol,1.03,mmol/L,0.9–2.5,2023-08-18,Normal
LAB001329,P1331,Serum Sodium,148.89,mmol/L,132–148,2023-12-05,High
LAB001330,P1331,HbA1c,63.95,mmol/mol,28–75,2023-11-15,Normal
LAB001331,P1331,eGFR,86.84,mL/min,15–120,2024-05-15,Normal
LAB001332,P1331,Serum Creatinine,238.31,umol/L,55–200,2023-12-02,High
LAB001333,P1332,CRP,39.13,mg/L,0.1–120,2024-04-22,Normal
LAB001334,P1332,LDL Cholesterol,3.72,mmol/L,1.5–5.0,2022-03-07,Normal
LAB001335,P1332,Serum Potassium,5.16,mmol/L,3.2–5.5,2022-01-28,Normal
LAB001336,P1333,HDL Cholesterol,0.6,mmol/L,0.9–2.5,2022-06-11,Low
LAB001337,P1333,Haemoglobin,6.98,g/dL,9.0–16.5,2023-05-18,Low
LAB001338,P1334,Platelet Count,668.35,x10^9/L,120–450,2022-06-09,High
LAB001339,P1334,TSH,2.37,mU/L,0.3–5.5,2024-10-24,Normal
LAB001340,P1334,Serum Potassium,4.84,mmol/L,3.2–5.5,2024-03-28,Normal
LAB001341,P1334,Serum Creatinine,505.12,umol/L,55–200,2022-06-14,High
LAB001342,P1335,White Cell Count,20.8,x10^9/L,3.5–14.0,2023-10-14,High
LAB001343,P1335,Fasting Glucose,11.04,mmol/L,3.5–10.0,2024-07-06,High
LAB001344,P1336,eGFR,96.27,mL/min,15–120,2024-08-21,Normal
LAB001345,P1336,CRP,134.66,mg/L,0.1–120,2022-07-10,High
LAB001346,P1336,Fasting Glucose,11.19,mmol/L,3.5–10.0,2024-04-16,High
LAB001347,P1336,HDL Cholesterol,2.29,mmol/L,0.9–2.5,2022-01-01,Normal
LAB001348,P1337,Serum Sodium,136.46,mmol/L,132–148,2024-02-25,Normal
LAB001349,P1337,Haemoglobin,13.67,g/dL,9.0–16.5,2022-10-29,Normal
LAB001350,P1337,CRP,212.48,mg/L,0.1–120,2022-02-02,High
LAB001351,P1337,Platelet Count,605.28,x10^9/L,120–450,2022-09-30,High
LAB001352,P1338,eGFR,51.87,mL/min,15–120,2024-12-14,Normal
LAB001353,P1338,Serum Creatinine,395.89,umol/L,55–200,2022-05-19,High
LAB001354,P1338,Platelet Count,257.17,x10^9/L,120–450,2022-12-03,Normal
LAB001355,P1338,TSH,21.04,mU/L,0.3–5.5,2023-04-20,High
LAB001356,P1339,Serum Sodium,142.97,mmol/L,132–148,2023-01-16,Normal
LAB001357,P1339,Total Cholesterol,6.96,mmol/L,3.5–7.5,2023-08-09,Normal
LAB001358,P1340,Serum Creatinine,507.76,umol/L,55–200,2023-05-11,High
LAB001359,P1340,HDL Cholesterol,2.68,mmol/L,0.9–2.5,2024-05-14,High
LAB001360,P1341,CRP,76.09,mg/L,0.1–120,2023-12-28,Normal
LAB001361,P1341,Total Cholesterol,2.67,mmol/L,3.5–7.5,2022-06-30,Low
LAB001362,P1341,Fasting Glucose,11.57,mmol/L,3.5–10.0,2024-02-10,High
LAB001363,P1342,HDL Cholesterol,1.58,mmol/L,0.9–2.5,2023-05-14,Normal
LAB001364,P1342,Haemoglobin,8.98,g/dL,9.0–16.5,2022-07-04,Low
LAB001365,P1343,Haemoglobin,10.75,g/dL,9.0–16.5,2023-06-19,Normal
LAB001366,P1343,Serum Sodium,138.21,mmol/L,132–148,2023-09-12,Normal
LAB001367,P1343,INR,6.71,ratio,0.8–4.5,2022-01-06,High
LAB001368,P1343,White Cell Count,6.45,x10^9/L,3.5–14.0,2023-06-22,Normal
LAB001369,P1344,Fasting Glucose,5.0,mmol/L,3.5–10.0,2023-04-08,Normal
LAB001370,P1344,HbA1c,160.96,mmol/mol,28–75,2024-09-11,High
LAB001371,P1344,Serum Sodium,145.81,mmol/L,132–148,2024-01-02,Normal
LAB001372,P1344,Serum Potassium,6.96,mmol/L,3.2–5.5,2024-04-12,High
LAB001373,P1345,HDL Cholesterol,0.83,mmol/L,0.9–2.5,2022-07-04,Low
LAB001374,P1345,INR,7.77,ratio,0.8–4.5,2024-01-21,High
LAB001375,P1345,Haemoglobin,7.07,g/dL,9.0–16.5,2023-01-20,Low
LAB001376,P1345,TSH,0.27,mU/L,0.3–5.5,2023-12-29,Low
LAB001377,P1345,CRP,154.28,mg/L,0.1–120,2023-02-05,High
LAB001378,P1346,CRP,160.4,mg/L,0.1–120,2022-06-10,High
LAB001379,P1346,eGFR,48.66,mL/min,15–120,2024-12-15,Normal
LAB001380,P1346,TSH,23.28,mU/L,0.3–5.5,2024-01-17,High
LAB001381,P1346,Serum Creatinine,393.49,umol/L,55–200,2022-09-01,High
LAB001382,P1347,White Cell Count,24.4,x10^9/L,3.5–14.0,2022-04-29,High
LAB001383,P1347,Platelet Count,656.63,x10^9/L,120–450,2024-12-06,High
LAB001384,P1347,Serum Creatinine,203.05,umol/L,55–200,2022-06-05,High
LAB001385,P1347,TSH,27.5,mU/L,0.3–5.5,2024-02-08,High
LAB001386,P1347,INR,2.98,ratio,0.8–4.5,2024-11-28,Normal
LAB001387,P1348,eGFR,48.15,mL/min,15–120,2022-12-31,Normal
LAB001388,P1348,Haemoglobin,9.01,g/dL,9.0–16.5,2023-02-25,Normal
LAB001389,P1349,Platelet Count,283.29,x10^9/L,120–450,2022-07-07,Normal
LAB001390,P1349,LDL Cholesterol,4.61,mmol/L,1.5–5.0,2022-03-26,Normal
LAB001391,P1350,LDL Cholesterol,0.99,mmol/L,1.5–5.0,2023-06-13,Low
LAB001392,P1350,White Cell Count,26.12,x10^9/L,3.5–14.0,2023-01-23,High
LAB001393,P1351,Total Cholesterol,5.12,mmol/L,3.5–7.5,2022-11-18,Normal
LAB001394,P1351,Serum Sodium,124.11,mmol/L,132–148,2024-01-28,Low
LAB001395,P1351,Platelet Count,480.67,x10^9/L,120–450,2023-05-11,High
LAB001396,P1351,CRP,293.42,mg/L,0.1–120,2022-04-17,High
LAB001397,P1352,Serum Sodium,126.19,mmol/L,132–148,2023-01-31,Low
LAB001398,P1352,Fasting Glucose,7.31,mmol/L,3.5–10.0,2022-06-28,Normal
LAB001399,P1352,Total Cholesterol,4.96,mmol/L,3.5–7.5,2024-04-02,Normal
LAB001400,P1352,INR,1.16,ratio,0.8–4.5,2023-05-26,Normal
LAB001401,P1352,White Cell Count,3.43,x10^9/L,3.5–14.0,2023-12-31,Low
LAB001402,P1352,Serum Creatinine,236.59,umol/L,55–200,2022-04-21,High
LAB001403,P1353,Serum Creatinine,52.23,umol/L,55–200,2022-05-01,Low
LAB001404,P1353,LDL Cholesterol,6.56,mmol/L,1.5–5.0,2023-08-31,High
LAB001405,P1354,Haemoglobin,13.46,g/dL,9.0–16.5,2022-07-24,Normal
LAB001406,P1354,CRP,268.12,mg/L,0.1–120,2024-04-14,High
LAB001407,P1355,Platelet Count,626.04,x10^9/L,120–450,2023-10-17,High
LAB001408,P1355,White Cell Count,14.24,x10^9/L,3.5–14.0,2024-06-04,High
LAB001409,P1355,HDL Cholesterol,1.33,mmol/L,0.9–2.5,2023-09-18,Normal
LAB001410,P1355,Serum Potassium,3.63,mmol/L,3.2–5.5,2023-09-14,Normal
LAB001411,P1356,TSH,22.26,mU/L,0.3–5.5,2023-01-12,High
LAB001412,P1356,White Cell Count,18.33,x10^9/L,3.5–14.0,2022-07-21,High
LAB001413,P1357,eGFR,38.36,mL/min,15–120,2022-11-09,Normal
LAB001414,P1357,Platelet Count,91.31,x10^9/L,120–450,2023-09-21,Low
LAB001415,P1357,INR,5.63,ratio,0.8–4.5,2022-07-30,High
LAB001416,P1358,eGFR,119.71,mL/min,15–120,2024-02-23,Normal
LAB001417,P1358,Fasting Glucose,19.68,mmol/L,3.5–10.0,2024-02-19,High
LAB001418,P1359,Fasting Glucose,4.88,mmol/L,3.5–10.0,2023-05-28,Normal
LAB001419,P1359,HbA1c,44.12,mmol/mol,28–75,2022-09-10,Normal
LAB001420,P1359,INR,3.53,ratio,0.8–4.5,2022-10-17,Normal
LAB001421,P1359,Serum Sodium,136.7,mmol/L,132–148,2024-10-28,Normal
LAB001422,P1359,White Cell Count,27.83,x10^9/L,3.5–14.0,2022-11-08,High
LAB001423,P1359,Total Cholesterol,8.87,mmol/L,3.5–7.5,2024-10-19,High
LAB001424,P1360,CRP,195.15,mg/L,0.1–120,2024-02-20,High
LAB001425,P1360,Serum Potassium,6.18,mmol/L,3.2–5.5,2024-02-21,High
LAB001426,P1360,eGFR,124.33,mL/min,15–120,2022-03-04,High
LAB001427,P1360,Total Cholesterol,7.29,mmol/L,3.5–7.5,2023-07-09,Normal
LAB001428,P1361,Platelet Count,58.34,x10^9/L,120–450,2023-04-17,Low
LAB001429,P1361,TSH,4.18,mU/L,0.3–5.5,2023-12-22,Normal
LAB001430,P1361,Serum Sodium,139.69,mmol/L,132–148,2022-09-29,Normal
LAB001431,P1361,Fasting Glucose,11.92,mmol/L,3.5–10.0,2024-07-22,High
LAB001432,P1361,HbA1c,28.85,mmol/mol,28–75,2023-02-17,Normal
LAB001433,P1362,Total Cholesterol,11.6,mmol/L,3.5–7.5,2024-08-06,High
LAB001434,P1362,HbA1c,184.32,mmol/mol,28–75,2023-07-02,High
LAB001435,P1362,INR,4.69,ratio,0.8–4.5,2024-10-07,High
LAB001436,P1363,HDL Cholesterol,2.45,mmol/L,0.9–2.5,2022-09-08,Normal
LAB001437,P1363,TSH,4.35,mU/L,0.3–5.5,2023-12-18,Normal
LAB001438,P1363,LDL Cholesterol,1.16,mmol/L,1.5–5.0,2023-11-17,Low
LAB001439,P1364,CRP,13.5,mg/L,0.1–120,2024-11-14,Normal
LAB001440,P1364,Serum Sodium,155.38,mmol/L,132–148,2022-02-17,High
LAB001441,P1364,TSH,21.2,mU/L,0.3–5.5,2022-10-29,High
LAB001442,P1365,eGFR,74.05,mL/min,15–120,2022-12-22,Normal
LAB001443,P1365,HbA1c,162.43,mmol/mol,28–75,2023-01-08,High
LAB001444,P1365,TSH,7.87,mU/L,0.3–5.5,2024-05-07,High
LAB001445,P1365,CRP,234.97,mg/L,0.1–120,2023-09-08,High
LAB001446,P1365,INR,7.15,ratio,0.8–4.5,2023-06-24,High
LAB001447,P1365,HDL Cholesterol,2.08,mmol/L,0.9–2.5,2024-03-28,Normal
LAB001448,P1366,Serum Creatinine,526.26,umol/L,55–200,2024-10-26,High
LAB001449,P1366,HbA1c,194.97,mmol/mol,28–75,2024-10-31,High
LAB001450,P1366,Serum Sodium,133.22,mmol/L,132–148,2024-03-14,Normal
LAB001451,P1366,Platelet Count,772.2,x10^9/L,120–450,2023-06-16,High
LAB001452,P1366,INR,2.03,ratio,0.8–4.5,2022-07-12,Normal
LAB001453,P1366,HDL Cholesterol,3.65,mmol/L,0.9–2.5,2023-11-06,High
LAB001454,P1367,eGFR,69.35,mL/min,15–120,2024-10-04,Normal
LAB001455,P1367,TSH,15.93,mU/L,0.3–5.5,2024-11-11,High
LAB001456,P1367,Total Cholesterol,6.43,mmol/L,3.5–7.5,2024-02-20,Normal
LAB001457,P1367,LDL Cholesterol,3.11,mmol/L,1.5–5.0,2023-05-02,Normal
LAB001458,P1368,LDL Cholesterol,5.44,mmol/L,1.5–5.0,2022-04-18,High
LAB001459,P1368,eGFR,57.09,mL/min,15–120,2022-09-20,Normal
LAB001460,P1369,INR,7.14,ratio,0.8–4.5,2022-07-20,High
LAB001461,P1369,Platelet Count,649.52,x10^9/L,120–450,2023-02-01,High
LAB001462,P1369,HbA1c,120.08,mmol/mol,28–75,2022-01-19,High
LAB001463,P1370,Haemoglobin,15.32,g/dL,9.0–16.5,2024-07-04,Normal
LAB001464,P1370,INR,7.27,ratio,0.8–4.5,2022-06-13,High
LAB001465,P1370,Platelet Count,615.25,x10^9/L,120–450,2022-02-01,High
LAB001466,P1370,HDL Cholesterol,1.25,mmol/L,0.9–2.5,2022-02-04,Normal
LAB001467,P1371,Serum Creatinine,440.99,umol/L,55–200,2023-06-10,High
LAB001468,P1371,Fasting Glucose,17.42,mmol/L,3.5–10.0,2024-12-03,High
LAB001469,P1371,TSH,17.61,mU/L,0.3–5.5,2023-10-23,High
LAB001470,P1372,White Cell Count,17.52,x10^9/L,3.5–14.0,2023-09-23,High
LAB001471,P1372,Total Cholesterol,2.73,mmol/L,3.5–7.5,2022-09-07,Low
LAB001472,P1372,Serum Sodium,130.38,mmol/L,132–148,2022-04-08,Low
LAB001473,P1373,LDL Cholesterol,4.71,mmol/L,1.5–5.0,2024-01-05,Normal
LAB001474,P1373,HDL Cholesterol,3.59,mmol/L,0.9–2.5,2024-04-17,High
LAB001475,P1373,Haemoglobin,12.64,g/dL,9.0–16.5,2022-04-26,Normal
LAB001476,P1373,Total Cholesterol,10.2,mmol/L,3.5–7.5,2023-11-10,High
LAB001477,P1374,Total Cholesterol,5.94,mmol/L,3.5–7.5,2022-01-17,Normal
LAB001478,P1374,Serum Potassium,6.04,mmol/L,3.2–5.5,2023-06-08,High
LAB001479,P1374,Serum Sodium,154.58,mmol/L,132–148,2024-11-24,High
LAB001480,P1375,INR,6.76,ratio,0.8–4.5,2023-11-11,High
LAB001481,P1375,Serum Potassium,3.9,mmol/L,3.2–5.5,2022-11-02,Normal
LAB001482,P1375,White Cell Count,18.2,x10^9/L,3.5–14.0,2022-12-08,High
LAB001483,P1375,Serum Sodium,134.7,mmol/L,132–148,2024-12-31,Normal
LAB001484,P1375,eGFR,87.94,mL/min,15–120,2022-11-22,Normal
LAB001485,P1376,CRP,158.13,mg/L,0.1–120,2022-11-12,High
LAB001486,P1376,Total Cholesterol,4.45,mmol/L,3.5–7.5,2023-03-06,Normal
LAB001487,P1376,Serum Sodium,121.67,mmol/L,132–148,2024-11-10,Low
LAB001488,P1376,White Cell Count,15.91,x10^9/L,3.5–14.0,2024-05-24,High
LAB001489,P1376,HbA1c,116.33,mmol/mol,28–75,2023-09-03,High
LAB001490,P1376,Fasting Glucose,14.27,mmol/L,3.5–10.0,2024-05-15,High
LAB001491,P1377,CRP,5.64,mg/L,0.1–120,2024-03-28,Normal
LAB001492,P1377,eGFR,39.82,mL/min,15–120,2023-03-25,Normal
LAB001493,P1377,Serum Potassium,4.4,mmol/L,3.2–5.5,2023-07-05,Normal
LAB001494,P1377,Haemoglobin,16.28,g/dL,9.0–16.5,2023-10-29,Normal
LAB001495,P1377,White Cell Count,25.1,x10^9/L,3.5–14.0,2024-08-30,High
LAB001496,P1378,Total Cholesterol,8.36,mmol/L,3.5–7.5,2022-06-16,High
LAB001497,P1378,Fasting Glucose,18.88,mmol/L,3.5–10.0,2023-10-23,High
LAB001498,P1378,LDL Cholesterol,7.23,mmol/L,1.5–5.0,2023-11-07,High
LAB001499,P1378,Serum Creatinine,371.83,umol/L,55–200,2022-11-21,High
LAB001500,P1379,Serum Sodium,158.61,mmol/L,132–148,2022-06-28,High
LAB001501,P1379,Platelet Count,775.23,x10^9/L,120–450,2022-05-12,High
LAB001502,P1379,Haemoglobin,15.88,g/dL,9.0–16.5,2023-08-20,Normal
LAB001503,P1379,HDL Cholesterol,3.9,mmol/L,0.9–2.5,2024-03-01,High
LAB001504,P1379,White Cell Count,20.83,x10^9/L,3.5–14.0,2022-11-17,High
LAB001505,P1379,TSH,12.86,mU/L,0.3–5.5,2023-10-24,High
LAB001506,P1380,INR,5.39,ratio,0.8–4.5,2024-10-06,High
LAB001507,P1380,Serum Sodium,136.98,mmol/L,132–148,2023-11-17,Normal
LAB001508,P1381,HDL Cholesterol,1.74,mmol/L,0.9–2.5,2023-10-14,Normal
LAB001509,P1381,Platelet Count,103.96,x10^9/L,120–450,2024-01-04,Low
LAB001510,P1381,eGFR,102.33,mL/min,15–120,2024-06-11,Normal
LAB001511,P1382,CRP,132.24,mg/L,0.1–120,2024-05-24,High
LAB001512,P1382,Fasting Glucose,6.28,mmol/L,3.5–10.0,2022-01-17,Normal
LAB001513,P1382,Platelet Count,735.14,x10^9/L,120–450,2022-04-13,High
LAB001514,P1382,eGFR,75.72,mL/min,15–120,2023-02-28,Normal
LAB001515,P1383,Serum Sodium,153.4,mmol/L,132–148,2024-03-22,High
LAB001516,P1383,White Cell Count,23.74,x10^9/L,3.5–14.0,2022-03-19,High
LAB001517,P1383,Total Cholesterol,2.86,mmol/L,3.5–7.5,2023-11-02,Low
LAB001518,P1383,HbA1c,123.61,mmol/mol,28–75,2022-11-14,High
LAB001519,P1384,CRP,37.96,mg/L,0.1–120,2023-07-30,Normal
LAB001520,P1384,HDL Cholesterol,3.16,mmol/L,0.9–2.5,2023-03-17,High
LAB001521,P1384,Total Cholesterol,5.05,mmol/L,3.5–7.5,2022-12-09,Normal
LAB001522,P1385,eGFR,83.55,mL/min,15–120,2023-06-05,Normal
LAB001523,P1385,CRP,130.82,mg/L,0.1–120,2022-04-11,High
LAB001524,P1385,White Cell Count,28.69,x10^9/L,3.5–14.0,2024-11-02,High
LAB001525,P1385,HbA1c,194.75,mmol/mol,28–75,2023-07-17,High
LAB001526,P1385,Platelet Count,56.08,x10^9/L,120–450,2023-02-22,Low
LAB001527,P1386,CRP,1.6,mg/L,0.1–120,2023-11-15,Normal
LAB001528,P1386,HDL Cholesterol,3.55,mmol/L,0.9–2.5,2024-06-17,High
LAB001529,P1386,White Cell Count,22.68,x10^9/L,3.5–14.0,2024-02-07,High
LAB001530,P1387,eGFR,45.79,mL/min,15–120,2023-07-13,Normal
LAB001531,P1387,CRP,125.11,mg/L,0.1–120,2022-02-02,High
LAB001532,P1387,Serum Sodium,133.8,mmol/L,132–148,2022-11-12,Normal
LAB001533,P1387,Haemoglobin,18.49,g/dL,9.0–16.5,2022-03-25,High
LAB001534,P1387,Fasting Glucose,13.07,mmol/L,3.5–10.0,2024-06-14,High
LAB001535,P1387,Serum Creatinine,306.2,umol/L,55–200,2023-07-02,High
LAB001536,P1388,Serum Potassium,2.24,mmol/L,3.2–5.5,2023-11-13,Low
LAB001537,P1388,Serum Sodium,149.98,mmol/L,132–148,2024-03-20,High
LAB001538,P1388,Total Cholesterol,11.25,mmol/L,3.5–7.5,2023-09-05,High
LAB001539,P1388,Haemoglobin,14.74,g/dL,9.0–16.5,2022-05-09,Normal
LAB001540,P1388,TSH,3.22,mU/L,0.3–5.5,2022-11-10,Normal
LAB001541,P1389,INR,6.52,ratio,0.8–4.5,2024-01-17,High
LAB001542,P1389,Serum Creatinine,450.58,umol/L,55–200,2022-12-16,High
LAB001543,P1389,eGFR,127.64,mL/min,15–120,2024-01-02,High
LAB001544,P1389,Haemoglobin,19.58,g/dL,9.0–16.5,2023-03-22,High
LAB001545,P1389,Serum Potassium,4.79,mmol/L,3.2–5.5,2022-02-10,Normal
LAB001546,P1389,Total Cholesterol,8.74,mmol/L,3.5–7.5,2024-07-18,High
LAB001547,P1390,INR,1.17,ratio,0.8–4.5,2022-11-22,Normal
LAB001548,P1390,Serum Creatinine,250.18,umol/L,55–200,2024-05-03,High
LAB001549,P1390,White Cell Count,8.53,x10^9/L,3.5–14.0,2024-01-30,Normal
LAB001550,P1390,Total Cholesterol,5.98,mmol/L,3.5–7.5,2024-11-14,Normal
LAB001551,P1391,HDL Cholesterol,2.06,mmol/L,0.9–2.5,2022-02-15,Normal
LAB001552,P1391,Serum Sodium,153.25,mmol/L,132–148,2023-12-05,High
LAB001553,P1391,eGFR,15.27,mL/min,15–120,2022-07-24,Normal
LAB001554,P1391,HbA1c,129.29,mmol/mol,28–75,2022-05-13,High
LAB001555,P1392,Haemoglobin,14.02,g/dL,9.0–16.5,2023-07-22,Normal
LAB001556,P1392,Serum Creatinine,200.39,umol/L,55–200,2023-09-21,High
LAB001557,P1392,INR,5.03,ratio,0.8–4.5,2022-12-05,High
LAB001558,P1392,Fasting Glucose,8.1,mmol/L,3.5–10.0,2022-07-25,Normal
LAB001559,P1392,Total Cholesterol,6.29,mmol/L,3.5–7.5,2023-07-19,Normal
LAB001560,P1393,White Cell Count,23.64,x10^9/L,3.5–14.0,2023-11-20,High
LAB001561,P1393,Total Cholesterol,8.63,mmol/L,3.5–7.5,2024-09-01,High
LAB001562,P1393,CRP,81.71,mg/L,0.1–120,2024-06-30,Normal
LAB001563,P1393,Serum Potassium,4.17,mmol/L,3.2–5.5,2024-02-16,Normal
LAB001564,P1393,LDL Cholesterol,6.35,mmol/L,1.5–5.0,2022-03-17,High
LAB001565,P1393,TSH,14.45,mU/L,0.3–5.5,2024-01-11,High
LAB001566,P1394,HDL Cholesterol,2.77,mmol/L,0.9–2.5,2023-03-07,High
LAB001567,P1394,Serum Sodium,145.55,mmol/L,132–148,2023-09-19,Normal
LAB001568,P1394,Platelet Count,216.99,x10^9/L,120–450,2024-06-03,Normal
LAB001569,P1394,CRP,161.16,mg/L,0.1–120,2024-10-05,High
LAB001570,P1395,Serum Creatinine,264.0,umol/L,55–200,2022-12-24,High
LAB001571,P1395,INR,7.63,ratio,0.8–4.5,2022-01-06,High
LAB001572,P1396,HDL Cholesterol,3.81,mmol/L,0.9–2.5,2023-05-09,High
LAB001573,P1396,TSH,8.96,mU/L,0.3–5.5,2022-08-19,High
LAB001574,P1396,Platelet Count,309.33,x10^9/L,120–450,2024-01-08,Normal
LAB001575,P1396,HbA1c,126.87,mmol/mol,28–75,2024-08-13,High
LAB001576,P1396,Haemoglobin,7.75,g/dL,9.0–16.5,2022-04-15,Low
LAB001577,P1396,eGFR,88.0,mL/min,15–120,2022-08-13,Normal
LAB001578,P1397,Serum Creatinine,173.79,umol/L,55–200,2024-07-20,Normal
LAB001579,P1397,Serum Potassium,6.29,mmol/L,3.2–5.5,2023-08-13,High
LAB001580,P1398,HDL Cholesterol,2.93,mmol/L,0.9–2.5,2024-09-17,High
LAB001581,P1398,LDL Cholesterol,1.5,mmol/L,1.5–5.0,2023-12-23,Normal
LAB001582,P1398,Serum Potassium,6.71,mmol/L,3.2–5.5,2024-08-17,High
LAB001583,P1398,Fasting Glucose,19.31,mmol/L,3.5–10.0,2023-11-21,High
LAB001584,P1398,TSH,12.04,mU/L,0.3–5.5,2022-08-01,High
LAB001585,P1398,CRP,67.05,mg/L,0.1–120,2023-07-08,Normal
LAB001586,P1399,HDL Cholesterol,3.56,mmol/L,0.9–2.5,2024-02-06,High
LAB001587,P1399,Fasting Glucose,10.42,mmol/L,3.5–10.0,2023-10-06,High
LAB001588,P1399,eGFR,23.96,mL/min,15–120,2022-10-24,Normal
LAB001589,P1399,White Cell Count,16.56,x10^9/L,3.5–14.0,2024-02-03,High
LAB001590,P1399,Serum Creatinine,229.23,umol/L,55–200,2022-02-06,High
LAB001591,P1400,TSH,24.99,mU/L,0.3–5.5,2024-01-12,High
LAB001592,P1400,INR,7.46,ratio,0.8–4.5,2022-07-20,High
LAB001593,P1400,Serum Creatinine,402.56,umol/L,55–200,2024-04-04,High
LAB001594,P1400,Haemoglobin,6.62,g/dL,9.0–16.5,2024-12-23,Low
LAB001595,P1400,Platelet Count,630.06,x10^9/L,120–450,2023-06-22,High
LAB001596,P1400,HDL Cholesterol,2.7,mmol/L,0.9–2.5,2022-08-29,High
LAB001597,P1401,eGFR,31.68,mL/min,15–120,2023-09-11,Normal
LAB001598,P1401,Total Cholesterol,6.44,mmol/L,3.5–7.5,2023-09-08,Normal
LAB001599,P1401,LDL Cholesterol,0.64,mmol/L,1.5–5.0,2022-07-28,Low
LAB001600,P1402,eGFR,84.2,mL/min,15–120,2022-07-16,Normal
LAB001601,P1402,TSH,7.64,mU/L,0.3–5.5,2024-10-06,High
LAB001602,P1402,Platelet Count,552.08,x10^9/L,120–450,2024-09-28,High
LAB001603,P1402,Haemoglobin,16.09,g/dL,9.0–16.5,2023-05-18,Normal
LAB001604,P1403,Fasting Glucose,7.75,mmol/L,3.5–10.0,2023-11-28,Normal
LAB001605,P1403,White Cell Count,29.85,x10^9/L,3.5–14.0,2024-11-27,High
LAB001606,P1403,Serum Creatinine,436.33,umol/L,55–200,2024-10-19,High
LAB001607,P1403,Serum Sodium,157.55,mmol/L,132–148,2024-02-03,High
LAB001608,P1404,HbA1c,129.53,mmol/mol,28–75,2024-03-06,High
LAB001609,P1404,Fasting Glucose,3.81,mmol/L,3.5–10.0,2022-06-09,Normal
LAB001610,P1404,Haemoglobin,12.44,g/dL,9.0–16.5,2022-03-05,Normal
LAB001611,P1404,CRP,197.75,mg/L,0.1–120,2022-03-22,High
LAB001612,P1404,LDL Cholesterol,6.18,mmol/L,1.5–5.0,2024-06-16,High
LAB001613,P1405,eGFR,76.6,mL/min,15–120,2023-07-07,Normal
LAB001614,P1405,Haemoglobin,14.04,g/dL,9.0–16.5,2024-09-28,Normal
LAB001615,P1406,eGFR,44.23,mL/min,15–120,2022-07-20,Normal
LAB001616,P1406,Serum Sodium,135.91,mmol/L,132–148,2022-11-16,Normal
LAB001617,P1406,Platelet Count,132.38,x10^9/L,120–450,2024-01-18,Normal
LAB001618,P1406,Total Cholesterol,7.78,mmol/L,3.5–7.5,2023-04-30,High
LAB001619,P1406,White Cell Count,20.27,x10^9/L,3.5–14.0,2024-05-18,High
LAB001620,P1406,Serum Creatinine,283.75,umol/L,55–200,2023-05-27,High
LAB001621,P1407,LDL Cholesterol,8.0,mmol/L,1.5–5.0,2024-01-24,High
LAB001622,P1407,TSH,26.38,mU/L,0.3–5.5,2023-12-31,High
LAB001623,P1407,eGFR,92.9,mL/min,15–120,2024-04-14,Normal
LAB001624,P1407,Haemoglobin,6.64,g/dL,9.0–16.5,2022-04-29,Low
LAB001625,P1408,Total Cholesterol,4.7,mmol/L,3.5–7.5,2022-06-24,Normal
LAB001626,P1408,CRP,290.11,mg/L,0.1–120,2023-04-18,High
LAB001627,P1408,White Cell Count,24.22,x10^9/L,3.5–14.0,2022-08-07,High
LAB001628,P1408,TSH,22.6,mU/L,0.3–5.5,2022-01-15,High
LAB001629,P1408,LDL Cholesterol,1.06,mmol/L,1.5–5.0,2023-01-24,Low
LAB001630,P1409,Platelet Count,733.08,x10^9/L,120–450,2023-09-27,High
LAB001631,P1409,Haemoglobin,8.31,g/dL,9.0–16.5,2023-09-27,Low
LAB001632,P1410,LDL Cholesterol,4.1,mmol/L,1.5–5.0,2024-04-27,Normal
LAB001633,P1410,eGFR,60.2,mL/min,15–120,2022-05-09,Normal
LAB001634,P1410,INR,7.63,ratio,0.8–4.5,2023-07-03,High
LAB001635,P1410,Serum Potassium,4.6,mmol/L,3.2–5.5,2022-02-15,Normal
LAB001636,P1410,CRP,58.89,mg/L,0.1–120,2022-01-23,Normal
LAB001637,P1410,Serum Creatinine,408.59,umol/L,55–200,2024-07-23,High
LAB001638,P1411,TSH,18.87,mU/L,0.3–5.5,2024-01-18,High
LAB001639,P1411,Serum Creatinine,349.61,umol/L,55–200,2022-11-11,High
LAB001640,P1411,CRP,117.01,mg/L,0.1–120,2022-02-21,Normal
LAB001641,P1412,Total Cholesterol,4.37,mmol/L,3.5–7.5,2024-08-22,Normal
LAB001642,P1412,INR,6.57,ratio,0.8–4.5,2023-06-26,High
LAB001643,P1412,Serum Creatinine,433.3,umol/L,55–200,2022-05-20,High
LAB001644,P1412,CRP,42.53,mg/L,0.1–120,2024-11-03,Normal
LAB001645,P1412,Serum Potassium,6.32,mmol/L,3.2–5.5,2024-12-07,High
LAB001646,P1412,eGFR,53.79,mL/min,15–120,2022-08-01,Normal
LAB001647,P1413,TSH,20.17,mU/L,0.3–5.5,2023-02-06,High
LAB001648,P1413,Total Cholesterol,9.97,mmol/L,3.5–7.5,2022-12-07,High
LAB001649,P1414,HDL Cholesterol,2.8,mmol/L,0.9–2.5,2023-10-23,High
LAB001650,P1414,Serum Potassium,6.33,mmol/L,3.2–5.5,2024-02-13,High
LAB001651,P1415,CRP,175.72,mg/L,0.1–120,2022-10-28,High
LAB001652,P1415,Fasting Glucose,17.17,mmol/L,3.5–10.0,2023-09-19,High
LAB001653,P1416,TSH,18.88,mU/L,0.3–5.5,2023-07-13,High
LAB001654,P1416,CRP,113.32,mg/L,0.1–120,2024-02-02,Normal
LAB001655,P1416,Serum Creatinine,429.04,umol/L,55–200,2023-01-06,High
LAB001656,P1416,Haemoglobin,11.25,g/dL,9.0–16.5,2023-10-12,Normal
LAB001657,P1416,HDL Cholesterol,1.48,mmol/L,0.9–2.5,2022-06-06,Normal
LAB001658,P1417,White Cell Count,24.12,x10^9/L,3.5–14.0,2024-12-26,High
LAB001659,P1417,Fasting Glucose,13.98,mmol/L,3.5–10.0,2023-12-03,High
LAB001660,P1418,LDL Cholesterol,7.41,mmol/L,1.5–5.0,2023-01-20,High
LAB001661,P1418,eGFR,68.9,mL/min,15–120,2022-02-07,Normal
LAB001662,P1419,Total Cholesterol,10.26,mmol/L,3.5–7.5,2022-07-25,High
LAB001663,P1419,HbA1c,144.2,mmol/mol,28–75,2023-03-20,High
LAB001664,P1419,LDL Cholesterol,3.83,mmol/L,1.5–5.0,2024-05-28,Normal
LAB001665,P1419,White Cell Count,15.88,x10^9/L,3.5–14.0,2022-07-24,High
LAB001666,P1420,TSH,20.13,mU/L,0.3–5.5,2022-12-06,High
LAB001667,P1420,HDL Cholesterol,0.6,mmol/L,0.9–2.5,2022-06-02,Low
LAB001668,P1420,Haemoglobin,9.65,g/dL,9.0–16.5,2024-12-05,Normal
LAB001669,P1420,Fasting Glucose,6.39,mmol/L,3.5–10.0,2023-05-13,Normal
LAB001670,P1420,INR,2.93,ratio,0.8–4.5,2022-05-03,Normal
LAB001671,P1420,eGFR,117.43,mL/min,15–120,2022-08-16,Normal
LAB001672,P1421,Haemoglobin,8.9,g/dL,9.0–16.5,2024-03-08,Low
LAB001673,P1421,Total Cholesterol,2.11,mmol/L,3.5–7.5,2022-01-04,Low
LAB001674,P1421,White Cell Count,15.74,x10^9/L,3.5–14.0,2024-03-19,High
LAB001675,P1422,Haemoglobin,14.02,g/dL,9.0–16.5,2024-05-13,Normal
LAB001676,P1422,CRP,198.45,mg/L,0.1–120,2024-09-16,High
LAB001677,P1422,HbA1c,98.39,mmol/mol,28–75,2023-05-01,High
LAB001678,P1422,Serum Sodium,151.02,mmol/L,132–148,2024-02-12,High
LAB001679,P1423,Serum Sodium,120.1,mmol/L,132–148,2024-05-12,Low
LAB001680,P1423,Platelet Count,540.65,x10^9/L,120–450,2022-05-15,High
LAB001681,P1423,Serum Creatinine,392.81,umol/L,55–200,2023-01-15,High
LAB001682,P1424,Haemoglobin,6.59,g/dL,9.0–16.5,2024-12-08,Low
LAB001683,P1424,Total Cholesterol,10.46,mmol/L,3.5–7.5,2024-03-19,High
LAB001684,P1425,HbA1c,166.51,mmol/mol,28–75,2023-04-01,High
LAB001685,P1425,Serum Potassium,2.22,mmol/L,3.2–5.5,2022-11-28,Low
LAB001686,P1425,HDL Cholesterol,1.85,mmol/L,0.9–2.5,2023-09-02,Normal
LAB001687,P1425,Fasting Glucose,13.78,mmol/L,3.5–10.0,2024-03-31,High
LAB001688,P1425,White Cell Count,8.44,x10^9/L,3.5–14.0,2024-05-29,Normal
LAB001689,P1425,eGFR,63.41,mL/min,15–120,2022-08-12,Normal
LAB001690,P1426,Platelet Count,506.92,x10^9/L,120–450,2022-02-11,High
LAB001691,P1426,Fasting Glucose,8.96,mmol/L,3.5–10.0,2023-05-28,Normal
LAB001692,P1426,eGFR,104.51,mL/min,15–120,2022-03-09,Normal
LAB001693,P1426,HbA1c,193.75,mmol/mol,28–75,2024-09-23,High
LAB001694,P1426,Serum Creatinine,397.75,umol/L,55–200,2023-04-15,High
LAB001695,P1426,LDL Cholesterol,2.74,mmol/L,1.5–5.0,2023-11-20,Normal
LAB001696,P1427,Serum Sodium,138.03,mmol/L,132–148,2022-04-19,Normal
LAB001697,P1427,Platelet Count,142.54,x10^9/L,120–450,2022-05-22,Normal
LAB001698,P1428,White Cell Count,12.52,x10^9/L,3.5–14.0,2022-10-19,Normal
LAB001699,P1428,Platelet Count,484.68,x10^9/L,120–450,2024-08-09,High
LAB001700,P1428,Fasting Glucose,19.18,mmol/L,3.5–10.0,2024-08-04,High
LAB001701,P1428,LDL Cholesterol,2.58,mmol/L,1.5–5.0,2022-08-30,Normal
LAB001702,P1429,CRP,74.77,mg/L,0.1–120,2024-03-26,Normal
LAB001703,P1429,LDL Cholesterol,5.96,mmol/L,1.5–5.0,2023-11-30,High
LAB001704,P1429,Fasting Glucose,19.15,mmol/L,3.5–10.0,2024-04-02,High
LAB001705,P1429,Platelet Count,646.92,x10^9/L,120–450,2022-10-15,High
LAB001706,P1430,Fasting Glucose,15.23,mmol/L,3.5–10.0,2022-02-21,High
LAB001707,P1430,eGFR,73.8,mL/min,15–120,2024-11-10,Normal
LAB001708,P1430,Platelet Count,391.62,x10^9/L,120–450,2023-07-20,Normal
LAB001709,P1431,HbA1c,118.14,mmol/mol,28–75,2024-10-28,High
LAB001710,P1431,Total Cholesterol,10.28,mmol/L,3.5–7.5,2023-01-29,High
LAB001711,P1431,Platelet Count,561.83,x10^9/L,120–450,2022-06-19,High
LAB001712,P1431,LDL Cholesterol,0.53,mmol/L,1.5–5.0,2024-01-12,Low
LAB001713,P1431,Serum Sodium,137.95,mmol/L,132–148,2023-10-31,Normal
LAB001714,P1431,Serum Creatinine,515.23,umol/L,55–200,2024-09-10,High
LAB001715,P1432,Serum Creatinine,154.07,umol/L,55–200,2023-12-08,Normal
LAB001716,P1432,HDL Cholesterol,0.93,mmol/L,0.9–2.5,2022-11-30,Normal
LAB001717,P1432,eGFR,96.8,mL/min,15–120,2023-09-16,Normal
LAB001718,P1432,Platelet Count,85.31,x10^9/L,120–450,2022-07-01,Low
LAB001719,P1433,CRP,56.9,mg/L,0.1–120,2023-11-08,Normal
LAB001720,P1433,White Cell Count,11.66,x10^9/L,3.5–14.0,2024-09-14,Normal
LAB001721,P1433,LDL Cholesterol,4.75,mmol/L,1.5–5.0,2022-01-25,Normal
LAB001722,P1434,Serum Creatinine,521.52,umol/L,55–200,2024-07-18,High
LAB001723,P1434,TSH,3.01,mU/L,0.3–5.5,2024-10-06,Normal
LAB001724,P1434,INR,1.11,ratio,0.8–4.5,2024-09-22,Normal
LAB001725,P1435,LDL Cholesterol,3.09,mmol/L,1.5–5.0,2024-10-21,Normal
LAB001726,P1435,HbA1c,101.34,mmol/mol,28–75,2022-04-27,High
LAB001727,P1436,HDL Cholesterol,1.65,mmol/L,0.9–2.5,2024-03-14,Normal
LAB001728,P1436,Fasting Glucose,6.56,mmol/L,3.5–10.0,2023-04-20,Normal
LAB001729,P1436,Total Cholesterol,9.61,mmol/L,3.5–7.5,2023-10-19,High
LAB001730,P1436,CRP,62.73,mg/L,0.1–120,2024-07-06,Normal
LAB001731,P1436,eGFR,53.15,mL/min,15–120,2023-06-15,Normal
LAB001732,P1436,HbA1c,40.75,mmol/mol,28–75,2024-07-17,Normal
LAB001733,P1437,Haemoglobin,6.13,g/dL,9.0–16.5,2023-07-28,Low
LAB001734,P1437,CRP,67.41,mg/L,0.1–120,2023-10-27,Normal
LAB001735,P1437,Serum Potassium,6.71,mmol/L,3.2–5.5,2024-07-20,High
LAB001736,P1437,eGFR,89.54,mL/min,15–120,2023-04-23,Normal
LAB001737,P1437,HbA1c,171.7,mmol/mol,28–75,2024-08-25,High
LAB001738,P1438,HbA1c,51.87,mmol/mol,28–75,2024-05-10,Normal
LAB001739,P1438,LDL Cholesterol,6.11,mmol/L,1.5–5.0,2024-07-13,High
LAB001740,P1438,INR,3.0,ratio,0.8–4.5,2024-10-20,Normal
LAB001741,P1439,INR,2.77,ratio,0.8–4.5,2023-07-30,Normal
LAB001742,P1439,Serum Creatinine,541.24,umol/L,55–200,2022-03-30,High
LAB001743,P1439,Fasting Glucose,12.56,mmol/L,3.5–10.0,2024-06-17,High
LAB001744,P1439,HbA1c,150.57,mmol/mol,28–75,2023-03-21,High
LAB001745,P1440,White Cell Count,29.73,x10^9/L,3.5–14.0,2024-03-03,High
LAB001746,P1440,Fasting Glucose,2.35,mmol/L,3.5–10.0,2023-11-30,Low
LAB001747,P1441,Total Cholesterol,7.94,mmol/L,3.5–7.5,2024-01-08,High
LAB001748,P1441,Haemoglobin,17.45,g/dL,9.0–16.5,2023-09-05,High
LAB001749,P1441,HbA1c,164.49,mmol/mol,28–75,2024-04-26,High
LAB001750,P1441,INR,6.74,ratio,0.8–4.5,2022-08-04,High
LAB001751,P1442,HbA1c,191.61,mmol/mol,28–75,2024-08-26,High
LAB001752,P1442,Haemoglobin,11.49,g/dL,9.0–16.5,2024-07-09,Normal
LAB001753,P1443,HDL Cholesterol,1.96,mmol/L,0.9–2.5,2024-08-02,Normal
LAB001754,P1443,Serum Potassium,2.75,mmol/L,3.2–5.5,2024-07-22,Low
LAB001755,P1443,Serum Sodium,126.07,mmol/L,132–148,2024-03-04,Low
LAB001756,P1443,Serum Creatinine,419.38,umol/L,55–200,2023-03-07,High
LAB001757,P1444,White Cell Count,1.72,x10^9/L,3.5–14.0,2023-02-21,Low
LAB001758,P1444,Serum Creatinine,360.58,umol/L,55–200,2024-11-05,High
LAB001759,P1444,HDL Cholesterol,1.4,mmol/L,0.9–2.5,2024-02-18,Normal
LAB001760,P1444,Serum Potassium,4.64,mmol/L,3.2–5.5,2023-12-16,Normal
LAB001761,P1445,HbA1c,151.2,mmol/mol,28–75,2023-01-08,High
LAB001762,P1445,INR,7.42,ratio,0.8–4.5,2024-04-15,High
LAB001763,P1445,eGFR,13.46,mL/min,15–120,2024-11-29,Low
LAB001764,P1445,TSH,3.98,mU/L,0.3–5.5,2024-04-19,Normal
LAB001765,P1445,Platelet Count,636.34,x10^9/L,120–450,2024-09-02,High
LAB001766,P1446,Platelet Count,696.73,x10^9/L,120–450,2024-06-21,High
LAB001767,P1446,TSH,26.71,mU/L,0.3–5.5,2024-06-18,High
LAB001768,P1447,Serum Creatinine,352.05,umol/L,55–200,2024-04-12,High
LAB001769,P1447,Haemoglobin,8.02,g/dL,9.0–16.5,2023-04-02,Low
LAB001770,P1447,HbA1c,109.46,mmol/mol,28–75,2023-01-12,High
LAB001771,P1447,Serum Potassium,6.4,mmol/L,3.2–5.5,2024-06-28,High
LAB001772,P1447,LDL Cholesterol,1.02,mmol/L,1.5–5.0,2022-06-24,Low
LAB001773,P1447,Platelet Count,91.38,x10^9/L,120–450,2024-06-15,Low
LAB001774,P1448,Serum Creatinine,345.72,umol/L,55–200,2024-05-09,High
LAB001775,P1448,Fasting Glucose,5.1,mmol/L,3.5–10.0,2022-03-08,Normal
LAB001776,P1448,Total Cholesterol,6.07,mmol/L,3.5–7.5,2022-12-10,Normal
LAB001777,P1449,LDL Cholesterol,5.63,mmol/L,1.5–5.0,2023-05-11,High
LAB001778,P1449,Total Cholesterol,2.52,mmol/L,3.5–7.5,2022-10-21,Low
LAB001779,P1449,CRP,64.78,mg/L,0.1–120,2023-04-16,Normal
LAB001780,P1449,TSH,7.57,mU/L,0.3–5.5,2024-02-16,High
LAB001781,P1450,TSH,24.43,mU/L,0.3–5.5,2022-02-26,High
LAB001782,P1450,eGFR,109.31,mL/min,15–120,2024-02-13,Normal
LAB001783,P1451,HDL Cholesterol,2.64,mmol/L,0.9–2.5,2022-09-25,High
LAB001784,P1451,Serum Sodium,127.63,mmol/L,132–148,2024-06-15,Low
LAB001785,P1451,LDL Cholesterol,4.53,mmol/L,1.5–5.0,2024-03-13,Normal
LAB001786,P1451,Serum Potassium,3.62,mmol/L,3.2–5.5,2022-10-15,Normal
LAB001787,P1451,HbA1c,127.78,mmol/mol,28–75,2022-07-05,High
LAB001788,P1451,eGFR,22.07,mL/min,15–120,2023-12-05,Normal
LAB001789,P1452,Haemoglobin,6.46,g/dL,9.0–16.5,2024-02-23,Low
LAB001790,P1452,Serum Sodium,154.46,mmol/L,132–148,2023-06-27,High
LAB001791,P1452,HbA1c,65.69,mmol/mol,28–75,2023-11-20,Normal
LAB001792,P1453,White Cell Count,8.12,x10^9/L,3.5–14.0,2022-08-27,Normal
LAB001793,P1453,Haemoglobin,19.47,g/dL,9.0–16.5,2024-12-01,High
LAB001794,P1453,TSH,23.5,mU/L,0.3–5.5,2023-06-09,High
LAB001795,P1453,Serum Creatinine,125.03,umol/L,55–200,2023-12-18,Normal
LAB001796,P1454,CRP,97.26,mg/L,0.1–120,2024-06-28,Normal
LAB001797,P1454,Total Cholesterol,6.1,mmol/L,3.5–7.5,2023-09-12,Normal
LAB001798,P1454,White Cell Count,29.15,x10^9/L,3.5–14.0,2024-01-18,High
LAB001799,P1454,HbA1c,79.94,mmol/mol,28–75,2022-03-03,High
LAB001800,P1455,White Cell Count,19.49,x10^9/L,3.5–14.0,2024-07-03,High
LAB001801,P1455,INR,4.58,ratio,0.8–4.5,2022-02-26,High
LAB001802,P1455,eGFR,89.84,mL/min,15–120,2022-03-28,Normal
LAB001803,P1455,CRP,68.68,mg/L,0.1–120,2022-09-24,Normal
LAB001804,P1455,Serum Sodium,126.75,mmol/L,132–148,2023-05-26,Low
LAB001805,P1456,CRP,10.35,mg/L,0.1–120,2022-07-10,Normal
LAB001806,P1456,Haemoglobin,14.7,g/dL,9.0–16.5,2023-10-30,Normal
LAB001807,P1457,eGFR,72.49,mL/min,15–120,2024-08-24,Normal
LAB001808,P1457,CRP,169.8,mg/L,0.1–120,2024-09-18,High
LAB001809,P1457,LDL Cholesterol,1.7,mmol/L,1.5–5.0,2024-11-29,Normal
LAB001810,P1457,Platelet Count,422.8,x10^9/L,120–450,2022-06-06,Normal
LAB001811,P1457,Serum Sodium,130.06,mmol/L,132–148,2022-11-19,Low
LAB001812,P1457,Total Cholesterol,10.06,mmol/L,3.5–7.5,2024-01-12,High
LAB001813,P1458,Total Cholesterol,7.77,mmol/L,3.5–7.5,2023-09-27,High
LAB001814,P1458,Platelet Count,275.31,x10^9/L,120–450,2024-05-24,Normal
LAB001815,P1458,Fasting Glucose,2.15,mmol/L,3.5–10.0,2023-02-03,Low
LAB001816,P1458,Haemoglobin,16.64,g/dL,9.0–16.5,2024-11-03,High
LAB001817,P1458,Serum Potassium,2.03,mmol/L,3.2–5.5,2022-01-10,Low
LAB001818,P1459,Serum Creatinine,429.9,umol/L,55–200,2023-01-02,High
LAB001819,P1459,Fasting Glucose,11.49,mmol/L,3.5–10.0,2023-10-02,High
LAB001820,P1460,Serum Potassium,2.74,mmol/L,3.2–5.5,2022-11-23,Low
LAB001821,P1460,Fasting Glucose,15.15,mmol/L,3.5–10.0,2022-01-08,High
LAB001822,P1460,Total Cholesterol,2.82,mmol/L,3.5–7.5,2024-09-28,Low
LAB001823,P1460,HbA1c,84.95,mmol/mol,28–75,2024-01-21,High
LAB001824,P1461,Fasting Glucose,10.97,mmol/L,3.5–10.0,2022-10-09,High
LAB001825,P1461,eGFR,87.32,mL/min,15–120,2022-05-20,Normal
LAB001826,P1461,HDL Cholesterol,0.69,mmol/L,0.9–2.5,2023-07-06,Low
LAB001827,P1461,White Cell Count,12.77,x10^9/L,3.5–14.0,2022-09-27,Normal
LAB001828,P1462,Serum Creatinine,232.64,umol/L,55–200,2024-04-10,High
LAB001829,P1462,Serum Potassium,5.4,mmol/L,3.2–5.5,2024-07-05,Normal
LAB001830,P1462,Serum Sodium,130.11,mmol/L,132–148,2022-12-16,Low
LAB001831,P1462,HbA1c,168.54,mmol/mol,28–75,2023-04-16,High
LAB001832,P1462,Fasting Glucose,17.62,mmol/L,3.5–10.0,2024-03-26,High
LAB001833,P1463,Haemoglobin,18.72,g/dL,9.0–16.5,2023-12-01,High
LAB001834,P1463,White Cell Count,9.48,x10^9/L,3.5–14.0,2023-01-22,Normal
LAB001835,P1464,HbA1c,111.38,mmol/mol,28–75,2024-10-07,High
LAB001836,P1464,Platelet Count,156.32,x10^9/L,120–450,2023-05-03,Normal
LAB001837,P1464,Serum Creatinine,422.61,umol/L,55–200,2023-03-19,High
LAB001838,P1465,White Cell Count,2.42,x10^9/L,3.5–14.0,2022-06-30,Low
LAB001839,P1465,Serum Sodium,154.58,mmol/L,132–148,2023-11-19,High
LAB001840,P1465,Serum Potassium,4.23,mmol/L,3.2–5.5,2022-11-11,Normal
LAB001841,P1465,HbA1c,61.24,mmol/mol,28–75,2024-04-01,Normal
LAB001842,P1465,eGFR,65.68,mL/min,15–120,2023-07-03,Normal
LAB001843,P1466,Serum Creatinine,33.97,umol/L,55–200,2024-01-18,Low
LAB001844,P1466,White Cell Count,2.28,x10^9/L,3.5–14.0,2022-08-07,Low
LAB001845,P1466,Serum Sodium,142.62,mmol/L,132–148,2024-10-13,Normal
LAB001846,P1466,Fasting Glucose,12.97,mmol/L,3.5–10.0,2024-09-16,High
LAB001847,P1466,Platelet Count,551.98,x10^9/L,120–450,2022-02-26,High
LAB001848,P1466,Haemoglobin,14.64,g/dL,9.0–16.5,2023-12-19,Normal
LAB001849,P1467,Platelet Count,84.67,x10^9/L,120–450,2022-11-13,Low
LAB001850,P1467,Total Cholesterol,7.5,mmol/L,3.5–7.5,2023-12-24,Normal
LAB001851,P1468,LDL Cholesterol,1.62,mmol/L,1.5–5.0,2024-07-10,Normal
LAB001852,P1468,CRP,252.55,mg/L,0.1–120,2023-07-05,High
LAB001853,P1468,Serum Sodium,143.01,mmol/L,132–148,2023-02-09,Normal
LAB001854,P1469,Platelet Count,732.12,x10^9/L,120–450,2023-12-05,High
LAB001855,P1469,Serum Creatinine,335.25,umol/L,55–200,2024-02-01,High
LAB001856,P1469,White Cell Count,27.52,x10^9/L,3.5–14.0,2022-09-13,High
LAB001857,P1469,Total Cholesterol,2.77,mmol/L,3.5–7.5,2023-03-09,Low
LAB001858,P1469,CRP,240.64,mg/L,0.1–120,2024-06-27,High
LAB001859,P1470,HDL Cholesterol,1.08,mmol/L,0.9–2.5,2022-02-09,Normal
LAB001860,P1470,Platelet Count,728.03,x10^9/L,120–450,2024-08-13,High
LAB001861,P1471,INR,6.94,ratio,0.8–4.5,2023-09-27,High
LAB001862,P1471,Haemoglobin,18.81,g/dL,9.0–16.5,2023-09-05,High
LAB001863,P1471,HDL Cholesterol,2.46,mmol/L,0.9–2.5,2024-08-15,Normal
LAB001864,P1471,Serum Sodium,153.07,mmol/L,132–148,2024-04-23,High
LAB001865,P1472,eGFR,80.16,mL/min,15–120,2024-11-25,Normal
LAB001866,P1472,Total Cholesterol,11.26,mmol/L,3.5–7.5,2023-05-02,High
LAB001867,P1472,Serum Creatinine,425.07,umol/L,55–200,2022-12-31,High
LAB001868,P1473,Serum Potassium,5.64,mmol/L,3.2–5.5,2023-04-28,High
LAB001869,P1473,Platelet Count,619.79,x10^9/L,120–450,2024-06-08,High
LAB001870,P1473,TSH,21.25,mU/L,0.3–5.5,2024-08-02,High
LAB001871,P1473,Haemoglobin,12.72,g/dL,9.0–16.5,2023-06-13,Normal
LAB001872,P1474,LDL Cholesterol,5.22,mmol/L,1.5–5.0,2023-12-03,High
LAB001873,P1474,Serum Potassium,6.3,mmol/L,3.2–5.5,2024-08-05,High
LAB001874,P1474,HDL Cholesterol,2.32,mmol/L,0.9–2.5,2022-12-04,Normal
LAB001875,P1474,CRP,181.12,mg/L,0.1–120,2024-02-10,High
LAB001876,P1475,Haemoglobin,16.54,g/dL,9.0–16.5,2023-09-22,High
LAB001877,P1475,Fasting Glucose,6.01,mmol/L,3.5–10.0,2024-11-27,Normal
LAB001878,P1475,Serum Creatinine,523.93,umol/L,55–200,2022-03-30,High
LAB001879,P1475,eGFR,109.36,mL/min,15–120,2022-04-07,Normal
LAB001880,P1476,HDL Cholesterol,0.57,mmol/L,0.9–2.5,2023-08-31,Low
LAB001881,P1476,White Cell Count,4.64,x10^9/L,3.5–14.0,2024-08-22,Normal
LAB001882,P1476,Serum Potassium,4.91,mmol/L,3.2–5.5,2024-05-07,Normal
LAB001883,P1477,Serum Potassium,5.6,mmol/L,3.2–5.5,2023-08-11,High
LAB001884,P1477,HbA1c,21.71,mmol/mol,28–75,2022-05-15,Low
LAB001885,P1478,Serum Sodium,136.61,mmol/L,132–148,2023-08-13,Normal
LAB001886,P1478,Serum Creatinine,531.02,umol/L,55–200,2024-04-10,High
LAB001887,P1478,Haemoglobin,11.35,g/dL,9.0–16.5,2022-10-11,Normal
LAB001888,P1478,LDL Cholesterol,1.44,mmol/L,1.5–5.0,2023-06-20,Low
LAB001889,P1478,TSH,17.82,mU/L,0.3–5.5,2022-03-09,High
LAB001890,P1479,eGFR,33.87,mL/min,15–120,2022-06-23,Normal
LAB001891,P1479,TSH,21.54,mU/L,0.3–5.5,2023-07-04,High
LAB001892,P1479,Platelet Count,742.21,x10^9/L,120–450,2022-05-01,High
LAB001893,P1480,Serum Potassium,2.74,mmol/L,3.2–5.5,2023-05-11,Low
LAB001894,P1480,Serum Creatinine,91.98,umol/L,55–200,2022-08-21,Normal
LAB001895,P1481,Total Cholesterol,11.11,mmol/L,3.5–7.5,2023-06-14,High
LAB001896,P1481,INR,4.19,ratio,0.8–4.5,2023-11-04,Normal
LAB001897,P1481,CRP,126.39,mg/L,0.1–120,2022-01-27,High
LAB001898,P1481,eGFR,114.85,mL/min,15–120,2022-05-15,Normal
LAB001899,P1481,HDL Cholesterol,2.33,mmol/L,0.9–2.5,2022-09-15,Normal
LAB001900,P1482,TSH,29.55,mU/L,0.3–5.5,2023-07-13,High
LAB001901,P1482,LDL Cholesterol,3.86,mmol/L,1.5–5.0,2023-09-20,Normal
LAB001902,P1482,INR,1.73,ratio,0.8–4.5,2023-05-12,Normal
LAB001903,P1482,Serum Creatinine,505.42,umol/L,55–200,2023-10-24,High
LAB001904,P1482,Platelet Count,512.34,x10^9/L,120–450,2024-04-30,High
LAB001905,P1482,White Cell Count,27.44,x10^9/L,3.5–14.0,2024-09-12,High
LAB001906,P1483,TSH,0.61,mU/L,0.3–5.5,2022-12-12,Normal
LAB001907,P1483,Fasting Glucose,4.99,mmol/L,3.5–10.0,2022-12-01,Normal
LAB001908,P1483,Serum Creatinine,452.8,umol/L,55–200,2024-08-10,High
LAB001909,P1483,LDL Cholesterol,5.96,mmol/L,1.5–5.0,2023-04-29,High
LAB001910,P1483,Platelet Count,352.01,x10^9/L,120–450,2022-01-22,Normal
LAB001911,P1484,Serum Sodium,125.73,mmol/L,132–148,2022-02-02,Low
LAB001912,P1484,LDL Cholesterol,4.81,mmol/L,1.5–5.0,2022-04-24,Normal
LAB001913,P1485,HDL Cholesterol,3.53,mmol/L,0.9–2.5,2023-10-01,High
LAB001914,P1485,INR,2.76,ratio,0.8–4.5,2024-07-13,Normal
LAB001915,P1485,Haemoglobin,13.05,g/dL,9.0–16.5,2023-05-26,Normal
LAB001916,P1485,eGFR,110.25,mL/min,15–120,2023-10-28,Normal
LAB001917,P1485,Fasting Glucose,7.73,mmol/L,3.5–10.0,2022-04-18,Normal
LAB001918,P1486,Total Cholesterol,6.01,mmol/L,3.5–7.5,2024-10-06,Normal
LAB001919,P1486,Serum Potassium,4.99,mmol/L,3.2–5.5,2022-05-06,Normal
LAB001920,P1486,LDL Cholesterol,6.01,mmol/L,1.5–5.0,2024-06-26,High
LAB001921,P1486,Fasting Glucose,19.11,mmol/L,3.5–10.0,2023-07-03,High
LAB001922,P1487,LDL Cholesterol,3.5,mmol/L,1.5–5.0,2022-02-09,Normal
LAB001923,P1487,Platelet Count,257.88,x10^9/L,120–450,2023-03-11,Normal
LAB001924,P1487,CRP,221.83,mg/L,0.1–120,2023-01-11,High
LAB001925,P1487,HDL Cholesterol,3.27,mmol/L,0.9–2.5,2023-12-12,High
LAB001926,P1487,TSH,5.24,mU/L,0.3–5.5,2024-08-18,Normal
LAB001927,P1487,INR,4.68,ratio,0.8–4.5,2023-04-01,High
LAB001928,P1488,Haemoglobin,7.38,g/dL,9.0–16.5,2023-03-30,Low
LAB001929,P1488,LDL Cholesterol,2.35,mmol/L,1.5–5.0,2024-09-12,Normal
LAB001930,P1488,INR,2.24,ratio,0.8–4.5,2023-11-29,Normal
LAB001931,P1488,White Cell Count,8.21,x10^9/L,3.5–14.0,2023-03-03,Normal
LAB001932,P1489,Total Cholesterol,6.23,mmol/L,3.5–7.5,2022-07-27,Normal
LAB001933,P1489,LDL Cholesterol,6.84,mmol/L,1.5–5.0,2022-11-09,High
LAB001934,P1490,TSH,19.01,mU/L,0.3–5.5,2024-02-06,High
LAB001935,P1490,Haemoglobin,8.67,g/dL,9.0–16.5,2024-07-28,Low
LAB001936,P1490,HDL Cholesterol,1.05,mmol/L,0.9–2.5,2023-05-11,Normal
LAB001937,P1490,HbA1c,61.43,mmol/mol,28–75,2022-04-02,Normal
LAB001938,P1491,CRP,37.74,mg/L,0.1–120,2022-09-28,Normal
LAB001939,P1491,Fasting Glucose,7.88,mmol/L,3.5–10.0,2022-02-28,Normal
LAB001940,P1491,eGFR,65.93,mL/min,15–120,2022-07-03,Normal
LAB001941,P1491,HbA1c,85.81,mmol/mol,28–75,2024-01-01,High
LAB001942,P1492,White Cell Count,24.32,x10^9/L,3.5–14.0,2023-07-01,High
LAB001943,P1492,INR,5.26,ratio,0.8–4.5,2022-04-18,High
LAB001944,P1492,Haemoglobin,9.83,g/dL,9.0–16.5,2022-11-08,Normal
LAB001945,P1492,HbA1c,181.16,mmol/mol,28–75,2023-09-05,High
LAB001946,P1493,eGFR,79.22,mL/min,15–120,2022-11-17,Normal
LAB001947,P1493,HDL Cholesterol,1.8,mmol/L,0.9–2.5,2024-02-02,Normal
LAB001948,P1493,Fasting Glucose,17.41,mmol/L,3.5–10.0,2022-09-27,High
LAB001949,P1493,TSH,9.63,mU/L,0.3–5.5,2024-11-11,High
LAB001950,P1494,Haemoglobin,13.24,g/dL,9.0–16.5,2022-07-06,Normal
LAB001951,P1494,TSH,25.34,mU/L,0.3–5.5,2023-12-09,High
LAB001952,P1495,Serum Creatinine,453.47,umol/L,55–200,2023-09-28,High
LAB001953,P1495,Serum Sodium,144.45,mmol/L,132–148,2023-06-05,Normal
LAB001954,P1496,Platelet Count,705.86,x10^9/L,120–450,2022-08-14,High
LAB001955,P1496,Serum Sodium,133.33,mmol/L,132–148,2024-10-15,Normal
LAB001956,P1497,Serum Creatinine,276.38,umol/L,55–200,2023-04-18,High
LAB001957,P1497,Haemoglobin,8.43,g/dL,9.0–16.5,2024-11-20,Low
LAB001958,P1497,Fasting Glucose,13.37,mmol/L,3.5–10.0,2022-09-27,High
LAB001959,P1497,eGFR,127.58,mL/min,15–120,2024-04-18,High
LAB001960,P1498,HbA1c,97.5,mmol/mol,28–75,2024-04-20,High
LAB001961,P1498,INR,1.51,ratio,0.8–4.5,2022-06-02,Normal
LAB001962,P1498,TSH,20.14,mU/L,0.3–5.5,2024-01-17,High
LAB001963,P1499,LDL Cholesterol,3.94,mmol/L,1.5–5.0,2022-05-30,Normal
LAB001964,P1499,Serum Creatinine,208.22,umol/L,55–200,2023-08-16,High
LAB001965,P1499,Total Cholesterol,3.54,mmol/L,3.5–7.5,2023-10-06,Normal
LAB001966,P1499,HbA1c,129.28,mmol/mol,28–75,2024-02-29,High
LAB001967,P1499,Serum Sodium,140.04,mmol/L,132–148,2024-01-05,Normal
LAB001968,P1500,Platelet Count,192.39,x10^9/L,120–450,2023-03-18,Normal
LAB001969,P1500,Haemoglobin,15.7,g/dL,9.0–16.5,2024-05-15,Normal
LAB001970,P1500,INR,0.68,ratio,0.8–4.5,2024-10-31,Low
LAB001971,P1500,Fasting Glucose,2.76,mmol/L,3.5–10.0,2022-03-19,Low
LAB001972,P1500,HDL Cholesterol,0.88,mmol/L,0.9–2.5,2022-06-11,Low
LAB001973,P1501,TSH,2.89,mU/L,0.3–5.5,2022-04-13,Normal
LAB001974,P1501,CRP,219.83,mg/L,0.1–120,2022-11-01,High
LAB001975,P1501,eGFR,65.7,mL/min,15–120,2024-11-17,Normal
LAB001976,P1501,Serum Sodium,140.98,mmol/L,132–148,2022-07-21,Normal
LAB001977,P1502,Platelet Count,339.41,x10^9/L,120–450,2023-05-13,Normal
LAB001978,P1502,LDL Cholesterol,4.66,mmol/L,1.5–5.0,2022-08-22,Normal
LAB001979,P1502,HbA1c,93.37,mmol/mol,28–75,2024-11-06,High
LAB001980,P1502,HDL Cholesterol,2.16,mmol/L,0.9–2.5,2023-12-23,Normal
LAB001981,P1502,eGFR,16.07,mL/min,15–120,2023-12-25,Normal
LAB001982,P1502,Fasting Glucose,18.79,mmol/L,3.5–10.0,2022-04-04,High
LAB001983,P1503,Serum Potassium,3.91,mmol/L,3.2–5.5,2024-03-30,Normal
LAB001984,P1503,HbA1c,156.57,mmol/mol,28–75,2022-11-25,High
LAB001985,P1503,CRP,114.12,mg/L,0.1–120,2022-12-27,Normal
LAB001986,P1503,Platelet Count,443.0,x10^9/L,120–450,2022-01-25,Normal
LAB001987,P1504,Total Cholesterol,9.24,mmol/L,3.5–7.5,2022-08-18,High
LAB001988,P1504,Serum Sodium,146.93,mmol/L,132–148,2023-08-18,Normal
LAB001989,P1504,Haemoglobin,12.26,g/dL,9.0–16.5,2023-01-31,Normal
LAB001990,P1504,CRP,137.48,mg/L,0.1–120,2023-12-22,High
LAB001991,P1504,HbA1c,95.6,mmol/mol,28–75,2022-02-06,High
LAB001992,P1505,White Cell Count,28.82,x10^9/L,3.5–14.0,2023-03-31,High
LAB001993,P1505,LDL Cholesterol,0.87,mmol/L,1.5–5.0,2024-03-30,Low
LAB001994,P1505,Serum Sodium,144.15,mmol/L,132–148,2024-12-01,Normal
LAB001995,P1505,TSH,22.81,mU/L,0.3–5.5,2024-01-31,High
LAB001996,P1505,HbA1c,38.58,mmol/mol,28–75,2023-06-07,Normal
LAB001997,P1506,HDL Cholesterol,1.94,mmol/L,0.9–2.5,2022-06-12,Normal
LAB001998,P1506,Platelet Count,245.16,x10^9/L,120–450,2024-09-11,Normal
LAB001999,P1506,White Cell Count,8.64,x10^9/L,3.5–14.0,2022-03-14,Normal
LAB002000,P1506,LDL Cholesterol,7.58,mmol/L,1.5–5.0,2024-02-16,High
LAB002001,P1507,White Cell Count,26.18,x10^9/L,3.5–14.0,2023-11-23,High
LAB002002,P1507,Serum Sodium,150.51,mmol/L,132–148,2022-07-26,High
LAB002003,P1507,eGFR,15.5,mL/min,15–120,2023-09-16,Normal
LAB002004,P1507,Haemoglobin,10.96,g/dL,9.0–16.5,2022-04-04,Normal
LAB002005,P1507,Serum Creatinine,230.12,umol/L,55–200,2024-01-19,High
LAB002006,P1507,Fasting Glucose,16.78,mmol/L,3.5–10.0,2023-03-01,High
LAB002007,P1508,LDL Cholesterol,0.87,mmol/L,1.5–5.0,2024-06-17,Low
LAB002008,P1508,TSH,6.29,mU/L,0.3–5.5,2022-10-28,High
LAB002009,P1508,Fasting Glucose,2.29,mmol/L,3.5–10.0,2022-03-08,Low
LAB002010,P1508,White Cell Count,4.91,x10^9/L,3.5–14.0,2024-12-19,Normal
LAB002011,P1509,eGFR,35.03,mL/min,15–120,2024-08-19,Normal
LAB002012,P1509,Serum Creatinine,431.0,umol/L,55–200,2024-09-14,High
LAB002013,P1509,TSH,23.84,mU/L,0.3–5.5,2022-02-07,High
LAB002014,P1509,LDL Cholesterol,5.58,mmol/L,1.5–5.0,2022-07-23,High
LAB002015,P1510,Haemoglobin,14.29,g/dL,9.0–16.5,2022-11-26,Normal
LAB002016,P1510,Serum Sodium,153.59,mmol/L,132–148,2022-08-09,High
LAB002017,P1510,White Cell Count,11.76,x10^9/L,3.5–14.0,2024-09-11,Normal
LAB002018,P1510,CRP,202.02,mg/L,0.1–120,2022-01-26,High
LAB002019,P1510,Fasting Glucose,17.34,mmol/L,3.5–10.0,2022-10-22,High
LAB002020,P1511,Serum Potassium,6.78,mmol/L,3.2–5.5,2023-08-18,High
LAB002021,P1511,HbA1c,80.66,mmol/mol,28–75,2022-02-18,High
LAB002022,P1511,Total Cholesterol,8.58,mmol/L,3.5–7.5,2023-12-02,High
LAB002023,P1511,Serum Creatinine,198.6,umol/L,55–200,2022-03-06,Normal
LAB002024,P1512,Serum Sodium,156.74,mmol/L,132–148,2023-03-04,High
LAB002025,P1512,CRP,170.45,mg/L,0.1–120,2024-10-12,High
LAB002026,P1512,HbA1c,92.26,mmol/mol,28–75,2024-07-27,High
LAB002027,P1512,Serum Potassium,3.18,mmol/L,3.2–5.5,2024-11-10,Low
LAB002028,P1512,Platelet Count,408.73,x10^9/L,120–450,2023-09-27,Normal
LAB002029,P1512,INR,3.33,ratio,0.8–4.5,2024-03-13,Normal
LAB002030,P1513,HbA1c,162.84,mmol/mol,28–75,2023-08-01,High
LAB002031,P1513,LDL Cholesterol,2.37,mmol/L,1.5–5.0,2023-03-27,Normal
LAB002032,P1513,TSH,23.18,mU/L,0.3–5.5,2022-05-02,High
LAB002033,P1514,HbA1c,34.3,mmol/mol,28–75,2023-04-03,Normal
LAB002034,P1514,Platelet Count,284.65,x10^9/L,120–450,2023-09-22,Normal
LAB002035,P1515,CRP,131.36,mg/L,0.1–120,2024-04-25,High
LAB002036,P1515,LDL Cholesterol,2.86,mmol/L,1.5–5.0,2023-07-10,Normal
LAB002037,P1515,HbA1c,94.4,mmol/mol,28–75,2024-03-04,High
LAB002038,P1515,Haemoglobin,8.14,g/dL,9.0–16.5,2024-10-13,Low
LAB002039,P1515,HDL Cholesterol,2.93,mmol/L,0.9–2.5,2024-01-06,High
LAB002040,P1515,Fasting Glucose,3.8,mmol/L,3.5–10.0,2024-02-13,Normal
LAB002041,P1516,Total Cholesterol,6.52,mmol/L,3.5–7.5,2023-11-02,Normal
LAB002042,P1516,Serum Creatinine,390.15,umol/L,55–200,2022-04-25,High
LAB002043,P1516,CRP,1.35,mg/L,0.1–120,2022-09-18,Normal
LAB002044,P1517,HbA1c,181.4,mmol/mol,28–75,2023-08-11,High
LAB002045,P1517,Total Cholesterol,2.39,mmol/L,3.5–7.5,2024-02-22,Low
LAB002046,P1517,LDL Cholesterol,6.08,mmol/L,1.5–5.0,2024-07-13,High
LAB002047,P1518,Total Cholesterol,2.79,mmol/L,3.5–7.5,2024-01-26,Low
LAB002048,P1518,Serum Creatinine,325.63,umol/L,55–200,2022-03-31,High
LAB002049,P1519,Fasting Glucose,15.9,mmol/L,3.5–10.0,2024-11-04,High
LAB002050,P1519,White Cell Count,26.59,x10^9/L,3.5–14.0,2022-01-25,High
LAB002051,P1519,Serum Potassium,3.68,mmol/L,3.2–5.5,2024-04-25,Normal
LAB002052,P1519,Total Cholesterol,6.03,mmol/L,3.5–7.5,2022-03-30,Normal
LAB002053,P1520,TSH,14.64,mU/L,0.3–5.5,2023-08-25,High
LAB002054,P1520,Fasting Glucose,15.88,mmol/L,3.5–10.0,2024-09-22,High
LAB002055,P1520,Total Cholesterol,8.35,mmol/L,3.5–7.5,2022-03-10,High
LAB002056,P1520,LDL Cholesterol,4.88,mmol/L,1.5–5.0,2024-02-21,Normal
LAB002057,P1520,Platelet Count,649.74,x10^9/L,120–450,2024-05-02,High
LAB002058,P1520,CRP,24.96,mg/L,0.1–120,2022-10-15,Normal
LAB002059,P1521,eGFR,42.84,mL/min,15–120,2022-11-15,Normal
LAB002060,P1521,Platelet Count,61.11,x10^9/L,120–450,2022-11-24,Low
LAB002061,P1521,Serum Creatinine,485.57,umol/L,55–200,2023-06-16,High
LAB002062,P1521,White Cell Count,21.13,x10^9/L,3.5–14.0,2022-11-02,High
LAB002063,P1521,HDL Cholesterol,1.38,mmol/L,0.9–2.5,2024-03-15,Normal
LAB002064,P1522,Serum Sodium,154.73,mmol/L,132–148,2023-04-26,High
LAB002065,P1522,Fasting Glucose,10.32,mmol/L,3.5–10.0,2023-09-07,High
LAB002066,P1522,LDL Cholesterol,3.25,mmol/L,1.5–5.0,2023-04-09,Normal
LAB002067,P1523,INR,7.04,ratio,0.8–4.5,2024-12-27,High
LAB002068,P1523,CRP,9.57,mg/L,0.1–120,2022-11-09,Normal
LAB002069,P1524,Serum Potassium,6.6,mmol/L,3.2–5.5,2022-09-06,High
LAB002070,P1524,eGFR,80.54,mL/min,15–120,2023-05-25,Normal
LAB002071,P1524,CRP,200.89,mg/L,0.1–120,2024-04-17,High
LAB002072,P1524,Platelet Count,54.8,x10^9/L,120–450,2022-06-24,Low
LAB002073,P1524,Fasting Glucose,2.44,mmol/L,3.5–10.0,2024-07-19,Low
LAB002074,P1525,INR,4.76,ratio,0.8–4.5,2022-09-12,High
LAB002075,P1525,White Cell Count,25.09,x10^9/L,3.5–14.0,2022-09-14,High
LAB002076,P1526,INR,4.99,ratio,0.8–4.5,2023-09-15,High
LAB002077,P1526,eGFR,95.79,mL/min,15–120,2024-04-18,Normal
LAB002078,P1526,Serum Potassium,4.8,mmol/L,3.2–5.5,2023-03-09,Normal
LAB002079,P1526,TSH,8.69,mU/L,0.3–5.5,2022-04-03,High
LAB002080,P1527,HDL Cholesterol,0.83,mmol/L,0.9–2.5,2022-05-23,Low
LAB002081,P1527,Fasting Glucose,11.28,mmol/L,3.5–10.0,2022-08-16,High
LAB002082,P1527,CRP,283.17,mg/L,0.1–120,2022-08-01,High
LAB002083,P1528,HbA1c,146.7,mmol/mol,28–75,2022-11-17,High
LAB002084,P1528,Serum Creatinine,209.47,umol/L,55–200,2022-08-26,High
LAB002085,P1528,Fasting Glucose,10.01,mmol/L,3.5–10.0,2022-01-05,High
LAB002086,P1528,Serum Sodium,132.39,mmol/L,132–148,2024-07-11,Normal
LAB002087,P1529,White Cell Count,13.01,x10^9/L,3.5–14.0,2023-07-17,Normal
LAB002088,P1529,Serum Creatinine,481.66,umol/L,55–200,2024-03-02,High
LAB002089,P1530,Fasting Glucose,11.48,mmol/L,3.5–10.0,2022-05-22,High
LAB002090,P1530,HDL Cholesterol,0.58,mmol/L,0.9–2.5,2022-08-03,Low
LAB002091,P1530,Serum Potassium,3.31,mmol/L,3.2–5.5,2023-12-26,Normal
LAB002092,P1530,White Cell Count,23.12,x10^9/L,3.5–14.0,2024-03-09,High
LAB002093,P1530,Haemoglobin,9.8,g/dL,9.0–16.5,2024-08-28,Normal
LAB002094,P1531,TSH,9.85,mU/L,0.3–5.5,2024-08-25,High
LAB002095,P1531,Total Cholesterol,8.0,mmol/L,3.5–7.5,2022-04-22,High
LAB002096,P1531,Haemoglobin,12.37,g/dL,9.0–16.5,2023-07-03,Normal
LAB002097,P1532,LDL Cholesterol,6.93,mmol/L,1.5–5.0,2024-07-10,High
LAB002098,P1532,CRP,79.73,mg/L,0.1–120,2024-12-11,Normal
LAB002099,P1533,HbA1c,39.18,mmol/mol,28–75,2023-04-14,Normal
LAB002100,P1533,Platelet Count,344.89,x10^9/L,120–450,2023-08-15,Normal
LAB002101,P1533,LDL Cholesterol,1.17,mmol/L,1.5–5.0,2024-04-08,Low
LAB002102,P1533,TSH,28.9,mU/L,0.3–5.5,2022-05-26,High
LAB002103,P1533,INR,0.53,ratio,0.8–4.5,2024-02-29,Low
LAB002104,P1534,LDL Cholesterol,3.7,mmol/L,1.5–5.0,2024-07-12,Normal
LAB002105,P1534,Total Cholesterol,5.51,mmol/L,3.5–7.5,2022-05-14,Normal
LAB002106,P1535,HbA1c,143.38,mmol/mol,28–75,2022-03-16,High
LAB002107,P1535,Serum Creatinine,76.29,umol/L,55–200,2024-12-29,Normal
LAB002108,P1535,Haemoglobin,14.44,g/dL,9.0–16.5,2023-11-12,Normal
LAB002109,P1535,eGFR,41.92,mL/min,15–120,2022-07-13,Normal
LAB002110,P1535,LDL Cholesterol,1.74,mmol/L,1.5–5.0,2023-04-08,Normal
LAB002111,P1535,Fasting Glucose,9.13,mmol/L,3.5–10.0,2024-03-06,Normal
LAB002112,P1536,HbA1c,72.31,mmol/mol,28–75,2024-12-03,Normal
LAB002113,P1536,CRP,120.06,mg/L,0.1–120,2023-09-08,High
LAB002114,P1536,HDL Cholesterol,3.57,mmol/L,0.9–2.5,2024-02-15,High
LAB002115,P1536,Haemoglobin,16.85,g/dL,9.0–16.5,2024-11-28,High
LAB002116,P1537,HDL Cholesterol,0.54,mmol/L,0.9–2.5,2023-05-20,Low
LAB002117,P1537,White Cell Count,12.75,x10^9/L,3.5–14.0,2022-08-07,Normal
LAB002118,P1537,CRP,7.7,mg/L,0.1–120,2022-04-20,Normal
LAB002119,P1537,INR,7.41,ratio,0.8–4.5,2024-07-22,High
LAB002120,P1537,Fasting Glucose,16.36,mmol/L,3.5–10.0,2022-01-09,High
LAB002121,P1537,Haemoglobin,16.55,g/dL,9.0–16.5,2024-06-29,High
LAB002122,P1538,TSH,9.4,mU/L,0.3–5.5,2023-09-27,High
LAB002123,P1538,INR,4.97,ratio,0.8–4.5,2023-02-18,High
LAB002124,P1538,LDL Cholesterol,6.62,mmol/L,1.5–5.0,2022-03-17,High
LAB002125,P1538,Serum Potassium,4.22,mmol/L,3.2–5.5,2022-07-31,Normal
LAB002126,P1538,Haemoglobin,7.55,g/dL,9.0–16.5,2022-06-01,Low
LAB002127,P1539,Fasting Glucose,19.87,mmol/L,3.5–10.0,2023-07-24,High
LAB002128,P1539,Platelet Count,512.07,x10^9/L,120–450,2022-12-15,High
LAB002129,P1539,Serum Sodium,156.88,mmol/L,132–148,2023-07-03,High
LAB002130,P1539,eGFR,40.83,mL/min,15–120,2022-06-26,Normal
LAB002131,P1539,HbA1c,190.07,mmol/mol,28–75,2024-01-01,High
LAB002132,P1540,INR,2.59,ratio,0.8–4.5,2023-04-21,Normal
LAB002133,P1540,Platelet Count,224.97,x10^9/L,120–450,2024-11-28,Normal
LAB002134,P1540,eGFR,42.88,mL/min,15–120,2024-04-13,Normal
LAB002135,P1540,Haemoglobin,19.79,g/dL,9.0–16.5,2023-12-03,High
LAB002136,P1541,Total Cholesterol,6.8,mmol/L,3.5–7.5,2022-02-24,Normal
LAB002137,P1541,LDL Cholesterol,6.64,mmol/L,1.5–5.0,2023-04-25,High
LAB002138,P1541,Platelet Count,320.14,x10^9/L,120–450,2022-01-03,Normal
LAB002139,P1541,Fasting Glucose,17.78,mmol/L,3.5–10.0,2022-04-24,High
LAB002140,P1542,Platelet Count,487.71,x10^9/L,120–450,2024-02-27,High
LAB002141,P1542,Serum Sodium,145.06,mmol/L,132–148,2023-12-14,Normal
LAB002142,P1542,TSH,6.44,mU/L,0.3–5.5,2024-03-01,High
LAB002143,P1542,CRP,215.32,mg/L,0.1–120,2024-09-05,High
LAB002144,P1543,LDL Cholesterol,7.02,mmol/L,1.5–5.0,2024-05-25,High
LAB002145,P1543,Fasting Glucose,14.5,mmol/L,3.5–10.0,2022-11-13,High
LAB002146,P1543,Haemoglobin,9.82,g/dL,9.0–16.5,2024-10-11,Normal
LAB002147,P1543,CRP,215.33,mg/L,0.1–120,2022-11-08,High
LAB002148,P1543,Platelet Count,746.82,x10^9/L,120–450,2023-02-06,High
LAB002149,P1544,INR,6.77,ratio,0.8–4.5,2022-11-11,High
LAB002150,P1544,Serum Creatinine,523.48,umol/L,55–200,2024-03-05,High
LAB002151,P1544,White Cell Count,17.05,x10^9/L,3.5–14.0,2022-07-09,High
LAB002152,P1544,eGFR,37.6,mL/min,15–120,2022-06-10,Normal
LAB002153,P1544,CRP,297.31,mg/L,0.1–120,2023-05-10,High
LAB002154,P1544,LDL Cholesterol,2.55,mmol/L,1.5–5.0,2023-02-16,Normal
LAB002155,P1545,CRP,144.53,mg/L,0.1–120,2024-03-10,High
LAB002156,P1545,TSH,13.22,mU/L,0.3–5.5,2022-03-10,High
LAB002157,P1546,HbA1c,38.23,mmol/mol,28–75,2023-04-14,Normal
LAB002158,P1546,Serum Creatinine,500.11,umol/L,55–200,2024-08-05,High
LAB002159,P1546,INR,5.06,ratio,0.8–4.5,2022-08-31,High
LAB002160,P1546,White Cell Count,26.54,x10^9/L,3.5–14.0,2022-09-06,High
LAB002161,P1546,Serum Potassium,3.94,mmol/L,3.2–5.5,2023-11-26,Normal
LAB002162,P1547,eGFR,106.43,mL/min,15–120,2023-01-20,Normal
LAB002163,P1547,Serum Sodium,157.38,mmol/L,132–148,2024-01-30,High
LAB002164,P1548,eGFR,107.45,mL/min,15–120,2024-12-31,Normal
LAB002165,P1548,HDL Cholesterol,2.93,mmol/L,0.9–2.5,2024-07-06,High
LAB002166,P1548,CRP,4.77,mg/L,0.1–120,2023-08-30,Normal
LAB002167,P1548,LDL Cholesterol,5.47,mmol/L,1.5–5.0,2023-11-03,High
LAB002168,P1549,Haemoglobin,16.04,g/dL,9.0–16.5,2023-05-29,Normal
LAB002169,P1549,HbA1c,139.05,mmol/mol,28–75,2024-08-31,High
LAB002170,P1549,LDL Cholesterol,5.72,mmol/L,1.5–5.0,2022-07-22,High
LAB002171,P1549,Platelet Count,593.22,x10^9/L,120–450,2024-03-20,High
LAB002172,P1550,Serum Sodium,125.05,mmol/L,132–148,2022-04-23,Low
LAB002173,P1550,Platelet Count,296.95,x10^9/L,120–450,2022-12-22,Normal
LAB002174,P1550,Total Cholesterol,5.89,mmol/L,3.5–7.5,2022-04-20,Normal
LAB002175,P1550,Serum Creatinine,34.04,umol/L,55–200,2022-06-14,Low
LAB002176,P1550,CRP,235.15,mg/L,0.1–120,2022-08-16,High
LAB002177,P1551,Fasting Glucose,7.88,mmol/L,3.5–10.0,2022-06-01,Normal
LAB002178,P1551,INR,3.61,ratio,0.8–4.5,2024-07-30,Normal
LAB002179,P1552,White Cell Count,8.32,x10^9/L,3.5–14.0,2024-11-19,Normal
LAB002180,P1552,HDL Cholesterol,0.79,mmol/L,0.9–2.5,2022-06-29,Low
LAB002181,P1552,TSH,25.66,mU/L,0.3–5.5,2022-01-03,High
LAB002182,P1553,Serum Potassium,4.78,mmol/L,3.2–5.5,2022-10-14,Normal
LAB002183,P1553,Serum Sodium,146.21,mmol/L,132–148,2023-01-31,Normal
LAB002184,P1554,INR,0.88,ratio,0.8–4.5,2024-04-09,Normal
LAB002185,P1554,HDL Cholesterol,2.17,mmol/L,0.9–2.5,2023-02-07,Normal
LAB002186,P1554,Serum Potassium,5.37,mmol/L,3.2–5.5,2023-03-23,Normal
LAB002187,P1554,eGFR,14.2,mL/min,15–120,2023-06-25,Low
LAB002188,P1554,Platelet Count,548.98,x10^9/L,120–450,2024-12-19,High
LAB002189,P1554,TSH,3.75,mU/L,0.3–5.5,2024-08-12,Normal
LAB002190,P1555,Serum Potassium,6.85,mmol/L,3.2–5.5,2024-05-08,High
LAB002191,P1555,eGFR,13.78,mL/min,15–120,2022-10-11,Low
LAB002192,P1555,Serum Creatinine,102.07,umol/L,55–200,2022-05-28,Normal
LAB002193,P1556,White Cell Count,22.77,x10^9/L,3.5–14.0,2024-12-13,High
LAB002194,P1556,Total Cholesterol,9.27,mmol/L,3.5–7.5,2024-03-25,High
LAB002195,P1556,INR,6.66,ratio,0.8–4.5,2022-09-06,High
LAB002196,P1556,HbA1c,106.52,mmol/mol,28–75,2022-05-10,High
LAB002197,P1556,eGFR,84.76,mL/min,15–120,2023-04-03,Normal
LAB002198,P1556,LDL Cholesterol,6.71,mmol/L,1.5–5.0,2022-11-15,High
LAB002199,P1557,eGFR,19.55,mL/min,15–120,2024-06-12,Normal
LAB002200,P1557,HDL Cholesterol,2.63,mmol/L,0.9–2.5,2024-05-17,High
LAB002201,P1557,TSH,15.21,mU/L,0.3–5.5,2023-10-11,High
LAB002202,P1558,Platelet Count,61.21,x10^9/L,120–450,2023-05-15,Low
LAB002203,P1558,Fasting Glucose,4.65,mmol/L,3.5–10.0,2022-05-19,Normal
LAB002204,P1558,eGFR,94.13,mL/min,15–120,2023-04-13,Normal
LAB002205,P1558,Haemoglobin,15.22,g/dL,9.0–16.5,2023-12-05,Normal
LAB002206,P1558,TSH,4.21,mU/L,0.3–5.5,2024-12-28,Normal
LAB002207,P1558,HDL Cholesterol,1.02,mmol/L,0.9–2.5,2024-04-03,Normal
LAB002208,P1559,CRP,72.2,mg/L,0.1–120,2023-06-17,Normal
LAB002209,P1559,Fasting Glucose,12.89,mmol/L,3.5–10.0,2023-10-20,High
LAB002210,P1559,Total Cholesterol,10.46,mmol/L,3.5–7.5,2022-12-05,High
LAB002211,P1559,eGFR,122.04,mL/min,15–120,2023-10-04,High
LAB002212,P1559,Platelet Count,188.76,x10^9/L,120–450,2024-04-28,Normal
LAB002213,P1560,HDL Cholesterol,1.47,mmol/L,0.9–2.5,2023-05-24,Normal
LAB002214,P1560,CRP,240.45,mg/L,0.1–120,2024-05-29,High
LAB002215,P1560,Serum Potassium,5.83,mmol/L,3.2–5.5,2024-06-09,High
LAB002216,P1560,White Cell Count,15.71,x10^9/L,3.5–14.0,2022-08-26,High
LAB002217,P1561,HDL Cholesterol,3.9,mmol/L,0.9–2.5,2023-03-29,High
LAB002218,P1561,TSH,1.4,mU/L,0.3–5.5,2023-06-12,Normal
LAB002219,P1562,Platelet Count,439.8,x10^9/L,120–450,2023-10-19,Normal
LAB002220,P1562,Serum Sodium,142.48,mmol/L,132–148,2024-09-07,Normal
LAB002221,P1563,INR,2.88,ratio,0.8–4.5,2023-12-14,Normal
LAB002222,P1563,Serum Creatinine,368.48,umol/L,55–200,2022-04-25,High
LAB002223,P1564,Serum Sodium,139.16,mmol/L,132–148,2022-04-17,Normal
LAB002224,P1564,Total Cholesterol,3.72,mmol/L,3.5–7.5,2023-12-31,Normal
LAB002225,P1564,TSH,17.32,mU/L,0.3–5.5,2022-11-08,High
LAB002226,P1564,Haemoglobin,6.22,g/dL,9.0–16.5,2023-06-30,Low
LAB002227,P1564,White Cell Count,28.68,x10^9/L,3.5–14.0,2023-04-28,High
LAB002228,P1565,Total Cholesterol,5.95,mmol/L,3.5–7.5,2022-02-16,Normal
LAB002229,P1565,Fasting Glucose,5.89,mmol/L,3.5–10.0,2023-01-25,Normal
LAB002230,P1565,eGFR,45.5,mL/min,15–120,2023-09-01,Normal
LAB002231,P1565,CRP,21.83,mg/L,0.1–120,2022-01-14,Normal
LAB002232,P1565,TSH,5.26,mU/L,0.3–5.5,2023-10-17,Normal
LAB002233,P1566,Serum Potassium,6.76,mmol/L,3.2–5.5,2024-08-17,High
LAB002234,P1566,Platelet Count,627.17,x10^9/L,120–450,2024-07-21,High
LAB002235,P1566,INR,7.78,ratio,0.8–4.5,2023-02-05,High
LAB002236,P1566,TSH,18.05,mU/L,0.3–5.5,2024-01-06,High
LAB002237,P1567,INR,4.73,ratio,0.8–4.5,2022-10-27,High
LAB002238,P1567,Platelet Count,241.14,x10^9/L,120–450,2024-07-13,Normal
LAB002239,P1567,Serum Creatinine,183.58,umol/L,55–200,2022-06-24,Normal
LAB002240,P1567,TSH,2.21,mU/L,0.3–5.5,2024-09-08,Normal
LAB002241,P1567,Fasting Glucose,14.16,mmol/L,3.5–10.0,2024-03-12,High
LAB002242,P1568,HbA1c,46.72,mmol/mol,28–75,2023-12-29,Normal
LAB002243,P1568,LDL Cholesterol,3.45,mmol/L,1.5–5.0,2024-08-06,Normal
LAB002244,P1568,Serum Sodium,154.51,mmol/L,132–148,2022-08-02,High
LAB002245,P1568,White Cell Count,4.0,x10^9/L,3.5–14.0,2024-01-18,Normal
LAB002246,P1568,eGFR,123.51,mL/min,15–120,2023-08-21,High
LAB002247,P1569,LDL Cholesterol,6.47,mmol/L,1.5–5.0,2022-03-29,High
LAB002248,P1569,CRP,108.51,mg/L,0.1–120,2023-05-26,Normal
LAB002249,P1569,HbA1c,25.77,mmol/mol,28–75,2024-11-06,Low
LAB002250,P1570,Platelet Count,239.56,x10^9/L,120–450,2022-10-13,Normal
LAB002251,P1570,Total Cholesterol,7.11,mmol/L,3.5–7.5,2023-04-03,Normal
LAB002252,P1570,Serum Potassium,6.81,mmol/L,3.2–5.5,2022-12-17,High
LAB002253,P1571,HbA1c,142.93,mmol/mol,28–75,2024-12-04,High
LAB002254,P1571,Haemoglobin,13.35,g/dL,9.0–16.5,2022-06-20,Normal
LAB002255,P1572,Serum Potassium,5.58,mmol/L,3.2–5.5,2023-12-25,High
LAB002256,P1572,Haemoglobin,16.67,g/dL,9.0–16.5,2023-08-19,High
LAB002257,P1572,LDL Cholesterol,4.59,mmol/L,1.5–5.0,2022-11-02,Normal
LAB002258,P1573,HbA1c,21.19,mmol/mol,28–75,2024-07-08,Low
LAB002259,P1573,Haemoglobin,17.83,g/dL,9.0–16.5,2023-08-28,High
LAB002260,P1573,Total Cholesterol,3.38,mmol/L,3.5–7.5,2024-08-20,Low
LAB002261,P1574,INR,5.61,ratio,0.8–4.5,2022-11-25,High
LAB002262,P1574,Serum Potassium,4.45,mmol/L,3.2–5.5,2024-05-30,Normal
LAB002263,P1574,Fasting Glucose,15.72,mmol/L,3.5–10.0,2023-03-05,High
LAB002264,P1574,eGFR,83.65,mL/min,15–120,2023-10-31,Normal
LAB002265,P1575,Total Cholesterol,9.31,mmol/L,3.5–7.5,2023-11-02,High
LAB002266,P1575,Platelet Count,315.11,x10^9/L,120–450,2022-07-07,Normal
LAB002267,P1576,HbA1c,179.3,mmol/mol,28–75,2022-03-08,High
LAB002268,P1576,Serum Creatinine,322.56,umol/L,55–200,2023-09-14,High
LAB002269,P1577,TSH,26.31,mU/L,0.3–5.5,2023-03-02,High
LAB002270,P1577,HDL Cholesterol,2.92,mmol/L,0.9–2.5,2022-01-27,High
LAB002271,P1577,Serum Sodium,128.39,mmol/L,132–148,2022-01-22,Low
LAB002272,P1577,Total Cholesterol,11.96,mmol/L,3.5–7.5,2022-10-03,High
LAB002273,P1577,CRP,38.79,mg/L,0.1–120,2023-10-22,Normal
LAB002274,P1577,eGFR,9.79,mL/min,15–120,2024-12-19,Low
LAB002275,P1578,HbA1c,140.54,mmol/mol,28–75,2022-10-19,High
LAB002276,P1578,Serum Sodium,155.09,mmol/L,132–148,2023-07-17,High
LAB002277,P1578,LDL Cholesterol,1.98,mmol/L,1.5–5.0,2024-07-24,Normal
LAB002278,P1579,TSH,29.42,mU/L,0.3–5.5,2022-10-17,High
LAB002279,P1579,LDL Cholesterol,6.87,mmol/L,1.5–5.0,2022-03-03,High
LAB002280,P1579,Platelet Count,698.35,x10^9/L,120–450,2022-08-18,High
LAB002281,P1579,Fasting Glucose,17.68,mmol/L,3.5–10.0,2024-03-22,High
LAB002282,P1580,Fasting Glucose,9.67,mmol/L,3.5–10.0,2024-02-29,Normal
LAB002283,P1580,eGFR,109.52,mL/min,15–120,2024-08-23,Normal
LAB002284,P1580,TSH,21.81,mU/L,0.3–5.5,2023-09-18,High
LAB002285,P1581,LDL Cholesterol,6.94,mmol/L,1.5–5.0,2023-06-05,High
LAB002286,P1581,CRP,112.21,mg/L,0.1–120,2023-06-02,Normal
LAB002287,P1582,HbA1c,37.93,mmol/mol,28–75,2024-03-11,Normal
LAB002288,P1582,eGFR,37.99,mL/min,15–120,2024-08-08,Normal
LAB002289,P1583,HbA1c,118.39,mmol/mol,28–75,2023-08-18,High
LAB002290,P1583,Serum Potassium,5.94,mmol/L,3.2–5.5,2023-11-10,High
LAB002291,P1584,HbA1c,108.16,mmol/mol,28–75,2023-09-06,High
LAB002292,P1584,Fasting Glucose,4.57,mmol/L,3.5–10.0,2024-04-25,Normal
LAB002293,P1584,Serum Creatinine,503.18,umol/L,55–200,2022-12-15,High
LAB002294,P1584,Serum Sodium,140.63,mmol/L,132–148,2022-09-23,Normal
LAB002295,P1584,Serum Potassium,3.48,mmol/L,3.2–5.5,2022-09-01,Normal
LAB002296,P1584,INR,3.19,ratio,0.8–4.5,2023-10-13,Normal
LAB002297,P1585,Serum Potassium,6.82,mmol/L,3.2–5.5,2024-04-15,High
LAB002298,P1585,Platelet Count,511.46,x10^9/L,120–450,2024-05-01,High
LAB002299,P1586,Serum Sodium,150.91,mmol/L,132–148,2022-09-08,High
LAB002300,P1586,CRP,99.04,mg/L,0.1–120,2022-11-29,Normal
LAB002301,P1587,Serum Creatinine,426.9,umol/L,55–200,2022-09-30,High
LAB002302,P1587,Total Cholesterol,8.61,mmol/L,3.5–7.5,2022-04-09,High
LAB002303,P1587,Serum Sodium,132.98,mmol/L,132–148,2023-01-31,Normal
LAB002304,P1587,LDL Cholesterol,7.88,mmol/L,1.5–5.0,2024-06-30,High
LAB002305,P1588,LDL Cholesterol,0.93,mmol/L,1.5–5.0,2023-09-19,Low
LAB002306,P1588,Serum Creatinine,313.26,umol/L,55–200,2024-04-08,High
LAB002307,P1588,HDL Cholesterol,1.11,mmol/L,0.9–2.5,2023-11-28,Normal
LAB002308,P1588,Serum Sodium,149.85,mmol/L,132–148,2023-02-11,High
LAB002309,P1589,Serum Creatinine,551.34,umol/L,55–200,2022-11-22,High
LAB002310,P1589,HbA1c,167.07,mmol/mol,28–75,2023-10-17,High
LAB002311,P1589,TSH,15.2,mU/L,0.3–5.5,2024-06-10,High
LAB002312,P1589,Fasting Glucose,17.03,mmol/L,3.5–10.0,2024-08-06,High
LAB002313,P1589,Serum Sodium,137.81,mmol/L,132–148,2022-12-29,Normal
LAB002314,P1589,Serum Potassium,4.01,mmol/L,3.2–5.5,2023-03-29,Normal
LAB002315,P1590,Haemoglobin,13.44,g/dL,9.0–16.5,2022-02-08,Normal
LAB002316,P1590,HDL Cholesterol,3.89,mmol/L,0.9–2.5,2022-02-10,High
LAB002317,P1591,CRP,267.28,mg/L,0.1–120,2024-11-05,High
LAB002318,P1591,Serum Creatinine,33.99,umol/L,55–200,2024-08-22,Low
LAB002319,P1591,TSH,3.54,mU/L,0.3–5.5,2024-06-03,Normal
LAB002320,P1591,White Cell Count,2.95,x10^9/L,3.5–14.0,2023-09-26,Low
LAB002321,P1592,Total Cholesterol,5.68,mmol/L,3.5–7.5,2023-11-04,Normal
LAB002322,P1592,Platelet Count,769.72,x10^9/L,120–450,2023-08-28,High
LAB002323,P1592,LDL Cholesterol,5.46,mmol/L,1.5–5.0,2024-01-17,High
LAB002324,P1593,CRP,122.09,mg/L,0.1–120,2023-10-20,High
LAB002325,P1593,Total Cholesterol,6.45,mmol/L,3.5–7.5,2022-06-30,Normal
LAB002326,P1593,HbA1c,39.26,mmol/mol,28–75,2023-01-21,Normal
LAB002327,P1593,Serum Creatinine,477.6,umol/L,55–200,2023-04-03,High
LAB002328,P1593,Serum Sodium,120.73,mmol/L,132–148,2023-09-18,Low
LAB002329,P1593,Platelet Count,618.95,x10^9/L,120–450,2024-08-15,High
LAB002330,P1594,Total Cholesterol,3.04,mmol/L,3.5–7.5,2024-03-07,Low
LAB002331,P1594,Haemoglobin,6.01,g/dL,9.0–16.5,2024-01-01,Low
LAB002332,P1594,HDL Cholesterol,3.89,mmol/L,0.9–2.5,2024-08-09,High
LAB002333,P1594,Serum Creatinine,549.59,umol/L,55–200,2022-03-21,High
LAB002334,P1594,Serum Potassium,5.99,mmol/L,3.2–5.5,2022-08-12,High
LAB002335,P1595,Serum Potassium,5.88,mmol/L,3.2–5.5,2023-02-17,High
LAB002336,P1595,Total Cholesterol,5.79,mmol/L,3.5–7.5,2024-12-04,Normal
LAB002337,P1595,INR,4.96,ratio,0.8–4.5,2024-02-09,High
LAB002338,P1595,Fasting Glucose,3.09,mmol/L,3.5–10.0,2024-11-18,Low
LAB002339,P1596,HDL Cholesterol,2.88,mmol/L,0.9–2.5,2022-05-25,High
LAB002340,P1596,Haemoglobin,7.82,g/dL,9.0–16.5,2024-11-05,Low
LAB002341,P1596,eGFR,84.45,mL/min,15–120,2024-11-23,Normal
LAB002342,P1597,Platelet Count,260.57,x10^9/L,120–450,2022-08-05,Normal
LAB002343,P1597,Serum Sodium,149.62,mmol/L,132–148,2023-05-20,High
LAB002344,P1597,LDL Cholesterol,5.98,mmol/L,1.5–5.0,2024-09-08,High
LAB002345,P1597,HbA1c,123.92,mmol/mol,28–75,2022-09-17,High
LAB002346,P1597,Serum Potassium,4.33,mmol/L,3.2–5.5,2023-11-04,Normal
LAB002347,P1597,Haemoglobin,15.74,g/dL,9.0–16.5,2022-04-10,Normal
LAB002348,P1598,LDL Cholesterol,4.14,mmol/L,1.5–5.0,2024-11-29,Normal
LAB002349,P1598,White Cell Count,20.62,x10^9/L,3.5–14.0,2022-10-26,High
LAB002350,P1598,Serum Potassium,4.57,mmol/L,3.2–5.5,2024-11-14,Normal
LAB002351,P1599,White Cell Count,23.5,x10^9/L,3.5–14.0,2024-08-15,High
LAB002352,P1599,Serum Potassium,3.98,mmol/L,3.2–5.5,2023-05-13,Normal
LAB002353,P1599,Fasting Glucose,2.92,mmol/L,3.5–10.0,2022-01-18,Low
LAB002354,P1599,CRP,193.55,mg/L,0.1–120,2024-08-21,High
LAB002355,P1599,HDL Cholesterol,1.33,mmol/L,0.9–2.5,2023-08-06,Normal
LAB002356,P1600,Platelet Count,636.38,x10^9/L,120–450,2023-10-03,High
LAB002357,P1600,CRP,138.82,mg/L,0.1–120,2023-06-02,High
LAB002358,P1600,TSH,26.09,mU/L,0.3–5.5,2023-09-27,High
LAB002359,P1600,Serum Sodium,131.08,mmol/L,132–148,2022-03-30,Low
LAB002360,P1600,Serum Potassium,4.26,mmol/L,3.2–5.5,2022-12-15,Normal
LAB002361,P1600,HDL Cholesterol,3.1,mmol/L,0.9–2.5,2022-10-05,High
LAB002362,P1601,Serum Potassium,3.16,mmol/L,3.2–5.5,2024-07-14,Low
LAB002363,P1601,TSH,24.91,mU/L,0.3–5.5,2022-08-12,High
LAB002364,P1601,Serum Creatinine,422.94,umol/L,55–200,2022-03-05,High
LAB002365,P1601,HDL Cholesterol,3.78,mmol/L,0.9–2.5,2023-06-15,High
LAB002366,P1601,CRP,74.92,mg/L,0.1–120,2024-11-21,Normal
LAB002367,P1602,CRP,98.88,mg/L,0.1–120,2022-04-21,Normal
LAB002368,P1602,Platelet Count,396.55,x10^9/L,120–450,2024-05-28,Normal
LAB002369,P1602,White Cell Count,11.55,x10^9/L,3.5–14.0,2023-10-06,Normal
LAB002370,P1603,White Cell Count,10.57,x10^9/L,3.5–14.0,2022-05-28,Normal
LAB002371,P1603,TSH,11.36,mU/L,0.3–5.5,2024-12-13,High
LAB002372,P1603,LDL Cholesterol,2.82,mmol/L,1.5–5.0,2023-03-23,Normal
LAB002373,P1603,Serum Potassium,6.95,mmol/L,3.2–5.5,2022-03-21,High
LAB002374,P1603,Haemoglobin,12.84,g/dL,9.0–16.5,2023-03-08,Normal
LAB002375,P1604,Haemoglobin,15.38,g/dL,9.0–16.5,2024-08-12,Normal
LAB002376,P1604,Serum Potassium,4.33,mmol/L,3.2–5.5,2024-03-05,Normal
LAB002377,P1605,CRP,191.08,mg/L,0.1–120,2023-01-31,High
LAB002378,P1605,Serum Potassium,3.58,mmol/L,3.2–5.5,2022-02-22,Normal
LAB002379,P1606,Haemoglobin,13.48,g/dL,9.0–16.5,2024-03-05,Normal
LAB002380,P1606,White Cell Count,17.93,x10^9/L,3.5–14.0,2022-11-01,High
LAB002381,P1607,LDL Cholesterol,4.26,mmol/L,1.5–5.0,2023-08-02,Normal
LAB002382,P1607,Serum Sodium,120.55,mmol/L,132–148,2023-01-23,Low
LAB002383,P1607,INR,3.57,ratio,0.8–4.5,2023-11-28,Normal
LAB002384,P1608,White Cell Count,23.21,x10^9/L,3.5–14.0,2023-01-19,High
LAB002385,P1608,Serum Creatinine,157.8,umol/L,55–200,2022-10-11,Normal
LAB002386,P1608,Serum Potassium,6.65,mmol/L,3.2–5.5,2024-03-15,High
LAB002387,P1609,LDL Cholesterol,2.85,mmol/L,1.5–5.0,2023-11-09,Normal
LAB002388,P1609,Total Cholesterol,10.09,mmol/L,3.5–7.5,2023-08-07,High
LAB002389,P1609,Haemoglobin,14.72,g/dL,9.0–16.5,2022-11-16,Normal
LAB002390,P1609,CRP,78.82,mg/L,0.1–120,2022-04-20,Normal
LAB002391,P1610,Total Cholesterol,4.68,mmol/L,3.5–7.5,2024-09-24,Normal
LAB002392,P1610,CRP,22.54,mg/L,0.1–120,2024-05-18,Normal
LAB002393,P1610,LDL Cholesterol,6.44,mmol/L,1.5–5.0,2023-11-07,High
LAB002394,P1611,Platelet Count,582.77,x10^9/L,120–450,2023-10-05,High
LAB002395,P1611,LDL Cholesterol,3.26,mmol/L,1.5–5.0,2024-07-13,Normal
LAB002396,P1612,CRP,11.12,mg/L,0.1–120,2024-04-21,Normal
LAB002397,P1612,Total Cholesterol,3.14,mmol/L,3.5–7.5,2023-05-31,Low
LAB002398,P1613,LDL Cholesterol,7.81,mmol/L,1.5–5.0,2023-06-28,High
LAB002399,P1613,eGFR,122.13,mL/min,15–120,2024-01-09,High
LAB002400,P1614,HDL Cholesterol,0.88,mmol/L,0.9–2.5,2023-05-26,Low
LAB002401,P1614,TSH,27.82,mU/L,0.3–5.5,2022-07-10,High
LAB002402,P1614,Haemoglobin,19.39,g/dL,9.0–16.5,2022-10-30,High
LAB002403,P1614,eGFR,64.7,mL/min,15–120,2022-01-30,Normal
LAB002404,P1614,Fasting Glucose,17.17,mmol/L,3.5–10.0,2023-10-28,High
LAB002405,P1614,Total Cholesterol,2.3,mmol/L,3.5–7.5,2024-04-09,Low
LAB002406,P1615,CRP,50.74,mg/L,0.1–120,2022-11-03,Normal
LAB002407,P1615,Total Cholesterol,11.06,mmol/L,3.5–7.5,2023-05-01,High
LAB002408,P1616,Serum Creatinine,198.74,umol/L,55–200,2024-05-08,Normal
LAB002409,P1616,eGFR,74.68,mL/min,15–120,2023-12-24,Normal
LAB002410,P1617,Serum Potassium,3.85,mmol/L,3.2–5.5,2023-10-26,Normal
LAB002411,P1617,HbA1c,166.03,mmol/mol,28–75,2023-11-28,High
LAB002412,P1617,HDL Cholesterol,2.53,mmol/L,0.9–2.5,2022-04-15,High
LAB002413,P1618,eGFR,46.6,mL/min,15–120,2022-01-14,Normal
LAB002414,P1618,LDL Cholesterol,4.25,mmol/L,1.5–5.0,2024-09-24,Normal
LAB002415,P1618,Serum Sodium,150.73,mmol/L,132–148,2023-10-01,High
LAB002416,P1619,LDL Cholesterol,4.16,mmol/L,1.5–5.0,2023-01-28,Normal
LAB002417,P1619,Serum Potassium,4.88,mmol/L,3.2–5.5,2022-05-07,Normal
LAB002418,P1619,Total Cholesterol,4.63,mmol/L,3.5–7.5,2024-04-21,Normal
LAB002419,P1620,HbA1c,52.03,mmol/mol,28–75,2023-05-16,Normal
LAB002420,P1620,White Cell Count,12.61,x10^9/L,3.5–14.0,2024-02-12,Normal
LAB002421,P1621,eGFR,27.97,mL/min,15–120,2023-01-12,Normal
LAB002422,P1621,Platelet Count,162.25,x10^9/L,120–450,2024-06-28,Normal
LAB002423,P1621,HbA1c,87.41,mmol/mol,28–75,2023-11-22,High
LAB002424,P1622,eGFR,62.24,mL/min,15–120,2022-03-18,Normal
LAB002425,P1622,Fasting Glucose,9.77,mmol/L,3.5–10.0,2024-08-04,Normal
LAB002426,P1623,CRP,20.23,mg/L,0.1–120,2023-11-29,Normal
LAB002427,P1623,Serum Sodium,147.13,mmol/L,132–148,2022-12-20,Normal
LAB002428,P1624,HbA1c,125.12,mmol/mol,28–75,2023-03-04,High
LAB002429,P1624,LDL Cholesterol,2.4,mmol/L,1.5–5.0,2022-03-09,Normal
LAB002430,P1625,eGFR,52.8,mL/min,15–120,2022-06-01,Normal
LAB002431,P1625,Platelet Count,463.42,x10^9/L,120–450,2023-02-01,High
LAB002432,P1625,Haemoglobin,15.6,g/dL,9.0–16.5,2023-04-19,Normal
LAB002433,P1625,Total Cholesterol,7.88,mmol/L,3.5–7.5,2022-05-29,High
LAB002434,P1625,Fasting Glucose,15.33,mmol/L,3.5–10.0,2022-11-19,High
LAB002435,P1626,CRP,33.83,mg/L,0.1–120,2023-11-22,Normal
LAB002436,P1626,eGFR,33.04,mL/min,15–120,2024-09-10,Normal
LAB002437,P1626,TSH,2.56,mU/L,0.3–5.5,2022-12-21,Normal
LAB002438,P1626,Serum Potassium,6.6,mmol/L,3.2–5.5,2022-03-28,High
LAB002439,P1626,Platelet Count,699.42,x10^9/L,120–450,2022-09-15,High
LAB002440,P1626,Total Cholesterol,10.84,mmol/L,3.5–7.5,2024-11-12,High
LAB002441,P1627,Serum Potassium,5.74,mmol/L,3.2–5.5,2023-01-08,High
LAB002442,P1627,Haemoglobin,12.36,g/dL,9.0–16.5,2022-04-21,Normal
LAB002443,P1627,INR,2.87,ratio,0.8–4.5,2023-10-26,Normal
LAB002444,P1628,Serum Sodium,155.63,mmol/L,132–148,2022-10-25,High
LAB002445,P1628,White Cell Count,2.8,x10^9/L,3.5–14.0,2023-02-01,Low
LAB002446,P1628,INR,1.63,ratio,0.8–4.5,2024-11-27,Normal
LAB002447,P1628,Haemoglobin,17.63,g/dL,9.0–16.5,2022-02-22,High
LAB002448,P1628,Total Cholesterol,11.6,mmol/L,3.5–7.5,2022-12-09,High
LAB002449,P1629,Platelet Count,361.97,x10^9/L,120–450,2024-05-08,Normal
LAB002450,P1629,White Cell Count,11.6,x10^9/L,3.5–14.0,2023-10-26,Normal
LAB002451,P1629,HbA1c,44.72,mmol/mol,28–75,2023-07-09,Normal
LAB002452,P1629,HDL Cholesterol,2.22,mmol/L,0.9–2.5,2022-01-27,Normal
LAB002453,P1629,Serum Sodium,153.79,mmol/L,132–148,2024-05-03,High
LAB002454,P1630,Serum Potassium,6.43,mmol/L,3.2–5.5,2023-06-28,High
LAB002455,P1630,eGFR,60.0,mL/min,15–120,2023-06-11,Normal
LAB002456,P1631,Total Cholesterol,6.53,mmol/L,3.5–7.5,2024-08-11,Normal
LAB002457,P1631,Serum Creatinine,426.08,umol/L,55–200,2024-08-19,High
LAB002458,P1631,Haemoglobin,12.93,g/dL,9.0–16.5,2023-06-19,Normal
LAB002459,P1631,LDL Cholesterol,0.61,mmol/L,1.5–5.0,2022-01-08,Low
LAB002460,P1632,HDL Cholesterol,3.21,mmol/L,0.9–2.5,2022-04-19,High
LAB002461,P1632,eGFR,129.25,mL/min,15–120,2022-06-26,High
LAB002462,P1632,Serum Creatinine,111.1,umol/L,55–200,2024-11-18,Normal
LAB002463,P1632,Haemoglobin,13.0,g/dL,9.0–16.5,2024-07-18,Normal
LAB002464,P1632,Serum Sodium,158.14,mmol/L,132–148,2022-11-10,High
LAB002465,P1632,Serum Potassium,4.73,mmol/L,3.2–5.5,2022-11-14,Normal
LAB002466,P1633,White Cell Count,15.87,x10^9/L,3.5–14.0,2022-10-28,High
LAB002467,P1633,HbA1c,180.84,mmol/mol,28–75,2022-05-26,High
LAB002468,P1633,TSH,21.23,mU/L,0.3–5.5,2024-02-13,High
LAB002469,P1633,Platelet Count,242.87,x10^9/L,120–450,2024-06-15,Normal
LAB002470,P1633,Total Cholesterol,2.27,mmol/L,3.5–7.5,2023-12-01,Low
LAB002471,P1634,INR,5.34,ratio,0.8–4.5,2024-05-18,High
LAB002472,P1634,Haemoglobin,6.47,g/dL,9.0–16.5,2024-03-03,Low
LAB002473,P1634,Fasting Glucose,15.12,mmol/L,3.5–10.0,2024-03-25,High
LAB002474,P1635,White Cell Count,11.96,x10^9/L,3.5–14.0,2024-08-24,Normal
LAB002475,P1635,HbA1c,194.49,mmol/mol,28–75,2024-01-24,High
LAB002476,P1635,TSH,19.08,mU/L,0.3–5.5,2022-10-23,High
LAB002477,P1635,LDL Cholesterol,4.0,mmol/L,1.5–5.0,2024-12-08,Normal
LAB002478,P1635,Fasting Glucose,5.44,mmol/L,3.5–10.0,2022-09-10,Normal
LAB002479,P1635,eGFR,115.01,mL/min,15–120,2023-06-22,Normal
LAB002480,P1636,White Cell Count,7.91,x10^9/L,3.5–14.0,2024-02-04,Normal
LAB002481,P1636,Serum Potassium,5.36,mmol/L,3.2–5.5,2023-07-08,Normal
LAB002482,P1636,Serum Creatinine,77.43,umol/L,55–200,2024-03-27,Normal
LAB002483,P1637,Fasting Glucose,12.87,mmol/L,3.5–10.0,2023-06-20,High
LAB002484,P1637,Platelet Count,467.12,x10^9/L,120–450,2024-12-05,High
LAB002485,P1638,HbA1c,144.59,mmol/mol,28–75,2024-03-30,High
LAB002486,P1638,Serum Sodium,139.44,mmol/L,132–148,2022-07-30,Normal
LAB002487,P1638,Fasting Glucose,8.61,mmol/L,3.5–10.0,2022-03-22,Normal
LAB002488,P1638,Haemoglobin,12.71,g/dL,9.0–16.5,2022-07-31,Normal
LAB002489,P1638,CRP,217.39,mg/L,0.1–120,2022-04-23,High
LAB002490,P1639,INR,2.19,ratio,0.8–4.5,2024-02-03,Normal
LAB002491,P1639,HDL Cholesterol,3.06,mmol/L,0.9–2.5,2024-02-16,High
LAB002492,P1639,HbA1c,101.54,mmol/mol,28–75,2022-11-07,High
LAB002493,P1639,CRP,194.47,mg/L,0.1–120,2023-08-25,High
LAB002494,P1639,LDL Cholesterol,3.59,mmol/L,1.5–5.0,2022-04-20,Normal
LAB002495,P1640,Fasting Glucose,18.65,mmol/L,3.5–10.0,2022-04-15,High
LAB002496,P1640,CRP,202.92,mg/L,0.1–120,2022-04-15,High
LAB002497,P1640,HbA1c,166.74,mmol/mol,28–75,2024-10-13,High
LAB002498,P1640,Platelet Count,466.45,x10^9/L,120–450,2024-01-12,High
LAB002499,P1641,Serum Sodium,120.47,mmol/L,132–148,2022-04-09,Low
LAB002500,P1641,Total Cholesterol,3.49,mmol/L,3.5–7.5,2023-08-15,Low
LAB002501,P1642,Haemoglobin,8.46,g/dL,9.0–16.5,2022-06-17,Low
LAB002502,P1642,Total Cholesterol,2.12,mmol/L,3.5–7.5,2022-12-19,Low
LAB002503,P1642,Serum Potassium,5.1,mmol/L,3.2–5.5,2024-08-21,Normal
LAB002504,P1642,TSH,10.94,mU/L,0.3–5.5,2024-08-27,High
LAB002505,P1642,LDL Cholesterol,2.52,mmol/L,1.5–5.0,2024-08-01,Normal
LAB002506,P1642,Platelet Count,555.83,x10^9/L,120–450,2023-11-15,High
LAB002507,P1643,INR,2.91,ratio,0.8–4.5,2024-07-13,Normal
LAB002508,P1643,Platelet Count,611.12,x10^9/L,120–450,2023-06-06,High
LAB002509,P1643,eGFR,108.93,mL/min,15–120,2022-12-09,Normal
LAB002510,P1644,Total Cholesterol,8.8,mmol/L,3.5–7.5,2023-06-13,High
LAB002511,P1644,eGFR,88.62,mL/min,15–120,2022-12-06,Normal
LAB002512,P1644,Serum Potassium,2.28,mmol/L,3.2–5.5,2022-06-20,Low
LAB002513,P1644,TSH,12.14,mU/L,0.3–5.5,2022-08-20,High
LAB002514,P1645,TSH,8.76,mU/L,0.3–5.5,2024-01-21,High
LAB002515,P1645,Serum Sodium,123.72,mmol/L,132–148,2023-01-20,Low
LAB002516,P1645,LDL Cholesterol,2.29,mmol/L,1.5–5.0,2023-04-16,Normal
LAB002517,P1645,Haemoglobin,18.16,g/dL,9.0–16.5,2024-05-17,High
LAB002518,P1646,Serum Sodium,137.89,mmol/L,132–148,2024-12-28,Normal
LAB002519,P1646,Platelet Count,136.41,x10^9/L,120–450,2024-02-11,Normal
LAB002520,P1646,TSH,23.02,mU/L,0.3–5.5,2022-01-10,High
LAB002521,P1646,Serum Potassium,6.19,mmol/L,3.2–5.5,2023-10-18,High
LAB002522,P1646,INR,3.08,ratio,0.8–4.5,2022-07-01,Normal
LAB002523,P1647,HDL Cholesterol,2.32,mmol/L,0.9–2.5,2024-03-11,Normal
LAB002524,P1647,Platelet Count,437.16,x10^9/L,120–450,2022-06-11,Normal
LAB002525,P1647,Serum Potassium,3.38,mmol/L,3.2–5.5,2022-03-13,Normal
LAB002526,P1647,HbA1c,112.79,mmol/mol,28–75,2023-03-10,High
LAB002527,P1647,Serum Creatinine,574.92,umol/L,55–200,2023-11-23,High
LAB002528,P1648,eGFR,60.53,mL/min,15–120,2023-06-28,Normal
LAB002529,P1648,Total Cholesterol,5.31,mmol/L,3.5–7.5,2024-06-13,Normal
LAB002530,P1648,HDL Cholesterol,1.23,mmol/L,0.9–2.5,2023-06-14,Normal
LAB002531,P1648,Serum Sodium,134.96,mmol/L,132–148,2023-05-14,Normal
LAB002532,P1648,HbA1c,77.12,mmol/mol,28–75,2024-06-22,High
LAB002533,P1648,Serum Creatinine,449.88,umol/L,55–200,2022-08-12,High
LAB002534,P1649,CRP,27.25,mg/L,0.1–120,2022-04-27,Normal
LAB002535,P1649,Fasting Glucose,18.4,mmol/L,3.5–10.0,2024-11-27,High
LAB002536,P1650,TSH,7.52,mU/L,0.3–5.5,2024-05-18,High
LAB002537,P1650,Serum Sodium,155.88,mmol/L,132–148,2023-10-21,High
LAB002538,P1650,Fasting Glucose,12.74,mmol/L,3.5–10.0,2022-12-06,High
LAB002539,P1650,White Cell Count,3.21,x10^9/L,3.5–14.0,2024-01-02,Low
LAB002540,P1651,eGFR,107.34,mL/min,15–120,2024-07-18,Normal
LAB002541,P1651,Fasting Glucose,15.02,mmol/L,3.5–10.0,2023-02-11,High
LAB002542,P1651,White Cell Count,19.87,x10^9/L,3.5–14.0,2024-12-25,High
LAB002543,P1651,Serum Potassium,2.04,mmol/L,3.2–5.5,2022-03-23,Low
LAB002544,P1651,LDL Cholesterol,7.14,mmol/L,1.5–5.0,2022-10-30,High
LAB002545,P1651,HbA1c,138.2,mmol/mol,28–75,2024-05-07,High
LAB002546,P1652,Total Cholesterol,8.63,mmol/L,3.5–7.5,2022-10-02,High
LAB002547,P1652,Serum Creatinine,34.93,umol/L,55–200,2023-11-11,Low
LAB002548,P1652,Platelet Count,272.38,x10^9/L,120–450,2022-12-02,Normal
LAB002549,P1652,Haemoglobin,17.52,g/dL,9.0–16.5,2024-11-24,High
LAB002550,P1653,CRP,42.36,mg/L,0.1–120,2022-05-12,Normal
LAB002551,P1653,TSH,25.62,mU/L,0.3–5.5,2023-08-01,High
LAB002552,P1653,White Cell Count,14.64,x10^9/L,3.5–14.0,2023-06-08,High
LAB002553,P1653,Fasting Glucose,12.96,mmol/L,3.5–10.0,2023-07-28,High
LAB002554,P1653,Platelet Count,385.14,x10^9/L,120–450,2024-03-02,Normal
LAB002555,P1654,HDL Cholesterol,2.54,mmol/L,0.9–2.5,2024-07-22,High
LAB002556,P1654,Total Cholesterol,11.58,mmol/L,3.5–7.5,2024-09-13,High
LAB002557,P1655,CRP,78.75,mg/L,0.1–120,2022-06-10,Normal
LAB002558,P1655,HDL Cholesterol,2.1,mmol/L,0.9–2.5,2024-10-19,Normal
LAB002559,P1655,Serum Potassium,3.68,mmol/L,3.2–5.5,2022-04-08,Normal
LAB002560,P1655,Haemoglobin,17.32,g/dL,9.0–16.5,2023-12-06,High
LAB002561,P1655,Total Cholesterol,10.01,mmol/L,3.5–7.5,2023-01-06,High
LAB002562,P1655,Fasting Glucose,9.63,mmol/L,3.5–10.0,2024-05-26,Normal
LAB002563,P1656,CRP,176.95,mg/L,0.1–120,2024-12-10,High
LAB002564,P1656,White Cell Count,14.37,x10^9/L,3.5–14.0,2024-08-21,High
LAB002565,P1656,INR,2.98,ratio,0.8–4.5,2023-07-25,Normal
LAB002566,P1656,Serum Potassium,3.65,mmol/L,3.2–5.5,2023-06-13,Normal
LAB002567,P1656,Platelet Count,712.61,x10^9/L,120–450,2023-08-27,High
LAB002568,P1656,Haemoglobin,19.53,g/dL,9.0–16.5,2023-04-28,High
LAB002569,P1657,HbA1c,149.97,mmol/mol,28–75,2023-03-13,High
LAB002570,P1657,Fasting Glucose,9.49,mmol/L,3.5–10.0,2022-01-07,Normal
LAB002571,P1657,Platelet Count,568.44,x10^9/L,120–450,2024-06-09,High
LAB002572,P1657,Total Cholesterol,3.82,mmol/L,3.5–7.5,2024-07-18,Normal
LAB002573,P1658,Serum Potassium,3.04,mmol/L,3.2–5.5,2024-02-11,Low
LAB002574,P1658,Fasting Glucose,18.12,mmol/L,3.5–10.0,2024-11-22,High
LAB002575,P1658,Serum Sodium,144.11,mmol/L,132–148,2022-08-16,Normal
LAB002576,P1658,Platelet Count,164.89,x10^9/L,120–450,2023-07-25,Normal
LAB002577,P1659,HDL Cholesterol,1.98,mmol/L,0.9–2.5,2023-12-17,Normal
LAB002578,P1659,TSH,12.22,mU/L,0.3–5.5,2022-05-24,High
LAB002579,P1659,CRP,294.36,mg/L,0.1–120,2024-04-18,High
LAB002580,P1659,Haemoglobin,13.76,g/dL,9.0–16.5,2024-04-03,Normal
LAB002581,P1659,Platelet Count,152.08,x10^9/L,120–450,2022-09-28,Normal
LAB002582,P1659,LDL Cholesterol,5.76,mmol/L,1.5–5.0,2023-05-07,High
LAB002583,P1660,TSH,0.86,mU/L,0.3–5.5,2024-05-07,Normal
LAB002584,P1660,Haemoglobin,10.69,g/dL,9.0–16.5,2023-06-01,Normal
LAB002585,P1661,HbA1c,26.32,mmol/mol,28–75,2022-09-25,Low
LAB002586,P1661,INR,3.87,ratio,0.8–4.5,2023-09-06,Normal
LAB002587,P1661,Serum Creatinine,167.53,umol/L,55–200,2022-04-19,Normal
LAB002588,P1661,LDL Cholesterol,2.1,mmol/L,1.5–5.0,2024-06-20,Normal
LAB002589,P1661,Fasting Glucose,19.28,mmol/L,3.5–10.0,2022-12-27,High
LAB002590,P1661,eGFR,106.05,mL/min,15–120,2024-10-04,Normal
LAB002591,P1662,White Cell Count,19.44,x10^9/L,3.5–14.0,2022-11-28,High
LAB002592,P1662,eGFR,40.53,mL/min,15–120,2024-07-24,Normal
LAB002593,P1663,eGFR,21.26,mL/min,15–120,2022-06-06,Normal
LAB002594,P1663,LDL Cholesterol,2.07,mmol/L,1.5–5.0,2022-01-30,Normal
LAB002595,P1663,Fasting Glucose,10.85,mmol/L,3.5–10.0,2023-01-16,High
LAB002596,P1663,TSH,16.73,mU/L,0.3–5.5,2024-09-26,High
LAB002597,P1664,TSH,9.58,mU/L,0.3–5.5,2023-09-04,High
LAB002598,P1664,CRP,104.08,mg/L,0.1–120,2024-11-11,Normal
LAB002599,P1664,HbA1c,79.64,mmol/mol,28–75,2024-04-01,High
LAB002600,P1664,eGFR,52.09,mL/min,15–120,2023-12-26,Normal
LAB002601,P1664,Serum Sodium,137.32,mmol/L,132–148,2023-08-31,Normal
LAB002602,P1664,Fasting Glucose,3.44,mmol/L,3.5–10.0,2022-02-28,Low
LAB002603,P1665,Serum Potassium,5.4,mmol/L,3.2–5.5,2022-12-27,Normal
LAB002604,P1665,INR,3.04,ratio,0.8–4.5,2022-06-05,Normal
LAB002605,P1665,White Cell Count,28.21,x10^9/L,3.5–14.0,2024-12-07,High
LAB002606,P1666,eGFR,39.06,mL/min,15–120,2024-12-13,Normal
LAB002607,P1666,CRP,228.38,mg/L,0.1–120,2022-12-26,High
LAB002608,P1666,Platelet Count,452.64,x10^9/L,120–450,2022-11-17,High
LAB002609,P1666,HbA1c,198.84,mmol/mol,28–75,2024-12-26,High
LAB002610,P1666,Serum Creatinine,594.38,umol/L,55–200,2024-07-08,High
LAB002611,P1666,TSH,26.5,mU/L,0.3–5.5,2023-11-04,High
LAB002612,P1667,HbA1c,140.57,mmol/mol,28–75,2022-12-10,High
LAB002613,P1667,LDL Cholesterol,6.61,mmol/L,1.5–5.0,2024-07-31,High
LAB002614,P1667,Fasting Glucose,3.64,mmol/L,3.5–10.0,2022-12-10,Normal
LAB002615,P1668,Serum Sodium,128.32,mmol/L,132–148,2024-06-04,Low
LAB002616,P1668,Total Cholesterol,11.45,mmol/L,3.5–7.5,2024-12-07,High
LAB002617,P1668,HbA1c,98.57,mmol/mol,28–75,2023-08-24,High
LAB002618,P1669,TSH,14.42,mU/L,0.3–5.5,2024-03-08,High
LAB002619,P1669,Haemoglobin,7.91,g/dL,9.0–16.5,2023-11-24,Low
LAB002620,P1669,Serum Sodium,127.45,mmol/L,132–148,2022-10-22,Low
LAB002621,P1670,Haemoglobin,6.09,g/dL,9.0–16.5,2024-09-16,Low
LAB002622,P1670,Serum Sodium,137.95,mmol/L,132–148,2023-04-09,Normal
LAB002623,P1670,eGFR,108.9,mL/min,15–120,2024-06-15,Normal
LAB002624,P1670,HbA1c,194.59,mmol/mol,28–75,2022-01-15,High
LAB002625,P1670,LDL Cholesterol,3.55,mmol/L,1.5–5.0,2023-04-12,Normal
LAB002626,P1670,Total Cholesterol,10.24,mmol/L,3.5–7.5,2023-06-29,High
LAB002627,P1671,INR,5.78,ratio,0.8–4.5,2024-09-10,High
LAB002628,P1671,CRP,72.89,mg/L,0.1–120,2024-05-20,Normal
LAB002629,P1671,TSH,5.21,mU/L,0.3–5.5,2022-09-22,Normal
LAB002630,P1671,Serum Potassium,6.29,mmol/L,3.2–5.5,2024-07-16,High
LAB002631,P1672,Serum Potassium,3.27,mmol/L,3.2–5.5,2023-03-13,Normal
LAB002632,P1672,Serum Sodium,133.59,mmol/L,132–148,2024-01-01,Normal
LAB002633,P1672,TSH,21.17,mU/L,0.3–5.5,2024-08-20,High
LAB002634,P1672,HbA1c,59.3,mmol/mol,28–75,2022-09-15,Normal
LAB002635,P1672,INR,6.32,ratio,0.8–4.5,2023-03-28,High
LAB002636,P1673,Total Cholesterol,10.16,mmol/L,3.5–7.5,2024-07-06,High
LAB002637,P1673,White Cell Count,27.76,x10^9/L,3.5–14.0,2022-02-16,High
LAB002638,P1673,Serum Creatinine,207.94,umol/L,55–200,2022-12-01,High
LAB002639,P1674,HbA1c,79.59,mmol/mol,28–75,2023-11-23,High
LAB002640,P1674,TSH,8.72,mU/L,0.3–5.5,2024-04-20,High
LAB002641,P1674,Serum Sodium,140.85,mmol/L,132–148,2023-04-02,Normal
LAB002642,P1674,Total Cholesterol,11.81,mmol/L,3.5–7.5,2024-07-10,High
LAB002643,P1675,Serum Potassium,4.08,mmol/L,3.2–5.5,2022-05-22,Normal
LAB002644,P1675,HbA1c,84.74,mmol/mol,28–75,2024-05-12,High
LAB002645,P1675,HDL Cholesterol,2.73,mmol/L,0.9–2.5,2023-08-08,High
LAB002646,P1675,Fasting Glucose,9.2,mmol/L,3.5–10.0,2024-07-31,Normal
LAB002647,P1675,Serum Sodium,129.31,mmol/L,132–148,2024-03-11,Low
LAB002648,P1676,eGFR,125.49,mL/min,15–120,2023-07-25,High
LAB002649,P1676,Platelet Count,436.17,x10^9/L,120–450,2023-06-26,Normal
LAB002650,P1676,HbA1c,154.3,mmol/mol,28–75,2024-06-02,High
LAB002651,P1676,HDL Cholesterol,2.25,mmol/L,0.9–2.5,2023-04-13,Normal
LAB002652,P1677,Total Cholesterol,8.24,mmol/L,3.5–7.5,2022-05-25,High
LAB002653,P1677,Serum Sodium,158.59,mmol/L,132–148,2022-11-30,High
LAB002654,P1677,CRP,85.1,mg/L,0.1–120,2023-11-08,Normal
LAB002655,P1678,White Cell Count,1.84,x10^9/L,3.5–14.0,2024-05-16,Low
LAB002656,P1678,Haemoglobin,18.48,g/dL,9.0–16.5,2023-05-05,High
LAB002657,P1678,Serum Sodium,147.1,mmol/L,132–148,2023-06-21,Normal
LAB002658,P1678,INR,7.55,ratio,0.8–4.5,2023-07-26,High
LAB002659,P1679,eGFR,66.02,mL/min,15–120,2022-02-19,Normal
LAB002660,P1679,HDL Cholesterol,2.73,mmol/L,0.9–2.5,2023-10-24,High
LAB002661,P1679,HbA1c,57.14,mmol/mol,28–75,2022-06-24,Normal
LAB002662,P1680,Serum Sodium,154.38,mmol/L,132–148,2023-05-17,High
LAB002663,P1680,HbA1c,123.67,mmol/mol,28–75,2022-03-01,High
LAB002664,P1680,LDL Cholesterol,5.7,mmol/L,1.5–5.0,2023-05-10,High
LAB002665,P1681,Haemoglobin,9.13,g/dL,9.0–16.5,2023-12-30,Normal
LAB002666,P1681,Fasting Glucose,9.64,mmol/L,3.5–10.0,2022-04-20,Normal
LAB002667,P1681,TSH,9.62,mU/L,0.3–5.5,2022-06-05,High
LAB002668,P1681,eGFR,9.77,mL/min,15–120,2022-02-04,Low
LAB002669,P1681,Total Cholesterol,11.47,mmol/L,3.5–7.5,2024-01-20,High
LAB002670,P1681,White Cell Count,24.74,x10^9/L,3.5–14.0,2023-02-28,High
LAB002671,P1682,HDL Cholesterol,1.91,mmol/L,0.9–2.5,2022-02-13,Normal
LAB002672,P1682,INR,1.47,ratio,0.8–4.5,2024-07-10,Normal
LAB002673,P1682,TSH,14.74,mU/L,0.3–5.5,2024-11-13,High
LAB002674,P1682,LDL Cholesterol,6.25,mmol/L,1.5–5.0,2022-05-26,High
LAB002675,P1682,Serum Creatinine,598.85,umol/L,55–200,2024-02-20,High
LAB002676,P1683,Platelet Count,326.07,x10^9/L,120–450,2023-08-29,Normal
LAB002677,P1683,eGFR,49.18,mL/min,15–120,2024-10-10,Normal
LAB002678,P1683,Serum Potassium,3.7,mmol/L,3.2–5.5,2023-12-04,Normal
LAB002679,P1683,CRP,183.52,mg/L,0.1–120,2024-01-30,High
LAB002680,P1684,HbA1c,63.2,mmol/mol,28–75,2024-03-03,Normal
LAB002681,P1684,Serum Creatinine,106.38,umol/L,55–200,2022-06-19,Normal
LAB002682,P1684,INR,3.82,ratio,0.8–4.5,2023-09-08,Normal
LAB002683,P1684,Serum Potassium,4.57,mmol/L,3.2–5.5,2023-08-10,Normal
LAB002684,P1685,White Cell Count,19.1,x10^9/L,3.5–14.0,2022-11-25,High
LAB002685,P1685,LDL Cholesterol,5.67,mmol/L,1.5–5.0,2022-09-26,High
LAB002686,P1686,Total Cholesterol,10.94,mmol/L,3.5–7.5,2024-12-20,High
LAB002687,P1686,TSH,19.36,mU/L,0.3–5.5,2024-10-22,High
LAB002688,P1686,HbA1c,49.52,mmol/mol,28–75,2022-06-02,Normal
LAB002689,P1686,Haemoglobin,11.52,g/dL,9.0–16.5,2023-10-04,Normal
LAB002690,P1687,INR,5.08,ratio,0.8–4.5,2023-01-14,High
LAB002691,P1687,Fasting Glucose,3.67,mmol/L,3.5–10.0,2024-02-06,Normal
LAB002692,P1688,HDL Cholesterol,0.71,mmol/L,0.9–2.5,2023-02-23,Low
LAB002693,P1688,Serum Sodium,121.61,mmol/L,132–148,2022-10-05,Low
LAB002694,P1688,CRP,142.13,mg/L,0.1–120,2024-02-29,High
LAB002695,P1688,Serum Creatinine,466.07,umol/L,55–200,2023-06-21,High
LAB002696,P1688,Total Cholesterol,6.63,mmol/L,3.5–7.5,2022-02-22,Normal
LAB002697,P1689,Serum Sodium,127.54,mmol/L,132–148,2024-01-13,Low
LAB002698,P1689,TSH,20.5,mU/L,0.3–5.5,2023-05-11,High
LAB002699,P1689,White Cell Count,6.0,x10^9/L,3.5–14.0,2022-07-07,Normal
LAB002700,P1689,Total Cholesterol,9.86,mmol/L,3.5–7.5,2023-08-06,High
LAB002701,P1689,HDL Cholesterol,3.57,mmol/L,0.9–2.5,2023-08-09,High
LAB002702,P1689,HbA1c,21.73,mmol/mol,28–75,2022-12-21,Low
LAB002703,P1690,LDL Cholesterol,4.82,mmol/L,1.5–5.0,2022-07-04,Normal
LAB002704,P1690,TSH,5.29,mU/L,0.3–5.5,2022-07-01,Normal
LAB002705,P1690,eGFR,107.84,mL/min,15–120,2022-03-21,Normal
LAB002706,P1690,CRP,108.57,mg/L,0.1–120,2022-12-04,Normal
LAB002707,P1690,HDL Cholesterol,1.74,mmol/L,0.9–2.5,2023-10-12,Normal
LAB002708,P1690,HbA1c,124.94,mmol/mol,28–75,2022-05-06,High
LAB002709,P1691,HDL Cholesterol,2.17,mmol/L,0.9–2.5,2023-06-02,Normal
LAB002710,P1691,INR,1.16,ratio,0.8–4.5,2023-04-30,Normal
LAB002711,P1692,Serum Creatinine,34.65,umol/L,55–200,2022-06-28,Low
LAB002712,P1692,HDL Cholesterol,3.84,mmol/L,0.9–2.5,2022-08-22,High
LAB002713,P1692,eGFR,30.49,mL/min,15–120,2023-09-12,Normal
LAB002714,P1693,HDL Cholesterol,2.99,mmol/L,0.9–2.5,2024-08-26,High
LAB002715,P1693,TSH,2.07,mU/L,0.3–5.5,2023-03-15,Normal
LAB002716,P1693,White Cell Count,18.42,x10^9/L,3.5–14.0,2024-06-04,High
LAB002717,P1694,CRP,164.1,mg/L,0.1–120,2022-06-28,High
LAB002718,P1694,Haemoglobin,8.6,g/dL,9.0–16.5,2023-05-05,Low
LAB002719,P1694,eGFR,41.29,mL/min,15–120,2022-09-21,Normal
LAB002720,P1695,TSH,4.53,mU/L,0.3–5.5,2022-12-05,Normal
LAB002721,P1695,Fasting Glucose,13.15,mmol/L,3.5–10.0,2023-02-22,High
LAB002722,P1696,Fasting Glucose,17.47,mmol/L,3.5–10.0,2022-03-12,High
LAB002723,P1696,LDL Cholesterol,1.72,mmol/L,1.5–5.0,2024-12-12,Normal
LAB002724,P1696,HbA1c,191.14,mmol/mol,28–75,2022-04-14,High
LAB002725,P1696,CRP,166.86,mg/L,0.1–120,2024-12-17,High
LAB002726,P1696,HDL Cholesterol,2.99,mmol/L,0.9–2.5,2024-02-17,High
LAB002727,P1696,Platelet Count,558.07,x10^9/L,120–450,2023-09-11,High
LAB002728,P1697,Total Cholesterol,3.08,mmol/L,3.5–7.5,2022-03-15,Low
LAB002729,P1697,LDL Cholesterol,4.35,mmol/L,1.5–5.0,2022-05-24,Normal
LAB002730,P1697,Fasting Glucose,14.07,mmol/L,3.5–10.0,2023-01-29,High
LAB002731,P1697,Platelet Count,290.7,x10^9/L,120–450,2023-02-28,Normal
LAB002732,P1698,Haemoglobin,9.27,g/dL,9.0–16.5,2024-06-01,Normal
LAB002733,P1698,Total Cholesterol,10.81,mmol/L,3.5–7.5,2024-03-27,High
LAB002734,P1699,HbA1c,184.03,mmol/mol,28–75,2022-06-24,High
LAB002735,P1699,HDL Cholesterol,0.54,mmol/L,0.9–2.5,2023-03-22,Low
LAB002736,P1699,Serum Sodium,147.63,mmol/L,132–148,2022-07-08,Normal
LAB002737,P1699,TSH,18.56,mU/L,0.3–5.5,2024-11-02,High
LAB002738,P1699,Fasting Glucose,16.28,mmol/L,3.5–10.0,2024-09-08,High
LAB002739,P1700,HbA1c,63.05,mmol/mol,28–75,2023-02-26,Normal
LAB002740,P1700,Serum Creatinine,475.58,umol/L,55–200,2022-02-16,High
LAB002741,P1700,CRP,229.06,mg/L,0.1–120,2023-05-25,High
LAB002742,P1700,Fasting Glucose,6.9,mmol/L,3.5–10.0,2023-06-24,Normal
LAB002743,P1701,Serum Creatinine,539.79,umol/L,55–200,2024-08-30,High
LAB002744,P1701,eGFR,101.24,mL/min,15–120,2023-12-08,Normal
LAB002745,P1701,HbA1c,30.45,mmol/mol,28–75,2024-10-12,Normal
LAB002746,P1701,Haemoglobin,12.35,g/dL,9.0–16.5,2022-11-11,Normal
LAB002747,P1701,Fasting Glucose,8.45,mmol/L,3.5–10.0,2024-07-29,Normal
LAB002748,P1701,HDL Cholesterol,1.03,mmol/L,0.9–2.5,2022-06-04,Normal
LAB002749,P1702,TSH,0.79,mU/L,0.3–5.5,2023-02-06,Normal
LAB002750,P1702,Serum Sodium,146.49,mmol/L,132–148,2024-10-28,Normal
LAB002751,P1702,LDL Cholesterol,5.96,mmol/L,1.5–5.0,2022-07-10,High
LAB002752,P1702,Fasting Glucose,13.74,mmol/L,3.5–10.0,2022-04-23,High
LAB002753,P1702,eGFR,44.43,mL/min,15–120,2024-06-19,Normal
LAB002754,P1703,LDL Cholesterol,6.93,mmol/L,1.5–5.0,2024-02-16,High
LAB002755,P1703,TSH,25.79,mU/L,0.3–5.5,2023-02-26,High
LAB002756,P1704,eGFR,113.71,mL/min,15–120,2022-02-16,Normal
LAB002757,P1704,CRP,4.2,mg/L,0.1–120,2023-07-30,Normal
LAB002758,P1705,CRP,181.42,mg/L,0.1–120,2022-10-08,High
LAB002759,P1705,Platelet Count,790.11,x10^9/L,120–450,2023-05-23,High
LAB002760,P1705,eGFR,32.28,mL/min,15–120,2024-08-02,Normal
LAB002761,P1705,TSH,1.79,mU/L,0.3–5.5,2024-10-06,Normal
LAB002762,P1705,Serum Potassium,2.54,mmol/L,3.2–5.5,2023-10-14,Low
LAB002763,P1706,INR,7.0,ratio,0.8–4.5,2022-05-15,High
LAB002764,P1706,HbA1c,69.38,mmol/mol,28–75,2022-04-10,Normal
LAB002765,P1706,TSH,16.79,mU/L,0.3–5.5,2023-02-10,High
LAB002766,P1706,CRP,74.97,mg/L,0.1–120,2023-03-19,Normal
LAB002767,P1706,Platelet Count,273.68,x10^9/L,120–450,2022-03-04,Normal
LAB002768,P1706,Haemoglobin,17.19,g/dL,9.0–16.5,2024-04-11,High
LAB002769,P1707,CRP,88.02,mg/L,0.1–120,2024-12-13,Normal
LAB002770,P1707,White Cell Count,17.01,x10^9/L,3.5–14.0,2022-12-17,High
LAB002771,P1707,TSH,7.31,mU/L,0.3–5.5,2023-11-18,High
LAB002772,P1707,Haemoglobin,14.4,g/dL,9.0–16.5,2022-01-11,Normal
LAB002773,P1708,Haemoglobin,17.74,g/dL,9.0–16.5,2022-10-17,High
LAB002774,P1708,Total Cholesterol,8.86,mmol/L,3.5–7.5,2023-11-23,High
LAB002775,P1708,INR,6.07,ratio,0.8–4.5,2023-12-31,High
LAB002776,P1708,White Cell Count,10.17,x10^9/L,3.5–14.0,2022-08-19,Normal
LAB002777,P1708,Serum Creatinine,150.6,umol/L,55–200,2022-08-23,Normal
LAB002778,P1708,Serum Sodium,155.77,mmol/L,132–148,2024-05-11,High
LAB002779,P1709,LDL Cholesterol,4.4,mmol/L,1.5–5.0,2022-12-05,Normal
LAB002780,P1709,HDL Cholesterol,3.22,mmol/L,0.9–2.5,2023-04-27,High
LAB002781,P1710,Haemoglobin,15.95,g/dL,9.0–16.5,2023-02-05,Normal
LAB002782,P1710,White Cell Count,12.49,x10^9/L,3.5–14.0,2023-01-30,Normal
LAB002783,P1710,INR,1.59,ratio,0.8–4.5,2023-05-08,Normal
LAB002784,P1710,LDL Cholesterol,4.49,mmol/L,1.5–5.0,2022-03-08,Normal
LAB002785,P1710,TSH,7.75,mU/L,0.3–5.5,2023-04-28,High
LAB002786,P1711,HDL Cholesterol,1.95,mmol/L,0.9–2.5,2023-07-15,Normal
LAB002787,P1711,Haemoglobin,13.24,g/dL,9.0–16.5,2024-09-09,Normal
LAB002788,P1711,Serum Creatinine,567.93,umol/L,55–200,2023-06-29,High
LAB002789,P1711,White Cell Count,3.85,x10^9/L,3.5–14.0,2023-04-18,Normal
LAB002790,P1711,CRP,147.38,mg/L,0.1–120,2022-06-30,High
LAB002791,P1712,HbA1c,39.02,mmol/mol,28–75,2023-11-13,Normal
LAB002792,P1712,eGFR,48.15,mL/min,15–120,2022-12-12,Normal
LAB002793,P1712,LDL Cholesterol,4.81,mmol/L,1.5–5.0,2024-09-11,Normal
LAB002794,P1713,HbA1c,74.34,mmol/mol,28–75,2024-11-16,Normal
LAB002795,P1713,Fasting Glucose,3.86,mmol/L,3.5–10.0,2023-07-06,Normal
LAB002796,P1713,HDL Cholesterol,1.39,mmol/L,0.9–2.5,2022-06-12,Normal
LAB002797,P1713,Serum Creatinine,240.83,umol/L,55–200,2023-01-01,High
LAB002798,P1713,White Cell Count,16.78,x10^9/L,3.5–14.0,2023-10-01,High
LAB002799,P1714,Serum Sodium,122.91,mmol/L,132–148,2024-02-20,Low
LAB002800,P1714,eGFR,19.78,mL/min,15–120,2023-09-21,Normal
LAB002801,P1714,Fasting Glucose,8.96,mmol/L,3.5–10.0,2022-03-05,Normal
LAB002802,P1715,CRP,26.89,mg/L,0.1–120,2022-12-07,Normal
LAB002803,P1715,eGFR,54.96,mL/min,15–120,2022-02-15,Normal
LAB002804,P1715,Fasting Glucose,16.09,mmol/L,3.5–10.0,2023-12-01,High
LAB002805,P1716,Serum Sodium,158.85,mmol/L,132–148,2023-06-13,High
LAB002806,P1716,Serum Potassium,2.88,mmol/L,3.2–5.5,2024-03-26,Low
LAB002807,P1716,HDL Cholesterol,2.25,mmol/L,0.9–2.5,2023-05-21,Normal
LAB002808,P1716,eGFR,52.47,mL/min,15–120,2023-06-08,Normal
LAB002809,P1717,Haemoglobin,19.84,g/dL,9.0–16.5,2022-02-25,High
LAB002810,P1717,CRP,59.6,mg/L,0.1–120,2023-07-13,Normal
LAB002811,P1717,Fasting Glucose,13.37,mmol/L,3.5–10.0,2023-10-07,High
LAB002812,P1718,Serum Creatinine,414.5,umol/L,55–200,2024-05-18,High
LAB002813,P1718,INR,0.71,ratio,0.8–4.5,2023-04-18,Low
LAB002814,P1718,Platelet Count,794.36,x10^9/L,120–450,2022-06-26,High
LAB002815,P1718,CRP,27.91,mg/L,0.1–120,2024-04-27,Normal
LAB002816,P1719,Total Cholesterol,3.5,mmol/L,3.5–7.5,2023-03-28,Normal
LAB002817,P1719,Haemoglobin,19.56,g/dL,9.0–16.5,2024-02-10,High
LAB002818,P1719,TSH,24.0,mU/L,0.3–5.5,2024-08-23,High
LAB002819,P1720,Serum Potassium,5.26,mmol/L,3.2–5.5,2024-06-30,Normal
LAB002820,P1720,Total Cholesterol,9.44,mmol/L,3.5–7.5,2023-03-02,High
LAB002821,P1720,Serum Sodium,135.62,mmol/L,132–148,2024-12-22,Normal
LAB002822,P1720,Fasting Glucose,6.17,mmol/L,3.5–10.0,2024-01-23,Normal
LAB002823,P1721,Platelet Count,678.3,x10^9/L,120–450,2024-07-12,High
LAB002824,P1721,Serum Creatinine,42.24,umol/L,55–200,2023-02-01,Low
LAB002825,P1722,HbA1c,123.25,mmol/mol,28–75,2024-04-12,High
LAB002826,P1722,TSH,20.49,mU/L,0.3–5.5,2024-01-09,High
LAB002827,P1722,Serum Sodium,121.33,mmol/L,132–148,2022-08-21,Low
LAB002828,P1722,Platelet Count,102.22,x10^9/L,120–450,2024-04-23,Low
LAB002829,P1723,INR,2.3,ratio,0.8–4.5,2024-12-16,Normal
LAB002830,P1723,TSH,18.85,mU/L,0.3–5.5,2023-07-12,High
LAB002831,P1723,CRP,56.73,mg/L,0.1–120,2024-08-28,Normal
LAB002832,P1723,HbA1c,166.33,mmol/mol,28–75,2022-03-11,High
LAB002833,P1724,Serum Sodium,126.91,mmol/L,132–148,2024-09-24,Low
LAB002834,P1724,eGFR,120.99,mL/min,15–120,2023-11-09,High
LAB002835,P1725,Serum Creatinine,574.15,umol/L,55–200,2023-06-07,High
LAB002836,P1725,Serum Sodium,131.4,mmol/L,132–148,2024-03-03,Low
LAB002837,P1725,Fasting Glucose,9.7,mmol/L,3.5–10.0,2023-11-06,Normal
LAB002838,P1725,HDL Cholesterol,1.53,mmol/L,0.9–2.5,2022-06-23,Normal
LAB002839,P1725,Total Cholesterol,11.81,mmol/L,3.5–7.5,2024-09-01,High
LAB002840,P1725,Platelet Count,681.93,x10^9/L,120–450,2023-12-26,High
LAB002841,P1726,Total Cholesterol,2.08,mmol/L,3.5–7.5,2022-01-25,Low
LAB002842,P1726,Haemoglobin,7.57,g/dL,9.0–16.5,2022-05-17,Low
LAB002843,P1726,Serum Creatinine,399.57,umol/L,55–200,2024-07-04,High
LAB002844,P1726,CRP,61.49,mg/L,0.1–120,2023-09-19,Normal
LAB002845,P1726,White Cell Count,14.37,x10^9/L,3.5–14.0,2023-08-06,High
LAB002846,P1727,Platelet Count,555.62,x10^9/L,120–450,2024-04-18,High
LAB002847,P1727,Total Cholesterol,9.12,mmol/L,3.5–7.5,2023-04-12,High
LAB002848,P1727,LDL Cholesterol,6.67,mmol/L,1.5–5.0,2024-05-15,High
LAB002849,P1727,Serum Creatinine,188.74,umol/L,55–200,2024-11-19,Normal
LAB002850,P1728,Haemoglobin,6.74,g/dL,9.0–16.5,2024-06-30,Low
LAB002851,P1728,Serum Sodium,120.51,mmol/L,132–148,2022-07-31,Low
LAB002852,P1728,Fasting Glucose,4.26,mmol/L,3.5–10.0,2023-08-05,Normal
LAB002853,P1728,Serum Potassium,5.18,mmol/L,3.2–5.5,2023-11-23,Normal
LAB002854,P1728,INR,3.86,ratio,0.8–4.5,2022-06-03,Normal
LAB002855,P1728,HbA1c,152.78,mmol/mol,28–75,2023-05-06,High
LAB002856,P1729,INR,7.05,ratio,0.8–4.5,2023-09-10,High
LAB002857,P1729,HDL Cholesterol,2.46,mmol/L,0.9–2.5,2022-07-04,Normal
LAB002858,P1730,Total Cholesterol,10.48,mmol/L,3.5–7.5,2023-05-18,High
LAB002859,P1730,Serum Potassium,3.57,mmol/L,3.2–5.5,2023-12-20,Normal
LAB002860,P1730,Serum Sodium,150.95,mmol/L,132–148,2023-02-18,High
LAB002861,P1730,INR,5.3,ratio,0.8–4.5,2024-09-16,High
LAB002862,P1731,Serum Potassium,4.36,mmol/L,3.2–5.5,2024-01-06,Normal
LAB002863,P1731,White Cell Count,25.92,x10^9/L,3.5–14.0,2024-10-04,High
LAB002864,P1731,TSH,17.22,mU/L,0.3–5.5,2022-09-13,High
LAB002865,P1732,HbA1c,179.35,mmol/mol,28–75,2024-02-14,High
LAB002866,P1732,Total Cholesterol,4.74,mmol/L,3.5–7.5,2024-07-23,Normal
LAB002867,P1732,eGFR,123.82,mL/min,15–120,2024-08-25,High
LAB002868,P1733,INR,3.06,ratio,0.8–4.5,2022-09-24,Normal
LAB002869,P1733,Fasting Glucose,17.9,mmol/L,3.5–10.0,2022-05-13,High
LAB002870,P1734,INR,2.58,ratio,0.8–4.5,2022-01-05,Normal
LAB002871,P1734,Haemoglobin,12.83,g/dL,9.0–16.5,2022-09-05,Normal
LAB002872,P1734,HbA1c,40.88,mmol/mol,28–75,2024-05-03,Normal
LAB002873,P1734,Serum Potassium,2.6,mmol/L,3.2–5.5,2023-09-08,Low
LAB002874,P1734,White Cell Count,28.06,x10^9/L,3.5–14.0,2023-06-12,High
LAB002875,P1734,Platelet Count,240.93,x10^9/L,120–450,2022-06-17,Normal
LAB002876,P1735,Platelet Count,428.63,x10^9/L,120–450,2022-05-04,Normal
LAB002877,P1735,INR,6.19,ratio,0.8–4.5,2024-07-25,High
LAB002878,P1736,TSH,23.03,mU/L,0.3–5.5,2024-09-29,High
LAB002879,P1736,HDL Cholesterol,1.25,mmol/L,0.9–2.5,2024-11-23,Normal
LAB002880,P1736,Total Cholesterol,11.17,mmol/L,3.5–7.5,2023-11-21,High
LAB002881,P1736,Serum Sodium,158.8,mmol/L,132–148,2023-01-14,High
LAB002882,P1737,Haemoglobin,12.76,g/dL,9.0–16.5,2023-08-22,Normal
LAB002883,P1737,Serum Sodium,142.38,mmol/L,132–148,2024-10-11,Normal
LAB002884,P1737,Serum Potassium,4.29,mmol/L,3.2–5.5,2022-04-26,Normal
LAB002885,P1738,White Cell Count,10.88,x10^9/L,3.5–14.0,2022-12-20,Normal
LAB002886,P1738,CRP,100.37,mg/L,0.1–120,2022-07-14,Normal
LAB002887,P1738,Fasting Glucose,4.82,mmol/L,3.5–10.0,2022-03-05,Normal
LAB002888,P1738,Serum Potassium,4.75,mmol/L,3.2–5.5,2022-12-01,Normal
LAB002889,P1738,Total Cholesterol,9.55,mmol/L,3.5–7.5,2024-04-11,High
LAB002890,P1739,Platelet Count,549.38,x10^9/L,120–450,2024-04-23,High
LAB002891,P1739,CRP,218.43,mg/L,0.1–120,2022-10-31,High
LAB002892,P1739,HbA1c,117.41,mmol/mol,28–75,2024-01-09,High
LAB002893,P1739,INR,7.33,ratio,0.8–4.5,2023-02-21,High
LAB002894,P1739,eGFR,73.66,mL/min,15–120,2023-03-17,Normal
LAB002895,P1740,Serum Potassium,4.01,mmol/L,3.2–5.5,2024-12-20,Normal
LAB002896,P1740,Serum Creatinine,106.15,umol/L,55–200,2022-08-11,Normal
LAB002897,P1740,Haemoglobin,16.76,g/dL,9.0–16.5,2022-01-03,High
LAB002898,P1740,Fasting Glucose,16.92,mmol/L,3.5–10.0,2023-01-22,High
LAB002899,P1740,eGFR,90.36,mL/min,15–120,2024-08-25,Normal
LAB002900,P1740,HDL Cholesterol,0.53,mmol/L,0.9–2.5,2022-02-13,Low
LAB002901,P1741,HbA1c,159.81,mmol/mol,28–75,2024-12-16,High
LAB002902,P1741,TSH,18.95,mU/L,0.3–5.5,2024-05-03,High
LAB002903,P1741,LDL Cholesterol,7.39,mmol/L,1.5–5.0,2024-06-09,High
LAB002904,P1741,Haemoglobin,16.52,g/dL,9.0–16.5,2023-04-06,High
LAB002905,P1741,White Cell Count,5.76,x10^9/L,3.5–14.0,2024-10-18,Normal
LAB002906,P1742,Platelet Count,225.93,x10^9/L,120–450,2024-10-30,Normal
LAB002907,P1742,White Cell Count,8.87,x10^9/L,3.5–14.0,2022-11-13,Normal
LAB002908,P1743,Haemoglobin,18.11,g/dL,9.0–16.5,2022-12-27,High
LAB002909,P1743,Serum Sodium,144.63,mmol/L,132–148,2023-12-13,Normal
LAB002910,P1743,HDL Cholesterol,0.71,mmol/L,0.9–2.5,2024-08-30,Low
LAB002911,P1743,White Cell Count,24.15,x10^9/L,3.5–14.0,2023-07-05,High
LAB002912,P1743,CRP,243.64,mg/L,0.1–120,2024-03-19,High
LAB002913,P1744,Haemoglobin,11.53,g/dL,9.0–16.5,2023-07-20,Normal
LAB002914,P1744,Total Cholesterol,2.9,mmol/L,3.5–7.5,2024-11-10,Low
LAB002915,P1744,eGFR,25.02,mL/min,15–120,2022-07-30,Normal
LAB002916,P1744,CRP,134.08,mg/L,0.1–120,2023-07-10,High
LAB002917,P1745,Haemoglobin,8.71,g/dL,9.0–16.5,2023-11-15,Low
LAB002918,P1745,Platelet Count,623.54,x10^9/L,120–450,2022-11-02,High
LAB002919,P1745,Serum Creatinine,64.78,umol/L,55–200,2024-06-14,Normal
LAB002920,P1745,HbA1c,195.49,mmol/mol,28–75,2024-03-24,High
LAB002921,P1745,Serum Sodium,144.46,mmol/L,132–148,2023-04-08,Normal
LAB002922,P1746,LDL Cholesterol,6.84,mmol/L,1.5–5.0,2024-03-07,High
LAB002923,P1746,Total Cholesterol,8.63,mmol/L,3.5–7.5,2023-06-08,High
LAB002924,P1747,Total Cholesterol,4.42,mmol/L,3.5–7.5,2022-03-09,Normal
LAB002925,P1747,Serum Creatinine,599.48,umol/L,55–200,2024-08-03,High
LAB002926,P1747,Haemoglobin,16.55,g/dL,9.0–16.5,2023-06-13,High
LAB002927,P1747,LDL Cholesterol,6.32,mmol/L,1.5–5.0,2022-03-22,High
LAB002928,P1748,LDL Cholesterol,3.07,mmol/L,1.5–5.0,2022-11-01,Normal
LAB002929,P1748,Serum Creatinine,184.9,umol/L,55–200,2024-03-29,Normal
LAB002930,P1748,Fasting Glucose,15.4,mmol/L,3.5–10.0,2024-01-24,High
LAB002931,P1748,eGFR,20.27,mL/min,15–120,2023-12-03,Normal
LAB002932,P1748,White Cell Count,21.53,x10^9/L,3.5–14.0,2023-02-14,High
LAB002933,P1749,TSH,1.86,mU/L,0.3–5.5,2024-01-04,Normal
LAB002934,P1749,Serum Potassium,6.2,mmol/L,3.2–5.5,2023-03-06,High
LAB002935,P1749,Platelet Count,349.58,x10^9/L,120–450,2024-04-15,Normal
LAB002936,P1749,CRP,180.18,mg/L,0.1–120,2023-03-04,High
LAB002937,P1749,HbA1c,54.94,mmol/mol,28–75,2024-10-05,Normal
LAB002938,P1750,LDL Cholesterol,4.5,mmol/L,1.5–5.0,2023-12-28,Normal
LAB002939,P1750,CRP,209.18,mg/L,0.1–120,2022-11-23,High
LAB002940,P1750,HDL Cholesterol,3.21,mmol/L,0.9–2.5,2024-11-30,High
LAB002941,P1750,Total Cholesterol,4.31,mmol/L,3.5–7.5,2022-10-14,Normal
LAB002942,P1750,Serum Sodium,155.81,mmol/L,132–148,2023-03-25,High
LAB002943,P1751,Serum Potassium,3.04,mmol/L,3.2–5.5,2022-03-14,Low
LAB002944,P1751,Total Cholesterol,4.33,mmol/L,3.5–7.5,2023-04-15,Normal
LAB002945,P1751,INR,5.88,ratio,0.8–4.5,2022-04-19,High
LAB002946,P1751,Serum Creatinine,33.94,umol/L,55–200,2023-10-02,Low
LAB002947,P1751,Platelet Count,156.93,x10^9/L,120–450,2023-03-02,Normal
LAB002948,P1752,CRP,133.79,mg/L,0.1–120,2023-07-02,High
LAB002949,P1752,HbA1c,55.55,mmol/mol,28–75,2023-04-23,Normal
LAB002950,P1752,LDL Cholesterol,7.15,mmol/L,1.5–5.0,2023-02-07,High
LAB002951,P1752,Serum Sodium,147.31,mmol/L,132–148,2024-11-19,Normal
LAB002952,P1753,White Cell Count,12.56,x10^9/L,3.5–14.0,2022-06-18,Normal
LAB002953,P1753,HDL Cholesterol,0.95,mmol/L,0.9–2.5,2024-09-24,Normal
LAB002954,P1753,Serum Creatinine,537.79,umol/L,55–200,2022-01-26,High
LAB002955,P1754,Haemoglobin,14.29,g/dL,9.0–16.5,2024-02-01,Normal
LAB002956,P1754,LDL Cholesterol,6.15,mmol/L,1.5–5.0,2022-08-21,High
LAB002957,P1754,CRP,143.31,mg/L,0.1–120,2024-05-12,High
LAB002958,P1754,Fasting Glucose,12.28,mmol/L,3.5–10.0,2024-02-29,High
LAB002959,P1755,HbA1c,171.95,mmol/mol,28–75,2024-01-01,High
LAB002960,P1755,Serum Potassium,3.54,mmol/L,3.2–5.5,2022-10-23,Normal
LAB002961,P1755,INR,1.22,ratio,0.8–4.5,2024-09-29,Normal
LAB002962,P1755,eGFR,88.21,mL/min,15–120,2023-04-01,Normal
LAB002963,P1755,HDL Cholesterol,2.12,mmol/L,0.9–2.5,2022-11-19,Normal
LAB002964,P1755,Serum Creatinine,277.99,umol/L,55–200,2022-03-03,High
LAB002965,P1756,LDL Cholesterol,6.68,mmol/L,1.5–5.0,2023-02-10,High
LAB002966,P1756,Serum Sodium,145.91,mmol/L,132–148,2024-05-27,Normal
LAB002967,P1756,Total Cholesterol,7.22,mmol/L,3.5–7.5,2024-01-13,Normal
LAB002968,P1756,Serum Potassium,5.08,mmol/L,3.2–5.5,2023-06-23,Normal
LAB002969,P1757,White Cell Count,19.43,x10^9/L,3.5–14.0,2022-03-19,High
LAB002970,P1757,CRP,66.36,mg/L,0.1–120,2024-07-24,Normal
LAB002971,P1757,LDL Cholesterol,5.1,mmol/L,1.5–5.0,2024-08-17,High
LAB002972,P1758,INR,0.67,ratio,0.8–4.5,2022-12-04,Low
LAB002973,P1758,LDL Cholesterol,1.21,mmol/L,1.5–5.0,2024-11-10,Low
LAB002974,P1758,Serum Potassium,3.87,mmol/L,3.2–5.5,2024-05-11,Normal
LAB002975,P1758,CRP,289.19,mg/L,0.1–120,2024-01-14,High
LAB002976,P1758,Fasting Glucose,16.03,mmol/L,3.5–10.0,2022-03-03,High
LAB002977,P1758,Serum Creatinine,102.83,umol/L,55–200,2022-01-24,Normal
LAB002978,P1759,eGFR,55.6,mL/min,15–120,2022-03-17,Normal
LAB002979,P1759,CRP,121.04,mg/L,0.1–120,2024-07-26,High
LAB002980,P1759,Serum Sodium,128.93,mmol/L,132–148,2023-09-02,Low
LAB002981,P1759,Serum Potassium,4.47,mmol/L,3.2–5.5,2024-08-22,Normal
LAB002982,P1759,White Cell Count,3.71,x10^9/L,3.5–14.0,2023-09-02,Normal
LAB002983,P1760,Platelet Count,469.64,x10^9/L,120–450,2024-01-04,High
LAB002984,P1760,Serum Potassium,5.62,mmol/L,3.2–5.5,2022-07-02,High
LAB002985,P1760,White Cell Count,26.83,x10^9/L,3.5–14.0,2022-01-02,High
LAB002986,P1760,eGFR,33.89,mL/min,15–120,2023-11-17,Normal
LAB002987,P1760,LDL Cholesterol,1.89,mmol/L,1.5–5.0,2022-10-28,Normal
LAB002988,P1760,Total Cholesterol,10.57,mmol/L,3.5–7.5,2024-02-20,High
LAB002989,P1761,Total Cholesterol,5.52,mmol/L,3.5–7.5,2024-03-31,Normal
LAB002990,P1761,Fasting Glucose,6.36,mmol/L,3.5–10.0,2024-06-23,Normal
LAB002991,P1761,Serum Creatinine,198.13,umol/L,55–200,2024-04-29,Normal
LAB002992,P1762,Platelet Count,511.32,x10^9/L,120–450,2023-08-15,High
LAB002993,P1762,CRP,2.27,mg/L,0.1–120,2023-12-14,Normal
LAB002994,P1762,HDL Cholesterol,1.62,mmol/L,0.9–2.5,2023-08-09,Normal
LAB002995,P1763,Serum Creatinine,239.76,umol/L,55–200,2022-06-02,High
LAB002996,P1763,eGFR,63.74,mL/min,15–120,2024-11-17,Normal
LAB002997,P1763,TSH,14.72,mU/L,0.3–5.5,2022-03-06,High
LAB002998,P1763,Serum Potassium,2.27,mmol/L,3.2–5.5,2022-07-06,Low
LAB002999,P1763,Serum Sodium,120.63,mmol/L,132–148,2022-10-27,Low
LAB003000,P1764,LDL Cholesterol,5.62,mmol/L,1.5–5.0,2022-12-10,High
LAB003001,P1764,eGFR,48.87,mL/min,15–120,2024-03-10,Normal
LAB003002,P1764,Serum Potassium,5.28,mmol/L,3.2–5.5,2024-08-02,Normal
LAB003003,P1764,INR,2.04,ratio,0.8–4.5,2023-01-16,Normal
LAB003004,P1764,CRP,51.09,mg/L,0.1–120,2023-02-23,Normal
LAB003005,P1765,CRP,169.33,mg/L,0.1–120,2022-05-14,High
LAB003006,P1765,White Cell Count,13.36,x10^9/L,3.5–14.0,2024-03-12,Normal
LAB003007,P1765,Haemoglobin,6.07,g/dL,9.0–16.5,2022-07-16,Low
LAB003008,P1765,HDL Cholesterol,2.53,mmol/L,0.9–2.5,2022-03-10,High
LAB003009,P1766,HbA1c,149.6,mmol/mol,28–75,2022-02-16,High
LAB003010,P1766,HDL Cholesterol,3.12,mmol/L,0.9–2.5,2023-03-02,High
LAB003011,P1766,White Cell Count,29.31,x10^9/L,3.5–14.0,2022-11-12,High
LAB003012,P1766,TSH,12.41,mU/L,0.3–5.5,2023-09-16,High
LAB003013,P1766,eGFR,120.5,mL/min,15–120,2024-07-05,High
LAB003014,P1766,Serum Potassium,5.87,mmol/L,3.2–5.5,2023-02-09,High
LAB003015,P1767,White Cell Count,28.24,x10^9/L,3.5–14.0,2022-07-07,High
LAB003016,P1767,Serum Creatinine,306.08,umol/L,55–200,2024-06-01,High
LAB003017,P1767,Platelet Count,646.22,x10^9/L,120–450,2022-02-17,High
LAB003018,P1767,INR,5.0,ratio,0.8–4.5,2024-10-12,High
LAB003019,P1767,Serum Potassium,2.48,mmol/L,3.2–5.5,2024-04-29,Low
LAB003020,P1768,CRP,198.59,mg/L,0.1–120,2022-08-09,High
LAB003021,P1768,TSH,0.44,mU/L,0.3–5.5,2023-12-18,Normal
LAB003022,P1768,Serum Sodium,150.05,mmol/L,132–148,2023-05-21,High
LAB003023,P1768,Serum Potassium,5.58,mmol/L,3.2–5.5,2024-05-07,High
LAB003024,P1769,Platelet Count,644.58,x10^9/L,120–450,2023-04-24,High
LAB003025,P1769,INR,4.55,ratio,0.8–4.5,2022-04-27,High
LAB003026,P1769,HDL Cholesterol,3.1,mmol/L,0.9–2.5,2023-10-29,High
LAB003027,P1769,TSH,3.93,mU/L,0.3–5.5,2022-03-03,Normal
LAB003028,P1769,Haemoglobin,15.23,g/dL,9.0–16.5,2024-03-07,Normal
LAB003029,P1770,Serum Creatinine,339.12,umol/L,55–200,2023-09-13,High
LAB003030,P1770,Fasting Glucose,15.32,mmol/L,3.5–10.0,2024-06-25,High
LAB003031,P1770,White Cell Count,3.63,x10^9/L,3.5–14.0,2024-12-18,Normal
LAB003032,P1770,LDL Cholesterol,7.42,mmol/L,1.5–5.0,2024-10-26,High
LAB003033,P1770,Haemoglobin,9.31,g/dL,9.0–16.5,2024-06-30,Normal
LAB003034,P1771,LDL Cholesterol,0.83,mmol/L,1.5–5.0,2024-04-05,Low
LAB003035,P1771,INR,4.31,ratio,0.8–4.5,2023-03-15,Normal
LAB003036,P1771,HDL Cholesterol,2.26,mmol/L,0.9–2.5,2024-03-20,Normal
LAB003037,P1771,Serum Creatinine,119.91,umol/L,55–200,2023-10-25,Normal
LAB003038,P1772,Total Cholesterol,2.45,mmol/L,3.5–7.5,2024-03-09,Low
LAB003039,P1772,LDL Cholesterol,2.6,mmol/L,1.5–5.0,2022-12-05,Normal
LAB003040,P1773,CRP,107.56,mg/L,0.1–120,2024-12-18,Normal
LAB003041,P1773,LDL Cholesterol,3.54,mmol/L,1.5–5.0,2023-11-07,Normal
LAB003042,P1773,HDL Cholesterol,1.12,mmol/L,0.9–2.5,2022-08-18,Normal
LAB003043,P1773,INR,1.9,ratio,0.8–4.5,2022-07-29,Normal
LAB003044,P1774,eGFR,61.48,mL/min,15–120,2022-01-11,Normal
LAB003045,P1774,HbA1c,113.8,mmol/mol,28–75,2022-04-03,High
LAB003046,P1774,LDL Cholesterol,2.07,mmol/L,1.5–5.0,2023-09-28,Normal
LAB003047,P1774,White Cell Count,13.17,x10^9/L,3.5–14.0,2023-08-19,Normal
LAB003048,P1775,eGFR,31.49,mL/min,15–120,2024-04-04,Normal
LAB003049,P1775,HbA1c,66.72,mmol/mol,28–75,2023-07-20,Normal
LAB003050,P1775,HDL Cholesterol,2.11,mmol/L,0.9–2.5,2022-09-08,Normal
LAB003051,P1775,Platelet Count,542.81,x10^9/L,120–450,2022-06-17,High
LAB003052,P1775,INR,3.7,ratio,0.8–4.5,2023-01-17,Normal
LAB003053,P1776,Fasting Glucose,2.8,mmol/L,3.5–10.0,2023-05-02,Low
LAB003054,P1776,TSH,21.81,mU/L,0.3–5.5,2024-04-09,High
LAB003055,P1776,Serum Creatinine,428.29,umol/L,55–200,2023-12-21,High
LAB003056,P1777,TSH,27.09,mU/L,0.3–5.5,2022-04-01,High
LAB003057,P1777,eGFR,10.3,mL/min,15–120,2023-09-12,Low
LAB003058,P1777,Serum Sodium,124.9,mmol/L,132–148,2024-12-03,Low
LAB003059,P1777,White Cell Count,18.46,x10^9/L,3.5–14.0,2023-03-17,High
LAB003060,P1777,Fasting Glucose,5.9,mmol/L,3.5–10.0,2022-09-26,Normal
LAB003061,P1777,Platelet Count,683.82,x10^9/L,120–450,2024-05-01,High
LAB003062,P1778,HbA1c,76.82,mmol/mol,28–75,2022-01-01,High
LAB003063,P1778,Fasting Glucose,15.8,mmol/L,3.5–10.0,2022-02-23,High
LAB003064,P1778,LDL Cholesterol,1.76,mmol/L,1.5–5.0,2023-11-25,Normal
LAB003065,P1778,White Cell Count,23.78,x10^9/L,3.5–14.0,2024-09-13,High
LAB003066,P1778,Serum Creatinine,140.02,umol/L,55–200,2024-11-28,Normal
LAB003067,P1779,Fasting Glucose,3.23,mmol/L,3.5–10.0,2023-08-26,Low
LAB003068,P1779,HbA1c,165.92,mmol/mol,28–75,2024-08-11,High
LAB003069,P1780,White Cell Count,27.43,x10^9/L,3.5–14.0,2022-04-23,High
LAB003070,P1780,Fasting Glucose,8.93,mmol/L,3.5–10.0,2022-07-05,Normal
LAB003071,P1781,HDL Cholesterol,3.7,mmol/L,0.9–2.5,2024-02-05,High
LAB003072,P1781,Platelet Count,77.14,x10^9/L,120–450,2023-12-31,Low
LAB003073,P1781,INR,3.02,ratio,0.8–4.5,2022-07-14,Normal
LAB003074,P1781,TSH,20.16,mU/L,0.3–5.5,2023-04-01,High
LAB003075,P1781,Fasting Glucose,17.0,mmol/L,3.5–10.0,2024-04-23,High
LAB003076,P1781,LDL Cholesterol,4.49,mmol/L,1.5–5.0,2022-06-16,Normal
LAB003077,P1782,eGFR,5.97,mL/min,15–120,2022-01-24,Low
LAB003078,P1782,TSH,19.26,mU/L,0.3–5.5,2022-10-30,High
LAB003079,P1782,Serum Potassium,4.99,mmol/L,3.2–5.5,2023-02-22,Normal
LAB003080,P1782,Haemoglobin,15.9,g/dL,9.0–16.5,2024-01-19,Normal
LAB003081,P1782,Fasting Glucose,2.31,mmol/L,3.5–10.0,2022-07-27,Low
LAB003082,P1782,Serum Sodium,144.01,mmol/L,132–148,2022-06-21,Normal
LAB003083,P1783,Platelet Count,659.59,x10^9/L,120–450,2022-06-02,High
LAB003084,P1783,LDL Cholesterol,6.22,mmol/L,1.5–5.0,2023-07-27,High
LAB003085,P1783,INR,4.82,ratio,0.8–4.5,2022-12-01,High
LAB003086,P1784,HbA1c,165.51,mmol/mol,28–75,2022-03-26,High
LAB003087,P1784,Platelet Count,549.29,x10^9/L,120–450,2023-03-13,High
LAB003088,P1784,TSH,14.35,mU/L,0.3–5.5,2022-05-30,High
LAB003089,P1785,Haemoglobin,11.39,g/dL,9.0–16.5,2024-07-08,Normal
LAB003090,P1785,Serum Creatinine,175.29,umol/L,55–200,2022-01-15,Normal
LAB003091,P1785,White Cell Count,12.27,x10^9/L,3.5–14.0,2022-08-06,Normal
LAB003092,P1785,TSH,2.06,mU/L,0.3–5.5,2023-01-07,Normal
LAB003093,P1785,INR,7.29,ratio,0.8–4.5,2022-09-26,High
LAB003094,P1786,Serum Potassium,6.58,mmol/L,3.2–5.5,2024-03-06,High
LAB003095,P1786,LDL Cholesterol,4.94,mmol/L,1.5–5.0,2024-01-29,Normal
LAB003096,P1787,eGFR,66.3,mL/min,15–120,2022-07-11,Normal
LAB003097,P1787,Serum Creatinine,125.77,umol/L,55–200,2022-08-30,Normal
LAB003098,P1788,eGFR,117.4,mL/min,15–120,2022-09-27,Normal
LAB003099,P1788,HbA1c,175.43,mmol/mol,28–75,2023-04-17,High
LAB003100,P1788,Serum Potassium,6.37,mmol/L,3.2–5.5,2023-03-30,High
LAB003101,P1788,Fasting Glucose,5.52,mmol/L,3.5–10.0,2023-01-08,Normal
LAB003102,P1788,White Cell Count,10.41,x10^9/L,3.5–14.0,2024-11-06,Normal
LAB003103,P1788,Serum Sodium,150.76,mmol/L,132–148,2022-10-05,High
LAB003104,P1789,eGFR,23.83,mL/min,15–120,2022-08-24,Normal
LAB003105,P1789,TSH,23.72,mU/L,0.3–5.5,2023-11-30,High
LAB003106,P1790,eGFR,129.56,mL/min,15–120,2022-08-04,High
LAB003107,P1790,White Cell Count,25.53,x10^9/L,3.5–14.0,2024-03-03,High
LAB003108,P1790,Serum Potassium,5.17,mmol/L,3.2–5.5,2024-04-08,Normal
LAB003109,P1790,Serum Sodium,154.41,mmol/L,132–148,2022-04-10,High
LAB003110,P1790,INR,7.75,ratio,0.8–4.5,2024-01-06,High
LAB003111,P1790,Platelet Count,73.13,x10^9/L,120–450,2022-12-01,Low
LAB003112,P1791,Fasting Glucose,15.58,mmol/L,3.5–10.0,2023-03-21,High
LAB003113,P1791,Total Cholesterol,9.93,mmol/L,3.5–7.5,2022-01-13,High
LAB003114,P1792,Fasting Glucose,15.84,mmol/L,3.5–10.0,2023-06-03,High
LAB003115,P1792,eGFR,36.89,mL/min,15–120,2024-04-13,Normal
LAB003116,P1792,TSH,25.2,mU/L,0.3–5.5,2022-06-04,High
LAB003117,P1792,HDL Cholesterol,2.92,mmol/L,0.9–2.5,2024-10-20,High
LAB003118,P1792,CRP,272.12,mg/L,0.1–120,2023-06-10,High
LAB003119,P1792,White Cell Count,2.11,x10^9/L,3.5–14.0,2023-04-29,Low
LAB003120,P1793,eGFR,40.06,mL/min,15–120,2023-12-23,Normal
LAB003121,P1793,Platelet Count,72.38,x10^9/L,120–450,2024-04-07,Low
LAB003122,P1793,Serum Creatinine,36.59,umol/L,55–200,2023-11-12,Low
LAB003123,P1793,HDL Cholesterol,3.4,mmol/L,0.9–2.5,2024-10-24,High
LAB003124,P1794,eGFR,21.46,mL/min,15–120,2024-07-24,Normal
LAB003125,P1794,INR,2.47,ratio,0.8–4.5,2024-03-26,Normal
LAB003126,P1795,Platelet Count,528.26,x10^9/L,120–450,2023-12-15,High
LAB003127,P1795,White Cell Count,17.57,x10^9/L,3.5–14.0,2022-03-25,High
LAB003128,P1795,LDL Cholesterol,4.15,mmol/L,1.5–5.0,2022-10-18,Normal
LAB003129,P1795,Serum Potassium,5.04,mmol/L,3.2–5.5,2023-07-16,Normal
LAB003130,P1795,CRP,23.54,mg/L,0.1–120,2022-10-21,Normal
LAB003131,P1796,Serum Potassium,6.65,mmol/L,3.2–5.5,2024-06-26,High
LAB003132,P1796,HbA1c,183.39,mmol/mol,28–75,2023-01-02,High
LAB003133,P1796,HDL Cholesterol,1.61,mmol/L,0.9–2.5,2023-01-26,Normal
LAB003134,P1796,Platelet Count,555.86,x10^9/L,120–450,2024-12-28,High
LAB003135,P1796,Serum Creatinine,193.96,umol/L,55–200,2024-04-11,Normal
LAB003136,P1796,Haemoglobin,16.54,g/dL,9.0–16.5,2022-06-25,High
LAB003137,P1797,TSH,28.15,mU/L,0.3–5.5,2023-08-09,High
LAB003138,P1797,Serum Creatinine,312.36,umol/L,55–200,2024-12-10,High
LAB003139,P1797,LDL Cholesterol,7.85,mmol/L,1.5–5.0,2024-03-31,High
LAB003140,P1797,HbA1c,42.22,mmol/mol,28–75,2023-08-25,Normal
LAB003141,P1797,Fasting Glucose,14.1,mmol/L,3.5–10.0,2024-02-08,High
LAB003142,P1797,eGFR,116.27,mL/min,15–120,2023-10-18,Normal
LAB003143,P1798,CRP,182.66,mg/L,0.1–120,2024-07-02,High
LAB003144,P1798,HbA1c,192.32,mmol/mol,28–75,2022-06-23,High
LAB003145,P1798,Total Cholesterol,3.21,mmol/L,3.5–7.5,2024-03-10,Low
LAB003146,P1798,Serum Potassium,3.93,mmol/L,3.2–5.5,2024-03-28,Normal
LAB003147,P1798,eGFR,59.42,mL/min,15–120,2023-01-24,Normal
LAB003148,P1798,TSH,9.26,mU/L,0.3–5.5,2024-12-05,High
LAB003149,P1799,HDL Cholesterol,3.57,mmol/L,0.9–2.5,2024-04-25,High
LAB003150,P1799,TSH,14.5,mU/L,0.3–5.5,2022-04-05,High
LAB003151,P1799,eGFR,20.62,mL/min,15–120,2024-01-27,Normal
LAB003152,P1800,Total Cholesterol,10.22,mmol/L,3.5–7.5,2023-08-28,High
LAB003153,P1800,INR,0.84,ratio,0.8–4.5,2022-05-09,Normal
LAB003154,P1800,Haemoglobin,18.56,g/dL,9.0–16.5,2024-10-15,High
LAB003155,P1800,Serum Sodium,158.07,mmol/L,132–148,2023-02-27,High
LAB003156,P1800,TSH,2.61,mU/L,0.3–5.5,2022-10-30,Normal
LAB003157,P1801,Total Cholesterol,5.4,mmol/L,3.5–7.5,2023-12-01,Normal
LAB003158,P1801,HDL Cholesterol,3.4,mmol/L,0.9–2.5,2024-03-10,High
LAB003159,P1801,CRP,249.36,mg/L,0.1–120,2022-01-02,High
LAB003160,P1801,LDL Cholesterol,4.41,mmol/L,1.5–5.0,2024-12-06,Normal
LAB003161,P1802,HDL Cholesterol,0.88,mmol/L,0.9–2.5,2022-04-26,Low
LAB003162,P1802,Platelet Count,304.61,x10^9/L,120–450,2022-11-04,Normal
LAB003163,P1802,eGFR,6.03,mL/min,15–120,2024-01-08,Low
LAB003164,P1802,Fasting Glucose,18.35,mmol/L,3.5–10.0,2023-04-12,High
LAB003165,P1802,Haemoglobin,10.63,g/dL,9.0–16.5,2022-06-29,Normal
LAB003166,P1802,Total Cholesterol,3.88,mmol/L,3.5–7.5,2022-09-01,Normal
LAB003167,P1803,HDL Cholesterol,3.86,mmol/L,0.9–2.5,2023-04-16,High
LAB003168,P1803,Serum Creatinine,194.25,umol/L,55–200,2022-11-02,Normal
LAB003169,P1803,eGFR,35.28,mL/min,15–120,2022-09-17,Normal
LAB003170,P1803,HbA1c,150.61,mmol/mol,28–75,2022-09-11,High
LAB003171,P1803,INR,0.55,ratio,0.8–4.5,2022-06-24,Low
LAB003172,P1803,Platelet Count,712.39,x10^9/L,120–450,2023-07-09,High
LAB003173,P1804,CRP,32.79,mg/L,0.1–120,2023-07-22,Normal
LAB003174,P1804,Serum Sodium,156.35,mmol/L,132–148,2022-06-03,High
LAB003175,P1804,LDL Cholesterol,2.61,mmol/L,1.5–5.0,2022-03-05,Normal
LAB003176,P1804,INR,6.56,ratio,0.8–4.5,2024-09-21,High
LAB003177,P1805,LDL Cholesterol,7.07,mmol/L,1.5–5.0,2024-09-13,High
LAB003178,P1805,HDL Cholesterol,2.57,mmol/L,0.9–2.5,2022-11-06,High
LAB003179,P1805,Serum Sodium,147.57,mmol/L,132–148,2023-09-15,Normal
LAB003180,P1805,CRP,13.64,mg/L,0.1–120,2022-11-01,Normal
LAB003181,P1805,Serum Potassium,2.48,mmol/L,3.2–5.5,2022-08-24,Low
LAB003182,P1805,Haemoglobin,11.98,g/dL,9.0–16.5,2024-12-23,Normal
LAB003183,P1806,LDL Cholesterol,4.19,mmol/L,1.5–5.0,2024-11-24,Normal
LAB003184,P1806,Fasting Glucose,3.45,mmol/L,3.5–10.0,2022-08-12,Low
LAB003185,P1806,CRP,195.98,mg/L,0.1–120,2022-03-29,High
LAB003186,P1807,eGFR,129.17,mL/min,15–120,2024-11-29,High
LAB003187,P1807,Total Cholesterol,9.72,mmol/L,3.5–7.5,2024-06-10,High
LAB003188,P1807,HDL Cholesterol,3.34,mmol/L,0.9–2.5,2023-11-12,High
LAB003189,P1807,INR,3.21,ratio,0.8–4.5,2024-08-27,Normal
LAB003190,P1807,CRP,135.55,mg/L,0.1–120,2023-08-02,High
LAB003191,P1807,Serum Creatinine,472.49,umol/L,55–200,2023-12-12,High
LAB003192,P1808,eGFR,92.78,mL/min,15–120,2024-10-25,Normal
LAB003193,P1808,LDL Cholesterol,4.42,mmol/L,1.5–5.0,2024-12-27,Normal
LAB003194,P1808,TSH,4.32,mU/L,0.3–5.5,2024-10-08,Normal
LAB003195,P1809,Serum Creatinine,456.28,umol/L,55–200,2022-09-20,High
LAB003196,P1809,HDL Cholesterol,2.74,mmol/L,0.9–2.5,2023-02-19,High
LAB003197,P1809,INR,2.95,ratio,0.8–4.5,2022-05-19,Normal
LAB003198,P1810,White Cell Count,1.73,x10^9/L,3.5–14.0,2022-04-05,Low
LAB003199,P1810,Serum Potassium,6.92,mmol/L,3.2–5.5,2023-05-31,High
LAB003200,P1810,CRP,100.99,mg/L,0.1–120,2023-04-17,Normal
LAB003201,P1810,Total Cholesterol,7.54,mmol/L,3.5–7.5,2024-12-15,High
LAB003202,P1810,TSH,5.61,mU/L,0.3–5.5,2024-08-24,High
LAB003203,P1811,HbA1c,91.41,mmol/mol,28–75,2024-06-10,High
LAB003204,P1811,HDL Cholesterol,1.83,mmol/L,0.9–2.5,2024-02-15,Normal
LAB003205,P1811,Haemoglobin,15.92,g/dL,9.0–16.5,2024-12-26,Normal
LAB003206,P1812,White Cell Count,9.68,x10^9/L,3.5–14.0,2024-10-22,Normal
LAB003207,P1812,CRP,134.08,mg/L,0.1–120,2022-09-22,High
LAB003208,P1812,Haemoglobin,6.78,g/dL,9.0–16.5,2024-08-25,Low
LAB003209,P1813,LDL Cholesterol,5.88,mmol/L,1.5–5.0,2024-03-09,High
LAB003210,P1813,Fasting Glucose,12.0,mmol/L,3.5–10.0,2023-01-24,High
LAB003211,P1813,Serum Potassium,2.51,mmol/L,3.2–5.5,2022-10-07,Low
LAB003212,P1813,CRP,118.9,mg/L,0.1–120,2022-07-15,Normal
LAB003213,P1814,Haemoglobin,10.14,g/dL,9.0–16.5,2022-06-18,Normal
LAB003214,P1814,INR,2.43,ratio,0.8–4.5,2023-06-24,Normal
LAB003215,P1815,HbA1c,22.74,mmol/mol,28–75,2024-03-04,Low
LAB003216,P1815,Serum Potassium,2.41,mmol/L,3.2–5.5,2023-08-10,Low
LAB003217,P1815,Fasting Glucose,8.4,mmol/L,3.5–10.0,2024-02-22,Normal
LAB003218,P1816,Serum Creatinine,184.6,umol/L,55–200,2023-02-24,Normal
LAB003219,P1816,Serum Sodium,128.54,mmol/L,132–148,2024-09-07,Low
LAB003220,P1816,Haemoglobin,7.35,g/dL,9.0–16.5,2022-09-08,Low
LAB003221,P1816,HDL Cholesterol,2.89,mmol/L,0.9–2.5,2024-01-13,High
LAB003222,P1817,LDL Cholesterol,7.15,mmol/L,1.5–5.0,2024-07-12,High
LAB003223,P1817,INR,1.73,ratio,0.8–4.5,2024-06-04,Normal
LAB003224,P1817,CRP,252.62,mg/L,0.1–120,2024-08-15,High
LAB003225,P1818,Fasting Glucose,15.5,mmol/L,3.5–10.0,2023-02-26,High
LAB003226,P1818,HbA1c,162.53,mmol/mol,28–75,2023-09-12,High
LAB003227,P1819,HDL Cholesterol,2.6,mmol/L,0.9–2.5,2024-01-17,High
LAB003228,P1819,CRP,221.69,mg/L,0.1–120,2023-12-30,High
LAB003229,P1819,Platelet Count,660.29,x10^9/L,120–450,2024-04-26,High
LAB003230,P1820,Serum Sodium,140.94,mmol/L,132–148,2022-07-09,Normal
LAB003231,P1820,White Cell Count,25.3,x10^9/L,3.5–14.0,2024-09-02,High
LAB003232,P1821,eGFR,76.59,mL/min,15–120,2022-11-11,Normal
LAB003233,P1821,HbA1c,109.85,mmol/mol,28–75,2023-06-07,High
LAB003234,P1821,Serum Sodium,128.69,mmol/L,132–148,2024-06-14,Low
LAB003235,P1821,Total Cholesterol,11.78,mmol/L,3.5–7.5,2023-03-26,High
LAB003236,P1821,Fasting Glucose,11.27,mmol/L,3.5–10.0,2024-10-02,High
LAB003237,P1821,Serum Creatinine,544.72,umol/L,55–200,2022-04-03,High
LAB003238,P1822,LDL Cholesterol,1.76,mmol/L,1.5–5.0,2023-04-15,Normal
LAB003239,P1822,Fasting Glucose,17.68,mmol/L,3.5–10.0,2023-10-21,High
LAB003240,P1822,Total Cholesterol,4.64,mmol/L,3.5–7.5,2022-03-25,Normal
LAB003241,P1823,HbA1c,41.18,mmol/mol,28–75,2023-10-02,Normal
LAB003242,P1823,HDL Cholesterol,3.06,mmol/L,0.9–2.5,2024-12-11,High
LAB003243,P1823,Haemoglobin,9.06,g/dL,9.0–16.5,2024-03-22,Normal
LAB003244,P1823,LDL Cholesterol,4.67,mmol/L,1.5–5.0,2023-09-27,Normal
LAB003245,P1823,Serum Potassium,4.3,mmol/L,3.2–5.5,2024-10-13,Normal
LAB003246,P1824,HbA1c,92.48,mmol/mol,28–75,2024-04-21,High
LAB003247,P1824,Haemoglobin,18.03,g/dL,9.0–16.5,2023-12-25,High
LAB003248,P1824,CRP,120.72,mg/L,0.1–120,2022-01-08,High
LAB003249,P1824,LDL Cholesterol,5.54,mmol/L,1.5–5.0,2024-07-09,High
LAB003250,P1825,Serum Sodium,124.81,mmol/L,132–148,2023-01-06,Low
LAB003251,P1825,Total Cholesterol,9.87,mmol/L,3.5–7.5,2022-09-18,High
LAB003252,P1825,INR,1.41,ratio,0.8–4.5,2023-03-12,Normal
LAB003253,P1825,White Cell Count,25.9,x10^9/L,3.5–14.0,2024-10-28,High
LAB003254,P1825,TSH,12.47,mU/L,0.3–5.5,2022-12-04,High
LAB003255,P1826,White Cell Count,13.37,x10^9/L,3.5–14.0,2023-03-18,Normal
LAB003256,P1826,TSH,17.96,mU/L,0.3–5.5,2023-02-09,High
LAB003257,P1826,HDL Cholesterol,3.48,mmol/L,0.9–2.5,2023-09-06,High
LAB003258,P1826,Haemoglobin,16.11,g/dL,9.0–16.5,2024-01-08,Normal
LAB003259,P1826,Total Cholesterol,8.44,mmol/L,3.5–7.5,2024-06-01,High
LAB003260,P1827,Total Cholesterol,8.6,mmol/L,3.5–7.5,2024-03-24,High
LAB003261,P1827,Serum Potassium,2.16,mmol/L,3.2–5.5,2023-07-14,Low
LAB003262,P1827,TSH,16.3,mU/L,0.3–5.5,2023-04-20,High
LAB003263,P1827,HbA1c,37.01,mmol/mol,28–75,2023-02-19,Normal
LAB003264,P1827,eGFR,36.55,mL/min,15–120,2023-06-26,Normal
LAB003265,P1827,INR,2.04,ratio,0.8–4.5,2023-11-28,Normal
LAB003266,P1828,TSH,3.38,mU/L,0.3–5.5,2024-12-02,Normal
LAB003267,P1828,Serum Sodium,146.31,mmol/L,132–148,2024-06-05,Normal
LAB003268,P1828,HDL Cholesterol,1.73,mmol/L,0.9–2.5,2022-11-12,Normal
LAB003269,P1828,Platelet Count,775.15,x10^9/L,120–450,2023-01-07,High
LAB003270,P1828,White Cell Count,4.43,x10^9/L,3.5–14.0,2024-03-07,Normal
LAB003271,P1828,Fasting Glucose,15.49,mmol/L,3.5–10.0,2024-08-15,High
LAB003272,P1829,Serum Potassium,4.8,mmol/L,3.2–5.5,2023-04-07,Normal
LAB003273,P1829,Fasting Glucose,16.21,mmol/L,3.5–10.0,2023-06-01,High
LAB003274,P1829,Haemoglobin,14.76,g/dL,9.0–16.5,2024-12-19,Normal
LAB003275,P1829,Serum Sodium,123.79,mmol/L,132–148,2024-04-21,Low
LAB003276,P1829,HbA1c,150.79,mmol/mol,28–75,2023-12-18,High
LAB003277,P1829,HDL Cholesterol,3.74,mmol/L,0.9–2.5,2024-02-02,High
LAB003278,P1830,CRP,149.94,mg/L,0.1–120,2023-02-09,High
LAB003279,P1830,HDL Cholesterol,3.72,mmol/L,0.9–2.5,2023-03-04,High
LAB003280,P1830,Total Cholesterol,9.63,mmol/L,3.5–7.5,2024-04-19,High
LAB003281,P1830,Fasting Glucose,5.48,mmol/L,3.5–10.0,2024-03-17,Normal
LAB003282,P1830,Platelet Count,302.34,x10^9/L,120–450,2024-10-13,Normal
LAB003283,P1830,LDL Cholesterol,1.83,mmol/L,1.5–5.0,2024-03-29,Normal
LAB003284,P1831,eGFR,50.76,mL/min,15–120,2023-03-06,Normal
LAB003285,P1831,White Cell Count,11.47,x10^9/L,3.5–14.0,2024-05-20,Normal
LAB003286,P1831,Haemoglobin,7.01,g/dL,9.0–16.5,2023-09-25,Low
LAB003287,P1831,TSH,2.69,mU/L,0.3–5.5,2023-06-11,Normal
LAB003288,P1831,Serum Sodium,159.94,mmol/L,132–148,2022-05-30,High
LAB003289,P1832,Serum Creatinine,401.84,umol/L,55–200,2023-09-02,High
LAB003290,P1832,LDL Cholesterol,1.84,mmol/L,1.5–5.0,2024-10-03,Normal
LAB003291,P1832,TSH,25.65,mU/L,0.3–5.5,2023-01-29,High
LAB003292,P1832,White Cell Count,6.81,x10^9/L,3.5–14.0,2022-01-27,Normal
LAB003293,P1832,HbA1c,142.32,mmol/mol,28–75,2024-09-30,High
LAB003294,P1832,Serum Sodium,153.98,mmol/L,132–148,2022-08-24,High
LAB003295,P1833,INR,1.06,ratio,0.8–4.5,2023-04-04,Normal
LAB003296,P1833,HbA1c,129.76,mmol/mol,28–75,2023-11-16,High
LAB003297,P1833,CRP,92.45,mg/L,0.1–120,2022-01-01,Normal
LAB003298,P1833,Fasting Glucose,7.54,mmol/L,3.5–10.0,2023-01-11,Normal
LAB003299,P1834,eGFR,82.31,mL/min,15–120,2022-06-02,Normal
LAB003300,P1834,HDL Cholesterol,1.42,mmol/L,0.9–2.5,2022-01-27,Normal
LAB003301,P1834,Haemoglobin,7.22,g/dL,9.0–16.5,2024-12-10,Low
LAB003302,P1835,Fasting Glucose,14.67,mmol/L,3.5–10.0,2022-02-07,High
LAB003303,P1835,TSH,9.36,mU/L,0.3–5.5,2022-07-03,High
LAB003304,P1835,eGFR,47.83,mL/min,15–120,2024-09-12,Normal
LAB003305,P1835,HDL Cholesterol,1.28,mmol/L,0.9–2.5,2022-02-24,Normal
LAB003306,P1835,Haemoglobin,11.34,g/dL,9.0–16.5,2024-02-20,Normal
LAB003307,P1836,Serum Potassium,6.89,mmol/L,3.2–5.5,2024-03-18,High
LAB003308,P1836,LDL Cholesterol,1.39,mmol/L,1.5–5.0,2023-01-07,Low
LAB003309,P1836,eGFR,100.21,mL/min,15–120,2024-07-27,Normal
LAB003310,P1836,Haemoglobin,8.54,g/dL,9.0–16.5,2023-09-18,Low
LAB003311,P1836,Total Cholesterol,4.24,mmol/L,3.5–7.5,2022-12-22,Normal
LAB003312,P1837,Serum Creatinine,485.11,umol/L,55–200,2024-06-17,High
LAB003313,P1837,White Cell Count,29.45,x10^9/L,3.5–14.0,2023-07-01,High
LAB003314,P1838,Platelet Count,683.19,x10^9/L,120–450,2024-01-16,High
LAB003315,P1838,Haemoglobin,11.07,g/dL,9.0–16.5,2024-06-28,Normal
LAB003316,P1838,Fasting Glucose,13.13,mmol/L,3.5–10.0,2022-11-18,High
LAB003317,P1838,Serum Potassium,5.84,mmol/L,3.2–5.5,2024-09-28,High
LAB003318,P1839,HbA1c,75.49,mmol/mol,28–75,2022-07-16,High
LAB003319,P1839,Fasting Glucose,17.0,mmol/L,3.5–10.0,2024-08-13,High
LAB003320,P1839,INR,5.57,ratio,0.8–4.5,2023-02-26,High
LAB003321,P1839,Serum Potassium,5.13,mmol/L,3.2–5.5,2023-01-10,Normal
LAB003322,P1839,Serum Creatinine,446.19,umol/L,55–200,2024-04-27,High
LAB003323,P1840,INR,3.68,ratio,0.8–4.5,2023-11-28,Normal
LAB003324,P1840,Platelet Count,354.73,x10^9/L,120–450,2024-05-10,Normal
LAB003325,P1841,HbA1c,114.27,mmol/mol,28–75,2024-08-29,High
LAB003326,P1841,TSH,6.02,mU/L,0.3–5.5,2023-12-12,High
LAB003327,P1842,eGFR,129.11,mL/min,15–120,2024-04-21,High
LAB003328,P1842,Haemoglobin,9.83,g/dL,9.0–16.5,2024-10-13,Normal
LAB003329,P1842,Platelet Count,88.3,x10^9/L,120–450,2024-02-23,Low
LAB003330,P1842,HDL Cholesterol,1.2,mmol/L,0.9–2.5,2024-09-30,Normal
LAB003331,P1842,LDL Cholesterol,3.47,mmol/L,1.5–5.0,2024-10-06,Normal
LAB003332,P1842,Serum Potassium,5.29,mmol/L,3.2–5.5,2023-12-20,Normal
LAB003333,P1843,eGFR,60.56,mL/min,15–120,2024-03-04,Normal
LAB003334,P1843,TSH,11.56,mU/L,0.3–5.5,2023-06-16,High
LAB003335,P1843,INR,6.64,ratio,0.8–4.5,2023-06-27,High
LAB003336,P1843,HDL Cholesterol,3.9,mmol/L,0.9–2.5,2022-06-10,High
LAB003337,P1843,Serum Creatinine,228.86,umol/L,55–200,2023-05-04,High
LAB003338,P1843,White Cell Count,8.98,x10^9/L,3.5–14.0,2024-06-26,Normal
LAB003339,P1844,INR,5.88,ratio,0.8–4.5,2022-09-23,High
LAB003340,P1844,Serum Creatinine,174.32,umol/L,55–200,2024-01-17,Normal
LAB003341,P1844,Serum Potassium,3.21,mmol/L,3.2–5.5,2024-10-11,Normal
LAB003342,P1844,HbA1c,50.54,mmol/mol,28–75,2022-01-12,Normal
LAB003343,P1845,Serum Sodium,135.93,mmol/L,132–148,2023-04-10,Normal
LAB003344,P1845,HDL Cholesterol,2.75,mmol/L,0.9–2.5,2023-06-14,High
LAB003345,P1845,Serum Potassium,3.66,mmol/L,3.2–5.5,2022-02-25,Normal
LAB003346,P1845,CRP,71.18,mg/L,0.1–120,2023-12-17,Normal
LAB003347,P1845,White Cell Count,9.11,x10^9/L,3.5–14.0,2022-03-08,Normal
LAB003348,P1845,Platelet Count,629.64,x10^9/L,120–450,2024-09-14,High
LAB003349,P1846,HbA1c,151.29,mmol/mol,28–75,2024-02-01,High
LAB003350,P1846,Serum Creatinine,557.2,umol/L,55–200,2023-01-22,High
LAB003351,P1846,LDL Cholesterol,1.9,mmol/L,1.5–5.0,2022-09-05,Normal
LAB003352,P1846,White Cell Count,8.18,x10^9/L,3.5–14.0,2024-02-17,Normal
LAB003353,P1846,TSH,9.1,mU/L,0.3–5.5,2024-12-10,High
LAB003354,P1846,Serum Potassium,2.21,mmol/L,3.2–5.5,2023-07-21,Low
LAB003355,P1847,Haemoglobin,12.42,g/dL,9.0–16.5,2022-04-24,Normal
LAB003356,P1847,LDL Cholesterol,7.76,mmol/L,1.5–5.0,2023-07-17,High
LAB003357,P1848,Serum Creatinine,441.38,umol/L,55–200,2024-03-02,High
LAB003358,P1848,HbA1c,59.32,mmol/mol,28–75,2023-06-12,Normal
LAB003359,P1849,Serum Creatinine,56.16,umol/L,55–200,2022-10-17,Normal
LAB003360,P1849,Fasting Glucose,9.34,mmol/L,3.5–10.0,2024-11-23,Normal
LAB003361,P1850,INR,5.24,ratio,0.8–4.5,2024-06-03,High
LAB003362,P1850,White Cell Count,6.97,x10^9/L,3.5–14.0,2023-08-20,Normal
LAB003363,P1850,Haemoglobin,18.94,g/dL,9.0–16.5,2024-08-14,High
LAB003364,P1851,Serum Potassium,6.92,mmol/L,3.2–5.5,2024-03-18,High
LAB003365,P1851,eGFR,112.97,mL/min,15–120,2022-03-18,Normal
LAB003366,P1851,HDL Cholesterol,1.37,mmol/L,0.9–2.5,2022-10-07,Normal
LAB003367,P1851,Serum Sodium,156.14,mmol/L,132–148,2023-02-07,High
LAB003368,P1852,Platelet Count,159.98,x10^9/L,120–450,2022-04-20,Normal
LAB003369,P1852,Haemoglobin,15.92,g/dL,9.0–16.5,2023-08-04,Normal
LAB003370,P1852,HDL Cholesterol,3.36,mmol/L,0.9–2.5,2022-05-23,High
LAB003371,P1852,Fasting Glucose,2.96,mmol/L,3.5–10.0,2022-07-01,Low
LAB003372,P1852,Serum Creatinine,42.05,umol/L,55–200,2024-09-28,Low
LAB003373,P1852,CRP,130.92,mg/L,0.1–120,2024-09-16,High
LAB003374,P1853,Fasting Glucose,7.38,mmol/L,3.5–10.0,2024-11-26,Normal
LAB003375,P1853,Serum Potassium,3.31,mmol/L,3.2–5.5,2024-08-03,Normal
LAB003376,P1853,Platelet Count,406.83,x10^9/L,120–450,2024-08-19,Normal
LAB003377,P1853,Serum Creatinine,145.25,umol/L,55–200,2023-02-07,Normal
LAB003378,P1853,CRP,298.75,mg/L,0.1–120,2022-02-14,High
LAB003379,P1853,eGFR,58.39,mL/min,15–120,2023-06-24,Normal
LAB003380,P1854,LDL Cholesterol,3.28,mmol/L,1.5–5.0,2024-08-26,Normal
LAB003381,P1854,Serum Creatinine,331.02,umol/L,55–200,2023-03-07,High
LAB003382,P1854,Haemoglobin,17.97,g/dL,9.0–16.5,2022-02-16,High
LAB003383,P1854,Serum Potassium,6.73,mmol/L,3.2–5.5,2023-12-06,High
LAB003384,P1855,eGFR,100.07,mL/min,15–120,2022-03-01,Normal
LAB003385,P1855,HbA1c,150.72,mmol/mol,28–75,2024-12-17,High
LAB003386,P1855,Total Cholesterol,6.7,mmol/L,3.5–7.5,2024-06-05,Normal
LAB003387,P1856,HbA1c,142.44,mmol/mol,28–75,2022-09-03,High
LAB003388,P1856,Haemoglobin,19.18,g/dL,9.0–16.5,2023-01-09,High
LAB003389,P1856,Fasting Glucose,6.3,mmol/L,3.5–10.0,2024-03-28,Normal
LAB003390,P1856,Serum Potassium,6.61,mmol/L,3.2–5.5,2023-03-24,High
LAB003391,P1856,White Cell Count,17.53,x10^9/L,3.5–14.0,2022-09-18,High
LAB003392,P1857,Haemoglobin,11.09,g/dL,9.0–16.5,2024-12-02,Normal
LAB003393,P1857,CRP,289.62,mg/L,0.1–120,2022-07-29,High
LAB003394,P1857,HDL Cholesterol,2.95,mmol/L,0.9–2.5,2023-03-01,High
LAB003395,P1858,Haemoglobin,12.24,g/dL,9.0–16.5,2023-11-16,Normal
LAB003396,P1858,eGFR,119.58,mL/min,15–120,2024-10-31,Normal
LAB003397,P1858,White Cell Count,23.58,x10^9/L,3.5–14.0,2022-01-24,High
LAB003398,P1859,Platelet Count,651.98,x10^9/L,120–450,2024-04-08,High
LAB003399,P1859,Fasting Glucose,17.21,mmol/L,3.5–10.0,2024-01-15,High
LAB003400,P1859,TSH,3.58,mU/L,0.3–5.5,2022-03-03,Normal
LAB003401,P1859,HbA1c,167.36,mmol/mol,28–75,2023-07-02,High
LAB003402,P1859,Serum Potassium,2.2,mmol/L,3.2–5.5,2022-03-15,Low
LAB003403,P1860,White Cell Count,19.72,x10^9/L,3.5–14.0,2024-06-22,High
LAB003404,P1860,LDL Cholesterol,4.48,mmol/L,1.5–5.0,2023-07-05,Normal
LAB003405,P1860,TSH,15.37,mU/L,0.3–5.5,2023-02-06,High
LAB003406,P1860,CRP,241.68,mg/L,0.1–120,2023-04-12,High
LAB003407,P1860,Serum Potassium,3.27,mmol/L,3.2–5.5,2023-12-21,Normal
LAB003408,P1861,LDL Cholesterol,5.68,mmol/L,1.5–5.0,2022-01-15,High
LAB003409,P1861,eGFR,113.5,mL/min,15–120,2023-06-22,Normal
LAB003410,P1861,Serum Creatinine,383.51,umol/L,55–200,2024-09-08,High
LAB003411,P1861,Serum Potassium,2.92,mmol/L,3.2–5.5,2022-04-29,Low
LAB003412,P1861,HDL Cholesterol,2.65,mmol/L,0.9–2.5,2023-01-23,High
LAB003413,P1862,INR,4.66,ratio,0.8–4.5,2024-11-02,High
LAB003414,P1862,Haemoglobin,9.43,g/dL,9.0–16.5,2024-03-09,Normal
LAB003415,P1863,LDL Cholesterol,4.19,mmol/L,1.5–5.0,2024-11-29,Normal
LAB003416,P1863,Serum Sodium,133.02,mmol/L,132–148,2024-10-26,Normal
LAB003417,P1863,Fasting Glucose,16.92,mmol/L,3.5–10.0,2023-06-19,High
LAB003418,P1863,eGFR,129.23,mL/min,15–120,2022-03-27,High
LAB003419,P1864,White Cell Count,1.69,x10^9/L,3.5–14.0,2023-01-17,Low
LAB003420,P1864,Serum Potassium,6.86,mmol/L,3.2–5.5,2022-03-10,High
LAB003421,P1864,Platelet Count,395.88,x10^9/L,120–450,2024-02-01,Normal
LAB003422,P1864,Serum Creatinine,278.36,umol/L,55–200,2023-12-02,High
LAB003423,P1864,TSH,4.64,mU/L,0.3–5.5,2022-04-21,Normal
LAB003424,P1864,LDL Cholesterol,1.43,mmol/L,1.5–5.0,2024-01-11,Low
LAB003425,P1865,LDL Cholesterol,0.78,mmol/L,1.5–5.0,2022-09-24,Low
LAB003426,P1865,INR,5.05,ratio,0.8–4.5,2024-04-03,High
LAB003427,P1865,Serum Potassium,3.91,mmol/L,3.2–5.5,2023-03-25,Normal
LAB003428,P1866,Platelet Count,718.65,x10^9/L,120–450,2023-05-19,High
LAB003429,P1866,INR,3.19,ratio,0.8–4.5,2024-03-29,Normal
LAB003430,P1867,HDL Cholesterol,2.04,mmol/L,0.9–2.5,2022-08-29,Normal
LAB003431,P1867,HbA1c,164.58,mmol/mol,28–75,2023-07-18,High
LAB003432,P1867,LDL Cholesterol,6.54,mmol/L,1.5–5.0,2022-05-04,High
LAB003433,P1867,INR,6.53,ratio,0.8–4.5,2024-08-06,High
LAB003434,P1868,CRP,35.33,mg/L,0.1–120,2024-01-02,Normal
LAB003435,P1868,Total Cholesterol,4.15,mmol/L,3.5–7.5,2023-10-31,Normal
LAB003436,P1868,HbA1c,20.79,mmol/mol,28–75,2023-08-22,Low
LAB003437,P1869,LDL Cholesterol,7.61,mmol/L,1.5–5.0,2022-10-14,High
LAB003438,P1869,Fasting Glucose,14.6,mmol/L,3.5–10.0,2024-02-27,High
LAB003439,P1869,Serum Potassium,6.67,mmol/L,3.2–5.5,2022-09-16,High
LAB003440,P1870,HDL Cholesterol,3.56,mmol/L,0.9–2.5,2022-03-08,High
LAB003441,P1870,White Cell Count,17.43,x10^9/L,3.5–14.0,2022-04-25,High
LAB003442,P1871,HDL Cholesterol,2.07,mmol/L,0.9–2.5,2024-11-23,Normal
LAB003443,P1871,White Cell Count,11.41,x10^9/L,3.5–14.0,2024-09-21,Normal
LAB003444,P1871,CRP,180.04,mg/L,0.1–120,2023-02-23,High
LAB003445,P1871,Serum Sodium,143.48,mmol/L,132–148,2024-12-12,Normal
LAB003446,P1872,HDL Cholesterol,1.65,mmol/L,0.9–2.5,2023-11-02,Normal
LAB003447,P1872,INR,2.28,ratio,0.8–4.5,2022-08-03,Normal
LAB003448,P1872,Serum Sodium,134.99,mmol/L,132–148,2022-06-23,Normal
LAB003449,P1873,Total Cholesterol,10.7,mmol/L,3.5–7.5,2024-06-13,High
LAB003450,P1873,Haemoglobin,19.05,g/dL,9.0–16.5,2022-09-27,High
LAB003451,P1873,CRP,176.11,mg/L,0.1–120,2022-07-21,High
LAB003452,P1873,Serum Potassium,4.52,mmol/L,3.2–5.5,2023-01-14,Normal
LAB003453,P1873,LDL Cholesterol,7.03,mmol/L,1.5–5.0,2024-01-18,High
LAB003454,P1873,White Cell Count,19.75,x10^9/L,3.5–14.0,2024-05-07,High
LAB003455,P1874,TSH,27.16,mU/L,0.3–5.5,2022-03-26,High
LAB003456,P1874,White Cell Count,8.07,x10^9/L,3.5–14.0,2024-11-17,Normal
LAB003457,P1874,Serum Potassium,2.62,mmol/L,3.2–5.5,2024-05-16,Low
LAB003458,P1874,Serum Sodium,149.12,mmol/L,132–148,2023-11-04,High
LAB003459,P1874,Fasting Glucose,17.21,mmol/L,3.5–10.0,2023-06-21,High
LAB003460,P1874,Serum Creatinine,452.79,umol/L,55–200,2024-07-17,High
LAB003461,P1875,Fasting Glucose,16.84,mmol/L,3.5–10.0,2023-08-26,High
LAB003462,P1875,Serum Potassium,4.56,mmol/L,3.2–5.5,2023-07-31,Normal
LAB003463,P1875,TSH,17.56,mU/L,0.3–5.5,2022-08-24,High
LAB003464,P1875,Serum Creatinine,534.32,umol/L,55–200,2023-10-29,High
LAB003465,P1875,HbA1c,152.68,mmol/mol,28–75,2024-11-11,High
LAB003466,P1876,Total Cholesterol,2.41,mmol/L,3.5–7.5,2023-11-12,Low
LAB003467,P1876,Serum Potassium,2.13,mmol/L,3.2–5.5,2024-04-25,Low
LAB003468,P1876,HDL Cholesterol,2.58,mmol/L,0.9–2.5,2024-01-10,High
LAB003469,P1876,TSH,10.41,mU/L,0.3–5.5,2023-12-23,High
LAB003470,P1876,eGFR,80.17,mL/min,15–120,2023-03-07,Normal
LAB003471,P1876,Serum Sodium,134.73,mmol/L,132–148,2023-11-13,Normal
LAB003472,P1877,White Cell Count,13.95,x10^9/L,3.5–14.0,2023-11-07,Normal
LAB003473,P1877,Fasting Glucose,7.4,mmol/L,3.5–10.0,2024-07-14,Normal
LAB003474,P1877,HbA1c,132.97,mmol/mol,28–75,2024-10-06,High
LAB003475,P1877,CRP,81.53,mg/L,0.1–120,2023-01-04,Normal
LAB003476,P1877,Total Cholesterol,5.7,mmol/L,3.5–7.5,2022-08-29,Normal
LAB003477,P1877,Serum Potassium,2.63,mmol/L,3.2–5.5,2024-11-19,Low
LAB003478,P1878,Total Cholesterol,10.12,mmol/L,3.5–7.5,2023-05-24,High
LAB003479,P1878,INR,4.12,ratio,0.8–4.5,2024-08-20,Normal
LAB003480,P1878,HDL Cholesterol,2.65,mmol/L,0.9–2.5,2022-02-04,High
LAB003481,P1878,Serum Sodium,139.74,mmol/L,132–148,2023-08-07,Normal
LAB003482,P1878,Platelet Count,705.62,x10^9/L,120–450,2024-01-16,High
LAB003483,P1879,HDL Cholesterol,3.64,mmol/L,0.9–2.5,2022-08-05,High
LAB003484,P1879,White Cell Count,13.65,x10^9/L,3.5–14.0,2022-09-29,Normal
LAB003485,P1879,CRP,59.32,mg/L,0.1–120,2023-11-30,Normal
LAB003486,P1879,Platelet Count,641.07,x10^9/L,120–450,2024-09-27,High
LAB003487,P1879,eGFR,19.68,mL/min,15–120,2023-11-07,Normal
LAB003488,P1879,Haemoglobin,11.1,g/dL,9.0–16.5,2023-03-29,Normal
LAB003489,P1880,CRP,129.33,mg/L,0.1–120,2023-06-24,High
LAB003490,P1880,HbA1c,132.33,mmol/mol,28–75,2022-02-12,High
LAB003491,P1880,Total Cholesterol,5.76,mmol/L,3.5–7.5,2022-09-11,Normal
LAB003492,P1880,Haemoglobin,16.95,g/dL,9.0–16.5,2022-11-10,High
LAB003493,P1881,Total Cholesterol,3.97,mmol/L,3.5–7.5,2022-05-09,Normal
LAB003494,P1881,Serum Potassium,6.71,mmol/L,3.2–5.5,2024-01-24,High
LAB003495,P1881,Haemoglobin,19.28,g/dL,9.0–16.5,2023-02-18,High
LAB003496,P1881,eGFR,39.54,mL/min,15–120,2024-10-13,Normal
LAB003497,P1881,Serum Creatinine,546.65,umol/L,55–200,2022-04-12,High
LAB003498,P1882,Serum Creatinine,577.42,umol/L,55–200,2023-11-20,High
LAB003499,P1882,HDL Cholesterol,2.44,mmol/L,0.9–2.5,2023-08-17,Normal
LAB003500,P1883,Serum Creatinine,556.47,umol/L,55–200,2023-01-19,High
LAB003501,P1883,Platelet Count,768.66,x10^9/L,120–450,2024-05-18,High
LAB003502,P1883,CRP,297.63,mg/L,0.1–120,2023-03-16,High
LAB003503,P1883,TSH,6.11,mU/L,0.3–5.5,2024-09-17,High
LAB003504,P1884,eGFR,49.52,mL/min,15–120,2022-01-16,Normal
LAB003505,P1884,White Cell Count,9.74,x10^9/L,3.5–14.0,2022-07-07,Normal
LAB003506,P1884,HbA1c,25.39,mmol/mol,28–75,2024-05-04,Low
LAB003507,P1884,INR,6.19,ratio,0.8–4.5,2022-04-15,High
LAB003508,P1884,Platelet Count,270.28,x10^9/L,120–450,2022-06-12,Normal
LAB003509,P1885,Fasting Glucose,12.06,mmol/L,3.5–10.0,2022-11-21,High
LAB003510,P1885,Serum Creatinine,83.29,umol/L,55–200,2024-07-24,Normal
LAB003511,P1885,INR,4.87,ratio,0.8–4.5,2023-04-02,High
LAB003512,P1885,Serum Potassium,3.95,mmol/L,3.2–5.5,2024-02-25,Normal
LAB003513,P1885,Haemoglobin,18.42,g/dL,9.0–16.5,2023-05-12,High
LAB003514,P1886,Serum Potassium,4.1,mmol/L,3.2–5.5,2024-12-08,Normal
LAB003515,P1886,CRP,172.77,mg/L,0.1–120,2024-11-26,High
LAB003516,P1887,White Cell Count,1.97,x10^9/L,3.5–14.0,2024-02-01,Low
LAB003517,P1887,Serum Creatinine,480.33,umol/L,55–200,2023-02-08,High
LAB003518,P1887,Serum Potassium,4.99,mmol/L,3.2–5.5,2022-07-10,Normal
LAB003519,P1887,TSH,3.25,mU/L,0.3–5.5,2023-02-24,Normal
LAB003520,P1887,HbA1c,51.18,mmol/mol,28–75,2022-11-28,Normal
LAB003521,P1887,Fasting Glucose,9.31,mmol/L,3.5–10.0,2022-04-10,Normal
LAB003522,P1888,Platelet Count,192.39,x10^9/L,120–450,2023-05-02,Normal
LAB003523,P1888,Serum Sodium,148.3,mmol/L,132–148,2024-06-06,High
LAB003524,P1889,Haemoglobin,8.59,g/dL,9.0–16.5,2022-01-05,Low
LAB003525,P1889,Platelet Count,549.27,x10^9/L,120–450,2023-04-29,High
LAB003526,P1889,HbA1c,117.8,mmol/mol,28–75,2024-07-05,High
LAB003527,P1890,Total Cholesterol,4.11,mmol/L,3.5–7.5,2023-09-01,Normal
LAB003528,P1890,Serum Potassium,3.42,mmol/L,3.2–5.5,2024-07-10,Normal
LAB003529,P1890,Fasting Glucose,11.36,mmol/L,3.5–10.0,2024-04-24,High
LAB003530,P1890,White Cell Count,23.41,x10^9/L,3.5–14.0,2024-06-04,High
LAB003531,P1890,Serum Sodium,136.17,mmol/L,132–148,2023-07-14,Normal
LAB003532,P1890,Platelet Count,710.51,x10^9/L,120–450,2022-10-04,High
LAB003533,P1891,White Cell Count,9.67,x10^9/L,3.5–14.0,2022-07-09,Normal
LAB003534,P1891,LDL Cholesterol,1.89,mmol/L,1.5–5.0,2023-01-17,Normal
LAB003535,P1892,eGFR,95.99,mL/min,15–120,2024-04-25,Normal
LAB003536,P1892,HDL Cholesterol,1.57,mmol/L,0.9–2.5,2022-03-03,Normal
LAB003537,P1892,Haemoglobin,9.61,g/dL,9.0–16.5,2023-02-02,Normal
LAB003538,P1892,INR,6.25,ratio,0.8–4.5,2022-12-07,High
LAB003539,P1892,Total Cholesterol,9.62,mmol/L,3.5–7.5,2024-06-08,High
LAB003540,P1893,LDL Cholesterol,4.39,mmol/L,1.5–5.0,2024-08-29,Normal
LAB003541,P1893,Haemoglobin,12.21,g/dL,9.0–16.5,2023-09-12,Normal
LAB003542,P1893,Platelet Count,254.47,x10^9/L,120–450,2022-12-12,Normal
LAB003543,P1893,Serum Potassium,3.56,mmol/L,3.2–5.5,2024-12-14,Normal
LAB003544,P1893,Serum Creatinine,284.14,umol/L,55–200,2022-06-30,High
LAB003545,P1894,CRP,65.25,mg/L,0.1–120,2023-11-17,Normal
LAB003546,P1894,HDL Cholesterol,1.37,mmol/L,0.9–2.5,2023-11-01,Normal
LAB003547,P1894,eGFR,46.29,mL/min,15–120,2024-06-14,Normal
LAB003548,P1894,Platelet Count,352.53,x10^9/L,120–450,2022-10-23,Normal
LAB003549,P1895,Platelet Count,756.16,x10^9/L,120–450,2024-02-15,High
LAB003550,P1895,HDL Cholesterol,3.27,mmol/L,0.9–2.5,2022-01-23,High
LAB003551,P1895,HbA1c,172.44,mmol/mol,28–75,2024-02-08,High
LAB003552,P1896,TSH,12.55,mU/L,0.3–5.5,2024-11-29,High
LAB003553,P1896,Platelet Count,97.91,x10^9/L,120–450,2022-09-07,Low
LAB003554,P1896,eGFR,87.66,mL/min,15–120,2023-01-08,Normal
LAB003555,P1896,CRP,251.95,mg/L,0.1–120,2022-10-26,High
LAB003556,P1897,Serum Potassium,5.15,mmol/L,3.2–5.5,2022-10-07,Normal
LAB003557,P1897,TSH,8.0,mU/L,0.3–5.5,2024-10-01,High
LAB003558,P1897,CRP,41.3,mg/L,0.1–120,2022-04-18,Normal
LAB003559,P1898,Haemoglobin,12.8,g/dL,9.0–16.5,2023-07-07,Normal
LAB003560,P1898,LDL Cholesterol,0.9,mmol/L,1.5–5.0,2024-03-03,Low
LAB003561,P1898,INR,5.57,ratio,0.8–4.5,2022-05-12,High
LAB003562,P1899,White Cell Count,27.68,x10^9/L,3.5–14.0,2024-12-02,High
LAB003563,P1899,eGFR,125.46,mL/min,15–120,2024-10-12,High
LAB003564,P1899,Haemoglobin,13.02,g/dL,9.0–16.5,2022-04-16,Normal
LAB003565,P1900,TSH,11.56,mU/L,0.3–5.5,2023-10-29,High
LAB003566,P1900,Serum Creatinine,415.19,umol/L,55–200,2024-07-09,High
LAB003567,P1900,INR,5.47,ratio,0.8–4.5,2024-02-01,High
LAB003568,P1900,Platelet Count,669.26,x10^9/L,120–450,2024-07-31,High
LAB003569,P1901,eGFR,47.17,mL/min,15–120,2022-09-27,Normal
LAB003570,P1901,White Cell Count,27.58,x10^9/L,3.5–14.0,2024-09-07,High
LAB003571,P1901,Serum Potassium,5.26,mmol/L,3.2–5.5,2023-06-19,Normal
LAB003572,P1901,HbA1c,135.05,mmol/mol,28–75,2023-06-25,High
LAB003573,P1901,Serum Sodium,128.59,mmol/L,132–148,2024-04-28,Low
LAB003574,P1901,Serum Creatinine,551.83,umol/L,55–200,2022-12-06,High
LAB003575,P1902,HbA1c,193.18,mmol/mol,28–75,2023-12-29,High
LAB003576,P1902,Serum Creatinine,139.94,umol/L,55–200,2023-05-30,Normal
LAB003577,P1902,eGFR,104.95,mL/min,15–120,2022-12-30,Normal
LAB003578,P1902,Fasting Glucose,2.76,mmol/L,3.5–10.0,2023-08-21,Low
LAB003579,P1902,HDL Cholesterol,1.03,mmol/L,0.9–2.5,2024-11-10,Normal
LAB003580,P1903,Haemoglobin,18.12,g/dL,9.0–16.5,2022-10-09,High
LAB003581,P1903,HDL Cholesterol,0.68,mmol/L,0.9–2.5,2023-10-30,Low
LAB003582,P1903,CRP,24.94,mg/L,0.1–120,2022-07-09,Normal
LAB003583,P1903,Serum Sodium,142.87,mmol/L,132–148,2024-12-16,Normal
LAB003584,P1903,Fasting Glucose,8.26,mmol/L,3.5–10.0,2022-02-14,Normal
LAB003585,P1904,eGFR,34.43,mL/min,15–120,2023-10-11,Normal
LAB003586,P1904,Serum Creatinine,531.1,umol/L,55–200,2023-10-17,High
LAB003587,P1904,Serum Potassium,2.25,mmol/L,3.2–5.5,2022-06-29,Low
LAB003588,P1904,Fasting Glucose,13.27,mmol/L,3.5–10.0,2023-01-20,High
LAB003589,P1905,INR,4.72,ratio,0.8–4.5,2024-09-01,High
LAB003590,P1905,Total Cholesterol,10.99,mmol/L,3.5–7.5,2024-04-21,High
LAB003591,P1905,Serum Sodium,148.41,mmol/L,132–148,2023-02-24,High
LAB003592,P1906,INR,4.93,ratio,0.8–4.5,2022-04-08,High
LAB003593,P1906,Haemoglobin,16.91,g/dL,9.0–16.5,2022-09-21,High
LAB003594,P1906,Serum Potassium,3.04,mmol/L,3.2–5.5,2022-07-16,Low
LAB003595,P1907,eGFR,120.01,mL/min,15–120,2024-11-01,High
LAB003596,P1907,HbA1c,130.81,mmol/mol,28–75,2022-06-08,High
LAB003597,P1908,HbA1c,128.56,mmol/mol,28–75,2024-12-18,High
LAB003598,P1908,CRP,80.25,mg/L,0.1–120,2024-07-29,Normal
LAB003599,P1908,Serum Creatinine,543.1,umol/L,55–200,2023-08-29,High
LAB003600,P1908,Total Cholesterol,7.8,mmol/L,3.5–7.5,2024-04-12,High
LAB003601,P1908,Serum Sodium,134.47,mmol/L,132–148,2022-02-12,Normal
LAB003602,P1909,INR,5.77,ratio,0.8–4.5,2023-12-21,High
LAB003603,P1909,Total Cholesterol,8.16,mmol/L,3.5–7.5,2024-05-29,High
LAB003604,P1909,Haemoglobin,7.34,g/dL,9.0–16.5,2022-08-20,Low
LAB003605,P1909,HbA1c,164.32,mmol/mol,28–75,2023-03-18,High
LAB003606,P1910,CRP,93.7,mg/L,0.1–120,2022-01-13,Normal
LAB003607,P1910,White Cell Count,19.2,x10^9/L,3.5–14.0,2024-09-08,High
LAB003608,P1910,LDL Cholesterol,5.99,mmol/L,1.5–5.0,2024-01-21,High
LAB003609,P1910,HbA1c,42.23,mmol/mol,28–75,2022-03-24,Normal
LAB003610,P1911,Fasting Glucose,3.96,mmol/L,3.5–10.0,2024-07-22,Normal
LAB003611,P1911,HbA1c,71.75,mmol/mol,28–75,2023-02-16,Normal
LAB003612,P1911,Platelet Count,667.33,x10^9/L,120–450,2022-08-14,High
LAB003613,P1911,Total Cholesterol,4.83,mmol/L,3.5–7.5,2024-07-04,Normal
LAB003614,P1911,Serum Sodium,129.57,mmol/L,132–148,2022-11-14,Low
LAB003615,P1912,HDL Cholesterol,0.79,mmol/L,0.9–2.5,2022-09-16,Low
LAB003616,P1912,LDL Cholesterol,3.83,mmol/L,1.5–5.0,2023-05-25,Normal
LAB003617,P1913,Total Cholesterol,6.25,mmol/L,3.5–7.5,2023-12-21,Normal
LAB003618,P1913,eGFR,54.77,mL/min,15–120,2022-03-30,Normal
LAB003619,P1914,LDL Cholesterol,1.15,mmol/L,1.5–5.0,2024-04-27,Low
LAB003620,P1914,CRP,290.41,mg/L,0.1–120,2023-11-27,High
LAB003621,P1914,eGFR,68.77,mL/min,15–120,2024-05-07,Normal
LAB003622,P1915,HDL Cholesterol,1.66,mmol/L,0.9–2.5,2022-11-03,Normal
LAB003623,P1915,Haemoglobin,11.89,g/dL,9.0–16.5,2022-10-12,Normal
LAB003624,P1915,Serum Creatinine,539.72,umol/L,55–200,2023-05-11,High
LAB003625,P1916,Serum Potassium,4.27,mmol/L,3.2–5.5,2023-10-06,Normal
LAB003626,P1916,Haemoglobin,7.58,g/dL,9.0–16.5,2022-01-16,Low
LAB003627,P1916,Serum Sodium,155.57,mmol/L,132–148,2023-12-31,High
LAB003628,P1916,HbA1c,182.62,mmol/mol,28–75,2024-06-13,High
LAB003629,P1916,Total Cholesterol,7.5,mmol/L,3.5–7.5,2022-03-27,Normal
LAB003630,P1917,Platelet Count,629.45,x10^9/L,120–450,2022-12-31,High
LAB003631,P1917,HbA1c,34.98,mmol/mol,28–75,2024-12-06,Normal
LAB003632,P1917,Serum Creatinine,82.05,umol/L,55–200,2024-02-24,Normal
LAB003633,P1917,Haemoglobin,12.35,g/dL,9.0–16.5,2023-02-19,Normal
LAB003634,P1917,Fasting Glucose,16.58,mmol/L,3.5–10.0,2023-05-09,High
LAB003635,P1918,TSH,24.11,mU/L,0.3–5.5,2023-04-19,High
LAB003636,P1918,CRP,5.11,mg/L,0.1–120,2024-01-29,Normal
LAB003637,P1918,LDL Cholesterol,2.54,mmol/L,1.5–5.0,2023-08-01,Normal
LAB003638,P1918,Platelet Count,600.56,x10^9/L,120–450,2023-10-17,High
LAB003639,P1919,INR,3.64,ratio,0.8–4.5,2024-08-26,Normal
LAB003640,P1919,CRP,245.33,mg/L,0.1–120,2024-06-24,High
LAB003641,P1920,HDL Cholesterol,0.61,mmol/L,0.9–2.5,2023-07-10,Low
LAB003642,P1920,LDL Cholesterol,1.82,mmol/L,1.5–5.0,2023-06-27,Normal
LAB003643,P1920,Total Cholesterol,6.12,mmol/L,3.5–7.5,2024-12-18,Normal
LAB003644,P1920,Fasting Glucose,16.11,mmol/L,3.5–10.0,2023-11-09,High
LAB003645,P1920,White Cell Count,22.44,x10^9/L,3.5–14.0,2022-02-20,High
LAB003646,P1920,INR,1.57,ratio,0.8–4.5,2022-03-12,Normal
LAB003647,P1921,Fasting Glucose,18.31,mmol/L,3.5–10.0,2023-10-24,High
LAB003648,P1921,INR,5.83,ratio,0.8–4.5,2024-10-30,High
LAB003649,P1921,TSH,0.99,mU/L,0.3–5.5,2023-10-10,Normal
LAB003650,P1921,Serum Potassium,2.49,mmol/L,3.2–5.5,2023-03-30,Low
LAB003651,P1922,HDL Cholesterol,1.78,mmol/L,0.9–2.5,2023-05-23,Normal
LAB003652,P1922,eGFR,33.03,mL/min,15–120,2024-05-03,Normal
LAB003653,P1922,TSH,6.1,mU/L,0.3–5.5,2023-05-03,High
LAB003654,P1923,Serum Creatinine,433.94,umol/L,55–200,2024-01-25,High
LAB003655,P1923,Haemoglobin,15.8,g/dL,9.0–16.5,2023-02-01,Normal
LAB003656,P1924,Serum Sodium,152.79,mmol/L,132–148,2023-08-01,High
LAB003657,P1924,INR,1.4,ratio,0.8–4.5,2023-06-24,Normal
LAB003658,P1924,HbA1c,61.99,mmol/mol,28–75,2024-07-08,Normal
LAB003659,P1924,TSH,1.0,mU/L,0.3–5.5,2022-10-28,Normal
LAB003660,P1924,Platelet Count,121.92,x10^9/L,120–450,2024-08-05,Normal
LAB003661,P1925,INR,2.52,ratio,0.8–4.5,2022-05-06,Normal
LAB003662,P1925,Serum Sodium,124.45,mmol/L,132–148,2023-01-12,Low
LAB003663,P1926,Serum Sodium,142.07,mmol/L,132–148,2023-04-04,Normal
LAB003664,P1926,CRP,258.8,mg/L,0.1–120,2024-08-21,High
LAB003665,P1926,Platelet Count,119.4,x10^9/L,120–450,2024-02-06,Low
LAB003666,P1926,Total Cholesterol,5.81,mmol/L,3.5–7.5,2022-08-11,Normal
LAB003667,P1927,eGFR,49.33,mL/min,15–120,2022-07-13,Normal
LAB003668,P1927,Platelet Count,420.19,x10^9/L,120–450,2023-04-30,Normal
LAB003669,P1927,Haemoglobin,19.55,g/dL,9.0–16.5,2023-05-05,High
LAB003670,P1927,Serum Creatinine,47.4,umol/L,55–200,2022-05-22,Low
LAB003671,P1927,HbA1c,196.59,mmol/mol,28–75,2023-12-12,High
LAB003672,P1928,CRP,232.36,mg/L,0.1–120,2023-01-23,High
LAB003673,P1928,INR,2.36,ratio,0.8–4.5,2022-05-31,Normal
LAB003674,P1928,Platelet Count,416.09,x10^9/L,120–450,2023-03-10,Normal
LAB003675,P1928,Fasting Glucose,19.91,mmol/L,3.5–10.0,2024-02-09,High
LAB003676,P1929,Serum Potassium,5.01,mmol/L,3.2–5.5,2023-06-12,Normal
LAB003677,P1929,Haemoglobin,16.12,g/dL,9.0–16.5,2022-03-30,Normal
LAB003678,P1929,HbA1c,89.43,mmol/mol,28–75,2023-08-30,High
LAB003679,P1929,White Cell Count,27.91,x10^9/L,3.5–14.0,2023-12-28,High
LAB003680,P1930,Serum Sodium,128.11,mmol/L,132–148,2024-01-25,Low
LAB003681,P1930,Serum Creatinine,296.24,umol/L,55–200,2024-10-15,High
LAB003682,P1930,Platelet Count,689.37,x10^9/L,120–450,2024-02-22,High
LAB003683,P1931,HbA1c,52.39,mmol/mol,28–75,2022-01-26,Normal
LAB003684,P1931,Platelet Count,401.73,x10^9/L,120–450,2023-10-19,Normal
LAB003685,P1931,HDL Cholesterol,1.99,mmol/L,0.9–2.5,2023-01-09,Normal
LAB003686,P1931,eGFR,61.27,mL/min,15–120,2022-11-24,Normal
LAB003687,P1932,HbA1c,88.94,mmol/mol,28–75,2022-05-13,High
LAB003688,P1932,TSH,3.65,mU/L,0.3–5.5,2024-06-12,Normal
LAB003689,P1932,Total Cholesterol,7.13,mmol/L,3.5–7.5,2022-02-10,Normal
LAB003690,P1932,Serum Potassium,5.7,mmol/L,3.2–5.5,2022-02-24,High
LAB003691,P1932,Serum Sodium,159.59,mmol/L,132–148,2023-03-28,High
LAB003692,P1933,INR,4.92,ratio,0.8–4.5,2022-01-08,High
LAB003693,P1933,HbA1c,166.62,mmol/mol,28–75,2022-05-18,High
LAB003694,P1933,Platelet Count,540.26,x10^9/L,120–450,2022-04-11,High
LAB003695,P1933,Serum Potassium,2.24,mmol/L,3.2–5.5,2023-02-07,Low
LAB003696,P1933,Fasting Glucose,19.9,mmol/L,3.5–10.0,2024-10-20,High
LAB003697,P1934,Serum Potassium,6.65,mmol/L,3.2–5.5,2024-12-08,High
LAB003698,P1934,Total Cholesterol,6.62,mmol/L,3.5–7.5,2024-10-02,Normal
LAB003699,P1934,White Cell Count,25.68,x10^9/L,3.5–14.0,2022-04-12,High
LAB003700,P1934,HbA1c,35.23,mmol/mol,28–75,2024-08-08,Normal
LAB003701,P1934,Serum Creatinine,106.46,umol/L,55–200,2024-02-29,Normal
LAB003702,P1935,Total Cholesterol,8.47,mmol/L,3.5–7.5,2024-04-01,High
LAB003703,P1935,Fasting Glucose,7.51,mmol/L,3.5–10.0,2022-02-27,Normal
LAB003704,P1935,INR,7.73,ratio,0.8–4.5,2024-07-09,High
LAB003705,P1935,Platelet Count,201.71,x10^9/L,120–450,2023-10-14,Normal
LAB003706,P1935,Serum Creatinine,578.2,umol/L,55–200,2024-01-12,High
LAB003707,P1935,eGFR,53.79,mL/min,15–120,2022-08-18,Normal
LAB003708,P1936,INR,7.78,ratio,0.8–4.5,2024-01-25,High
LAB003709,P1936,Total Cholesterol,6.01,mmol/L,3.5–7.5,2024-07-30,Normal
LAB003710,P1936,CRP,239.14,mg/L,0.1–120,2024-12-22,High
LAB003711,P1936,HbA1c,160.84,mmol/mol,28–75,2022-12-24,High
LAB003712,P1936,Serum Creatinine,230.47,umol/L,55–200,2022-04-10,High
LAB003713,P1936,Fasting Glucose,10.93,mmol/L,3.5–10.0,2022-08-05,High
LAB003714,P1937,Haemoglobin,11.82,g/dL,9.0–16.5,2024-08-26,Normal
LAB003715,P1937,Serum Sodium,127.57,mmol/L,132–148,2022-09-05,Low
LAB003716,P1937,HDL Cholesterol,2.43,mmol/L,0.9–2.5,2022-08-20,Normal
LAB003717,P1937,INR,4.18,ratio,0.8–4.5,2024-10-14,Normal
LAB003718,P1937,White Cell Count,8.6,x10^9/L,3.5–14.0,2024-07-09,Normal
LAB003719,P1938,Haemoglobin,11.23,g/dL,9.0–16.5,2023-11-14,Normal
LAB003720,P1938,CRP,196.42,mg/L,0.1–120,2023-09-21,High
LAB003721,P1938,Platelet Count,212.12,x10^9/L,120–450,2023-04-27,Normal
LAB003722,P1938,LDL Cholesterol,3.3,mmol/L,1.5–5.0,2024-08-19,Normal
LAB003723,P1939,Total Cholesterol,3.45,mmol/L,3.5–7.5,2022-03-15,Low
LAB003724,P1939,Serum Creatinine,510.14,umol/L,55–200,2023-02-14,High
LAB003725,P1940,Serum Sodium,155.68,mmol/L,132–148,2024-05-22,High
LAB003726,P1940,eGFR,85.05,mL/min,15–120,2022-09-10,Normal
LAB003727,P1941,eGFR,18.99,mL/min,15–120,2022-07-02,Normal
LAB003728,P1941,TSH,17.06,mU/L,0.3–5.5,2023-01-23,High
LAB003729,P1941,Haemoglobin,8.95,g/dL,9.0–16.5,2023-05-05,Low
LAB003730,P1942,LDL Cholesterol,1.07,mmol/L,1.5–5.0,2024-09-06,Low
LAB003731,P1942,Serum Potassium,4.78,mmol/L,3.2–5.5,2022-03-23,Normal
LAB003732,P1943,Serum Potassium,4.58,mmol/L,3.2–5.5,2024-09-04,Normal
LAB003733,P1943,eGFR,51.74,mL/min,15–120,2023-04-28,Normal
LAB003734,P1943,White Cell Count,10.55,x10^9/L,3.5–14.0,2023-11-10,Normal
LAB003735,P1943,Total Cholesterol,3.78,mmol/L,3.5–7.5,2022-12-18,Normal
LAB003736,P1944,Total Cholesterol,8.76,mmol/L,3.5–7.5,2024-10-02,High
LAB003737,P1944,Platelet Count,240.19,x10^9/L,120–450,2024-10-29,Normal
LAB003738,P1945,Fasting Glucose,12.05,mmol/L,3.5–10.0,2024-04-05,High
LAB003739,P1945,Total Cholesterol,7.91,mmol/L,3.5–7.5,2023-02-08,High
LAB003740,P1946,Serum Sodium,129.23,mmol/L,132–148,2022-12-05,Low
LAB003741,P1946,Serum Creatinine,486.37,umol/L,55–200,2022-10-09,High
LAB003742,P1946,Fasting Glucose,12.42,mmol/L,3.5–10.0,2022-06-19,High
LAB003743,P1946,Haemoglobin,12.17,g/dL,9.0–16.5,2024-07-31,Normal
LAB003744,P1947,eGFR,90.71,mL/min,15–120,2024-06-18,Normal
LAB003745,P1947,Serum Creatinine,242.91,umol/L,55–200,2022-04-24,High
LAB003746,P1947,HbA1c,76.93,mmol/mol,28–75,2024-09-14,High
LAB003747,P1947,LDL Cholesterol,5.7,mmol/L,1.5–5.0,2024-10-10,High
LAB003748,P1947,Platelet Count,593.58,x10^9/L,120–450,2022-06-11,High
LAB003749,P1947,HDL Cholesterol,2.11,mmol/L,0.9–2.5,2023-02-22,Normal
LAB003750,P1948,CRP,200.83,mg/L,0.1–120,2023-03-10,High
LAB003751,P1948,Total Cholesterol,5.02,mmol/L,3.5–7.5,2023-10-16,Normal
LAB003752,P1949,Serum Creatinine,557.25,umol/L,55–200,2022-06-06,High
LAB003753,P1949,LDL Cholesterol,1.02,mmol/L,1.5–5.0,2023-11-08,Low
LAB003754,P1949,White Cell Count,15.35,x10^9/L,3.5–14.0,2022-03-06,High
LAB003755,P1950,Total Cholesterol,7.16,mmol/L,3.5–7.5,2023-01-21,Normal
LAB003756,P1950,Haemoglobin,11.33,g/dL,9.0–16.5,2024-02-04,Normal
LAB003757,P1950,CRP,135.27,mg/L,0.1–120,2023-12-23,High
LAB003758,P1950,HbA1c,198.53,mmol/mol,28–75,2023-01-17,High
LAB003759,P1950,Platelet Count,711.55,x10^9/L,120–450,2023-06-10,High
LAB003760,P1950,HDL Cholesterol,1.19,mmol/L,0.9–2.5,2022-07-25,Normal
LAB003761,P1951,White Cell Count,24.39,x10^9/L,3.5–14.0,2023-10-08,High
LAB003762,P1951,eGFR,45.56,mL/min,15–120,2024-03-29,Normal
LAB003763,P1951,TSH,17.18,mU/L,0.3–5.5,2023-07-12,High
LAB003764,P1951,Haemoglobin,9.19,g/dL,9.0–16.5,2023-07-13,Normal
LAB003765,P1951,HbA1c,67.88,mmol/mol,28–75,2022-08-06,Normal
LAB003766,P1952,TSH,2.03,mU/L,0.3–5.5,2023-09-07,Normal
LAB003767,P1952,Serum Sodium,125.84,mmol/L,132–148,2024-09-23,Low
LAB003768,P1953,Haemoglobin,17.78,g/dL,9.0–16.5,2022-11-04,High
LAB003769,P1953,HDL Cholesterol,0.9,mmol/L,0.9–2.5,2022-01-03,Normal
LAB003770,P1953,Platelet Count,130.1,x10^9/L,120–450,2024-12-10,Normal
LAB003771,P1953,LDL Cholesterol,6.5,mmol/L,1.5–5.0,2024-10-31,High
LAB003772,P1953,Serum Creatinine,341.05,umol/L,55–200,2024-05-01,High
LAB003773,P1953,INR,5.08,ratio,0.8–4.5,2022-08-21,High
LAB003774,P1954,Total Cholesterol,7.86,mmol/L,3.5–7.5,2024-01-28,High
LAB003775,P1954,TSH,13.45,mU/L,0.3–5.5,2023-10-20,High
LAB003776,P1954,Serum Potassium,3.05,mmol/L,3.2–5.5,2023-09-21,Low
LAB003777,P1955,CRP,215.02,mg/L,0.1–120,2022-03-18,High
LAB003778,P1955,Serum Potassium,6.28,mmol/L,3.2–5.5,2023-09-06,High
LAB003779,P1955,Fasting Glucose,10.25,mmol/L,3.5–10.0,2024-03-21,High
LAB003780,P1955,TSH,1.61,mU/L,0.3–5.5,2022-07-09,Normal
LAB003781,P1955,Serum Sodium,154.83,mmol/L,132–148,2024-04-23,High
LAB003782,P1955,Serum Creatinine,193.19,umol/L,55–200,2022-11-27,Normal
LAB003783,P1956,Total Cholesterol,6.16,mmol/L,3.5–7.5,2022-11-30,Normal
LAB003784,P1956,HDL Cholesterol,0.51,mmol/L,0.9–2.5,2022-12-31,Low
LAB003785,P1956,Serum Creatinine,578.06,umol/L,55–200,2023-04-18,High
LAB003786,P1956,TSH,10.26,mU/L,0.3–5.5,2023-05-29,High
LAB003787,P1956,INR,6.45,ratio,0.8–4.5,2022-12-14,High
LAB003788,P1957,Serum Potassium,3.42,mmol/L,3.2–5.5,2024-09-30,Normal
LAB003789,P1957,LDL Cholesterol,6.77,mmol/L,1.5–5.0,2022-06-20,High
LAB003790,P1957,Platelet Count,613.06,x10^9/L,120–450,2023-05-20,High
LAB003791,P1958,LDL Cholesterol,7.35,mmol/L,1.5–5.0,2023-11-29,High
LAB003792,P1958,HDL Cholesterol,3.42,mmol/L,0.9–2.5,2023-06-15,High
LAB003793,P1958,eGFR,64.04,mL/min,15–120,2022-04-12,Normal
LAB003794,P1958,TSH,21.63,mU/L,0.3–5.5,2022-04-14,High
LAB003795,P1959,HbA1c,114.59,mmol/mol,28–75,2022-06-07,High
LAB003796,P1959,TSH,1.55,mU/L,0.3–5.5,2024-01-03,Normal
LAB003797,P1959,INR,1.31,ratio,0.8–4.5,2023-01-24,Normal
LAB003798,P1959,LDL Cholesterol,3.03,mmol/L,1.5–5.0,2022-06-02,Normal
LAB003799,P1959,Platelet Count,244.82,x10^9/L,120–450,2022-06-24,Normal
LAB003800,P1960,HbA1c,72.39,mmol/mol,28–75,2022-08-07,Normal
LAB003801,P1960,Total Cholesterol,6.88,mmol/L,3.5–7.5,2024-03-28,Normal
LAB003802,P1960,INR,1.01,ratio,0.8–4.5,2024-11-19,Normal
LAB003803,P1961,CRP,101.3,mg/L,0.1–120,2023-06-03,Normal
LAB003804,P1961,Platelet Count,548.34,x10^9/L,120–450,2022-06-25,High
LAB003805,P1962,Serum Sodium,146.96,mmol/L,132–148,2024-06-09,Normal
LAB003806,P1962,Serum Creatinine,253.48,umol/L,55–200,2022-01-26,High
LAB003807,P1962,HDL Cholesterol,0.99,mmol/L,0.9–2.5,2023-11-29,Normal
LAB003808,P1962,Fasting Glucose,19.65,mmol/L,3.5–10.0,2022-05-18,High
LAB003809,P1962,LDL Cholesterol,2.97,mmol/L,1.5–5.0,2024-06-01,Normal
LAB003810,P1962,Serum Potassium,5.48,mmol/L,3.2–5.5,2023-10-17,Normal
LAB003811,P1963,Fasting Glucose,15.09,mmol/L,3.5–10.0,2022-12-16,High
LAB003812,P1963,Haemoglobin,13.92,g/dL,9.0–16.5,2023-11-06,Normal
LAB003813,P1963,Serum Potassium,2.89,mmol/L,3.2–5.5,2023-09-15,Low
LAB003814,P1963,Platelet Count,494.49,x10^9/L,120–450,2022-12-15,High
LAB003815,P1963,CRP,25.78,mg/L,0.1–120,2022-08-26,Normal
LAB003816,P1963,Serum Creatinine,396.58,umol/L,55–200,2022-07-30,High
LAB003817,P1964,Total Cholesterol,4.7,mmol/L,3.5–7.5,2022-08-20,Normal
LAB003818,P1964,Platelet Count,267.64,x10^9/L,120–450,2023-08-06,Normal
LAB003819,P1964,INR,0.55,ratio,0.8–4.5,2022-06-22,Low
LAB003820,P1964,TSH,6.5,mU/L,0.3–5.5,2024-11-17,High
LAB003821,P1965,Serum Sodium,143.24,mmol/L,132–148,2022-09-05,Normal
LAB003822,P1965,CRP,85.42,mg/L,0.1–120,2022-12-11,Normal
LAB003823,P1965,eGFR,56.52,mL/min,15–120,2022-11-12,Normal
LAB003824,P1965,Platelet Count,54.29,x10^9/L,120–450,2022-09-05,Low
LAB003825,P1966,INR,1.31,ratio,0.8–4.5,2023-09-11,Normal
LAB003826,P1966,Serum Sodium,155.6,mmol/L,132–148,2022-11-08,High
LAB003827,P1966,HbA1c,29.3,mmol/mol,28–75,2024-11-02,Normal
LAB003828,P1967,Serum Sodium,159.19,mmol/L,132–148,2024-11-17,High
LAB003829,P1967,HDL Cholesterol,3.86,mmol/L,0.9–2.5,2024-03-11,High
LAB003830,P1967,eGFR,55.41,mL/min,15–120,2023-09-01,Normal
LAB003831,P1967,Platelet Count,457.82,x10^9/L,120–450,2022-10-28,High
LAB003832,P1968,Total Cholesterol,8.62,mmol/L,3.5–7.5,2024-07-25,High
LAB003833,P1968,TSH,26.61,mU/L,0.3–5.5,2023-11-01,High
LAB003834,P1968,Platelet Count,762.07,x10^9/L,120–450,2022-07-28,High
LAB003835,P1968,Fasting Glucose,18.44,mmol/L,3.5–10.0,2023-10-02,High
LAB003836,P1968,LDL Cholesterol,7.67,mmol/L,1.5–5.0,2022-09-11,High
LAB003837,P1969,LDL Cholesterol,1.35,mmol/L,1.5–5.0,2022-02-22,Low
LAB003838,P1969,TSH,26.77,mU/L,0.3–5.5,2022-07-21,High
LAB003839,P1969,Total Cholesterol,3.91,mmol/L,3.5–7.5,2024-11-25,Normal
LAB003840,P1969,Serum Sodium,132.59,mmol/L,132–148,2022-10-09,Normal
LAB003841,P1970,Fasting Glucose,16.92,mmol/L,3.5–10.0,2024-12-28,High
LAB003842,P1970,Serum Creatinine,467.48,umol/L,55–200,2023-04-28,High
LAB003843,P1970,eGFR,41.23,mL/min,15–120,2023-05-29,Normal
LAB003844,P1971,Serum Sodium,125.9,mmol/L,132–148,2023-05-31,Low
LAB003845,P1971,Total Cholesterol,5.95,mmol/L,3.5–7.5,2024-03-15,Normal
LAB003846,P1972,INR,0.58,ratio,0.8–4.5,2022-10-13,Low
LAB003847,P1972,Fasting Glucose,7.64,mmol/L,3.5–10.0,2023-06-03,Normal
LAB003848,P1972,Serum Potassium,2.79,mmol/L,3.2–5.5,2024-05-18,Low
LAB003849,P1972,LDL Cholesterol,3.81,mmol/L,1.5–5.0,2022-03-22,Normal
LAB003850,P1972,Total Cholesterol,10.14,mmol/L,3.5–7.5,2024-08-28,High
LAB003851,P1973,HbA1c,185.37,mmol/mol,28–75,2023-02-10,High
LAB003852,P1973,HDL Cholesterol,2.78,mmol/L,0.9–2.5,2024-10-07,High
LAB003853,P1973,TSH,19.2,mU/L,0.3–5.5,2024-05-23,High
LAB003854,P1973,Total Cholesterol,9.08,mmol/L,3.5–7.5,2024-08-20,High
LAB003855,P1973,Platelet Count,276.79,x10^9/L,120–450,2024-10-19,Normal
LAB003856,P1974,INR,5.38,ratio,0.8–4.5,2023-01-01,High
LAB003857,P1974,Total Cholesterol,9.93,mmol/L,3.5–7.5,2022-04-17,High
LAB003858,P1974,Fasting Glucose,2.37,mmol/L,3.5–10.0,2023-03-24,Low
LAB003859,P1974,HbA1c,145.81,mmol/mol,28–75,2024-01-29,High
LAB003860,P1974,Haemoglobin,17.96,g/dL,9.0–16.5,2022-02-08,High
LAB003861,P1975,Serum Sodium,152.17,mmol/L,132–148,2022-10-09,High
LAB003862,P1975,INR,3.08,ratio,0.8–4.5,2023-01-10,Normal
LAB003863,P1975,Haemoglobin,12.05,g/dL,9.0–16.5,2023-08-16,Normal
LAB003864,P1975,Total Cholesterol,10.85,mmol/L,3.5–7.5,2024-06-13,High
LAB003865,P1975,HDL Cholesterol,3.11,mmol/L,0.9–2.5,2024-12-25,High
LAB003866,P1975,TSH,17.78,mU/L,0.3–5.5,2023-03-01,High
LAB003867,P1976,Total Cholesterol,7.51,mmol/L,3.5–7.5,2023-01-15,High
LAB003868,P1976,Haemoglobin,9.07,g/dL,9.0–16.5,2022-07-31,Normal
LAB003869,P1976,eGFR,105.62,mL/min,15–120,2022-12-13,Normal
LAB003870,P1976,Serum Sodium,151.8,mmol/L,132–148,2024-11-13,High
LAB003871,P1976,LDL Cholesterol,4.82,mmol/L,1.5–5.0,2024-02-20,Normal
LAB003872,P1976,Platelet Count,536.08,x10^9/L,120–450,2022-12-07,High
LAB003873,P1977,White Cell Count,14.87,x10^9/L,3.5–14.0,2022-03-23,High
LAB003874,P1977,Serum Potassium,3.37,mmol/L,3.2–5.5,2023-04-21,Normal
LAB003875,P1977,eGFR,49.04,mL/min,15–120,2024-07-24,Normal
LAB003876,P1977,CRP,232.0,mg/L,0.1–120,2023-04-19,High
LAB003877,P1977,HbA1c,34.23,mmol/mol,28–75,2024-01-23,Normal
LAB003878,P1978,LDL Cholesterol,4.95,mmol/L,1.5–5.0,2022-06-15,Normal
LAB003879,P1978,Fasting Glucose,13.71,mmol/L,3.5–10.0,2023-10-15,High
LAB003880,P1978,INR,2.37,ratio,0.8–4.5,2024-08-15,Normal
LAB003881,P1978,Serum Sodium,148.8,mmol/L,132–148,2023-12-10,High
LAB003882,P1978,eGFR,5.85,mL/min,15–120,2024-08-19,Low
LAB003883,P1978,Platelet Count,787.55,x10^9/L,120–450,2022-01-07,High
LAB003884,P1979,Haemoglobin,13.72,g/dL,9.0–16.5,2023-09-02,Normal
LAB003885,P1979,Serum Creatinine,352.82,umol/L,55–200,2024-03-29,High
LAB003886,P1979,HbA1c,55.61,mmol/mol,28–75,2023-12-11,Normal
LAB003887,P1979,Serum Sodium,138.24,mmol/L,132–148,2024-10-30,Normal
LAB003888,P1979,White Cell Count,13.07,x10^9/L,3.5–14.0,2024-04-29,Normal
LAB003889,P1980,TSH,16.41,mU/L,0.3–5.5,2022-01-24,High
LAB003890,P1980,Fasting Glucose,16.61,mmol/L,3.5–10.0,2024-01-05,High
LAB003891,P1980,LDL Cholesterol,1.05,mmol/L,1.5–5.0,2023-06-11,Low
LAB003892,P1981,HDL Cholesterol,3.65,mmol/L,0.9–2.5,2023-11-13,High
LAB003893,P1981,Serum Sodium,133.47,mmol/L,132–148,2023-02-06,Normal
LAB003894,P1981,Serum Creatinine,495.77,umol/L,55–200,2023-01-22,High
LAB003895,P1981,CRP,212.42,mg/L,0.1–120,2023-11-02,High
LAB003896,P1981,Total Cholesterol,8.12,mmol/L,3.5–7.5,2023-12-20,High
LAB003897,P1981,Serum Potassium,3.47,mmol/L,3.2–5.5,2024-04-26,Normal
LAB003898,P1982,Serum Potassium,2.55,mmol/L,3.2–5.5,2022-07-23,Low
LAB003899,P1982,Serum Sodium,121.04,mmol/L,132–148,2024-04-21,Low
LAB003900,P1982,Serum Creatinine,313.79,umol/L,55–200,2023-12-03,High
LAB003901,P1983,Serum Potassium,6.89,mmol/L,3.2–5.5,2024-05-28,High
LAB003902,P1983,LDL Cholesterol,2.22,mmol/L,1.5–5.0,2023-12-30,Normal
LAB003903,P1984,HbA1c,31.68,mmol/mol,28–75,2023-05-02,Normal
LAB003904,P1984,INR,4.22,ratio,0.8–4.5,2022-10-19,Normal
LAB003905,P1984,Serum Creatinine,110.18,umol/L,55–200,2023-06-19,Normal
LAB003906,P1984,Serum Sodium,125.37,mmol/L,132–148,2024-09-24,Low
LAB003907,P1984,CRP,253.0,mg/L,0.1–120,2024-08-12,High
LAB003908,P1984,HDL Cholesterol,3.54,mmol/L,0.9–2.5,2022-03-22,High
LAB003909,P1985,CRP,51.83,mg/L,0.1–120,2022-08-18,Normal
LAB003910,P1985,INR,1.55,ratio,0.8–4.5,2022-06-14,Normal
LAB003911,P1985,Serum Potassium,4.21,mmol/L,3.2–5.5,2024-12-13,Normal
LAB003912,P1986,Serum Potassium,5.37,mmol/L,3.2–5.5,2023-10-18,Normal
LAB003913,P1986,Serum Sodium,155.09,mmol/L,132–148,2022-09-03,High
LAB003914,P1986,Platelet Count,102.95,x10^9/L,120–450,2022-11-27,Low
LAB003915,P1986,LDL Cholesterol,3.81,mmol/L,1.5–5.0,2023-10-12,Normal
LAB003916,P1986,Serum Creatinine,570.35,umol/L,55–200,2024-05-16,High
LAB003917,P1986,HDL Cholesterol,1.35,mmol/L,0.9–2.5,2024-10-16,Normal
LAB003918,P1987,Fasting Glucose,12.91,mmol/L,3.5–10.0,2023-02-26,High
LAB003919,P1987,CRP,71.66,mg/L,0.1–120,2022-08-04,Normal
LAB003920,P1987,HDL Cholesterol,3.64,mmol/L,0.9–2.5,2024-12-31,High
LAB003921,P1988,eGFR,102.68,mL/min,15–120,2023-06-16,Normal
LAB003922,P1988,Total Cholesterol,8.73,mmol/L,3.5–7.5,2022-02-23,High
LAB003923,P1988,LDL Cholesterol,0.7,mmol/L,1.5–5.0,2024-12-26,Low
LAB003924,P1988,HbA1c,37.19,mmol/mol,28–75,2022-02-08,Normal
LAB003925,P1988,CRP,73.11,mg/L,0.1–120,2024-05-05,Normal
LAB003926,P1988,Serum Creatinine,199.77,umol/L,55–200,2024-02-02,Normal
LAB003927,P1989,Serum Potassium,6.59,mmol/L,3.2–5.5,2022-09-22,High
LAB003928,P1989,HbA1c,32.19,mmol/mol,28–75,2022-11-10,Normal
LAB003929,P1990,Fasting Glucose,11.79,mmol/L,3.5–10.0,2024-07-05,High
LAB003930,P1990,Serum Sodium,121.82,mmol/L,132–148,2024-11-26,Low
LAB003931,P1990,HDL Cholesterol,1.42,mmol/L,0.9–2.5,2024-05-15,Normal
LAB003932,P1990,HbA1c,31.28,mmol/mol,28–75,2024-08-21,Normal
LAB003933,P1991,Haemoglobin,16.63,g/dL,9.0–16.5,2023-07-31,High
LAB003934,P1991,Serum Potassium,4.84,mmol/L,3.2–5.5,2024-09-06,Normal
LAB003935,P1991,TSH,25.86,mU/L,0.3–5.5,2022-01-23,High
LAB003936,P1991,INR,2.07,ratio,0.8–4.5,2022-09-20,Normal
LAB003937,P1991,LDL Cholesterol,7.72,mmol/L,1.5–5.0,2023-07-28,High
LAB003938,P1991,Total Cholesterol,3.88,mmol/L,3.5–7.5,2023-09-30,Normal
LAB003939,P1992,HDL Cholesterol,1.57,mmol/L,0.9–2.5,2022-08-02,Normal
LAB003940,P1992,LDL Cholesterol,0.83,mmol/L,1.5–5.0,2024-01-10,Low
LAB003941,P1992,Serum Sodium,122.65,mmol/L,132–148,2022-04-03,Low
LAB003942,P1992,INR,6.54,ratio,0.8–4.5,2023-08-26,High
LAB003943,P1992,CRP,253.05,mg/L,0.1–120,2022-01-04,High
LAB003944,P1993,HbA1c,72.61,mmol/mol,28–75,2023-02-13,Normal
LAB003945,P1993,Serum Potassium,2.61,mmol/L,3.2–5.5,2023-11-20,Low
LAB003946,P1994,Serum Creatinine,202.97,umol/L,55–200,2022-04-07,High
LAB003947,P1994,Serum Sodium,148.83,mmol/L,132–148,2022-10-28,High
LAB003948,P1994,Haemoglobin,15.58,g/dL,9.0–16.5,2022-09-19,Normal
LAB003949,P1994,Platelet Count,559.26,x10^9/L,120–450,2024-01-02,High
LAB003950,P1995,TSH,19.71,mU/L,0.3–5.5,2024-09-28,High
LAB003951,P1995,INR,3.33,ratio,0.8–4.5,2022-06-07,Normal
LAB003952,P1995,Serum Sodium,148.43,mmol/L,132–148,2024-10-14,High
LAB003953,P1995,Haemoglobin,16.01,g/dL,9.0–16.5,2024-07-18,Normal
LAB003954,P1995,Total Cholesterol,6.91,mmol/L,3.5–7.5,2024-09-02,Normal
LAB003955,P1996,CRP,144.17,mg/L,0.1–120,2022-06-06,High
LAB003956,P1996,Serum Creatinine,103.41,umol/L,55–200,2023-03-13,Normal
LAB003957,P1996,Fasting Glucose,12.92,mmol/L,3.5–10.0,2022-06-22,High
LAB003958,P1996,LDL Cholesterol,4.5,mmol/L,1.5–5.0,2023-04-03,Normal
LAB003959,P1996,White Cell Count,18.83,x10^9/L,3.5–14.0,2022-11-26,High
LAB003960,P1997,HDL Cholesterol,2.17,mmol/L,0.9–2.5,2022-03-21,Normal
LAB003961,P1997,White Cell Count,8.97,x10^9/L,3.5–14.0,2022-08-28,Normal
LAB003962,P1998,HDL Cholesterol,3.75,mmol/L,0.9–2.5,2022-06-23,High
LAB003963,P1998,Serum Creatinine,397.76,umol/L,55–200,2024-07-23,High
LAB003964,P1998,INR,6.71,ratio,0.8–4.5,2023-04-03,High
LAB003965,P1998,Serum Sodium,131.22,mmol/L,132–148,2022-03-04,Low
LAB003966,P1998,White Cell Count,15.46,x10^9/L,3.5–14.0,2024-04-04,High
LAB003967,P1998,eGFR,102.36,mL/min,15–120,2022-03-24,Normal
LAB003968,P1999,Serum Potassium,2.53,mmol/L,3.2–5.5,2024-09-19,Low
LAB003969,P1999,CRP,241.48,mg/L,0.1–120,2024-11-10,High
LAB003970,P1999,TSH,9.95,mU/L,0.3–5.5,2023-01-30,High
LAB003971,P2000,Fasting Glucose,13.91,mmol/L,3.5–10.0,2022-10-15,High
LAB003972,P2000,TSH,1.0,mU/L,0.3–5.5,2023-07-26,Normal
LAB003973,P2000,White Cell Count,24.99,x10^9/L,3.5–14.0,2023-01-27,High
LAB003974,P2000,Serum Potassium,5.84,mmol/L,3.2–5.5,2023-01-10,High
LAB003975,P2000,Serum Creatinine,285.39,umol/L,55–200,2023-10-10,High
LAB003976,P2000,LDL Cholesterol,2.39,mmol/L,1.5–5.0,2024-04-20,Normal
LAB003977,P2001,White Cell Count,27.0,x10^9/L,3.5–14.0,2022-01-18,High
LAB003978,P2001,Serum Creatinine,109.96,umol/L,55–200,2022-04-22,Normal
LAB003979,P2001,eGFR,97.36,mL/min,15–120,2022-06-02,Normal
LAB003980,P2002,LDL Cholesterol,2.59,mmol/L,1.5–5.0,2022-04-23,Normal
LAB003981,P2002,Haemoglobin,15.61,g/dL,9.0–16.5,2023-12-11,Normal
LAB003982,P2002,White Cell Count,11.41,x10^9/L,3.5–14.0,2023-12-15,Normal
LAB003983,P2002,Serum Potassium,5.59,mmol/L,3.2–5.5,2023-03-25,High
LAB003984,P2003,HDL Cholesterol,2.08,mmol/L,0.9–2.5,2024-11-23,Normal
LAB003985,P2003,CRP,212.49,mg/L,0.1–120,2024-04-26,High
LAB003986,P2003,TSH,13.69,mU/L,0.3–5.5,2024-10-27,High
LAB003987,P2003,HbA1c,177.41,mmol/mol,28–75,2022-12-04,High
LAB003988,P2004,TSH,27.75,mU/L,0.3–5.5,2022-03-21,High
LAB003989,P2004,Fasting Glucose,10.2,mmol/L,3.5–10.0,2022-10-14,High
LAB003990,P2004,CRP,203.77,mg/L,0.1–120,2022-01-19,High
LAB003991,P2005,HbA1c,75.86,mmol/mol,28–75,2022-05-20,High
LAB003992,P2005,TSH,29.62,mU/L,0.3–5.5,2022-12-22,High
LAB003993,P2005,INR,2.71,ratio,0.8–4.5,2022-08-05,Normal
LAB003994,P2005,Platelet Count,566.06,x10^9/L,120–450,2024-01-22,High
LAB003995,P2006,White Cell Count,28.34,x10^9/L,3.5–14.0,2022-02-17,High
LAB003996,P2006,Serum Sodium,158.1,mmol/L,132–148,2023-09-29,High
LAB003997,P2006,HbA1c,119.35,mmol/mol,28–75,2024-04-17,High
LAB003998,P2006,HDL Cholesterol,2.19,mmol/L,0.9–2.5,2024-12-04,Normal
LAB003999,P2006,Fasting Glucose,9.53,mmol/L,3.5–10.0,2023-07-14,Normal
LAB004000,P2007,eGFR,41.54,mL/min,15–120,2024-10-16,Normal
LAB004001,P2007,Total Cholesterol,2.59,mmol/L,3.5–7.5,2023-06-14,Low
LAB004002,P2007,TSH,16.89,mU/L,0.3–5.5,2024-04-28,High
LAB004003,P2008,Fasting Glucose,11.04,mmol/L,3.5–10.0,2024-08-12,High
LAB004004,P2008,CRP,233.6,mg/L,0.1–120,2023-04-18,High
LAB004005,P2008,TSH,7.27,mU/L,0.3–5.5,2023-10-31,High
LAB004006,P2008,HbA1c,103.38,mmol/mol,28–75,2022-04-07,High
LAB004007,P2008,INR,5.7,ratio,0.8–4.5,2023-08-25,High
LAB004008,P2009,TSH,13.91,mU/L,0.3–5.5,2022-10-03,High
LAB004009,P2009,CRP,92.46,mg/L,0.1–120,2024-02-10,Normal
LAB004010,P2009,HbA1c,138.69,mmol/mol,28–75,2024-12-21,High
LAB004011,P2010,Platelet Count,658.46,x10^9/L,120–450,2022-05-03,High
LAB004012,P2010,INR,6.16,ratio,0.8–4.5,2022-04-27,High
LAB004013,P2010,Haemoglobin,9.65,g/dL,9.0–16.5,2023-04-12,Normal
LAB004014,P2010,Serum Potassium,4.57,mmol/L,3.2–5.5,2022-07-27,Normal
LAB004015,P2010,HDL Cholesterol,3.31,mmol/L,0.9–2.5,2024-06-24,High
LAB004016,P2010,CRP,187.34,mg/L,0.1–120,2024-10-21,High
LAB004017,P2011,Platelet Count,262.72,x10^9/L,120–450,2022-02-15,Normal
LAB004018,P2011,Total Cholesterol,4.83,mmol/L,3.5–7.5,2024-12-16,Normal
LAB004019,P2011,HDL Cholesterol,0.92,mmol/L,0.9–2.5,2023-01-28,Normal
LAB004020,P2011,eGFR,12.4,mL/min,15–120,2024-11-13,Low
LAB004021,P2011,CRP,127.86,mg/L,0.1–120,2023-08-14,High
LAB004022,P2011,INR,2.34,ratio,0.8–4.5,2023-05-22,Normal
LAB004023,P2012,INR,7.42,ratio,0.8–4.5,2024-02-16,High
LAB004024,P2012,HDL Cholesterol,3.35,mmol/L,0.9–2.5,2022-07-18,High
LAB004025,P2013,TSH,2.43,mU/L,0.3–5.5,2024-08-30,Normal
LAB004026,P2013,Fasting Glucose,3.02,mmol/L,3.5–10.0,2023-05-19,Low
LAB004027,P2013,Total Cholesterol,4.71,mmol/L,3.5–7.5,2024-07-31,Normal
LAB004028,P2013,Haemoglobin,9.79,g/dL,9.0–16.5,2022-11-13,Normal
LAB004029,P2013,Serum Creatinine,231.84,umol/L,55–200,2024-02-20,High
LAB004030,P2013,Platelet Count,654.55,x10^9/L,120–450,2024-08-18,High
LAB004031,P2014,HbA1c,79.51,mmol/mol,28–75,2024-02-18,High
LAB004032,P2014,INR,1.54,ratio,0.8–4.5,2022-07-07,Normal
LAB004033,P2014,TSH,26.26,mU/L,0.3–5.5,2022-11-14,High
LAB004034,P2014,Serum Sodium,128.22,mmol/L,132–148,2022-05-30,Low
LAB004035,P2015,HDL Cholesterol,0.9,mmol/L,0.9–2.5,2022-02-25,Normal
LAB004036,P2015,Fasting Glucose,13.52,mmol/L,3.5–10.0,2022-02-26,High
LAB004037,P2015,Serum Potassium,3.9,mmol/L,3.2–5.5,2024-09-28,Normal
LAB004038,P2015,INR,1.27,ratio,0.8–4.5,2024-04-03,Normal
LAB004039,P2016,LDL Cholesterol,1.82,mmol/L,1.5–5.0,2023-09-26,Normal
LAB004040,P2016,HbA1c,67.66,mmol/mol,28–75,2024-05-18,Normal
LAB004041,P2016,TSH,23.53,mU/L,0.3–5.5,2024-06-15,High
LAB004042,P2016,INR,5.4,ratio,0.8–4.5,2023-05-16,High
LAB004043,P2016,Serum Creatinine,456.51,umol/L,55–200,2024-01-19,High
LAB004044,P2016,Total Cholesterol,10.16,mmol/L,3.5–7.5,2023-06-28,High
LAB004045,P2017,Serum Creatinine,98.35,umol/L,55–200,2024-04-18,Normal
LAB004046,P2017,TSH,3.27,mU/L,0.3–5.5,2023-10-03,Normal
LAB004047,P2017,eGFR,88.51,mL/min,15–120,2023-09-30,Normal
LAB004048,P2018,Serum Sodium,123.41,mmol/L,132–148,2023-07-18,Low
LAB004049,P2018,Total Cholesterol,10.51,mmol/L,3.5–7.5,2023-11-06,High
LAB004050,P2018,eGFR,44.32,mL/min,15–120,2024-06-17,Normal
LAB004051,P2018,CRP,228.98,mg/L,0.1–120,2023-10-11,High
LAB004052,P2019,Total Cholesterol,5.69,mmol/L,3.5–7.5,2024-12-29,Normal
LAB004053,P2019,eGFR,18.31,mL/min,15–120,2023-09-29,Normal
LAB004054,P2019,White Cell Count,29.06,x10^9/L,3.5–14.0,2023-01-10,High
LAB004055,P2019,CRP,239.74,mg/L,0.1–120,2022-10-01,High
LAB004056,P2019,Serum Potassium,2.97,mmol/L,3.2–5.5,2024-01-29,Low
LAB004057,P2019,Platelet Count,494.87,x10^9/L,120–450,2023-12-14,High
LAB004058,P2020,HbA1c,177.66,mmol/mol,28–75,2022-12-18,High
LAB004059,P2020,Serum Sodium,140.32,mmol/L,132–148,2022-03-03,Normal
LAB004060,P2020,LDL Cholesterol,3.02,mmol/L,1.5–5.0,2024-10-12,Normal
LAB004061,P2020,Serum Potassium,3.58,mmol/L,3.2–5.5,2024-10-15,Normal
LAB004062,P2020,INR,5.87,ratio,0.8–4.5,2024-11-07,High
LAB004063,P2020,Serum Creatinine,80.18,umol/L,55–200,2024-07-12,Normal
LAB004064,P2021,Serum Creatinine,480.26,umol/L,55–200,2023-08-27,High
LAB004065,P2021,HDL Cholesterol,3.69,mmol/L,0.9–2.5,2024-01-04,High
LAB004066,P2021,TSH,5.43,mU/L,0.3–5.5,2024-08-27,Normal
LAB004067,P2022,Haemoglobin,13.92,g/dL,9.0–16.5,2023-06-26,Normal
LAB004068,P2022,CRP,238.32,mg/L,0.1–120,2023-05-18,High
LAB004069,P2022,HDL Cholesterol,0.62,mmol/L,0.9–2.5,2024-05-24,Low
LAB004070,P2022,TSH,8.48,mU/L,0.3–5.5,2022-04-19,High
LAB004071,P2022,Serum Sodium,121.95,mmol/L,132–148,2022-01-18,Low
LAB004072,P2023,Platelet Count,273.24,x10^9/L,120–450,2024-06-08,Normal
LAB004073,P2023,White Cell Count,4.65,x10^9/L,3.5–14.0,2024-07-25,Normal
LAB004074,P2023,INR,3.23,ratio,0.8–4.5,2024-01-18,Normal
LAB004075,P2023,Total Cholesterol,10.02,mmol/L,3.5–7.5,2024-10-14,High
LAB004076,P2023,eGFR,62.83,mL/min,15–120,2023-04-12,Normal
LAB004077,P2024,Serum Creatinine,362.2,umol/L,55–200,2022-10-14,High
LAB004078,P2024,Serum Potassium,2.61,mmol/L,3.2–5.5,2023-06-05,Low
LAB004079,P2024,HDL Cholesterol,0.59,mmol/L,0.9–2.5,2022-11-18,Low
LAB004080,P2024,INR,6.95,ratio,0.8–4.5,2023-06-03,High
LAB004081,P2024,eGFR,106.23,mL/min,15–120,2023-12-27,Normal
LAB004082,P2024,HbA1c,151.61,mmol/mol,28–75,2024-06-10,High
LAB004083,P2025,Fasting Glucose,9.81,mmol/L,3.5–10.0,2023-04-01,Normal
LAB004084,P2025,TSH,4.25,mU/L,0.3–5.5,2023-06-02,Normal
LAB004085,P2026,HbA1c,191.4,mmol/mol,28–75,2024-01-09,High
LAB004086,P2026,Haemoglobin,15.36,g/dL,9.0–16.5,2022-08-02,Normal
LAB004087,P2026,Platelet Count,580.0,x10^9/L,120–450,2023-08-31,High
LAB004088,P2026,Total Cholesterol,4.01,mmol/L,3.5–7.5,2024-03-18,Normal
LAB004089,P2026,eGFR,101.73,mL/min,15–120,2023-03-22,Normal
LAB004090,P2027,Serum Creatinine,500.38,umol/L,55–200,2023-09-01,High
LAB004091,P2027,HbA1c,64.37,mmol/mol,28–75,2024-11-07,Normal
LAB004092,P2027,Serum Potassium,6.67,mmol/L,3.2–5.5,2023-06-14,High
LAB004093,P2028,Total Cholesterol,5.57,mmol/L,3.5–7.5,2023-05-13,Normal
LAB004094,P2028,Haemoglobin,11.98,g/dL,9.0–16.5,2024-10-19,Normal
LAB004095,P2028,White Cell Count,18.15,x10^9/L,3.5–14.0,2023-06-26,High
LAB004096,P2028,Platelet Count,477.43,x10^9/L,120–450,2023-06-22,High
LAB004097,P2029,CRP,209.62,mg/L,0.1–120,2023-12-27,High
LAB004098,P2029,TSH,21.34,mU/L,0.3–5.5,2023-12-27,High
LAB004099,P2029,HDL Cholesterol,3.45,mmol/L,0.9–2.5,2024-11-04,High
LAB004100,P2029,Platelet Count,706.88,x10^9/L,120–450,2022-12-21,High
LAB004101,P2030,Serum Sodium,148.39,mmol/L,132–148,2023-08-13,High
LAB004102,P2030,LDL Cholesterol,5.61,mmol/L,1.5–5.0,2022-10-22,High
LAB004103,P2030,CRP,131.89,mg/L,0.1–120,2022-08-07,High
LAB004104,P2030,Fasting Glucose,11.52,mmol/L,3.5–10.0,2022-09-29,High
LAB004105,P2030,Haemoglobin,17.9,g/dL,9.0–16.5,2023-07-28,High
LAB004106,P2031,Total Cholesterol,8.0,mmol/L,3.5–7.5,2023-03-04,High
LAB004107,P2031,LDL Cholesterol,3.46,mmol/L,1.5–5.0,2022-09-22,Normal
LAB004108,P2032,eGFR,93.81,mL/min,15–120,2023-07-21,Normal
LAB004109,P2032,Fasting Glucose,19.61,mmol/L,3.5–10.0,2023-07-24,High
LAB004110,P2032,Haemoglobin,16.2,g/dL,9.0–16.5,2024-03-08,Normal
LAB004111,P2032,CRP,100.97,mg/L,0.1–120,2024-01-21,Normal
LAB004112,P2032,HDL Cholesterol,0.85,mmol/L,0.9–2.5,2022-12-01,Low
LAB004113,P2033,eGFR,48.78,mL/min,15–120,2022-10-06,Normal
LAB004114,P2033,LDL Cholesterol,5.81,mmol/L,1.5–5.0,2022-09-26,High
LAB004115,P2033,White Cell Count,16.43,x10^9/L,3.5–14.0,2022-11-28,High
LAB004116,P2033,Fasting Glucose,2.68,mmol/L,3.5–10.0,2023-08-21,Low
LAB004117,P2033,Serum Sodium,147.17,mmol/L,132–148,2023-11-25,Normal
LAB004118,P2033,HbA1c,125.78,mmol/mol,28–75,2022-12-14,High
LAB004119,P2034,Serum Sodium,151.78,mmol/L,132–148,2023-01-09,High
LAB004120,P2034,Total Cholesterol,4.06,mmol/L,3.5–7.5,2023-03-07,Normal
LAB004121,P2034,Haemoglobin,10.46,g/dL,9.0–16.5,2023-06-27,Normal
LAB004122,P2034,eGFR,32.13,mL/min,15–120,2023-04-15,Normal
LAB004123,P2034,TSH,24.6,mU/L,0.3–5.5,2024-07-24,High
LAB004124,P2034,Serum Potassium,2.97,mmol/L,3.2–5.5,2022-09-30,Low
LAB004125,P2035,White Cell Count,6.43,x10^9/L,3.5–14.0,2023-12-07,Normal
LAB004126,P2035,LDL Cholesterol,1.4,mmol/L,1.5–5.0,2022-01-25,Low
LAB004127,P2035,Platelet Count,153.47,x10^9/L,120–450,2022-01-03,Normal
LAB004128,P2035,eGFR,66.21,mL/min,15–120,2022-12-05,Normal
LAB004129,P2035,TSH,2.04,mU/L,0.3–5.5,2023-02-01,Normal
LAB004130,P2036,Serum Sodium,146.66,mmol/L,132–148,2024-02-23,Normal
LAB004131,P2036,White Cell Count,29.17,x10^9/L,3.5–14.0,2023-12-05,High
LAB004132,P2036,eGFR,32.07,mL/min,15–120,2024-10-14,Normal
LAB004133,P2036,Platelet Count,101.21,x10^9/L,120–450,2024-01-01,Low
LAB004134,P2037,LDL Cholesterol,0.53,mmol/L,1.5–5.0,2023-02-03,Low
LAB004135,P2037,Fasting Glucose,3.18,mmol/L,3.5–10.0,2024-07-17,Low
LAB004136,P2037,HbA1c,59.96,mmol/mol,28–75,2024-01-11,Normal
LAB004137,P2037,Serum Creatinine,59.49,umol/L,55–200,2023-03-06,Normal
LAB004138,P2037,Total Cholesterol,10.41,mmol/L,3.5–7.5,2024-08-14,High
LAB004139,P2038,INR,5.09,ratio,0.8–4.5,2023-01-30,High
LAB004140,P2038,CRP,266.74,mg/L,0.1–120,2023-07-18,High
LAB004141,P2038,LDL Cholesterol,7.56,mmol/L,1.5–5.0,2023-09-30,High
LAB004142,P2038,Fasting Glucose,11.31,mmol/L,3.5–10.0,2022-04-16,High
LAB004143,P2038,Total Cholesterol,10.94,mmol/L,3.5–7.5,2022-11-24,High
LAB004144,P2039,Serum Potassium,4.63,mmol/L,3.2–5.5,2024-04-23,Normal
LAB004145,P2039,Serum Creatinine,340.14,umol/L,55–200,2022-02-07,High
LAB004146,P2039,Platelet Count,50.19,x10^9/L,120–450,2022-05-01,Low
LAB004147,P2039,CRP,141.67,mg/L,0.1–120,2022-12-20,High
LAB004148,P2039,HbA1c,24.95,mmol/mol,28–75,2024-09-05,Low
LAB004149,P2040,INR,7.58,ratio,0.8–4.5,2022-09-06,High
LAB004150,P2040,Total Cholesterol,7.22,mmol/L,3.5–7.5,2023-07-26,Normal
LAB004151,P2041,Total Cholesterol,9.0,mmol/L,3.5–7.5,2024-04-26,High
LAB004152,P2041,LDL Cholesterol,6.29,mmol/L,1.5–5.0,2022-09-27,High
LAB004153,P2041,Platelet Count,225.93,x10^9/L,120–450,2022-06-04,Normal
LAB004154,P2041,Serum Potassium,6.06,mmol/L,3.2–5.5,2024-11-22,High
LAB004155,P2042,Serum Creatinine,480.05,umol/L,55–200,2022-03-02,High
LAB004156,P2042,Fasting Glucose,5.56,mmol/L,3.5–10.0,2023-02-07,Normal
LAB004157,P2042,Haemoglobin,6.19,g/dL,9.0–16.5,2024-12-12,Low
LAB004158,P2042,CRP,161.57,mg/L,0.1–120,2024-06-07,High
LAB004159,P2042,TSH,25.91,mU/L,0.3–5.5,2023-08-03,High
LAB004160,P2043,Haemoglobin,6.17,g/dL,9.0–16.5,2023-07-27,Low
LAB004161,P2043,Serum Creatinine,99.41,umol/L,55–200,2023-03-29,Normal
LAB004162,P2044,HbA1c,112.38,mmol/mol,28–75,2024-05-16,High
LAB004163,P2044,Haemoglobin,12.91,g/dL,9.0–16.5,2023-12-17,Normal
LAB004164,P2045,Serum Sodium,133.52,mmol/L,132–148,2022-01-11,Normal
LAB004165,P2045,TSH,17.64,mU/L,0.3–5.5,2022-07-18,High
LAB004166,P2045,Haemoglobin,10.25,g/dL,9.0–16.5,2022-03-30,Normal
LAB004167,P2045,Serum Creatinine,199.11,umol/L,55–200,2024-06-15,Normal
LAB004168,P2045,CRP,52.88,mg/L,0.1–120,2023-05-24,Normal
LAB004169,P2045,White Cell Count,12.33,x10^9/L,3.5–14.0,2023-08-20,Normal
LAB004170,P2046,Total Cholesterol,11.55,mmol/L,3.5–7.5,2022-08-02,High
LAB004171,P2046,Haemoglobin,13.56,g/dL,9.0–16.5,2022-09-13,Normal
LAB004172,P2046,CRP,86.48,mg/L,0.1–120,2022-10-03,Normal
LAB004173,P2046,White Cell Count,2.14,x10^9/L,3.5–14.0,2023-04-08,Low
LAB004174,P2046,eGFR,86.41,mL/min,15–120,2023-07-08,Normal
LAB004175,P2047,CRP,77.85,mg/L,0.1–120,2024-04-01,Normal
LAB004176,P2047,HbA1c,46.32,mmol/mol,28–75,2024-09-24,Normal
LAB004177,P2047,Serum Potassium,6.38,mmol/L,3.2–5.5,2023-06-19,High
LAB004178,P2047,Serum Sodium,146.5,mmol/L,132–148,2023-08-29,Normal
LAB004179,P2048,INR,6.38,ratio,0.8–4.5,2024-02-13,High
LAB004180,P2048,LDL Cholesterol,3.87,mmol/L,1.5–5.0,2022-03-10,Normal
LAB004181,P2048,Platelet Count,381.21,x10^9/L,120–450,2024-05-09,Normal
LAB004182,P2048,HDL Cholesterol,2.47,mmol/L,0.9–2.5,2024-01-08,Normal
LAB004183,P2048,Fasting Glucose,11.59,mmol/L,3.5–10.0,2024-07-03,High
LAB004184,P2048,eGFR,38.84,mL/min,15–120,2022-06-04,Normal
LAB004185,P2049,HbA1c,136.21,mmol/mol,28–75,2024-06-13,High
LAB004186,P2049,eGFR,62.22,mL/min,15–120,2022-11-06,Normal
LAB004187,P2050,HDL Cholesterol,1.33,mmol/L,0.9–2.5,2024-07-10,Normal
LAB004188,P2050,Fasting Glucose,11.68,mmol/L,3.5–10.0,2023-10-12,High
LAB004189,P2050,White Cell Count,7.28,x10^9/L,3.5–14.0,2024-08-26,Normal
LAB004190,P2050,Haemoglobin,6.73,g/dL,9.0–16.5,2022-11-24,Low
LAB004191,P2050,Platelet Count,259.05,x10^9/L,120–450,2023-03-12,Normal
LAB004192,P2051,eGFR,38.25,mL/min,15–120,2024-12-04,Normal
LAB004193,P2051,Serum Sodium,159.93,mmol/L,132–148,2023-06-14,High
LAB004194,P2052,CRP,4.48,mg/L,0.1–120,2024-06-20,Normal
LAB004195,P2052,Haemoglobin,6.04,g/dL,9.0–16.5,2022-03-22,Low
LAB004196,P2052,White Cell Count,14.99,x10^9/L,3.5–14.0,2023-02-16,High
LAB004197,P2053,Serum Creatinine,242.76,umol/L,55–200,2023-01-01,High
LAB004198,P2053,Fasting Glucose,19.74,mmol/L,3.5–10.0,2022-10-13,High
LAB004199,P2053,TSH,22.71,mU/L,0.3–5.5,2023-03-28,High
LAB004200,P2053,White Cell Count,20.38,x10^9/L,3.5–14.0,2022-11-22,High
LAB004201,P2053,Haemoglobin,12.57,g/dL,9.0–16.5,2023-03-03,Normal
LAB004202,P2054,TSH,10.93,mU/L,0.3–5.5,2024-09-17,High
LAB004203,P2054,Haemoglobin,19.86,g/dL,9.0–16.5,2022-05-29,High
LAB004204,P2054,Fasting Glucose,4.78,mmol/L,3.5–10.0,2023-05-26,Normal
LAB004205,P2054,Total Cholesterol,2.05,mmol/L,3.5–7.5,2023-12-01,Low
LAB004206,P2055,Serum Potassium,2.58,mmol/L,3.2–5.5,2023-04-25,Low
LAB004207,P2055,White Cell Count,5.11,x10^9/L,3.5–14.0,2023-09-17,Normal
LAB004208,P2055,Platelet Count,186.22,x10^9/L,120–450,2024-03-06,Normal
LAB004209,P2055,Serum Creatinine,246.97,umol/L,55–200,2022-01-15,High
LAB004210,P2055,TSH,17.41,mU/L,0.3–5.5,2022-01-02,High
LAB004211,P2056,CRP,63.94,mg/L,0.1–120,2022-04-05,Normal
LAB004212,P2056,Haemoglobin,15.77,g/dL,9.0–16.5,2023-02-25,Normal
LAB004213,P2056,TSH,0.93,mU/L,0.3–5.5,2023-07-05,Normal
LAB004214,P2056,White Cell Count,3.12,x10^9/L,3.5–14.0,2023-05-19,Low
LAB004215,P2057,Serum Creatinine,323.88,umol/L,55–200,2024-06-07,High
LAB004216,P2057,Serum Potassium,5.66,mmol/L,3.2–5.5,2023-07-01,High
LAB004217,P2057,LDL Cholesterol,5.12,mmol/L,1.5–5.0,2024-06-27,High
LAB004218,P2057,Total Cholesterol,10.66,mmol/L,3.5–7.5,2024-06-22,High
LAB004219,P2057,Platelet Count,662.28,x10^9/L,120–450,2022-02-26,High
LAB004220,P2058,TSH,14.97,mU/L,0.3–5.5,2024-02-12,High
LAB004221,P2058,HbA1c,37.88,mmol/mol,28–75,2023-07-24,Normal
LAB004222,P2058,eGFR,103.4,mL/min,15–120,2023-05-22,Normal
LAB004223,P2058,INR,7.04,ratio,0.8–4.5,2022-03-06,High
LAB004224,P2058,Serum Sodium,159.71,mmol/L,132–148,2023-07-23,High
LAB004225,P2059,Fasting Glucose,5.55,mmol/L,3.5–10.0,2024-06-15,Normal
LAB004226,P2059,Serum Sodium,123.3,mmol/L,132–148,2024-02-21,Low
LAB004227,P2059,Serum Potassium,3.19,mmol/L,3.2–5.5,2024-07-27,Low
LAB004228,P2059,Haemoglobin,12.11,g/dL,9.0–16.5,2022-06-12,Normal
LAB004229,P2059,HDL Cholesterol,3.67,mmol/L,0.9–2.5,2024-09-05,High
LAB004230,P2059,TSH,21.24,mU/L,0.3–5.5,2023-09-09,High
LAB004231,P2060,Serum Sodium,130.2,mmol/L,132–148,2024-02-07,Low
LAB004232,P2060,Serum Creatinine,505.0,umol/L,55–200,2024-06-14,High
LAB004233,P2061,Fasting Glucose,15.04,mmol/L,3.5–10.0,2023-09-22,High
LAB004234,P2061,White Cell Count,2.94,x10^9/L,3.5–14.0,2022-12-15,Low
LAB004235,P2061,Total Cholesterol,6.89,mmol/L,3.5–7.5,2024-01-11,Normal
LAB004236,P2061,HDL Cholesterol,3.59,mmol/L,0.9–2.5,2022-05-11,High
LAB004237,P2061,INR,2.38,ratio,0.8–4.5,2024-10-27,Normal
LAB004238,P2062,Haemoglobin,8.41,g/dL,9.0–16.5,2022-11-26,Low
LAB004239,P2062,Total Cholesterol,3.36,mmol/L,3.5–7.5,2023-03-25,Low
LAB004240,P2062,eGFR,77.03,mL/min,15–120,2024-12-09,Normal
LAB004241,P2062,LDL Cholesterol,7.23,mmol/L,1.5–5.0,2022-11-23,High
LAB004242,P2062,HDL Cholesterol,0.93,mmol/L,0.9–2.5,2022-02-18,Normal
LAB004243,P2062,Platelet Count,60.72,x10^9/L,120–450,2022-09-09,Low
LAB004244,P2063,INR,5.72,ratio,0.8–4.5,2023-08-16,High
LAB004245,P2063,Total Cholesterol,9.18,mmol/L,3.5–7.5,2024-11-13,High
LAB004246,P2063,Serum Potassium,3.29,mmol/L,3.2–5.5,2023-12-21,Normal
LAB004247,P2064,Haemoglobin,17.62,g/dL,9.0–16.5,2023-06-29,High
LAB004248,P2064,TSH,3.32,mU/L,0.3–5.5,2024-08-09,Normal
LAB004249,P2064,CRP,195.01,mg/L,0.1–120,2024-02-17,High
LAB004250,P2064,Fasting Glucose,9.03,mmol/L,3.5–10.0,2023-08-31,Normal
LAB004251,P2064,Serum Creatinine,209.92,umol/L,55–200,2023-04-18,High
LAB004252,P2065,Fasting Glucose,9.92,mmol/L,3.5–10.0,2024-03-31,Normal
LAB004253,P2065,CRP,147.52,mg/L,0.1–120,2024-07-10,High
LAB004254,P2065,eGFR,98.98,mL/min,15–120,2024-03-29,Normal
LAB004255,P2065,Serum Potassium,6.66,mmol/L,3.2–5.5,2024-08-28,High
LAB004256,P2065,HDL Cholesterol,3.02,mmol/L,0.9–2.5,2024-02-28,High
LAB004257,P2065,Serum Creatinine,258.5,umol/L,55–200,2023-05-31,High
LAB004258,P2066,eGFR,6.05,mL/min,15–120,2023-12-02,Low
LAB004259,P2066,HbA1c,172.98,mmol/mol,28–75,2022-10-14,High
LAB004260,P2066,White Cell Count,18.0,x10^9/L,3.5–14.0,2023-09-29,High
LAB004261,P2066,Serum Creatinine,217.83,umol/L,55–200,2023-10-19,High
LAB004262,P2066,Total Cholesterol,11.27,mmol/L,3.5–7.5,2022-05-25,High
LAB004263,P2067,Serum Creatinine,336.25,umol/L,55–200,2024-10-10,High
LAB004264,P2067,HbA1c,115.26,mmol/mol,28–75,2024-10-23,High
LAB004265,P2067,HDL Cholesterol,2.21,mmol/L,0.9–2.5,2022-10-22,Normal
LAB004266,P2067,Platelet Count,401.01,x10^9/L,120–450,2023-09-05,Normal
LAB004267,P2067,Serum Sodium,149.62,mmol/L,132–148,2022-10-18,High
LAB004268,P2068,HbA1c,143.65,mmol/mol,28–75,2024-01-11,High
LAB004269,P2068,eGFR,91.54,mL/min,15–120,2024-04-28,Normal
LAB004270,P2068,Fasting Glucose,18.03,mmol/L,3.5–10.0,2022-12-15,High
LAB004271,P2069,INR,3.74,ratio,0.8–4.5,2023-07-19,Normal
LAB004272,P2069,White Cell Count,2.01,x10^9/L,3.5–14.0,2024-02-18,Low
LAB004273,P2069,Haemoglobin,17.21,g/dL,9.0–16.5,2022-10-14,High
LAB004274,P2069,Serum Potassium,3.53,mmol/L,3.2–5.5,2024-06-03,Normal
LAB004275,P2069,LDL Cholesterol,2.02,mmol/L,1.5–5.0,2022-03-18,Normal
LAB004276,P2069,CRP,73.8,mg/L,0.1–120,2022-06-29,Normal
LAB004277,P2070,LDL Cholesterol,4.58,mmol/L,1.5–5.0,2023-01-24,Normal
LAB004278,P2070,HbA1c,199.97,mmol/mol,28–75,2023-05-05,High
LAB004279,P2070,CRP,72.62,mg/L,0.1–120,2022-02-10,Normal
LAB004280,P2070,Fasting Glucose,18.14,mmol/L,3.5–10.0,2022-08-11,High
LAB004281,P2071,TSH,15.25,mU/L,0.3–5.5,2022-02-13,High
LAB004282,P2071,INR,3.5,ratio,0.8–4.5,2023-05-31,Normal
LAB004283,P2072,White Cell Count,11.77,x10^9/L,3.5–14.0,2023-08-16,Normal
LAB004284,P2072,Serum Creatinine,232.62,umol/L,55–200,2024-03-15,High
LAB004285,P2072,INR,1.28,ratio,0.8–4.5,2022-06-03,Normal
LAB004286,P2072,CRP,83.02,mg/L,0.1–120,2024-04-23,Normal
LAB004287,P2072,Haemoglobin,14.52,g/dL,9.0–16.5,2023-06-03,Normal
LAB004288,P2072,TSH,10.4,mU/L,0.3–5.5,2024-12-07,High
LAB004289,P2073,Serum Creatinine,575.86,umol/L,55–200,2023-02-14,High
LAB004290,P2073,Fasting Glucose,13.7,mmol/L,3.5–10.0,2024-07-23,High
LAB004291,P2073,Haemoglobin,15.98,g/dL,9.0–16.5,2022-07-02,Normal
LAB004292,P2074,Serum Creatinine,574.49,umol/L,55–200,2024-06-03,High
LAB004293,P2074,CRP,292.02,mg/L,0.1–120,2023-05-22,High
LAB004294,P2074,eGFR,87.13,mL/min,15–120,2023-02-21,Normal
LAB004295,P2075,Serum Sodium,146.57,mmol/L,132–148,2022-05-20,Normal
LAB004296,P2075,TSH,13.92,mU/L,0.3–5.5,2024-12-29,High
LAB004297,P2075,Platelet Count,742.57,x10^9/L,120–450,2023-11-01,High
LAB004298,P2075,Serum Creatinine,568.39,umol/L,55–200,2024-03-03,High
LAB004299,P2075,White Cell Count,27.21,x10^9/L,3.5–14.0,2022-09-09,High
LAB004300,P2075,eGFR,80.0,mL/min,15–120,2022-08-16,Normal
LAB004301,P2076,Total Cholesterol,8.34,mmol/L,3.5–7.5,2024-05-12,High
LAB004302,P2076,HDL Cholesterol,2.96,mmol/L,0.9–2.5,2022-12-11,High
LAB004303,P2076,eGFR,78.99,mL/min,15–120,2024-03-16,Normal
LAB004304,P2076,Platelet Count,651.28,x10^9/L,120–450,2023-08-05,High
LAB004305,P2076,INR,1.53,ratio,0.8–4.5,2024-12-11,Normal
LAB004306,P2077,INR,3.93,ratio,0.8–4.5,2024-06-08,Normal
LAB004307,P2077,Fasting Glucose,10.66,mmol/L,3.5–10.0,2022-04-10,High
LAB004308,P2077,Haemoglobin,7.27,g/dL,9.0–16.5,2022-01-09,Low
LAB004309,P2077,Platelet Count,148.34,x10^9/L,120–450,2024-10-09,Normal
LAB004310,P2078,Platelet Count,93.6,x10^9/L,120–450,2023-10-03,Low
LAB004311,P2078,TSH,25.68,mU/L,0.3–5.5,2022-09-18,High
LAB004312,P2079,LDL Cholesterol,7.66,mmol/L,1.5–5.0,2024-07-19,High
LAB004313,P2079,White Cell Count,5.61,x10^9/L,3.5–14.0,2022-09-21,Normal
LAB004314,P2080,TSH,24.05,mU/L,0.3–5.5,2022-06-04,High
LAB004315,P2080,INR,4.79,ratio,0.8–4.5,2023-07-16,High
LAB004316,P2081,Serum Sodium,153.05,mmol/L,132–148,2023-07-09,High
LAB004317,P2081,TSH,12.52,mU/L,0.3–5.5,2023-01-10,High
LAB004318,P2081,eGFR,23.81,mL/min,15–120,2022-07-12,Normal
LAB004319,P2081,Total Cholesterol,5.91,mmol/L,3.5–7.5,2024-05-20,Normal
LAB004320,P2082,LDL Cholesterol,2.09,mmol/L,1.5–5.0,2023-12-24,Normal
LAB004321,P2082,Serum Potassium,2.18,mmol/L,3.2–5.5,2022-11-15,Low
LAB004322,P2082,TSH,8.65,mU/L,0.3–5.5,2022-09-27,High
LAB004323,P2082,CRP,115.04,mg/L,0.1–120,2023-10-24,Normal
LAB004324,P2082,Platelet Count,230.44,x10^9/L,120–450,2022-07-07,Normal
LAB004325,P2083,HbA1c,109.01,mmol/mol,28–75,2023-10-04,High
LAB004326,P2083,LDL Cholesterol,7.58,mmol/L,1.5–5.0,2024-12-15,High
LAB004327,P2083,CRP,251.47,mg/L,0.1–120,2022-05-15,High
LAB004328,P2083,Serum Potassium,5.36,mmol/L,3.2–5.5,2022-11-23,Normal
LAB004329,P2084,Total Cholesterol,7.29,mmol/L,3.5–7.5,2023-01-24,Normal
LAB004330,P2084,HDL Cholesterol,3.14,mmol/L,0.9–2.5,2023-12-11,High
LAB004331,P2085,Haemoglobin,11.17,g/dL,9.0–16.5,2023-03-11,Normal
LAB004332,P2085,HDL Cholesterol,3.08,mmol/L,0.9–2.5,2023-05-21,High
LAB004333,P2086,White Cell Count,19.55,x10^9/L,3.5–14.0,2024-08-11,High
LAB004334,P2086,HbA1c,24.4,mmol/mol,28–75,2023-06-27,Low
LAB004335,P2086,Platelet Count,252.37,x10^9/L,120–450,2023-09-12,Normal
LAB004336,P2087,Fasting Glucose,2.22,mmol/L,3.5–10.0,2024-09-18,Low
LAB004337,P2087,HbA1c,37.31,mmol/mol,28–75,2022-12-23,Normal
LAB004338,P2087,Platelet Count,226.71,x10^9/L,120–450,2023-11-04,Normal
LAB004339,P2088,CRP,260.97,mg/L,0.1–120,2024-08-30,High
LAB004340,P2088,Total Cholesterol,8.3,mmol/L,3.5–7.5,2023-03-28,High
LAB004341,P2088,TSH,14.69,mU/L,0.3–5.5,2023-12-28,High
LAB004342,P2089,HDL Cholesterol,2.03,mmol/L,0.9–2.5,2024-06-27,Normal
LAB004343,P2089,Haemoglobin,11.0,g/dL,9.0–16.5,2023-04-07,Normal
LAB004344,P2089,eGFR,47.19,mL/min,15–120,2023-09-27,Normal
LAB004345,P2089,Fasting Glucose,12.03,mmol/L,3.5–10.0,2022-08-07,High
LAB004346,P2090,Haemoglobin,11.69,g/dL,9.0–16.5,2022-08-05,Normal
LAB004347,P2090,Fasting Glucose,8.11,mmol/L,3.5–10.0,2023-05-21,Normal
LAB004348,P2090,Total Cholesterol,7.8,mmol/L,3.5–7.5,2022-09-19,High
LAB004349,P2090,eGFR,80.9,mL/min,15–120,2023-01-03,Normal
LAB004350,P2091,Serum Sodium,122.35,mmol/L,132–148,2022-07-21,Low
LAB004351,P2091,HbA1c,57.38,mmol/mol,28–75,2023-06-06,Normal
LAB004352,P2091,Total Cholesterol,10.31,mmol/L,3.5–7.5,2023-04-01,High
LAB004353,P2091,Fasting Glucose,13.46,mmol/L,3.5–10.0,2022-04-14,High
LAB004354,P2091,Serum Creatinine,278.9,umol/L,55–200,2024-08-25,High
LAB004355,P2092,INR,4.28,ratio,0.8–4.5,2023-08-13,Normal
LAB004356,P2092,Serum Sodium,152.49,mmol/L,132–148,2024-08-27,High
LAB004357,P2092,White Cell Count,6.48,x10^9/L,3.5–14.0,2022-05-24,Normal
LAB004358,P2092,Platelet Count,673.51,x10^9/L,120–450,2022-03-30,High
LAB004359,P2092,Serum Potassium,3.11,mmol/L,3.2–5.5,2022-08-18,Low
LAB004360,P2092,Serum Creatinine,422.53,umol/L,55–200,2022-08-13,High
LAB004361,P2093,Haemoglobin,9.39,g/dL,9.0–16.5,2024-01-13,Normal
LAB004362,P2093,Serum Creatinine,209.58,umol/L,55–200,2022-06-29,High
LAB004363,P2093,Platelet Count,761.7,x10^9/L,120–450,2023-01-06,High
LAB004364,P2094,TSH,2.7,mU/L,0.3–5.5,2023-01-18,Normal
LAB004365,P2094,Serum Sodium,159.32,mmol/L,132–148,2022-03-10,High
LAB004366,P2095,INR,4.99,ratio,0.8–4.5,2022-04-04,High
LAB004367,P2095,Serum Potassium,2.02,mmol/L,3.2–5.5,2023-07-20,Low
LAB004368,P2095,Serum Sodium,153.37,mmol/L,132–148,2023-01-24,High
LAB004369,P2095,CRP,118.22,mg/L,0.1–120,2023-03-18,Normal
LAB004370,P2095,Serum Creatinine,253.61,umol/L,55–200,2023-08-18,High
LAB004371,P2096,LDL Cholesterol,6.34,mmol/L,1.5–5.0,2024-05-06,High
LAB004372,P2096,INR,4.91,ratio,0.8–4.5,2023-06-02,High
LAB004373,P2096,Total Cholesterol,3.47,mmol/L,3.5–7.5,2022-01-16,Low
LAB004374,P2096,Serum Sodium,145.26,mmol/L,132–148,2024-08-07,Normal
LAB004375,P2097,Total Cholesterol,9.18,mmol/L,3.5–7.5,2023-05-05,High
LAB004376,P2097,Haemoglobin,10.47,g/dL,9.0–16.5,2024-08-03,Normal
LAB004377,P2097,eGFR,68.58,mL/min,15–120,2024-11-04,Normal
LAB004378,P2098,CRP,32.02,mg/L,0.1–120,2023-03-24,Normal
LAB004379,P2098,White Cell Count,6.46,x10^9/L,3.5–14.0,2024-02-02,Normal
LAB004380,P2098,Serum Creatinine,154.29,umol/L,55–200,2022-01-30,Normal
LAB004381,P2098,Serum Potassium,2.22,mmol/L,3.2–5.5,2022-03-30,Low
LAB004382,P2098,Haemoglobin,18.59,g/dL,9.0–16.5,2024-05-16,High
LAB004383,P2099,Serum Potassium,4.57,mmol/L,3.2–5.5,2024-05-18,Normal
LAB004384,P2099,Total Cholesterol,8.45,mmol/L,3.5–7.5,2024-09-01,High
LAB004385,P2099,Serum Creatinine,561.14,umol/L,55–200,2023-11-09,High
LAB004386,P2100,eGFR,20.07,mL/min,15–120,2022-12-06,Normal
LAB004387,P2100,Serum Creatinine,345.06,umol/L,55–200,2023-09-25,High
LAB004388,P2100,White Cell Count,28.95,x10^9/L,3.5–14.0,2022-02-26,High
LAB004389,P2100,CRP,72.47,mg/L,0.1–120,2023-07-16,Normal
LAB004390,P2101,Serum Potassium,6.1,mmol/L,3.2–5.5,2023-12-26,High
LAB004391,P2101,LDL Cholesterol,5.36,mmol/L,1.5–5.0,2024-04-26,High
LAB004392,P2101,INR,6.92,ratio,0.8–4.5,2024-12-18,High
LAB004393,P2101,Total Cholesterol,4.85,mmol/L,3.5–7.5,2022-05-14,Normal
LAB004394,P2101,HDL Cholesterol,1.67,mmol/L,0.9–2.5,2024-04-21,Normal
LAB004395,P2102,Serum Creatinine,208.19,umol/L,55–200,2023-02-22,High
LAB004396,P2102,Fasting Glucose,7.64,mmol/L,3.5–10.0,2022-05-20,Normal
LAB004397,P2102,Haemoglobin,17.45,g/dL,9.0–16.5,2024-11-20,High
LAB004398,P2103,Fasting Glucose,9.13,mmol/L,3.5–10.0,2024-03-02,Normal
LAB004399,P2103,TSH,10.78,mU/L,0.3–5.5,2024-01-10,High
LAB004400,P2103,Serum Sodium,156.52,mmol/L,132–148,2024-04-16,High
LAB004401,P2103,Haemoglobin,10.58,g/dL,9.0–16.5,2024-04-23,Normal
LAB004402,P2104,HbA1c,187.15,mmol/mol,28–75,2023-04-14,High
LAB004403,P2104,TSH,21.16,mU/L,0.3–5.5,2024-07-05,High
LAB004404,P2105,Total Cholesterol,9.37,mmol/L,3.5–7.5,2024-11-22,High
LAB004405,P2105,CRP,76.96,mg/L,0.1–120,2022-10-14,Normal
LAB004406,P2105,Platelet Count,116.21,x10^9/L,120–450,2022-11-24,Low
LAB004407,P2105,eGFR,28.0,mL/min,15–120,2022-09-19,Normal
LAB004408,P2106,Fasting Glucose,8.36,mmol/L,3.5–10.0,2024-01-25,Normal
LAB004409,P2106,Serum Sodium,153.57,mmol/L,132–148,2023-02-10,High
LAB004410,P2106,HDL Cholesterol,2.09,mmol/L,0.9–2.5,2022-09-25,Normal
LAB004411,P2106,Serum Creatinine,161.02,umol/L,55–200,2024-03-23,Normal
LAB004412,P2107,HbA1c,188.43,mmol/mol,28–75,2023-09-21,High
LAB004413,P2107,HDL Cholesterol,1.25,mmol/L,0.9–2.5,2023-01-14,Normal
LAB004414,P2107,Fasting Glucose,13.14,mmol/L,3.5–10.0,2024-08-24,High
LAB004415,P2107,INR,0.85,ratio,0.8–4.5,2022-06-08,Normal
LAB004416,P2107,Total Cholesterol,4.21,mmol/L,3.5–7.5,2024-09-23,Normal
LAB004417,P2108,Total Cholesterol,3.43,mmol/L,3.5–7.5,2022-02-03,Low
LAB004418,P2108,Platelet Count,514.95,x10^9/L,120–450,2023-02-15,High
LAB004419,P2108,White Cell Count,11.49,x10^9/L,3.5–14.0,2022-11-01,Normal
LAB004420,P2109,CRP,45.93,mg/L,0.1–120,2024-01-27,Normal
LAB004421,P2109,Serum Potassium,2.16,mmol/L,3.2–5.5,2023-09-18,Low
LAB004422,P2109,LDL Cholesterol,4.76,mmol/L,1.5–5.0,2022-09-30,Normal
LAB004423,P2109,Platelet Count,467.74,x10^9/L,120–450,2022-02-22,High
LAB004424,P2110,TSH,17.75,mU/L,0.3–5.5,2023-11-04,High
LAB004425,P2110,eGFR,29.77,mL/min,15–120,2022-04-22,Normal
LAB004426,P2110,Serum Potassium,6.61,mmol/L,3.2–5.5,2024-08-16,High
LAB004427,P2110,CRP,161.6,mg/L,0.1–120,2023-03-12,High
LAB004428,P2110,Serum Sodium,146.37,mmol/L,132–148,2023-08-26,Normal
LAB004429,P2111,eGFR,11.29,mL/min,15–120,2024-06-16,Low
LAB004430,P2111,Haemoglobin,13.08,g/dL,9.0–16.5,2023-09-29,Normal
LAB004431,P2111,Serum Potassium,3.52,mmol/L,3.2–5.5,2024-06-01,Normal
LAB004432,P2111,Platelet Count,785.41,x10^9/L,120–450,2024-02-12,High
LAB004433,P2111,HbA1c,129.36,mmol/mol,28–75,2023-03-31,High
LAB004434,P2112,CRP,190.17,mg/L,0.1–120,2023-03-07,High
LAB004435,P2112,Serum Potassium,4.59,mmol/L,3.2–5.5,2024-11-01,Normal
LAB004436,P2112,HbA1c,48.58,mmol/mol,28–75,2023-12-31,Normal
LAB004437,P2112,INR,7.29,ratio,0.8–4.5,2022-02-03,High
LAB004438,P2112,Platelet Count,447.03,x10^9/L,120–450,2023-11-18,Normal
LAB004439,P2113,Total Cholesterol,7.71,mmol/L,3.5–7.5,2023-01-13,High
LAB004440,P2113,Serum Creatinine,244.89,umol/L,55–200,2022-10-27,High
LAB004441,P2113,TSH,6.33,mU/L,0.3–5.5,2022-10-20,High
LAB004442,P2113,Serum Potassium,3.64,mmol/L,3.2–5.5,2022-11-22,Normal
LAB004443,P2113,eGFR,65.98,mL/min,15–120,2023-09-15,Normal
LAB004444,P2113,CRP,215.38,mg/L,0.1–120,2024-04-25,High
LAB004445,P2114,INR,7.71,ratio,0.8–4.5,2023-07-08,High
LAB004446,P2114,Serum Sodium,138.7,mmol/L,132–148,2023-01-30,Normal
LAB004447,P2114,Platelet Count,635.72,x10^9/L,120–450,2023-05-09,High
LAB004448,P2114,CRP,76.07,mg/L,0.1–120,2023-05-30,Normal
LAB004449,P2114,Total Cholesterol,10.75,mmol/L,3.5–7.5,2024-05-31,High
LAB004450,P2114,Haemoglobin,11.83,g/dL,9.0–16.5,2022-08-04,Normal
LAB004451,P2115,Serum Creatinine,564.28,umol/L,55–200,2023-09-03,High
LAB004452,P2115,Fasting Glucose,12.79,mmol/L,3.5–10.0,2024-03-02,High
LAB004453,P2116,White Cell Count,29.43,x10^9/L,3.5–14.0,2024-11-17,High
LAB004454,P2116,HbA1c,91.25,mmol/mol,28–75,2024-10-25,High
LAB004455,P2117,eGFR,124.47,mL/min,15–120,2022-12-13,High
LAB004456,P2117,TSH,8.16,mU/L,0.3–5.5,2023-05-29,High
LAB004457,P2117,Serum Sodium,144.16,mmol/L,132–148,2023-06-06,Normal
LAB004458,P2117,INR,7.17,ratio,0.8–4.5,2023-05-19,High
LAB004459,P2117,White Cell Count,20.73,x10^9/L,3.5–14.0,2024-01-08,High
LAB004460,P2117,Serum Potassium,2.42,mmol/L,3.2–5.5,2024-05-24,Low
LAB004461,P2118,Serum Sodium,130.92,mmol/L,132–148,2023-04-12,Low
LAB004462,P2118,Serum Creatinine,426.38,umol/L,55–200,2023-04-27,High
LAB004463,P2118,eGFR,113.6,mL/min,15–120,2023-05-23,Normal
LAB004464,P2118,Fasting Glucose,11.8,mmol/L,3.5–10.0,2022-09-06,High
LAB004465,P2118,LDL Cholesterol,3.46,mmol/L,1.5–5.0,2023-01-26,Normal
LAB004466,P2118,HDL Cholesterol,1.44,mmol/L,0.9–2.5,2024-05-11,Normal
LAB004467,P2119,Fasting Glucose,19.38,mmol/L,3.5–10.0,2023-05-23,High
LAB004468,P2119,TSH,18.95,mU/L,0.3–5.5,2022-01-05,High
LAB004469,P2119,Total Cholesterol,2.91,mmol/L,3.5–7.5,2022-11-20,Low
LAB004470,P2119,Serum Potassium,2.8,mmol/L,3.2–5.5,2022-02-26,Low
LAB004471,P2119,LDL Cholesterol,1.08,mmol/L,1.5–5.0,2023-03-17,Low
LAB004472,P2119,Haemoglobin,7.34,g/dL,9.0–16.5,2024-01-22,Low
LAB004473,P2120,HbA1c,47.59,mmol/mol,28–75,2022-07-23,Normal
LAB004474,P2120,CRP,109.21,mg/L,0.1–120,2023-03-19,Normal
LAB004475,P2120,Serum Potassium,2.37,mmol/L,3.2–5.5,2023-02-04,Low
LAB004476,P2121,INR,5.28,ratio,0.8–4.5,2023-03-21,High
LAB004477,P2121,CRP,203.7,mg/L,0.1–120,2023-08-20,High
LAB004478,P2121,eGFR,101.0,mL/min,15–120,2022-12-30,Normal
LAB004479,P2122,Total Cholesterol,2.46,mmol/L,3.5–7.5,2023-05-16,Low
LAB004480,P2122,Haemoglobin,7.71,g/dL,9.0–16.5,2024-05-23,Low
LAB004481,P2123,Total Cholesterol,5.48,mmol/L,3.5–7.5,2022-02-07,Normal
LAB004482,P2123,HbA1c,181.56,mmol/mol,28–75,2023-05-17,High
LAB004483,P2123,Fasting Glucose,3.76,mmol/L,3.5–10.0,2024-07-23,Normal
LAB004484,P2123,CRP,145.84,mg/L,0.1–120,2023-10-18,High
LAB004485,P2123,Platelet Count,349.14,x10^9/L,120–450,2022-01-29,Normal
LAB004486,P2124,Serum Sodium,147.61,mmol/L,132–148,2022-06-12,Normal
LAB004487,P2124,HbA1c,191.22,mmol/mol,28–75,2024-02-10,High
LAB004488,P2125,INR,7.54,ratio,0.8–4.5,2023-09-25,High
LAB004489,P2125,LDL Cholesterol,4.47,mmol/L,1.5–5.0,2023-06-11,Normal
LAB004490,P2125,TSH,29.74,mU/L,0.3–5.5,2024-11-11,High
LAB004491,P2125,Total Cholesterol,11.1,mmol/L,3.5–7.5,2024-09-12,High
LAB004492,P2126,Serum Creatinine,208.19,umol/L,55–200,2024-10-06,High
LAB004493,P2126,Fasting Glucose,7.48,mmol/L,3.5–10.0,2022-08-25,Normal
LAB004494,P2127,Haemoglobin,6.82,g/dL,9.0–16.5,2024-07-15,Low
LAB004495,P2127,Serum Potassium,2.05,mmol/L,3.2–5.5,2024-09-15,Low
LAB004496,P2128,White Cell Count,25.47,x10^9/L,3.5–14.0,2022-04-20,High
LAB004497,P2128,Total Cholesterol,2.47,mmol/L,3.5–7.5,2023-05-02,Low
LAB004498,P2128,HbA1c,138.22,mmol/mol,28–75,2024-11-30,High
LAB004499,P2129,INR,4.59,ratio,0.8–4.5,2023-02-18,High
LAB004500,P2129,CRP,84.98,mg/L,0.1–120,2022-08-22,Normal
LAB004501,P2130,INR,1.35,ratio,0.8–4.5,2022-01-26,Normal
LAB004502,P2130,LDL Cholesterol,0.69,mmol/L,1.5–5.0,2023-03-16,Low
LAB004503,P2130,Total Cholesterol,3.78,mmol/L,3.5–7.5,2022-06-05,Normal
LAB004504,P2131,LDL Cholesterol,5.84,mmol/L,1.5–5.0,2024-02-27,High
LAB004505,P2131,Total Cholesterol,3.6,mmol/L,3.5–7.5,2022-10-30,Normal
LAB004506,P2131,Serum Potassium,5.28,mmol/L,3.2–5.5,2022-03-29,Normal
LAB004507,P2131,Serum Sodium,155.36,mmol/L,132–148,2022-06-30,High
LAB004508,P2131,Serum Creatinine,155.54,umol/L,55–200,2022-07-22,Normal
LAB004509,P2131,INR,3.77,ratio,0.8–4.5,2023-12-11,Normal
LAB004510,P2132,Total Cholesterol,3.67,mmol/L,3.5–7.5,2024-03-02,Normal
LAB004511,P2132,White Cell Count,15.33,x10^9/L,3.5–14.0,2022-02-24,High
LAB004512,P2132,Serum Sodium,124.06,mmol/L,132–148,2022-06-20,Low
LAB004513,P2132,LDL Cholesterol,3.51,mmol/L,1.5–5.0,2024-11-01,Normal
LAB004514,P2133,Fasting Glucose,9.79,mmol/L,3.5–10.0,2024-08-17,Normal
LAB004515,P2133,TSH,23.84,mU/L,0.3–5.5,2024-04-22,High
LAB004516,P2134,Platelet Count,289.89,x10^9/L,120–450,2023-11-14,Normal
LAB004517,P2134,HbA1c,53.98,mmol/mol,28–75,2024-03-24,Normal
LAB004518,P2134,Total Cholesterol,10.75,mmol/L,3.5–7.5,2022-12-13,High
LAB004519,P2135,Haemoglobin,8.4,g/dL,9.0–16.5,2023-09-05,Low
LAB004520,P2135,LDL Cholesterol,1.13,mmol/L,1.5–5.0,2023-11-24,Low
LAB004521,P2135,TSH,6.27,mU/L,0.3–5.5,2022-02-17,High
LAB004522,P2135,HbA1c,70.92,mmol/mol,28–75,2022-01-25,Normal
LAB004523,P2135,Total Cholesterol,5.61,mmol/L,3.5–7.5,2023-02-09,Normal
LAB004524,P2136,Platelet Count,260.76,x10^9/L,120–450,2022-06-02,Normal
LAB004525,P2136,White Cell Count,2.76,x10^9/L,3.5–14.0,2023-12-03,Low
LAB004526,P2137,Haemoglobin,17.14,g/dL,9.0–16.5,2022-01-06,High
LAB004527,P2137,Serum Creatinine,330.74,umol/L,55–200,2024-10-24,High
LAB004528,P2138,Total Cholesterol,11.29,mmol/L,3.5–7.5,2024-07-03,High
LAB004529,P2138,White Cell Count,2.81,x10^9/L,3.5–14.0,2024-10-13,Low
LAB004530,P2138,HDL Cholesterol,2.26,mmol/L,0.9–2.5,2024-06-12,Normal
LAB004531,P2138,eGFR,61.51,mL/min,15–120,2024-10-04,Normal
LAB004532,P2139,Serum Sodium,142.37,mmol/L,132–148,2023-04-11,Normal
LAB004533,P2139,HbA1c,199.31,mmol/mol,28–75,2024-07-09,High
LAB004534,P2140,HDL Cholesterol,3.77,mmol/L,0.9–2.5,2023-04-21,High
LAB004535,P2140,Serum Potassium,3.61,mmol/L,3.2–5.5,2022-01-16,Normal
LAB004536,P2140,CRP,25.35,mg/L,0.1–120,2022-12-01,Normal
LAB004537,P2140,HbA1c,99.54,mmol/mol,28–75,2024-07-19,High
LAB004538,P2140,Serum Creatinine,395.51,umol/L,55–200,2024-06-25,High
LAB004539,P2141,CRP,164.59,mg/L,0.1–120,2022-02-22,High
LAB004540,P2141,Serum Sodium,124.71,mmol/L,132–148,2023-04-29,Low
LAB004541,P2141,Total Cholesterol,3.3,mmol/L,3.5–7.5,2024-01-10,Low
LAB004542,P2142,Fasting Glucose,4.84,mmol/L,3.5–10.0,2023-01-31,Normal
LAB004543,P2142,TSH,7.68,mU/L,0.3–5.5,2024-05-24,High
LAB004544,P2143,INR,0.73,ratio,0.8–4.5,2022-03-22,Low
LAB004545,P2143,eGFR,50.48,mL/min,15–120,2023-01-02,Normal
LAB004546,P2143,White Cell Count,9.78,x10^9/L,3.5–14.0,2024-04-01,Normal
LAB004547,P2144,Fasting Glucose,13.48,mmol/L,3.5–10.0,2023-07-14,High
LAB004548,P2144,CRP,256.77,mg/L,0.1–120,2024-08-30,High
LAB004549,P2144,Serum Potassium,6.01,mmol/L,3.2–5.5,2022-07-01,High
LAB004550,P2144,Haemoglobin,12.45,g/dL,9.0–16.5,2024-03-15,Normal
LAB004551,P2145,White Cell Count,17.44,x10^9/L,3.5–14.0,2024-11-10,High
LAB004552,P2145,Serum Creatinine,347.01,umol/L,55–200,2023-02-04,High
LAB004553,P2145,TSH,18.93,mU/L,0.3–5.5,2022-07-03,High
LAB004554,P2145,Haemoglobin,8.29,g/dL,9.0–16.5,2023-06-06,Low
LAB004555,P2146,Haemoglobin,15.24,g/dL,9.0–16.5,2022-02-21,Normal
LAB004556,P2146,Serum Sodium,132.32,mmol/L,132–148,2023-09-02,Normal
LAB004557,P2147,Serum Potassium,2.6,mmol/L,3.2–5.5,2022-05-08,Low
LAB004558,P2147,Fasting Glucose,18.45,mmol/L,3.5–10.0,2022-07-24,High
LAB004559,P2147,LDL Cholesterol,7.98,mmol/L,1.5–5.0,2023-07-16,High
LAB004560,P2147,White Cell Count,24.81,x10^9/L,3.5–14.0,2023-11-18,High
LAB004561,P2147,CRP,209.64,mg/L,0.1–120,2024-10-20,High
LAB004562,P2147,Serum Sodium,151.83,mmol/L,132–148,2024-04-03,High
LAB004563,P2148,Haemoglobin,7.81,g/dL,9.0–16.5,2024-03-28,Low
LAB004564,P2148,eGFR,97.22,mL/min,15–120,2022-07-17,Normal
LAB004565,P2148,Fasting Glucose,10.71,mmol/L,3.5–10.0,2022-11-10,High
LAB004566,P2148,Platelet Count,642.61,x10^9/L,120–450,2024-07-10,High
LAB004567,P2148,Serum Creatinine,270.63,umol/L,55–200,2023-11-10,High
LAB004568,P2149,CRP,261.01,mg/L,0.1–120,2024-08-13,High
LAB004569,P2149,Haemoglobin,16.62,g/dL,9.0–16.5,2022-03-24,High
LAB004570,P2150,CRP,61.77,mg/L,0.1–120,2022-01-09,Normal
LAB004571,P2150,Total Cholesterol,4.52,mmol/L,3.5–7.5,2023-12-18,Normal
LAB004572,P2150,Serum Potassium,6.79,mmol/L,3.2–5.5,2023-09-18,High
LAB004573,P2151,White Cell Count,20.06,x10^9/L,3.5–14.0,2023-10-23,High
LAB004574,P2151,INR,6.97,ratio,0.8–4.5,2022-11-01,High
LAB004575,P2151,Total Cholesterol,2.59,mmol/L,3.5–7.5,2023-12-25,Low
LAB004576,P2151,Haemoglobin,14.91,g/dL,9.0–16.5,2023-01-09,Normal
LAB004577,P2151,Serum Sodium,141.28,mmol/L,132–148,2024-12-09,Normal
LAB004578,P2152,White Cell Count,15.47,x10^9/L,3.5–14.0,2024-07-28,High
LAB004579,P2152,Haemoglobin,19.4,g/dL,9.0–16.5,2023-01-25,High
LAB004580,P2152,TSH,6.46,mU/L,0.3–5.5,2023-11-27,High
LAB004581,P2152,LDL Cholesterol,5.75,mmol/L,1.5–5.0,2022-02-02,High
LAB004582,P2152,Serum Creatinine,123.14,umol/L,55–200,2023-06-07,Normal
LAB004583,P2152,CRP,9.1,mg/L,0.1–120,2023-05-13,Normal
LAB004584,P2153,White Cell Count,24.2,x10^9/L,3.5–14.0,2023-09-24,High
LAB004585,P2153,eGFR,100.72,mL/min,15–120,2023-08-10,Normal
LAB004586,P2153,Serum Potassium,4.67,mmol/L,3.2–5.5,2023-06-30,Normal
LAB004587,P2153,INR,1.51,ratio,0.8–4.5,2024-07-20,Normal
LAB004588,P2153,LDL Cholesterol,2.36,mmol/L,1.5–5.0,2023-04-22,Normal
LAB004589,P2153,Platelet Count,289.32,x10^9/L,120–450,2024-03-15,Normal
LAB004590,P2154,Total Cholesterol,2.77,mmol/L,3.5–7.5,2024-05-02,Low
LAB004591,P2154,Serum Sodium,146.46,mmol/L,132–148,2024-04-09,Normal
LAB004592,P2154,LDL Cholesterol,1.75,mmol/L,1.5–5.0,2022-11-15,Normal
LAB004593,P2154,Platelet Count,404.99,x10^9/L,120–450,2023-11-14,Normal
LAB004594,P2155,INR,7.21,ratio,0.8–4.5,2024-03-10,High
LAB004595,P2155,LDL Cholesterol,5.23,mmol/L,1.5–5.0,2022-04-26,High
LAB004596,P2155,HDL Cholesterol,3.48,mmol/L,0.9–2.5,2024-04-21,High
LAB004597,P2156,LDL Cholesterol,2.46,mmol/L,1.5–5.0,2022-09-30,Normal
LAB004598,P2156,CRP,27.65,mg/L,0.1–120,2024-03-26,Normal
LAB004599,P2156,HDL Cholesterol,2.91,mmol/L,0.9–2.5,2023-06-08,High
LAB004600,P2156,HbA1c,178.8,mmol/mol,28–75,2023-12-05,High
LAB004601,P2156,Fasting Glucose,5.19,mmol/L,3.5–10.0,2024-05-01,Normal
LAB004602,P2157,eGFR,113.59,mL/min,15–120,2024-05-09,Normal
LAB004603,P2157,Total Cholesterol,3.82,mmol/L,3.5–7.5,2023-03-21,Normal
LAB004604,P2157,TSH,5.86,mU/L,0.3–5.5,2024-07-29,High
LAB004605,P2158,HDL Cholesterol,1.43,mmol/L,0.9–2.5,2024-01-14,Normal
LAB004606,P2158,CRP,239.78,mg/L,0.1–120,2022-08-29,High
LAB004607,P2159,LDL Cholesterol,1.13,mmol/L,1.5–5.0,2022-08-04,Low
LAB004608,P2159,HDL Cholesterol,2.14,mmol/L,0.9–2.5,2023-06-28,Normal
LAB004609,P2159,INR,7.17,ratio,0.8–4.5,2023-06-27,High
LAB004610,P2159,Total Cholesterol,4.93,mmol/L,3.5–7.5,2023-11-12,Normal
LAB004611,P2160,Serum Potassium,4.77,mmol/L,3.2–5.5,2023-09-05,Normal
LAB004612,P2160,HDL Cholesterol,1.13,mmol/L,0.9–2.5,2023-09-07,Normal
LAB004613,P2160,Total Cholesterol,5.79,mmol/L,3.5–7.5,2024-11-01,Normal
LAB004614,P2160,Fasting Glucose,3.97,mmol/L,3.5–10.0,2024-01-22,Normal
LAB004615,P2160,CRP,22.47,mg/L,0.1–120,2022-08-16,Normal
LAB004616,P2161,CRP,82.01,mg/L,0.1–120,2024-10-02,Normal
LAB004617,P2161,eGFR,85.21,mL/min,15–120,2022-12-22,Normal
LAB004618,P2162,Serum Potassium,4.93,mmol/L,3.2–5.5,2024-10-23,Normal
LAB004619,P2162,eGFR,128.84,mL/min,15–120,2022-12-22,High
LAB004620,P2162,HDL Cholesterol,1.39,mmol/L,0.9–2.5,2023-02-23,Normal
LAB004621,P2162,Total Cholesterol,5.23,mmol/L,3.5–7.5,2024-12-17,Normal
LAB004622,P2163,Serum Creatinine,235.28,umol/L,55–200,2022-01-05,High
LAB004623,P2163,TSH,1.84,mU/L,0.3–5.5,2023-10-10,Normal
LAB004624,P2163,Serum Potassium,6.05,mmol/L,3.2–5.5,2023-06-19,High
LAB004625,P2163,Platelet Count,326.44,x10^9/L,120–450,2022-06-04,Normal
LAB004626,P2163,Fasting Glucose,16.34,mmol/L,3.5–10.0,2023-03-28,High
LAB004627,P2164,Haemoglobin,18.57,g/dL,9.0–16.5,2022-04-10,High
LAB004628,P2164,Platelet Count,304.7,x10^9/L,120–450,2024-08-11,Normal
LAB004629,P2164,Total Cholesterol,10.13,mmol/L,3.5–7.5,2022-12-18,High
LAB004630,P2164,Serum Potassium,3.3,mmol/L,3.2–5.5,2023-02-07,Normal
LAB004631,P2165,HbA1c,110.57,mmol/mol,28–75,2022-10-15,High
LAB004632,P2165,Serum Sodium,130.04,mmol/L,132–148,2023-09-07,Low
LAB004633,P2166,Serum Sodium,145.6,mmol/L,132–148,2024-02-26,Normal
LAB004634,P2166,Haemoglobin,19.16,g/dL,9.0–16.5,2023-09-24,High
LAB004635,P2166,White Cell Count,6.96,x10^9/L,3.5–14.0,2022-04-08,Normal
LAB004636,P2167,CRP,189.61,mg/L,0.1–120,2022-01-28,High
LAB004637,P2167,HDL Cholesterol,1.99,mmol/L,0.9–2.5,2024-03-08,Normal
LAB004638,P2168,Serum Sodium,135.1,mmol/L,132–148,2024-04-26,Normal
LAB004639,P2168,HbA1c,63.62,mmol/mol,28–75,2024-07-02,Normal
LAB004640,P2169,Platelet Count,649.23,x10^9/L,120–450,2022-05-11,High
LAB004641,P2169,Fasting Glucose,11.34,mmol/L,3.5–10.0,2024-10-02,High
LAB004642,P2169,TSH,17.94,mU/L,0.3–5.5,2022-03-17,High
LAB004643,P2169,Total Cholesterol,5.86,mmol/L,3.5–7.5,2022-01-19,Normal
LAB004644,P2170,Fasting Glucose,3.5,mmol/L,3.5–10.0,2022-01-19,Normal
LAB004645,P2170,INR,1.27,ratio,0.8–4.5,2022-12-04,Normal
LAB004646,P2170,TSH,9.56,mU/L,0.3–5.5,2022-10-12,High
LAB004647,P2170,HDL Cholesterol,3.05,mmol/L,0.9–2.5,2023-01-27,High
LAB004648,P2170,Haemoglobin,7.14,g/dL,9.0–16.5,2022-04-01,Low
LAB004649,P2171,CRP,228.49,mg/L,0.1–120,2023-01-19,High
LAB004650,P2171,HDL Cholesterol,3.69,mmol/L,0.9–2.5,2024-09-11,High
LAB004651,P2172,White Cell Count,16.69,x10^9/L,3.5–14.0,2024-11-13,High
LAB004652,P2172,TSH,28.86,mU/L,0.3–5.5,2022-10-01,High
LAB004653,P2172,Platelet Count,134.62,x10^9/L,120–450,2022-12-20,Normal
LAB004654,P2173,White Cell Count,26.77,x10^9/L,3.5–14.0,2023-06-26,High
LAB004655,P2173,eGFR,98.44,mL/min,15–120,2023-08-28,Normal
LAB004656,P2174,Serum Creatinine,382.53,umol/L,55–200,2024-02-19,High
LAB004657,P2174,HbA1c,131.22,mmol/mol,28–75,2024-07-16,High
LAB004658,P2174,Haemoglobin,13.07,g/dL,9.0–16.5,2023-06-20,Normal
LAB004659,P2175,HbA1c,32.14,mmol/mol,28–75,2022-06-23,Normal
LAB004660,P2175,CRP,83.55,mg/L,0.1–120,2023-07-07,Normal
LAB004661,P2175,Serum Potassium,2.68,mmol/L,3.2–5.5,2024-03-14,Low
LAB004662,P2176,Serum Potassium,3.11,mmol/L,3.2–5.5,2024-09-27,Low
LAB004663,P2176,Haemoglobin,8.37,g/dL,9.0–16.5,2024-12-28,Low
LAB004664,P2177,Fasting Glucose,5.05,mmol/L,3.5–10.0,2023-10-22,Normal
LAB004665,P2177,Serum Sodium,149.59,mmol/L,132–148,2023-07-14,High
LAB004666,P2177,Serum Creatinine,290.47,umol/L,55–200,2023-10-25,High
LAB004667,P2177,Platelet Count,544.77,x10^9/L,120–450,2024-06-13,High
LAB004668,P2177,TSH,6.41,mU/L,0.3–5.5,2024-09-30,High
LAB004669,P2178,White Cell Count,10.12,x10^9/L,3.5–14.0,2024-09-05,Normal
LAB004670,P2178,Total Cholesterol,7.75,mmol/L,3.5–7.5,2024-12-30,High
LAB004671,P2178,Platelet Count,686.46,x10^9/L,120–450,2023-03-04,High
LAB004672,P2178,LDL Cholesterol,3.42,mmol/L,1.5–5.0,2024-06-08,Normal
LAB004673,P2178,HbA1c,22.86,mmol/mol,28–75,2023-10-01,Low
LAB004674,P2178,Serum Creatinine,440.34,umol/L,55–200,2022-07-24,High
LAB004675,P2179,Serum Creatinine,154.5,umol/L,55–200,2023-07-13,Normal
LAB004676,P2179,Platelet Count,597.32,x10^9/L,120–450,2022-07-31,High
LAB004677,P2180,HbA1c,122.56,mmol/mol,28–75,2023-04-30,High
LAB004678,P2180,TSH,10.24,mU/L,0.3–5.5,2024-06-07,High
LAB004679,P2180,HDL Cholesterol,3.1,mmol/L,0.9–2.5,2022-10-01,High
LAB004680,P2180,LDL Cholesterol,4.48,mmol/L,1.5–5.0,2024-04-19,Normal
LAB004681,P2181,Serum Potassium,4.1,mmol/L,3.2–5.5,2024-01-02,Normal
LAB004682,P2181,eGFR,43.41,mL/min,15–120,2024-08-16,Normal
LAB004683,P2181,INR,7.3,ratio,0.8–4.5,2024-03-15,High
LAB004684,P2181,Serum Sodium,120.68,mmol/L,132–148,2024-09-22,Low
LAB004685,P2181,HbA1c,78.8,mmol/mol,28–75,2022-06-17,High
LAB004686,P2181,Platelet Count,647.9,x10^9/L,120–450,2022-06-28,High
LAB004687,P2182,Fasting Glucose,7.24,mmol/L,3.5–10.0,2024-03-08,Normal
LAB004688,P2182,White Cell Count,5.79,x10^9/L,3.5–14.0,2022-10-08,Normal
LAB004689,P2183,HDL Cholesterol,2.34,mmol/L,0.9–2.5,2022-09-25,Normal
LAB004690,P2183,INR,6.91,ratio,0.8–4.5,2023-12-09,High
LAB004691,P2183,Serum Potassium,4.91,mmol/L,3.2–5.5,2022-05-05,Normal
LAB004692,P2183,CRP,150.56,mg/L,0.1–120,2023-04-25,High
LAB004693,P2183,Fasting Glucose,7.79,mmol/L,3.5–10.0,2024-02-04,Normal
LAB004694,P2184,Serum Creatinine,187.56,umol/L,55–200,2023-05-16,Normal
LAB004695,P2184,Total Cholesterol,6.71,mmol/L,3.5–7.5,2024-07-17,Normal
LAB004696,P2184,TSH,22.92,mU/L,0.3–5.5,2023-11-09,High
LAB004697,P2185,INR,5.92,ratio,0.8–4.5,2024-05-04,High
LAB004698,P2185,Haemoglobin,18.9,g/dL,9.0–16.5,2024-01-13,High
LAB004699,P2186,Haemoglobin,13.84,g/dL,9.0–16.5,2023-12-24,Normal
LAB004700,P2186,LDL Cholesterol,5.96,mmol/L,1.5–5.0,2022-11-13,High
LAB004701,P2186,CRP,99.14,mg/L,0.1–120,2022-12-16,Normal
LAB004702,P2186,HDL Cholesterol,1.1,mmol/L,0.9–2.5,2023-11-09,Normal
LAB004703,P2187,INR,1.12,ratio,0.8–4.5,2024-10-04,Normal
LAB004704,P2187,HDL Cholesterol,3.32,mmol/L,0.9–2.5,2022-12-14,High
LAB004705,P2187,eGFR,111.51,mL/min,15–120,2024-09-10,Normal
LAB004706,P2187,Haemoglobin,14.25,g/dL,9.0–16.5,2022-12-25,Normal
LAB004707,P2187,Platelet Count,515.87,x10^9/L,120–450,2024-05-26,High
LAB004708,P2187,HbA1c,79.0,mmol/mol,28–75,2022-11-28,High
LAB004709,P2188,TSH,14.9,mU/L,0.3–5.5,2022-04-19,High
LAB004710,P2188,Platelet Count,156.66,x10^9/L,120–450,2023-04-04,Normal
LAB004711,P2188,eGFR,88.1,mL/min,15–120,2023-11-27,Normal
LAB004712,P2189,HbA1c,120.85,mmol/mol,28–75,2022-07-03,High
LAB004713,P2189,Haemoglobin,10.79,g/dL,9.0–16.5,2022-06-18,Normal
LAB004714,P2189,CRP,282.41,mg/L,0.1–120,2023-08-03,High
LAB004715,P2189,TSH,4.31,mU/L,0.3–5.5,2023-10-18,Normal
LAB004716,P2190,CRP,102.28,mg/L,0.1–120,2023-02-18,Normal
LAB004717,P2190,Serum Creatinine,415.16,umol/L,55–200,2024-09-14,High
LAB004718,P2190,LDL Cholesterol,3.31,mmol/L,1.5–5.0,2023-05-23,Normal
LAB004719,P2190,Serum Sodium,133.35,mmol/L,132–148,2023-08-06,Normal
LAB004720,P2190,White Cell Count,13.1,x10^9/L,3.5–14.0,2023-10-02,Normal
LAB004721,P2191,Serum Sodium,126.7,mmol/L,132–148,2023-07-10,Low
LAB004722,P2191,eGFR,12.44,mL/min,15–120,2023-12-27,Low
LAB004723,P2191,CRP,42.31,mg/L,0.1–120,2024-03-25,Normal
LAB004724,P2192,LDL Cholesterol,1.07,mmol/L,1.5–5.0,2024-12-15,Low
LAB004725,P2192,HDL Cholesterol,2.6,mmol/L,0.9–2.5,2024-12-12,High
LAB004726,P2192,eGFR,67.0,mL/min,15–120,2024-07-08,Normal
LAB004727,P2193,White Cell Count,12.09,x10^9/L,3.5–14.0,2023-12-17,Normal
LAB004728,P2193,Total Cholesterol,11.97,mmol/L,3.5–7.5,2023-01-22,High
LAB004729,P2193,Serum Potassium,5.3,mmol/L,3.2–5.5,2024-11-05,Normal
LAB004730,P2194,HDL Cholesterol,2.99,mmol/L,0.9–2.5,2022-05-16,High
LAB004731,P2194,Fasting Glucose,10.66,mmol/L,3.5–10.0,2024-02-27,High
LAB004732,P2195,LDL Cholesterol,7.89,mmol/L,1.5–5.0,2023-04-19,High
LAB004733,P2195,CRP,18.44,mg/L,0.1–120,2024-02-05,Normal
LAB004734,P2196,HDL Cholesterol,1.55,mmol/L,0.9–2.5,2024-05-09,Normal
LAB004735,P2196,Fasting Glucose,13.75,mmol/L,3.5–10.0,2024-05-30,High
LAB004736,P2196,White Cell Count,2.57,x10^9/L,3.5–14.0,2023-01-06,Low
LAB004737,P2196,Serum Potassium,5.38,mmol/L,3.2–5.5,2023-02-12,Normal
LAB004738,P2197,LDL Cholesterol,7.33,mmol/L,1.5–5.0,2022-04-09,High
LAB004739,P2197,Haemoglobin,16.24,g/dL,9.0–16.5,2022-05-17,Normal
LAB004740,P2198,Platelet Count,747.35,x10^9/L,120–450,2024-09-21,High
LAB004741,P2198,LDL Cholesterol,5.94,mmol/L,1.5–5.0,2024-04-26,High
LAB004742,P2199,Haemoglobin,17.95,g/dL,9.0–16.5,2023-12-02,High
LAB004743,P2199,TSH,22.96,mU/L,0.3–5.5,2024-07-23,High
LAB004744,P2199,CRP,113.3,mg/L,0.1–120,2024-01-02,Normal
LAB004745,P2199,INR,3.11,ratio,0.8–4.5,2023-11-09,Normal
LAB004746,P2199,LDL Cholesterol,5.13,mmol/L,1.5–5.0,2022-04-30,High
LAB004747,P2200,HDL Cholesterol,2.65,mmol/L,0.9–2.5,2023-05-28,High
LAB004748,P2200,White Cell Count,6.86,x10^9/L,3.5–14.0,2022-08-16,Normal
LAB004749,P2200,Fasting Glucose,3.94,mmol/L,3.5–10.0,2022-04-14,Normal
LAB004750,P2201,eGFR,76.77,mL/min,15–120,2024-01-31,Normal
LAB004751,P2201,Platelet Count,204.07,x10^9/L,120–450,2022-04-11,Normal
LAB004752,P2201,LDL Cholesterol,4.53,mmol/L,1.5–5.0,2022-10-05,Normal
LAB004753,P2202,Serum Sodium,146.11,mmol/L,132–148,2022-06-18,Normal
LAB004754,P2202,LDL Cholesterol,2.04,mmol/L,1.5–5.0,2022-05-24,Normal
LAB004755,P2202,INR,2.83,ratio,0.8–4.5,2024-12-01,Normal
LAB004756,P2203,Serum Creatinine,294.77,umol/L,55–200,2022-10-21,High
LAB004757,P2203,Serum Sodium,135.06,mmol/L,132–148,2022-02-05,Normal
LAB004758,P2203,TSH,12.97,mU/L,0.3–5.5,2024-05-15,High
LAB004759,P2203,HbA1c,22.56,mmol/mol,28–75,2024-06-20,Low
LAB004760,P2204,Serum Sodium,159.96,mmol/L,132–148,2023-09-01,High
LAB004761,P2204,Fasting Glucose,7.5,mmol/L,3.5–10.0,2024-11-04,Normal
LAB004762,P2204,Serum Creatinine,302.18,umol/L,55–200,2022-11-18,High
LAB004763,P2204,Serum Potassium,2.54,mmol/L,3.2–5.5,2024-05-10,Low
LAB004764,P2205,White Cell Count,20.17,x10^9/L,3.5–14.0,2024-07-17,High
LAB004765,P2205,LDL Cholesterol,5.73,mmol/L,1.5–5.0,2024-07-17,High
LAB004766,P2205,Serum Sodium,129.97,mmol/L,132–148,2022-12-23,Low
LAB004767,P2205,HDL Cholesterol,2.54,mmol/L,0.9–2.5,2022-04-20,High
LAB004768,P2206,Platelet Count,175.8,x10^9/L,120–450,2022-03-10,Normal
LAB004769,P2206,Serum Creatinine,119.88,umol/L,55–200,2024-01-10,Normal
LAB004770,P2206,Haemoglobin,13.1,g/dL,9.0–16.5,2023-02-27,Normal
LAB004771,P2206,Total Cholesterol,6.54,mmol/L,3.5–7.5,2022-08-17,Normal
LAB004772,P2206,INR,1.71,ratio,0.8–4.5,2023-01-06,Normal
LAB004773,P2207,HDL Cholesterol,2.57,mmol/L,0.9–2.5,2023-09-07,High
LAB004774,P2207,White Cell Count,25.07,x10^9/L,3.5–14.0,2024-01-04,High
LAB004775,P2207,TSH,28.55,mU/L,0.3–5.5,2024-02-26,High
LAB004776,P2207,INR,5.59,ratio,0.8–4.5,2023-11-15,High
LAB004777,P2207,Platelet Count,518.71,x10^9/L,120–450,2022-05-18,High
LAB004778,P2207,Fasting Glucose,15.48,mmol/L,3.5–10.0,2023-07-20,High
LAB004779,P2208,INR,8.0,ratio,0.8–4.5,2023-09-04,High
LAB004780,P2208,CRP,129.82,mg/L,0.1–120,2023-10-21,High
LAB004781,P2208,eGFR,23.05,mL/min,15–120,2022-01-13,Normal
LAB004782,P2208,Serum Potassium,2.15,mmol/L,3.2–5.5,2022-05-29,Low
LAB004783,P2209,Total Cholesterol,7.26,mmol/L,3.5–7.5,2024-10-11,Normal
LAB004784,P2209,HDL Cholesterol,2.38,mmol/L,0.9–2.5,2023-11-08,Normal
LAB004785,P2209,CRP,76.77,mg/L,0.1–120,2022-01-20,Normal
LAB004786,P2209,Serum Sodium,151.5,mmol/L,132–148,2024-10-25,High
LAB004787,P2210,Haemoglobin,16.7,g/dL,9.0–16.5,2022-09-13,High
LAB004788,P2210,TSH,26.8,mU/L,0.3–5.5,2023-09-09,High
LAB004789,P2210,CRP,112.79,mg/L,0.1–120,2022-03-31,Normal
LAB004790,P2210,Platelet Count,611.46,x10^9/L,120–450,2023-04-13,High
LAB004791,P2210,Serum Potassium,4.12,mmol/L,3.2–5.5,2022-10-21,Normal
LAB004792,P2210,Serum Creatinine,462.5,umol/L,55–200,2023-12-05,High
LAB004793,P2211,Serum Sodium,156.3,mmol/L,132–148,2022-02-27,High
LAB004794,P2211,Total Cholesterol,2.57,mmol/L,3.5–7.5,2023-09-27,Low
LAB004795,P2212,Haemoglobin,18.6,g/dL,9.0–16.5,2022-03-08,High
LAB004796,P2212,CRP,248.61,mg/L,0.1–120,2024-10-11,High
LAB004797,P2213,HDL Cholesterol,0.65,mmol/L,0.9–2.5,2023-05-24,Low
LAB004798,P2213,Serum Sodium,124.23,mmol/L,132–148,2022-07-20,Low
LAB004799,P2213,eGFR,32.7,mL/min,15–120,2023-09-03,Normal
LAB004800,P2214,Serum Sodium,143.5,mmol/L,132–148,2022-09-19,Normal
LAB004801,P2214,Haemoglobin,17.23,g/dL,9.0–16.5,2022-06-29,High
LAB004802,P2215,CRP,252.93,mg/L,0.1–120,2024-09-26,High
LAB004803,P2215,HDL Cholesterol,1.71,mmol/L,0.9–2.5,2023-01-02,Normal
LAB004804,P2215,Serum Creatinine,439.01,umol/L,55–200,2023-02-17,High
LAB004805,P2215,Haemoglobin,18.17,g/dL,9.0–16.5,2024-03-29,High
LAB004806,P2215,TSH,14.7,mU/L,0.3–5.5,2024-10-25,High
LAB004807,P2216,CRP,15.76,mg/L,0.1–120,2024-03-12,Normal
LAB004808,P2216,Fasting Glucose,11.38,mmol/L,3.5–10.0,2024-11-06,High
LAB004809,P2216,Serum Creatinine,70.03,umol/L,55–200,2024-01-05,Normal
LAB004810,P2216,Serum Potassium,5.71,mmol/L,3.2–5.5,2022-08-13,High
LAB004811,P2217,Serum Creatinine,267.35,umol/L,55–200,2024-05-12,High
LAB004812,P2217,INR,3.61,ratio,0.8–4.5,2023-09-10,Normal
LAB004813,P2217,eGFR,127.54,mL/min,15–120,2023-05-06,High
LAB004814,P2217,Serum Potassium,4.1,mmol/L,3.2–5.5,2023-05-05,Normal
LAB004815,P2218,HDL Cholesterol,2.49,mmol/L,0.9–2.5,2024-01-29,Normal
LAB004816,P2218,eGFR,44.2,mL/min,15–120,2024-04-26,Normal
LAB004817,P2218,Serum Potassium,2.58,mmol/L,3.2–5.5,2022-05-27,Low
LAB004818,P2218,HbA1c,59.44,mmol/mol,28–75,2023-11-16,Normal
LAB004819,P2218,Serum Creatinine,266.74,umol/L,55–200,2023-01-20,High
LAB004820,P2219,Total Cholesterol,11.31,mmol/L,3.5–7.5,2024-11-12,High
LAB004821,P2219,HDL Cholesterol,1.02,mmol/L,0.9–2.5,2024-03-19,Normal
LAB004822,P2219,Serum Creatinine,375.99,umol/L,55–200,2022-05-18,High
LAB004823,P2220,Total Cholesterol,6.51,mmol/L,3.5–7.5,2023-10-01,Normal
LAB004824,P2220,Fasting Glucose,12.04,mmol/L,3.5–10.0,2024-03-05,High
LAB004825,P2220,CRP,173.96,mg/L,0.1–120,2023-09-15,High
LAB004826,P2220,Serum Potassium,4.63,mmol/L,3.2–5.5,2024-11-05,Normal
LAB004827,P2220,eGFR,83.43,mL/min,15–120,2024-04-16,Normal
LAB004828,P2220,Platelet Count,604.64,x10^9/L,120–450,2022-06-24,High
LAB004829,P2221,eGFR,83.37,mL/min,15–120,2023-06-17,Normal
LAB004830,P2221,LDL Cholesterol,5.81,mmol/L,1.5–5.0,2024-03-07,High
LAB004831,P2221,HbA1c,122.73,mmol/mol,28–75,2023-01-11,High
LAB004832,P2221,Serum Creatinine,132.85,umol/L,55–200,2023-12-13,Normal
LAB004833,P2221,Total Cholesterol,10.14,mmol/L,3.5–7.5,2022-06-10,High
LAB004834,P2221,Haemoglobin,11.91,g/dL,9.0–16.5,2022-09-30,Normal
LAB004835,P2222,HbA1c,106.88,mmol/mol,28–75,2024-04-10,High
LAB004836,P2222,Fasting Glucose,12.56,mmol/L,3.5–10.0,2022-01-21,High
LAB004837,P2222,Total Cholesterol,3.11,mmol/L,3.5–7.5,2024-03-10,Low
LAB004838,P2223,Fasting Glucose,3.63,mmol/L,3.5–10.0,2024-10-25,Normal
LAB004839,P2223,TSH,25.87,mU/L,0.3–5.5,2023-05-15,High
LAB004840,P2223,Platelet Count,400.02,x10^9/L,120–450,2022-02-04,Normal
LAB004841,P2224,Serum Creatinine,269.43,umol/L,55–200,2022-11-04,High
LAB004842,P2224,Serum Potassium,2.87,mmol/L,3.2–5.5,2022-01-25,Low
LAB004843,P2224,CRP,124.03,mg/L,0.1–120,2023-12-15,High
LAB004844,P2224,LDL Cholesterol,3.63,mmol/L,1.5–5.0,2023-02-27,Normal
LAB004845,P2224,eGFR,85.15,mL/min,15–120,2023-12-24,Normal
LAB004846,P2224,HbA1c,108.26,mmol/mol,28–75,2024-02-05,High
LAB004847,P2225,Platelet Count,440.63,x10^9/L,120–450,2022-05-13,Normal
LAB004848,P2225,Serum Sodium,120.07,mmol/L,132–148,2023-09-03,Low
LAB004849,P2225,HDL Cholesterol,3.58,mmol/L,0.9–2.5,2022-03-14,High
LAB004850,P2225,Total Cholesterol,4.17,mmol/L,3.5–7.5,2022-11-23,Normal
LAB004851,P2225,CRP,140.69,mg/L,0.1–120,2022-02-07,High
LAB004852,P2226,TSH,23.01,mU/L,0.3–5.5,2022-12-23,High
LAB004853,P2226,Total Cholesterol,9.09,mmol/L,3.5–7.5,2023-09-16,High
LAB004854,P2226,HDL Cholesterol,3.53,mmol/L,0.9–2.5,2024-02-20,High
LAB004855,P2227,Serum Sodium,125.09,mmol/L,132–148,2023-04-15,Low
LAB004856,P2227,TSH,23.61,mU/L,0.3–5.5,2024-04-26,High
LAB004857,P2227,Serum Creatinine,76.09,umol/L,55–200,2024-11-20,Normal
LAB004858,P2228,HbA1c,20.6,mmol/mol,28–75,2024-05-29,Low
LAB004859,P2228,LDL Cholesterol,6.93,mmol/L,1.5–5.0,2023-11-06,High
LAB004860,P2228,White Cell Count,15.66,x10^9/L,3.5–14.0,2024-04-25,High
LAB004861,P2229,Serum Potassium,3.67,mmol/L,3.2–5.5,2022-05-12,Normal
LAB004862,P2229,Fasting Glucose,14.78,mmol/L,3.5–10.0,2022-07-12,High
LAB004863,P2229,White Cell Count,20.02,x10^9/L,3.5–14.0,2022-12-02,High
LAB004864,P2230,TSH,24.29,mU/L,0.3–5.5,2023-03-05,High
LAB004865,P2230,Fasting Glucose,13.48,mmol/L,3.5–10.0,2024-05-18,High
LAB004866,P2230,Haemoglobin,11.39,g/dL,9.0–16.5,2023-04-14,Normal
LAB004867,P2230,CRP,117.75,mg/L,0.1–120,2023-09-15,Normal
LAB004868,P2230,Platelet Count,410.12,x10^9/L,120–450,2024-11-04,Normal
LAB004869,P2230,HbA1c,33.25,mmol/mol,28–75,2023-05-20,Normal
LAB004870,P2231,eGFR,77.69,mL/min,15–120,2023-07-28,Normal
LAB004871,P2231,INR,3.02,ratio,0.8–4.5,2023-01-30,Normal
LAB004872,P2231,Serum Creatinine,144.6,umol/L,55–200,2024-10-03,Normal
LAB004873,P2232,HbA1c,70.05,mmol/mol,28–75,2022-03-05,Normal
LAB004874,P2232,Serum Sodium,153.3,mmol/L,132–148,2024-10-01,High
LAB004875,P2232,Total Cholesterol,5.61,mmol/L,3.5–7.5,2023-12-08,Normal
LAB004876,P2232,Serum Potassium,5.16,mmol/L,3.2–5.5,2023-02-10,Normal
LAB004877,P2232,INR,5.5,ratio,0.8–4.5,2022-08-09,High
LAB004878,P2232,Platelet Count,545.11,x10^9/L,120–450,2022-11-15,High
LAB004879,P2233,Serum Sodium,137.93,mmol/L,132–148,2023-11-07,Normal
LAB004880,P2233,Serum Creatinine,266.29,umol/L,55–200,2022-07-20,High
LAB004881,P2233,Total Cholesterol,7.82,mmol/L,3.5–7.5,2023-12-03,High
LAB004882,P2233,CRP,14.33,mg/L,0.1–120,2023-05-27,Normal
LAB004883,P2234,Serum Creatinine,315.76,umol/L,55–200,2022-05-07,High
LAB004884,P2234,eGFR,62.01,mL/min,15–120,2022-05-18,Normal
LAB004885,P2235,Serum Sodium,135.92,mmol/L,132–148,2022-11-07,Normal
LAB004886,P2235,INR,2.63,ratio,0.8–4.5,2023-08-22,Normal
LAB004887,P2235,TSH,23.87,mU/L,0.3–5.5,2022-05-28,High
LAB004888,P2236,Serum Creatinine,165.64,umol/L,55–200,2024-10-26,Normal
LAB004889,P2236,Total Cholesterol,10.99,mmol/L,3.5–7.5,2022-01-09,High
LAB004890,P2236,TSH,27.21,mU/L,0.3–5.5,2022-06-01,High
LAB004891,P2236,Serum Sodium,133.12,mmol/L,132–148,2023-07-21,Normal
LAB004892,P2236,Platelet Count,490.33,x10^9/L,120–450,2024-06-23,High
LAB004893,P2236,White Cell Count,15.4,x10^9/L,3.5–14.0,2023-07-04,High
LAB004894,P2237,Fasting Glucose,17.43,mmol/L,3.5–10.0,2024-06-21,High
LAB004895,P2237,LDL Cholesterol,3.6,mmol/L,1.5–5.0,2023-12-11,Normal
LAB004896,P2237,eGFR,22.21,mL/min,15–120,2022-12-08,Normal
LAB004897,P2237,Serum Sodium,158.35,mmol/L,132–148,2024-03-03,High
LAB004898,P2237,CRP,32.65,mg/L,0.1–120,2023-11-03,Normal
LAB004899,P2237,TSH,19.7,mU/L,0.3–5.5,2022-02-18,High
LAB004900,P2238,Platelet Count,691.89,x10^9/L,120–450,2023-08-31,High
LAB004901,P2238,HDL Cholesterol,1.16,mmol/L,0.9–2.5,2023-06-09,Normal
LAB004902,P2238,White Cell Count,22.47,x10^9/L,3.5–14.0,2023-10-18,High
LAB004903,P2239,Haemoglobin,7.08,g/dL,9.0–16.5,2023-05-02,Low
LAB004904,P2239,INR,7.39,ratio,0.8–4.5,2024-06-13,High
LAB004905,P2239,TSH,10.3,mU/L,0.3–5.5,2023-11-28,High
LAB004906,P2239,eGFR,7.06,mL/min,15–120,2022-03-11,Low
LAB004907,P2239,Serum Sodium,148.28,mmol/L,132–148,2022-07-05,High
LAB004908,P2240,Platelet Count,608.61,x10^9/L,120–450,2024-11-21,High
LAB004909,P2240,Serum Creatinine,136.88,umol/L,55–200,2023-03-03,Normal
LAB004910,P2240,Serum Sodium,142.57,mmol/L,132–148,2024-01-17,Normal
LAB004911,P2240,eGFR,124.91,mL/min,15–120,2023-01-21,High
LAB004912,P2241,TSH,2.62,mU/L,0.3–5.5,2024-07-30,Normal
LAB004913,P2241,HbA1c,25.52,mmol/mol,28–75,2024-02-24,Low
LAB004914,P2241,Fasting Glucose,3.91,mmol/L,3.5–10.0,2023-11-02,Normal
LAB004915,P2241,Platelet Count,553.52,x10^9/L,120–450,2024-04-19,High
LAB004916,P2241,HDL Cholesterol,0.62,mmol/L,0.9–2.5,2024-12-23,Low
LAB004917,P2242,White Cell Count,20.4,x10^9/L,3.5–14.0,2022-03-01,High
LAB004918,P2242,HbA1c,182.43,mmol/mol,28–75,2023-04-03,High
LAB004919,P2242,Haemoglobin,18.97,g/dL,9.0–16.5,2023-03-16,High
LAB004920,P2242,Total Cholesterol,7.51,mmol/L,3.5–7.5,2022-07-25,High
LAB004921,P2242,INR,7.58,ratio,0.8–4.5,2022-11-20,High
LAB004922,P2243,TSH,18.54,mU/L,0.3–5.5,2024-03-22,High
LAB004923,P2243,Platelet Count,689.32,x10^9/L,120–450,2024-05-27,High
LAB004924,P2244,Haemoglobin,8.79,g/dL,9.0–16.5,2024-06-27,Low
LAB004925,P2244,Total Cholesterol,4.24,mmol/L,3.5–7.5,2023-05-28,Normal
LAB004926,P2244,HbA1c,110.59,mmol/mol,28–75,2024-02-08,High
LAB004927,P2245,eGFR,85.07,mL/min,15–120,2022-01-06,Normal
LAB004928,P2245,Haemoglobin,10.87,g/dL,9.0–16.5,2023-10-30,Normal
LAB004929,P2245,HbA1c,108.27,mmol/mol,28–75,2023-08-11,High
LAB004930,P2245,INR,6.79,ratio,0.8–4.5,2023-02-01,High
LAB004931,P2246,eGFR,53.89,mL/min,15–120,2024-07-11,Normal
LAB004932,P2246,Haemoglobin,8.82,g/dL,9.0–16.5,2023-05-15,Low
LAB004933,P2246,INR,1.07,ratio,0.8–4.5,2023-05-30,Normal
LAB004934,P2246,HbA1c,150.64,mmol/mol,28–75,2022-01-12,High
LAB004935,P2246,Serum Creatinine,366.5,umol/L,55–200,2023-12-01,High
LAB004936,P2246,HDL Cholesterol,1.45,mmol/L,0.9–2.5,2024-05-21,Normal
LAB004937,P2247,Serum Potassium,5.78,mmol/L,3.2–5.5,2024-11-25,High
LAB004938,P2247,White Cell Count,29.08,x10^9/L,3.5–14.0,2024-05-28,High
LAB004939,P2247,Haemoglobin,13.47,g/dL,9.0–16.5,2022-04-30,Normal
LAB004940,P2247,Serum Sodium,153.99,mmol/L,132–148,2023-11-08,High
LAB004941,P2247,LDL Cholesterol,2.09,mmol/L,1.5–5.0,2022-07-13,Normal
LAB004942,P2247,HbA1c,44.59,mmol/mol,28–75,2022-12-27,Normal
LAB004943,P2248,INR,7.88,ratio,0.8–4.5,2024-11-07,High
LAB004944,P2248,eGFR,116.82,mL/min,15–120,2022-03-08,Normal
LAB004945,P2248,Total Cholesterol,7.64,mmol/L,3.5–7.5,2024-11-22,High
LAB004946,P2248,Serum Creatinine,59.5,umol/L,55–200,2022-01-29,Normal
LAB004947,P2248,HDL Cholesterol,3.47,mmol/L,0.9–2.5,2023-08-25,High
LAB004948,P2249,Fasting Glucose,15.83,mmol/L,3.5–10.0,2022-01-27,High
LAB004949,P2249,INR,0.81,ratio,0.8–4.5,2022-05-25,Normal
LAB004950,P2249,Serum Creatinine,552.33,umol/L,55–200,2022-04-24,High
LAB004951,P2249,Platelet Count,774.63,x10^9/L,120–450,2022-03-13,High
LAB004952,P2249,Haemoglobin,12.31,g/dL,9.0–16.5,2024-11-29,Normal
LAB004953,P2250,Serum Creatinine,445.22,umol/L,55–200,2023-08-03,High
LAB004954,P2250,HDL Cholesterol,1.35,mmol/L,0.9–2.5,2024-04-03,Normal
LAB004955,P2250,eGFR,99.15,mL/min,15–120,2023-04-21,Normal
LAB004956,P2250,Haemoglobin,17.48,g/dL,9.0–16.5,2022-03-08,High
LAB004957,P2250,LDL Cholesterol,4.66,mmol/L,1.5–5.0,2023-07-20,Normal
LAB004958,P2250,INR,1.28,ratio,0.8–4.5,2022-08-08,Normal
LAB004959,P2251,White Cell Count,16.19,x10^9/L,3.5–14.0,2022-10-21,High
LAB004960,P2251,Serum Creatinine,92.25,umol/L,55–200,2022-01-28,Normal
LAB004961,P2251,Platelet Count,312.61,x10^9/L,120–450,2022-09-15,Normal
LAB004962,P2251,eGFR,121.56,mL/min,15–120,2023-06-03,High
LAB004963,P2251,Haemoglobin,15.17,g/dL,9.0–16.5,2022-12-25,Normal
LAB004964,P2251,Fasting Glucose,8.45,mmol/L,3.5–10.0,2022-05-19,Normal
LAB004965,P2252,Fasting Glucose,13.81,mmol/L,3.5–10.0,2023-02-07,High
LAB004966,P2252,Platelet Count,616.77,x10^9/L,120–450,2023-09-07,High
LAB004967,P2253,Platelet Count,174.54,x10^9/L,120–450,2023-08-02,Normal
LAB004968,P2253,HDL Cholesterol,0.72,mmol/L,0.9–2.5,2023-01-07,Low
LAB004969,P2254,Platelet Count,603.75,x10^9/L,120–450,2022-03-16,High
LAB004970,P2254,Haemoglobin,16.2,g/dL,9.0–16.5,2023-04-13,Normal
LAB004971,P2254,CRP,228.12,mg/L,0.1–120,2022-10-13,High
LAB004972,P2254,TSH,7.41,mU/L,0.3–5.5,2024-07-05,High
LAB004973,P2255,Haemoglobin,11.42,g/dL,9.0–16.5,2022-12-05,Normal
LAB004974,P2255,eGFR,110.19,mL/min,15–120,2024-12-08,Normal
LAB004975,P2255,INR,4.83,ratio,0.8–4.5,2023-10-18,High
LAB004976,P2255,HbA1c,181.33,mmol/mol,28–75,2022-05-26,High
LAB004977,P2255,Serum Potassium,6.47,mmol/L,3.2–5.5,2023-09-27,High
LAB004978,P2256,Serum Potassium,4.82,mmol/L,3.2–5.5,2024-08-21,Normal
LAB004979,P2256,LDL Cholesterol,4.63,mmol/L,1.5–5.0,2024-12-29,Normal
LAB004980,P2257,HDL Cholesterol,1.18,mmol/L,0.9–2.5,2024-12-17,Normal
LAB004981,P2257,CRP,30.07,mg/L,0.1–120,2023-02-07,Normal
LAB004982,P2257,Serum Potassium,4.04,mmol/L,3.2–5.5,2022-11-26,Normal
LAB004983,P2257,Serum Sodium,147.62,mmol/L,132–148,2023-02-23,Normal
LAB004984,P2257,TSH,19.01,mU/L,0.3–5.5,2024-07-05,High
LAB004985,P2258,Total Cholesterol,9.52,mmol/L,3.5–7.5,2023-05-12,High
LAB004986,P2258,eGFR,68.72,mL/min,15–120,2022-01-10,Normal
LAB004987,P2259,Fasting Glucose,11.92,mmol/L,3.5–10.0,2022-08-29,High
LAB004988,P2259,Serum Creatinine,156.8,umol/L,55–200,2022-08-04,Normal
LAB004989,P2259,HDL Cholesterol,0.77,mmol/L,0.9–2.5,2024-08-20,Low
LAB004990,P2259,White Cell Count,15.77,x10^9/L,3.5–14.0,2022-04-26,High
LAB004991,P2259,CRP,102.4,mg/L,0.1–120,2024-07-08,Normal
LAB004992,P2260,INR,1.52,ratio,0.8–4.5,2022-10-04,Normal
LAB004993,P2260,Haemoglobin,16.69,g/dL,9.0–16.5,2023-04-12,High
LAB004994,P2260,CRP,17.82,mg/L,0.1–120,2022-11-16,Normal
LAB004995,P2260,Fasting Glucose,11.55,mmol/L,3.5–10.0,2024-06-28,High
LAB004996,P2260,Platelet Count,289.69,x10^9/L,120–450,2024-06-15,Normal
LAB004997,P2261,HbA1c,155.43,mmol/mol,28–75,2023-01-16,High
LAB004998,P2261,Serum Creatinine,165.79,umol/L,55–200,2022-01-27,Normal
LAB004999,P2261,White Cell Count,7.07,x10^9/L,3.5–14.0,2022-01-27,Normal
LAB005000,P2261,Platelet Count,333.55,x10^9/L,120–450,2024-09-28,Normal
LAB005001,P2262,Haemoglobin,16.63,g/dL,9.0–16.5,2024-08-24,High
LAB005002,P2262,Fasting Glucose,13.92,mmol/L,3.5–10.0,2022-12-25,High
LAB005003,P2262,Platelet Count,333.5,x10^9/L,120–450,2023-12-01,Normal
LAB005004,P2262,Serum Potassium,5.75,mmol/L,3.2–5.5,2024-08-11,High
LAB005005,P2262,Total Cholesterol,2.64,mmol/L,3.5–7.5,2024-04-09,Low
LAB005006,P2262,HDL Cholesterol,1.49,mmol/L,0.9–2.5,2024-04-28,Normal
LAB005007,P2263,HDL Cholesterol,1.61,mmol/L,0.9–2.5,2024-07-15,Normal
LAB005008,P2263,Serum Sodium,134.26,mmol/L,132–148,2022-12-30,Normal
LAB005009,P2263,Serum Creatinine,232.6,umol/L,55–200,2023-09-08,High
LAB005010,P2263,Fasting Glucose,19.51,mmol/L,3.5–10.0,2023-09-01,High
LAB005011,P2263,CRP,203.41,mg/L,0.1–120,2024-11-27,High
LAB005012,P2264,Total Cholesterol,7.73,mmol/L,3.5–7.5,2022-04-10,High
LAB005013,P2264,INR,5.8,ratio,0.8–4.5,2024-12-02,High
LAB005014,P2264,Serum Creatinine,238.22,umol/L,55–200,2022-08-02,High
LAB005015,P2264,CRP,228.59,mg/L,0.1–120,2022-07-30,High
LAB005016,P2264,eGFR,107.37,mL/min,15–120,2023-10-07,Normal
LAB005017,P2264,Platelet Count,601.86,x10^9/L,120–450,2024-09-02,High
LAB005018,P2265,TSH,25.94,mU/L,0.3–5.5,2022-06-02,High
LAB005019,P2265,LDL Cholesterol,2.9,mmol/L,1.5–5.0,2024-05-26,Normal
LAB005020,P2265,White Cell Count,9.32,x10^9/L,3.5–14.0,2024-05-11,Normal
LAB005021,P2266,HbA1c,94.47,mmol/mol,28–75,2024-12-25,High
LAB005022,P2266,Serum Potassium,2.05,mmol/L,3.2–5.5,2023-02-19,Low
LAB005023,P2266,Serum Creatinine,317.28,umol/L,55–200,2023-03-06,High
LAB005024,P2266,CRP,297.75,mg/L,0.1–120,2023-04-03,High
LAB005025,P2266,INR,2.44,ratio,0.8–4.5,2023-10-25,Normal
LAB005026,P2267,Total Cholesterol,6.85,mmol/L,3.5–7.5,2024-11-08,Normal
LAB005027,P2267,TSH,28.59,mU/L,0.3–5.5,2022-04-16,High
LAB005028,P2268,CRP,223.99,mg/L,0.1–120,2023-12-06,High
LAB005029,P2268,Serum Potassium,3.88,mmol/L,3.2–5.5,2023-05-09,Normal
LAB005030,P2268,HDL Cholesterol,3.49,mmol/L,0.9–2.5,2022-11-05,High
LAB005031,P2269,HDL Cholesterol,0.98,mmol/L,0.9–2.5,2023-10-20,Normal
LAB005032,P2269,Platelet Count,389.05,x10^9/L,120–450,2023-11-26,Normal
LAB005033,P2269,Serum Creatinine,73.96,umol/L,55–200,2023-11-22,Normal
LAB005034,P2270,INR,1.94,ratio,0.8–4.5,2022-01-16,Normal
LAB005035,P2270,White Cell Count,24.89,x10^9/L,3.5–14.0,2023-02-19,High
LAB005036,P2270,Serum Potassium,6.02,mmol/L,3.2–5.5,2023-07-06,High
LAB005037,P2270,Total Cholesterol,11.95,mmol/L,3.5–7.5,2022-10-25,High
LAB005038,P2270,eGFR,63.0,mL/min,15–120,2024-02-13,Normal
LAB005039,P2271,Serum Potassium,5.74,mmol/L,3.2–5.5,2024-03-09,High
LAB005040,P2271,White Cell Count,23.41,x10^9/L,3.5–14.0,2024-11-13,High
LAB005041,P2272,Platelet Count,363.47,x10^9/L,120–450,2023-01-04,Normal
LAB005042,P2272,Haemoglobin,19.34,g/dL,9.0–16.5,2023-03-18,High
LAB005043,P2272,Serum Sodium,145.3,mmol/L,132–148,2022-02-20,Normal
LAB005044,P2272,HDL Cholesterol,1.23,mmol/L,0.9–2.5,2023-12-07,Normal
LAB005045,P2272,INR,5.39,ratio,0.8–4.5,2023-07-26,High
LAB005046,P2273,White Cell Count,12.98,x10^9/L,3.5–14.0,2022-07-16,Normal
LAB005047,P2273,TSH,17.13,mU/L,0.3–5.5,2023-01-23,High
LAB005048,P2273,Haemoglobin,18.85,g/dL,9.0–16.5,2022-11-14,High
LAB005049,P2273,Serum Sodium,127.15,mmol/L,132–148,2023-07-29,Low
LAB005050,P2273,Total Cholesterol,2.9,mmol/L,3.5–7.5,2022-12-26,Low
LAB005051,P2274,Total Cholesterol,8.97,mmol/L,3.5–7.5,2024-03-13,High
LAB005052,P2274,White Cell Count,6.38,x10^9/L,3.5–14.0,2023-05-08,Normal
LAB005053,P2274,TSH,20.56,mU/L,0.3–5.5,2023-05-29,High
LAB005054,P2275,CRP,108.22,mg/L,0.1–120,2023-12-01,Normal
LAB005055,P2275,White Cell Count,11.67,x10^9/L,3.5–14.0,2022-05-12,Normal
LAB005056,P2276,Platelet Count,114.15,x10^9/L,120–450,2022-01-08,Low
LAB005057,P2276,Total Cholesterol,2.51,mmol/L,3.5–7.5,2023-04-21,Low
LAB005058,P2276,Serum Creatinine,227.88,umol/L,55–200,2023-04-06,High
LAB005059,P2276,White Cell Count,1.81,x10^9/L,3.5–14.0,2022-11-21,Low
LAB005060,P2276,Serum Sodium,140.2,mmol/L,132–148,2024-06-01,Normal
LAB005061,P2276,LDL Cholesterol,4.06,mmol/L,1.5–5.0,2023-10-31,Normal
LAB005062,P2277,INR,7.88,ratio,0.8–4.5,2024-02-18,High
LAB005063,P2277,Platelet Count,320.22,x10^9/L,120–450,2022-07-25,Normal
LAB005064,P2277,HbA1c,96.79,mmol/mol,28–75,2024-10-28,High
LAB005065,P2277,HDL Cholesterol,2.54,mmol/L,0.9–2.5,2024-06-13,High
LAB005066,P2278,Fasting Glucose,16.03,mmol/L,3.5–10.0,2024-01-21,High
LAB005067,P2278,LDL Cholesterol,0.95,mmol/L,1.5–5.0,2024-05-05,Low
LAB005068,P2278,Total Cholesterol,3.73,mmol/L,3.5–7.5,2024-04-15,Normal
LAB005069,P2279,Serum Creatinine,279.8,umol/L,55–200,2022-04-14,High
LAB005070,P2279,eGFR,90.65,mL/min,15–120,2024-12-08,Normal
LAB005071,P2279,HDL Cholesterol,3.38,mmol/L,0.9–2.5,2022-12-25,High
LAB005072,P2279,Serum Potassium,3.05,mmol/L,3.2–5.5,2022-12-15,Low
LAB005073,P2279,LDL Cholesterol,6.88,mmol/L,1.5–5.0,2024-06-18,High
LAB005074,P2279,TSH,5.32,mU/L,0.3–5.5,2023-08-16,Normal
LAB005075,P2280,Haemoglobin,7.09,g/dL,9.0–16.5,2023-02-19,Low
LAB005076,P2280,Serum Potassium,3.22,mmol/L,3.2–5.5,2023-08-25,Normal
LAB005077,P2280,LDL Cholesterol,3.41,mmol/L,1.5–5.0,2022-07-31,Normal
LAB005078,P2280,eGFR,63.64,mL/min,15–120,2024-03-18,Normal
LAB005079,P2280,TSH,29.02,mU/L,0.3–5.5,2022-11-08,High
LAB005080,P2281,TSH,18.26,mU/L,0.3–5.5,2024-11-21,High
LAB005081,P2281,HbA1c,168.57,mmol/mol,28–75,2023-08-05,High
LAB005082,P2281,LDL Cholesterol,6.37,mmol/L,1.5–5.0,2024-10-20,High
LAB005083,P2281,CRP,84.46,mg/L,0.1–120,2022-06-15,Normal
LAB005084,P2281,eGFR,83.96,mL/min,15–120,2024-06-06,Normal
LAB005085,P2281,HDL Cholesterol,3.32,mmol/L,0.9–2.5,2023-05-06,High
LAB005086,P2282,INR,6.94,ratio,0.8–4.5,2022-03-12,High
LAB005087,P2282,Serum Potassium,3.14,mmol/L,3.2–5.5,2022-07-14,Low
LAB005088,P2282,Serum Sodium,122.44,mmol/L,132–148,2022-07-20,Low
LAB005089,P2282,LDL Cholesterol,3.41,mmol/L,1.5–5.0,2023-04-27,Normal
LAB005090,P2283,eGFR,39.27,mL/min,15–120,2023-10-14,Normal
LAB005091,P2283,Total Cholesterol,5.06,mmol/L,3.5–7.5,2023-08-18,Normal
LAB005092,P2283,TSH,22.51,mU/L,0.3–5.5,2024-12-28,High
LAB005093,P2283,INR,5.27,ratio,0.8–4.5,2024-07-18,High
LAB005094,P2283,White Cell Count,18.84,x10^9/L,3.5–14.0,2024-02-14,High
LAB005095,P2284,Total Cholesterol,2.76,mmol/L,3.5–7.5,2022-08-02,Low
LAB005096,P2284,Platelet Count,525.39,x10^9/L,120–450,2024-11-13,High
LAB005097,P2284,Serum Creatinine,207.95,umol/L,55–200,2024-05-24,High
LAB005098,P2285,HbA1c,151.6,mmol/mol,28–75,2024-04-29,High
LAB005099,P2285,eGFR,98.43,mL/min,15–120,2022-05-04,Normal
LAB005100,P2286,INR,2.72,ratio,0.8–4.5,2022-02-06,Normal
LAB005101,P2286,eGFR,84.64,mL/min,15–120,2024-06-24,Normal
LAB005102,P2286,HbA1c,67.13,mmol/mol,28–75,2023-11-19,Normal
LAB005103,P2287,White Cell Count,19.1,x10^9/L,3.5–14.0,2024-02-17,High
LAB005104,P2287,INR,7.18,ratio,0.8–4.5,2022-10-02,High
LAB005105,P2287,Serum Potassium,6.51,mmol/L,3.2–5.5,2023-07-23,High
LAB005106,P2288,HbA1c,90.0,mmol/mol,28–75,2024-10-03,High
LAB005107,P2288,eGFR,73.21,mL/min,15–120,2023-08-13,Normal
LAB005108,P2289,Haemoglobin,18.73,g/dL,9.0–16.5,2024-05-31,High
LAB005109,P2289,INR,3.12,ratio,0.8–4.5,2022-12-30,Normal
LAB005110,P2289,LDL Cholesterol,7.33,mmol/L,1.5–5.0,2023-07-15,High
LAB005111,P2289,Total Cholesterol,3.53,mmol/L,3.5–7.5,2023-03-10,Normal
LAB005112,P2290,Platelet Count,395.69,x10^9/L,120–450,2022-05-19,Normal
LAB005113,P2290,LDL Cholesterol,5.32,mmol/L,1.5–5.0,2022-02-01,High
LAB005114,P2290,Serum Creatinine,421.6,umol/L,55–200,2022-12-18,High
LAB005115,P2290,HDL Cholesterol,2.66,mmol/L,0.9–2.5,2024-02-07,High
LAB005116,P2290,Serum Sodium,120.96,mmol/L,132–148,2023-05-15,Low
LAB005117,P2290,HbA1c,139.02,mmol/mol,28–75,2022-02-22,High
LAB005118,P2291,Serum Potassium,4.17,mmol/L,3.2–5.5,2022-07-13,Normal
LAB005119,P2291,Serum Sodium,130.1,mmol/L,132–148,2023-11-27,Low
LAB005120,P2291,HbA1c,62.12,mmol/mol,28–75,2023-04-01,Normal
LAB005121,P2291,eGFR,87.13,mL/min,15–120,2022-09-07,Normal
LAB005122,P2292,TSH,22.81,mU/L,0.3–5.5,2024-01-01,High
LAB005123,P2292,Fasting Glucose,6.6,mmol/L,3.5–10.0,2022-05-16,Normal
LAB005124,P2292,HDL Cholesterol,1.1,mmol/L,0.9–2.5,2022-12-06,Normal
LAB005125,P2292,Haemoglobin,10.1,g/dL,9.0–16.5,2022-12-31,Normal
LAB005126,P2292,Platelet Count,167.46,x10^9/L,120–450,2023-01-04,Normal
LAB005127,P2293,Serum Potassium,2.24,mmol/L,3.2–5.5,2023-12-27,Low
LAB005128,P2293,White Cell Count,5.02,x10^9/L,3.5–14.0,2024-06-21,Normal
LAB005129,P2293,Fasting Glucose,17.71,mmol/L,3.5–10.0,2022-01-08,High
LAB005130,P2293,Serum Creatinine,98.51,umol/L,55–200,2022-11-20,Normal
LAB005131,P2293,CRP,125.17,mg/L,0.1–120,2024-05-30,High
LAB005132,P2293,Total Cholesterol,3.66,mmol/L,3.5–7.5,2022-04-04,Normal
LAB005133,P2294,TSH,6.85,mU/L,0.3–5.5,2022-10-06,High
LAB005134,P2294,HbA1c,70.14,mmol/mol,28–75,2022-05-10,Normal
LAB005135,P2294,Haemoglobin,9.24,g/dL,9.0–16.5,2023-08-28,Normal
LAB005136,P2294,Serum Sodium,129.54,mmol/L,132–148,2023-05-21,Low
LAB005137,P2295,Serum Creatinine,460.73,umol/L,55–200,2024-09-23,High
LAB005138,P2295,HbA1c,65.11,mmol/mol,28–75,2024-03-24,Normal
LAB005139,P2295,Serum Sodium,152.56,mmol/L,132–148,2023-05-06,High
LAB005140,P2296,LDL Cholesterol,4.11,mmol/L,1.5–5.0,2024-03-15,Normal
LAB005141,P2296,White Cell Count,11.29,x10^9/L,3.5–14.0,2023-03-08,Normal
LAB005142,P2296,HDL Cholesterol,2.59,mmol/L,0.9–2.5,2023-06-29,High
LAB005143,P2296,TSH,4.64,mU/L,0.3–5.5,2023-12-31,Normal
LAB005144,P2296,HbA1c,152.73,mmol/mol,28–75,2022-02-09,High
LAB005145,P2296,CRP,57.4,mg/L,0.1–120,2022-02-23,Normal
LAB005146,P2297,eGFR,56.43,mL/min,15–120,2023-05-19,Normal
LAB005147,P2297,Serum Potassium,6.15,mmol/L,3.2–5.5,2022-04-06,High
LAB005148,P2297,HDL Cholesterol,2.3,mmol/L,0.9–2.5,2022-02-11,Normal
LAB005149,P2297,Fasting Glucose,7.99,mmol/L,3.5–10.0,2022-04-28,Normal
LAB005150,P2297,TSH,22.62,mU/L,0.3–5.5,2023-07-12,High
LAB005151,P2297,White Cell Count,28.18,x10^9/L,3.5–14.0,2024-11-12,High
LAB005152,P2298,Serum Potassium,6.18,mmol/L,3.2–5.5,2022-08-30,High
LAB005153,P2298,Fasting Glucose,12.03,mmol/L,3.5–10.0,2023-03-09,High
LAB005154,P2298,Serum Creatinine,295.98,umol/L,55–200,2022-12-15,High
LAB005155,P2298,Platelet Count,128.58,x10^9/L,120–450,2022-04-17,Normal
LAB005156,P2298,HbA1c,106.99,mmol/mol,28–75,2023-08-15,High
LAB005157,P2299,Haemoglobin,13.95,g/dL,9.0–16.5,2022-05-27,Normal
LAB005158,P2299,Platelet Count,403.75,x10^9/L,120–450,2024-09-19,Normal
LAB005159,P2299,Serum Sodium,157.59,mmol/L,132–148,2022-01-21,High
LAB005160,P2299,LDL Cholesterol,0.72,mmol/L,1.5–5.0,2023-06-09,Low
LAB005161,P2300,eGFR,90.98,mL/min,15–120,2024-12-21,Normal
LAB005162,P2300,White Cell Count,12.49,x10^9/L,3.5–14.0,2024-09-23,Normal
LAB005163,P2300,Serum Potassium,5.77,mmol/L,3.2–5.5,2024-09-07,High
LAB005164,P2300,INR,2.7,ratio,0.8–4.5,2023-07-24,Normal
LAB005165,P2301,eGFR,32.39,mL/min,15–120,2024-02-15,Normal
LAB005166,P2301,CRP,218.91,mg/L,0.1–120,2023-08-22,High
LAB005167,P2301,INR,6.88,ratio,0.8–4.5,2024-08-20,High
LAB005168,P2301,HbA1c,67.4,mmol/mol,28–75,2022-10-31,Normal
LAB005169,P2301,Haemoglobin,6.09,g/dL,9.0–16.5,2022-08-05,Low
LAB005170,P2301,Total Cholesterol,7.43,mmol/L,3.5–7.5,2023-01-31,Normal
LAB005171,P2302,White Cell Count,5.46,x10^9/L,3.5–14.0,2022-09-29,Normal
LAB005172,P2302,Platelet Count,642.89,x10^9/L,120–450,2023-08-01,High
LAB005173,P2302,LDL Cholesterol,0.54,mmol/L,1.5–5.0,2023-03-19,Low
LAB005174,P2302,CRP,174.3,mg/L,0.1–120,2024-01-18,High
LAB005175,P2302,Serum Potassium,2.58,mmol/L,3.2–5.5,2022-02-07,Low
LAB005176,P2303,eGFR,93.57,mL/min,15–120,2024-09-16,Normal
LAB005177,P2303,Platelet Count,780.71,x10^9/L,120–450,2024-02-04,High
LAB005178,P2303,TSH,3.98,mU/L,0.3–5.5,2024-05-31,Normal
LAB005179,P2304,White Cell Count,20.33,x10^9/L,3.5–14.0,2022-07-22,High
LAB005180,P2304,HDL Cholesterol,2.0,mmol/L,0.9–2.5,2024-03-30,Normal
LAB005181,P2304,CRP,141.02,mg/L,0.1–120,2022-05-23,High
LAB005182,P2304,HbA1c,102.79,mmol/mol,28–75,2022-11-03,High
LAB005183,P2304,LDL Cholesterol,2.46,mmol/L,1.5–5.0,2022-05-18,Normal
LAB005184,P2305,Serum Creatinine,249.72,umol/L,55–200,2023-07-03,High
LAB005185,P2305,LDL Cholesterol,1.68,mmol/L,1.5–5.0,2024-11-21,Normal
LAB005186,P2305,Haemoglobin,9.22,g/dL,9.0–16.5,2023-03-27,Normal
LAB005187,P2306,LDL Cholesterol,6.22,mmol/L,1.5–5.0,2024-01-03,High
LAB005188,P2306,Platelet Count,230.25,x10^9/L,120–450,2024-01-21,Normal
LAB005189,P2307,Serum Sodium,121.67,mmol/L,132–148,2023-12-10,Low
LAB005190,P2307,CRP,56.54,mg/L,0.1–120,2024-08-16,Normal
LAB005191,P2307,eGFR,114.96,mL/min,15–120,2023-08-18,Normal
LAB005192,P2308,Fasting Glucose,6.57,mmol/L,3.5–10.0,2024-09-28,Normal
LAB005193,P2308,CRP,250.75,mg/L,0.1–120,2023-09-16,High
LAB005194,P2309,Serum Creatinine,413.02,umol/L,55–200,2024-07-09,High
LAB005195,P2309,HDL Cholesterol,3.5,mmol/L,0.9–2.5,2022-03-17,High
LAB005196,P2309,Serum Sodium,131.02,mmol/L,132–148,2022-03-23,Low
LAB005197,P2309,Haemoglobin,14.06,g/dL,9.0–16.5,2024-05-04,Normal
LAB005198,P2309,LDL Cholesterol,3.94,mmol/L,1.5–5.0,2022-05-19,Normal
LAB005199,P2310,HDL Cholesterol,2.18,mmol/L,0.9–2.5,2024-07-12,Normal
LAB005200,P2310,Serum Creatinine,162.82,umol/L,55–200,2024-02-28,Normal
LAB005201,P2310,TSH,2.83,mU/L,0.3–5.5,2022-03-06,Normal
LAB005202,P2310,eGFR,87.92,mL/min,15–120,2023-05-29,Normal
LAB005203,P2310,INR,0.66,ratio,0.8–4.5,2024-08-20,Low
LAB005204,P2310,Platelet Count,204.2,x10^9/L,120–450,2024-04-02,Normal
LAB005205,P2311,CRP,155.71,mg/L,0.1–120,2022-02-11,High
LAB005206,P2311,INR,2.7,ratio,0.8–4.5,2022-08-13,Normal
LAB005207,P2311,Serum Sodium,148.23,mmol/L,132–148,2024-10-14,High
LAB005208,P2311,Platelet Count,774.78,x10^9/L,120–450,2023-10-05,High
LAB005209,P2311,Fasting Glucose,9.73,mmol/L,3.5–10.0,2023-07-24,Normal
LAB005210,P2311,HbA1c,180.27,mmol/mol,28–75,2022-03-06,High
LAB005211,P2312,INR,4.27,ratio,0.8–4.5,2024-11-02,Normal
LAB005212,P2312,Serum Sodium,138.25,mmol/L,132–148,2024-07-18,Normal
LAB005213,P2312,Total Cholesterol,10.02,mmol/L,3.5–7.5,2024-05-19,High
LAB005214,P2312,Fasting Glucose,19.15,mmol/L,3.5–10.0,2022-07-26,High
LAB005215,P2312,Serum Potassium,3.94,mmol/L,3.2–5.5,2024-11-02,Normal
LAB005216,P2313,Total Cholesterol,9.63,mmol/L,3.5–7.5,2022-09-01,High
LAB005217,P2313,LDL Cholesterol,0.74,mmol/L,1.5–5.0,2023-11-11,Low
LAB005218,P2313,eGFR,59.96,mL/min,15–120,2024-05-09,Normal
LAB005219,P2313,INR,3.87,ratio,0.8–4.5,2022-08-15,Normal
LAB005220,P2313,HDL Cholesterol,3.79,mmol/L,0.9–2.5,2024-02-28,High
LAB005221,P2314,TSH,16.48,mU/L,0.3–5.5,2022-05-17,High
LAB005222,P2314,Haemoglobin,13.75,g/dL,9.0–16.5,2022-10-22,Normal
LAB005223,P2314,Serum Sodium,153.64,mmol/L,132–148,2022-08-29,High
LAB005224,P2314,Total Cholesterol,3.66,mmol/L,3.5–7.5,2024-10-01,Normal
LAB005225,P2315,Platelet Count,243.69,x10^9/L,120–450,2022-05-12,Normal
LAB005226,P2315,Serum Potassium,5.12,mmol/L,3.2–5.5,2024-04-08,Normal
LAB005227,P2315,White Cell Count,1.75,x10^9/L,3.5–14.0,2024-12-21,Low
LAB005228,P2315,TSH,8.77,mU/L,0.3–5.5,2023-12-14,High
LAB005229,P2315,Serum Creatinine,416.11,umol/L,55–200,2023-11-17,High
LAB005230,P2315,Total Cholesterol,10.76,mmol/L,3.5–7.5,2023-01-31,High
LAB005231,P2316,Serum Sodium,128.58,mmol/L,132–148,2024-05-02,Low
LAB005232,P2316,LDL Cholesterol,2.02,mmol/L,1.5–5.0,2024-12-20,Normal
LAB005233,P2316,HbA1c,77.76,mmol/mol,28–75,2024-04-06,High
LAB005234,P2316,CRP,291.29,mg/L,0.1–120,2022-02-14,High
LAB005235,P2316,HDL Cholesterol,2.23,mmol/L,0.9–2.5,2022-09-10,Normal
LAB005236,P2317,TSH,21.3,mU/L,0.3–5.5,2022-07-15,High
LAB005237,P2317,Platelet Count,253.24,x10^9/L,120–450,2023-09-18,Normal
LAB005238,P2317,HDL Cholesterol,0.51,mmol/L,0.9–2.5,2022-05-02,Low
LAB005239,P2317,CRP,223.93,mg/L,0.1–120,2023-07-11,High
LAB005240,P2317,White Cell Count,2.05,x10^9/L,3.5–14.0,2024-06-29,Low
LAB005241,P2318,eGFR,101.78,mL/min,15–120,2022-09-09,Normal
LAB005242,P2318,HbA1c,29.16,mmol/mol,28–75,2024-05-15,Normal
LAB005243,P2318,Total Cholesterol,5.12,mmol/L,3.5–7.5,2022-03-24,Normal
LAB005244,P2318,LDL Cholesterol,3.83,mmol/L,1.5–5.0,2024-09-22,Normal
LAB005245,P2319,Platelet Count,605.44,x10^9/L,120–450,2022-12-28,High
LAB005246,P2319,eGFR,96.62,mL/min,15–120,2024-10-27,Normal
LAB005247,P2319,White Cell Count,20.19,x10^9/L,3.5–14.0,2023-11-08,High
LAB005248,P2320,Total Cholesterol,4.67,mmol/L,3.5–7.5,2024-09-21,Normal
LAB005249,P2320,Haemoglobin,14.06,g/dL,9.0–16.5,2022-11-02,Normal
LAB005250,P2320,LDL Cholesterol,7.22,mmol/L,1.5–5.0,2024-02-07,High
LAB005251,P2320,Serum Sodium,124.6,mmol/L,132–148,2024-09-10,Low
LAB005252,P2321,TSH,18.94,mU/L,0.3–5.5,2023-10-21,High
LAB005253,P2321,eGFR,128.97,mL/min,15–120,2024-07-01,High
LAB005254,P2321,INR,6.0,ratio,0.8–4.5,2024-01-21,High
LAB005255,P2322,CRP,286.43,mg/L,0.1–120,2024-09-18,High
LAB005256,P2322,INR,7.32,ratio,0.8–4.5,2022-05-03,High
LAB005257,P2322,Haemoglobin,17.75,g/dL,9.0–16.5,2023-10-23,High
LAB005258,P2322,White Cell Count,6.44,x10^9/L,3.5–14.0,2022-10-20,Normal
LAB005259,P2322,Serum Potassium,3.77,mmol/L,3.2–5.5,2022-04-23,Normal
LAB005260,P2322,LDL Cholesterol,6.47,mmol/L,1.5–5.0,2024-10-11,High
LAB005261,P2323,Fasting Glucose,2.04,mmol/L,3.5–10.0,2022-08-07,Low
LAB005262,P2323,White Cell Count,14.79,x10^9/L,3.5–14.0,2023-04-05,High
LAB005263,P2323,Serum Creatinine,429.36,umol/L,55–200,2023-06-11,High
LAB005264,P2323,LDL Cholesterol,0.96,mmol/L,1.5–5.0,2022-11-20,Low
LAB005265,P2323,eGFR,48.77,mL/min,15–120,2022-05-01,Normal
LAB005266,P2324,HDL Cholesterol,1.2,mmol/L,0.9–2.5,2022-07-23,Normal
LAB005267,P2324,Fasting Glucose,9.36,mmol/L,3.5–10.0,2024-03-23,Normal
LAB005268,P2325,Haemoglobin,12.13,g/dL,9.0–16.5,2022-11-15,Normal
LAB005269,P2325,Serum Creatinine,532.37,umol/L,55–200,2024-08-17,High
LAB005270,P2325,Total Cholesterol,3.03,mmol/L,3.5–7.5,2024-05-30,Low
LAB005271,P2325,CRP,63.98,mg/L,0.1–120,2023-10-30,Normal
LAB005272,P2325,HbA1c,21.67,mmol/mol,28–75,2023-08-29,Low
LAB005273,P2326,Serum Sodium,142.78,mmol/L,132–148,2022-02-18,Normal
LAB005274,P2326,Haemoglobin,15.63,g/dL,9.0–16.5,2023-03-08,Normal
LAB005275,P2326,Total Cholesterol,7.12,mmol/L,3.5–7.5,2022-07-26,Normal
LAB005276,P2327,CRP,40.73,mg/L,0.1–120,2022-12-10,Normal
LAB005277,P2327,Serum Sodium,153.93,mmol/L,132–148,2024-06-16,High
LAB005278,P2327,eGFR,9.33,mL/min,15–120,2023-12-14,Low
LAB005279,P2327,Haemoglobin,10.37,g/dL,9.0–16.5,2022-05-28,Normal
LAB005280,P2327,TSH,11.89,mU/L,0.3–5.5,2023-04-21,High
LAB005281,P2328,Fasting Glucose,17.94,mmol/L,3.5–10.0,2022-09-16,High
LAB005282,P2328,Serum Creatinine,221.21,umol/L,55–200,2022-04-21,High
LAB005283,P2328,White Cell Count,24.96,x10^9/L,3.5–14.0,2024-02-26,High
LAB005284,P2328,HDL Cholesterol,3.32,mmol/L,0.9–2.5,2024-11-15,High
LAB005285,P2328,eGFR,24.7,mL/min,15–120,2022-04-02,Normal
LAB005286,P2328,Serum Sodium,147.28,mmol/L,132–148,2024-06-11,Normal
LAB005287,P2329,HbA1c,25.91,mmol/mol,28–75,2023-01-14,Low
LAB005288,P2329,eGFR,54.11,mL/min,15–120,2022-05-13,Normal
LAB005289,P2329,Serum Sodium,129.5,mmol/L,132–148,2022-03-02,Low
LAB005290,P2329,Fasting Glucose,14.63,mmol/L,3.5–10.0,2024-08-23,High
LAB005291,P2329,Serum Creatinine,159.07,umol/L,55–200,2022-10-04,Normal
LAB005292,P2329,Serum Potassium,2.77,mmol/L,3.2–5.5,2022-04-24,Low
LAB005293,P2330,eGFR,40.81,mL/min,15–120,2022-01-09,Normal
LAB005294,P2330,Haemoglobin,10.54,g/dL,9.0–16.5,2023-01-02,Normal
LAB005295,P2330,CRP,83.39,mg/L,0.1–120,2022-08-22,Normal
LAB005296,P2330,TSH,20.75,mU/L,0.3–5.5,2024-04-23,High
LAB005297,P2330,Serum Creatinine,587.37,umol/L,55–200,2023-07-23,High
LAB005298,P2331,Serum Creatinine,125.0,umol/L,55–200,2024-10-22,Normal
LAB005299,P2331,LDL Cholesterol,6.09,mmol/L,1.5–5.0,2022-05-31,High
LAB005300,P2331,Serum Sodium,138.65,mmol/L,132–148,2022-01-25,Normal
LAB005301,P2332,White Cell Count,1.93,x10^9/L,3.5–14.0,2023-11-13,Low
LAB005302,P2332,Fasting Glucose,10.16,mmol/L,3.5–10.0,2023-01-18,High
LAB005303,P2332,LDL Cholesterol,1.37,mmol/L,1.5–5.0,2024-02-14,Low
LAB005304,P2332,CRP,232.75,mg/L,0.1–120,2024-06-27,High
LAB005305,P2333,TSH,9.97,mU/L,0.3–5.5,2024-02-02,High
LAB005306,P2333,Serum Potassium,2.67,mmol/L,3.2–5.5,2022-08-14,Low
LAB005307,P2333,White Cell Count,10.14,x10^9/L,3.5–14.0,2022-03-03,Normal
LAB005308,P2333,eGFR,60.06,mL/min,15–120,2023-12-14,Normal
LAB005309,P2333,HDL Cholesterol,2.83,mmol/L,0.9–2.5,2024-10-16,High
LAB005310,P2333,Serum Creatinine,34.79,umol/L,55–200,2022-11-17,Low
LAB005311,P2334,Serum Creatinine,537.01,umol/L,55–200,2023-07-01,High
LAB005312,P2334,HbA1c,72.07,mmol/mol,28–75,2022-09-17,Normal
LAB005313,P2334,White Cell Count,23.4,x10^9/L,3.5–14.0,2023-12-05,High
LAB005314,P2334,eGFR,121.05,mL/min,15–120,2024-06-07,High
LAB005315,P2334,TSH,19.68,mU/L,0.3–5.5,2023-10-14,High
LAB005316,P2334,Haemoglobin,13.86,g/dL,9.0–16.5,2022-11-05,Normal
LAB005317,P2335,LDL Cholesterol,3.37,mmol/L,1.5–5.0,2023-01-19,Normal
LAB005318,P2335,Serum Creatinine,220.79,umol/L,55–200,2023-12-10,High
LAB005319,P2335,eGFR,12.86,mL/min,15–120,2022-06-28,Low
LAB005320,P2335,HbA1c,106.86,mmol/mol,28–75,2024-07-03,High
LAB005321,P2335,Serum Sodium,147.79,mmol/L,132–148,2024-01-14,Normal
LAB005322,P2336,INR,2.01,ratio,0.8–4.5,2024-12-02,Normal
LAB005323,P2336,Platelet Count,237.85,x10^9/L,120–450,2023-11-17,Normal
LAB005324,P2337,Fasting Glucose,10.18,mmol/L,3.5–10.0,2023-02-10,High
LAB005325,P2337,INR,2.5,ratio,0.8–4.5,2023-05-30,Normal
LAB005326,P2337,Total Cholesterol,10.07,mmol/L,3.5–7.5,2023-11-16,High
LAB005327,P2338,Serum Potassium,4.12,mmol/L,3.2–5.5,2022-11-23,Normal
LAB005328,P2338,HbA1c,40.16,mmol/mol,28–75,2023-07-05,Normal
LAB005329,P2338,CRP,125.12,mg/L,0.1–120,2022-07-02,High
LAB005330,P2338,Fasting Glucose,9.14,mmol/L,3.5–10.0,2024-02-11,Normal
LAB005331,P2338,Platelet Count,107.71,x10^9/L,120–450,2022-11-01,Low
LAB005332,P2338,Haemoglobin,19.14,g/dL,9.0–16.5,2024-06-02,High
LAB005333,P2339,LDL Cholesterol,1.46,mmol/L,1.5–5.0,2023-06-20,Low
LAB005334,P2339,Total Cholesterol,11.03,mmol/L,3.5–7.5,2024-07-09,High
LAB005335,P2339,TSH,1.18,mU/L,0.3–5.5,2024-11-10,Normal
LAB005336,P2339,INR,1.21,ratio,0.8–4.5,2022-01-05,Normal
LAB005337,P2340,HDL Cholesterol,2.92,mmol/L,0.9–2.5,2022-12-10,High
LAB005338,P2340,White Cell Count,17.9,x10^9/L,3.5–14.0,2024-06-25,High
LAB005339,P2341,Platelet Count,451.43,x10^9/L,120–450,2022-03-31,High
LAB005340,P2341,White Cell Count,23.46,x10^9/L,3.5–14.0,2023-05-30,High
LAB005341,P2342,Haemoglobin,19.28,g/dL,9.0–16.5,2022-09-02,High
LAB005342,P2342,TSH,24.29,mU/L,0.3–5.5,2024-04-02,High
LAB005343,P2342,INR,4.36,ratio,0.8–4.5,2024-09-25,Normal
LAB005344,P2343,LDL Cholesterol,2.93,mmol/L,1.5–5.0,2022-01-25,Normal
LAB005345,P2343,HbA1c,79.35,mmol/mol,28–75,2024-11-06,High
LAB005346,P2343,Serum Sodium,121.67,mmol/L,132–148,2022-09-05,Low
LAB005347,P2343,INR,2.51,ratio,0.8–4.5,2023-01-30,Normal
LAB005348,P2343,White Cell Count,7.28,x10^9/L,3.5–14.0,2022-02-21,Normal
LAB005349,P2343,TSH,10.2,mU/L,0.3–5.5,2022-03-10,High
LAB005350,P2344,INR,3.32,ratio,0.8–4.5,2023-03-30,Normal
LAB005351,P2344,Serum Sodium,133.65,mmol/L,132–148,2024-11-27,Normal
LAB005352,P2344,Fasting Glucose,14.97,mmol/L,3.5–10.0,2024-06-03,High
LAB005353,P2344,CRP,243.13,mg/L,0.1–120,2022-03-19,High
LAB005354,P2344,HbA1c,134.26,mmol/mol,28–75,2022-08-05,High
LAB005355,P2344,Serum Creatinine,473.4,umol/L,55–200,2022-05-21,High
LAB005356,P2345,eGFR,56.86,mL/min,15–120,2023-09-14,Normal
LAB005357,P2345,Serum Sodium,136.72,mmol/L,132–148,2022-10-08,Normal
LAB005358,P2346,Total Cholesterol,11.06,mmol/L,3.5–7.5,2024-07-06,High
LAB005359,P2346,HDL Cholesterol,3.4,mmol/L,0.9–2.5,2023-06-13,High
LAB005360,P2347,White Cell Count,21.46,x10^9/L,3.5–14.0,2023-12-12,High
LAB005361,P2347,Fasting Glucose,12.19,mmol/L,3.5–10.0,2023-01-25,High
LAB005362,P2347,Total Cholesterol,5.97,mmol/L,3.5–7.5,2022-11-22,Normal
LAB005363,P2348,Haemoglobin,17.32,g/dL,9.0–16.5,2024-11-08,High
LAB005364,P2348,INR,6.68,ratio,0.8–4.5,2023-06-24,High
LAB005365,P2349,CRP,254.19,mg/L,0.1–120,2024-03-07,High
LAB005366,P2349,Serum Sodium,120.18,mmol/L,132–148,2022-11-01,Low
LAB005367,P2349,INR,0.5,ratio,0.8–4.5,2023-04-04,Low
LAB005368,P2349,Serum Creatinine,75.05,umol/L,55–200,2023-06-16,Normal
LAB005369,P2349,Platelet Count,608.82,x10^9/L,120–450,2024-01-27,High
LAB005370,P2349,Fasting Glucose,9.51,mmol/L,3.5–10.0,2023-12-26,Normal
LAB005371,P2350,Serum Sodium,134.18,mmol/L,132–148,2024-11-15,Normal
LAB005372,P2350,INR,5.24,ratio,0.8–4.5,2023-03-09,High
LAB005373,P2350,Fasting Glucose,2.41,mmol/L,3.5–10.0,2023-12-09,Low
LAB005374,P2350,eGFR,111.17,mL/min,15–120,2023-09-13,Normal
LAB005375,P2350,CRP,70.61,mg/L,0.1–120,2024-10-23,Normal
LAB005376,P2351,Serum Potassium,3.99,mmol/L,3.2–5.5,2023-12-22,Normal
LAB005377,P2351,TSH,1.19,mU/L,0.3–5.5,2024-02-29,Normal
LAB005378,P2351,eGFR,23.02,mL/min,15–120,2023-10-24,Normal
LAB005379,P2351,HDL Cholesterol,1.17,mmol/L,0.9–2.5,2022-09-24,Normal
LAB005380,P2351,CRP,230.68,mg/L,0.1–120,2023-04-09,High
LAB005381,P2351,Fasting Glucose,2.41,mmol/L,3.5–10.0,2022-10-30,Low
LAB005382,P2352,CRP,115.73,mg/L,0.1–120,2022-07-12,Normal
LAB005383,P2352,Serum Sodium,156.67,mmol/L,132–148,2024-04-26,High
LAB005384,P2352,White Cell Count,3.86,x10^9/L,3.5–14.0,2023-03-22,Normal
LAB005385,P2352,Haemoglobin,15.37,g/dL,9.0–16.5,2024-01-16,Normal
LAB005386,P2353,Haemoglobin,11.56,g/dL,9.0–16.5,2024-10-29,Normal
LAB005387,P2353,HDL Cholesterol,3.11,mmol/L,0.9–2.5,2023-10-24,High
LAB005388,P2353,Serum Creatinine,517.49,umol/L,55–200,2023-02-14,High
LAB005389,P2353,White Cell Count,17.72,x10^9/L,3.5–14.0,2023-10-02,High
LAB005390,P2354,White Cell Count,11.7,x10^9/L,3.5–14.0,2023-07-26,Normal
LAB005391,P2354,LDL Cholesterol,6.8,mmol/L,1.5–5.0,2024-08-28,High
LAB005392,P2355,White Cell Count,18.1,x10^9/L,3.5–14.0,2022-02-01,High
LAB005393,P2355,Serum Creatinine,277.02,umol/L,55–200,2024-02-24,High
LAB005394,P2355,Platelet Count,329.67,x10^9/L,120–450,2023-02-06,Normal
LAB005395,P2355,CRP,53.42,mg/L,0.1–120,2024-04-29,Normal
LAB005396,P2355,Serum Sodium,152.41,mmol/L,132–148,2024-07-27,High
LAB005397,P2355,Fasting Glucose,9.84,mmol/L,3.5–10.0,2022-12-01,Normal
LAB005398,P2356,LDL Cholesterol,2.27,mmol/L,1.5–5.0,2022-12-23,Normal
LAB005399,P2356,eGFR,63.75,mL/min,15–120,2023-04-18,Normal
LAB005400,P2356,White Cell Count,27.27,x10^9/L,3.5–14.0,2022-09-09,High
LAB005401,P2357,LDL Cholesterol,5.26,mmol/L,1.5–5.0,2024-08-21,High
LAB005402,P2357,Platelet Count,676.27,x10^9/L,120–450,2022-03-09,High
LAB005403,P2357,Serum Sodium,126.44,mmol/L,132–148,2022-10-02,Low
LAB005404,P2357,INR,7.21,ratio,0.8–4.5,2022-02-06,High
LAB005405,P2357,Serum Creatinine,80.12,umol/L,55–200,2024-07-19,Normal
LAB005406,P2357,Serum Potassium,4.49,mmol/L,3.2–5.5,2022-02-24,Normal
LAB005407,P2358,Total Cholesterol,3.34,mmol/L,3.5–7.5,2024-03-02,Low
LAB005408,P2358,Platelet Count,545.41,x10^9/L,120–450,2023-08-10,High
LAB005409,P2358,HDL Cholesterol,1.44,mmol/L,0.9–2.5,2023-04-03,Normal
LAB005410,P2358,Serum Creatinine,472.86,umol/L,55–200,2023-03-14,High
LAB005411,P2358,HbA1c,69.96,mmol/mol,28–75,2023-08-01,Normal
LAB005412,P2359,Platelet Count,607.24,x10^9/L,120–450,2023-01-17,High
LAB005413,P2359,Fasting Glucose,19.1,mmol/L,3.5–10.0,2022-09-11,High
LAB005414,P2359,HbA1c,168.86,mmol/mol,28–75,2024-06-02,High
LAB005415,P2360,Haemoglobin,18.44,g/dL,9.0–16.5,2024-05-14,High
LAB005416,P2360,INR,5.3,ratio,0.8–4.5,2023-06-11,High
LAB005417,P2360,Platelet Count,403.02,x10^9/L,120–450,2022-10-06,Normal
LAB005418,P2360,Serum Potassium,5.76,mmol/L,3.2–5.5,2022-07-19,High
LAB005419,P2360,HbA1c,34.31,mmol/mol,28–75,2022-05-06,Normal
LAB005420,P2361,HbA1c,65.06,mmol/mol,28–75,2024-08-17,Normal
LAB005421,P2361,White Cell Count,25.54,x10^9/L,3.5–14.0,2022-12-22,High
LAB005422,P2361,LDL Cholesterol,3.46,mmol/L,1.5–5.0,2022-06-23,Normal
LAB005423,P2361,INR,5.32,ratio,0.8–4.5,2024-07-04,High
LAB005424,P2362,Serum Sodium,145.77,mmol/L,132–148,2023-01-21,Normal
LAB005425,P2362,Haemoglobin,18.13,g/dL,9.0–16.5,2023-08-02,High
LAB005426,P2362,TSH,4.28,mU/L,0.3–5.5,2023-10-27,Normal
LAB005427,P2362,Platelet Count,208.81,x10^9/L,120–450,2023-04-08,Normal
LAB005428,P2362,Serum Creatinine,566.47,umol/L,55–200,2022-09-23,High
LAB005429,P2363,HDL Cholesterol,3.6,mmol/L,0.9–2.5,2024-10-05,High
LAB005430,P2363,Total Cholesterol,6.77,mmol/L,3.5–7.5,2023-01-07,Normal
LAB005431,P2363,Serum Creatinine,289.91,umol/L,55–200,2023-06-01,High
LAB005432,P2364,Haemoglobin,8.31,g/dL,9.0–16.5,2022-08-07,Low
LAB005433,P2364,Serum Potassium,5.29,mmol/L,3.2–5.5,2024-12-03,Normal
LAB005434,P2364,Serum Creatinine,329.56,umol/L,55–200,2023-12-07,High
LAB005435,P2364,HbA1c,53.61,mmol/mol,28–75,2022-07-24,Normal
LAB005436,P2365,White Cell Count,7.59,x10^9/L,3.5–14.0,2024-02-15,Normal
LAB005437,P2365,HDL Cholesterol,1.16,mmol/L,0.9–2.5,2023-04-17,Normal
LAB005438,P2365,eGFR,77.8,mL/min,15–120,2024-03-22,Normal
LAB005439,P2365,HbA1c,148.07,mmol/mol,28–75,2024-12-30,High
LAB005440,P2366,White Cell Count,24.53,x10^9/L,3.5–14.0,2022-02-02,High
LAB005441,P2366,INR,6.19,ratio,0.8–4.5,2023-08-08,High
LAB005442,P2366,CRP,138.69,mg/L,0.1–120,2023-05-21,High
LAB005443,P2366,HDL Cholesterol,1.79,mmol/L,0.9–2.5,2024-10-27,Normal
LAB005444,P2366,Total Cholesterol,9.92,mmol/L,3.5–7.5,2023-09-30,High
LAB005445,P2367,TSH,21.05,mU/L,0.3–5.5,2023-05-16,High
LAB005446,P2367,Haemoglobin,15.55,g/dL,9.0–16.5,2022-12-30,Normal
LAB005447,P2367,HbA1c,114.72,mmol/mol,28–75,2023-05-10,High
LAB005448,P2367,eGFR,21.35,mL/min,15–120,2022-04-22,Normal
LAB005449,P2367,Platelet Count,162.66,x10^9/L,120–450,2023-10-12,Normal
LAB005450,P2368,eGFR,88.15,mL/min,15–120,2024-08-29,Normal
LAB005451,P2368,Fasting Glucose,12.66,mmol/L,3.5–10.0,2023-08-17,High
LAB005452,P2368,CRP,123.51,mg/L,0.1–120,2024-06-30,High
LAB005453,P2368,Serum Sodium,145.79,mmol/L,132–148,2024-12-11,Normal
LAB005454,P2369,White Cell Count,17.52,x10^9/L,3.5–14.0,2024-06-08,High
LAB005455,P2369,TSH,6.47,mU/L,0.3–5.5,2024-04-28,High
LAB005456,P2370,INR,7.02,ratio,0.8–4.5,2023-10-29,High
LAB005457,P2370,LDL Cholesterol,5.14,mmol/L,1.5–5.0,2023-08-19,High
LAB005458,P2371,TSH,29.17,mU/L,0.3–5.5,2022-08-24,High
LAB005459,P2371,Platelet Count,584.26,x10^9/L,120–450,2023-11-18,High
LAB005460,P2371,Total Cholesterol,9.48,mmol/L,3.5–7.5,2022-12-21,High
LAB005461,P2371,Serum Sodium,129.19,mmol/L,132–148,2023-11-12,Low
LAB005462,P2372,Fasting Glucose,7.05,mmol/L,3.5–10.0,2023-03-14,Normal
LAB005463,P2372,Platelet Count,420.75,x10^9/L,120–450,2024-05-15,Normal
LAB005464,P2373,eGFR,68.15,mL/min,15–120,2024-02-16,Normal
LAB005465,P2373,Serum Potassium,6.42,mmol/L,3.2–5.5,2023-12-25,High
LAB005466,P2373,LDL Cholesterol,2.69,mmol/L,1.5–5.0,2024-10-07,Normal
LAB005467,P2374,Platelet Count,520.28,x10^9/L,120–450,2022-11-11,High
LAB005468,P2374,Fasting Glucose,16.58,mmol/L,3.5–10.0,2022-10-04,High
LAB005469,P2374,Serum Sodium,120.81,mmol/L,132–148,2022-09-10,Low
LAB005470,P2374,Haemoglobin,6.33,g/dL,9.0–16.5,2022-03-03,Low
LAB005471,P2374,White Cell Count,3.83,x10^9/L,3.5–14.0,2023-06-08,Normal
LAB005472,P2375,White Cell Count,20.37,x10^9/L,3.5–14.0,2022-04-29,High
LAB005473,P2375,INR,3.46,ratio,0.8–4.5,2023-10-17,Normal
LAB005474,P2375,eGFR,15.73,mL/min,15–120,2024-09-27,Normal
LAB005475,P2376,Platelet Count,700.28,x10^9/L,120–450,2022-03-29,High
LAB005476,P2376,Serum Creatinine,352.09,umol/L,55–200,2024-03-25,High
LAB005477,P2376,Fasting Glucose,10.02,mmol/L,3.5–10.0,2022-01-29,High
LAB005478,P2376,HDL Cholesterol,2.82,mmol/L,0.9–2.5,2022-01-17,High
LAB005479,P2377,Serum Sodium,145.25,mmol/L,132–148,2023-12-25,Normal
LAB005480,P2377,HDL Cholesterol,2.3,mmol/L,0.9–2.5,2024-09-17,Normal
LAB005481,P2378,HDL Cholesterol,1.11,mmol/L,0.9–2.5,2023-08-24,Normal
LAB005482,P2378,Total Cholesterol,10.77,mmol/L,3.5–7.5,2024-03-18,High
LAB005483,P2378,Serum Potassium,4.12,mmol/L,3.2–5.5,2022-09-21,Normal
LAB005484,P2379,HDL Cholesterol,0.9,mmol/L,0.9–2.5,2022-09-12,Normal
LAB005485,P2379,INR,4.9,ratio,0.8–4.5,2022-11-15,High
LAB005486,P2379,White Cell Count,22.55,x10^9/L,3.5–14.0,2022-05-11,High
LAB005487,P2379,LDL Cholesterol,1.85,mmol/L,1.5–5.0,2023-03-21,Normal
LAB005488,P2379,HbA1c,175.64,mmol/mol,28–75,2023-06-09,High
LAB005489,P2379,Serum Creatinine,147.23,umol/L,55–200,2023-04-27,Normal
LAB005490,P2380,LDL Cholesterol,5.57,mmol/L,1.5–5.0,2024-09-18,High
LAB005491,P2380,eGFR,67.21,mL/min,15–120,2023-03-12,Normal
LAB005492,P2380,Haemoglobin,9.51,g/dL,9.0–16.5,2022-09-24,Normal
LAB005493,P2380,Serum Creatinine,251.16,umol/L,55–200,2023-11-17,High
LAB005494,P2381,INR,0.57,ratio,0.8–4.5,2024-06-15,Low
LAB005495,P2381,Haemoglobin,14.39,g/dL,9.0–16.5,2023-06-10,Normal
LAB005496,P2381,Serum Creatinine,30.58,umol/L,55–200,2024-09-04,Low
LAB005497,P2381,HbA1c,33.5,mmol/mol,28–75,2023-01-09,Normal
LAB005498,P2381,LDL Cholesterol,7.01,mmol/L,1.5–5.0,2022-03-03,High
LAB005499,P2381,Fasting Glucose,19.2,mmol/L,3.5–10.0,2024-04-25,High
LAB005500,P2382,Serum Potassium,4.98,mmol/L,3.2–5.5,2024-09-12,Normal
LAB005501,P2382,Platelet Count,681.78,x10^9/L,120–450,2024-03-18,High
LAB005502,P2383,CRP,249.77,mg/L,0.1–120,2023-07-14,High
LAB005503,P2383,Serum Sodium,138.98,mmol/L,132–148,2022-07-04,Normal
LAB005504,P2383,eGFR,62.43,mL/min,15–120,2022-12-15,Normal
LAB005505,P2383,Platelet Count,267.37,x10^9/L,120–450,2023-04-17,Normal
LAB005506,P2383,Haemoglobin,11.16,g/dL,9.0–16.5,2024-05-16,Normal
LAB005507,P2384,Serum Potassium,2.77,mmol/L,3.2–5.5,2023-02-08,Low
LAB005508,P2384,TSH,11.61,mU/L,0.3–5.5,2024-02-01,High
LAB005509,P2384,LDL Cholesterol,5.86,mmol/L,1.5–5.0,2024-01-13,High
LAB005510,P2384,Serum Sodium,133.04,mmol/L,132–148,2024-07-01,Normal
LAB005511,P2384,HbA1c,150.98,mmol/mol,28–75,2024-02-17,High
LAB005512,P2384,INR,4.17,ratio,0.8–4.5,2023-10-18,Normal
LAB005513,P2385,Haemoglobin,16.63,g/dL,9.0–16.5,2022-04-24,High
LAB005514,P2385,White Cell Count,20.17,x10^9/L,3.5–14.0,2022-12-27,High
LAB005515,P2386,Serum Sodium,153.65,mmol/L,132–148,2023-07-03,High
LAB005516,P2386,LDL Cholesterol,7.6,mmol/L,1.5–5.0,2024-04-30,High
LAB005517,P2386,Serum Potassium,5.75,mmol/L,3.2–5.5,2022-05-28,High
LAB005518,P2386,Platelet Count,187.56,x10^9/L,120–450,2024-02-15,Normal
LAB005519,P2386,HDL Cholesterol,0.81,mmol/L,0.9–2.5,2023-02-24,Low
LAB005520,P2386,Haemoglobin,15.19,g/dL,9.0–16.5,2023-04-30,Normal
LAB005521,P2387,TSH,11.85,mU/L,0.3–5.5,2024-06-22,High
LAB005522,P2387,Platelet Count,300.31,x10^9/L,120–450,2023-09-03,Normal
LAB005523,P2388,LDL Cholesterol,4.87,mmol/L,1.5–5.0,2022-05-11,Normal
LAB005524,P2388,Platelet Count,522.16,x10^9/L,120–450,2023-11-21,High
LAB005525,P2388,TSH,11.8,mU/L,0.3–5.5,2024-04-01,High
LAB005526,P2388,HbA1c,59.19,mmol/mol,28–75,2022-02-03,Normal
LAB005527,P2389,Serum Potassium,3.0,mmol/L,3.2–5.5,2022-10-25,Low
LAB005528,P2389,eGFR,93.88,mL/min,15–120,2022-08-30,Normal
LAB005529,P2390,Serum Creatinine,74.02,umol/L,55–200,2023-06-15,Normal
LAB005530,P2390,Serum Potassium,2.28,mmol/L,3.2–5.5,2024-11-11,Low
LAB005531,P2391,INR,0.92,ratio,0.8–4.5,2023-09-08,Normal
LAB005532,P2391,Serum Sodium,153.57,mmol/L,132–148,2024-10-23,High
LAB005533,P2391,TSH,3.25,mU/L,0.3–5.5,2023-02-23,Normal
LAB005534,P2391,CRP,222.29,mg/L,0.1–120,2024-01-16,High
LAB005535,P2391,Serum Potassium,5.83,mmol/L,3.2–5.5,2023-02-05,High
LAB005536,P2392,Serum Sodium,144.17,mmol/L,132–148,2024-01-18,Normal
LAB005537,P2392,Serum Potassium,6.66,mmol/L,3.2–5.5,2024-09-15,High
LAB005538,P2392,INR,7.41,ratio,0.8–4.5,2022-12-01,High
LAB005539,P2392,TSH,22.96,mU/L,0.3–5.5,2023-10-12,High
LAB005540,P2392,LDL Cholesterol,4.86,mmol/L,1.5–5.0,2024-03-14,Normal
LAB005541,P2393,Haemoglobin,11.05,g/dL,9.0–16.5,2024-11-24,Normal
LAB005542,P2393,CRP,177.86,mg/L,0.1–120,2022-03-17,High
LAB005543,P2393,Serum Sodium,138.97,mmol/L,132–148,2023-01-09,Normal
LAB005544,P2393,HbA1c,144.81,mmol/mol,28–75,2024-02-26,High
LAB005545,P2393,Serum Creatinine,377.12,umol/L,55–200,2022-07-16,High
LAB005546,P2394,HDL Cholesterol,3.91,mmol/L,0.9–2.5,2024-09-06,High
LAB005547,P2394,Serum Sodium,120.38,mmol/L,132–148,2022-09-18,Low
LAB005548,P2394,White Cell Count,17.64,x10^9/L,3.5–14.0,2023-03-21,High
LAB005549,P2394,Total Cholesterol,9.76,mmol/L,3.5–7.5,2022-08-03,High
LAB005550,P2395,Total Cholesterol,7.72,mmol/L,3.5–7.5,2024-08-22,High
LAB005551,P2395,eGFR,106.92,mL/min,15–120,2024-05-11,Normal
LAB005552,P2395,White Cell Count,1.57,x10^9/L,3.5–14.0,2022-05-12,Low
LAB005553,P2396,eGFR,110.54,mL/min,15–120,2023-08-12,Normal
LAB005554,P2396,TSH,2.28,mU/L,0.3–5.5,2024-10-20,Normal
LAB005555,P2396,White Cell Count,14.98,x10^9/L,3.5–14.0,2022-10-05,High
LAB005556,P2397,Fasting Glucose,3.14,mmol/L,3.5–10.0,2023-12-25,Low
LAB005557,P2397,White Cell Count,24.1,x10^9/L,3.5–14.0,2022-06-24,High
LAB005558,P2397,HDL Cholesterol,2.16,mmol/L,0.9–2.5,2024-01-17,Normal
LAB005559,P2397,Total Cholesterol,5.36,mmol/L,3.5–7.5,2022-11-17,Normal
LAB005560,P2397,Serum Potassium,2.78,mmol/L,3.2–5.5,2024-01-25,Low
LAB005561,P2397,Serum Creatinine,236.07,umol/L,55–200,2022-09-23,High
LAB005562,P2398,Serum Creatinine,141.13,umol/L,55–200,2022-11-06,Normal
LAB005563,P2398,White Cell Count,23.27,x10^9/L,3.5–14.0,2022-12-30,High
LAB005564,P2398,Haemoglobin,14.52,g/dL,9.0–16.5,2023-04-02,Normal
LAB005565,P2398,Serum Potassium,5.99,mmol/L,3.2–5.5,2024-01-01,High
LAB005566,P2398,HbA1c,191.09,mmol/mol,28–75,2024-06-17,High
LAB005567,P2398,eGFR,70.89,mL/min,15–120,2024-10-16,Normal
LAB005568,P2399,Serum Creatinine,539.45,umol/L,55–200,2023-12-20,High
LAB005569,P2399,Serum Sodium,152.11,mmol/L,132–148,2024-04-19,High
LAB005570,P2400,Haemoglobin,15.3,g/dL,9.0–16.5,2024-10-18,Normal
LAB005571,P2400,Total Cholesterol,4.66,mmol/L,3.5–7.5,2023-07-22,Normal
LAB005572,P2400,eGFR,89.49,mL/min,15–120,2023-10-20,Normal
LAB005573,P2400,White Cell Count,1.98,x10^9/L,3.5–14.0,2022-11-06,Low
LAB005574,P2401,LDL Cholesterol,7.62,mmol/L,1.5–5.0,2022-04-11,High
LAB005575,P2401,Fasting Glucose,11.47,mmol/L,3.5–10.0,2022-04-11,High
LAB005576,P2401,TSH,28.04,mU/L,0.3–5.5,2024-09-10,High
LAB005577,P2401,HbA1c,76.9,mmol/mol,28–75,2023-09-28,High
LAB005578,P2401,INR,6.64,ratio,0.8–4.5,2023-12-20,High
LAB005579,P2401,White Cell Count,22.75,x10^9/L,3.5–14.0,2023-11-25,High
LAB005580,P2402,Fasting Glucose,3.96,mmol/L,3.5–10.0,2024-05-11,Normal
LAB005581,P2402,Serum Potassium,4.43,mmol/L,3.2–5.5,2024-10-04,Normal
LAB005582,P2402,HbA1c,164.67,mmol/mol,28–75,2023-06-17,High
LAB005583,P2402,Serum Creatinine,174.57,umol/L,55–200,2024-06-10,Normal
LAB005584,P2402,White Cell Count,3.3,x10^9/L,3.5–14.0,2023-03-11,Low
LAB005585,P2402,TSH,13.4,mU/L,0.3–5.5,2024-05-24,High
LAB005586,P2403,LDL Cholesterol,3.41,mmol/L,1.5–5.0,2023-11-08,Normal
LAB005587,P2403,INR,2.32,ratio,0.8–4.5,2023-03-26,Normal
LAB005588,P2403,eGFR,34.25,mL/min,15–120,2024-06-28,Normal
LAB005589,P2403,Serum Potassium,4.21,mmol/L,3.2–5.5,2024-04-16,Normal
LAB005590,P2403,HDL Cholesterol,3.91,mmol/L,0.9–2.5,2023-02-11,High
LAB005591,P2404,Platelet Count,739.91,x10^9/L,120–450,2022-12-15,High
LAB005592,P2404,INR,4.26,ratio,0.8–4.5,2022-06-02,Normal
LAB005593,P2404,Total Cholesterol,5.45,mmol/L,3.5–7.5,2023-01-07,Normal
LAB005594,P2404,TSH,6.57,mU/L,0.3–5.5,2023-08-18,High
LAB005595,P2404,eGFR,30.84,mL/min,15–120,2024-10-18,Normal
LAB005596,P2405,HDL Cholesterol,1.63,mmol/L,0.9–2.5,2022-12-04,Normal
LAB005597,P2405,Serum Creatinine,95.72,umol/L,55–200,2023-08-17,Normal
LAB005598,P2405,HbA1c,21.56,mmol/mol,28–75,2022-01-08,Low
LAB005599,P2406,Haemoglobin,6.37,g/dL,9.0–16.5,2024-09-06,Low
LAB005600,P2406,Total Cholesterol,10.64,mmol/L,3.5–7.5,2024-05-24,High
LAB005601,P2406,TSH,4.92,mU/L,0.3–5.5,2022-06-05,Normal
LAB005602,P2406,eGFR,38.71,mL/min,15–120,2024-09-23,Normal
LAB005603,P2407,LDL Cholesterol,4.49,mmol/L,1.5–5.0,2023-10-12,Normal
LAB005604,P2407,eGFR,77.58,mL/min,15–120,2022-07-10,Normal
LAB005605,P2407,INR,3.79,ratio,0.8–4.5,2023-09-03,Normal
LAB005606,P2407,HbA1c,107.24,mmol/mol,28–75,2023-04-20,High
LAB005607,P2407,Platelet Count,341.65,x10^9/L,120–450,2024-01-18,Normal
LAB005608,P2408,Platelet Count,446.54,x10^9/L,120–450,2023-12-18,Normal
LAB005609,P2408,Haemoglobin,13.34,g/dL,9.0–16.5,2023-09-06,Normal
LAB005610,P2408,Serum Potassium,4.53,mmol/L,3.2–5.5,2023-12-11,Normal
LAB005611,P2409,Haemoglobin,17.2,g/dL,9.0–16.5,2023-06-03,High
LAB005612,P2409,Fasting Glucose,19.27,mmol/L,3.5–10.0,2023-06-25,High
LAB005613,P2409,LDL Cholesterol,7.69,mmol/L,1.5–5.0,2024-03-10,High
LAB005614,P2409,INR,0.98,ratio,0.8–4.5,2024-06-10,Normal
LAB005615,P2410,INR,1.86,ratio,0.8–4.5,2024-09-07,Normal
LAB005616,P2410,Platelet Count,238.23,x10^9/L,120–450,2024-09-03,Normal
LAB005617,P2410,Serum Creatinine,305.52,umol/L,55–200,2023-05-01,High
LAB005618,P2411,Serum Potassium,4.54,mmol/L,3.2–5.5,2024-11-21,Normal
LAB005619,P2411,Total Cholesterol,6.55,mmol/L,3.5–7.5,2024-01-27,Normal
LAB005620,P2411,Fasting Glucose,8.9,mmol/L,3.5–10.0,2022-05-29,Normal
LAB005621,P2411,INR,6.39,ratio,0.8–4.5,2022-06-16,High
LAB005622,P2411,LDL Cholesterol,7.46,mmol/L,1.5–5.0,2024-11-29,High
LAB005623,P2412,Serum Creatinine,336.58,umol/L,55–200,2023-03-29,High
LAB005624,P2412,CRP,38.14,mg/L,0.1–120,2023-01-19,Normal
LAB005625,P2412,Haemoglobin,17.4,g/dL,9.0–16.5,2022-03-24,High
LAB005626,P2412,Platelet Count,529.44,x10^9/L,120–450,2022-02-28,High
LAB005627,P2412,Serum Potassium,6.59,mmol/L,3.2–5.5,2023-10-25,High
LAB005628,P2413,HbA1c,61.42,mmol/mol,28–75,2023-10-22,Normal
LAB005629,P2413,Serum Creatinine,343.8,umol/L,55–200,2023-08-06,High
LAB005630,P2413,HDL Cholesterol,0.61,mmol/L,0.9–2.5,2022-05-18,Low
LAB005631,P2413,INR,4.79,ratio,0.8–4.5,2023-07-22,High
LAB005632,P2413,Fasting Glucose,7.45,mmol/L,3.5–10.0,2023-01-14,Normal
LAB005633,P2413,Haemoglobin,10.07,g/dL,9.0–16.5,2022-09-15,Normal
LAB005634,P2414,Fasting Glucose,6.45,mmol/L,3.5–10.0,2022-04-24,Normal
LAB005635,P2414,Total Cholesterol,9.75,mmol/L,3.5–7.5,2024-04-12,High
LAB005636,P2414,LDL Cholesterol,3.02,mmol/L,1.5–5.0,2023-02-19,Normal
LAB005637,P2414,Platelet Count,328.89,x10^9/L,120–450,2023-02-03,Normal
LAB005638,P2414,TSH,26.3,mU/L,0.3–5.5,2024-01-25,High
LAB005639,P2415,Haemoglobin,13.98,g/dL,9.0–16.5,2022-11-17,Normal
LAB005640,P2415,Serum Creatinine,317.15,umol/L,55–200,2022-09-03,High
LAB005641,P2415,Platelet Count,495.81,x10^9/L,120–450,2022-01-01,High
LAB005642,P2415,Serum Potassium,4.63,mmol/L,3.2–5.5,2024-09-28,Normal
LAB005643,P2415,White Cell Count,23.15,x10^9/L,3.5–14.0,2023-10-29,High
LAB005644,P2415,HbA1c,133.92,mmol/mol,28–75,2024-10-29,High
LAB005645,P2416,Total Cholesterol,10.52,mmol/L,3.5–7.5,2024-05-20,High
LAB005646,P2416,TSH,7.43,mU/L,0.3–5.5,2024-08-18,High
LAB005647,P2416,Serum Sodium,138.23,mmol/L,132–148,2024-11-21,Normal
LAB005648,P2416,Haemoglobin,16.15,g/dL,9.0–16.5,2024-06-14,Normal
LAB005649,P2416,LDL Cholesterol,6.84,mmol/L,1.5–5.0,2024-04-23,High
LAB005650,P2416,INR,0.7,ratio,0.8–4.5,2024-10-20,Low
LAB005651,P2417,Haemoglobin,17.07,g/dL,9.0–16.5,2022-04-24,High
LAB005652,P2417,White Cell Count,20.9,x10^9/L,3.5–14.0,2023-08-22,High
LAB005653,P2417,TSH,8.33,mU/L,0.3–5.5,2024-01-16,High
LAB005654,P2417,Serum Creatinine,407.2,umol/L,55–200,2024-06-27,High
LAB005655,P2417,Serum Sodium,148.17,mmol/L,132–148,2024-03-29,High
LAB005656,P2417,HbA1c,48.27,mmol/mol,28–75,2022-02-25,Normal
LAB005657,P2418,HbA1c,130.19,mmol/mol,28–75,2023-01-08,High
LAB005658,P2418,Haemoglobin,15.66,g/dL,9.0–16.5,2022-10-30,Normal
LAB005659,P2419,Serum Creatinine,227.01,umol/L,55–200,2024-03-01,High
LAB005660,P2419,Total Cholesterol,4.38,mmol/L,3.5–7.5,2023-11-13,Normal
LAB005661,P2419,Haemoglobin,14.7,g/dL,9.0–16.5,2022-06-10,Normal
LAB005662,P2419,White Cell Count,22.4,x10^9/L,3.5–14.0,2024-05-21,High
LAB005663,P2419,INR,4.25,ratio,0.8–4.5,2022-05-19,Normal
LAB005664,P2420,Haemoglobin,17.76,g/dL,9.0–16.5,2024-06-24,High
LAB005665,P2420,Serum Creatinine,123.82,umol/L,55–200,2023-10-09,Normal
LAB005666,P2420,LDL Cholesterol,4.65,mmol/L,1.5–5.0,2024-07-31,Normal
LAB005667,P2420,Platelet Count,552.95,x10^9/L,120–450,2024-11-02,High
LAB005668,P2420,White Cell Count,20.47,x10^9/L,3.5–14.0,2023-09-15,High
LAB005669,P2421,Haemoglobin,15.97,g/dL,9.0–16.5,2023-02-15,Normal
LAB005670,P2421,Serum Creatinine,423.69,umol/L,55–200,2022-01-05,High
LAB005671,P2422,LDL Cholesterol,5.14,mmol/L,1.5–5.0,2024-09-04,High
LAB005672,P2422,Serum Sodium,125.68,mmol/L,132–148,2024-12-04,Low
LAB005673,P2422,eGFR,32.12,mL/min,15–120,2024-01-30,Normal
LAB005674,P2422,Serum Creatinine,48.94,umol/L,55–200,2024-07-17,Low
LAB005675,P2423,Serum Creatinine,484.58,umol/L,55–200,2022-04-04,High
LAB005676,P2423,Fasting Glucose,9.36,mmol/L,3.5–10.0,2024-04-30,Normal
LAB005677,P2424,Total Cholesterol,3.07,mmol/L,3.5–7.5,2024-03-05,Low
LAB005678,P2424,Fasting Glucose,11.86,mmol/L,3.5–10.0,2024-07-10,High
LAB005679,P2424,TSH,23.44,mU/L,0.3–5.5,2023-01-11,High
LAB005680,P2424,CRP,145.1,mg/L,0.1–120,2024-12-02,High
LAB005681,P2424,White Cell Count,28.17,x10^9/L,3.5–14.0,2023-04-05,High
LAB005682,P2425,Platelet Count,266.59,x10^9/L,120–450,2022-12-16,Normal
LAB005683,P2425,INR,2.83,ratio,0.8–4.5,2023-04-02,Normal
LAB005684,P2425,White Cell Count,14.72,x10^9/L,3.5–14.0,2024-09-08,High
LAB005685,P2425,Total Cholesterol,4.41,mmol/L,3.5–7.5,2024-05-22,Normal
LAB005686,P2425,Fasting Glucose,14.39,mmol/L,3.5–10.0,2022-03-14,High
LAB005687,P2426,Serum Creatinine,178.66,umol/L,55–200,2024-10-24,Normal
LAB005688,P2426,White Cell Count,6.92,x10^9/L,3.5–14.0,2024-05-20,Normal
LAB005689,P2426,LDL Cholesterol,6.34,mmol/L,1.5–5.0,2024-11-22,High
LAB005690,P2426,HbA1c,187.2,mmol/mol,28–75,2024-05-17,High
LAB005691,P2426,eGFR,60.38,mL/min,15–120,2023-02-12,Normal
LAB005692,P2426,INR,4.52,ratio,0.8–4.5,2024-05-21,High
LAB005693,P2427,Serum Potassium,4.37,mmol/L,3.2–5.5,2024-01-31,Normal
LAB005694,P2427,eGFR,129.46,mL/min,15–120,2023-12-18,High
LAB005695,P2427,HbA1c,121.54,mmol/mol,28–75,2024-07-08,High
LAB005696,P2427,INR,6.38,ratio,0.8–4.5,2023-11-01,High
LAB005697,P2428,Fasting Glucose,18.98,mmol/L,3.5–10.0,2024-06-24,High
LAB005698,P2428,TSH,14.45,mU/L,0.3–5.5,2022-09-25,High
LAB005699,P2428,HbA1c,83.68,mmol/mol,28–75,2022-01-25,High
LAB005700,P2428,Serum Creatinine,197.39,umol/L,55–200,2023-01-02,Normal
LAB005701,P2429,Serum Sodium,141.33,mmol/L,132–148,2024-10-25,Normal
LAB005702,P2429,INR,4.61,ratio,0.8–4.5,2022-02-22,High
LAB005703,P2429,TSH,18.85,mU/L,0.3–5.5,2023-10-18,High
LAB005704,P2429,CRP,241.8,mg/L,0.1–120,2024-12-18,High
LAB005705,P2430,Total Cholesterol,4.92,mmol/L,3.5–7.5,2024-01-07,Normal
LAB005706,P2430,LDL Cholesterol,6.38,mmol/L,1.5–5.0,2022-11-02,High
LAB005707,P2430,Serum Creatinine,56.49,umol/L,55–200,2022-02-13,Normal
LAB005708,P2430,Haemoglobin,8.14,g/dL,9.0–16.5,2022-08-22,Low
LAB005709,P2430,White Cell Count,1.48,x10^9/L,3.5–14.0,2023-08-10,Low
LAB005710,P2431,Serum Creatinine,479.85,umol/L,55–200,2023-09-13,High
LAB005711,P2431,HbA1c,124.37,mmol/mol,28–75,2022-08-28,High
LAB005712,P2432,eGFR,58.52,mL/min,15–120,2022-08-23,Normal
LAB005713,P2432,HbA1c,35.48,mmol/mol,28–75,2024-01-22,Normal
LAB005714,P2432,White Cell Count,19.26,x10^9/L,3.5–14.0,2024-06-13,High
LAB005715,P2432,Serum Potassium,2.45,mmol/L,3.2–5.5,2023-08-06,Low
LAB005716,P2432,Fasting Glucose,2.3,mmol/L,3.5–10.0,2023-07-19,Low
LAB005717,P2433,Serum Potassium,2.21,mmol/L,3.2–5.5,2023-10-01,Low
LAB005718,P2433,CRP,100.78,mg/L,0.1–120,2023-09-09,Normal
LAB005719,P2433,Serum Creatinine,49.33,umol/L,55–200,2022-10-10,Low
LAB005720,P2433,HbA1c,43.42,mmol/mol,28–75,2024-09-05,Normal
LAB005721,P2433,Serum Sodium,120.92,mmol/L,132–148,2022-03-18,Low
LAB005722,P2434,HDL Cholesterol,1.35,mmol/L,0.9–2.5,2024-06-14,Normal
LAB005723,P2434,Platelet Count,536.84,x10^9/L,120–450,2024-11-02,High
LAB005724,P2434,TSH,28.36,mU/L,0.3–5.5,2023-04-07,High
LAB005725,P2434,CRP,236.57,mg/L,0.1–120,2024-03-17,High
LAB005726,P2434,INR,2.08,ratio,0.8–4.5,2023-03-22,Normal
LAB005727,P2435,HDL Cholesterol,1.77,mmol/L,0.9–2.5,2024-11-10,Normal
LAB005728,P2435,Haemoglobin,18.83,g/dL,9.0–16.5,2022-07-19,High
LAB005729,P2435,Total Cholesterol,6.85,mmol/L,3.5–7.5,2024-12-09,Normal
LAB005730,P2435,TSH,21.89,mU/L,0.3–5.5,2023-04-28,High
LAB005731,P2435,CRP,104.91,mg/L,0.1–120,2023-08-31,Normal
LAB005732,P2436,HDL Cholesterol,2.73,mmol/L,0.9–2.5,2024-04-13,High
LAB005733,P2436,CRP,120.47,mg/L,0.1–120,2023-05-23,High
LAB005734,P2436,Serum Potassium,5.36,mmol/L,3.2–5.5,2022-03-14,Normal
LAB005735,P2437,Serum Sodium,130.39,mmol/L,132–148,2023-03-10,Low
LAB005736,P2437,HbA1c,126.51,mmol/mol,28–75,2022-02-07,High
LAB005737,P2438,Serum Sodium,154.71,mmol/L,132–148,2024-05-04,High
LAB005738,P2438,INR,4.22,ratio,0.8–4.5,2022-12-06,Normal
LAB005739,P2438,CRP,252.67,mg/L,0.1–120,2022-08-02,High
LAB005740,P2438,White Cell Count,9.75,x10^9/L,3.5–14.0,2024-02-11,Normal
LAB005741,P2439,Serum Sodium,122.04,mmol/L,132–148,2024-10-25,Low
LAB005742,P2439,Haemoglobin,19.23,g/dL,9.0–16.5,2023-03-08,High
LAB005743,P2440,Haemoglobin,6.19,g/dL,9.0–16.5,2024-10-23,Low
LAB005744,P2440,INR,7.76,ratio,0.8–4.5,2024-03-26,High
LAB005745,P2441,White Cell Count,7.66,x10^9/L,3.5–14.0,2023-08-26,Normal
LAB005746,P2441,CRP,113.98,mg/L,0.1–120,2022-08-11,Normal
LAB005747,P2441,Fasting Glucose,14.23,mmol/L,3.5–10.0,2022-07-16,High
LAB005748,P2441,LDL Cholesterol,3.24,mmol/L,1.5–5.0,2022-07-27,Normal
LAB005749,P2441,HbA1c,88.58,mmol/mol,28–75,2023-10-29,High
LAB005750,P2442,CRP,110.97,mg/L,0.1–120,2023-04-20,Normal
LAB005751,P2442,eGFR,18.96,mL/min,15–120,2023-12-17,Normal
LAB005752,P2442,INR,2.14,ratio,0.8–4.5,2022-08-10,Normal
LAB005753,P2442,Total Cholesterol,3.27,mmol/L,3.5–7.5,2024-04-04,Low
LAB005754,P2443,White Cell Count,11.29,x10^9/L,3.5–14.0,2024-10-17,Normal
LAB005755,P2443,Haemoglobin,17.08,g/dL,9.0–16.5,2023-09-25,High
LAB005756,P2443,eGFR,66.04,mL/min,15–120,2024-01-16,Normal
LAB005757,P2443,Total Cholesterol,2.37,mmol/L,3.5–7.5,2022-05-03,Low
LAB005758,P2443,Serum Sodium,145.23,mmol/L,132–148,2024-11-01,Normal
LAB005759,P2443,Platelet Count,512.67,x10^9/L,120–450,2024-07-13,High
LAB005760,P2444,Haemoglobin,15.13,g/dL,9.0–16.5,2022-07-03,Normal
LAB005761,P2444,LDL Cholesterol,6.19,mmol/L,1.5–5.0,2024-10-12,High
LAB005762,P2445,CRP,11.14,mg/L,0.1–120,2023-07-23,Normal
LAB005763,P2445,eGFR,26.56,mL/min,15–120,2022-06-18,Normal
LAB005764,P2446,INR,1.16,ratio,0.8–4.5,2024-05-04,Normal
LAB005765,P2446,TSH,10.0,mU/L,0.3–5.5,2023-06-27,High
LAB005766,P2446,HDL Cholesterol,1.42,mmol/L,0.9–2.5,2022-08-03,Normal
LAB005767,P2446,Haemoglobin,11.18,g/dL,9.0–16.5,2024-05-30,Normal
LAB005768,P2447,HDL Cholesterol,2.25,mmol/L,0.9–2.5,2022-10-21,Normal
LAB005769,P2447,Serum Creatinine,371.77,umol/L,55–200,2024-04-28,High
LAB005770,P2447,Serum Potassium,5.69,mmol/L,3.2–5.5,2023-08-09,High
LAB005771,P2447,TSH,21.85,mU/L,0.3–5.5,2024-01-26,High
LAB005772,P2448,Fasting Glucose,16.37,mmol/L,3.5–10.0,2022-08-23,High
LAB005773,P2448,Serum Potassium,6.18,mmol/L,3.2–5.5,2024-08-06,High
LAB005774,P2448,INR,4.68,ratio,0.8–4.5,2023-06-05,High
LAB005775,P2448,Platelet Count,496.2,x10^9/L,120–450,2024-09-20,High
LAB005776,P2449,Total Cholesterol,10.08,mmol/L,3.5–7.5,2024-06-28,High
LAB005777,P2449,HbA1c,64.38,mmol/mol,28–75,2024-03-14,Normal
LAB005778,P2449,Platelet Count,748.18,x10^9/L,120–450,2022-12-04,High
LAB005779,P2449,LDL Cholesterol,2.84,mmol/L,1.5–5.0,2022-12-22,Normal
LAB005780,P2449,White Cell Count,24.69,x10^9/L,3.5–14.0,2024-05-03,High
LAB005781,P2450,Serum Sodium,139.43,mmol/L,132–148,2022-09-05,Normal
LAB005782,P2450,TSH,9.34,mU/L,0.3–5.5,2023-06-20,High
LAB005783,P2451,HbA1c,144.88,mmol/mol,28–75,2023-01-25,High
LAB005784,P2451,TSH,10.58,mU/L,0.3–5.5,2023-08-02,High
LAB005785,P2451,Total Cholesterol,3.55,mmol/L,3.5–7.5,2023-12-25,Normal
LAB005786,P2451,eGFR,47.69,mL/min,15–120,2022-06-26,Normal
LAB005787,P2452,LDL Cholesterol,2.06,mmol/L,1.5–5.0,2023-06-08,Normal
LAB005788,P2452,Total Cholesterol,11.39,mmol/L,3.5–7.5,2024-01-08,High
LAB005789,P2452,eGFR,48.08,mL/min,15–120,2022-01-19,Normal
LAB005790,P2452,Serum Sodium,143.03,mmol/L,132–148,2023-12-22,Normal
LAB005791,P2452,INR,2.55,ratio,0.8–4.5,2022-09-29,Normal
LAB005792,P2452,Fasting Glucose,17.67,mmol/L,3.5–10.0,2024-01-12,High
LAB005793,P2453,INR,0.55,ratio,0.8–4.5,2024-04-03,Low
LAB005794,P2453,Haemoglobin,18.64,g/dL,9.0–16.5,2024-10-27,High
LAB005795,P2453,Serum Creatinine,394.01,umol/L,55–200,2024-11-11,High
LAB005796,P2454,Serum Potassium,2.07,mmol/L,3.2–5.5,2022-11-17,Low
LAB005797,P2454,White Cell Count,14.65,x10^9/L,3.5–14.0,2022-11-06,High
LAB005798,P2454,Total Cholesterol,5.91,mmol/L,3.5–7.5,2023-02-25,Normal
LAB005799,P2454,Serum Sodium,132.27,mmol/L,132–148,2023-01-13,Normal
LAB005800,P2455,LDL Cholesterol,3.55,mmol/L,1.5–5.0,2022-11-21,Normal
LAB005801,P2455,Haemoglobin,12.32,g/dL,9.0–16.5,2023-05-15,Normal
LAB005802,P2455,White Cell Count,5.48,x10^9/L,3.5–14.0,2024-04-18,Normal
LAB005803,P2455,Fasting Glucose,4.26,mmol/L,3.5–10.0,2024-07-04,Normal
LAB005804,P2455,CRP,274.78,mg/L,0.1–120,2024-05-29,High
LAB005805,P2455,Total Cholesterol,6.39,mmol/L,3.5–7.5,2024-06-08,Normal
LAB005806,P2456,Serum Creatinine,391.7,umol/L,55–200,2023-08-23,High
LAB005807,P2456,White Cell Count,23.11,x10^9/L,3.5–14.0,2024-07-03,High
LAB005808,P2456,TSH,19.21,mU/L,0.3–5.5,2024-07-26,High
LAB005809,P2456,INR,6.14,ratio,0.8–4.5,2022-11-06,High
LAB005810,P2456,Fasting Glucose,19.56,mmol/L,3.5–10.0,2023-08-16,High
LAB005811,P2456,Platelet Count,251.36,x10^9/L,120–450,2023-02-02,Normal
LAB005812,P2457,LDL Cholesterol,4.17,mmol/L,1.5–5.0,2024-10-10,Normal
LAB005813,P2457,eGFR,24.62,mL/min,15–120,2024-04-05,Normal
LAB005814,P2458,White Cell Count,27.38,x10^9/L,3.5–14.0,2023-11-08,High
LAB005815,P2458,HDL Cholesterol,1.3,mmol/L,0.9–2.5,2024-05-15,Normal
LAB005816,P2458,Serum Sodium,155.9,mmol/L,132–148,2024-10-23,High
LAB005817,P2458,Platelet Count,206.93,x10^9/L,120–450,2023-01-18,Normal
LAB005818,P2458,HbA1c,25.71,mmol/mol,28–75,2022-06-04,Low
LAB005819,P2459,Fasting Glucose,10.71,mmol/L,3.5–10.0,2022-01-31,High
LAB005820,P2459,Serum Sodium,133.66,mmol/L,132–148,2023-09-12,Normal
LAB005821,P2459,INR,0.81,ratio,0.8–4.5,2023-03-01,Normal
LAB005822,P2459,LDL Cholesterol,4.66,mmol/L,1.5–5.0,2024-12-29,Normal
LAB005823,P2459,CRP,66.56,mg/L,0.1–120,2023-02-13,Normal
LAB005824,P2460,Serum Potassium,5.98,mmol/L,3.2–5.5,2022-07-16,High
LAB005825,P2460,Serum Creatinine,321.89,umol/L,55–200,2022-08-04,High
LAB005826,P2461,eGFR,36.19,mL/min,15–120,2022-10-04,Normal
LAB005827,P2461,HDL Cholesterol,2.38,mmol/L,0.9–2.5,2022-09-02,Normal
LAB005828,P2461,White Cell Count,26.27,x10^9/L,3.5–14.0,2023-03-31,High
LAB005829,P2461,HbA1c,110.13,mmol/mol,28–75,2024-01-19,High
LAB005830,P2461,Total Cholesterol,11.55,mmol/L,3.5–7.5,2022-05-28,High
LAB005831,P2462,Serum Creatinine,471.69,umol/L,55–200,2023-05-09,High
LAB005832,P2462,HDL Cholesterol,2.47,mmol/L,0.9–2.5,2022-07-13,Normal
LAB005833,P2463,Haemoglobin,18.04,g/dL,9.0–16.5,2022-06-22,High
LAB005834,P2463,LDL Cholesterol,0.66,mmol/L,1.5–5.0,2024-02-13,Low
LAB005835,P2463,HDL Cholesterol,3.21,mmol/L,0.9–2.5,2022-01-26,High
LAB005836,P2463,Fasting Glucose,11.0,mmol/L,3.5–10.0,2023-01-11,High
LAB005837,P2464,Serum Sodium,122.38,mmol/L,132–148,2024-03-24,Low
LAB005838,P2464,eGFR,9.73,mL/min,15–120,2022-10-17,Low
LAB005839,P2464,Serum Creatinine,263.93,umol/L,55–200,2022-12-24,High
LAB005840,P2465,HDL Cholesterol,2.43,mmol/L,0.9–2.5,2022-09-27,Normal
LAB005841,P2465,INR,1.58,ratio,0.8–4.5,2023-11-21,Normal
LAB005842,P2465,Haemoglobin,7.47,g/dL,9.0–16.5,2022-10-27,Low
LAB005843,P2466,Serum Potassium,2.22,mmol/L,3.2–5.5,2024-05-01,Low
LAB005844,P2466,Fasting Glucose,4.26,mmol/L,3.5–10.0,2022-05-04,Normal
LAB005845,P2466,TSH,15.89,mU/L,0.3–5.5,2022-03-09,High
LAB005846,P2466,LDL Cholesterol,1.08,mmol/L,1.5–5.0,2024-09-10,Low
LAB005847,P2466,Serum Creatinine,511.28,umol/L,55–200,2024-10-13,High
LAB005848,P2467,eGFR,93.64,mL/min,15–120,2024-12-08,Normal
LAB005849,P2467,Total Cholesterol,2.64,mmol/L,3.5–7.5,2024-09-05,Low
LAB005850,P2468,Total Cholesterol,5.96,mmol/L,3.5–7.5,2024-02-06,Normal
LAB005851,P2468,INR,0.87,ratio,0.8–4.5,2024-12-28,Normal
LAB005852,P2468,eGFR,31.8,mL/min,15–120,2022-07-10,Normal
LAB005853,P2468,White Cell Count,23.12,x10^9/L,3.5–14.0,2022-12-02,High
LAB005854,P2469,HDL Cholesterol,2.05,mmol/L,0.9–2.5,2023-04-08,Normal
LAB005855,P2469,HbA1c,104.79,mmol/mol,28–75,2023-02-06,High
LAB005856,P2470,White Cell Count,29.24,x10^9/L,3.5–14.0,2022-06-19,High
LAB005857,P2470,Serum Potassium,6.62,mmol/L,3.2–5.5,2023-02-09,High
LAB005858,P2471,HbA1c,24.71,mmol/mol,28–75,2022-04-17,Low
LAB005859,P2471,LDL Cholesterol,3.06,mmol/L,1.5–5.0,2024-03-12,Normal
LAB005860,P2471,Platelet Count,182.81,x10^9/L,120–450,2022-03-23,Normal
LAB005861,P2471,CRP,144.76,mg/L,0.1–120,2022-12-30,High
LAB005862,P2471,TSH,29.55,mU/L,0.3–5.5,2023-08-06,High
LAB005863,P2471,Total Cholesterol,6.92,mmol/L,3.5–7.5,2024-11-17,Normal
LAB005864,P2472,CRP,157.08,mg/L,0.1–120,2024-12-30,High
LAB005865,P2472,Serum Potassium,6.22,mmol/L,3.2–5.5,2022-12-18,High
LAB005866,P2472,Haemoglobin,6.88,g/dL,9.0–16.5,2022-12-11,Low
LAB005867,P2472,Platelet Count,396.38,x10^9/L,120–450,2024-12-27,Normal
LAB005868,P2473,CRP,281.79,mg/L,0.1–120,2022-11-09,High
LAB005869,P2473,Serum Creatinine,369.75,umol/L,55–200,2023-03-01,High
LAB005870,P2474,Total Cholesterol,8.71,mmol/L,3.5–7.5,2022-12-24,High
LAB005871,P2474,Platelet Count,773.05,x10^9/L,120–450,2023-11-03,High
LAB005872,P2474,Haemoglobin,9.58,g/dL,9.0–16.5,2022-08-18,Normal
LAB005873,P2475,Platelet Count,463.0,x10^9/L,120–450,2023-08-29,High
LAB005874,P2475,Serum Potassium,4.45,mmol/L,3.2–5.5,2024-01-24,Normal
LAB005875,P2475,INR,2.69,ratio,0.8–4.5,2022-06-24,Normal
LAB005876,P2475,LDL Cholesterol,4.29,mmol/L,1.5–5.0,2024-04-02,Normal
LAB005877,P2476,Serum Creatinine,341.26,umol/L,55–200,2022-04-28,High
LAB005878,P2476,Platelet Count,406.66,x10^9/L,120–450,2022-12-22,Normal
LAB005879,P2476,HDL Cholesterol,3.08,mmol/L,0.9–2.5,2023-07-07,High
LAB005880,P2476,Haemoglobin,16.55,g/dL,9.0–16.5,2023-03-20,High
LAB005881,P2477,eGFR,110.28,mL/min,15–120,2024-01-07,Normal
LAB005882,P2477,Platelet Count,783.55,x10^9/L,120–450,2024-01-19,High
LAB005883,P2477,White Cell Count,19.8,x10^9/L,3.5–14.0,2023-07-28,High
LAB005884,P2477,LDL Cholesterol,6.74,mmol/L,1.5–5.0,2023-11-20,High
LAB005885,P2477,Haemoglobin,13.62,g/dL,9.0–16.5,2024-10-06,Normal
LAB005886,P2478,HbA1c,154.58,mmol/mol,28–75,2022-03-06,High
LAB005887,P2478,CRP,185.16,mg/L,0.1–120,2022-04-22,High
LAB005888,P2478,Serum Sodium,149.27,mmol/L,132–148,2022-08-25,High
LAB005889,P2478,Haemoglobin,12.21,g/dL,9.0–16.5,2022-10-24,Normal
LAB005890,P2479,Serum Potassium,5.97,mmol/L,3.2–5.5,2024-01-13,High
LAB005891,P2479,Fasting Glucose,19.84,mmol/L,3.5–10.0,2024-10-21,High
LAB005892,P2480,HDL Cholesterol,1.23,mmol/L,0.9–2.5,2022-08-14,Normal
LAB005893,P2480,LDL Cholesterol,6.55,mmol/L,1.5–5.0,2024-02-07,High
LAB005894,P2481,Platelet Count,86.57,x10^9/L,120–450,2023-10-02,Low
LAB005895,P2481,eGFR,55.71,mL/min,15–120,2022-07-05,Normal
LAB005896,P2481,HDL Cholesterol,3.6,mmol/L,0.9–2.5,2023-02-14,High
LAB005897,P2481,HbA1c,198.02,mmol/mol,28–75,2023-03-04,High
LAB005898,P2481,Fasting Glucose,7.88,mmol/L,3.5–10.0,2022-01-15,Normal
LAB005899,P2482,Total Cholesterol,8.87,mmol/L,3.5–7.5,2023-03-01,High
LAB005900,P2482,CRP,23.27,mg/L,0.1–120,2024-03-05,Normal
LAB005901,P2482,TSH,22.3,mU/L,0.3–5.5,2022-09-25,High
LAB005902,P2482,eGFR,100.07,mL/min,15–120,2024-03-27,Normal
LAB005903,P2482,HbA1c,170.82,mmol/mol,28–75,2023-04-10,High
LAB005904,P2483,Fasting Glucose,7.27,mmol/L,3.5–10.0,2022-11-16,Normal
LAB005905,P2483,eGFR,28.79,mL/min,15–120,2022-01-16,Normal
LAB005906,P2483,CRP,19.24,mg/L,0.1–120,2022-06-25,Normal
LAB005907,P2484,Fasting Glucose,7.7,mmol/L,3.5–10.0,2023-05-28,Normal
LAB005908,P2484,Platelet Count,84.65,x10^9/L,120–450,2022-08-14,Low
LAB005909,P2484,TSH,18.12,mU/L,0.3–5.5,2024-01-12,High
LAB005910,P2484,INR,0.72,ratio,0.8–4.5,2022-05-31,Low
LAB005911,P2484,HDL Cholesterol,2.59,mmol/L,0.9–2.5,2022-01-24,High
LAB005912,P2485,INR,6.18,ratio,0.8–4.5,2023-11-13,High
LAB005913,P2485,CRP,123.98,mg/L,0.1–120,2024-06-22,High
LAB005914,P2486,Serum Potassium,6.01,mmol/L,3.2–5.5,2023-04-08,High
LAB005915,P2486,Serum Creatinine,237.94,umol/L,55–200,2024-01-26,High
LAB005916,P2486,Total Cholesterol,2.87,mmol/L,3.5–7.5,2024-06-04,Low
LAB005917,P2487,Serum Creatinine,92.37,umol/L,55–200,2022-02-27,Normal
LAB005918,P2487,Total Cholesterol,3.5,mmol/L,3.5–7.5,2023-01-16,Normal
LAB005919,P2487,HDL Cholesterol,3.32,mmol/L,0.9–2.5,2024-12-15,High
LAB005920,P2488,Haemoglobin,10.57,g/dL,9.0–16.5,2024-05-17,Normal
LAB005921,P2488,Fasting Glucose,2.39,mmol/L,3.5–10.0,2023-08-27,Low
LAB005922,P2488,HbA1c,124.6,mmol/mol,28–75,2023-01-31,High
LAB005923,P2488,eGFR,50.79,mL/min,15–120,2024-07-01,Normal
LAB005924,P2488,Serum Sodium,137.61,mmol/L,132–148,2023-08-12,Normal
LAB005925,P2489,Serum Potassium,4.9,mmol/L,3.2–5.5,2024-01-23,Normal
LAB005926,P2489,HDL Cholesterol,2.15,mmol/L,0.9–2.5,2024-10-17,Normal
LAB005927,P2490,LDL Cholesterol,4.22,mmol/L,1.5–5.0,2024-10-07,Normal
LAB005928,P2490,Total Cholesterol,8.94,mmol/L,3.5–7.5,2023-12-14,High
LAB005929,P2490,INR,1.72,ratio,0.8–4.5,2022-09-07,Normal
LAB005930,P2490,Serum Sodium,132.64,mmol/L,132–148,2024-08-09,Normal
LAB005931,P2491,Platelet Count,661.75,x10^9/L,120–450,2023-05-26,High
LAB005932,P2491,Serum Sodium,123.95,mmol/L,132–148,2022-08-05,Low
LAB005933,P2491,White Cell Count,10.2,x10^9/L,3.5–14.0,2022-08-21,Normal
LAB005934,P2491,CRP,28.18,mg/L,0.1–120,2023-06-13,Normal
LAB005935,P2491,Fasting Glucose,4.92,mmol/L,3.5–10.0,2023-06-23,Normal
LAB005936,P2491,eGFR,19.5,mL/min,15–120,2023-08-23,Normal
LAB005937,P2492,HDL Cholesterol,0.76,mmol/L,0.9–2.5,2023-02-22,Low
LAB005938,P2492,Serum Creatinine,282.89,umol/L,55–200,2024-08-20,High
LAB005939,P2492,CRP,268.72,mg/L,0.1–120,2023-06-25,High
LAB005940,P2492,eGFR,16.55,mL/min,15–120,2022-01-02,Normal
LAB005941,P2492,Haemoglobin,15.55,g/dL,9.0–16.5,2024-04-03,Normal
LAB005942,P2492,LDL Cholesterol,4.98,mmol/L,1.5–5.0,2023-09-28,Normal
LAB005943,P2493,Serum Potassium,4.38,mmol/L,3.2–5.5,2022-01-11,Normal
LAB005944,P2493,HbA1c,54.57,mmol/mol,28–75,2022-01-16,Normal
LAB005945,P2493,White Cell Count,26.89,x10^9/L,3.5–14.0,2022-07-05,High
LAB005946,P2493,Serum Creatinine,561.89,umol/L,55–200,2024-04-05,High
LAB005947,P2494,Haemoglobin,11.42,g/dL,9.0–16.5,2023-02-27,Normal
LAB005948,P2494,HbA1c,137.05,mmol/mol,28–75,2022-03-17,High
LAB005949,P2495,Fasting Glucose,4.26,mmol/L,3.5–10.0,2023-03-13,Normal
LAB005950,P2495,Serum Potassium,4.66,mmol/L,3.2–5.5,2022-07-05,Normal
LAB005951,P2496,Serum Potassium,2.15,mmol/L,3.2–5.5,2023-05-16,Low
LAB005952,P2496,INR,7.74,ratio,0.8–4.5,2024-08-20,High
LAB005953,P2496,CRP,176.18,mg/L,0.1–120,2024-01-03,High
LAB005954,P2496,Fasting Glucose,19.19,mmol/L,3.5–10.0,2024-05-14,High
LAB005955,P2496,Haemoglobin,9.63,g/dL,9.0–16.5,2022-03-04,Normal
LAB005956,P2496,Total Cholesterol,2.64,mmol/L,3.5–7.5,2022-05-11,Low
LAB005957,P2497,HDL Cholesterol,3.03,mmol/L,0.9–2.5,2024-06-15,High
LAB005958,P2497,INR,4.65,ratio,0.8–4.5,2022-11-01,High
LAB005959,P2497,Total Cholesterol,10.52,mmol/L,3.5–7.5,2022-06-03,High
LAB005960,P2497,eGFR,20.37,mL/min,15–120,2023-07-28,Normal
LAB005961,P2498,HDL Cholesterol,1.1,mmol/L,0.9–2.5,2022-05-23,Normal
LAB005962,P2498,TSH,25.09,mU/L,0.3–5.5,2023-06-04,High
LAB005963,P2498,Serum Sodium,155.14,mmol/L,132–148,2024-08-26,High
LAB005964,P2499,CRP,282.79,mg/L,0.1–120,2022-10-23,High
LAB005965,P2499,HDL Cholesterol,1.46,mmol/L,0.9–2.5,2024-12-17,Normal
LAB005966,P2499,Serum Potassium,2.73,mmol/L,3.2–5.5,2023-04-14,Low
LAB005967,P2499,eGFR,124.04,mL/min,15–120,2022-05-08,High
LAB005968,P2500,CRP,239.0,mg/L,0.1–120,2024-05-15,High
LAB005969,P2500,HDL Cholesterol,3.72,mmol/L,0.9–2.5,2023-06-20,High
LAB005970,P2500,Total Cholesterol,6.0,mmol/L,3.5–7.5,2023-04-05,Normal
LAB005971,P2500,Serum Sodium,140.74,mmol/L,132–148,2023-12-14,Normal
LAB005972,P2500,Fasting Glucose,3.76,mmol/L,3.5–10.0,2023-11-24,Normal
LAB005973,P2501,Total Cholesterol,5.19,mmol/L,3.5–7.5,2022-05-13,Normal
LAB005974,P2501,LDL Cholesterol,6.84,mmol/L,1.5–5.0,2024-10-11,High
LAB005975,P2501,HDL Cholesterol,1.5,mmol/L,0.9–2.5,2023-06-11,Normal
LAB005976,P2501,Serum Sodium,132.99,mmol/L,132–148,2023-04-24,Normal
LAB005977,P2501,eGFR,17.32,mL/min,15–120,2024-06-06,Normal
LAB005978,P2501,Serum Potassium,5.76,mmol/L,3.2–5.5,2023-07-08,High
LAB005979,P2502,TSH,19.37,mU/L,0.3–5.5,2023-08-13,High
LAB005980,P2502,Serum Creatinine,88.94,umol/L,55–200,2023-03-13,Normal
LAB005981,P2502,HbA1c,105.64,mmol/mol,28–75,2022-08-02,High
LAB005982,P2502,eGFR,121.42,mL/min,15–120,2023-08-19,High
LAB005983,P2502,CRP,192.27,mg/L,0.1–120,2023-05-11,High
LAB005984,P2502,INR,5.25,ratio,0.8–4.5,2022-01-25,High
LAB005985,P2503,White Cell Count,15.02,x10^9/L,3.5–14.0,2024-05-27,High
LAB005986,P2503,Platelet Count,482.45,x10^9/L,120–450,2023-10-20,High
LAB005987,P2503,Serum Potassium,4.26,mmol/L,3.2–5.5,2024-02-09,Normal
LAB005988,P2503,HbA1c,29.63,mmol/mol,28–75,2024-12-15,Normal
LAB005989,P2503,TSH,6.83,mU/L,0.3–5.5,2022-01-29,High
LAB005990,P2504,Fasting Glucose,13.41,mmol/L,3.5–10.0,2023-07-24,High
LAB005991,P2504,Serum Sodium,145.55,mmol/L,132–148,2024-09-27,Normal
LAB005992,P2504,Serum Potassium,3.53,mmol/L,3.2–5.5,2024-10-17,Normal
LAB005993,P2504,Serum Creatinine,167.05,umol/L,55–200,2023-07-02,Normal
LAB005994,P2505,Serum Creatinine,518.23,umol/L,55–200,2024-08-18,High
LAB005995,P2505,Serum Potassium,3.24,mmol/L,3.2–5.5,2024-09-05,Normal
LAB005996,P2505,INR,0.76,ratio,0.8–4.5,2024-05-23,Low
LAB005997,P2506,TSH,19.98,mU/L,0.3–5.5,2024-09-17,High
LAB005998,P2506,Serum Creatinine,484.3,umol/L,55–200,2023-10-17,High
LAB005999,P2506,Total Cholesterol,2.49,mmol/L,3.5–7.5,2022-01-09,Low
LAB006000,P2506,INR,6.46,ratio,0.8–4.5,2023-03-15,High
LAB006001,P2506,LDL Cholesterol,4.05,mmol/L,1.5–5.0,2022-06-19,Normal
LAB006002,P2506,Fasting Glucose,18.41,mmol/L,3.5–10.0,2022-08-25,High
LAB006003,P2507,Serum Creatinine,183.14,umol/L,55–200,2022-02-06,Normal
LAB006004,P2507,Platelet Count,603.31,x10^9/L,120–450,2024-01-05,High
LAB006005,P2507,eGFR,26.14,mL/min,15–120,2022-02-13,Normal
LAB006006,P2507,White Cell Count,10.5,x10^9/L,3.5–14.0,2023-12-27,Normal
LAB006007,P2507,INR,0.74,ratio,0.8–4.5,2023-12-19,Low
LAB006008,P2507,Haemoglobin,12.76,g/dL,9.0–16.5,2022-11-10,Normal
LAB006009,P2508,Fasting Glucose,9.17,mmol/L,3.5–10.0,2022-04-12,Normal
LAB006010,P2508,White Cell Count,12.51,x10^9/L,3.5–14.0,2023-02-25,Normal
LAB006011,P2508,HDL Cholesterol,3.09,mmol/L,0.9–2.5,2022-12-19,High
LAB006012,P2508,Haemoglobin,10.03,g/dL,9.0–16.5,2024-05-22,Normal
LAB006013,P2508,Total Cholesterol,11.4,mmol/L,3.5–7.5,2022-07-14,High
LAB006014,P2508,eGFR,16.3,mL/min,15–120,2023-12-11,Normal
LAB006015,P2509,HbA1c,150.26,mmol/mol,28–75,2024-02-20,High
LAB006016,P2509,TSH,5.33,mU/L,0.3–5.5,2024-09-26,Normal
LAB006017,P2509,Serum Sodium,140.51,mmol/L,132–148,2022-02-23,Normal
LAB006018,P2509,INR,4.33,ratio,0.8–4.5,2024-12-27,Normal
LAB006019,P2510,eGFR,104.88,mL/min,15–120,2022-07-02,Normal
LAB006020,P2510,White Cell Count,23.1,x10^9/L,3.5–14.0,2022-11-04,High
LAB006021,P2511,Haemoglobin,10.65,g/dL,9.0–16.5,2022-10-13,Normal
LAB006022,P2511,Platelet Count,708.65,x10^9/L,120–450,2022-11-01,High
LAB006023,P2512,LDL Cholesterol,1.89,mmol/L,1.5–5.0,2024-03-10,Normal
LAB006024,P2512,CRP,145.87,mg/L,0.1–120,2022-10-08,High
LAB006025,P2512,Fasting Glucose,8.23,mmol/L,3.5–10.0,2023-03-15,Normal
LAB006026,P2513,INR,1.81,ratio,0.8–4.5,2024-08-01,Normal
LAB006027,P2513,Serum Creatinine,428.6,umol/L,55–200,2023-06-19,High
LAB006028,P2513,TSH,2.77,mU/L,0.3–5.5,2023-07-26,Normal
LAB006029,P2513,eGFR,103.89,mL/min,15–120,2024-10-14,Normal
LAB006030,P2513,Fasting Glucose,13.75,mmol/L,3.5–10.0,2024-10-09,High
LAB006031,P2513,Serum Sodium,127.55,mmol/L,132–148,2023-02-17,Low
LAB006032,P2514,Serum Potassium,4.45,mmol/L,3.2–5.5,2023-06-05,Normal
LAB006033,P2514,Haemoglobin,8.52,g/dL,9.0–16.5,2022-07-27,Low
LAB006034,P2514,LDL Cholesterol,5.57,mmol/L,1.5–5.0,2023-09-26,High
LAB006035,P2514,Serum Sodium,148.9,mmol/L,132–148,2022-01-25,High
LAB006036,P2515,HDL Cholesterol,3.64,mmol/L,0.9–2.5,2023-06-19,High
LAB006037,P2515,Total Cholesterol,3.12,mmol/L,3.5–7.5,2024-11-06,Low
LAB006038,P2515,HbA1c,101.96,mmol/mol,28–75,2023-08-12,High
LAB006039,P2515,Haemoglobin,8.01,g/dL,9.0–16.5,2022-04-14,Low
LAB006040,P2515,Platelet Count,783.15,x10^9/L,120–450,2023-11-06,High
LAB006041,P2515,LDL Cholesterol,7.97,mmol/L,1.5–5.0,2022-10-06,High
LAB006042,P2516,LDL Cholesterol,6.98,mmol/L,1.5–5.0,2024-01-16,High
LAB006043,P2516,INR,3.19,ratio,0.8–4.5,2024-10-03,Normal
LAB006044,P2516,Serum Potassium,4.47,mmol/L,3.2–5.5,2023-04-04,Normal
LAB006045,P2516,HbA1c,91.17,mmol/mol,28–75,2023-01-09,High
LAB006046,P2517,LDL Cholesterol,1.62,mmol/L,1.5–5.0,2024-12-02,Normal
LAB006047,P2517,Haemoglobin,16.1,g/dL,9.0–16.5,2022-07-23,Normal
LAB006048,P2517,Platelet Count,366.71,x10^9/L,120–450,2022-05-27,Normal
LAB006049,P2517,Serum Creatinine,102.77,umol/L,55–200,2022-11-01,Normal
LAB006050,P2517,INR,1.14,ratio,0.8–4.5,2023-10-19,Normal
LAB006051,P2518,Fasting Glucose,17.99,mmol/L,3.5–10.0,2022-05-31,High
LAB006052,P2518,Serum Potassium,3.2,mmol/L,3.2–5.5,2023-03-01,Normal
LAB006053,P2519,Fasting Glucose,10.56,mmol/L,3.5–10.0,2023-01-20,High
LAB006054,P2519,HbA1c,87.13,mmol/mol,28–75,2022-04-01,High
LAB006055,P2520,INR,7.81,ratio,0.8–4.5,2023-07-26,High
LAB006056,P2520,HDL Cholesterol,3.84,mmol/L,0.9–2.5,2023-08-14,High
LAB006057,P2520,eGFR,93.93,mL/min,15–120,2022-08-01,Normal
LAB006058,P2521,LDL Cholesterol,1.45,mmol/L,1.5–5.0,2023-04-13,Low
LAB006059,P2521,Total Cholesterol,10.56,mmol/L,3.5–7.5,2022-03-10,High
LAB006060,P2521,Serum Sodium,142.31,mmol/L,132–148,2023-05-26,Normal
LAB006061,P2522,TSH,9.14,mU/L,0.3–5.5,2022-08-03,High
LAB006062,P2522,Serum Creatinine,171.67,umol/L,55–200,2022-01-25,Normal
LAB006063,P2522,Serum Sodium,159.36,mmol/L,132–148,2023-12-25,High
LAB006064,P2522,Haemoglobin,13.87,g/dL,9.0–16.5,2024-06-19,Normal
LAB006065,P2522,HbA1c,192.58,mmol/mol,28–75,2023-02-25,High
LAB006066,P2522,Platelet Count,409.79,x10^9/L,120–450,2022-12-14,Normal
LAB006067,P2523,LDL Cholesterol,3.68,mmol/L,1.5–5.0,2023-01-16,Normal
LAB006068,P2523,Fasting Glucose,4.53,mmol/L,3.5–10.0,2022-04-21,Normal
LAB006069,P2524,HbA1c,32.17,mmol/mol,28–75,2022-08-07,Normal
LAB006070,P2524,Platelet Count,518.45,x10^9/L,120–450,2022-06-02,High
LAB006071,P2524,TSH,27.76,mU/L,0.3–5.5,2023-09-10,High
LAB006072,P2524,INR,2.52,ratio,0.8–4.5,2023-05-20,Normal
LAB006073,P2524,LDL Cholesterol,4.55,mmol/L,1.5–5.0,2023-02-09,Normal
LAB006074,P2524,Haemoglobin,12.22,g/dL,9.0–16.5,2023-07-24,Normal
LAB006075,P2525,CRP,37.08,mg/L,0.1–120,2023-04-03,Normal
LAB006076,P2525,Serum Sodium,151.72,mmol/L,132–148,2024-07-01,High
LAB006077,P2525,TSH,1.85,mU/L,0.3–5.5,2023-05-28,Normal
LAB006078,P2525,LDL Cholesterol,4.81,mmol/L,1.5–5.0,2024-03-21,Normal
LAB006079,P2525,White Cell Count,5.9,x10^9/L,3.5–14.0,2024-01-21,Normal
LAB006080,P2526,HDL Cholesterol,3.59,mmol/L,0.9–2.5,2022-02-01,High
LAB006081,P2526,HbA1c,22.79,mmol/mol,28–75,2023-04-22,Low
LAB006082,P2526,Haemoglobin,18.86,g/dL,9.0–16.5,2023-10-22,High
LAB006083,P2526,TSH,19.5,mU/L,0.3–5.5,2024-11-05,High
LAB006084,P2527,Total Cholesterol,8.67,mmol/L,3.5–7.5,2024-11-12,High
LAB006085,P2527,INR,0.71,ratio,0.8–4.5,2023-01-02,Low
LAB006086,P2527,LDL Cholesterol,4.73,mmol/L,1.5–5.0,2023-04-21,Normal
LAB006087,P2527,HDL Cholesterol,2.31,mmol/L,0.9–2.5,2023-10-22,Normal
LAB006088,P2527,White Cell Count,2.68,x10^9/L,3.5–14.0,2022-10-07,Low
LAB006089,P2527,Fasting Glucose,15.12,mmol/L,3.5–10.0,2024-12-31,High
LAB006090,P2528,Haemoglobin,16.69,g/dL,9.0–16.5,2023-11-29,High
LAB006091,P2528,CRP,154.68,mg/L,0.1–120,2023-12-27,High
LAB006092,P2528,Platelet Count,214.39,x10^9/L,120–450,2022-05-24,Normal
LAB006093,P2528,White Cell Count,29.77,x10^9/L,3.5–14.0,2024-05-22,High
LAB006094,P2529,Fasting Glucose,5.89,mmol/L,3.5–10.0,2022-03-10,Normal
LAB006095,P2529,Serum Creatinine,284.36,umol/L,55–200,2022-02-03,High
LAB006096,P2529,TSH,11.45,mU/L,0.3–5.5,2024-05-02,High
LAB006097,P2529,LDL Cholesterol,5.61,mmol/L,1.5–5.0,2024-10-07,High
LAB006098,P2530,Serum Potassium,5.49,mmol/L,3.2–5.5,2023-03-13,Normal
LAB006099,P2530,CRP,229.69,mg/L,0.1–120,2023-04-23,High
LAB006100,P2531,Fasting Glucose,16.2,mmol/L,3.5–10.0,2022-05-22,High
LAB006101,P2531,Platelet Count,588.98,x10^9/L,120–450,2022-07-11,High
LAB006102,P2532,Platelet Count,302.72,x10^9/L,120–450,2023-03-28,Normal
LAB006103,P2532,Serum Creatinine,44.57,umol/L,55–200,2023-05-17,Low
LAB006104,P2533,LDL Cholesterol,5.64,mmol/L,1.5–5.0,2023-04-17,High
LAB006105,P2533,Serum Sodium,139.51,mmol/L,132–148,2022-06-08,Normal
LAB006106,P2533,Fasting Glucose,19.51,mmol/L,3.5–10.0,2022-01-18,High
LAB006107,P2533,CRP,232.21,mg/L,0.1–120,2023-03-17,High
LAB006108,P2533,HDL Cholesterol,2.2,mmol/L,0.9–2.5,2023-03-09,Normal
LAB006109,P2534,eGFR,106.34,mL/min,15–120,2022-10-08,Normal
LAB006110,P2534,Fasting Glucose,17.82,mmol/L,3.5–10.0,2022-01-30,High
LAB006111,P2535,CRP,13.62,mg/L,0.1–120,2022-10-22,Normal
LAB006112,P2535,Serum Creatinine,489.68,umol/L,55–200,2024-03-12,High
LAB006113,P2535,White Cell Count,6.29,x10^9/L,3.5–14.0,2023-07-08,Normal
LAB006114,P2535,Total Cholesterol,6.49,mmol/L,3.5–7.5,2023-09-04,Normal
LAB006115,P2536,HDL Cholesterol,1.45,mmol/L,0.9–2.5,2024-09-06,Normal
LAB006116,P2536,eGFR,35.48,mL/min,15–120,2024-01-08,Normal
LAB006117,P2536,White Cell Count,26.49,x10^9/L,3.5–14.0,2023-10-20,High
LAB006118,P2537,TSH,28.35,mU/L,0.3–5.5,2022-10-03,High
LAB006119,P2537,eGFR,76.94,mL/min,15–120,2022-02-19,Normal
LAB006120,P2538,Serum Sodium,144.97,mmol/L,132–148,2022-09-03,Normal
LAB006121,P2538,LDL Cholesterol,1.47,mmol/L,1.5–5.0,2024-07-11,Low
LAB006122,P2538,eGFR,128.33,mL/min,15–120,2022-03-12,High
LAB006123,P2538,Haemoglobin,14.7,g/dL,9.0–16.5,2024-09-03,Normal
LAB006124,P2539,INR,5.71,ratio,0.8–4.5,2023-10-20,High
LAB006125,P2539,Serum Potassium,2.06,mmol/L,3.2–5.5,2022-07-22,Low
LAB006126,P2539,Platelet Count,476.28,x10^9/L,120–450,2024-04-28,High
LAB006127,P2539,HbA1c,117.13,mmol/mol,28–75,2023-06-23,High
LAB006128,P2539,LDL Cholesterol,2.58,mmol/L,1.5–5.0,2024-06-10,Normal
LAB006129,P2539,Serum Creatinine,216.19,umol/L,55–200,2024-07-03,High
LAB006130,P2540,TSH,29.88,mU/L,0.3–5.5,2022-03-10,High
LAB006131,P2540,Fasting Glucose,19.46,mmol/L,3.5–10.0,2023-06-18,High
LAB006132,P2540,Serum Sodium,122.22,mmol/L,132–148,2024-01-11,Low
LAB006133,P2540,Haemoglobin,18.66,g/dL,9.0–16.5,2024-01-28,High
LAB006134,P2540,HDL Cholesterol,3.73,mmol/L,0.9–2.5,2023-10-30,High
LAB006135,P2540,Serum Potassium,4.1,mmol/L,3.2–5.5,2023-07-29,Normal
LAB006136,P2541,Platelet Count,180.72,x10^9/L,120–450,2022-08-28,Normal
LAB006137,P2541,TSH,21.88,mU/L,0.3–5.5,2024-10-17,High
LAB006138,P2542,Platelet Count,232.05,x10^9/L,120–450,2022-02-19,Normal
LAB006139,P2542,Serum Sodium,122.86,mmol/L,132–148,2023-06-12,Low
LAB006140,P2542,CRP,259.24,mg/L,0.1–120,2022-06-10,High
LAB006141,P2542,Serum Potassium,3.52,mmol/L,3.2–5.5,2022-03-10,Normal
LAB006142,P2543,Serum Sodium,135.5,mmol/L,132–148,2024-09-07,Normal
LAB006143,P2543,Serum Potassium,2.1,mmol/L,3.2–5.5,2022-05-28,Low
LAB006144,P2543,White Cell Count,25.44,x10^9/L,3.5–14.0,2023-07-11,High
LAB006145,P2543,HbA1c,191.62,mmol/mol,28–75,2024-01-06,High
LAB006146,P2544,White Cell Count,1.39,x10^9/L,3.5–14.0,2023-08-25,Low
LAB006147,P2544,HDL Cholesterol,0.63,mmol/L,0.9–2.5,2023-08-23,Low
LAB006148,P2544,HbA1c,148.38,mmol/mol,28–75,2023-06-06,High
LAB006149,P2544,TSH,25.48,mU/L,0.3–5.5,2023-05-31,High
LAB006150,P2545,Haemoglobin,17.34,g/dL,9.0–16.5,2023-12-20,High
LAB006151,P2545,eGFR,26.3,mL/min,15–120,2024-04-12,Normal
LAB006152,P2545,White Cell Count,1.55,x10^9/L,3.5–14.0,2022-10-18,Low
LAB006153,P2545,LDL Cholesterol,6.95,mmol/L,1.5–5.0,2024-03-22,High
LAB006154,P2545,HDL Cholesterol,1.99,mmol/L,0.9–2.5,2023-10-10,Normal
LAB006155,P2545,TSH,13.31,mU/L,0.3–5.5,2022-05-04,High
LAB006156,P2546,LDL Cholesterol,0.8,mmol/L,1.5–5.0,2024-08-21,Low
LAB006157,P2546,White Cell Count,18.47,x10^9/L,3.5–14.0,2022-06-12,High
LAB006158,P2547,White Cell Count,5.95,x10^9/L,3.5–14.0,2022-08-07,Normal
LAB006159,P2547,Fasting Glucose,16.27,mmol/L,3.5–10.0,2024-02-26,High
LAB006160,P2548,Total Cholesterol,2.6,mmol/L,3.5–7.5,2022-08-29,Low
LAB006161,P2548,Serum Potassium,3.84,mmol/L,3.2–5.5,2023-11-07,Normal
LAB006162,P2548,INR,5.01,ratio,0.8–4.5,2023-09-24,High
LAB006163,P2548,Serum Creatinine,166.95,umol/L,55–200,2023-11-24,Normal
LAB006164,P2549,Haemoglobin,17.73,g/dL,9.0–16.5,2022-05-25,High
LAB006165,P2549,INR,6.32,ratio,0.8–4.5,2023-06-10,High
LAB006166,P2550,Serum Potassium,5.42,mmol/L,3.2–5.5,2024-09-12,Normal
LAB006167,P2550,eGFR,123.68,mL/min,15–120,2024-09-18,High
LAB006168,P2551,CRP,12.06,mg/L,0.1–120,2023-04-14,Normal
LAB006169,P2551,LDL Cholesterol,6.33,mmol/L,1.5–5.0,2022-11-17,High
LAB006170,P2551,TSH,21.02,mU/L,0.3–5.5,2022-09-07,High
LAB006171,P2551,Fasting Glucose,12.51,mmol/L,3.5–10.0,2024-04-03,High
LAB006172,P2551,Serum Potassium,4.36,mmol/L,3.2–5.5,2022-11-29,Normal
LAB006173,P2552,HDL Cholesterol,2.28,mmol/L,0.9–2.5,2023-08-23,Normal
LAB006174,P2552,eGFR,39.76,mL/min,15–120,2024-05-08,Normal
LAB006175,P2552,Fasting Glucose,7.09,mmol/L,3.5–10.0,2024-10-31,Normal
LAB006176,P2552,INR,5.05,ratio,0.8–4.5,2023-01-04,High
LAB006177,P2553,Serum Potassium,4.71,mmol/L,3.2–5.5,2023-01-15,Normal
LAB006178,P2553,HDL Cholesterol,2.28,mmol/L,0.9–2.5,2022-05-18,Normal
LAB006179,P2553,Fasting Glucose,17.6,mmol/L,3.5–10.0,2023-05-11,High
LAB006180,P2553,CRP,259.2,mg/L,0.1–120,2022-09-18,High
LAB006181,P2554,Serum Sodium,150.7,mmol/L,132–148,2022-11-18,High
LAB006182,P2554,Serum Potassium,5.91,mmol/L,3.2–5.5,2024-07-26,High
LAB006183,P2554,INR,6.11,ratio,0.8–4.5,2023-10-27,High
LAB006184,P2554,HDL Cholesterol,3.93,mmol/L,0.9–2.5,2022-07-09,High
LAB006185,P2555,CRP,272.86,mg/L,0.1–120,2023-09-19,High
LAB006186,P2555,INR,0.65,ratio,0.8–4.5,2022-01-11,Low
LAB006187,P2555,HDL Cholesterol,2.51,mmol/L,0.9–2.5,2023-09-26,High
LAB006188,P2555,White Cell Count,12.15,x10^9/L,3.5–14.0,2023-06-07,Normal
LAB006189,P2556,LDL Cholesterol,6.12,mmol/L,1.5–5.0,2024-10-27,High
LAB006190,P2556,TSH,14.84,mU/L,0.3–5.5,2022-02-07,High
LAB006191,P2556,Platelet Count,533.01,x10^9/L,120–450,2024-09-03,High
LAB006192,P2556,Total Cholesterol,9.52,mmol/L,3.5–7.5,2024-09-06,High
LAB006193,P2556,Serum Potassium,3.99,mmol/L,3.2–5.5,2024-09-04,Normal
LAB006194,P2557,TSH,13.59,mU/L,0.3–5.5,2022-04-03,High
LAB006195,P2557,HDL Cholesterol,1.63,mmol/L,0.9–2.5,2023-07-16,Normal
LAB006196,P2557,Platelet Count,692.35,x10^9/L,120–450,2023-12-20,High
LAB006197,P2557,Haemoglobin,7.56,g/dL,9.0–16.5,2022-07-24,Low
LAB006198,P2557,LDL Cholesterol,6.91,mmol/L,1.5–5.0,2024-07-19,High
LAB006199,P2558,eGFR,110.84,mL/min,15–120,2024-07-03,Normal
LAB006200,P2558,Total Cholesterol,5.07,mmol/L,3.5–7.5,2024-06-10,Normal
LAB006201,P2559,eGFR,91.51,mL/min,15–120,2022-06-17,Normal
LAB006202,P2559,CRP,176.54,mg/L,0.1–120,2023-01-24,High
LAB006203,P2559,Serum Sodium,155.77,mmol/L,132–148,2022-12-02,High
LAB006204,P2559,INR,3.35,ratio,0.8–4.5,2023-06-03,Normal
LAB006205,P2559,HbA1c,42.71,mmol/mol,28–75,2023-03-08,Normal
LAB006206,P2560,Haemoglobin,18.11,g/dL,9.0–16.5,2024-10-13,High
LAB006207,P2560,eGFR,110.68,mL/min,15–120,2022-02-01,Normal
LAB006208,P2561,TSH,3.51,mU/L,0.3–5.5,2024-02-07,Normal
LAB006209,P2561,Serum Creatinine,512.06,umol/L,55–200,2024-06-12,High
LAB006210,P2561,eGFR,96.71,mL/min,15–120,2023-03-12,Normal
LAB006211,P2561,Haemoglobin,17.15,g/dL,9.0–16.5,2024-05-01,High
LAB006212,P2561,INR,4.14,ratio,0.8–4.5,2023-09-13,Normal
LAB006213,P2561,Platelet Count,691.79,x10^9/L,120–450,2024-07-01,High
LAB006214,P2562,Haemoglobin,10.98,g/dL,9.0–16.5,2024-07-11,Normal
LAB006215,P2562,INR,6.84,ratio,0.8–4.5,2024-08-16,High
LAB006216,P2562,Fasting Glucose,19.0,mmol/L,3.5–10.0,2022-04-24,High
LAB006217,P2562,HDL Cholesterol,0.97,mmol/L,0.9–2.5,2024-01-18,Normal
LAB006218,P2562,HbA1c,199.28,mmol/mol,28–75,2022-02-07,High
LAB006219,P2563,Serum Creatinine,578.75,umol/L,55–200,2023-06-09,High
LAB006220,P2563,CRP,185.35,mg/L,0.1–120,2022-03-15,High
LAB006221,P2564,Serum Sodium,125.29,mmol/L,132–148,2024-03-08,Low
LAB006222,P2564,Platelet Count,795.02,x10^9/L,120–450,2023-03-20,High
LAB006223,P2564,White Cell Count,15.23,x10^9/L,3.5–14.0,2023-07-02,High
LAB006224,P2564,Serum Creatinine,562.26,umol/L,55–200,2023-07-06,High
LAB006225,P2564,Haemoglobin,11.0,g/dL,9.0–16.5,2023-11-21,Normal
LAB006226,P2564,CRP,212.88,mg/L,0.1–120,2024-08-27,High
LAB006227,P2565,INR,2.32,ratio,0.8–4.5,2023-11-24,Normal
LAB006228,P2565,TSH,20.7,mU/L,0.3–5.5,2023-01-12,High
LAB006229,P2565,Serum Potassium,2.02,mmol/L,3.2–5.5,2023-11-15,Low
LAB006230,P2565,eGFR,8.3,mL/min,15–120,2023-12-01,Low
LAB006231,P2565,LDL Cholesterol,7.64,mmol/L,1.5–5.0,2022-01-21,High
LAB006232,P2566,Total Cholesterol,7.28,mmol/L,3.5–7.5,2022-10-20,Normal
LAB006233,P2566,Haemoglobin,12.65,g/dL,9.0–16.5,2023-11-01,Normal
LAB006234,P2566,Serum Sodium,146.89,mmol/L,132–148,2024-10-16,Normal
LAB006235,P2566,INR,0.95,ratio,0.8–4.5,2023-07-13,Normal
LAB006236,P2566,CRP,252.46,mg/L,0.1–120,2022-11-19,High
LAB006237,P2567,INR,7.44,ratio,0.8–4.5,2022-03-05,High
LAB006238,P2567,eGFR,103.49,mL/min,15–120,2023-01-19,Normal
LAB006239,P2567,HbA1c,160.02,mmol/mol,28–75,2024-06-10,High
LAB006240,P2567,LDL Cholesterol,5.61,mmol/L,1.5–5.0,2023-09-20,High
LAB006241,P2567,CRP,79.33,mg/L,0.1–120,2022-12-20,Normal
LAB006242,P2568,INR,0.92,ratio,0.8–4.5,2024-09-14,Normal
LAB006243,P2568,TSH,18.1,mU/L,0.3–5.5,2024-03-26,High
LAB006244,P2568,HDL Cholesterol,3.31,mmol/L,0.9–2.5,2024-06-04,High
LAB006245,P2568,LDL Cholesterol,3.16,mmol/L,1.5–5.0,2024-09-06,Normal
LAB006246,P2568,Serum Creatinine,312.57,umol/L,55–200,2024-08-14,High
LAB006247,P2568,HbA1c,142.54,mmol/mol,28–75,2023-06-09,High
LAB006248,P2569,HDL Cholesterol,1.97,mmol/L,0.9–2.5,2023-08-13,Normal
LAB006249,P2569,Haemoglobin,13.9,g/dL,9.0–16.5,2022-05-13,Normal
LAB006250,P2569,Fasting Glucose,12.56,mmol/L,3.5–10.0,2024-03-08,High
LAB006251,P2570,Serum Potassium,3.67,mmol/L,3.2–5.5,2024-08-22,Normal
LAB006252,P2570,eGFR,105.35,mL/min,15–120,2023-12-04,Normal
LAB006253,P2570,Platelet Count,505.54,x10^9/L,120–450,2023-12-07,High
LAB006254,P2571,Fasting Glucose,12.92,mmol/L,3.5–10.0,2023-12-16,High
LAB006255,P2571,eGFR,58.39,mL/min,15–120,2024-09-02,Normal
LAB006256,P2572,HbA1c,29.62,mmol/mol,28–75,2022-04-05,Normal
LAB006257,P2572,Haemoglobin,6.3,g/dL,9.0–16.5,2022-05-10,Low
LAB006258,P2572,Platelet Count,197.51,x10^9/L,120–450,2023-09-23,Normal
LAB006259,P2572,White Cell Count,24.92,x10^9/L,3.5–14.0,2022-02-07,High
LAB006260,P2572,Total Cholesterol,3.41,mmol/L,3.5–7.5,2024-09-10,Low
LAB006261,P2572,LDL Cholesterol,2.75,mmol/L,1.5–5.0,2022-12-31,Normal
LAB006262,P2573,Platelet Count,517.64,x10^9/L,120–450,2022-07-20,High
LAB006263,P2573,INR,4.64,ratio,0.8–4.5,2022-07-04,High
LAB006264,P2573,Serum Sodium,147.87,mmol/L,132–148,2023-12-23,Normal
LAB006265,P2573,Total Cholesterol,11.08,mmol/L,3.5–7.5,2022-08-30,High
LAB006266,P2573,HDL Cholesterol,0.91,mmol/L,0.9–2.5,2022-12-24,Normal
LAB006267,P2574,INR,1.01,ratio,0.8–4.5,2022-08-08,Normal
LAB006268,P2574,HDL Cholesterol,2.4,mmol/L,0.9–2.5,2024-08-04,Normal
LAB006269,P2574,eGFR,129.19,mL/min,15–120,2022-07-13,High
LAB006270,P2574,CRP,79.02,mg/L,0.1–120,2024-01-02,Normal
LAB006271,P2574,HbA1c,126.22,mmol/mol,28–75,2022-07-16,High
LAB006272,P2574,LDL Cholesterol,7.83,mmol/L,1.5–5.0,2022-10-25,High
LAB006273,P2575,TSH,24.79,mU/L,0.3–5.5,2022-05-02,High
LAB006274,P2575,LDL Cholesterol,7.95,mmol/L,1.5–5.0,2024-02-28,High
LAB006275,P2576,Serum Potassium,2.77,mmol/L,3.2–5.5,2023-08-18,Low
LAB006276,P2576,eGFR,108.39,mL/min,15–120,2023-03-02,Normal
LAB006277,P2576,CRP,216.33,mg/L,0.1–120,2024-01-02,High
LAB006278,P2576,Platelet Count,710.4,x10^9/L,120–450,2023-08-11,High
LAB006279,P2576,HDL Cholesterol,3.6,mmol/L,0.9–2.5,2024-12-21,High
LAB006280,P2577,HDL Cholesterol,1.57,mmol/L,0.9–2.5,2023-10-27,Normal
LAB006281,P2577,eGFR,11.71,mL/min,15–120,2023-05-14,Low
LAB006282,P2577,LDL Cholesterol,0.57,mmol/L,1.5–5.0,2023-01-03,Low
LAB006283,P2577,Haemoglobin,18.24,g/dL,9.0–16.5,2024-08-30,High
LAB006284,P2577,Serum Sodium,151.61,mmol/L,132–148,2022-06-12,High
LAB006285,P2577,TSH,29.86,mU/L,0.3–5.5,2023-02-23,High
LAB006286,P2578,eGFR,49.72,mL/min,15–120,2023-11-07,Normal
LAB006287,P2578,Total Cholesterol,5.53,mmol/L,3.5–7.5,2022-11-20,Normal
LAB006288,P2579,Haemoglobin,18.07,g/dL,9.0–16.5,2023-09-18,High
LAB006289,P2579,Platelet Count,556.68,x10^9/L,120–450,2024-11-12,High
LAB006290,P2579,INR,2.35,ratio,0.8–4.5,2024-08-12,Normal
LAB006291,P2579,Total Cholesterol,3.44,mmol/L,3.5–7.5,2024-08-02,Low
LAB006292,P2579,HDL Cholesterol,3.17,mmol/L,0.9–2.5,2024-09-25,High
LAB006293,P2580,CRP,170.86,mg/L,0.1–120,2023-07-04,High
LAB006294,P2580,LDL Cholesterol,6.95,mmol/L,1.5–5.0,2022-06-12,High
LAB006295,P2580,Serum Sodium,152.05,mmol/L,132–148,2024-12-14,High
LAB006296,P2580,White Cell Count,29.06,x10^9/L,3.5–14.0,2024-06-25,High
LAB006297,P2580,Serum Potassium,2.83,mmol/L,3.2–5.5,2024-09-25,Low
LAB006298,P2580,TSH,14.41,mU/L,0.3–5.5,2024-10-16,High
LAB006299,P2581,eGFR,60.39,mL/min,15–120,2022-12-05,Normal
LAB006300,P2581,Platelet Count,497.61,x10^9/L,120–450,2024-02-20,High
LAB006301,P2581,Fasting Glucose,7.64,mmol/L,3.5–10.0,2023-07-31,Normal
LAB006302,P2581,HbA1c,38.06,mmol/mol,28–75,2023-10-11,Normal
LAB006303,P2581,HDL Cholesterol,2.2,mmol/L,0.9–2.5,2022-06-02,Normal
LAB006304,P2581,Serum Sodium,146.63,mmol/L,132–148,2022-04-13,Normal
LAB006305,P2582,HbA1c,67.5,mmol/mol,28–75,2022-01-17,Normal
LAB006306,P2582,HDL Cholesterol,2.11,mmol/L,0.9–2.5,2022-07-29,Normal
LAB006307,P2582,CRP,170.08,mg/L,0.1–120,2022-10-03,High
LAB006308,P2583,TSH,1.7,mU/L,0.3–5.5,2023-01-04,Normal
LAB006309,P2583,CRP,126.76,mg/L,0.1–120,2024-06-15,High
LAB006310,P2583,HDL Cholesterol,2.35,mmol/L,0.9–2.5,2022-07-24,Normal
LAB006311,P2583,LDL Cholesterol,2.68,mmol/L,1.5–5.0,2024-03-21,Normal
LAB006312,P2583,Serum Sodium,128.88,mmol/L,132–148,2024-01-03,Low
LAB006313,P2583,Haemoglobin,10.45,g/dL,9.0–16.5,2022-06-11,Normal
LAB006314,P2584,LDL Cholesterol,0.73,mmol/L,1.5–5.0,2022-08-22,Low
LAB006315,P2584,Serum Creatinine,439.99,umol/L,55–200,2024-11-12,High
LAB006316,P2584,CRP,90.71,mg/L,0.1–120,2024-03-21,Normal
LAB006317,P2584,Fasting Glucose,9.97,mmol/L,3.5–10.0,2023-04-07,Normal
LAB006318,P2584,Serum Potassium,6.77,mmol/L,3.2–5.5,2022-07-07,High
LAB006319,P2584,Serum Sodium,152.5,mmol/L,132–148,2024-09-04,High
LAB006320,P2585,Serum Sodium,148.96,mmol/L,132–148,2022-05-15,High
LAB006321,P2585,HbA1c,197.68,mmol/mol,28–75,2024-08-02,High
LAB006322,P2586,Platelet Count,319.6,x10^9/L,120–450,2022-02-26,Normal
LAB006323,P2586,LDL Cholesterol,6.51,mmol/L,1.5–5.0,2023-04-23,High
LAB006324,P2586,Fasting Glucose,2.12,mmol/L,3.5–10.0,2022-08-01,Low
LAB006325,P2586,Haemoglobin,15.88,g/dL,9.0–16.5,2024-06-30,Normal
LAB006326,P2587,Haemoglobin,17.67,g/dL,9.0–16.5,2024-09-12,High
LAB006327,P2587,LDL Cholesterol,6.58,mmol/L,1.5–5.0,2022-04-01,High
LAB006328,P2587,INR,1.13,ratio,0.8–4.5,2022-01-12,Normal
LAB006329,P2588,Serum Potassium,4.83,mmol/L,3.2–5.5,2024-04-27,Normal
LAB006330,P2588,HDL Cholesterol,1.05,mmol/L,0.9–2.5,2022-11-20,Normal
LAB006331,P2589,Serum Sodium,120.62,mmol/L,132–148,2022-01-01,Low
LAB006332,P2589,Serum Potassium,4.08,mmol/L,3.2–5.5,2023-03-04,Normal
LAB006333,P2589,HDL Cholesterol,2.33,mmol/L,0.9–2.5,2023-11-17,Normal
LAB006334,P2590,INR,7.45,ratio,0.8–4.5,2022-04-19,High
LAB006335,P2590,Serum Sodium,126.84,mmol/L,132–148,2023-10-04,Low
LAB006336,P2590,Platelet Count,691.38,x10^9/L,120–450,2023-07-09,High
LAB006337,P2590,eGFR,36.19,mL/min,15–120,2022-03-26,Normal
LAB006338,P2591,INR,6.73,ratio,0.8–4.5,2022-03-05,High
LAB006339,P2591,Haemoglobin,19.91,g/dL,9.0–16.5,2022-03-08,High
LAB006340,P2591,Fasting Glucose,19.22,mmol/L,3.5–10.0,2023-11-26,High
LAB006341,P2591,TSH,1.59,mU/L,0.3–5.5,2023-10-09,Normal
LAB006342,P2592,CRP,33.84,mg/L,0.1–120,2023-11-03,Normal
LAB006343,P2592,Fasting Glucose,13.0,mmol/L,3.5–10.0,2024-04-12,High
LAB006344,P2592,Serum Sodium,122.32,mmol/L,132–148,2022-11-06,Low
LAB006345,P2593,eGFR,104.59,mL/min,15–120,2024-10-09,Normal
LAB006346,P2593,Platelet Count,797.52,x10^9/L,120–450,2024-06-14,High
LAB006347,P2593,TSH,12.52,mU/L,0.3–5.5,2023-11-02,High
LAB006348,P2593,LDL Cholesterol,2.43,mmol/L,1.5–5.0,2024-10-25,Normal
LAB006349,P2593,HDL Cholesterol,3.45,mmol/L,0.9–2.5,2023-11-12,High
LAB006350,P2594,Total Cholesterol,10.37,mmol/L,3.5–7.5,2022-12-13,High
LAB006351,P2594,Serum Creatinine,132.29,umol/L,55–200,2024-03-31,Normal
LAB006352,P2594,Haemoglobin,18.11,g/dL,9.0–16.5,2022-04-27,High
LAB006353,P2594,INR,3.4,ratio,0.8–4.5,2023-06-24,Normal
LAB006354,P2594,HbA1c,139.33,mmol/mol,28–75,2024-10-21,High
LAB006355,P2595,TSH,10.13,mU/L,0.3–5.5,2023-06-13,High
LAB006356,P2595,Fasting Glucose,17.84,mmol/L,3.5–10.0,2024-11-27,High
LAB006357,P2595,CRP,47.89,mg/L,0.1–120,2024-10-18,Normal
LAB006358,P2595,Serum Sodium,124.37,mmol/L,132–148,2022-08-26,Low
LAB006359,P2595,Haemoglobin,10.2,g/dL,9.0–16.5,2022-07-18,Normal
LAB006360,P2596,HbA1c,122.15,mmol/mol,28–75,2023-11-08,High
LAB006361,P2596,Serum Creatinine,231.85,umol/L,55–200,2024-09-30,High
LAB006362,P2596,White Cell Count,2.22,x10^9/L,3.5–14.0,2022-12-15,Low
LAB006363,P2596,CRP,120.51,mg/L,0.1–120,2024-02-21,High
LAB006364,P2596,Fasting Glucose,17.31,mmol/L,3.5–10.0,2023-10-30,High
LAB006365,P2597,HDL Cholesterol,3.07,mmol/L,0.9–2.5,2022-07-07,High
LAB006366,P2597,CRP,270.7,mg/L,0.1–120,2023-07-26,High
LAB006367,P2598,Platelet Count,158.71,x10^9/L,120–450,2024-04-08,Normal
LAB006368,P2598,HDL Cholesterol,2.23,mmol/L,0.9–2.5,2022-02-08,Normal
LAB006369,P2598,TSH,15.91,mU/L,0.3–5.5,2022-05-05,High
LAB006370,P2599,INR,6.64,ratio,0.8–4.5,2023-04-11,High
LAB006371,P2599,HbA1c,98.89,mmol/mol,28–75,2024-11-14,High
LAB006372,P2599,Fasting Glucose,13.84,mmol/L,3.5–10.0,2022-12-29,High
LAB006373,P2599,Serum Creatinine,264.1,umol/L,55–200,2023-06-01,High
LAB006374,P2600,Haemoglobin,11.75,g/dL,9.0–16.5,2024-10-31,Normal
LAB006375,P2600,HbA1c,40.95,mmol/mol,28–75,2022-11-03,Normal
LAB006376,P2600,HDL Cholesterol,3.56,mmol/L,0.9–2.5,2022-01-12,High
LAB006377,P2600,Total Cholesterol,6.45,mmol/L,3.5–7.5,2024-02-22,Normal
LAB006378,P2600,TSH,19.79,mU/L,0.3–5.5,2022-06-10,High
LAB006379,P2600,Fasting Glucose,9.9,mmol/L,3.5–10.0,2022-01-22,Normal
LAB006380,P2601,eGFR,14.73,mL/min,15–120,2023-06-27,Low
LAB006381,P2601,White Cell Count,7.38,x10^9/L,3.5–14.0,2024-01-08,Normal
LAB006382,P2602,Haemoglobin,11.48,g/dL,9.0–16.5,2022-08-03,Normal
LAB006383,P2602,Total Cholesterol,8.83,mmol/L,3.5–7.5,2023-10-03,High
LAB006384,P2602,Serum Potassium,3.26,mmol/L,3.2–5.5,2024-07-29,Normal
LAB006385,P2602,LDL Cholesterol,6.38,mmol/L,1.5–5.0,2023-10-23,High
LAB006386,P2602,Platelet Count,78.32,x10^9/L,120–450,2024-10-09,Low
LAB006387,P2602,CRP,129.78,mg/L,0.1–120,2022-06-14,High
LAB006388,P2603,Serum Creatinine,531.93,umol/L,55–200,2022-01-12,High
LAB006389,P2603,TSH,26.97,mU/L,0.3–5.5,2024-08-27,High
LAB006390,P2603,Fasting Glucose,11.96,mmol/L,3.5–10.0,2023-01-02,High
LAB006391,P2603,Serum Sodium,140.28,mmol/L,132–148,2024-01-24,Normal
LAB006392,P2603,White Cell Count,11.52,x10^9/L,3.5–14.0,2024-06-13,Normal
LAB006393,P2604,White Cell Count,13.41,x10^9/L,3.5–14.0,2024-09-16,Normal
LAB006394,P2604,Serum Potassium,4.41,mmol/L,3.2–5.5,2022-04-04,Normal
LAB006395,P2605,eGFR,80.51,mL/min,15–120,2022-11-23,Normal
LAB006396,P2605,Haemoglobin,17.18,g/dL,9.0–16.5,2022-12-29,High
LAB006397,P2605,Total Cholesterol,7.53,mmol/L,3.5–7.5,2023-04-22,High
LAB006398,P2605,Serum Sodium,131.98,mmol/L,132–148,2022-08-29,Low
LAB006399,P2605,Fasting Glucose,6.66,mmol/L,3.5–10.0,2022-01-22,Normal
LAB006400,P2606,TSH,28.56,mU/L,0.3–5.5,2024-01-15,High
LAB006401,P2606,Total Cholesterol,8.22,mmol/L,3.5–7.5,2024-12-31,High
LAB006402,P2606,Fasting Glucose,6.0,mmol/L,3.5–10.0,2024-05-15,Normal
LAB006403,P2606,Serum Creatinine,573.63,umol/L,55–200,2024-08-07,High
LAB006404,P2606,INR,7.34,ratio,0.8–4.5,2023-07-29,High
LAB006405,P2606,Haemoglobin,16.99,g/dL,9.0–16.5,2022-04-22,High
LAB006406,P2607,Serum Potassium,3.73,mmol/L,3.2–5.5,2023-07-03,Normal
LAB006407,P2607,Platelet Count,656.1,x10^9/L,120–450,2024-08-10,High
LAB006408,P2607,Fasting Glucose,13.3,mmol/L,3.5–10.0,2024-03-11,High
LAB006409,P2607,Total Cholesterol,7.91,mmol/L,3.5–7.5,2024-12-28,High
LAB006410,P2607,CRP,296.69,mg/L,0.1–120,2022-03-01,High
LAB006411,P2607,HbA1c,36.31,mmol/mol,28–75,2022-12-05,Normal
LAB006412,P2608,TSH,1.83,mU/L,0.3–5.5,2023-03-19,Normal
LAB006413,P2608,eGFR,56.87,mL/min,15–120,2022-01-30,Normal
LAB006414,P2608,CRP,257.92,mg/L,0.1–120,2022-03-20,High
LAB006415,P2608,Total Cholesterol,3.49,mmol/L,3.5–7.5,2024-10-02,Low
LAB006416,P2609,TSH,25.5,mU/L,0.3–5.5,2022-12-11,High
LAB006417,P2609,Fasting Glucose,14.92,mmol/L,3.5–10.0,2024-03-26,High
LAB006418,P2610,Haemoglobin,18.62,g/dL,9.0–16.5,2023-11-22,High
LAB006419,P2610,HbA1c,131.43,mmol/mol,28–75,2022-08-05,High
LAB006420,P2610,LDL Cholesterol,2.89,mmol/L,1.5–5.0,2024-03-12,Normal
LAB006421,P2611,CRP,211.61,mg/L,0.1–120,2022-11-07,High
LAB006422,P2611,eGFR,127.82,mL/min,15–120,2024-04-11,High
LAB006423,P2611,TSH,26.28,mU/L,0.3–5.5,2023-12-13,High
LAB006424,P2611,Fasting Glucose,11.75,mmol/L,3.5–10.0,2024-03-23,High
LAB006425,P2611,INR,7.43,ratio,0.8–4.5,2023-01-30,High
LAB006426,P2612,INR,7.86,ratio,0.8–4.5,2024-02-09,High
LAB006427,P2612,HbA1c,112.42,mmol/mol,28–75,2023-01-21,High
LAB006428,P2612,Total Cholesterol,11.26,mmol/L,3.5–7.5,2022-05-05,High
LAB006429,P2612,Serum Creatinine,382.73,umol/L,55–200,2022-12-31,High
LAB006430,P2612,LDL Cholesterol,2.95,mmol/L,1.5–5.0,2023-07-20,Normal
LAB006431,P2613,HbA1c,89.7,mmol/mol,28–75,2023-07-04,High
LAB006432,P2613,TSH,0.56,mU/L,0.3–5.5,2024-06-18,Normal
LAB006433,P2613,White Cell Count,17.22,x10^9/L,3.5–14.0,2024-08-06,High
LAB006434,P2613,CRP,245.83,mg/L,0.1–120,2024-10-16,High
LAB006435,P2614,INR,4.52,ratio,0.8–4.5,2023-02-14,High
LAB006436,P2614,CRP,190.84,mg/L,0.1–120,2023-08-12,High
LAB006437,P2615,TSH,29.47,mU/L,0.3–5.5,2022-01-10,High
LAB006438,P2615,HbA1c,98.66,mmol/mol,28–75,2023-10-23,High
LAB006439,P2616,HDL Cholesterol,3.84,mmol/L,0.9–2.5,2022-01-12,High
LAB006440,P2616,White Cell Count,9.02,x10^9/L,3.5–14.0,2022-05-07,Normal
LAB006441,P2616,CRP,67.62,mg/L,0.1–120,2023-10-04,Normal
LAB006442,P2616,LDL Cholesterol,6.77,mmol/L,1.5–5.0,2024-04-28,High
LAB006443,P2616,Platelet Count,50.98,x10^9/L,120–450,2024-12-28,Low
LAB006444,P2616,Serum Sodium,144.37,mmol/L,132–148,2024-10-13,Normal
LAB006445,P2617,eGFR,75.65,mL/min,15–120,2023-05-17,Normal
LAB006446,P2617,HDL Cholesterol,2.15,mmol/L,0.9–2.5,2022-01-11,Normal
LAB006447,P2618,HDL Cholesterol,2.72,mmol/L,0.9–2.5,2023-10-07,High
LAB006448,P2618,Haemoglobin,16.47,g/dL,9.0–16.5,2023-05-12,Normal
LAB006449,P2618,Platelet Count,93.26,x10^9/L,120–450,2024-08-20,Low
LAB006450,P2618,HbA1c,22.66,mmol/mol,28–75,2024-09-27,Low
LAB006451,P2619,Platelet Count,326.25,x10^9/L,120–450,2023-01-21,Normal
LAB006452,P2619,HbA1c,20.79,mmol/mol,28–75,2022-04-08,Low
LAB006453,P2619,Total Cholesterol,5.21,mmol/L,3.5–7.5,2022-04-13,Normal
LAB006454,P2619,Haemoglobin,18.56,g/dL,9.0–16.5,2022-08-31,High
LAB006455,P2619,eGFR,116.88,mL/min,15–120,2023-11-03,Normal
LAB006456,P2619,HDL Cholesterol,3.7,mmol/L,0.9–2.5,2023-11-04,High
LAB006457,P2620,Haemoglobin,16.85,g/dL,9.0–16.5,2023-08-03,High
LAB006458,P2620,LDL Cholesterol,1.85,mmol/L,1.5–5.0,2023-09-22,Normal
LAB006459,P2620,White Cell Count,1.71,x10^9/L,3.5–14.0,2022-11-24,Low
LAB006460,P2620,TSH,15.32,mU/L,0.3–5.5,2024-10-23,High
LAB006461,P2621,TSH,10.34,mU/L,0.3–5.5,2023-04-04,High
LAB006462,P2621,HbA1c,53.08,mmol/mol,28–75,2024-01-29,Normal
LAB006463,P2621,Haemoglobin,15.71,g/dL,9.0–16.5,2024-01-09,Normal
LAB006464,P2621,Total Cholesterol,2.73,mmol/L,3.5–7.5,2024-01-28,Low
LAB006465,P2622,Fasting Glucose,7.93,mmol/L,3.5–10.0,2023-06-02,Normal
LAB006466,P2622,LDL Cholesterol,4.01,mmol/L,1.5–5.0,2022-07-08,Normal
LAB006467,P2623,White Cell Count,1.39,x10^9/L,3.5–14.0,2024-01-11,Low
LAB006468,P2623,CRP,36.71,mg/L,0.1–120,2022-09-04,Normal
LAB006469,P2623,Haemoglobin,18.28,g/dL,9.0–16.5,2023-07-02,High
LAB006470,P2623,Serum Potassium,2.44,mmol/L,3.2–5.5,2022-02-20,Low
LAB006471,P2623,Serum Creatinine,234.55,umol/L,55–200,2022-07-09,High
LAB006472,P2624,Fasting Glucose,18.85,mmol/L,3.5–10.0,2022-01-07,High
LAB006473,P2624,Total Cholesterol,6.93,mmol/L,3.5–7.5,2022-03-27,Normal
LAB006474,P2624,HbA1c,195.96,mmol/mol,28–75,2024-02-05,High
LAB006475,P2624,Serum Sodium,122.71,mmol/L,132–148,2024-05-26,Low
LAB006476,P2625,Platelet Count,355.37,x10^9/L,120–450,2022-10-25,Normal
LAB006477,P2625,INR,6.38,ratio,0.8–4.5,2024-02-23,High
LAB006478,P2625,LDL Cholesterol,4.71,mmol/L,1.5–5.0,2023-06-28,Normal
LAB006479,P2625,TSH,13.45,mU/L,0.3–5.5,2024-11-12,High
LAB006480,P2625,Total Cholesterol,6.65,mmol/L,3.5–7.5,2023-02-20,Normal
LAB006481,P2625,Haemoglobin,6.59,g/dL,9.0–16.5,2022-11-05,Low
LAB006482,P2626,Total Cholesterol,2.48,mmol/L,3.5–7.5,2022-04-15,Low
LAB006483,P2626,INR,3.25,ratio,0.8–4.5,2023-02-11,Normal
LAB006484,P2626,LDL Cholesterol,3.59,mmol/L,1.5–5.0,2022-04-03,Normal
LAB006485,P2626,Platelet Count,379.2,x10^9/L,120–450,2022-11-01,Normal
LAB006486,P2627,INR,4.08,ratio,0.8–4.5,2023-09-01,Normal
LAB006487,P2627,CRP,184.73,mg/L,0.1–120,2022-10-08,High
LAB006488,P2627,Fasting Glucose,13.61,mmol/L,3.5–10.0,2022-05-23,High
LAB006489,P2627,LDL Cholesterol,4.76,mmol/L,1.5–5.0,2024-05-31,Normal
LAB006490,P2628,Platelet Count,205.67,x10^9/L,120–450,2024-05-25,Normal
LAB006491,P2628,HDL Cholesterol,1.72,mmol/L,0.9–2.5,2023-02-04,Normal
LAB006492,P2628,LDL Cholesterol,1.13,mmol/L,1.5–5.0,2023-09-20,Low
LAB006493,P2628,eGFR,117.64,mL/min,15–120,2023-10-08,Normal
LAB006494,P2628,INR,5.7,ratio,0.8–4.5,2023-07-28,High
LAB006495,P2629,eGFR,51.02,mL/min,15–120,2023-10-17,Normal
LAB006496,P2629,White Cell Count,29.77,x10^9/L,3.5–14.0,2023-08-25,High
LAB006497,P2629,TSH,11.45,mU/L,0.3–5.5,2023-04-22,High
LAB006498,P2629,Fasting Glucose,16.22,mmol/L,3.5–10.0,2022-08-09,High
LAB006499,P2630,Haemoglobin,16.93,g/dL,9.0–16.5,2023-05-07,High
LAB006500,P2630,Platelet Count,781.8,x10^9/L,120–450,2022-04-05,High
LAB006501,P2630,White Cell Count,4.73,x10^9/L,3.5–14.0,2022-01-17,Normal
LAB006502,P2630,INR,2.61,ratio,0.8–4.5,2023-03-07,Normal
LAB006503,P2630,CRP,72.28,mg/L,0.1–120,2023-03-31,Normal
LAB006504,P2630,eGFR,91.44,mL/min,15–120,2024-12-11,Normal
LAB006505,P2631,Fasting Glucose,8.96,mmol/L,3.5–10.0,2022-10-25,Normal
LAB006506,P2631,Serum Potassium,3.62,mmol/L,3.2–5.5,2022-11-11,Normal
LAB006507,P2631,Platelet Count,421.74,x10^9/L,120–450,2023-06-14,Normal
LAB006508,P2632,HbA1c,75.86,mmol/mol,28–75,2024-06-10,High
LAB006509,P2632,TSH,27.87,mU/L,0.3–5.5,2024-05-28,High
LAB006510,P2633,HDL Cholesterol,1.86,mmol/L,0.9–2.5,2022-11-25,Normal
LAB006511,P2633,Haemoglobin,12.5,g/dL,9.0–16.5,2024-09-03,Normal
LAB006512,P2633,HbA1c,152.06,mmol/mol,28–75,2024-05-07,High
LAB006513,P2633,INR,7.64,ratio,0.8–4.5,2023-02-19,High
LAB006514,P2633,Serum Potassium,4.07,mmol/L,3.2–5.5,2022-03-01,Normal
LAB006515,P2633,Total Cholesterol,5.57,mmol/L,3.5–7.5,2024-09-21,Normal
LAB006516,P2634,White Cell Count,23.46,x10^9/L,3.5–14.0,2022-10-29,High
LAB006517,P2634,HbA1c,56.22,mmol/mol,28–75,2022-03-30,Normal
LAB006518,P2634,CRP,169.32,mg/L,0.1–120,2022-03-02,High
LAB006519,P2635,Platelet Count,794.88,x10^9/L,120–450,2022-12-14,High
LAB006520,P2635,TSH,8.85,mU/L,0.3–5.5,2024-10-20,High
LAB006521,P2636,Serum Potassium,4.33,mmol/L,3.2–5.5,2022-07-23,Normal
LAB006522,P2636,CRP,157.14,mg/L,0.1–120,2024-03-22,High
LAB006523,P2637,Fasting Glucose,11.13,mmol/L,3.5–10.0,2024-04-27,High
LAB006524,P2637,HbA1c,171.11,mmol/mol,28–75,2024-04-06,High
LAB006525,P2637,Platelet Count,395.3,x10^9/L,120–450,2022-12-23,Normal
LAB006526,P2638,Serum Potassium,3.94,mmol/L,3.2–5.5,2022-01-29,Normal
LAB006527,P2638,CRP,113.58,mg/L,0.1–120,2024-03-28,Normal
LAB006528,P2638,Fasting Glucose,17.36,mmol/L,3.5–10.0,2024-10-29,High
LAB006529,P2638,eGFR,90.12,mL/min,15–120,2024-12-08,Normal
LAB006530,P2638,White Cell Count,2.84,x10^9/L,3.5–14.0,2022-11-23,Low
LAB006531,P2638,Platelet Count,414.76,x10^9/L,120–450,2022-04-07,Normal
LAB006532,P2639,Serum Sodium,126.87,mmol/L,132–148,2023-06-30,Low
LAB006533,P2639,INR,3.33,ratio,0.8–4.5,2024-10-28,Normal
LAB006534,P2639,Total Cholesterol,11.29,mmol/L,3.5–7.5,2024-05-14,High
LAB006535,P2639,Serum Creatinine,341.18,umol/L,55–200,2022-06-03,High
LAB006536,P2640,Platelet Count,125.65,x10^9/L,120–450,2024-07-23,Normal
LAB006537,P2640,Total Cholesterol,11.93,mmol/L,3.5–7.5,2024-06-25,High
LAB006538,P2640,INR,0.56,ratio,0.8–4.5,2022-09-10,Low
LAB006539,P2640,Serum Potassium,2.21,mmol/L,3.2–5.5,2022-05-08,Low
LAB006540,P2640,HDL Cholesterol,2.36,mmol/L,0.9–2.5,2023-06-26,Normal
LAB006541,P2641,Serum Sodium,130.3,mmol/L,132–148,2024-12-22,Low
LAB006542,P2641,HbA1c,197.49,mmol/mol,28–75,2022-04-02,High
LAB006543,P2641,Platelet Count,758.09,x10^9/L,120–450,2023-07-11,High
LAB006544,P2641,White Cell Count,27.02,x10^9/L,3.5–14.0,2024-12-29,High
LAB006545,P2641,Serum Creatinine,170.61,umol/L,55–200,2023-06-07,Normal
LAB006546,P2641,HDL Cholesterol,1.96,mmol/L,0.9–2.5,2023-10-14,Normal
LAB006547,P2642,eGFR,53.36,mL/min,15–120,2023-01-10,Normal
LAB006548,P2642,Serum Sodium,124.0,mmol/L,132–148,2022-05-24,Low
LAB006549,P2642,Haemoglobin,15.38,g/dL,9.0–16.5,2024-10-29,Normal
LAB006550,P2642,INR,5.66,ratio,0.8–4.5,2024-05-14,High
LAB006551,P2642,Serum Potassium,5.52,mmol/L,3.2–5.5,2024-04-29,High
LAB006552,P2642,Total Cholesterol,4.98,mmol/L,3.5–7.5,2023-10-18,Normal
LAB006553,P2643,CRP,66.85,mg/L,0.1–120,2022-02-19,Normal
LAB006554,P2643,Platelet Count,448.4,x10^9/L,120–450,2022-01-18,Normal
LAB006555,P2643,Haemoglobin,17.79,g/dL,9.0–16.5,2023-03-10,High
LAB006556,P2643,Serum Potassium,4.23,mmol/L,3.2–5.5,2022-12-21,Normal
LAB006557,P2643,Serum Sodium,156.89,mmol/L,132–148,2023-11-16,High
LAB006558,P2643,HDL Cholesterol,2.97,mmol/L,0.9–2.5,2023-05-09,High
LAB006559,P2644,Fasting Glucose,11.5,mmol/L,3.5–10.0,2022-02-17,High
LAB006560,P2644,Total Cholesterol,4.87,mmol/L,3.5–7.5,2022-06-14,Normal
LAB006561,P2644,eGFR,46.7,mL/min,15–120,2023-10-18,Normal
LAB006562,P2644,Serum Sodium,139.46,mmol/L,132–148,2022-07-21,Normal
LAB006563,P2644,White Cell Count,7.81,x10^9/L,3.5–14.0,2024-06-19,Normal
LAB006564,P2645,Serum Sodium,152.74,mmol/L,132–148,2022-09-02,High
LAB006565,P2645,Fasting Glucose,17.13,mmol/L,3.5–10.0,2023-11-24,High
LAB006566,P2645,HDL Cholesterol,1.86,mmol/L,0.9–2.5,2022-10-09,Normal
LAB006567,P2646,Haemoglobin,19.52,g/dL,9.0–16.5,2023-06-01,High
LAB006568,P2646,Platelet Count,234.69,x10^9/L,120–450,2022-08-16,Normal
LAB006569,P2646,INR,4.23,ratio,0.8–4.5,2022-11-22,Normal
LAB006570,P2646,HDL Cholesterol,2.07,mmol/L,0.9–2.5,2022-03-21,Normal
LAB006571,P2647,Serum Potassium,4.04,mmol/L,3.2–5.5,2022-10-04,Normal
LAB006572,P2647,INR,0.74,ratio,0.8–4.5,2023-09-25,Low
LAB006573,P2647,Platelet Count,668.68,x10^9/L,120–450,2024-06-21,High
LAB006574,P2647,Haemoglobin,13.29,g/dL,9.0–16.5,2024-04-01,Normal
LAB006575,P2648,CRP,99.68,mg/L,0.1–120,2024-07-08,Normal
LAB006576,P2648,HbA1c,72.97,mmol/mol,28–75,2024-03-01,Normal
LAB006577,P2648,TSH,4.18,mU/L,0.3–5.5,2024-09-21,Normal
LAB006578,P2648,Fasting Glucose,11.2,mmol/L,3.5–10.0,2023-10-11,High
LAB006579,P2649,Serum Creatinine,408.47,umol/L,55–200,2023-09-08,High
LAB006580,P2649,Serum Potassium,2.75,mmol/L,3.2–5.5,2023-11-16,Low
LAB006581,P2649,Total Cholesterol,7.62,mmol/L,3.5–7.5,2024-05-14,High
LAB006582,P2649,CRP,120.63,mg/L,0.1–120,2022-12-24,High
LAB006583,P2649,Serum Sodium,144.41,mmol/L,132–148,2022-04-23,Normal
LAB006584,P2650,Total Cholesterol,8.16,mmol/L,3.5–7.5,2022-03-31,High
LAB006585,P2650,CRP,130.09,mg/L,0.1–120,2022-02-18,High
LAB006586,P2650,Serum Sodium,123.96,mmol/L,132–148,2023-06-17,Low
LAB006587,P2650,eGFR,18.03,mL/min,15–120,2024-11-24,Normal
LAB006588,P2650,Haemoglobin,8.29,g/dL,9.0–16.5,2023-04-23,Low
LAB006589,P2651,eGFR,82.02,mL/min,15–120,2023-02-20,Normal
LAB006590,P2651,Serum Potassium,6.17,mmol/L,3.2–5.5,2024-12-10,High
LAB006591,P2651,White Cell Count,12.32,x10^9/L,3.5–14.0,2022-11-14,Normal
LAB006592,P2651,TSH,10.75,mU/L,0.3–5.5,2023-06-02,High
LAB006593,P2651,LDL Cholesterol,3.67,mmol/L,1.5–5.0,2024-10-23,Normal
LAB006594,P2651,INR,6.05,ratio,0.8–4.5,2023-01-18,High
LAB006595,P2652,eGFR,55.18,mL/min,15–120,2024-10-15,Normal
LAB006596,P2652,CRP,80.68,mg/L,0.1–120,2022-04-17,Normal
LAB006597,P2652,Fasting Glucose,12.07,mmol/L,3.5–10.0,2023-10-02,High
LAB006598,P2652,HbA1c,56.14,mmol/mol,28–75,2022-06-12,Normal
LAB006599,P2652,LDL Cholesterol,5.8,mmol/L,1.5–5.0,2022-11-26,High
LAB006600,P2652,Serum Creatinine,263.94,umol/L,55–200,2024-09-12,High
LAB006601,P2653,Serum Potassium,5.24,mmol/L,3.2–5.5,2022-03-06,Normal
LAB006602,P2653,Serum Creatinine,59.8,umol/L,55–200,2022-06-08,Normal
LAB006603,P2653,HbA1c,46.76,mmol/mol,28–75,2024-05-26,Normal
LAB006604,P2654,INR,4.89,ratio,0.8–4.5,2024-06-07,High
LAB006605,P2654,HDL Cholesterol,0.76,mmol/L,0.9–2.5,2022-03-16,Low
LAB006606,P2654,eGFR,75.82,mL/min,15–120,2022-06-21,Normal
LAB006607,P2654,Serum Potassium,2.03,mmol/L,3.2–5.5,2022-08-06,Low
LAB006608,P2654,HbA1c,97.34,mmol/mol,28–75,2023-12-30,High
LAB006609,P2655,INR,0.79,ratio,0.8–4.5,2022-07-16,Low
LAB006610,P2655,Serum Creatinine,300.51,umol/L,55–200,2024-11-28,High
LAB006611,P2655,HDL Cholesterol,3.54,mmol/L,0.9–2.5,2024-03-30,High
LAB006612,P2655,CRP,39.17,mg/L,0.1–120,2024-10-02,Normal
LAB006613,P2655,TSH,21.82,mU/L,0.3–5.5,2022-11-17,High
LAB006614,P2655,LDL Cholesterol,6.53,mmol/L,1.5–5.0,2022-01-09,High
LAB006615,P2656,Total Cholesterol,5.4,mmol/L,3.5–7.5,2024-11-03,Normal
LAB006616,P2656,INR,7.5,ratio,0.8–4.5,2024-07-26,High
LAB006617,P2656,Serum Sodium,147.46,mmol/L,132–148,2023-02-09,Normal
LAB006618,P2656,CRP,17.04,mg/L,0.1–120,2023-02-11,Normal
LAB006619,P2657,Fasting Glucose,8.72,mmol/L,3.5–10.0,2024-03-29,Normal
LAB006620,P2657,eGFR,76.19,mL/min,15–120,2022-08-06,Normal
LAB006621,P2657,INR,0.84,ratio,0.8–4.5,2024-07-05,Normal
LAB006622,P2658,Serum Potassium,5.39,mmol/L,3.2–5.5,2024-04-07,Normal
LAB006623,P2658,White Cell Count,22.78,x10^9/L,3.5–14.0,2022-05-15,High
LAB006624,P2659,INR,1.2,ratio,0.8–4.5,2023-06-02,Normal
LAB006625,P2659,Haemoglobin,6.01,g/dL,9.0–16.5,2022-10-28,Low
LAB006626,P2660,HbA1c,51.71,mmol/mol,28–75,2024-07-27,Normal
LAB006627,P2660,CRP,298.18,mg/L,0.1–120,2023-06-11,High
LAB006628,P2660,eGFR,35.65,mL/min,15–120,2023-09-20,Normal
LAB006629,P2660,HDL Cholesterol,3.17,mmol/L,0.9–2.5,2024-04-27,High
LAB006630,P2661,Total Cholesterol,11.15,mmol/L,3.5–7.5,2022-05-05,High
LAB006631,P2661,eGFR,110.92,mL/min,15–120,2023-01-30,Normal
LAB006632,P2661,Serum Potassium,3.42,mmol/L,3.2–5.5,2024-10-01,Normal
LAB006633,P2661,TSH,20.16,mU/L,0.3–5.5,2023-06-24,High
LAB006634,P2662,Fasting Glucose,2.27,mmol/L,3.5–10.0,2024-11-07,Low
LAB006635,P2662,eGFR,51.75,mL/min,15–120,2023-12-23,Normal
LAB006636,P2663,Serum Sodium,141.5,mmol/L,132–148,2024-10-17,Normal
LAB006637,P2663,INR,3.08,ratio,0.8–4.5,2024-10-07,Normal
LAB006638,P2663,White Cell Count,27.77,x10^9/L,3.5–14.0,2023-01-19,High
LAB006639,P2664,HDL Cholesterol,0.74,mmol/L,0.9–2.5,2023-12-07,Low
LAB006640,P2664,Serum Sodium,155.26,mmol/L,132–148,2022-12-02,High
LAB006641,P2665,Serum Sodium,135.97,mmol/L,132–148,2023-07-15,Normal
LAB006642,P2665,TSH,21.86,mU/L,0.3–5.5,2022-02-11,High
LAB006643,P2665,Total Cholesterol,11.1,mmol/L,3.5–7.5,2023-05-20,High
LAB006644,P2665,LDL Cholesterol,5.2,mmol/L,1.5–5.0,2022-10-02,High
LAB006645,P2665,HbA1c,128.56,mmol/mol,28–75,2024-10-10,High
LAB006646,P2665,Fasting Glucose,10.24,mmol/L,3.5–10.0,2023-07-26,High
LAB006647,P2666,Serum Potassium,3.14,mmol/L,3.2–5.5,2022-10-25,Low
LAB006648,P2666,TSH,17.8,mU/L,0.3–5.5,2023-09-26,High
LAB006649,P2666,HDL Cholesterol,1.71,mmol/L,0.9–2.5,2024-07-24,Normal
LAB006650,P2666,LDL Cholesterol,4.44,mmol/L,1.5–5.0,2024-10-18,Normal
LAB006651,P2667,CRP,299.14,mg/L,0.1–120,2024-08-25,High
LAB006652,P2667,Serum Sodium,157.72,mmol/L,132–148,2022-09-23,High
LAB006653,P2667,HbA1c,67.13,mmol/mol,28–75,2024-03-16,Normal
LAB006654,P2667,HDL Cholesterol,3.02,mmol/L,0.9–2.5,2024-09-11,High
LAB006655,P2668,TSH,22.17,mU/L,0.3–5.5,2024-11-10,High
LAB006656,P2668,INR,2.08,ratio,0.8–4.5,2023-08-29,Normal
LAB006657,P2668,CRP,30.92,mg/L,0.1–120,2022-01-21,Normal
LAB006658,P2669,Haemoglobin,6.3,g/dL,9.0–16.5,2024-06-24,Low
LAB006659,P2669,Serum Potassium,4.8,mmol/L,3.2–5.5,2023-08-21,Normal
LAB006660,P2669,TSH,29.53,mU/L,0.3–5.5,2024-11-06,High
LAB006661,P2669,INR,1.74,ratio,0.8–4.5,2023-05-23,Normal
LAB006662,P2669,Fasting Glucose,3.19,mmol/L,3.5–10.0,2023-06-16,Low
LAB006663,P2670,Fasting Glucose,4.28,mmol/L,3.5–10.0,2023-12-30,Normal
LAB006664,P2670,Total Cholesterol,7.06,mmol/L,3.5–7.5,2024-08-20,Normal
LAB006665,P2670,White Cell Count,29.12,x10^9/L,3.5–14.0,2022-04-14,High
LAB006666,P2671,HDL Cholesterol,0.75,mmol/L,0.9–2.5,2023-12-03,Low
LAB006667,P2671,White Cell Count,19.65,x10^9/L,3.5–14.0,2024-08-19,High
LAB006668,P2671,Platelet Count,472.82,x10^9/L,120–450,2022-07-01,High
LAB006669,P2672,TSH,7.84,mU/L,0.3–5.5,2023-06-26,High
LAB006670,P2672,INR,5.59,ratio,0.8–4.5,2023-12-20,High
LAB006671,P2672,White Cell Count,26.87,x10^9/L,3.5–14.0,2023-12-19,High
LAB006672,P2672,Serum Sodium,158.45,mmol/L,132–148,2022-10-29,High
LAB006673,P2673,HDL Cholesterol,1.46,mmol/L,0.9–2.5,2024-08-15,Normal
LAB006674,P2673,LDL Cholesterol,5.69,mmol/L,1.5–5.0,2024-11-18,High
LAB006675,P2673,CRP,231.67,mg/L,0.1–120,2024-04-28,High
LAB006676,P2674,Fasting Glucose,12.64,mmol/L,3.5–10.0,2023-08-22,High
LAB006677,P2674,Serum Sodium,129.55,mmol/L,132–148,2024-07-10,Low
LAB006678,P2674,LDL Cholesterol,4.55,mmol/L,1.5–5.0,2023-07-06,Normal
LAB006679,P2675,Platelet Count,206.95,x10^9/L,120–450,2022-09-10,Normal
LAB006680,P2675,HbA1c,48.09,mmol/mol,28–75,2022-12-01,Normal
LAB006681,P2675,Serum Sodium,122.93,mmol/L,132–148,2022-07-26,Low
LAB006682,P2675,Haemoglobin,17.12,g/dL,9.0–16.5,2023-01-09,High
LAB006683,P2676,HDL Cholesterol,2.29,mmol/L,0.9–2.5,2023-10-17,Normal
LAB006684,P2676,Serum Potassium,3.28,mmol/L,3.2–5.5,2024-10-12,Normal
LAB006685,P2676,Total Cholesterol,11.75,mmol/L,3.5–7.5,2024-10-31,High
LAB006686,P2676,Fasting Glucose,12.51,mmol/L,3.5–10.0,2024-08-09,High
LAB006687,P2676,INR,5.27,ratio,0.8–4.5,2024-07-22,High
LAB006688,P2677,Haemoglobin,11.18,g/dL,9.0–16.5,2022-02-27,Normal
LAB006689,P2677,HbA1c,99.91,mmol/mol,28–75,2024-01-30,High
LAB006690,P2678,Serum Potassium,6.66,mmol/L,3.2–5.5,2024-02-28,High
LAB006691,P2678,eGFR,88.59,mL/min,15–120,2023-01-15,Normal
LAB006692,P2679,eGFR,114.19,mL/min,15–120,2023-02-19,Normal
LAB006693,P2679,Total Cholesterol,3.3,mmol/L,3.5–7.5,2023-11-17,Low
LAB006694,P2679,HDL Cholesterol,2.09,mmol/L,0.9–2.5,2022-01-07,Normal
LAB006695,P2679,Serum Sodium,158.31,mmol/L,132–148,2024-10-12,High
LAB006696,P2679,Serum Potassium,5.03,mmol/L,3.2–5.5,2022-04-18,Normal
LAB006697,P2680,Serum Sodium,140.54,mmol/L,132–148,2023-05-10,Normal
LAB006698,P2680,Haemoglobin,12.17,g/dL,9.0–16.5,2024-11-25,Normal
LAB006699,P2680,HbA1c,109.78,mmol/mol,28–75,2023-11-05,High
LAB006700,P2680,INR,1.72,ratio,0.8–4.5,2023-01-26,Normal
LAB006701,P2681,Platelet Count,654.15,x10^9/L,120–450,2024-11-29,High
LAB006702,P2681,CRP,90.23,mg/L,0.1–120,2023-07-22,Normal
LAB006703,P2681,eGFR,38.46,mL/min,15–120,2023-04-05,Normal
LAB006704,P2681,LDL Cholesterol,7.86,mmol/L,1.5–5.0,2024-01-13,High
LAB006705,P2681,TSH,13.58,mU/L,0.3–5.5,2022-11-11,High
LAB006706,P2681,INR,4.45,ratio,0.8–4.5,2024-03-29,Normal
LAB006707,P2682,Serum Sodium,124.02,mmol/L,132–148,2023-12-22,Low
LAB006708,P2682,Platelet Count,128.49,x10^9/L,120–450,2023-10-05,Normal
LAB006709,P2682,HbA1c,49.87,mmol/mol,28–75,2023-08-05,Normal
LAB006710,P2683,INR,7.68,ratio,0.8–4.5,2024-01-10,High
LAB006711,P2683,TSH,19.29,mU/L,0.3–5.5,2023-04-04,High
LAB006712,P2683,White Cell Count,6.6,x10^9/L,3.5–14.0,2023-02-24,Normal
LAB006713,P2683,Serum Sodium,122.83,mmol/L,132–148,2024-07-02,Low
LAB006714,P2683,Haemoglobin,14.04,g/dL,9.0–16.5,2023-04-12,Normal
LAB006715,P2684,TSH,6.4,mU/L,0.3–5.5,2023-09-04,High
LAB006716,P2684,Serum Potassium,6.09,mmol/L,3.2–5.5,2023-11-06,High
LAB006717,P2685,CRP,257.83,mg/L,0.1–120,2024-02-17,High
LAB006718,P2685,Fasting Glucose,8.49,mmol/L,3.5–10.0,2022-04-14,Normal
LAB006719,P2685,Platelet Count,156.87,x10^9/L,120–450,2022-02-11,Normal
LAB006720,P2685,eGFR,105.22,mL/min,15–120,2022-03-30,Normal
LAB006721,P2685,INR,1.79,ratio,0.8–4.5,2024-12-18,Normal
LAB006722,P2686,HDL Cholesterol,3.61,mmol/L,0.9–2.5,2024-12-04,High
LAB006723,P2686,Serum Potassium,5.35,mmol/L,3.2–5.5,2024-08-08,Normal
LAB006724,P2686,Platelet Count,92.3,x10^9/L,120–450,2022-01-11,Low
LAB006725,P2686,TSH,10.54,mU/L,0.3–5.5,2022-09-14,High
LAB006726,P2686,Serum Creatinine,567.11,umol/L,55–200,2023-04-11,High
LAB006727,P2687,CRP,28.76,mg/L,0.1–120,2022-01-06,Normal
LAB006728,P2687,Serum Potassium,3.65,mmol/L,3.2–5.5,2023-03-18,Normal
LAB006729,P2687,HbA1c,179.68,mmol/mol,28–75,2024-02-24,High
LAB006730,P2687,INR,7.9,ratio,0.8–4.5,2023-03-03,High
LAB006731,P2687,eGFR,26.33,mL/min,15–120,2024-08-15,Normal
LAB006732,P2687,LDL Cholesterol,5.25,mmol/L,1.5–5.0,2022-12-10,High
LAB006733,P2688,HDL Cholesterol,1.13,mmol/L,0.9–2.5,2024-11-21,Normal
LAB006734,P2688,Serum Potassium,5.38,mmol/L,3.2–5.5,2024-09-01,Normal
LAB006735,P2688,TSH,9.52,mU/L,0.3–5.5,2022-07-01,High
LAB006736,P2688,eGFR,14.59,mL/min,15–120,2023-12-14,Low
LAB006737,P2688,Total Cholesterol,3.64,mmol/L,3.5–7.5,2023-06-17,Normal
LAB006738,P2689,White Cell Count,25.92,x10^9/L,3.5–14.0,2022-02-23,High
LAB006739,P2689,Haemoglobin,12.22,g/dL,9.0–16.5,2024-07-02,Normal
LAB006740,P2689,Total Cholesterol,8.03,mmol/L,3.5–7.5,2022-07-18,High
LAB006741,P2690,INR,5.41,ratio,0.8–4.5,2023-07-03,High
LAB006742,P2690,Serum Potassium,6.05,mmol/L,3.2–5.5,2022-08-24,High
LAB006743,P2690,HDL Cholesterol,2.58,mmol/L,0.9–2.5,2024-02-09,High
LAB006744,P2690,TSH,19.8,mU/L,0.3–5.5,2023-10-09,High
LAB006745,P2691,TSH,20.08,mU/L,0.3–5.5,2023-07-24,High
LAB006746,P2691,CRP,2.0,mg/L,0.1–120,2022-10-16,Normal
LAB006747,P2691,Serum Potassium,5.83,mmol/L,3.2–5.5,2024-07-03,High
LAB006748,P2691,eGFR,122.66,mL/min,15–120,2022-06-02,High
LAB006749,P2691,Total Cholesterol,10.44,mmol/L,3.5–7.5,2024-07-11,High
LAB006750,P2691,HDL Cholesterol,3.49,mmol/L,0.9–2.5,2023-04-14,High
LAB006751,P2692,White Cell Count,2.7,x10^9/L,3.5–14.0,2022-08-13,Low
LAB006752,P2692,Serum Creatinine,540.55,umol/L,55–200,2022-11-16,High
LAB006753,P2692,HbA1c,82.92,mmol/mol,28–75,2022-08-31,High
LAB006754,P2692,Serum Potassium,5.95,mmol/L,3.2–5.5,2023-01-28,High
LAB006755,P2692,Haemoglobin,7.26,g/dL,9.0–16.5,2024-12-24,Low
LAB006756,P2693,Haemoglobin,14.11,g/dL,9.0–16.5,2023-07-15,Normal
LAB006757,P2693,Total Cholesterol,4.78,mmol/L,3.5–7.5,2024-02-04,Normal
LAB006758,P2693,HbA1c,94.57,mmol/mol,28–75,2022-06-08,High
LAB006759,P2693,CRP,185.81,mg/L,0.1–120,2024-04-04,High
LAB006760,P2693,Serum Creatinine,445.07,umol/L,55–200,2024-02-10,High
LAB006761,P2694,Fasting Glucose,7.99,mmol/L,3.5–10.0,2023-07-08,Normal
LAB006762,P2694,Serum Sodium,129.38,mmol/L,132–148,2022-01-04,Low
LAB006763,P2695,HbA1c,90.6,mmol/mol,28–75,2024-02-01,High
LAB006764,P2695,Total Cholesterol,5.42,mmol/L,3.5–7.5,2024-02-15,Normal
LAB006765,P2696,Haemoglobin,17.84,g/dL,9.0–16.5,2024-03-19,High
LAB006766,P2696,Serum Creatinine,236.77,umol/L,55–200,2024-07-26,High
LAB006767,P2696,eGFR,115.3,mL/min,15–120,2022-10-13,Normal
LAB006768,P2696,Serum Potassium,4.94,mmol/L,3.2–5.5,2024-09-03,Normal
LAB006769,P2697,HDL Cholesterol,0.51,mmol/L,0.9–2.5,2024-11-30,Low
LAB006770,P2697,Fasting Glucose,7.84,mmol/L,3.5–10.0,2022-02-13,Normal
LAB006771,P2697,TSH,23.77,mU/L,0.3–5.5,2022-11-08,High
LAB006772,P2697,HbA1c,63.43,mmol/mol,28–75,2022-04-22,Normal
LAB006773,P2697,Serum Creatinine,378.82,umol/L,55–200,2023-09-01,High
LAB006774,P2698,TSH,21.09,mU/L,0.3–5.5,2022-02-17,High
LAB006775,P2698,Serum Sodium,154.55,mmol/L,132–148,2022-07-20,High
LAB006776,P2698,Total Cholesterol,10.38,mmol/L,3.5–7.5,2023-11-16,High
LAB006777,P2698,Fasting Glucose,5.97,mmol/L,3.5–10.0,2024-08-05,Normal
LAB006778,P2698,HDL Cholesterol,1.27,mmol/L,0.9–2.5,2022-01-26,Normal
LAB006779,P2699,LDL Cholesterol,4.57,mmol/L,1.5–5.0,2022-01-01,Normal
LAB006780,P2699,TSH,28.53,mU/L,0.3–5.5,2024-12-17,High
LAB006781,P2699,HDL Cholesterol,0.75,mmol/L,0.9–2.5,2024-05-05,Low
LAB006782,P2699,Total Cholesterol,3.49,mmol/L,3.5–7.5,2023-02-19,Low
LAB006783,P2700,CRP,240.95,mg/L,0.1–120,2024-02-13,High
LAB006784,P2700,Platelet Count,133.57,x10^9/L,120–450,2022-04-26,Normal
LAB006785,P2701,Fasting Glucose,4.19,mmol/L,3.5–10.0,2022-04-22,Normal
LAB006786,P2701,INR,2.15,ratio,0.8–4.5,2024-07-30,Normal
LAB006787,P2701,HbA1c,30.38,mmol/mol,28–75,2022-05-01,Normal
LAB006788,P2701,eGFR,38.65,mL/min,15–120,2022-09-02,Normal
LAB006789,P2701,Serum Sodium,138.4,mmol/L,132–148,2024-08-19,Normal
LAB006790,P2702,Platelet Count,495.82,x10^9/L,120–450,2023-08-07,High
LAB006791,P2702,eGFR,56.55,mL/min,15–120,2022-03-08,Normal
LAB006792,P2702,Serum Potassium,4.84,mmol/L,3.2–5.5,2024-03-04,Normal
LAB006793,P2702,LDL Cholesterol,5.55,mmol/L,1.5–5.0,2024-08-02,High
LAB006794,P2702,Fasting Glucose,6.88,mmol/L,3.5–10.0,2024-05-10,Normal
LAB006795,P2703,INR,1.62,ratio,0.8–4.5,2024-11-13,Normal
LAB006796,P2703,Total Cholesterol,4.19,mmol/L,3.5–7.5,2024-11-16,Normal
LAB006797,P2704,White Cell Count,14.12,x10^9/L,3.5–14.0,2024-11-07,High
LAB006798,P2704,CRP,271.91,mg/L,0.1–120,2022-11-10,High
LAB006799,P2704,HDL Cholesterol,1.4,mmol/L,0.9–2.5,2023-03-20,Normal
LAB006800,P2704,Serum Sodium,138.21,mmol/L,132–148,2024-04-05,Normal
LAB006801,P2704,Haemoglobin,19.81,g/dL,9.0–16.5,2024-03-13,High
LAB006802,P2705,Serum Potassium,2.94,mmol/L,3.2–5.5,2023-04-25,Low
LAB006803,P2705,eGFR,6.53,mL/min,15–120,2022-03-15,Low
LAB006804,P2705,Total Cholesterol,7.7,mmol/L,3.5–7.5,2024-06-20,High
LAB006805,P2705,Haemoglobin,6.91,g/dL,9.0–16.5,2023-10-27,Low
LAB006806,P2705,HDL Cholesterol,1.4,mmol/L,0.9–2.5,2023-11-13,Normal
LAB006807,P2705,White Cell Count,18.12,x10^9/L,3.5–14.0,2023-12-28,High
LAB006808,P2706,Fasting Glucose,19.9,mmol/L,3.5–10.0,2023-03-19,High
LAB006809,P2706,TSH,11.55,mU/L,0.3–5.5,2022-11-07,High
LAB006810,P2707,Fasting Glucose,7.9,mmol/L,3.5–10.0,2024-07-02,Normal
LAB006811,P2707,INR,6.24,ratio,0.8–4.5,2024-12-04,High
LAB006812,P2708,HDL Cholesterol,2.37,mmol/L,0.9–2.5,2024-12-31,Normal
LAB006813,P2708,HbA1c,52.85,mmol/mol,28–75,2023-08-25,Normal
LAB006814,P2709,HDL Cholesterol,1.34,mmol/L,0.9–2.5,2022-06-13,Normal
LAB006815,P2709,Platelet Count,365.11,x10^9/L,120–450,2023-10-30,Normal
LAB006816,P2709,Serum Potassium,2.28,mmol/L,3.2–5.5,2023-07-25,Low
LAB006817,P2709,Fasting Glucose,14.06,mmol/L,3.5–10.0,2022-12-10,High
LAB006818,P2709,TSH,19.92,mU/L,0.3–5.5,2023-03-20,High
LAB006819,P2710,Serum Creatinine,262.74,umol/L,55–200,2023-04-28,High
LAB006820,P2710,Platelet Count,401.89,x10^9/L,120–450,2022-06-25,Normal
LAB006821,P2711,Fasting Glucose,3.13,mmol/L,3.5–10.0,2022-08-06,Low
LAB006822,P2711,Serum Potassium,4.56,mmol/L,3.2–5.5,2022-06-02,Normal
LAB006823,P2711,Platelet Count,581.87,x10^9/L,120–450,2024-02-20,High
LAB006824,P2712,TSH,1.45,mU/L,0.3–5.5,2024-06-04,Normal
LAB006825,P2712,HbA1c,152.06,mmol/mol,28–75,2023-07-31,High
LAB006826,P2712,INR,4.99,ratio,0.8–4.5,2022-05-03,High
LAB006827,P2712,HDL Cholesterol,3.19,mmol/L,0.9–2.5,2022-05-13,High
LAB006828,P2712,Haemoglobin,10.6,g/dL,9.0–16.5,2023-04-02,Normal
LAB006829,P2712,Platelet Count,512.17,x10^9/L,120–450,2022-11-15,High
LAB006830,P2713,White Cell Count,29.33,x10^9/L,3.5–14.0,2022-11-25,High
LAB006831,P2713,Platelet Count,375.51,x10^9/L,120–450,2024-12-31,Normal
LAB006832,P2713,Fasting Glucose,12.74,mmol/L,3.5–10.0,2022-02-13,High
LAB006833,P2713,Serum Sodium,144.95,mmol/L,132–148,2024-05-22,Normal
LAB006834,P2713,Serum Potassium,6.79,mmol/L,3.2–5.5,2022-04-13,High
LAB006835,P2714,INR,6.95,ratio,0.8–4.5,2024-05-28,High
LAB006836,P2714,White Cell Count,27.0,x10^9/L,3.5–14.0,2024-05-23,High
LAB006837,P2714,Fasting Glucose,17.68,mmol/L,3.5–10.0,2024-03-07,High
LAB006838,P2714,HDL Cholesterol,0.84,mmol/L,0.9–2.5,2024-09-03,Low
LAB006839,P2714,Serum Sodium,150.37,mmol/L,132–148,2022-11-08,High
LAB006840,P2715,HDL Cholesterol,2.45,mmol/L,0.9–2.5,2022-03-03,Normal
LAB006841,P2715,Total Cholesterol,5.42,mmol/L,3.5–7.5,2024-11-28,Normal
LAB006842,P2715,HbA1c,153.93,mmol/mol,28–75,2023-12-07,High
LAB006843,P2715,eGFR,74.3,mL/min,15–120,2023-07-28,Normal
LAB006844,P2715,Haemoglobin,19.99,g/dL,9.0–16.5,2022-01-24,High
LAB006845,P2715,TSH,7.66,mU/L,0.3–5.5,2024-09-09,High
LAB006846,P2716,Serum Sodium,148.07,mmol/L,132–148,2022-12-28,High
LAB006847,P2716,Serum Potassium,3.42,mmol/L,3.2–5.5,2022-01-14,Normal
LAB006848,P2716,Platelet Count,75.11,x10^9/L,120–450,2022-05-01,Low
LAB006849,P2716,CRP,59.27,mg/L,0.1–120,2024-01-19,Normal
LAB006850,P2716,Serum Creatinine,66.77,umol/L,55–200,2024-11-30,Normal
LAB006851,P2717,Fasting Glucose,12.96,mmol/L,3.5–10.0,2022-12-31,High
LAB006852,P2717,Haemoglobin,16.82,g/dL,9.0–16.5,2023-09-28,High
LAB006853,P2717,Serum Creatinine,378.14,umol/L,55–200,2024-08-16,High
LAB006854,P2717,Platelet Count,364.51,x10^9/L,120–450,2022-07-25,Normal
LAB006855,P2717,White Cell Count,18.69,x10^9/L,3.5–14.0,2023-12-11,High
LAB006856,P2718,CRP,171.82,mg/L,0.1–120,2022-06-19,High
LAB006857,P2718,LDL Cholesterol,0.58,mmol/L,1.5–5.0,2024-04-06,Low
LAB006858,P2718,Total Cholesterol,4.32,mmol/L,3.5–7.5,2023-06-22,Normal
LAB006859,P2718,Serum Creatinine,561.39,umol/L,55–200,2022-10-02,High
LAB006860,P2718,Fasting Glucose,19.7,mmol/L,3.5–10.0,2024-06-26,High
LAB006861,P2718,Platelet Count,739.51,x10^9/L,120–450,2024-09-22,High
LAB006862,P2719,HbA1c,173.06,mmol/mol,28–75,2022-12-05,High
LAB006863,P2719,White Cell Count,13.26,x10^9/L,3.5–14.0,2022-12-19,Normal
LAB006864,P2719,Serum Creatinine,163.83,umol/L,55–200,2024-01-09,Normal
LAB006865,P2719,Platelet Count,606.05,x10^9/L,120–450,2023-06-25,High
LAB006866,P2719,HDL Cholesterol,1.19,mmol/L,0.9–2.5,2023-07-24,Normal
LAB006867,P2720,White Cell Count,7.99,x10^9/L,3.5–14.0,2022-01-09,Normal
LAB006868,P2720,TSH,3.52,mU/L,0.3–5.5,2023-10-04,Normal
LAB006869,P2720,Total Cholesterol,8.48,mmol/L,3.5–7.5,2023-11-26,High
LAB006870,P2720,Fasting Glucose,10.59,mmol/L,3.5–10.0,2023-07-21,High
LAB006871,P2721,Serum Potassium,6.35,mmol/L,3.2–5.5,2022-07-30,High
LAB006872,P2721,Serum Creatinine,150.11,umol/L,55–200,2024-01-13,Normal
LAB006873,P2722,TSH,14.12,mU/L,0.3–5.5,2022-01-29,High
LAB006874,P2722,LDL Cholesterol,4.28,mmol/L,1.5–5.0,2023-03-18,Normal
LAB006875,P2722,Total Cholesterol,8.1,mmol/L,3.5–7.5,2023-05-12,High
LAB006876,P2722,INR,1.38,ratio,0.8–4.5,2023-10-17,Normal
LAB006877,P2723,INR,5.61,ratio,0.8–4.5,2023-03-28,High
LAB006878,P2723,Serum Creatinine,113.91,umol/L,55–200,2023-04-26,Normal
LAB006879,P2723,Total Cholesterol,4.51,mmol/L,3.5–7.5,2022-10-24,Normal
LAB006880,P2724,Serum Sodium,142.76,mmol/L,132–148,2024-09-15,Normal
LAB006881,P2724,LDL Cholesterol,6.44,mmol/L,1.5–5.0,2024-06-04,High
LAB006882,P2725,eGFR,66.35,mL/min,15–120,2023-04-02,Normal
LAB006883,P2725,Total Cholesterol,5.74,mmol/L,3.5–7.5,2022-01-26,Normal
LAB006884,P2725,White Cell Count,13.19,x10^9/L,3.5–14.0,2023-06-15,Normal
LAB006885,P2725,HbA1c,174.2,mmol/mol,28–75,2023-10-30,High
LAB006886,P2726,Serum Sodium,151.28,mmol/L,132–148,2022-12-16,High
LAB006887,P2726,White Cell Count,18.78,x10^9/L,3.5–14.0,2023-08-23,High
LAB006888,P2726,HbA1c,27.5,mmol/mol,28–75,2022-11-23,Low
LAB006889,P2726,HDL Cholesterol,2.32,mmol/L,0.9–2.5,2023-01-19,Normal
LAB006890,P2727,Serum Sodium,149.94,mmol/L,132–148,2023-01-23,High
LAB006891,P2727,Serum Creatinine,524.36,umol/L,55–200,2024-07-14,High
LAB006892,P2727,White Cell Count,1.68,x10^9/L,3.5–14.0,2024-05-26,Low
LAB006893,P2727,Haemoglobin,18.27,g/dL,9.0–16.5,2022-11-19,High
LAB006894,P2728,INR,2.13,ratio,0.8–4.5,2022-02-09,Normal
LAB006895,P2728,White Cell Count,16.18,x10^9/L,3.5–14.0,2024-01-23,High
LAB006896,P2728,Haemoglobin,10.93,g/dL,9.0–16.5,2022-09-30,Normal
LAB006897,P2728,Serum Sodium,153.06,mmol/L,132–148,2022-10-06,High
LAB006898,P2729,Total Cholesterol,2.83,mmol/L,3.5–7.5,2024-04-17,Low
LAB006899,P2729,TSH,29.81,mU/L,0.3–5.5,2024-02-04,High
LAB006900,P2729,LDL Cholesterol,6.87,mmol/L,1.5–5.0,2022-05-11,High
LAB006901,P2729,Serum Sodium,123.37,mmol/L,132–148,2023-02-10,Low
LAB006902,P2729,Serum Potassium,6.25,mmol/L,3.2–5.5,2024-07-09,High
LAB006903,P2730,TSH,25.07,mU/L,0.3–5.5,2022-07-15,High
LAB006904,P2730,LDL Cholesterol,6.72,mmol/L,1.5–5.0,2023-08-08,High
LAB006905,P2731,Haemoglobin,13.13,g/dL,9.0–16.5,2024-05-13,Normal
LAB006906,P2731,Serum Creatinine,150.58,umol/L,55–200,2024-09-25,Normal
LAB006907,P2731,TSH,2.7,mU/L,0.3–5.5,2024-06-19,Normal
LAB006908,P2731,eGFR,128.45,mL/min,15–120,2024-08-25,High
LAB006909,P2731,White Cell Count,1.23,x10^9/L,3.5–14.0,2022-03-05,Low
LAB006910,P2732,LDL Cholesterol,7.51,mmol/L,1.5–5.0,2022-06-04,High
LAB006911,P2732,White Cell Count,24.14,x10^9/L,3.5–14.0,2022-11-04,High
LAB006912,P2732,Total Cholesterol,8.55,mmol/L,3.5–7.5,2023-04-02,High
LAB006913,P2732,INR,7.88,ratio,0.8–4.5,2024-03-10,High
LAB006914,P2733,Haemoglobin,17.83,g/dL,9.0–16.5,2024-09-23,High
LAB006915,P2733,Serum Sodium,151.68,mmol/L,132–148,2024-03-07,High
LAB006916,P2733,INR,2.52,ratio,0.8–4.5,2023-08-14,Normal
LAB006917,P2733,Serum Creatinine,219.34,umol/L,55–200,2022-11-21,High
LAB006918,P2734,CRP,46.04,mg/L,0.1–120,2023-02-25,Normal
LAB006919,P2734,eGFR,103.12,mL/min,15–120,2024-04-15,Normal
LAB006920,P2734,Total Cholesterol,10.31,mmol/L,3.5–7.5,2023-07-05,High
LAB006921,P2734,TSH,24.0,mU/L,0.3–5.5,2022-09-27,High
LAB006922,P2735,Platelet Count,438.36,x10^9/L,120–450,2024-07-05,Normal
LAB006923,P2735,Serum Potassium,2.38,mmol/L,3.2–5.5,2024-02-10,Low
LAB006924,P2735,Serum Sodium,121.77,mmol/L,132–148,2024-06-04,Low
LAB006925,P2735,eGFR,76.29,mL/min,15–120,2023-02-19,Normal
LAB006926,P2735,Fasting Glucose,12.89,mmol/L,3.5–10.0,2023-06-23,High
LAB006927,P2735,LDL Cholesterol,3.05,mmol/L,1.5–5.0,2022-03-17,Normal
LAB006928,P2736,Serum Potassium,5.6,mmol/L,3.2–5.5,2022-10-16,High
LAB006929,P2736,INR,1.03,ratio,0.8–4.5,2022-10-26,Normal
LAB006930,P2736,White Cell Count,29.26,x10^9/L,3.5–14.0,2024-11-23,High
LAB006931,P2736,LDL Cholesterol,8.0,mmol/L,1.5–5.0,2024-02-13,High
LAB006932,P2736,TSH,0.45,mU/L,0.3–5.5,2023-01-15,Normal
LAB006933,P2737,White Cell Count,22.76,x10^9/L,3.5–14.0,2023-05-18,High
LAB006934,P2737,Serum Creatinine,270.26,umol/L,55–200,2023-01-26,High
LAB006935,P2737,Serum Sodium,145.36,mmol/L,132–148,2024-01-08,Normal
LAB006936,P2737,Haemoglobin,11.27,g/dL,9.0–16.5,2023-11-14,Normal
LAB006937,P2737,Fasting Glucose,13.72,mmol/L,3.5–10.0,2024-04-30,High
LAB006938,P2738,Serum Creatinine,421.35,umol/L,55–200,2024-02-25,High
LAB006939,P2738,Serum Potassium,5.07,mmol/L,3.2–5.5,2022-05-31,Normal
LAB006940,P2738,HbA1c,45.23,mmol/mol,28–75,2023-10-16,Normal
LAB006941,P2739,White Cell Count,18.82,x10^9/L,3.5–14.0,2022-01-04,High
LAB006942,P2739,CRP,203.24,mg/L,0.1–120,2024-11-19,High
LAB006943,P2739,INR,6.2,ratio,0.8–4.5,2024-11-28,High
LAB006944,P2740,TSH,26.53,mU/L,0.3–5.5,2022-01-08,High
LAB006945,P2740,HbA1c,102.87,mmol/mol,28–75,2023-08-02,High
LAB006946,P2740,White Cell Count,18.28,x10^9/L,3.5–14.0,2022-12-24,High
LAB006947,P2740,Fasting Glucose,18.45,mmol/L,3.5–10.0,2023-02-23,High
LAB006948,P2740,Serum Sodium,148.16,mmol/L,132–148,2022-02-22,High
LAB006949,P2741,TSH,0.89,mU/L,0.3–5.5,2023-11-15,Normal
LAB006950,P2741,eGFR,127.69,mL/min,15–120,2024-11-01,High
LAB006951,P2741,White Cell Count,9.3,x10^9/L,3.5–14.0,2023-07-12,Normal
LAB006952,P2742,TSH,4.04,mU/L,0.3–5.5,2022-08-20,Normal
LAB006953,P2742,INR,6.8,ratio,0.8–4.5,2022-12-22,High
LAB006954,P2742,Haemoglobin,12.04,g/dL,9.0–16.5,2024-10-09,Normal
LAB006955,P2743,INR,6.32,ratio,0.8–4.5,2022-05-29,High
LAB006956,P2743,eGFR,94.39,mL/min,15–120,2022-06-05,Normal
LAB006957,P2743,LDL Cholesterol,5.63,mmol/L,1.5–5.0,2024-10-29,High
LAB006958,P2743,White Cell Count,2.59,x10^9/L,3.5–14.0,2023-09-16,Low
LAB006959,P2743,TSH,7.0,mU/L,0.3–5.5,2023-09-01,High
LAB006960,P2744,HbA1c,197.01,mmol/mol,28–75,2024-09-26,High
LAB006961,P2744,TSH,9.89,mU/L,0.3–5.5,2024-02-09,High
LAB006962,P2744,Platelet Count,434.46,x10^9/L,120–450,2023-06-20,Normal
LAB006963,P2745,Fasting Glucose,12.01,mmol/L,3.5–10.0,2022-03-09,High
LAB006964,P2745,White Cell Count,2.91,x10^9/L,3.5–14.0,2024-12-12,Low
LAB006965,P2745,CRP,254.48,mg/L,0.1–120,2024-08-25,High
LAB006966,P2746,Haemoglobin,15.99,g/dL,9.0–16.5,2023-04-13,Normal
LAB006967,P2746,Total Cholesterol,3.05,mmol/L,3.5–7.5,2022-11-23,Low
LAB006968,P2746,Platelet Count,773.39,x10^9/L,120–450,2024-01-01,High
LAB006969,P2746,Fasting Glucose,13.14,mmol/L,3.5–10.0,2024-06-21,High
LAB006970,P2747,eGFR,21.39,mL/min,15–120,2023-03-12,Normal
LAB006971,P2747,HbA1c,39.24,mmol/mol,28–75,2022-05-28,Normal
LAB006972,P2747,LDL Cholesterol,4.17,mmol/L,1.5–5.0,2022-08-21,Normal
LAB006973,P2747,INR,3.86,ratio,0.8–4.5,2022-02-04,Normal
LAB006974,P2748,Total Cholesterol,6.94,mmol/L,3.5–7.5,2023-10-07,Normal
LAB006975,P2748,Serum Sodium,141.04,mmol/L,132–148,2022-07-08,Normal
LAB006976,P2748,LDL Cholesterol,7.05,mmol/L,1.5–5.0,2024-12-27,High
LAB006977,P2748,CRP,95.31,mg/L,0.1–120,2022-12-08,Normal
LAB006978,P2749,eGFR,8.04,mL/min,15–120,2023-06-20,Low
LAB006979,P2749,LDL Cholesterol,1.37,mmol/L,1.5–5.0,2023-12-06,Low
LAB006980,P2750,INR,7.08,ratio,0.8–4.5,2022-07-03,High
LAB006981,P2750,Haemoglobin,13.75,g/dL,9.0–16.5,2022-07-30,Normal
LAB006982,P2750,Total Cholesterol,2.1,mmol/L,3.5–7.5,2023-12-06,Low
LAB006983,P2751,Fasting Glucose,19.52,mmol/L,3.5–10.0,2022-05-23,High
LAB006984,P2751,HbA1c,102.74,mmol/mol,28–75,2023-01-06,High
LAB006985,P2751,INR,6.18,ratio,0.8–4.5,2022-05-12,High
LAB006986,P2752,eGFR,26.24,mL/min,15–120,2023-02-04,Normal
LAB006987,P2752,INR,4.57,ratio,0.8–4.5,2022-02-06,High
LAB006988,P2752,Serum Potassium,2.38,mmol/L,3.2–5.5,2024-07-08,Low
LAB006989,P2753,Total Cholesterol,10.51,mmol/L,3.5–7.5,2022-07-06,High
LAB006990,P2753,HbA1c,169.85,mmol/mol,28–75,2023-10-01,High
LAB006991,P2754,Fasting Glucose,18.49,mmol/L,3.5–10.0,2023-07-22,High
LAB006992,P2754,INR,3.41,ratio,0.8–4.5,2024-03-04,Normal
LAB006993,P2755,INR,2.27,ratio,0.8–4.5,2024-04-05,Normal
LAB006994,P2755,Serum Sodium,121.43,mmol/L,132–148,2024-08-11,Low
LAB006995,P2756,Total Cholesterol,9.43,mmol/L,3.5–7.5,2024-01-17,High
LAB006996,P2756,Haemoglobin,6.68,g/dL,9.0–16.5,2022-01-15,Low
LAB006997,P2756,CRP,130.23,mg/L,0.1–120,2023-02-24,High
LAB006998,P2756,HbA1c,144.18,mmol/mol,28–75,2023-12-20,High
LAB006999,P2756,Serum Potassium,3.14,mmol/L,3.2–5.5,2023-02-28,Low
LAB007000,P2757,HbA1c,53.75,mmol/mol,28–75,2022-09-28,Normal
LAB007001,P2757,Fasting Glucose,7.86,mmol/L,3.5–10.0,2022-05-20,Normal
LAB007002,P2757,eGFR,9.46,mL/min,15–120,2023-07-12,Low
LAB007003,P2757,Serum Sodium,135.11,mmol/L,132–148,2022-09-02,Normal
LAB007004,P2758,LDL Cholesterol,6.58,mmol/L,1.5–5.0,2023-11-24,High
LAB007005,P2758,HbA1c,38.09,mmol/mol,28–75,2023-03-30,Normal
LAB007006,P2758,Serum Creatinine,404.79,umol/L,55–200,2022-03-02,High
LAB007007,P2758,Serum Potassium,4.96,mmol/L,3.2–5.5,2024-06-26,Normal
LAB007008,P2758,Fasting Glucose,5.65,mmol/L,3.5–10.0,2022-11-03,Normal
LAB007009,P2759,HbA1c,134.79,mmol/mol,28–75,2023-02-17,High
LAB007010,P2759,Haemoglobin,10.73,g/dL,9.0–16.5,2024-05-09,Normal
LAB007011,P2759,HDL Cholesterol,1.95,mmol/L,0.9–2.5,2023-05-05,Normal
LAB007012,P2759,Fasting Glucose,6.26,mmol/L,3.5–10.0,2022-04-13,Normal
LAB007013,P2760,TSH,19.83,mU/L,0.3–5.5,2024-11-25,High
LAB007014,P2760,eGFR,124.49,mL/min,15–120,2024-01-12,High
LAB007015,P2760,LDL Cholesterol,4.1,mmol/L,1.5–5.0,2023-02-15,Normal
LAB007016,P2761,Platelet Count,290.06,x10^9/L,120–450,2024-10-29,Normal
LAB007017,P2761,Fasting Glucose,2.35,mmol/L,3.5–10.0,2022-01-24,Low
LAB007018,P2761,CRP,8.4,mg/L,0.1–120,2023-09-04,Normal
LAB007019,P2762,eGFR,90.21,mL/min,15–120,2024-09-26,Normal
LAB007020,P2762,Total Cholesterol,5.61,mmol/L,3.5–7.5,2022-07-09,Normal
LAB007021,P2763,eGFR,20.16,mL/min,15–120,2024-03-12,Normal
LAB007022,P2763,White Cell Count,11.52,x10^9/L,3.5–14.0,2022-02-06,Normal
LAB007023,P2763,LDL Cholesterol,2.19,mmol/L,1.5–5.0,2023-06-08,Normal
LAB007024,P2763,Serum Potassium,5.84,mmol/L,3.2–5.5,2024-01-29,High
LAB007025,P2764,White Cell Count,21.84,x10^9/L,3.5–14.0,2023-08-18,High
LAB007026,P2764,Serum Sodium,135.54,mmol/L,132–148,2023-08-12,Normal
LAB007027,P2764,Serum Potassium,5.21,mmol/L,3.2–5.5,2022-05-01,Normal
LAB007028,P2764,INR,1.23,ratio,0.8–4.5,2022-08-05,Normal
LAB007029,P2765,HbA1c,87.55,mmol/mol,28–75,2023-12-14,High
LAB007030,P2765,Total Cholesterol,3.05,mmol/L,3.5–7.5,2024-12-05,Low
LAB007031,P2765,LDL Cholesterol,4.61,mmol/L,1.5–5.0,2022-01-15,Normal
LAB007032,P2765,INR,3.54,ratio,0.8–4.5,2022-02-02,Normal
LAB007033,P2765,CRP,252.94,mg/L,0.1–120,2022-08-18,High
LAB007034,P2765,Fasting Glucose,17.33,mmol/L,3.5–10.0,2023-12-16,High
LAB007035,P2766,Haemoglobin,7.68,g/dL,9.0–16.5,2022-11-27,Low
LAB007036,P2766,Serum Creatinine,252.23,umol/L,55–200,2024-08-03,High
LAB007037,P2767,Serum Potassium,4.01,mmol/L,3.2–5.5,2024-03-12,Normal
LAB007038,P2767,Serum Creatinine,399.08,umol/L,55–200,2022-10-25,High
LAB007039,P2767,TSH,20.21,mU/L,0.3–5.5,2024-11-21,High
LAB007040,P2767,HbA1c,132.91,mmol/mol,28–75,2023-08-05,High
LAB007041,P2767,HDL Cholesterol,3.97,mmol/L,0.9–2.5,2024-06-02,High
LAB007042,P2768,eGFR,74.76,mL/min,15–120,2024-10-19,Normal
LAB007043,P2768,White Cell Count,23.75,x10^9/L,3.5–14.0,2022-12-04,High
LAB007044,P2768,Serum Sodium,120.41,mmol/L,132–148,2022-01-08,Low
LAB007045,P2768,Serum Potassium,3.29,mmol/L,3.2–5.5,2024-09-22,Normal
LAB007046,P2769,CRP,248.54,mg/L,0.1–120,2024-02-25,High
LAB007047,P2769,HbA1c,160.94,mmol/mol,28–75,2023-11-27,High
LAB007048,P2770,HDL Cholesterol,3.13,mmol/L,0.9–2.5,2022-07-01,High
LAB007049,P2770,Haemoglobin,9.54,g/dL,9.0–16.5,2022-10-20,Normal
LAB007050,P2770,eGFR,95.32,mL/min,15–120,2024-08-18,Normal
LAB007051,P2771,Serum Potassium,6.68,mmol/L,3.2–5.5,2023-08-29,High
LAB007052,P2771,Platelet Count,302.84,x10^9/L,120–450,2022-05-12,Normal
LAB007053,P2772,Serum Creatinine,38.74,umol/L,55–200,2022-04-15,Low
LAB007054,P2772,Platelet Count,87.31,x10^9/L,120–450,2022-02-07,Low
LAB007055,P2772,CRP,294.02,mg/L,0.1–120,2023-12-18,High
LAB007056,P2772,TSH,9.16,mU/L,0.3–5.5,2023-02-05,High
LAB007057,P2773,eGFR,90.99,mL/min,15–120,2023-06-05,Normal
LAB007058,P2773,HDL Cholesterol,1.21,mmol/L,0.9–2.5,2022-07-10,Normal
LAB007059,P2773,Total Cholesterol,2.38,mmol/L,3.5–7.5,2022-02-20,Low
LAB007060,P2773,Haemoglobin,13.92,g/dL,9.0–16.5,2022-11-23,Normal
LAB007061,P2774,Serum Creatinine,96.36,umol/L,55–200,2024-05-31,Normal
LAB007062,P2774,HbA1c,139.7,mmol/mol,28–75,2024-06-24,High
LAB007063,P2774,Serum Potassium,2.21,mmol/L,3.2–5.5,2023-02-10,Low
LAB007064,P2774,White Cell Count,13.13,x10^9/L,3.5–14.0,2024-06-19,Normal
LAB007065,P2775,Fasting Glucose,2.23,mmol/L,3.5–10.0,2022-12-22,Low
LAB007066,P2775,Haemoglobin,11.08,g/dL,9.0–16.5,2023-11-19,Normal
LAB007067,P2775,HbA1c,78.14,mmol/mol,28–75,2023-02-19,High
LAB007068,P2775,eGFR,87.59,mL/min,15–120,2022-06-14,Normal
LAB007069,P2776,HDL Cholesterol,2.08,mmol/L,0.9–2.5,2023-01-17,Normal
LAB007070,P2776,Serum Sodium,159.76,mmol/L,132–148,2022-02-27,High
LAB007071,P2776,Fasting Glucose,18.33,mmol/L,3.5–10.0,2023-12-11,High
LAB007072,P2777,CRP,79.84,mg/L,0.1–120,2022-03-06,Normal
LAB007073,P2777,Fasting Glucose,3.73,mmol/L,3.5–10.0,2023-05-22,Normal
LAB007074,P2777,Haemoglobin,19.68,g/dL,9.0–16.5,2024-07-08,High
LAB007075,P2777,Serum Creatinine,380.01,umol/L,55–200,2023-12-20,High
LAB007076,P2778,HDL Cholesterol,1.16,mmol/L,0.9–2.5,2023-02-23,Normal
LAB007077,P2778,White Cell Count,7.13,x10^9/L,3.5–14.0,2024-04-11,Normal
LAB007078,P2778,Total Cholesterol,8.18,mmol/L,3.5–7.5,2022-07-31,High
LAB007079,P2778,INR,0.7,ratio,0.8–4.5,2022-12-02,Low
LAB007080,P2778,Fasting Glucose,16.42,mmol/L,3.5–10.0,2024-05-16,High
LAB007081,P2778,Haemoglobin,15.12,g/dL,9.0–16.5,2023-12-26,Normal
LAB007082,P2779,Fasting Glucose,7.13,mmol/L,3.5–10.0,2023-07-23,Normal
LAB007083,P2779,Total Cholesterol,9.21,mmol/L,3.5–7.5,2024-09-09,High
LAB007084,P2779,TSH,11.29,mU/L,0.3–5.5,2024-08-07,High
LAB007085,P2779,HbA1c,119.9,mmol/mol,28–75,2023-12-30,High
LAB007086,P2779,eGFR,52.8,mL/min,15–120,2023-11-09,Normal
LAB007087,P2780,White Cell Count,27.73,x10^9/L,3.5–14.0,2022-04-29,High
LAB007088,P2780,HDL Cholesterol,3.11,mmol/L,0.9–2.5,2022-06-09,High
LAB007089,P2781,LDL Cholesterol,4.74,mmol/L,1.5–5.0,2023-12-31,Normal
LAB007090,P2781,TSH,14.06,mU/L,0.3–5.5,2022-02-01,High
LAB007091,P2781,Platelet Count,710.47,x10^9/L,120–450,2022-12-16,High
LAB007092,P2781,INR,4.36,ratio,0.8–4.5,2022-09-03,Normal
LAB007093,P2782,Total Cholesterol,5.44,mmol/L,3.5–7.5,2023-11-17,Normal
LAB007094,P2782,White Cell Count,23.18,x10^9/L,3.5–14.0,2022-08-08,High
LAB007095,P2783,LDL Cholesterol,2.92,mmol/L,1.5–5.0,2023-11-15,Normal
LAB007096,P2783,White Cell Count,5.09,x10^9/L,3.5–14.0,2023-05-20,Normal
LAB007097,P2783,Serum Potassium,2.93,mmol/L,3.2–5.5,2024-04-18,Low
LAB007098,P2783,Total Cholesterol,5.37,mmol/L,3.5–7.5,2022-08-30,Normal
LAB007099,P2784,TSH,5.58,mU/L,0.3–5.5,2023-02-25,High
LAB007100,P2784,Fasting Glucose,16.57,mmol/L,3.5–10.0,2022-03-29,High
LAB007101,P2784,Platelet Count,687.65,x10^9/L,120–450,2023-11-25,High
LAB007102,P2784,White Cell Count,6.65,x10^9/L,3.5–14.0,2024-06-05,Normal
LAB007103,P2784,HbA1c,108.02,mmol/mol,28–75,2022-01-31,High
LAB007104,P2784,Serum Creatinine,448.35,umol/L,55–200,2023-04-06,High
LAB007105,P2785,LDL Cholesterol,7.26,mmol/L,1.5–5.0,2023-08-16,High
LAB007106,P2785,White Cell Count,1.54,x10^9/L,3.5–14.0,2024-06-01,Low
LAB007107,P2786,Haemoglobin,15.74,g/dL,9.0–16.5,2022-05-14,Normal
LAB007108,P2786,TSH,17.45,mU/L,0.3–5.5,2022-09-09,High
LAB007109,P2786,eGFR,96.81,mL/min,15–120,2023-11-04,Normal
LAB007110,P2786,Platelet Count,59.53,x10^9/L,120–450,2024-09-29,Low
LAB007111,P2786,Total Cholesterol,10.81,mmol/L,3.5–7.5,2024-07-27,High
LAB007112,P2787,Platelet Count,783.7,x10^9/L,120–450,2023-08-24,High
LAB007113,P2787,Serum Creatinine,583.79,umol/L,55–200,2023-09-20,High
LAB007114,P2788,CRP,254.91,mg/L,0.1–120,2022-08-27,High
LAB007115,P2788,Serum Sodium,155.59,mmol/L,132–148,2023-05-22,High
LAB007116,P2788,HDL Cholesterol,2.28,mmol/L,0.9–2.5,2024-06-07,Normal
LAB007117,P2788,HbA1c,104.75,mmol/mol,28–75,2023-09-18,High
LAB007118,P2789,Fasting Glucose,18.66,mmol/L,3.5–10.0,2023-10-13,High
LAB007119,P2789,TSH,22.36,mU/L,0.3–5.5,2024-02-03,High
LAB007120,P2789,Serum Sodium,136.53,mmol/L,132–148,2024-05-19,Normal
LAB007121,P2790,Serum Creatinine,244.97,umol/L,55–200,2024-04-17,High
LAB007122,P2790,Platelet Count,219.94,x10^9/L,120–450,2024-09-01,Normal
LAB007123,P2790,Haemoglobin,9.06,g/dL,9.0–16.5,2023-06-26,Normal
LAB007124,P2790,INR,7.61,ratio,0.8–4.5,2024-09-28,High
LAB007125,P2790,Total Cholesterol,9.56,mmol/L,3.5–7.5,2023-01-26,High
LAB007126,P2790,Serum Sodium,147.06,mmol/L,132–148,2022-06-11,Normal
LAB007127,P2791,Serum Potassium,5.42,mmol/L,3.2–5.5,2022-08-12,Normal
LAB007128,P2791,HbA1c,186.31,mmol/mol,28–75,2023-06-28,High
LAB007129,P2791,Serum Creatinine,65.85,umol/L,55–200,2023-04-24,Normal
LAB007130,P2791,eGFR,43.52,mL/min,15–120,2022-02-13,Normal
LAB007131,P2791,Serum Sodium,155.71,mmol/L,132–148,2024-03-24,High
LAB007132,P2791,TSH,15.56,mU/L,0.3–5.5,2023-04-18,High
LAB007133,P2792,Platelet Count,382.97,x10^9/L,120–450,2022-06-25,Normal
LAB007134,P2792,TSH,19.23,mU/L,0.3–5.5,2024-06-02,High
LAB007135,P2792,White Cell Count,1.97,x10^9/L,3.5–14.0,2023-12-27,Low
LAB007136,P2793,Platelet Count,403.09,x10^9/L,120–450,2022-01-16,Normal
LAB007137,P2793,Fasting Glucose,4.88,mmol/L,3.5–10.0,2023-07-03,Normal
LAB007138,P2794,INR,6.12,ratio,0.8–4.5,2024-06-23,High
LAB007139,P2794,LDL Cholesterol,2.38,mmol/L,1.5–5.0,2023-03-17,Normal
LAB007140,P2794,eGFR,62.81,mL/min,15–120,2024-12-29,Normal
LAB007141,P2795,Fasting Glucose,19.46,mmol/L,3.5–10.0,2024-12-12,High
LAB007142,P2795,LDL Cholesterol,7.96,mmol/L,1.5–5.0,2023-01-30,High
LAB007143,P2796,Fasting Glucose,10.67,mmol/L,3.5–10.0,2022-09-02,High
LAB007144,P2796,LDL Cholesterol,6.54,mmol/L,1.5–5.0,2022-10-20,High
LAB007145,P2796,Serum Creatinine,266.01,umol/L,55–200,2022-05-14,High
LAB007146,P2796,Serum Potassium,2.54,mmol/L,3.2–5.5,2023-08-11,Low
LAB007147,P2797,eGFR,36.92,mL/min,15–120,2024-09-13,Normal
LAB007148,P2797,Total Cholesterol,10.86,mmol/L,3.5–7.5,2023-04-14,High
LAB007149,P2797,HbA1c,151.94,mmol/mol,28–75,2023-10-02,High
LAB007150,P2797,Haemoglobin,7.69,g/dL,9.0–16.5,2023-10-25,Low
LAB007151,P2797,LDL Cholesterol,7.49,mmol/L,1.5–5.0,2024-05-05,High
LAB007152,P2798,Haemoglobin,7.37,g/dL,9.0–16.5,2024-03-22,Low
LAB007153,P2798,LDL Cholesterol,4.34,mmol/L,1.5–5.0,2023-11-01,Normal
LAB007154,P2798,Fasting Glucose,12.66,mmol/L,3.5–10.0,2024-04-08,High
LAB007155,P2798,Serum Potassium,4.01,mmol/L,3.2–5.5,2024-08-27,Normal
LAB007156,P2799,HbA1c,176.27,mmol/mol,28–75,2024-12-06,High
LAB007157,P2799,White Cell Count,26.75,x10^9/L,3.5–14.0,2023-07-04,High
LAB007158,P2800,White Cell Count,4.61,x10^9/L,3.5–14.0,2024-01-20,Normal
LAB007159,P2800,LDL Cholesterol,4.05,mmol/L,1.5–5.0,2022-08-02,Normal
LAB007160,P2800,HbA1c,92.83,mmol/mol,28–75,2024-06-06,High
LAB007161,P2801,White Cell Count,29.07,x10^9/L,3.5–14.0,2023-06-26,High
LAB007162,P2801,CRP,269.13,mg/L,0.1–120,2024-11-06,High
LAB007163,P2802,HbA1c,190.64,mmol/mol,28–75,2023-01-14,High
LAB007164,P2802,TSH,16.68,mU/L,0.3–5.5,2022-12-16,High
LAB007165,P2802,Serum Potassium,4.16,mmol/L,3.2–5.5,2024-08-15,Normal
LAB007166,P2802,Total Cholesterol,4.05,mmol/L,3.5–7.5,2024-02-13,Normal
LAB007167,P2802,HDL Cholesterol,0.62,mmol/L,0.9–2.5,2024-07-25,Low
LAB007168,P2802,INR,2.13,ratio,0.8–4.5,2024-06-07,Normal
LAB007169,P2803,Fasting Glucose,5.51,mmol/L,3.5–10.0,2022-07-11,Normal
LAB007170,P2803,HDL Cholesterol,2.31,mmol/L,0.9–2.5,2023-01-25,Normal
LAB007171,P2803,Platelet Count,388.57,x10^9/L,120–450,2022-10-01,Normal
LAB007172,P2804,Platelet Count,440.07,x10^9/L,120–450,2022-01-15,Normal
LAB007173,P2804,Serum Sodium,132.22,mmol/L,132–148,2022-01-14,Normal
LAB007174,P2804,LDL Cholesterol,5.37,mmol/L,1.5–5.0,2022-01-07,High
LAB007175,P2805,TSH,19.64,mU/L,0.3–5.5,2024-04-02,High
LAB007176,P2805,Serum Sodium,131.45,mmol/L,132–148,2024-04-24,Low
LAB007177,P2805,LDL Cholesterol,2.41,mmol/L,1.5–5.0,2023-01-14,Normal
LAB007178,P2805,HDL Cholesterol,3.04,mmol/L,0.9–2.5,2023-02-09,High
LAB007179,P2805,Platelet Count,470.65,x10^9/L,120–450,2024-04-13,High
LAB007180,P2805,Fasting Glucose,11.99,mmol/L,3.5–10.0,2022-07-16,High
LAB007181,P2806,CRP,142.57,mg/L,0.1–120,2022-09-27,High
LAB007182,P2806,LDL Cholesterol,7.16,mmol/L,1.5–5.0,2022-11-27,High
LAB007183,P2806,Serum Sodium,145.43,mmol/L,132–148,2022-07-31,Normal
LAB007184,P2807,Fasting Glucose,5.34,mmol/L,3.5–10.0,2024-10-28,Normal
LAB007185,P2807,Serum Creatinine,334.91,umol/L,55–200,2022-03-11,High
LAB007186,P2807,INR,7.49,ratio,0.8–4.5,2022-06-30,High
LAB007187,P2807,LDL Cholesterol,2.0,mmol/L,1.5–5.0,2024-09-23,Normal
LAB007188,P2807,Serum Potassium,2.32,mmol/L,3.2–5.5,2022-04-16,Low
LAB007189,P2807,Platelet Count,538.75,x10^9/L,120–450,2023-05-16,High
LAB007190,P2808,HDL Cholesterol,1.91,mmol/L,0.9–2.5,2022-11-13,Normal
LAB007191,P2808,Fasting Glucose,11.2,mmol/L,3.5–10.0,2023-09-27,High
LAB007192,P2808,Serum Sodium,143.91,mmol/L,132–148,2022-01-30,Normal
LAB007193,P2808,Haemoglobin,12.61,g/dL,9.0–16.5,2024-04-27,Normal
LAB007194,P2808,White Cell Count,27.49,x10^9/L,3.5–14.0,2023-05-29,High
LAB007195,P2808,TSH,15.93,mU/L,0.3–5.5,2022-05-26,High
LAB007196,P2809,Serum Creatinine,47.26,umol/L,55–200,2022-06-30,Low
LAB007197,P2809,Serum Sodium,136.7,mmol/L,132–148,2022-06-02,Normal
LAB007198,P2810,White Cell Count,8.06,x10^9/L,3.5–14.0,2023-03-30,Normal
LAB007199,P2810,CRP,180.56,mg/L,0.1–120,2023-11-05,High
LAB007200,P2810,Serum Potassium,6.53,mmol/L,3.2–5.5,2023-04-03,High
LAB007201,P2811,TSH,26.78,mU/L,0.3–5.5,2023-01-12,High
LAB007202,P2811,White Cell Count,23.83,x10^9/L,3.5–14.0,2024-11-24,High
LAB007203,P2812,HDL Cholesterol,2.5,mmol/L,0.9–2.5,2023-05-27,Normal
LAB007204,P2812,eGFR,79.2,mL/min,15–120,2023-05-17,Normal
LAB007205,P2813,Platelet Count,759.82,x10^9/L,120–450,2022-12-24,High
LAB007206,P2813,White Cell Count,2.24,x10^9/L,3.5–14.0,2022-12-09,Low
LAB007207,P2813,Serum Sodium,145.29,mmol/L,132–148,2024-11-13,Normal
LAB007208,P2813,Total Cholesterol,6.14,mmol/L,3.5–7.5,2022-06-25,Normal
LAB007209,P2813,LDL Cholesterol,3.05,mmol/L,1.5–5.0,2022-11-23,Normal
LAB007210,P2814,HbA1c,89.98,mmol/mol,28–75,2022-03-02,High
LAB007211,P2814,INR,0.98,ratio,0.8–4.5,2023-07-27,Normal
LAB007212,P2814,Serum Sodium,135.43,mmol/L,132–148,2022-03-18,Normal
LAB007213,P2815,HDL Cholesterol,3.94,mmol/L,0.9–2.5,2022-11-05,High
LAB007214,P2815,Serum Sodium,142.45,mmol/L,132–148,2022-01-02,Normal
LAB007215,P2816,HDL Cholesterol,0.63,mmol/L,0.9–2.5,2023-02-17,Low
LAB007216,P2816,Haemoglobin,16.6,g/dL,9.0–16.5,2022-09-20,High
LAB007217,P2816,Fasting Glucose,7.13,mmol/L,3.5–10.0,2024-07-03,Normal
LAB007218,P2816,Total Cholesterol,5.08,mmol/L,3.5–7.5,2023-11-07,Normal
LAB007219,P2817,Total Cholesterol,11.75,mmol/L,3.5–7.5,2024-05-21,High
LAB007220,P2817,LDL Cholesterol,5.77,mmol/L,1.5–5.0,2024-09-09,High
LAB007221,P2817,Haemoglobin,18.97,g/dL,9.0–16.5,2022-09-24,High
LAB007222,P2817,White Cell Count,24.14,x10^9/L,3.5–14.0,2024-07-29,High
LAB007223,P2817,Serum Potassium,6.84,mmol/L,3.2–5.5,2022-02-21,High
LAB007224,P2818,TSH,9.96,mU/L,0.3–5.5,2022-05-16,High
LAB007225,P2818,LDL Cholesterol,5.79,mmol/L,1.5–5.0,2024-04-14,High
LAB007226,P2818,Platelet Count,468.0,x10^9/L,120–450,2022-04-11,High
LAB007227,P2818,Serum Potassium,4.13,mmol/L,3.2–5.5,2024-08-29,Normal
LAB007228,P2818,Serum Sodium,131.67,mmol/L,132–148,2024-04-25,Low
LAB007229,P2819,White Cell Count,28.01,x10^9/L,3.5–14.0,2023-05-15,High
LAB007230,P2819,HDL Cholesterol,2.86,mmol/L,0.9–2.5,2024-09-01,High
LAB007231,P2819,Serum Potassium,5.71,mmol/L,3.2–5.5,2024-01-31,High
LAB007232,P2819,LDL Cholesterol,3.62,mmol/L,1.5–5.0,2022-06-25,Normal
LAB007233,P2819,eGFR,118.27,mL/min,15–120,2024-11-04,Normal
LAB007234,P2819,TSH,8.18,mU/L,0.3–5.5,2023-03-30,High
LAB007235,P2820,Haemoglobin,12.94,g/dL,9.0–16.5,2024-12-10,Normal
LAB007236,P2820,CRP,108.72,mg/L,0.1–120,2022-10-10,Normal
LAB007237,P2820,INR,5.66,ratio,0.8–4.5,2023-07-21,High
LAB007238,P2820,Serum Sodium,158.58,mmol/L,132–148,2024-10-31,High
LAB007239,P2821,eGFR,126.62,mL/min,15–120,2024-11-16,High
LAB007240,P2821,Fasting Glucose,18.42,mmol/L,3.5–10.0,2023-01-28,High
LAB007241,P2821,White Cell Count,13.75,x10^9/L,3.5–14.0,2023-10-02,Normal
LAB007242,P2822,CRP,11.36,mg/L,0.1–120,2022-09-25,Normal
LAB007243,P2822,Platelet Count,251.5,x10^9/L,120–450,2023-10-27,Normal
LAB007244,P2822,Total Cholesterol,2.04,mmol/L,3.5–7.5,2023-12-21,Low
LAB007245,P2822,LDL Cholesterol,6.74,mmol/L,1.5–5.0,2024-03-09,High
LAB007246,P2822,INR,4.22,ratio,0.8–4.5,2022-05-08,Normal
LAB007247,P2822,eGFR,24.43,mL/min,15–120,2024-09-08,Normal
LAB007248,P2823,Total Cholesterol,11.13,mmol/L,3.5–7.5,2024-03-26,High
LAB007249,P2823,Platelet Count,619.27,x10^9/L,120–450,2022-01-07,High
LAB007250,P2823,Serum Creatinine,578.64,umol/L,55–200,2024-06-16,High
LAB007251,P2823,INR,5.91,ratio,0.8–4.5,2023-03-03,High
LAB007252,P2823,White Cell Count,23.16,x10^9/L,3.5–14.0,2023-08-21,High
LAB007253,P2823,Serum Potassium,2.01,mmol/L,3.2–5.5,2024-11-06,Low
LAB007254,P2824,HDL Cholesterol,2.22,mmol/L,0.9–2.5,2022-07-04,Normal
LAB007255,P2824,LDL Cholesterol,5.19,mmol/L,1.5–5.0,2024-06-14,High
LAB007256,P2825,CRP,95.72,mg/L,0.1–120,2022-09-04,Normal
LAB007257,P2825,INR,0.61,ratio,0.8–4.5,2024-04-26,Low
LAB007258,P2825,White Cell Count,23.52,x10^9/L,3.5–14.0,2022-07-28,High
LAB007259,P2825,HbA1c,130.65,mmol/mol,28–75,2024-08-05,High
LAB007260,P2825,TSH,27.54,mU/L,0.3–5.5,2022-01-07,High
LAB007261,P2825,eGFR,113.33,mL/min,15–120,2024-10-25,Normal
LAB007262,P2826,Platelet Count,558.81,x10^9/L,120–450,2023-04-27,High
LAB007263,P2826,TSH,3.85,mU/L,0.3–5.5,2023-09-15,Normal
LAB007264,P2826,LDL Cholesterol,0.74,mmol/L,1.5–5.0,2024-08-22,Low
LAB007265,P2827,Platelet Count,726.33,x10^9/L,120–450,2022-05-16,High
LAB007266,P2827,HDL Cholesterol,3.61,mmol/L,0.9–2.5,2024-04-06,High
LAB007267,P2827,Total Cholesterol,5.73,mmol/L,3.5–7.5,2024-01-17,Normal
LAB007268,P2827,Serum Creatinine,237.99,umol/L,55–200,2024-08-30,High
LAB007269,P2828,White Cell Count,5.31,x10^9/L,3.5–14.0,2022-05-26,Normal
LAB007270,P2828,eGFR,126.57,mL/min,15–120,2024-10-11,High
LAB007271,P2828,LDL Cholesterol,5.52,mmol/L,1.5–5.0,2022-01-07,High
LAB007272,P2828,Serum Potassium,5.92,mmol/L,3.2–5.5,2024-03-18,High
LAB007273,P2829,INR,7.93,ratio,0.8–4.5,2024-09-07,High
LAB007274,P2829,Serum Creatinine,149.8,umol/L,55–200,2023-08-05,Normal
LAB007275,P2830,HbA1c,92.85,mmol/mol,28–75,2022-02-28,High
LAB007276,P2830,Platelet Count,609.78,x10^9/L,120–450,2024-02-17,High
LAB007277,P2831,eGFR,89.26,mL/min,15–120,2022-05-17,Normal
LAB007278,P2831,TSH,19.8,mU/L,0.3–5.5,2023-02-01,High
LAB007279,P2832,Haemoglobin,11.68,g/dL,9.0–16.5,2022-12-03,Normal
LAB007280,P2832,eGFR,41.66,mL/min,15–120,2024-02-07,Normal
LAB007281,P2833,Platelet Count,432.7,x10^9/L,120–450,2023-08-24,Normal
LAB007282,P2833,Haemoglobin,8.98,g/dL,9.0–16.5,2024-03-03,Low
LAB007283,P2833,Serum Sodium,154.67,mmol/L,132–148,2024-07-13,High
LAB007284,P2833,CRP,98.51,mg/L,0.1–120,2023-11-12,Normal
LAB007285,P2833,Fasting Glucose,17.25,mmol/L,3.5–10.0,2024-01-12,High
LAB007286,P2834,eGFR,74.57,mL/min,15–120,2023-07-04,Normal
LAB007287,P2834,TSH,23.25,mU/L,0.3–5.5,2023-01-05,High
LAB007288,P2834,HbA1c,95.23,mmol/mol,28–75,2024-02-03,High
LAB007289,P2834,CRP,58.39,mg/L,0.1–120,2024-12-10,Normal
LAB007290,P2835,Total Cholesterol,11.53,mmol/L,3.5–7.5,2024-03-30,High
LAB007291,P2835,INR,3.33,ratio,0.8–4.5,2022-04-13,Normal
LAB007292,P2835,Serum Potassium,4.73,mmol/L,3.2–5.5,2022-08-25,Normal
LAB007293,P2835,HDL Cholesterol,2.3,mmol/L,0.9–2.5,2023-10-18,Normal
LAB007294,P2835,Platelet Count,438.15,x10^9/L,120–450,2022-03-16,Normal
LAB007295,P2835,TSH,8.66,mU/L,0.3–5.5,2023-08-16,High
LAB007296,P2836,LDL Cholesterol,7.86,mmol/L,1.5–5.0,2023-09-19,High
LAB007297,P2836,eGFR,70.81,mL/min,15–120,2023-06-17,Normal
LAB007298,P2837,Fasting Glucose,9.03,mmol/L,3.5–10.0,2023-05-09,Normal
LAB007299,P2837,Total Cholesterol,10.67,mmol/L,3.5–7.5,2022-04-26,High
LAB007300,P2837,TSH,25.98,mU/L,0.3–5.5,2022-11-20,High
LAB007301,P2837,Serum Sodium,146.2,mmol/L,132–148,2023-03-03,Normal
LAB007302,P2838,Platelet Count,565.88,x10^9/L,120–450,2023-08-26,High
LAB007303,P2838,Serum Potassium,3.08,mmol/L,3.2–5.5,2022-05-24,Low
LAB007304,P2839,Fasting Glucose,6.94,mmol/L,3.5–10.0,2023-10-25,Normal
LAB007305,P2839,TSH,9.92,mU/L,0.3–5.5,2024-06-19,High
LAB007306,P2839,LDL Cholesterol,5.05,mmol/L,1.5–5.0,2022-03-04,High
LAB007307,P2840,Haemoglobin,10.8,g/dL,9.0–16.5,2024-03-04,Normal
LAB007308,P2840,Total Cholesterol,9.82,mmol/L,3.5–7.5,2024-09-20,High
LAB007309,P2841,LDL Cholesterol,5.3,mmol/L,1.5–5.0,2024-05-08,High
LAB007310,P2841,HbA1c,82.72,mmol/mol,28–75,2024-12-15,High
LAB007311,P2841,eGFR,126.9,mL/min,15–120,2024-06-24,High
LAB007312,P2842,Serum Potassium,3.85,mmol/L,3.2–5.5,2022-04-18,Normal
LAB007313,P2842,CRP,85.52,mg/L,0.1–120,2023-04-29,Normal
LAB007314,P2843,Haemoglobin,14.49,g/dL,9.0–16.5,2023-02-18,Normal
LAB007315,P2843,CRP,223.04,mg/L,0.1–120,2022-09-29,High
LAB007316,P2843,INR,2.53,ratio,0.8–4.5,2024-02-24,Normal
LAB007317,P2843,eGFR,64.93,mL/min,15–120,2024-08-16,Normal
LAB007318,P2843,TSH,2.4,mU/L,0.3–5.5,2024-05-13,Normal
LAB007319,P2844,Serum Creatinine,589.63,umol/L,55–200,2022-09-28,High
LAB007320,P2844,CRP,9.13,mg/L,0.1–120,2023-09-19,Normal
LAB007321,P2844,TSH,10.04,mU/L,0.3–5.5,2022-02-18,High
LAB007322,P2844,Haemoglobin,18.92,g/dL,9.0–16.5,2023-07-23,High
LAB007323,P2844,Platelet Count,726.62,x10^9/L,120–450,2023-02-21,High
LAB007324,P2845,CRP,134.12,mg/L,0.1–120,2023-07-26,High
LAB007325,P2845,Serum Sodium,158.24,mmol/L,132–148,2023-04-28,High
LAB007326,P2845,White Cell Count,20.58,x10^9/L,3.5–14.0,2024-03-03,High
LAB007327,P2845,Total Cholesterol,6.87,mmol/L,3.5–7.5,2024-12-02,Normal
LAB007328,P2845,eGFR,58.3,mL/min,15–120,2024-11-02,Normal
LAB007329,P2845,Platelet Count,503.25,x10^9/L,120–450,2024-03-11,High
LAB007330,P2846,INR,2.24,ratio,0.8–4.5,2022-06-11,Normal
LAB007331,P2846,HbA1c,197.64,mmol/mol,28–75,2023-09-01,High
LAB007332,P2846,White Cell Count,4.54,x10^9/L,3.5–14.0,2023-05-06,Normal
LAB007333,P2846,Haemoglobin,10.53,g/dL,9.0–16.5,2022-03-20,Normal
LAB007334,P2846,TSH,22.38,mU/L,0.3–5.5,2023-08-08,High
LAB007335,P2846,eGFR,81.24,mL/min,15–120,2023-07-31,Normal
LAB007336,P2847,HDL Cholesterol,2.1,mmol/L,0.9–2.5,2024-07-16,Normal
LAB007337,P2847,Haemoglobin,7.93,g/dL,9.0–16.5,2023-09-07,Low
LAB007338,P2847,CRP,81.88,mg/L,0.1–120,2022-11-05,Normal
LAB007339,P2847,Total Cholesterol,6.8,mmol/L,3.5–7.5,2024-04-23,Normal
LAB007340,P2848,HbA1c,80.13,mmol/mol,28–75,2024-07-31,High
LAB007341,P2848,Platelet Count,670.41,x10^9/L,120–450,2022-12-01,High
LAB007342,P2849,Haemoglobin,18.21,g/dL,9.0–16.5,2023-05-19,High
LAB007343,P2849,HDL Cholesterol,2.64,mmol/L,0.9–2.5,2023-06-02,High
LAB007344,P2849,HbA1c,88.73,mmol/mol,28–75,2022-01-15,High
LAB007345,P2849,CRP,71.85,mg/L,0.1–120,2022-12-11,Normal
LAB007346,P2849,Serum Creatinine,589.5,umol/L,55–200,2022-03-05,High
LAB007347,P2849,Fasting Glucose,6.11,mmol/L,3.5–10.0,2024-04-27,Normal
LAB007348,P2850,Platelet Count,469.87,x10^9/L,120–450,2024-02-02,High
LAB007349,P2850,CRP,160.53,mg/L,0.1–120,2024-09-10,High
LAB007350,P2850,Serum Sodium,138.36,mmol/L,132–148,2024-08-19,Normal
LAB007351,P2850,Fasting Glucose,8.45,mmol/L,3.5–10.0,2022-08-06,Normal
LAB007352,P2850,Serum Potassium,2.96,mmol/L,3.2–5.5,2023-03-18,Low
LAB007353,P2850,HbA1c,170.85,mmol/mol,28–75,2022-12-22,High
LAB007354,P2851,eGFR,91.45,mL/min,15–120,2023-09-16,Normal
LAB007355,P2851,Haemoglobin,16.82,g/dL,9.0–16.5,2024-03-18,High
LAB007356,P2851,Platelet Count,660.85,x10^9/L,120–450,2022-07-08,High
LAB007357,P2851,INR,6.22,ratio,0.8–4.5,2024-09-08,High
LAB007358,P2852,Fasting Glucose,9.31,mmol/L,3.5–10.0,2024-06-19,Normal
LAB007359,P2852,White Cell Count,22.31,x10^9/L,3.5–14.0,2024-12-16,High
LAB007360,P2852,eGFR,56.4,mL/min,15–120,2024-04-06,Normal
LAB007361,P2852,Total Cholesterol,11.02,mmol/L,3.5–7.5,2023-04-09,High
LAB007362,P2852,TSH,22.97,mU/L,0.3–5.5,2024-03-14,High
LAB007363,P2853,TSH,7.26,mU/L,0.3–5.5,2023-02-10,High
LAB007364,P2853,White Cell Count,5.13,x10^9/L,3.5–14.0,2024-04-19,Normal
LAB007365,P2853,Fasting Glucose,4.34,mmol/L,3.5–10.0,2024-11-22,Normal
LAB007366,P2854,HDL Cholesterol,1.89,mmol/L,0.9–2.5,2023-07-21,Normal
LAB007367,P2854,HbA1c,122.06,mmol/mol,28–75,2024-07-15,High
LAB007368,P2854,Platelet Count,72.74,x10^9/L,120–450,2023-10-03,Low
LAB007369,P2854,CRP,67.58,mg/L,0.1–120,2023-09-01,Normal
LAB007370,P2854,eGFR,38.63,mL/min,15–120,2023-05-24,Normal
LAB007371,P2855,Platelet Count,127.39,x10^9/L,120–450,2022-08-12,Normal
LAB007372,P2855,Serum Potassium,5.26,mmol/L,3.2–5.5,2024-02-18,Normal
LAB007373,P2855,Serum Creatinine,127.12,umol/L,55–200,2022-03-06,Normal
LAB007374,P2855,HDL Cholesterol,3.47,mmol/L,0.9–2.5,2022-12-28,High
LAB007375,P2856,Platelet Count,56.86,x10^9/L,120–450,2022-02-18,Low
LAB007376,P2856,LDL Cholesterol,6.42,mmol/L,1.5–5.0,2022-11-30,High
LAB007377,P2856,HDL Cholesterol,3.38,mmol/L,0.9–2.5,2023-12-29,High
LAB007378,P2856,White Cell Count,8.14,x10^9/L,3.5–14.0,2024-02-29,Normal
LAB007379,P2856,Total Cholesterol,5.21,mmol/L,3.5–7.5,2023-08-15,Normal
LAB007380,P2856,Serum Sodium,145.32,mmol/L,132–148,2024-03-28,Normal
LAB007381,P2857,eGFR,120.92,mL/min,15–120,2022-12-13,High
LAB007382,P2857,Platelet Count,707.42,x10^9/L,120–450,2023-01-21,High
LAB007383,P2857,CRP,26.93,mg/L,0.1–120,2023-10-10,Normal
LAB007384,P2857,INR,1.5,ratio,0.8–4.5,2023-09-08,Normal
LAB007385,P2857,HbA1c,22.62,mmol/mol,28–75,2023-07-12,Low
LAB007386,P2857,Serum Potassium,6.46,mmol/L,3.2–5.5,2022-09-09,High
LAB007387,P2858,Serum Potassium,5.45,mmol/L,3.2–5.5,2022-10-25,Normal
LAB007388,P2858,Haemoglobin,12.47,g/dL,9.0–16.5,2024-11-25,Normal
LAB007389,P2858,Serum Creatinine,267.83,umol/L,55–200,2022-07-10,High
LAB007390,P2858,White Cell Count,19.9,x10^9/L,3.5–14.0,2022-12-24,High
LAB007391,P2859,Haemoglobin,17.26,g/dL,9.0–16.5,2023-04-09,High
LAB007392,P2859,INR,2.29,ratio,0.8–4.5,2023-11-05,Normal
LAB007393,P2859,Serum Sodium,137.44,mmol/L,132–148,2023-09-29,Normal
LAB007394,P2859,Platelet Count,728.38,x10^9/L,120–450,2022-02-10,High
LAB007395,P2859,LDL Cholesterol,1.2,mmol/L,1.5–5.0,2023-07-03,Low
LAB007396,P2860,TSH,28.9,mU/L,0.3–5.5,2022-06-21,High
LAB007397,P2860,Serum Creatinine,266.08,umol/L,55–200,2022-12-25,High
LAB007398,P2860,Haemoglobin,18.38,g/dL,9.0–16.5,2024-01-16,High
LAB007399,P2860,eGFR,11.63,mL/min,15–120,2024-04-28,Low
LAB007400,P2861,Fasting Glucose,11.62,mmol/L,3.5–10.0,2022-05-10,High
LAB007401,P2861,HbA1c,134.54,mmol/mol,28–75,2024-09-24,High
LAB007402,P2861,LDL Cholesterol,7.16,mmol/L,1.5–5.0,2023-01-05,High
LAB007403,P2861,CRP,191.57,mg/L,0.1–120,2024-01-25,High
LAB007404,P2862,LDL Cholesterol,7.99,mmol/L,1.5–5.0,2024-01-27,High
LAB007405,P2862,HDL Cholesterol,2.95,mmol/L,0.9–2.5,2024-01-12,High
LAB007406,P2862,Serum Potassium,3.41,mmol/L,3.2–5.5,2022-05-11,Normal
LAB007407,P2863,INR,0.96,ratio,0.8–4.5,2023-07-29,Normal
LAB007408,P2863,Serum Potassium,5.69,mmol/L,3.2–5.5,2024-04-22,High
LAB007409,P2863,TSH,13.65,mU/L,0.3–5.5,2022-12-22,High
LAB007410,P2864,HDL Cholesterol,3.55,mmol/L,0.9–2.5,2024-11-16,High
LAB007411,P2864,CRP,185.33,mg/L,0.1–120,2024-11-10,High
LAB007412,P2864,Serum Potassium,6.49,mmol/L,3.2–5.5,2022-08-23,High
LAB007413,P2864,HbA1c,180.67,mmol/mol,28–75,2023-03-07,High
LAB007414,P2864,Fasting Glucose,16.89,mmol/L,3.5–10.0,2023-03-11,High
LAB007415,P2865,CRP,247.68,mg/L,0.1–120,2023-12-04,High
LAB007416,P2865,INR,5.22,ratio,0.8–4.5,2024-05-30,High
LAB007417,P2865,Serum Potassium,2.63,mmol/L,3.2–5.5,2024-12-27,Low
LAB007418,P2865,HDL Cholesterol,2.84,mmol/L,0.9–2.5,2024-05-15,High
LAB007419,P2866,Haemoglobin,19.86,g/dL,9.0–16.5,2022-06-23,High
LAB007420,P2866,Serum Sodium,153.43,mmol/L,132–148,2023-05-24,High
LAB007421,P2867,HDL Cholesterol,3.09,mmol/L,0.9–2.5,2023-06-11,High
LAB007422,P2867,Serum Sodium,150.98,mmol/L,132–148,2024-08-06,High
LAB007423,P2867,Haemoglobin,15.42,g/dL,9.0–16.5,2022-06-30,Normal
LAB007424,P2867,Serum Creatinine,316.7,umol/L,55–200,2023-10-12,High
LAB007425,P2867,Fasting Glucose,2.33,mmol/L,3.5–10.0,2022-10-11,Low
LAB007426,P2867,LDL Cholesterol,5.52,mmol/L,1.5–5.0,2022-04-17,High
LAB007427,P2868,Serum Potassium,4.09,mmol/L,3.2–5.5,2023-12-21,Normal
LAB007428,P2868,Serum Creatinine,74.51,umol/L,55–200,2022-05-02,Normal
LAB007429,P2868,TSH,12.05,mU/L,0.3–5.5,2022-02-17,High
LAB007430,P2868,HDL Cholesterol,2.82,mmol/L,0.9–2.5,2024-06-01,High
LAB007431,P2869,Fasting Glucose,19.04,mmol/L,3.5–10.0,2023-12-16,High
LAB007432,P2869,Platelet Count,628.47,x10^9/L,120–450,2024-07-19,High
LAB007433,P2870,Serum Potassium,3.64,mmol/L,3.2–5.5,2022-01-03,Normal
LAB007434,P2870,Haemoglobin,9.25,g/dL,9.0–16.5,2023-10-09,Normal
LAB007435,P2870,Total Cholesterol,7.35,mmol/L,3.5–7.5,2024-02-15,Normal
LAB007436,P2871,LDL Cholesterol,2.54,mmol/L,1.5–5.0,2022-09-19,Normal
LAB007437,P2871,TSH,16.42,mU/L,0.3–5.5,2023-10-19,High
LAB007438,P2871,Platelet Count,240.63,x10^9/L,120–450,2022-02-04,Normal
LAB007439,P2871,HDL Cholesterol,0.71,mmol/L,0.9–2.5,2022-12-04,Low
LAB007440,P2872,Fasting Glucose,18.81,mmol/L,3.5–10.0,2022-04-08,High
LAB007441,P2872,Platelet Count,766.88,x10^9/L,120–450,2024-10-13,High
LAB007442,P2872,Serum Creatinine,168.47,umol/L,55–200,2023-12-02,Normal
LAB007443,P2873,Platelet Count,229.92,x10^9/L,120–450,2023-07-11,Normal
LAB007444,P2873,HbA1c,134.12,mmol/mol,28–75,2023-03-05,High
LAB007445,P2873,INR,7.59,ratio,0.8–4.5,2022-11-22,High
LAB007446,P2874,Total Cholesterol,9.69,mmol/L,3.5–7.5,2024-01-24,High
LAB007447,P2874,HbA1c,147.23,mmol/mol,28–75,2024-02-23,High
LAB007448,P2874,Serum Creatinine,496.81,umol/L,55–200,2024-10-31,High
LAB007449,P2874,Serum Potassium,3.51,mmol/L,3.2–5.5,2024-10-16,Normal
LAB007450,P2874,TSH,11.15,mU/L,0.3–5.5,2023-12-08,High
LAB007451,P2875,White Cell Count,8.05,x10^9/L,3.5–14.0,2023-08-16,Normal
LAB007452,P2875,Serum Sodium,128.3,mmol/L,132–148,2022-03-02,Low
LAB007453,P2875,LDL Cholesterol,4.84,mmol/L,1.5–5.0,2023-12-21,Normal
LAB007454,P2875,TSH,2.39,mU/L,0.3–5.5,2024-10-30,Normal
LAB007455,P2875,Platelet Count,431.35,x10^9/L,120–450,2024-06-30,Normal
LAB007456,P2876,Haemoglobin,10.76,g/dL,9.0–16.5,2023-01-04,Normal
LAB007457,P2876,White Cell Count,22.06,x10^9/L,3.5–14.0,2024-11-09,High
LAB007458,P2876,Total Cholesterol,4.42,mmol/L,3.5–7.5,2024-07-01,Normal
LAB007459,P2876,INR,4.39,ratio,0.8–4.5,2022-01-25,Normal
LAB007460,P2876,HbA1c,142.78,mmol/mol,28–75,2022-05-26,High
LAB007461,P2876,Platelet Count,470.64,x10^9/L,120–450,2024-06-04,High
LAB007462,P2877,Serum Potassium,4.61,mmol/L,3.2–5.5,2024-04-07,Normal
LAB007463,P2877,CRP,226.79,mg/L,0.1–120,2022-02-06,High
LAB007464,P2877,Platelet Count,674.43,x10^9/L,120–450,2023-08-22,High
LAB007465,P2877,INR,3.06,ratio,0.8–4.5,2024-05-09,Normal
LAB007466,P2878,Serum Potassium,5.73,mmol/L,3.2–5.5,2024-08-15,High
LAB007467,P2878,Serum Creatinine,32.02,umol/L,55–200,2023-03-05,Low
LAB007468,P2878,CRP,273.67,mg/L,0.1–120,2024-07-05,High
LAB007469,P2879,White Cell Count,19.53,x10^9/L,3.5–14.0,2024-07-04,High
LAB007470,P2879,TSH,10.71,mU/L,0.3–5.5,2024-07-14,High
LAB007471,P2880,HbA1c,176.72,mmol/mol,28–75,2022-09-28,High
LAB007472,P2880,TSH,1.05,mU/L,0.3–5.5,2023-12-01,Normal
LAB007473,P2880,Platelet Count,714.55,x10^9/L,120–450,2022-09-17,High
LAB007474,P2880,White Cell Count,2.32,x10^9/L,3.5–14.0,2024-03-30,Low
LAB007475,P2881,CRP,6.36,mg/L,0.1–120,2024-03-27,Normal
LAB007476,P2881,HbA1c,168.66,mmol/mol,28–75,2024-12-27,High
LAB007477,P2881,Haemoglobin,9.52,g/dL,9.0–16.5,2024-10-10,Normal
LAB007478,P2881,HDL Cholesterol,1.17,mmol/L,0.9–2.5,2022-12-10,Normal
LAB007479,P2881,LDL Cholesterol,0.81,mmol/L,1.5–5.0,2023-09-03,Low
LAB007480,P2881,Platelet Count,521.84,x10^9/L,120–450,2023-06-08,High
LAB007481,P2882,HbA1c,134.38,mmol/mol,28–75,2024-09-17,High
LAB007482,P2882,Serum Potassium,2.4,mmol/L,3.2–5.5,2022-01-01,Low
LAB007483,P2882,Haemoglobin,7.69,g/dL,9.0–16.5,2023-01-06,Low
LAB007484,P2882,LDL Cholesterol,0.93,mmol/L,1.5–5.0,2023-02-06,Low
LAB007485,P2883,Haemoglobin,7.01,g/dL,9.0–16.5,2024-03-19,Low
LAB007486,P2883,Total Cholesterol,8.18,mmol/L,3.5–7.5,2023-06-02,High
LAB007487,P2883,Platelet Count,745.86,x10^9/L,120–450,2024-06-06,High
LAB007488,P2883,Serum Potassium,2.41,mmol/L,3.2–5.5,2024-03-14,Low
LAB007489,P2883,Serum Sodium,136.6,mmol/L,132–148,2024-05-10,Normal
LAB007490,P2884,Haemoglobin,15.72,g/dL,9.0–16.5,2023-03-27,Normal
LAB007491,P2884,Fasting Glucose,8.24,mmol/L,3.5–10.0,2024-06-26,Normal
LAB007492,P2884,HbA1c,81.5,mmol/mol,28–75,2024-01-21,High
LAB007493,P2884,CRP,40.64,mg/L,0.1–120,2022-02-21,Normal
LAB007494,P2885,LDL Cholesterol,1.06,mmol/L,1.5–5.0,2024-03-02,Low
LAB007495,P2885,Fasting Glucose,3.44,mmol/L,3.5–10.0,2024-12-10,Low
LAB007496,P2885,Serum Potassium,3.11,mmol/L,3.2–5.5,2022-07-05,Low
LAB007497,P2885,CRP,99.23,mg/L,0.1–120,2022-04-06,Normal
LAB007498,P2885,HbA1c,30.69,mmol/mol,28–75,2024-10-05,Normal
LAB007499,P2885,TSH,8.86,mU/L,0.3–5.5,2024-02-24,High
LAB007500,P2886,Serum Sodium,141.99,mmol/L,132–148,2022-02-19,Normal
LAB007501,P2886,CRP,240.87,mg/L,0.1–120,2022-10-31,High
LAB007502,P2886,HDL Cholesterol,2.45,mmol/L,0.9–2.5,2023-04-27,Normal
LAB007503,P2886,LDL Cholesterol,1.22,mmol/L,1.5–5.0,2024-10-02,Low
LAB007504,P2886,HbA1c,45.25,mmol/mol,28–75,2022-09-25,Normal
LAB007505,P2887,eGFR,128.19,mL/min,15–120,2024-08-29,High
LAB007506,P2887,INR,1.37,ratio,0.8–4.5,2024-02-19,Normal
LAB007507,P2887,Serum Sodium,121.93,mmol/L,132–148,2024-03-16,Low
LAB007508,P2887,HDL Cholesterol,0.71,mmol/L,0.9–2.5,2024-07-19,Low
LAB007509,P2888,Haemoglobin,13.44,g/dL,9.0–16.5,2022-12-03,Normal
LAB007510,P2888,CRP,21.81,mg/L,0.1–120,2022-09-08,Normal
LAB007511,P2888,White Cell Count,16.76,x10^9/L,3.5–14.0,2022-03-22,High
LAB007512,P2889,Haemoglobin,17.29,g/dL,9.0–16.5,2022-02-22,High
LAB007513,P2889,Total Cholesterol,7.04,mmol/L,3.5–7.5,2023-06-11,Normal
LAB007514,P2890,Platelet Count,594.81,x10^9/L,120–450,2022-07-14,High
LAB007515,P2890,TSH,13.69,mU/L,0.3–5.5,2023-12-08,High
LAB007516,P2890,White Cell Count,23.25,x10^9/L,3.5–14.0,2023-07-10,High
LAB007517,P2890,Serum Sodium,138.6,mmol/L,132–148,2024-05-27,Normal
LAB007518,P2890,HbA1c,153.24,mmol/mol,28–75,2024-01-29,High
LAB007519,P2891,TSH,26.59,mU/L,0.3–5.5,2023-04-06,High
LAB007520,P2891,Serum Creatinine,257.13,umol/L,55–200,2024-08-02,High
LAB007521,P2891,Haemoglobin,18.19,g/dL,9.0–16.5,2023-10-18,High
LAB007522,P2891,Platelet Count,524.92,x10^9/L,120–450,2023-07-27,High
LAB007523,P2891,HbA1c,158.28,mmol/mol,28–75,2022-06-20,High
LAB007524,P2892,INR,6.21,ratio,0.8–4.5,2023-03-22,High
LAB007525,P2892,Platelet Count,606.71,x10^9/L,120–450,2024-09-16,High
LAB007526,P2893,HDL Cholesterol,1.26,mmol/L,0.9–2.5,2022-03-30,Normal
LAB007527,P2893,White Cell Count,16.6,x10^9/L,3.5–14.0,2023-08-15,High
LAB007528,P2893,Serum Sodium,132.63,mmol/L,132–148,2023-03-15,Normal
LAB007529,P2893,eGFR,29.2,mL/min,15–120,2023-03-11,Normal
LAB007530,P2893,Serum Creatinine,44.14,umol/L,55–200,2022-12-23,Low
LAB007531,P2893,Total Cholesterol,2.26,mmol/L,3.5–7.5,2024-08-06,Low
LAB007532,P2894,HbA1c,47.7,mmol/mol,28–75,2024-08-17,Normal
LAB007533,P2894,CRP,104.92,mg/L,0.1–120,2023-06-21,Normal
LAB007534,P2895,Serum Creatinine,277.47,umol/L,55–200,2023-08-19,High
LAB007535,P2895,LDL Cholesterol,6.42,mmol/L,1.5–5.0,2022-07-03,High
LAB007536,P2895,TSH,28.45,mU/L,0.3–5.5,2023-03-08,High
LAB007537,P2895,Serum Sodium,141.16,mmol/L,132–148,2023-12-01,Normal
LAB007538,P2895,Platelet Count,110.5,x10^9/L,120–450,2024-08-22,Low
LAB007539,P2896,INR,0.9,ratio,0.8–4.5,2023-12-16,Normal
LAB007540,P2896,Serum Potassium,4.53,mmol/L,3.2–5.5,2022-07-03,Normal
LAB007541,P2896,LDL Cholesterol,4.06,mmol/L,1.5–5.0,2022-12-25,Normal
LAB007542,P2897,LDL Cholesterol,6.25,mmol/L,1.5–5.0,2022-04-19,High
LAB007543,P2897,Serum Potassium,5.91,mmol/L,3.2–5.5,2023-06-13,High
LAB007544,P2897,CRP,166.06,mg/L,0.1–120,2022-01-27,High
LAB007545,P2897,HbA1c,116.35,mmol/mol,28–75,2024-11-21,High
LAB007546,P2897,White Cell Count,21.69,x10^9/L,3.5–14.0,2022-06-11,High
LAB007547,P2898,Total Cholesterol,5.67,mmol/L,3.5–7.5,2022-02-12,Normal
LAB007548,P2898,TSH,9.08,mU/L,0.3–5.5,2023-04-20,High
LAB007549,P2899,eGFR,90.18,mL/min,15–120,2024-08-09,Normal
LAB007550,P2899,Serum Creatinine,555.88,umol/L,55–200,2022-09-17,High
LAB007551,P2900,Fasting Glucose,10.01,mmol/L,3.5–10.0,2024-04-08,High
LAB007552,P2900,Total Cholesterol,7.17,mmol/L,3.5–7.5,2022-01-02,Normal
LAB007553,P2901,White Cell Count,29.25,x10^9/L,3.5–14.0,2024-01-23,High
LAB007554,P2901,Fasting Glucose,4.32,mmol/L,3.5–10.0,2023-11-15,Normal
LAB007555,P2901,Serum Potassium,2.76,mmol/L,3.2–5.5,2024-05-06,Low
LAB007556,P2901,Haemoglobin,12.78,g/dL,9.0–16.5,2024-07-13,Normal
LAB007557,P2901,eGFR,19.32,mL/min,15–120,2022-01-26,Normal
LAB007558,P2901,TSH,13.57,mU/L,0.3–5.5,2022-01-14,High
LAB007559,P2902,White Cell Count,8.95,x10^9/L,3.5–14.0,2023-09-22,Normal
LAB007560,P2902,eGFR,17.61,mL/min,15–120,2024-08-26,Normal
LAB007561,P2902,CRP,265.92,mg/L,0.1–120,2023-12-18,High
LAB007562,P2902,Serum Potassium,6.37,mmol/L,3.2–5.5,2023-09-29,High
LAB007563,P2902,INR,3.71,ratio,0.8–4.5,2023-11-19,Normal
LAB007564,P2903,Serum Potassium,6.89,mmol/L,3.2–5.5,2023-12-04,High
LAB007565,P2903,Haemoglobin,8.41,g/dL,9.0–16.5,2024-07-29,Low
LAB007566,P2903,HDL Cholesterol,2.05,mmol/L,0.9–2.5,2024-02-17,Normal
LAB007567,P2904,Platelet Count,658.43,x10^9/L,120–450,2023-03-29,High
LAB007568,P2904,INR,5.6,ratio,0.8–4.5,2024-02-05,High
LAB007569,P2904,CRP,26.62,mg/L,0.1–120,2024-03-01,Normal
LAB007570,P2904,Serum Potassium,2.17,mmol/L,3.2–5.5,2022-11-26,Low
LAB007571,P2904,Haemoglobin,19.64,g/dL,9.0–16.5,2023-05-26,High
LAB007572,P2904,Serum Sodium,146.26,mmol/L,132–148,2022-03-03,Normal
LAB007573,P2905,HDL Cholesterol,3.04,mmol/L,0.9–2.5,2023-12-24,High
LAB007574,P2905,Serum Potassium,5.56,mmol/L,3.2–5.5,2022-05-07,High
LAB007575,P2906,TSH,19.33,mU/L,0.3–5.5,2022-07-19,High
LAB007576,P2906,Serum Potassium,5.1,mmol/L,3.2–5.5,2024-02-18,Normal
LAB007577,P2906,CRP,218.55,mg/L,0.1–120,2023-04-01,High
LAB007578,P2906,Fasting Glucose,4.54,mmol/L,3.5–10.0,2022-04-29,Normal
LAB007579,P2906,Serum Creatinine,400.79,umol/L,55–200,2024-09-25,High
LAB007580,P2907,Total Cholesterol,2.75,mmol/L,3.5–7.5,2022-07-07,Low
LAB007581,P2907,Serum Creatinine,236.0,umol/L,55–200,2023-12-07,High
LAB007582,P2907,Serum Sodium,147.47,mmol/L,132–148,2023-04-16,Normal
LAB007583,P2907,Platelet Count,222.58,x10^9/L,120–450,2024-10-31,Normal
LAB007584,P2907,eGFR,101.7,mL/min,15–120,2022-07-07,Normal
LAB007585,P2908,Total Cholesterol,11.72,mmol/L,3.5–7.5,2022-02-05,High
LAB007586,P2908,TSH,13.04,mU/L,0.3–5.5,2024-11-08,High
LAB007587,P2908,Serum Potassium,2.44,mmol/L,3.2–5.5,2024-04-16,Low
LAB007588,P2908,Platelet Count,348.2,x10^9/L,120–450,2023-01-31,Normal
LAB007589,P2908,INR,0.7,ratio,0.8–4.5,2024-12-31,Low
LAB007590,P2909,Serum Creatinine,394.18,umol/L,55–200,2023-03-18,High
LAB007591,P2909,Fasting Glucose,6.74,mmol/L,3.5–10.0,2023-02-14,Normal
LAB007592,P2910,INR,2.37,ratio,0.8–4.5,2024-06-10,Normal
LAB007593,P2910,Platelet Count,445.59,x10^9/L,120–450,2024-12-05,Normal
LAB007594,P2910,LDL Cholesterol,4.24,mmol/L,1.5–5.0,2023-05-25,Normal
LAB007595,P2910,eGFR,40.55,mL/min,15–120,2022-10-24,Normal
LAB007596,P2911,CRP,211.18,mg/L,0.1–120,2024-08-07,High
LAB007597,P2911,Serum Sodium,135.51,mmol/L,132–148,2022-07-13,Normal
LAB007598,P2911,HDL Cholesterol,3.3,mmol/L,0.9–2.5,2024-10-02,High
LAB007599,P2911,Fasting Glucose,15.41,mmol/L,3.5–10.0,2023-05-10,High
LAB007600,P2912,Platelet Count,264.54,x10^9/L,120–450,2023-09-10,Normal
LAB007601,P2912,eGFR,21.31,mL/min,15–120,2023-02-16,Normal
LAB007602,P2913,eGFR,96.17,mL/min,15–120,2024-12-06,Normal
LAB007603,P2913,White Cell Count,15.01,x10^9/L,3.5–14.0,2022-12-19,High
LAB007604,P2913,LDL Cholesterol,4.88,mmol/L,1.5–5.0,2023-11-19,Normal
LAB007605,P2914,eGFR,26.1,mL/min,15–120,2022-03-24,Normal
LAB007606,P2914,Serum Potassium,4.78,mmol/L,3.2–5.5,2023-12-15,Normal
LAB007607,P2915,White Cell Count,5.06,x10^9/L,3.5–14.0,2024-09-03,Normal
LAB007608,P2915,TSH,27.17,mU/L,0.3–5.5,2023-04-03,High
LAB007609,P2915,Total Cholesterol,3.02,mmol/L,3.5–7.5,2023-01-19,Low
LAB007610,P2915,eGFR,47.2,mL/min,15–120,2022-07-16,Normal
LAB007611,P2916,Serum Potassium,6.56,mmol/L,3.2–5.5,2024-03-16,High
LAB007612,P2916,TSH,29.48,mU/L,0.3–5.5,2023-04-02,High
LAB007613,P2916,White Cell Count,8.71,x10^9/L,3.5–14.0,2023-06-09,Normal
LAB007614,P2917,Platelet Count,781.05,x10^9/L,120–450,2023-06-01,High
LAB007615,P2917,Haemoglobin,9.66,g/dL,9.0–16.5,2024-08-15,Normal
LAB007616,P2918,Serum Creatinine,258.53,umol/L,55–200,2024-04-01,High
LAB007617,P2918,Serum Sodium,140.64,mmol/L,132–148,2023-11-10,Normal
LAB007618,P2918,Total Cholesterol,11.4,mmol/L,3.5–7.5,2022-08-24,High
LAB007619,P2918,TSH,12.37,mU/L,0.3–5.5,2022-12-31,High
LAB007620,P2918,HDL Cholesterol,0.73,mmol/L,0.9–2.5,2024-01-30,Low
LAB007621,P2919,Haemoglobin,9.47,g/dL,9.0–16.5,2022-10-22,Normal
LAB007622,P2919,Fasting Glucose,13.32,mmol/L,3.5–10.0,2023-09-01,High
LAB007623,P2920,HDL Cholesterol,2.99,mmol/L,0.9–2.5,2023-11-01,High
LAB007624,P2920,Serum Potassium,2.04,mmol/L,3.2–5.5,2022-02-17,Low
LAB007625,P2920,Haemoglobin,10.96,g/dL,9.0–16.5,2024-06-19,Normal
LAB007626,P2920,HbA1c,66.77,mmol/mol,28–75,2023-11-13,Normal
LAB007627,P2921,HbA1c,102.73,mmol/mol,28–75,2023-09-03,High
LAB007628,P2921,Haemoglobin,7.61,g/dL,9.0–16.5,2023-05-27,Low
LAB007629,P2921,eGFR,19.87,mL/min,15–120,2024-07-23,Normal
LAB007630,P2921,TSH,13.08,mU/L,0.3–5.5,2024-10-11,High
LAB007631,P2921,HDL Cholesterol,2.38,mmol/L,0.9–2.5,2023-04-27,Normal
LAB007632,P2921,White Cell Count,6.7,x10^9/L,3.5–14.0,2023-08-10,Normal
LAB007633,P2922,Total Cholesterol,3.27,mmol/L,3.5–7.5,2022-09-01,Low
LAB007634,P2922,Serum Potassium,3.93,mmol/L,3.2–5.5,2022-02-01,Normal
LAB007635,P2922,TSH,19.9,mU/L,0.3–5.5,2024-01-17,High
LAB007636,P2922,CRP,242.1,mg/L,0.1–120,2023-09-26,High
LAB007637,P2922,HDL Cholesterol,0.88,mmol/L,0.9–2.5,2024-05-18,Low
LAB007638,P2922,Serum Creatinine,429.1,umol/L,55–200,2023-12-24,High
LAB007639,P2923,eGFR,17.34,mL/min,15–120,2022-08-12,Normal
LAB007640,P2923,Fasting Glucose,2.59,mmol/L,3.5–10.0,2022-07-24,Low
LAB007641,P2923,TSH,8.79,mU/L,0.3–5.5,2024-08-05,High
LAB007642,P2923,HDL Cholesterol,3.53,mmol/L,0.9–2.5,2022-06-12,High
LAB007643,P2924,INR,6.65,ratio,0.8–4.5,2023-04-27,High
LAB007644,P2924,Platelet Count,755.49,x10^9/L,120–450,2023-10-04,High
LAB007645,P2924,White Cell Count,16.07,x10^9/L,3.5–14.0,2023-07-31,High
LAB007646,P2925,CRP,137.66,mg/L,0.1–120,2022-05-31,High
LAB007647,P2925,Serum Sodium,125.42,mmol/L,132–148,2024-06-25,Low
LAB007648,P2925,HbA1c,196.34,mmol/mol,28–75,2022-08-04,High
LAB007649,P2925,Serum Potassium,6.57,mmol/L,3.2–5.5,2024-02-28,High
LAB007650,P2925,Fasting Glucose,13.65,mmol/L,3.5–10.0,2023-11-24,High
LAB007651,P2925,Total Cholesterol,3.95,mmol/L,3.5–7.5,2022-01-10,Normal
LAB007652,P2926,Fasting Glucose,12.26,mmol/L,3.5–10.0,2023-06-01,High
LAB007653,P2926,Serum Potassium,2.07,mmol/L,3.2–5.5,2024-12-13,Low
LAB007654,P2926,Haemoglobin,6.03,g/dL,9.0–16.5,2023-01-29,Low
LAB007655,P2926,HDL Cholesterol,0.6,mmol/L,0.9–2.5,2022-11-24,Low
LAB007656,P2926,Serum Sodium,126.66,mmol/L,132–148,2022-04-02,Low
LAB007657,P2926,TSH,25.87,mU/L,0.3–5.5,2023-06-20,High
LAB007658,P2927,Platelet Count,622.88,x10^9/L,120–450,2023-10-30,High
LAB007659,P2927,CRP,166.8,mg/L,0.1–120,2023-08-29,High
LAB007660,P2928,Total Cholesterol,7.65,mmol/L,3.5–7.5,2024-08-09,High
LAB007661,P2928,Serum Sodium,136.83,mmol/L,132–148,2023-10-22,Normal
LAB007662,P2929,INR,2.89,ratio,0.8–4.5,2024-07-16,Normal
LAB007663,P2929,eGFR,125.77,mL/min,15–120,2024-12-10,High
LAB007664,P2929,Serum Potassium,2.07,mmol/L,3.2–5.5,2022-12-12,Low
LAB007665,P2930,White Cell Count,13.17,x10^9/L,3.5–14.0,2024-04-27,Normal
LAB007666,P2930,eGFR,10.47,mL/min,15–120,2022-01-28,Low
LAB007667,P2930,Serum Creatinine,346.02,umol/L,55–200,2024-01-18,High
LAB007668,P2931,White Cell Count,15.83,x10^9/L,3.5–14.0,2022-01-15,High
LAB007669,P2931,HbA1c,145.82,mmol/mol,28–75,2022-01-01,High
LAB007670,P2931,Serum Potassium,2.0,mmol/L,3.2–5.5,2023-02-04,Low
LAB007671,P2931,Fasting Glucose,10.21,mmol/L,3.5–10.0,2022-11-11,High
LAB007672,P2931,CRP,163.89,mg/L,0.1–120,2024-03-24,High
LAB007673,P2931,TSH,25.96,mU/L,0.3–5.5,2024-09-08,High
LAB007674,P2932,TSH,25.41,mU/L,0.3–5.5,2022-11-13,High
LAB007675,P2932,Serum Sodium,122.04,mmol/L,132–148,2023-01-26,Low
LAB007676,P2932,Serum Potassium,2.05,mmol/L,3.2–5.5,2022-05-25,Low
LAB007677,P2933,INR,0.97,ratio,0.8–4.5,2024-05-18,Normal
LAB007678,P2933,White Cell Count,17.56,x10^9/L,3.5–14.0,2022-12-15,High
LAB007679,P2934,LDL Cholesterol,4.93,mmol/L,1.5–5.0,2024-02-15,Normal
LAB007680,P2934,INR,7.59,ratio,0.8–4.5,2024-03-12,High
LAB007681,P2934,Serum Sodium,126.69,mmol/L,132–148,2024-01-21,Low
LAB007682,P2935,Fasting Glucose,19.56,mmol/L,3.5–10.0,2022-05-02,High
LAB007683,P2935,Serum Creatinine,283.84,umol/L,55–200,2022-09-17,High
LAB007684,P2935,Serum Sodium,138.17,mmol/L,132–148,2022-10-02,Normal
LAB007685,P2935,CRP,185.93,mg/L,0.1–120,2022-12-08,High
LAB007686,P2936,HDL Cholesterol,1.26,mmol/L,0.9–2.5,2023-05-02,Normal
LAB007687,P2936,INR,2.8,ratio,0.8–4.5,2022-12-10,Normal
LAB007688,P2936,Total Cholesterol,9.03,mmol/L,3.5–7.5,2024-03-10,High
LAB007689,P2936,Serum Potassium,3.0,mmol/L,3.2–5.5,2024-09-25,Low
LAB007690,P2936,White Cell Count,19.7,x10^9/L,3.5–14.0,2023-07-06,High
LAB007691,P2936,eGFR,81.97,mL/min,15–120,2023-12-21,Normal
LAB007692,P2937,Fasting Glucose,8.47,mmol/L,3.5–10.0,2024-12-10,Normal
LAB007693,P2937,HbA1c,110.75,mmol/mol,28–75,2024-07-21,High
LAB007694,P2937,Platelet Count,683.92,x10^9/L,120–450,2022-11-01,High
LAB007695,P2937,Total Cholesterol,10.92,mmol/L,3.5–7.5,2023-03-29,High
LAB007696,P2937,LDL Cholesterol,2.47,mmol/L,1.5–5.0,2023-03-18,Normal
LAB007697,P2937,Serum Potassium,5.24,mmol/L,3.2–5.5,2022-07-19,Normal
LAB007698,P2938,Fasting Glucose,7.78,mmol/L,3.5–10.0,2024-09-26,Normal
LAB007699,P2938,Serum Potassium,3.83,mmol/L,3.2–5.5,2022-02-07,Normal
LAB007700,P2938,Platelet Count,573.65,x10^9/L,120–450,2022-11-03,High
LAB007701,P2938,HbA1c,125.66,mmol/mol,28–75,2022-06-26,High
LAB007702,P2938,Serum Creatinine,184.97,umol/L,55–200,2022-04-27,Normal
LAB007703,P2939,HDL Cholesterol,2.7,mmol/L,0.9–2.5,2022-11-18,High
LAB007704,P2939,Fasting Glucose,13.74,mmol/L,3.5–10.0,2023-01-19,High
LAB007705,P2939,eGFR,63.03,mL/min,15–120,2024-11-06,Normal
LAB007706,P2939,Haemoglobin,14.61,g/dL,9.0–16.5,2022-07-16,Normal
LAB007707,P2939,Platelet Count,256.13,x10^9/L,120–450,2023-06-24,Normal
LAB007708,P2939,Serum Creatinine,555.62,umol/L,55–200,2022-06-15,High
LAB007709,P2940,White Cell Count,28.79,x10^9/L,3.5–14.0,2024-08-27,High
LAB007710,P2940,Platelet Count,519.75,x10^9/L,120–450,2024-11-17,High
LAB007711,P2941,Serum Creatinine,335.54,umol/L,55–200,2024-09-17,High
LAB007712,P2941,TSH,8.12,mU/L,0.3–5.5,2023-06-12,High
LAB007713,P2941,White Cell Count,2.24,x10^9/L,3.5–14.0,2022-04-01,Low
LAB007714,P2941,HDL Cholesterol,2.52,mmol/L,0.9–2.5,2022-12-23,High
LAB007715,P2942,Total Cholesterol,5.47,mmol/L,3.5–7.5,2022-02-15,Normal
LAB007716,P2942,White Cell Count,29.42,x10^9/L,3.5–14.0,2024-10-07,High
LAB007717,P2942,TSH,19.71,mU/L,0.3–5.5,2022-02-13,High
LAB007718,P2942,INR,6.71,ratio,0.8–4.5,2022-02-16,High
LAB007719,P2942,eGFR,49.44,mL/min,15–120,2022-02-12,Normal
LAB007720,P2943,Platelet Count,263.92,x10^9/L,120–450,2023-03-07,Normal
LAB007721,P2943,Haemoglobin,19.5,g/dL,9.0–16.5,2023-10-22,High
LAB007722,P2944,Serum Creatinine,103.44,umol/L,55–200,2023-12-06,Normal
LAB007723,P2944,Serum Potassium,6.97,mmol/L,3.2–5.5,2024-02-05,High
LAB007724,P2944,Total Cholesterol,10.73,mmol/L,3.5–7.5,2024-05-13,High
LAB007725,P2944,INR,4.25,ratio,0.8–4.5,2023-07-04,Normal
LAB007726,P2944,Platelet Count,368.26,x10^9/L,120–450,2022-01-28,Normal
LAB007727,P2945,Fasting Glucose,14.5,mmol/L,3.5–10.0,2022-08-16,High
LAB007728,P2945,Serum Creatinine,102.8,umol/L,55–200,2023-03-09,Normal
LAB007729,P2946,INR,2.7,ratio,0.8–4.5,2023-08-08,Normal
LAB007730,P2946,Total Cholesterol,9.85,mmol/L,3.5–7.5,2022-03-18,High
LAB007731,P2946,HDL Cholesterol,0.52,mmol/L,0.9–2.5,2023-12-08,Low
LAB007732,P2946,Serum Sodium,124.64,mmol/L,132–148,2022-03-23,Low
LAB007733,P2946,CRP,118.0,mg/L,0.1–120,2024-07-07,Normal
LAB007734,P2947,HDL Cholesterol,3.23,mmol/L,0.9–2.5,2022-04-14,High
LAB007735,P2947,Serum Sodium,144.86,mmol/L,132–148,2024-01-07,Normal
LAB007736,P2947,CRP,242.66,mg/L,0.1–120,2024-08-26,High
LAB007737,P2948,CRP,145.37,mg/L,0.1–120,2024-07-27,High
LAB007738,P2948,Total Cholesterol,5.86,mmol/L,3.5–7.5,2022-04-22,Normal
LAB007739,P2948,HDL Cholesterol,3.8,mmol/L,0.9–2.5,2024-12-24,High
LAB007740,P2948,White Cell Count,7.17,x10^9/L,3.5–14.0,2024-06-19,Normal
LAB007741,P2948,Haemoglobin,7.85,g/dL,9.0–16.5,2022-03-02,Low
LAB007742,P2949,Fasting Glucose,14.89,mmol/L,3.5–10.0,2024-05-05,High
LAB007743,P2949,INR,2.37,ratio,0.8–4.5,2024-07-31,Normal
LAB007744,P2949,TSH,9.23,mU/L,0.3–5.5,2022-06-14,High
LAB007745,P2949,Serum Potassium,4.52,mmol/L,3.2–5.5,2023-06-25,Normal
LAB007746,P2949,HbA1c,180.09,mmol/mol,28–75,2022-10-03,High
LAB007747,P2949,Serum Sodium,121.82,mmol/L,132–148,2022-11-12,Low
LAB007748,P2950,LDL Cholesterol,6.36,mmol/L,1.5–5.0,2024-09-03,High
LAB007749,P2950,HbA1c,177.61,mmol/mol,28–75,2024-07-24,High
LAB007750,P2950,Serum Creatinine,172.04,umol/L,55–200,2024-06-05,Normal
LAB007751,P2951,TSH,11.35,mU/L,0.3–5.5,2024-07-09,High
LAB007752,P2951,Serum Potassium,3.8,mmol/L,3.2–5.5,2024-01-02,Normal
LAB007753,P2951,CRP,104.18,mg/L,0.1–120,2023-11-11,Normal
LAB007754,P2951,Total Cholesterol,7.09,mmol/L,3.5–7.5,2023-10-26,Normal
LAB007755,P2951,White Cell Count,28.28,x10^9/L,3.5–14.0,2024-01-08,High
LAB007756,P2951,Haemoglobin,6.34,g/dL,9.0–16.5,2024-05-22,Low
LAB007757,P2952,HDL Cholesterol,2.8,mmol/L,0.9–2.5,2023-09-27,High
LAB007758,P2952,White Cell Count,26.37,x10^9/L,3.5–14.0,2024-11-10,High
LAB007759,P2952,Haemoglobin,12.62,g/dL,9.0–16.5,2023-04-05,Normal
LAB007760,P2952,INR,0.84,ratio,0.8–4.5,2022-04-21,Normal
LAB007761,P2952,Total Cholesterol,3.76,mmol/L,3.5–7.5,2023-12-23,Normal
LAB007762,P2953,eGFR,111.06,mL/min,15–120,2023-05-04,Normal
LAB007763,P2953,Serum Potassium,3.43,mmol/L,3.2–5.5,2024-11-09,Normal
LAB007764,P2953,HDL Cholesterol,1.72,mmol/L,0.9–2.5,2023-06-28,Normal
LAB007765,P2953,Serum Creatinine,392.2,umol/L,55–200,2024-11-07,High
LAB007766,P2954,HDL Cholesterol,3.36,mmol/L,0.9–2.5,2023-09-30,High
LAB007767,P2954,Haemoglobin,11.21,g/dL,9.0–16.5,2023-11-05,Normal
LAB007768,P2954,HbA1c,139.94,mmol/mol,28–75,2024-02-29,High
LAB007769,P2954,CRP,63.68,mg/L,0.1–120,2023-02-06,Normal
LAB007770,P2955,HbA1c,39.06,mmol/mol,28–75,2022-05-15,Normal
LAB007771,P2955,eGFR,70.32,mL/min,15–120,2024-03-17,Normal
LAB007772,P2955,Platelet Count,536.25,x10^9/L,120–450,2023-02-10,High
LAB007773,P2955,Serum Creatinine,334.85,umol/L,55–200,2024-06-21,High
LAB007774,P2955,Serum Potassium,6.28,mmol/L,3.2–5.5,2024-01-16,High
LAB007775,P2956,Serum Creatinine,357.67,umol/L,55–200,2022-07-31,High
LAB007776,P2956,CRP,199.58,mg/L,0.1–120,2023-05-20,High
LAB007777,P2956,Platelet Count,713.38,x10^9/L,120–450,2022-11-07,High
LAB007778,P2956,HDL Cholesterol,1.51,mmol/L,0.9–2.5,2024-07-31,Normal
LAB007779,P2956,Total Cholesterol,10.47,mmol/L,3.5–7.5,2024-08-04,High
LAB007780,P2956,Serum Potassium,5.59,mmol/L,3.2–5.5,2022-06-15,High
LAB007781,P2957,HbA1c,145.48,mmol/mol,28–75,2024-08-01,High
LAB007782,P2957,INR,2.71,ratio,0.8–4.5,2023-02-01,Normal
LAB007783,P2957,Fasting Glucose,8.82,mmol/L,3.5–10.0,2023-06-25,Normal
LAB007784,P2957,Serum Sodium,141.82,mmol/L,132–148,2022-01-06,Normal
LAB007785,P2957,eGFR,113.26,mL/min,15–120,2024-11-30,Normal
LAB007786,P2957,Haemoglobin,10.65,g/dL,9.0–16.5,2022-11-14,Normal
LAB007787,P2958,Fasting Glucose,12.32,mmol/L,3.5–10.0,2023-07-10,High
LAB007788,P2958,HDL Cholesterol,2.15,mmol/L,0.9–2.5,2023-02-25,Normal
LAB007789,P2958,LDL Cholesterol,7.77,mmol/L,1.5–5.0,2023-09-19,High
LAB007790,P2958,Serum Potassium,5.88,mmol/L,3.2–5.5,2024-03-10,High
LAB007791,P2958,eGFR,92.16,mL/min,15–120,2024-11-24,Normal
LAB007792,P2959,Platelet Count,343.22,x10^9/L,120–450,2022-07-05,Normal
LAB007793,P2959,LDL Cholesterol,5.75,mmol/L,1.5–5.0,2024-12-14,High
LAB007794,P2959,Serum Sodium,146.61,mmol/L,132–148,2024-07-29,Normal
LAB007795,P2959,White Cell Count,12.11,x10^9/L,3.5–14.0,2023-10-10,Normal
LAB007796,P2959,eGFR,70.44,mL/min,15–120,2022-04-25,Normal
LAB007797,P2959,Fasting Glucose,11.71,mmol/L,3.5–10.0,2023-01-23,High
LAB007798,P2960,TSH,12.43,mU/L,0.3–5.5,2023-10-14,High
LAB007799,P2960,Platelet Count,171.92,x10^9/L,120–450,2022-05-18,Normal
LAB007800,P2961,INR,6.41,ratio,0.8–4.5,2023-10-20,High
LAB007801,P2961,Platelet Count,195.29,x10^9/L,120–450,2022-05-13,Normal
LAB007802,P2961,Serum Sodium,125.37,mmol/L,132–148,2024-05-09,Low
LAB007803,P2961,HbA1c,23.57,mmol/mol,28–75,2023-10-15,Low
LAB007804,P2961,Serum Potassium,5.48,mmol/L,3.2–5.5,2024-09-30,Normal
LAB007805,P2962,HbA1c,155.45,mmol/mol,28–75,2023-09-11,High
LAB007806,P2962,Total Cholesterol,11.26,mmol/L,3.5–7.5,2024-01-23,High
LAB007807,P2962,Serum Potassium,4.69,mmol/L,3.2–5.5,2024-06-23,Normal
LAB007808,P2962,White Cell Count,13.28,x10^9/L,3.5–14.0,2023-10-20,Normal
LAB007809,P2963,Platelet Count,177.93,x10^9/L,120–450,2024-11-22,Normal
LAB007810,P2963,INR,1.18,ratio,0.8–4.5,2022-03-13,Normal
LAB007811,P2963,Fasting Glucose,10.93,mmol/L,3.5–10.0,2023-05-11,High
LAB007812,P2963,Serum Potassium,4.26,mmol/L,3.2–5.5,2023-03-06,Normal
LAB007813,P2964,TSH,20.85,mU/L,0.3–5.5,2023-05-11,High
LAB007814,P2964,White Cell Count,11.11,x10^9/L,3.5–14.0,2023-09-21,Normal
LAB007815,P2965,Total Cholesterol,4.36,mmol/L,3.5–7.5,2023-06-20,Normal
LAB007816,P2965,Serum Sodium,133.11,mmol/L,132–148,2022-12-20,Normal
LAB007817,P2966,Total Cholesterol,8.93,mmol/L,3.5–7.5,2022-04-25,High
LAB007818,P2966,TSH,28.94,mU/L,0.3–5.5,2023-01-06,High
LAB007819,P2966,Serum Creatinine,194.72,umol/L,55–200,2023-10-16,Normal
LAB007820,P2967,Fasting Glucose,16.6,mmol/L,3.5–10.0,2024-08-10,High
LAB007821,P2967,CRP,81.07,mg/L,0.1–120,2023-03-02,Normal
LAB007822,P2967,TSH,9.99,mU/L,0.3–5.5,2023-08-03,High
LAB007823,P2967,eGFR,79.62,mL/min,15–120,2024-11-19,Normal
LAB007824,P2967,Total Cholesterol,10.22,mmol/L,3.5–7.5,2023-02-16,High
LAB007825,P2968,Haemoglobin,8.15,g/dL,9.0–16.5,2022-07-24,Low
LAB007826,P2968,Serum Sodium,138.59,mmol/L,132–148,2022-03-10,Normal
LAB007827,P2968,HbA1c,43.35,mmol/mol,28–75,2022-06-02,Normal
LAB007828,P2969,eGFR,102.65,mL/min,15–120,2024-09-19,Normal
LAB007829,P2969,HbA1c,89.82,mmol/mol,28–75,2023-08-31,High
LAB007830,P2970,LDL Cholesterol,3.61,mmol/L,1.5–5.0,2023-01-07,Normal
LAB007831,P2970,CRP,194.9,mg/L,0.1–120,2024-02-08,High
LAB007832,P2970,HDL Cholesterol,3.9,mmol/L,0.9–2.5,2023-03-03,High
LAB007833,P2970,Serum Potassium,3.23,mmol/L,3.2–5.5,2024-01-21,Normal
LAB007834,P2971,HDL Cholesterol,1.13,mmol/L,0.9–2.5,2024-10-11,Normal
LAB007835,P2971,Fasting Glucose,2.68,mmol/L,3.5–10.0,2022-12-17,Low
LAB007836,P2971,Serum Sodium,133.23,mmol/L,132–148,2022-07-13,Normal
LAB007837,P2971,eGFR,50.0,mL/min,15–120,2022-06-30,Normal
LAB007838,P2971,Serum Potassium,3.34,mmol/L,3.2–5.5,2023-04-12,Normal
LAB007839,P2972,INR,1.48,ratio,0.8–4.5,2023-02-10,Normal
LAB007840,P2972,CRP,200.6,mg/L,0.1–120,2024-11-05,High
LAB007841,P2972,Fasting Glucose,8.59,mmol/L,3.5–10.0,2023-06-24,Normal
LAB007842,P2972,Haemoglobin,16.22,g/dL,9.0–16.5,2023-10-01,Normal
LAB007843,P2973,Serum Creatinine,498.51,umol/L,55–200,2023-05-19,High
LAB007844,P2973,Total Cholesterol,5.34,mmol/L,3.5–7.5,2024-08-21,Normal
LAB007845,P2973,eGFR,24.22,mL/min,15–120,2022-12-12,Normal
LAB007846,P2973,HbA1c,66.16,mmol/mol,28–75,2023-10-17,Normal
LAB007847,P2973,Serum Potassium,6.64,mmol/L,3.2–5.5,2024-01-08,High
LAB007848,P2973,INR,6.52,ratio,0.8–4.5,2023-05-01,High
LAB007849,P2974,TSH,26.85,mU/L,0.3–5.5,2022-08-26,High
LAB007850,P2974,eGFR,129.18,mL/min,15–120,2022-02-04,High
LAB007851,P2975,HDL Cholesterol,2.8,mmol/L,0.9–2.5,2022-10-04,High
LAB007852,P2975,Serum Creatinine,299.76,umol/L,55–200,2022-12-05,High
LAB007853,P2976,HDL Cholesterol,2.22,mmol/L,0.9–2.5,2024-02-06,Normal
LAB007854,P2976,HbA1c,95.39,mmol/mol,28–75,2023-04-07,High
LAB007855,P2976,White Cell Count,7.35,x10^9/L,3.5–14.0,2024-01-20,Normal
LAB007856,P2977,eGFR,78.76,mL/min,15–120,2022-05-10,Normal
LAB007857,P2977,LDL Cholesterol,4.44,mmol/L,1.5–5.0,2022-11-12,Normal
LAB007858,P2977,White Cell Count,17.14,x10^9/L,3.5–14.0,2023-03-06,High
LAB007859,P2977,Serum Creatinine,379.14,umol/L,55–200,2024-06-17,High
LAB007860,P2978,White Cell Count,17.26,x10^9/L,3.5–14.0,2022-03-31,High
LAB007861,P2978,TSH,26.23,mU/L,0.3–5.5,2024-01-07,High
LAB007862,P2978,eGFR,66.04,mL/min,15–120,2023-03-04,Normal
LAB007863,P2978,Platelet Count,669.21,x10^9/L,120–450,2023-02-19,High
LAB007864,P2979,HbA1c,133.34,mmol/mol,28–75,2022-01-02,High
LAB007865,P2979,Haemoglobin,14.09,g/dL,9.0–16.5,2023-08-15,Normal
LAB007866,P2979,Platelet Count,57.53,x10^9/L,120–450,2023-05-31,Low
LAB007867,P2979,Serum Sodium,138.24,mmol/L,132–148,2024-01-29,Normal
LAB007868,P2979,Total Cholesterol,2.26,mmol/L,3.5–7.5,2024-07-20,Low
LAB007869,P2979,eGFR,105.91,mL/min,15–120,2022-02-01,Normal
LAB007870,P2980,eGFR,102.72,mL/min,15–120,2024-11-22,Normal
LAB007871,P2980,Serum Potassium,4.98,mmol/L,3.2–5.5,2022-03-21,Normal
LAB007872,P2980,CRP,193.69,mg/L,0.1–120,2023-10-24,High
LAB007873,P2980,Serum Creatinine,334.9,umol/L,55–200,2024-03-23,High
LAB007874,P2981,Haemoglobin,8.83,g/dL,9.0–16.5,2023-08-16,Low
LAB007875,P2981,INR,1.86,ratio,0.8–4.5,2023-06-01,Normal
LAB007876,P2981,TSH,7.21,mU/L,0.3–5.5,2022-05-06,High
LAB007877,P2981,Serum Sodium,135.97,mmol/L,132–148,2022-05-12,Normal
LAB007878,P2981,Total Cholesterol,7.74,mmol/L,3.5–7.5,2022-03-18,High
LAB007879,P2981,Serum Potassium,6.13,mmol/L,3.2–5.5,2024-08-19,High
LAB007880,P2982,Serum Sodium,129.85,mmol/L,132–148,2023-05-11,Low
LAB007881,P2982,INR,3.05,ratio,0.8–4.5,2022-06-10,Normal
LAB007882,P2983,INR,7.87,ratio,0.8–4.5,2022-10-29,High
LAB007883,P2983,HDL Cholesterol,3.42,mmol/L,0.9–2.5,2022-11-12,High
LAB007884,P2984,eGFR,74.22,mL/min,15–120,2022-09-05,Normal
LAB007885,P2984,Fasting Glucose,6.85,mmol/L,3.5–10.0,2022-09-27,Normal
LAB007886,P2984,Total Cholesterol,8.36,mmol/L,3.5–7.5,2023-11-07,High
LAB007887,P2984,TSH,8.95,mU/L,0.3–5.5,2022-10-26,High
LAB007888,P2984,LDL Cholesterol,2.46,mmol/L,1.5–5.0,2022-11-16,Normal
LAB007889,P2984,Serum Sodium,126.83,mmol/L,132–148,2023-05-07,Low
LAB007890,P2985,Total Cholesterol,8.91,mmol/L,3.5–7.5,2022-04-25,High
LAB007891,P2985,LDL Cholesterol,0.61,mmol/L,1.5–5.0,2022-07-17,Low
LAB007892,P2986,Total Cholesterol,11.38,mmol/L,3.5–7.5,2022-12-17,High
LAB007893,P2986,Haemoglobin,13.62,g/dL,9.0–16.5,2022-11-26,Normal
LAB007894,P2986,White Cell Count,8.68,x10^9/L,3.5–14.0,2023-04-28,Normal
LAB007895,P2987,HbA1c,122.09,mmol/mol,28–75,2023-04-23,High
LAB007896,P2987,Serum Potassium,3.68,mmol/L,3.2–5.5,2022-11-28,Normal
LAB007897,P2987,Platelet Count,503.12,x10^9/L,120–450,2024-02-19,High
LAB007898,P2987,Haemoglobin,7.63,g/dL,9.0–16.5,2024-09-19,Low
LAB007899,P2988,Total Cholesterol,4.75,mmol/L,3.5–7.5,2024-09-26,Normal
LAB007900,P2988,Platelet Count,649.88,x10^9/L,120–450,2023-08-09,High
LAB007901,P2988,HDL Cholesterol,0.7,mmol/L,0.9–2.5,2024-07-19,Low
LAB007902,P2988,Serum Sodium,138.33,mmol/L,132–148,2024-01-14,Normal
LAB007903,P2988,White Cell Count,7.25,x10^9/L,3.5–14.0,2022-05-22,Normal
LAB007904,P2989,HbA1c,135.55,mmol/mol,28–75,2022-03-23,High
LAB007905,P2989,White Cell Count,18.33,x10^9/L,3.5–14.0,2024-03-14,High
LAB007906,P2989,LDL Cholesterol,2.34,mmol/L,1.5–5.0,2023-05-02,Normal
LAB007907,P2989,CRP,113.08,mg/L,0.1–120,2022-09-21,Normal
LAB007908,P2990,LDL Cholesterol,4.02,mmol/L,1.5–5.0,2022-12-02,Normal
LAB007909,P2990,Fasting Glucose,9.59,mmol/L,3.5–10.0,2024-09-30,Normal
LAB007910,P2990,Serum Sodium,149.84,mmol/L,132–148,2023-02-10,High
LAB007911,P2990,Serum Creatinine,274.71,umol/L,55–200,2022-10-26,High
LAB007912,P2990,eGFR,41.43,mL/min,15–120,2024-08-21,Normal
LAB007913,P2991,INR,5.68,ratio,0.8–4.5,2023-02-02,High
LAB007914,P2991,Haemoglobin,19.25,g/dL,9.0–16.5,2022-11-16,High
LAB007915,P2991,LDL Cholesterol,0.98,mmol/L,1.5–5.0,2024-06-04,Low
LAB007916,P2991,White Cell Count,5.82,x10^9/L,3.5–14.0,2022-11-24,Normal
LAB007917,P2991,Total Cholesterol,3.66,mmol/L,3.5–7.5,2022-11-25,Normal
LAB007918,P2992,INR,4.25,ratio,0.8–4.5,2023-10-29,Normal
LAB007919,P2992,LDL Cholesterol,1.82,mmol/L,1.5–5.0,2022-12-01,Normal
LAB007920,P2992,CRP,65.32,mg/L,0.1–120,2022-02-27,Normal
LAB007921,P2992,White Cell Count,12.16,x10^9/L,3.5–14.0,2024-09-20,Normal
LAB007922,P2992,Fasting Glucose,14.27,mmol/L,3.5–10.0,2023-08-20,High
LAB007923,P2992,TSH,27.58,mU/L,0.3–5.5,2022-03-28,High
LAB007924,P2993,HDL Cholesterol,0.76,mmol/L,0.9–2.5,2023-09-30,Low
LAB007925,P2993,CRP,101.58,mg/L,0.1–120,2022-11-25,Normal
LAB007926,P2994,Platelet Count,658.23,x10^9/L,120–450,2024-03-05,High
LAB007927,P2994,Total Cholesterol,6.43,mmol/L,3.5–7.5,2022-02-23,Normal
LAB007928,P2994,HDL Cholesterol,2.33,mmol/L,0.9–2.5,2023-03-28,Normal
LAB007929,P2995,Serum Sodium,131.18,mmol/L,132–148,2022-11-17,Low
LAB007930,P2995,LDL Cholesterol,5.71,mmol/L,1.5–5.0,2023-01-23,High
LAB007931,P2995,CRP,59.07,mg/L,0.1–120,2024-07-29,Normal
LAB007932,P2995,Serum Potassium,3.39,mmol/L,3.2–5.5,2023-12-23,Normal
LAB007933,P2995,Serum Creatinine,556.19,umol/L,55–200,2023-12-02,High
LAB007934,P2995,HbA1c,119.51,mmol/mol,28–75,2023-04-25,High
LAB007935,P2996,Serum Sodium,140.34,mmol/L,132–148,2024-01-18,Normal
LAB007936,P2996,White Cell Count,23.85,x10^9/L,3.5–14.0,2022-06-13,High
LAB007937,P2996,Haemoglobin,16.24,g/dL,9.0–16.5,2022-02-14,Normal
LAB007938,P2997,LDL Cholesterol,5.29,mmol/L,1.5–5.0,2023-07-03,High
LAB007939,P2997,TSH,10.21,mU/L,0.3–5.5,2024-09-14,High
LAB007940,P2997,HbA1c,85.05,mmol/mol,28–75,2023-12-09,High
LAB007941,P2997,Platelet Count,94.4,x10^9/L,120–450,2023-01-15,Low
LAB007942,P2998,TSH,5.47,mU/L,0.3–5.5,2023-01-27,Normal
LAB007943,P2998,Haemoglobin,6.2,g/dL,9.0–16.5,2024-09-14,Low
LAB007944,P2998,Total Cholesterol,2.04,mmol/L,3.5–7.5,2024-05-12,Low
LAB007945,P2998,LDL Cholesterol,7.05,mmol/L,1.5–5.0,2022-05-24,High
LAB007946,P2999,eGFR,90.16,mL/min,15–120,2023-08-07,Normal
LAB007947,P2999,Platelet Count,399.78,x10^9/L,120–450,2023-12-18,Normal
LAB007948,P2999,HDL Cholesterol,1.09,mmol/L,0.9–2.5,2022-07-20,Normal
LAB007949,P2999,White Cell Count,8.8,x10^9/L,3.5–14.0,2023-05-27,Normal
LAB007950,P2999,TSH,22.2,mU/L,0.3–5.5,2024-02-19,High
LAB007951,P2999,CRP,260.84,mg/L,0.1–120,2022-03-26,High
LAB007952,P3000,Serum Potassium,4.29,mmol/L,3.2–5.5,2022-01-02,Normal
LAB007953,P3000,TSH,22.39,mU/L,0.3–5.5,2023-11-13,High
LAB007954,P3000,eGFR,107.35,mL/min,15–120,2024-01-26,Normal
LAB007955,P3000,Platelet Count,652.14,x10^9/L,120–450,2023-06-26,High
LAB007956,P3000,Total Cholesterol,10.92,mmol/L,3.5–7.5,2022-07-31,High
LAB007957,P3000,CRP,238.81,mg/L,0.1–120,2022-05-08,High
