med_id,patient_id,medication_name,dose,frequency,start_date,end_date,prescriber,status
MED000001,P1001,Furosemide,40mg,Once daily in morning,2023-11-01,,Dr. S. Khan,Active
MED000002,P1001,Insulin Glargine,10 units,Once daily at bedtime,2022-05-27,,Dr. C. Müller,Active
MED000003,P1001,Aspirin,75mg,Once daily,2023-04-02,,Dr. A. Patel,Active
MED000004,P1002,Salbutamol,100mcg,As required,2023-05-11,2024-04-12,Dr. C. Müller,Completed
MED000005,P1002,Metformin,500mg,Twice daily,2022-10-01,2024-05-27,Dr. R. Singh,Completed
MED000006,P1002,Sertraline,50mg,Once daily,2022-07-23,,Dr. M. O'Brien,Active
MED000007,P1002,Warfarin,3mg,Once daily,2022-01-25,,Dr. L. Torres,Active
MED000008,P1002,Levothyroxine,50mcg,Once daily,2022-08-19,2024-07-27,Dr. S. Khan,Completed
MED000009,P1003,Ramipril,5mg,Once daily,2023-12-14,,Dr. J. Nkosi,Active
MED000010,P1003,Levothyroxine,50mcg,Once daily,2023-05-05,2024-03-17,Dr. L. Torres,Completed
MED000011,P1003,Metformin,500mg,Twice daily,2022-07-14,,Dr. A. Patel,Active
MED000012,P1004,Atorvastatin,20mg,Once daily at night,2023-09-26,,Dr. R. Singh,Active
MED000013,P1004,Sertraline,50mg,Once daily,2022-09-04,,Dr. S. Khan,Active
MED000014,P1004,Insulin Glargine,10 units,Once daily at bedtime,2022-07-10,2024-07-05,Dr. M. O'Brien,Completed
MED000015,P1004,Ramipril,5mg,Once daily,2023-02-16,2024-08-15,Dr. L. Torres,Completed
MED000016,P1004,Amlodipine,5mg,Once daily,2023-03-25,,Dr. A. Patel,Active
MED000017,P1005,Paracetamol,500mg,Up to four times daily,2022-06-17,,Dr. J. Nkosi,Active
MED000018,P1005,Warfarin,3mg,Once daily,2022-02-07,,Dr. A. Patel,Active
MED000019,P1005,Levothyroxine,50mcg,Once daily,2023-04-17,,Dr. A. Patel,Active
MED000020,P1005,Prednisolone,5mg,Once daily,2022-03-12,,Dr. S. Khan,Active
MED000021,P1006,Levothyroxine,50mcg,Once daily,2023-06-21,,Dr. R. Singh,Active
MED000022,P1006,Clopidogrel,75mg,Once daily,2023-02-06,,Dr. L. Torres,Active
MED000023,P1007,Lisinopril,10mg,Once daily,2023-06-06,,Dr. A. Patel,Active
MED000024,P1007,Clopidogrel,75mg,Once daily,2022-01-27,2024-10-26,Dr. S. Khan,Completed
MED000025,P1008,Metformin,500mg,Twice daily,2023-03-26,2024-04-08,Dr. S. Khan,Completed
MED000026,P1009,Gabapentin,300mg,Three times daily,2022-10-18,,Dr. J. Nkosi,Active
MED000027,P1009,Aspirin,75mg,Once daily,2022-01-17,,Dr. C. Müller,Active
MED000028,P1009,Amlodipine,5mg,Once daily,2022-10-24,2024-05-15,Dr. S. Khan,Completed
MED000029,P1010,Atorvastatin,20mg,Once daily at night,2023-04-15,2024-05-20,Dr. J. Nkosi,Completed
MED000030,P1010,Metformin,500mg,Twice daily,2022-03-18,2024-06-27,Dr. R. Singh,Completed
MED000031,P1011,Bisoprolol,2.5mg,Once daily,2022-04-01,,Dr. Y. Tanaka,Active
MED000032,P1012,Sertraline,50mg,Once daily,2023-03-17,,Dr. R. Singh,Active
MED000033,P1012,Metformin,500mg,Twice daily,2023-10-26,2024-02-29,Dr. L. Torres,Completed
MED000034,P1012,Warfarin,3mg,Once daily,2023-06-19,2024-02-06,Dr. R. Singh,Completed
MED000035,P1012,Insulin Glargine,10 units,Once daily at bedtime,2023-02-17,2024-06-28,Dr. S. Khan,Completed
MED000036,P1012,Amlodipine,5mg,Once daily,2022-09-30,,Dr. Y. Tanaka,Active
MED000037,P1013,Metformin,500mg,Twice daily,2022-08-24,,Dr. S. Khan,Active
MED000038,P1013,Omeprazole,20mg,Once daily before breakfast,2022-04-18,,Dr. S. Khan,Active
MED000039,P1013,Atorvastatin,20mg,Once daily at night,2022-05-01,2024-12-29,Dr. C. Müller,Completed
MED000040,P1013,Sertraline,50mg,Once daily,2022-06-28,,Dr. Y. Tanaka,Active
MED000041,P1014,Salbutamol,100mcg,As required,2022-08-01,,Dr. J. Nkosi,Active
MED000042,P1015,Lisinopril,10mg,Once daily,2022-04-18,,Dr. C. Müller,Active
MED000043,P1015,Metformin,500mg,Twice daily,2022-11-30,2024-05-10,Dr. Y. Tanaka,Completed
MED000044,P1015,Warfarin,3mg,Once daily,2022-07-11,,Dr. R. Singh,Active
MED000045,P1016,Lisinopril,10mg,Once daily,2023-05-24,2024-02-08,Dr. M. O'Brien,Completed
MED000046,P1016,Metformin,500mg,Twice daily,2022-05-30,2024-03-15,Dr. R. Singh,Completed
MED000047,P1017,Prednisolone,5mg,Once daily,2023-10-26,,Dr. R. Singh,Active
MED000048,P1018,Levothyroxine,50mcg,Once daily,2023-07-16,,Dr. A. Patel,Active
MED000049,P1018,Amlodipine,5mg,Once daily,2023-09-17,,Dr. M. O'Brien,Active
MED000050,P1019,Ramipril,5mg,Once daily,2022-02-09,2024-01-08,Dr. J. Nkosi,Completed
MED000051,P1019,Clopidogrel,75mg,Once daily,2022-03-18,,Dr. S. Khan,Active
MED000052,P1019,Insulin Glargine,10 units,Once daily at bedtime,2023-12-24,,Dr. A. Patel,Active
MED000053,P1020,Clopidogrel,75mg,Once daily,2023-09-18,,Dr. S. Khan,Active
MED000054,P1021,Clopidogrel,75mg,Once daily,2023-12-26,2024-10-27,Dr. M. O'Brien,Completed
MED000055,P1021,Paracetamol,500mg,Up to four times daily,2023-11-09,,Dr. M. O'Brien,Active
MED000056,P1022,Amoxicillin,500mg,Three times daily,2023-12-29,,Dr. L. Torres,Active
MED000057,P1022,Paracetamol,500mg,Up to four times daily,2023-09-30,2024-07-01,Dr. L. Torres,Completed
MED000058,P1022,Levothyroxine,50mcg,Once daily,2023-10-14,2024-12-28,Dr. R. Singh,Completed
MED000059,P1022,Atorvastatin,20mg,Once daily at night,2022-02-15,2024-08-06,Dr. L. Torres,Completed
MED000060,P1022,Sertraline,50mg,Once daily,2023-10-23,2024-05-04,Dr. C. Müller,Completed
MED000061,P1023,Warfarin,3mg,Once daily,2022-02-08,,Dr. M. O'Brien,Active
MED000062,P1023,Insulin Glargine,10 units,Once daily at bedtime,2023-08-03,,Dr. M. O'Brien,Active
MED000063,P1023,Salbutamol,100mcg,As required,2023-12-17,,Dr. M. O'Brien,Active
MED000064,P1023,Atorvastatin,20mg,Once daily at night,2022-10-05,2024-08-06,Dr. Y. Tanaka,Completed
MED000065,P1023,Amoxicillin,500mg,Three times daily,2023-04-28,,Dr. J. Nkosi,Active
MED000066,P1024,Paracetamol,500mg,Up to four times daily,2022-01-12,,Dr. M. O'Brien,Active
MED000067,P1024,Clopidogrel,75mg,Once daily,2022-09-15,,Dr. J. Nkosi,Active
MED000068,P1024,Amoxicillin,500mg,Three times daily,2023-10-11,,Dr. J. Nkosi,Active
MED000069,P1024,Atorvastatin,20mg,Once daily at night,2022-07-15,,Dr. S. Khan,Active
MED000070,P1025,Paracetamol,500mg,Up to four times daily,2022-02-26,,Dr. J. Nkosi,Active
MED000071,P1025,Gabapentin,300mg,Three times daily,2023-03-19,,Dr. C. Müller,Active
MED000072,P1025,Aspirin,75mg,Once daily,2023-10-21,2024-02-12,Dr. Y. Tanaka,Completed
MED000073,P1026,Gabapentin,300mg,Three times daily,2022-04-30,,Dr. C. Müller,Active
MED000074,P1026,Sertraline,50mg,Once daily,2023-10-22,,Dr. C. Müller,Active
MED000075,P1027,Prednisolone,5mg,Once daily,2023-03-05,,Dr. C. Müller,Active
MED000076,P1028,Atorvastatin,20mg,Once daily at night,2022-01-21,,Dr. A. Patel,Active
MED000077,P1029,Clopidogrel,75mg,Once daily,2023-08-05,2024-12-01,Dr. Y. Tanaka,Completed
MED000078,P1029,Amlodipine,5mg,Once daily,2023-02-05,,Dr. J. Nkosi,Active
MED000079,P1030,Amlodipine,5mg,Once daily,2022-07-31,2024-10-25,Dr. R. Singh,Completed
MED000080,P1030,Amoxicillin,500mg,Three times daily,2022-02-15,,Dr. C. Müller,Active
MED000081,P1030,Insulin Glargine,10 units,Once daily at bedtime,2023-10-21,,Dr. C. Müller,Active
MED000082,P1030,Ramipril,5mg,Once daily,2022-01-09,,Dr. R. Singh,Active
MED000083,P1031,Amlodipine,5mg,Once daily,2023-10-27,2024-01-25,Dr. A. Patel,Completed
MED000084,P1031,Amoxicillin,500mg,Three times daily,2023-07-16,2024-08-01,Dr. M. O'Brien,Completed
MED000085,P1031,Clopidogrel,75mg,Once daily,2023-01-05,2024-12-29,Dr. A. Patel,Completed
MED000086,P1032,Furosemide,40mg,Once daily in morning,2022-11-16,,Dr. L. Torres,Active
MED000087,P1032,Insulin Glargine,10 units,Once daily at bedtime,2022-03-11,,Dr. L. Torres,Active
MED000088,P1032,Levothyroxine,50mcg,Once daily,2022-08-05,,Dr. C. Müller,Active
MED000089,P1033,Furosemide,40mg,Once daily in morning,2022-01-14,,Dr. A. Patel,Active
MED000090,P1034,Warfarin,3mg,Once daily,2022-04-23,,Dr. L. Torres,Active
MED000091,P1034,Atorvastatin,20mg,Once daily at night,2023-09-18,,Dr. J. Nkosi,Active
MED000092,P1034,Lisinopril,10mg,Once daily,2023-02-27,,Dr. L. Torres,Active
MED000093,P1034,Amoxicillin,500mg,Three times daily,2023-09-17,2024-03-09,Dr. S. Khan,Completed
MED000094,P1035,Paracetamol,500mg,Up to four times daily,2023-05-05,,Dr. R. Singh,Active
MED000095,P1035,Salbutamol,100mcg,As required,2023-01-16,2024-12-20,Dr. A. Patel,Completed
MED000096,P1035,Atorvastatin,20mg,Once daily at night,2022-10-13,2024-09-09,Dr. R. Singh,Completed
MED000097,P1035,Lisinopril,10mg,Once daily,2023-10-20,,Dr. S. Khan,Active
MED000098,P1036,Paracetamol,500mg,Up to four times daily,2022-07-01,,Dr. A. Patel,Active
MED000099,P1036,Furosemide,40mg,Once daily in morning,2023-07-06,2024-10-13,Dr. C. Müller,Completed
MED000100,P1036,Omeprazole,20mg,Once daily before breakfast,2022-02-06,,Dr. A. Patel,Active
MED000101,P1037,Insulin Glargine,10 units,Once daily at bedtime,2022-10-26,,Dr. Y. Tanaka,Active
MED000102,P1037,Ibuprofen,400mg,Three times daily with food,2023-01-04,,Dr. Y. Tanaka,Active
MED000103,P1038,Bisoprolol,2.5mg,Once daily,2022-11-20,2024-12-04,Dr. Y. Tanaka,Completed
MED000104,P1038,Sertraline,50mg,Once daily,2022-10-19,2024-03-10,Dr. Y. Tanaka,Completed
MED000105,P1038,Atorvastatin,20mg,Once daily at night,2022-01-02,,Dr. M. O'Brien,Active
MED000106,P1039,Paracetamol,500mg,Up to four times daily,2023-07-13,2024-01-14,Dr. J. Nkosi,Completed
MED000107,P1040,Prednisolone,5mg,Once daily,2022-01-04,2024-03-14,Dr. A. Patel,Completed
MED000108,P1040,Atorvastatin,20mg,Once daily at night,2023-05-30,2024-05-02,Dr. L. Torres,Completed
MED000109,P1040,Amlodipine,5mg,Once daily,2022-04-10,,Dr. C. Müller,Active
MED000110,P1040,Lisinopril,10mg,Once daily,2022-01-10,,Dr. A. Patel,Active
MED000111,P1041,Paracetamol,500mg,Up to four times daily,2022-04-27,,Dr. C. Müller,Active
MED000112,P1041,Furosemide,40mg,Once daily in morning,2022-03-28,,Dr. Y. Tanaka,Active
MED000113,P1041,Ibuprofen,400mg,Three times daily with food,2023-02-10,2024-05-16,Dr. A. Patel,Completed
MED000114,P1041,Amoxicillin,500mg,Three times daily,2022-10-15,2024-10-29,Dr. L. Torres,Completed
MED000115,P1041,Gabapentin,300mg,Three times daily,2023-11-19,,Dr. C. Müller,Active
MED000116,P1042,Insulin Glargine,10 units,Once daily at bedtime,2023-10-25,2024-12-19,Dr. M. O'Brien,Completed
MED000117,P1043,Paracetamol,500mg,Up to four times daily,2022-01-20,,Dr. A. Patel,Active
MED000118,P1043,Omeprazole,20mg,Once daily before breakfast,2022-06-23,,Dr. A. Patel,Active
MED000119,P1043,Insulin Glargine,10 units,Once daily at bedtime,2022-07-04,,Dr. L. Torres,Active
MED000120,P1043,Lisinopril,10mg,Once daily,2023-02-27,,Dr. R. Singh,Active
MED000121,P1044,Omeprazole,20mg,Once daily before breakfast,2023-07-08,,Dr. C. Müller,Active
MED000122,P1044,Atorvastatin,20mg,Once daily at night,2022-09-14,,Dr. J. Nkosi,Active
MED000123,P1044,Amoxicillin,500mg,Three times daily,2022-07-16,,Dr. Y. Tanaka,Active
MED000124,P1044,Sertraline,50mg,Once daily,2022-10-09,,Dr. S. Khan,Active
MED000125,P1044,Warfarin,3mg,Once daily,2023-06-30,2024-04-29,Dr. L. Torres,Completed
MED000126,P1045,Paracetamol,500mg,Up to four times daily,2022-09-19,2024-04-24,Dr. Y. Tanaka,Completed
MED000127,P1045,Insulin Glargine,10 units,Once daily at bedtime,2022-08-26,,Dr. A. Patel,Active
MED000128,P1045,Atorvastatin,20mg,Once daily at night,2023-09-28,,Dr. A. Patel,Active
MED000129,P1045,Levothyroxine,50mcg,Once daily,2023-06-09,,Dr. R. Singh,Active
MED000130,P1045,Amoxicillin,500mg,Three times daily,2022-08-17,,Dr. Y. Tanaka,Active
MED000131,P1046,Levothyroxine,50mcg,Once daily,2023-06-26,,Dr. L. Torres,Active
MED000132,P1046,Paracetamol,500mg,Up to four times daily,2022-07-04,,Dr. A. Patel,Active
MED000133,P1046,Warfarin,3mg,Once daily,2022-01-14,2024-10-30,Dr. M. O'Brien,Completed
MED000134,P1046,Bisoprolol,2.5mg,Once daily,2023-10-20,,Dr. R. Singh,Active
MED000135,P1046,Lisinopril,10mg,Once daily,2022-06-10,,Dr. L. Torres,Active
MED000136,P1047,Atorvastatin,20mg,Once daily at night,2022-04-25,,Dr. C. Müller,Active
MED000137,P1047,Sertraline,50mg,Once daily,2023-05-19,,Dr. A. Patel,Active
MED000138,P1047,Clopidogrel,75mg,Once daily,2023-06-20,,Dr. C. Müller,Active
MED000139,P1047,Aspirin,75mg,Once daily,2022-02-15,2024-07-12,Dr. C. Müller,Completed
MED000140,P1048,Amoxicillin,500mg,Three times daily,2023-11-25,2024-06-07,Dr. M. O'Brien,Completed
MED000141,P1048,Paracetamol,500mg,Up to four times daily,2023-01-14,,Dr. R. Singh,Active
MED000142,P1048,Clopidogrel,75mg,Once daily,2023-07-20,2024-10-22,Dr. J. Nkosi,Completed
MED000143,P1049,Sertraline,50mg,Once daily,2023-10-04,,Dr. J. Nkosi,Active
MED000144,P1049,Salbutamol,100mcg,As required,2023-08-12,,Dr. J. Nkosi,Active
MED000145,P1049,Metformin,500mg,Twice daily,2023-06-24,,Dr. J. Nkosi,Active
MED000146,P1049,Levothyroxine,50mcg,Once daily,2022-09-17,,Dr. C. Müller,Active
MED000147,P1049,Amoxicillin,500mg,Three times daily,2023-09-10,,Dr. S. Khan,Active
MED000148,P1050,Levothyroxine,50mcg,Once daily,2022-02-14,2024-12-30,Dr. C. Müller,Completed
MED000149,P1050,Amoxicillin,500mg,Three times daily,2022-12-05,,Dr. M. O'Brien,Active
MED000150,P1050,Warfarin,3mg,Once daily,2023-12-05,,Dr. J. Nkosi,Active
MED000151,P1051,Furosemide,40mg,Once daily in morning,2023-11-10,,Dr. A. Patel,Active
MED000152,P1052,Amlodipine,5mg,Once daily,2022-10-26,,Dr. Y. Tanaka,Active
MED000153,P1052,Paracetamol,500mg,Up to four times daily,2023-06-13,,Dr. A. Patel,Active
MED000154,P1052,Lisinopril,10mg,Once daily,2022-03-19,,Dr. J. Nkosi,Active
MED000155,P1052,Metformin,500mg,Twice daily,2022-09-02,,Dr. L. Torres,Active
MED000156,P1053,Atorvastatin,20mg,Once daily at night,2022-06-02,,Dr. L. Torres,Active
MED000157,P1053,Aspirin,75mg,Once daily,2022-12-22,2024-02-14,Dr. J. Nkosi,Completed
MED000158,P1053,Amoxicillin,500mg,Three times daily,2022-07-24,,Dr. S. Khan,Active
MED000159,P1054,Ibuprofen,400mg,Three times daily with food,2022-12-25,2024-06-06,Dr. J. Nkosi,Completed
MED000160,P1054,Levothyroxine,50mcg,Once daily,2023-06-23,,Dr. A. Patel,Active
MED000161,P1054,Omeprazole,20mg,Once daily before breakfast,2022-07-24,,Dr. A. Patel,Active
MED000162,P1055,Paracetamol,500mg,Up to four times daily,2023-06-05,,Dr. Y. Tanaka,Active
MED000163,P1056,Sertraline,50mg,Once daily,2022-11-25,2024-06-12,Dr. Y. Tanaka,Completed
MED000164,P1056,Amlodipine,5mg,Once daily,2023-10-15,,Dr. C. Müller,Active
MED000165,P1056,Metformin,500mg,Twice daily,2022-03-03,,Dr. C. Müller,Active
MED000166,P1057,Bisoprolol,2.5mg,Once daily,2022-10-03,2024-05-09,Dr. Y. Tanaka,Completed
MED000167,P1057,Clopidogrel,75mg,Once daily,2022-10-15,2024-07-01,Dr. S. Khan,Completed
MED000168,P1057,Warfarin,3mg,Once daily,2023-03-21,,Dr. M. O'Brien,Active
MED000169,P1057,Atorvastatin,20mg,Once daily at night,2023-09-23,,Dr. C. Müller,Active
MED000170,P1058,Salbutamol,100mcg,As required,2023-06-05,,Dr. M. O'Brien,Active
MED000171,P1059,Ramipril,5mg,Once daily,2023-07-13,,Dr. Y. Tanaka,Active
MED000172,P1059,Insulin Glargine,10 units,Once daily at bedtime,2023-06-25,2024-08-18,Dr. R. Singh,Completed
MED000173,P1059,Levothyroxine,50mcg,Once daily,2023-05-23,,Dr. A. Patel,Active
MED000174,P1060,Atorvastatin,20mg,Once daily at night,2022-03-23,,Dr. L. Torres,Active
MED000175,P1060,Salbutamol,100mcg,As required,2022-03-30,,Dr. L. Torres,Active
MED000176,P1060,Warfarin,3mg,Once daily,2022-01-27,,Dr. A. Patel,Active
MED000177,P1060,Amlodipine,5mg,Once daily,2022-03-04,,Dr. M. O'Brien,Active
MED000178,P1061,Insulin Glargine,10 units,Once daily at bedtime,2023-11-25,,Dr. C. Müller,Active
MED000179,P1061,Amoxicillin,500mg,Three times daily,2022-05-10,,Dr. J. Nkosi,Active
MED000180,P1061,Bisoprolol,2.5mg,Once daily,2023-10-03,,Dr. Y. Tanaka,Active
MED000181,P1062,Ibuprofen,400mg,Three times daily with food,2022-01-01,2024-06-01,Dr. Y. Tanaka,Completed
MED000182,P1062,Warfarin,3mg,Once daily,2022-05-05,2024-02-28,Dr. J. Nkosi,Completed
MED000183,P1062,Sertraline,50mg,Once daily,2023-04-08,2024-01-04,Dr. M. O'Brien,Completed
MED000184,P1062,Salbutamol,100mcg,As required,2023-06-29,,Dr. M. O'Brien,Active
MED000185,P1063,Furosemide,40mg,Once daily in morning,2023-08-07,2024-12-07,Dr. C. Müller,Completed
MED000186,P1063,Insulin Glargine,10 units,Once daily at bedtime,2023-05-06,,Dr. M. O'Brien,Active
MED000187,P1063,Sertraline,50mg,Once daily,2023-04-11,,Dr. L. Torres,Active
MED000188,P1063,Aspirin,75mg,Once daily,2022-12-16,,Dr. L. Torres,Active
MED000189,P1064,Ramipril,5mg,Once daily,2022-11-09,,Dr. J. Nkosi,Active
MED000190,P1065,Paracetamol,500mg,Up to four times daily,2023-02-13,,Dr. M. O'Brien,Active
MED000191,P1065,Furosemide,40mg,Once daily in morning,2022-07-05,,Dr. L. Torres,Active
MED000192,P1065,Gabapentin,300mg,Three times daily,2023-03-25,2024-05-11,Dr. L. Torres,Completed
MED000193,P1065,Sertraline,50mg,Once daily,2023-05-22,,Dr. R. Singh,Active
MED000194,P1065,Ramipril,5mg,Once daily,2023-06-01,,Dr. J. Nkosi,Active
MED000195,P1066,Amlodipine,5mg,Once daily,2023-12-09,,Dr. M. O'Brien,Active
MED000196,P1066,Atorvastatin,20mg,Once daily at night,2023-04-02,2024-05-02,Dr. R. Singh,Completed
MED000197,P1066,Prednisolone,5mg,Once daily,2022-05-31,,Dr. Y. Tanaka,Active
MED000198,P1066,Paracetamol,500mg,Up to four times daily,2022-03-06,,Dr. R. Singh,Active
MED000199,P1066,Warfarin,3mg,Once daily,2023-12-08,,Dr. L. Torres,Active
MED000200,P1067,Ramipril,5mg,Once daily,2023-08-20,,Dr. Y. Tanaka,Active
MED000201,P1067,Amlodipine,5mg,Once daily,2022-09-03,,Dr. L. Torres,Active
MED000202,P1067,Omeprazole,20mg,Once daily before breakfast,2022-10-04,,Dr. M. O'Brien,Active
MED000203,P1068,Metformin,500mg,Twice daily,2023-07-03,,Dr. L. Torres,Active
MED000204,P1068,Omeprazole,20mg,Once daily before breakfast,2023-12-17,,Dr. C. Müller,Active
MED000205,P1068,Salbutamol,100mcg,As required,2023-12-21,,Dr. A. Patel,Active
MED000206,P1069,Paracetamol,500mg,Up to four times daily,2023-05-15,2024-08-12,Dr. Y. Tanaka,Completed
MED000207,P1069,Warfarin,3mg,Once daily,2022-04-17,2024-08-16,Dr. Y. Tanaka,Completed
MED000208,P1069,Bisoprolol,2.5mg,Once daily,2022-07-18,,Dr. S. Khan,Active
MED000209,P1069,Salbutamol,100mcg,As required,2022-12-16,,Dr. S. Khan,Active
MED000210,P1069,Aspirin,75mg,Once daily,2023-02-18,2024-09-07,Dr. J. Nkosi,Completed
MED000211,P1070,Ibuprofen,400mg,Three times daily with food,2023-05-23,2024-05-29,Dr. A. Patel,Completed
MED000212,P1070,Atorvastatin,20mg,Once daily at night,2023-12-17,,Dr. J. Nkosi,Active
MED000213,P1070,Ramipril,5mg,Once daily,2022-03-19,,Dr. S. Khan,Active
MED000214,P1070,Amoxicillin,500mg,Three times daily,2023-02-12,,Dr. S. Khan,Active
MED000215,P1071,Aspirin,75mg,Once daily,2023-08-15,,Dr. C. Müller,Active
MED000216,P1071,Levothyroxine,50mcg,Once daily,2023-05-07,,Dr. C. Müller,Active
MED000217,P1071,Warfarin,3mg,Once daily,2022-06-26,,Dr. S. Khan,Active
MED000218,P1071,Amoxicillin,500mg,Three times daily,2023-05-30,2024-06-08,Dr. Y. Tanaka,Completed
MED000219,P1072,Aspirin,75mg,Once daily,2023-10-30,,Dr. C. Müller,Active
MED000220,P1072,Omeprazole,20mg,Once daily before breakfast,2023-03-27,2024-12-17,Dr. Y. Tanaka,Completed
MED000221,P1072,Salbutamol,100mcg,As required,2022-04-15,,Dr. Y. Tanaka,Active
MED000222,P1072,Ibuprofen,400mg,Three times daily with food,2022-04-05,,Dr. R. Singh,Active
MED000223,P1072,Warfarin,3mg,Once daily,2023-04-17,,Dr. R. Singh,Active
MED000224,P1073,Prednisolone,5mg,Once daily,2022-11-20,,Dr. A. Patel,Active
MED000225,P1073,Furosemide,40mg,Once daily in morning,2022-01-27,,Dr. J. Nkosi,Active
MED000226,P1073,Aspirin,75mg,Once daily,2022-10-27,,Dr. J. Nkosi,Active
MED000227,P1073,Bisoprolol,2.5mg,Once daily,2023-03-29,2024-06-23,Dr. L. Torres,Completed
MED000228,P1074,Levothyroxine,50mcg,Once daily,2022-04-09,,Dr. R. Singh,Active
MED000229,P1074,Ibuprofen,400mg,Three times daily with food,2022-11-19,,Dr. M. O'Brien,Active
MED000230,P1075,Atorvastatin,20mg,Once daily at night,2022-04-26,,Dr. R. Singh,Active
MED000231,P1075,Prednisolone,5mg,Once daily,2022-03-28,,Dr. A. Patel,Active
MED000232,P1076,Amlodipine,5mg,Once daily,2023-10-31,,Dr. J. Nkosi,Active
MED000233,P1076,Insulin Glargine,10 units,Once daily at bedtime,2022-04-30,2024-07-19,Dr. L. Torres,Completed
MED000234,P1076,Paracetamol,500mg,Up to four times daily,2022-11-17,2024-04-10,Dr. J. Nkosi,Completed
MED000235,P1076,Ibuprofen,400mg,Three times daily with food,2023-02-14,,Dr. M. O'Brien,Active
MED000236,P1077,Sertraline,50mg,Once daily,2023-01-05,2024-12-21,Dr. M. O'Brien,Completed
MED000237,P1077,Amlodipine,5mg,Once daily,2022-04-01,2024-03-23,Dr. R. Singh,Completed
MED000238,P1077,Ramipril,5mg,Once daily,2022-11-04,,Dr. Y. Tanaka,Active
MED000239,P1078,Clopidogrel,75mg,Once daily,2023-08-17,,Dr. R. Singh,Active
MED000240,P1078,Atorvastatin,20mg,Once daily at night,2023-08-08,,Dr. Y. Tanaka,Active
MED000241,P1078,Levothyroxine,50mcg,Once daily,2023-04-28,2024-02-18,Dr. Y. Tanaka,Completed
MED000242,P1079,Furosemide,40mg,Once daily in morning,2023-03-15,,Dr. M. O'Brien,Active
MED000243,P1080,Prednisolone,5mg,Once daily,2022-02-12,2024-05-16,Dr. J. Nkosi,Completed
MED000244,P1080,Bisoprolol,2.5mg,Once daily,2022-12-04,,Dr. C. Müller,Active
MED000245,P1080,Aspirin,75mg,Once daily,2022-07-17,,Dr. Y. Tanaka,Active
MED000246,P1081,Amoxicillin,500mg,Three times daily,2022-08-29,,Dr. L. Torres,Active
MED000247,P1081,Clopidogrel,75mg,Once daily,2023-11-17,,Dr. L. Torres,Active
MED000248,P1081,Ramipril,5mg,Once daily,2023-08-17,,Dr. S. Khan,Active
MED000249,P1081,Insulin Glargine,10 units,Once daily at bedtime,2022-02-01,,Dr. J. Nkosi,Active
MED000250,P1081,Gabapentin,300mg,Three times daily,2022-05-16,,Dr. Y. Tanaka,Active
MED000251,P1082,Gabapentin,300mg,Three times daily,2023-10-11,2024-12-29,Dr. A. Patel,Completed
MED000252,P1082,Omeprazole,20mg,Once daily before breakfast,2022-10-09,2024-10-24,Dr. L. Torres,Completed
MED000253,P1083,Clopidogrel,75mg,Once daily,2022-03-20,2024-03-30,Dr. L. Torres,Completed
MED000254,P1083,Omeprazole,20mg,Once daily before breakfast,2023-04-03,2024-04-18,Dr. R. Singh,Completed
MED000255,P1084,Insulin Glargine,10 units,Once daily at bedtime,2023-09-09,,Dr. M. O'Brien,Active
MED000256,P1085,Gabapentin,300mg,Three times daily,2023-08-16,,Dr. Y. Tanaka,Active
MED000257,P1086,Lisinopril,10mg,Once daily,2022-05-22,,Dr. J. Nkosi,Active
MED000258,P1086,Clopidogrel,75mg,Once daily,2023-06-08,2024-10-30,Dr. J. Nkosi,Completed
MED000259,P1087,Clopidogrel,75mg,Once daily,2023-11-14,,Dr. R. Singh,Active
MED000260,P1087,Metformin,500mg,Twice daily,2023-09-29,,Dr. L. Torres,Active
MED000261,P1087,Lisinopril,10mg,Once daily,2023-05-17,,Dr. S. Khan,Active
MED000262,P1087,Furosemide,40mg,Once daily in morning,2023-03-22,,Dr. A. Patel,Active
MED000263,P1087,Amlodipine,5mg,Once daily,2023-10-06,,Dr. A. Patel,Active
MED000264,P1088,Metformin,500mg,Twice daily,2022-02-01,2024-06-16,Dr. L. Torres,Completed
MED000265,P1088,Levothyroxine,50mcg,Once daily,2023-03-07,,Dr. S. Khan,Active
MED000266,P1089,Lisinopril,10mg,Once daily,2022-08-05,,Dr. C. Müller,Active
MED000267,P1089,Salbutamol,100mcg,As required,2022-01-01,,Dr. Y. Tanaka,Active
MED000268,P1090,Bisoprolol,2.5mg,Once daily,2022-04-21,2024-06-25,Dr. L. Torres,Completed
MED000269,P1090,Aspirin,75mg,Once daily,2023-08-12,,Dr. M. O'Brien,Active
MED000270,P1090,Lisinopril,10mg,Once daily,2023-08-15,2024-12-15,Dr. Y. Tanaka,Completed
MED000271,P1091,Lisinopril,10mg,Once daily,2023-01-24,2024-09-07,Dr. C. Müller,Completed
MED000272,P1091,Warfarin,3mg,Once daily,2022-11-21,,Dr. M. O'Brien,Active
MED000273,P1091,Metformin,500mg,Twice daily,2022-01-19,,Dr. R. Singh,Active
MED000274,P1091,Atorvastatin,20mg,Once daily at night,2023-08-11,,Dr. J. Nkosi,Active
MED000275,P1091,Ramipril,5mg,Once daily,2023-02-12,2024-10-18,Dr. A. Patel,Completed
MED000276,P1092,Insulin Glargine,10 units,Once daily at bedtime,2023-06-17,2024-02-12,Dr. R. Singh,Completed
MED000277,P1093,Insulin Glargine,10 units,Once daily at bedtime,2023-10-02,,Dr. J. Nkosi,Active
MED000278,P1093,Amlodipine,5mg,Once daily,2023-09-16,2024-11-19,Dr. J. Nkosi,Completed
MED000279,P1094,Clopidogrel,75mg,Once daily,2022-05-10,2024-10-25,Dr. C. Müller,Completed
MED000280,P1094,Ibuprofen,400mg,Three times daily with food,2022-02-04,,Dr. R. Singh,Active
MED000281,P1094,Bisoprolol,2.5mg,Once daily,2022-07-21,,Dr. A. Patel,Active
MED000282,P1095,Ramipril,5mg,Once daily,2023-03-19,,Dr. L. Torres,Active
MED000283,P1095,Aspirin,75mg,Once daily,2023-11-25,,Dr. A. Patel,Active
MED000284,P1095,Furosemide,40mg,Once daily in morning,2022-11-04,,Dr. Y. Tanaka,Active
MED000285,P1096,Salbutamol,100mcg,As required,2023-02-26,2024-12-24,Dr. R. Singh,Completed
MED000286,P1097,Furosemide,40mg,Once daily in morning,2023-08-07,,Dr. M. O'Brien,Active
MED000287,P1097,Lisinopril,10mg,Once daily,2022-10-17,2024-06-19,Dr. Y. Tanaka,Completed
MED000288,P1097,Warfarin,3mg,Once daily,2023-11-20,,Dr. L. Torres,Active
MED000289,P1098,Atorvastatin,20mg,Once daily at night,2023-10-18,,Dr. R. Singh,Active
MED000290,P1099,Gabapentin,300mg,Three times daily,2023-10-04,2024-09-19,Dr. S. Khan,Completed
MED000291,P1099,Lisinopril,10mg,Once daily,2023-12-12,,Dr. C. Müller,Active
MED000292,P1100,Paracetamol,500mg,Up to four times daily,2022-03-16,,Dr. R. Singh,Active
MED000293,P1100,Amlodipine,5mg,Once daily,2023-11-24,,Dr. C. Müller,Active
MED000294,P1100,Furosemide,40mg,Once daily in morning,2023-06-28,,Dr. A. Patel,Active
MED000295,P1100,Omeprazole,20mg,Once daily before breakfast,2022-09-25,,Dr. J. Nkosi,Active
MED000296,P1101,Salbutamol,100mcg,As required,2022-12-01,,Dr. R. Singh,Active
MED000297,P1101,Omeprazole,20mg,Once daily before breakfast,2023-05-11,,Dr. J. Nkosi,Active
MED000298,P1101,Amlodipine,5mg,Once daily,2023-09-16,,Dr. A. Patel,Active
MED000299,P1101,Metformin,500mg,Twice daily,2022-07-16,,Dr. J. Nkosi,Active
MED000300,P1101,Gabapentin,300mg,Three times daily,2023-04-09,,Dr. S. Khan,Active
MED000301,P1102,Metformin,500mg,Twice daily,2023-07-20,,Dr. C. Müller,Active
MED000302,P1102,Furosemide,40mg,Once daily in morning,2023-08-04,,Dr. L. Torres,Active
MED000303,P1103,Furosemide,40mg,Once daily in morning,2023-06-17,,Dr. S. Khan,Active
MED000304,P1103,Bisoprolol,2.5mg,Once daily,2022-07-13,2024-01-12,Dr. R. Singh,Completed
MED000305,P1103,Metformin,500mg,Twice daily,2023-12-09,,Dr. L. Torres,Active
MED000306,P1103,Paracetamol,500mg,Up to four times daily,2022-01-15,,Dr. S. Khan,Active
MED000307,P1103,Salbutamol,100mcg,As required,2023-07-21,2024-12-29,Dr. C. Müller,Completed
MED000308,P1104,Ibuprofen,400mg,Three times daily with food,2022-02-04,2024-05-21,Dr. R. Singh,Completed
MED000309,P1105,Lisinopril,10mg,Once daily,2023-11-13,2024-02-23,Dr. A. Patel,Completed
MED000310,P1105,Omeprazole,20mg,Once daily before breakfast,2023-08-20,2024-06-15,Dr. M. O'Brien,Completed
MED000311,P1105,Bisoprolol,2.5mg,Once daily,2022-11-22,,Dr. J. Nkosi,Active
MED000312,P1106,Warfarin,3mg,Once daily,2022-03-22,2024-02-21,Dr. M. O'Brien,Completed
MED000313,P1106,Omeprazole,20mg,Once daily before breakfast,2023-11-11,,Dr. Y. Tanaka,Active
MED000314,P1106,Sertraline,50mg,Once daily,2022-03-04,2024-01-30,Dr. J. Nkosi,Completed
MED000315,P1106,Furosemide,40mg,Once daily in morning,2023-11-09,2024-06-19,Dr. M. O'Brien,Completed
MED000316,P1106,Insulin Glargine,10 units,Once daily at bedtime,2023-08-26,2024-09-11,Dr. C. Müller,Completed
MED000317,P1107,Lisinopril,10mg,Once daily,2022-04-09,,Dr. L. Torres,Active
MED000318,P1108,Ramipril,5mg,Once daily,2022-12-18,,Dr. M. O'Brien,Active
MED000319,P1108,Aspirin,75mg,Once daily,2023-11-25,,Dr. S. Khan,Active
MED000320,P1108,Salbutamol,100mcg,As required,2022-05-15,2024-07-30,Dr. L. Torres,Completed
MED000321,P1108,Metformin,500mg,Twice daily,2023-06-13,2024-12-25,Dr. A. Patel,Completed
MED000322,P1108,Warfarin,3mg,Once daily,2022-01-02,2024-03-25,Dr. J. Nkosi,Completed
MED000323,P1109,Amlodipine,5mg,Once daily,2023-03-06,,Dr. C. Müller,Active
MED000324,P1109,Lisinopril,10mg,Once daily,2022-12-12,,Dr. C. Müller,Active
MED000325,P1110,Ramipril,5mg,Once daily,2023-02-02,,Dr. S. Khan,Active
MED000326,P1110,Aspirin,75mg,Once daily,2022-10-28,2024-05-24,Dr. C. Müller,Completed
MED000327,P1110,Clopidogrel,75mg,Once daily,2022-06-23,2024-09-15,Dr. A. Patel,Completed
MED000328,P1110,Bisoprolol,2.5mg,Once daily,2023-05-14,2024-11-04,Dr. A. Patel,Completed
MED000329,P1111,Bisoprolol,2.5mg,Once daily,2022-12-17,,Dr. R. Singh,Active
MED000330,P1111,Amoxicillin,500mg,Three times daily,2022-01-08,,Dr. L. Torres,Active
MED000331,P1111,Amlodipine,5mg,Once daily,2022-06-15,,Dr. S. Khan,Active
MED000332,P1112,Prednisolone,5mg,Once daily,2022-12-06,,Dr. Y. Tanaka,Active
MED000333,P1112,Ramipril,5mg,Once daily,2022-07-03,2024-12-24,Dr. Y. Tanaka,Completed
MED000334,P1112,Warfarin,3mg,Once daily,2022-07-09,,Dr. S. Khan,Active
MED000335,P1112,Omeprazole,20mg,Once daily before breakfast,2022-02-21,,Dr. R. Singh,Active
MED000336,P1113,Atorvastatin,20mg,Once daily at night,2023-01-18,,Dr. S. Khan,Active
MED000337,P1113,Furosemide,40mg,Once daily in morning,2023-07-20,,Dr. R. Singh,Active
MED000338,P1113,Paracetamol,500mg,Up to four times daily,2023-01-12,2024-08-05,Dr. L. Torres,Completed
MED000339,P1113,Amoxicillin,500mg,Three times daily,2022-09-10,,Dr. M. O'Brien,Active
MED000340,P1113,Clopidogrel,75mg,Once daily,2022-05-22,2024-04-11,Dr. M. O'Brien,Completed
MED000341,P1114,Levothyroxine,50mcg,Once daily,2023-10-21,,Dr. A. Patel,Active
MED000342,P1114,Omeprazole,20mg,Once daily before breakfast,2023-11-11,2024-03-20,Dr. S. Khan,Completed
MED000343,P1114,Salbutamol,100mcg,As required,2023-10-21,,Dr. M. O'Brien,Active
MED000344,P1114,Amoxicillin,500mg,Three times daily,2023-01-29,,Dr. S. Khan,Active
MED000345,P1114,Ibuprofen,400mg,Three times daily with food,2023-11-01,,Dr. L. Torres,Active
MED000346,P1115,Metformin,500mg,Twice daily,2023-10-03,,Dr. Y. Tanaka,Active
MED000347,P1115,Levothyroxine,50mcg,Once daily,2023-06-13,,Dr. J. Nkosi,Active
MED000348,P1116,Levothyroxine,50mcg,Once daily,2023-01-07,,Dr. C. Müller,Active
MED000349,P1117,Furosemide,40mg,Once daily in morning,2022-03-04,2024-03-11,Dr. L. Torres,Completed
MED000350,P1117,Ramipril,5mg,Once daily,2022-03-08,2024-01-08,Dr. S. Khan,Completed
MED000351,P1118,Bisoprolol,2.5mg,Once daily,2022-03-09,2024-06-03,Dr. L. Torres,Completed
MED000352,P1119,Atorvastatin,20mg,Once daily at night,2022-09-12,,Dr. Y. Tanaka,Active
MED000353,P1119,Levothyroxine,50mcg,Once daily,2023-05-30,,Dr. A. Patel,Active
MED000354,P1120,Sertraline,50mg,Once daily,2023-05-05,,Dr. A. Patel,Active
MED000355,P1120,Omeprazole,20mg,Once daily before breakfast,2023-11-08,2024-01-28,Dr. L. Torres,Completed
MED000356,P1120,Gabapentin,300mg,Three times daily,2023-07-31,,Dr. Y. Tanaka,Active
MED000357,P1121,Gabapentin,300mg,Three times daily,2023-02-17,,Dr. C. Müller,Active
MED000358,P1121,Amoxicillin,500mg,Three times daily,2023-10-26,,Dr. S. Khan,Active
MED000359,P1121,Paracetamol,500mg,Up to four times daily,2022-03-07,2024-01-08,Dr. Y. Tanaka,Completed
MED000360,P1121,Aspirin,75mg,Once daily,2023-12-09,,Dr. L. Torres,Active
MED000361,P1121,Furosemide,40mg,Once daily in morning,2023-09-25,,Dr. Y. Tanaka,Active
MED000362,P1122,Paracetamol,500mg,Up to four times daily,2022-07-14,2024-07-29,Dr. A. Patel,Completed
MED000363,P1122,Warfarin,3mg,Once daily,2022-02-11,,Dr. S. Khan,Active
MED000364,P1123,Levothyroxine,50mcg,Once daily,2023-10-13,2024-01-24,Dr. S. Khan,Completed
MED000365,P1123,Ibuprofen,400mg,Three times daily with food,2022-03-09,2024-09-04,Dr. A. Patel,Completed
MED000366,P1123,Sertraline,50mg,Once daily,2022-10-16,2024-12-24,Dr. R. Singh,Completed
MED000367,P1123,Metformin,500mg,Twice daily,2023-08-07,,Dr. J. Nkosi,Active
MED000368,P1123,Furosemide,40mg,Once daily in morning,2023-10-27,,Dr. M. O'Brien,Active
MED000369,P1124,Prednisolone,5mg,Once daily,2022-11-08,2024-02-27,Dr. C. Müller,Completed
MED000370,P1124,Atorvastatin,20mg,Once daily at night,2022-03-18,,Dr. C. Müller,Active
MED000371,P1125,Ibuprofen,400mg,Three times daily with food,2022-02-10,,Dr. S. Khan,Active
MED000372,P1125,Levothyroxine,50mcg,Once daily,2023-09-11,,Dr. R. Singh,Active
MED000373,P1125,Gabapentin,300mg,Three times daily,2022-03-11,,Dr. S. Khan,Active
MED000374,P1125,Insulin Glargine,10 units,Once daily at bedtime,2023-01-14,,Dr. Y. Tanaka,Active
MED000375,P1125,Clopidogrel,75mg,Once daily,2022-05-12,2024-01-31,Dr. J. Nkosi,Completed
MED000376,P1126,Lisinopril,10mg,Once daily,2023-02-15,2024-07-24,Dr. L. Torres,Completed
MED000377,P1126,Sertraline,50mg,Once daily,2022-05-14,2024-04-01,Dr. L. Torres,Completed
MED000378,P1126,Furosemide,40mg,Once daily in morning,2022-12-14,,Dr. L. Torres,Active
MED000379,P1126,Amoxicillin,500mg,Three times daily,2023-12-30,,Dr. J. Nkosi,Active
MED000380,P1127,Atorvastatin,20mg,Once daily at night,2022-12-21,,Dr. A. Patel,Active
MED000381,P1127,Salbutamol,100mcg,As required,2023-01-01,,Dr. Y. Tanaka,Active
MED000382,P1127,Paracetamol,500mg,Up to four times daily,2023-10-05,2024-09-11,Dr. L. Torres,Completed
MED000383,P1127,Ibuprofen,400mg,Three times daily with food,2023-10-10,,Dr. A. Patel,Active
MED000384,P1128,Omeprazole,20mg,Once daily before breakfast,2023-05-15,,Dr. L. Torres,Active
MED000385,P1129,Salbutamol,100mcg,As required,2022-08-25,,Dr. J. Nkosi,Active
MED000386,P1129,Levothyroxine,50mcg,Once daily,2023-02-20,,Dr. A. Patel,Active
MED000387,P1130,Levothyroxine,50mcg,Once daily,2023-04-15,2024-10-02,Dr. S. Khan,Completed
MED000388,P1130,Prednisolone,5mg,Once daily,2023-02-21,2024-03-27,Dr. Y. Tanaka,Completed
MED000389,P1130,Warfarin,3mg,Once daily,2023-03-28,,Dr. L. Torres,Active
MED000390,P1131,Paracetamol,500mg,Up to four times daily,2023-06-15,,Dr. R. Singh,Active
MED000391,P1131,Levothyroxine,50mcg,Once daily,2023-12-19,2024-04-30,Dr. J. Nkosi,Completed
MED000392,P1131,Insulin Glargine,10 units,Once daily at bedtime,2023-10-20,,Dr. S. Khan,Active
MED000393,P1131,Clopidogrel,75mg,Once daily,2023-10-18,,Dr. S. Khan,Active
MED000394,P1132,Insulin Glargine,10 units,Once daily at bedtime,2022-10-19,2024-04-19,Dr. R. Singh,Completed
MED000395,P1132,Ibuprofen,400mg,Three times daily with food,2022-10-11,,Dr. R. Singh,Active
MED000396,P1132,Sertraline,50mg,Once daily,2022-12-18,,Dr. Y. Tanaka,Active
MED000397,P1133,Paracetamol,500mg,Up to four times daily,2023-09-08,,Dr. A. Patel,Active
MED000398,P1134,Paracetamol,500mg,Up to four times daily,2022-12-12,,Dr. A. Patel,Active
MED000399,P1134,Metformin,500mg,Twice daily,2022-01-21,2024-04-10,Dr. S. Khan,Completed
MED000400,P1134,Levothyroxine,50mcg,Once daily,2022-09-26,2024-08-29,Dr. M. O'Brien,Completed
MED000401,P1134,Furosemide,40mg,Once daily in morning,2022-12-26,,Dr. S. Khan,Active
MED000402,P1135,Gabapentin,300mg,Three times daily,2023-01-01,,Dr. M. O'Brien,Active
MED000403,P1135,Prednisolone,5mg,Once daily,2022-09-22,2024-07-06,Dr. R. Singh,Completed
MED000404,P1136,Sertraline,50mg,Once daily,2023-05-26,,Dr. R. Singh,Active
MED000405,P1136,Lisinopril,10mg,Once daily,2023-03-18,,Dr. C. Müller,Active
MED000406,P1137,Omeprazole,20mg,Once daily before breakfast,2023-03-25,,Dr. M. O'Brien,Active
MED000407,P1137,Salbutamol,100mcg,As required,2022-06-07,2024-03-06,Dr. A. Patel,Completed
MED000408,P1137,Bisoprolol,2.5mg,Once daily,2022-10-09,2024-08-02,Dr. L. Torres,Completed
MED000409,P1138,Warfarin,3mg,Once daily,2022-12-15,2024-02-01,Dr. S. Khan,Completed
MED000410,P1138,Metformin,500mg,Twice daily,2022-10-13,,Dr. C. Müller,Active
MED000411,P1138,Paracetamol,500mg,Up to four times daily,2022-02-18,,Dr. Y. Tanaka,Active
MED000412,P1138,Aspirin,75mg,Once daily,2022-08-26,,Dr. R. Singh,Active
MED000413,P1138,Clopidogrel,75mg,Once daily,2022-02-04,2024-05-02,Dr. M. O'Brien,Completed
MED000414,P1139,Gabapentin,300mg,Three times daily,2022-12-17,,Dr. J. Nkosi,Active
MED000415,P1140,Metformin,500mg,Twice daily,2022-01-02,,Dr. R. Singh,Active
MED000416,P1140,Furosemide,40mg,Once daily in morning,2022-02-12,,Dr. C. Müller,Active
MED000417,P1141,Sertraline,50mg,Once daily,2023-07-08,,Dr. L. Torres,Active
MED000418,P1142,Omeprazole,20mg,Once daily before breakfast,2022-09-14,,Dr. L. Torres,Active
MED000419,P1142,Bisoprolol,2.5mg,Once daily,2022-03-15,2024-01-14,Dr. A. Patel,Completed
MED000420,P1142,Warfarin,3mg,Once daily,2023-11-25,2024-10-02,Dr. C. Müller,Completed
MED000421,P1143,Warfarin,3mg,Once daily,2023-02-26,2024-04-05,Dr. S. Khan,Completed
MED000422,P1143,Metformin,500mg,Twice daily,2023-01-07,2024-08-26,Dr. R. Singh,Completed
MED000423,P1143,Levothyroxine,50mcg,Once daily,2022-05-08,,Dr. Y. Tanaka,Active
MED000424,P1143,Gabapentin,300mg,Three times daily,2023-08-28,,Dr. C. Müller,Active
MED000425,P1144,Sertraline,50mg,Once daily,2023-06-20,,Dr. J. Nkosi,Active
MED000426,P1145,Salbutamol,100mcg,As required,2023-11-27,,Dr. L. Torres,Active
MED000427,P1146,Aspirin,75mg,Once daily,2023-05-23,,Dr. L. Torres,Active
MED000428,P1146,Metformin,500mg,Twice daily,2022-08-11,2024-12-16,Dr. A. Patel,Completed
MED000429,P1147,Paracetamol,500mg,Up to four times daily,2023-07-29,,Dr. R. Singh,Active
MED000430,P1147,Aspirin,75mg,Once daily,2023-06-03,,Dr. C. Müller,Active
MED000431,P1147,Gabapentin,300mg,Three times daily,2023-05-14,,Dr. M. O'Brien,Active
MED000432,P1147,Omeprazole,20mg,Once daily before breakfast,2023-07-08,,Dr. A. Patel,Active
MED000433,P1148,Ibuprofen,400mg,Three times daily with food,2023-02-06,,Dr. Y. Tanaka,Active
MED000434,P1149,Paracetamol,500mg,Up to four times daily,2022-05-01,2024-04-15,Dr. A. Patel,Completed
MED000435,P1149,Bisoprolol,2.5mg,Once daily,2023-10-31,,Dr. M. O'Brien,Active
MED000436,P1149,Amoxicillin,500mg,Three times daily,2022-08-01,,Dr. R. Singh,Active
MED000437,P1149,Prednisolone,5mg,Once daily,2022-06-18,2024-08-26,Dr. Y. Tanaka,Completed
MED000438,P1149,Metformin,500mg,Twice daily,2022-12-10,2024-05-26,Dr. A. Patel,Completed
MED000439,P1150,Ramipril,5mg,Once daily,2023-07-18,,Dr. C. Müller,Active
MED000440,P1150,Aspirin,75mg,Once daily,2023-07-17,2024-01-18,Dr. L. Torres,Completed
MED000441,P1150,Salbutamol,100mcg,As required,2022-04-23,,Dr. M. O'Brien,Active
MED000442,P1150,Prednisolone,5mg,Once daily,2023-03-05,2024-07-06,Dr. R. Singh,Completed
MED000443,P1151,Omeprazole,20mg,Once daily before breakfast,2022-07-21,,Dr. Y. Tanaka,Active
MED000444,P1151,Paracetamol,500mg,Up to four times daily,2022-02-27,2024-06-01,Dr. C. Müller,Completed
MED000445,P1151,Ramipril,5mg,Once daily,2022-03-21,,Dr. A. Patel,Active
MED000446,P1152,Ibuprofen,400mg,Three times daily with food,2022-02-21,2024-11-08,Dr. C. Müller,Completed
MED000447,P1152,Warfarin,3mg,Once daily,2023-11-09,,Dr. R. Singh,Active
MED000448,P1152,Atorvastatin,20mg,Once daily at night,2022-09-27,2024-10-27,Dr. A. Patel,Completed
MED000449,P1153,Bisoprolol,2.5mg,Once daily,2022-02-03,2024-12-04,Dr. C. Müller,Completed
MED000450,P1153,Ibuprofen,400mg,Three times daily with food,2023-04-15,,Dr. A. Patel,Active
MED000451,P1153,Paracetamol,500mg,Up to four times daily,2022-12-05,2024-06-13,Dr. C. Müller,Completed
MED000452,P1154,Ramipril,5mg,Once daily,2022-07-11,,Dr. L. Torres,Active
MED000453,P1154,Paracetamol,500mg,Up to four times daily,2023-02-11,,Dr. R. Singh,Active
MED000454,P1155,Amlodipine,5mg,Once daily,2022-03-30,2024-10-30,Dr. A. Patel,Completed
MED000455,P1155,Levothyroxine,50mcg,Once daily,2023-02-19,,Dr. C. Müller,Active
MED000456,P1155,Prednisolone,5mg,Once daily,2022-08-29,2024-04-05,Dr. C. Müller,Completed
MED000457,P1155,Furosemide,40mg,Once daily in morning,2023-05-12,,Dr. S. Khan,Active
MED000458,P1156,Ibuprofen,400mg,Three times daily with food,2023-06-05,,Dr. M. O'Brien,Active
MED000459,P1157,Clopidogrel,75mg,Once daily,2022-07-02,,Dr. S. Khan,Active
MED000460,P1157,Aspirin,75mg,Once daily,2023-02-20,,Dr. M. O'Brien,Active
MED000461,P1157,Paracetamol,500mg,Up to four times daily,2022-05-30,2024-11-06,Dr. M. O'Brien,Completed
MED000462,P1158,Ramipril,5mg,Once daily,2022-03-14,,Dr. R. Singh,Active
MED000463,P1158,Prednisolone,5mg,Once daily,2023-05-05,,Dr. C. Müller,Active
MED000464,P1158,Salbutamol,100mcg,As required,2022-03-30,,Dr. R. Singh,Active
MED000465,P1159,Aspirin,75mg,Once daily,2023-06-18,,Dr. J. Nkosi,Active
MED000466,P1159,Clopidogrel,75mg,Once daily,2023-03-23,,Dr. Y. Tanaka,Active
MED000467,P1159,Salbutamol,100mcg,As required,2023-08-23,,Dr. J. Nkosi,Active
MED000468,P1159,Furosemide,40mg,Once daily in morning,2023-11-10,2024-09-20,Dr. J. Nkosi,Completed
MED000469,P1160,Ibuprofen,400mg,Three times daily with food,2022-08-12,,Dr. S. Khan,Active
MED000470,P1160,Amoxicillin,500mg,Three times daily,2022-12-27,,Dr. M. O'Brien,Active
MED000471,P1161,Insulin Glargine,10 units,Once daily at bedtime,2023-10-22,,Dr. A. Patel,Active
MED000472,P1161,Amoxicillin,500mg,Three times daily,2023-05-08,,Dr. C. Müller,Active
MED000473,P1161,Warfarin,3mg,Once daily,2022-12-10,2024-01-13,Dr. A. Patel,Completed
MED000474,P1161,Prednisolone,5mg,Once daily,2022-07-10,,Dr. Y. Tanaka,Active
MED000475,P1162,Amlodipine,5mg,Once daily,2023-11-06,,Dr. L. Torres,Active
MED000476,P1162,Bisoprolol,2.5mg,Once daily,2023-04-27,,Dr. M. O'Brien,Active
MED000477,P1162,Insulin Glargine,10 units,Once daily at bedtime,2023-07-28,2024-04-23,Dr. Y. Tanaka,Completed
MED000478,P1163,Salbutamol,100mcg,As required,2022-05-26,,Dr. J. Nkosi,Active
MED000479,P1164,Levothyroxine,50mcg,Once daily,2023-08-06,2024-03-30,Dr. M. O'Brien,Completed
MED000480,P1164,Paracetamol,500mg,Up to four times daily,2023-12-03,,Dr. L. Torres,Active
MED000481,P1164,Aspirin,75mg,Once daily,2023-08-08,,Dr. M. O'Brien,Active
MED000482,P1164,Ibuprofen,400mg,Three times daily with food,2023-05-26,,Dr. M. O'Brien,Active
MED000483,P1165,Ramipril,5mg,Once daily,2022-05-25,,Dr. A. Patel,Active
MED000484,P1165,Clopidogrel,75mg,Once daily,2023-11-27,,Dr. S. Khan,Active
MED000485,P1165,Warfarin,3mg,Once daily,2023-09-24,,Dr. S. Khan,Active
MED000486,P1165,Amoxicillin,500mg,Three times daily,2023-10-08,,Dr. C. Müller,Active
MED000487,P1165,Bisoprolol,2.5mg,Once daily,2022-03-19,,Dr. A. Patel,Active
MED000488,P1166,Amoxicillin,500mg,Three times daily,2022-01-20,,Dr. J. Nkosi,Active
MED000489,P1166,Amlodipine,5mg,Once daily,2023-02-08,,Dr. Y. Tanaka,Active
MED000490,P1166,Prednisolone,5mg,Once daily,2022-05-31,,Dr. L. Torres,Active
MED000491,P1166,Metformin,500mg,Twice daily,2022-12-04,,Dr. M. O'Brien,Active
MED000492,P1166,Salbutamol,100mcg,As required,2023-05-11,,Dr. L. Torres,Active
MED000493,P1167,Warfarin,3mg,Once daily,2022-08-27,,Dr. Y. Tanaka,Active
MED000494,P1167,Ibuprofen,400mg,Three times daily with food,2022-07-03,2024-03-16,Dr. S. Khan,Completed
MED000495,P1168,Furosemide,40mg,Once daily in morning,2022-11-24,2024-02-19,Dr. C. Müller,Completed
MED000496,P1168,Ramipril,5mg,Once daily,2023-09-26,,Dr. J. Nkosi,Active
MED000497,P1168,Omeprazole,20mg,Once daily before breakfast,2022-07-10,,Dr. Y. Tanaka,Active
MED000498,P1169,Furosemide,40mg,Once daily in morning,2023-12-23,,Dr. R. Singh,Active
MED000499,P1169,Lisinopril,10mg,Once daily,2023-12-21,,Dr. S. Khan,Active
MED000500,P1169,Atorvastatin,20mg,Once daily at night,2023-03-09,2024-07-23,Dr. M. O'Brien,Completed
MED000501,P1170,Gabapentin,300mg,Three times daily,2022-08-19,2024-08-05,Dr. C. Müller,Completed
MED000502,P1170,Sertraline,50mg,Once daily,2022-01-05,,Dr. R. Singh,Active
MED000503,P1170,Lisinopril,10mg,Once daily,2023-04-21,,Dr. M. O'Brien,Active
MED000504,P1171,Warfarin,3mg,Once daily,2023-11-28,2024-02-13,Dr. J. Nkosi,Completed
MED000505,P1171,Clopidogrel,75mg,Once daily,2022-05-18,,Dr. Y. Tanaka,Active
MED000506,P1171,Levothyroxine,50mcg,Once daily,2022-06-08,2024-10-20,Dr. S. Khan,Completed
MED000507,P1171,Ibuprofen,400mg,Three times daily with food,2023-08-20,,Dr. L. Torres,Active
MED000508,P1171,Atorvastatin,20mg,Once daily at night,2023-02-14,,Dr. R. Singh,Active
MED000509,P1172,Insulin Glargine,10 units,Once daily at bedtime,2022-08-11,,Dr. R. Singh,Active
MED000510,P1173,Warfarin,3mg,Once daily,2023-04-15,,Dr. C. Müller,Active
MED000511,P1174,Furosemide,40mg,Once daily in morning,2023-09-04,,Dr. C. Müller,Active
MED000512,P1174,Gabapentin,300mg,Three times daily,2023-08-23,,Dr. A. Patel,Active
MED000513,P1174,Atorvastatin,20mg,Once daily at night,2022-07-08,2024-07-12,Dr. L. Torres,Completed
MED000514,P1175,Gabapentin,300mg,Three times daily,2023-12-04,2024-05-28,Dr. J. Nkosi,Completed
MED000515,P1175,Clopidogrel,75mg,Once daily,2023-04-07,,Dr. L. Torres,Active
MED000516,P1175,Furosemide,40mg,Once daily in morning,2022-07-21,,Dr. L. Torres,Active
MED000517,P1176,Levothyroxine,50mcg,Once daily,2023-03-05,2024-04-11,Dr. S. Khan,Completed
MED000518,P1176,Lisinopril,10mg,Once daily,2023-05-25,,Dr. L. Torres,Active
MED000519,P1177,Omeprazole,20mg,Once daily before breakfast,2022-04-12,,Dr. L. Torres,Active
MED000520,P1177,Aspirin,75mg,Once daily,2022-05-15,,Dr. S. Khan,Active
MED000521,P1177,Clopidogrel,75mg,Once daily,2023-08-28,,Dr. J. Nkosi,Active
MED000522,P1178,Atorvastatin,20mg,Once daily at night,2023-03-31,2024-08-20,Dr. R. Singh,Completed
MED000523,P1178,Gabapentin,300mg,Three times daily,2022-04-14,2024-03-31,Dr. R. Singh,Completed
MED000524,P1178,Amlodipine,5mg,Once daily,2023-07-08,2024-10-13,Dr. R. Singh,Completed
MED000525,P1178,Ramipril,5mg,Once daily,2022-01-16,,Dr. J. Nkosi,Active
MED000526,P1178,Salbutamol,100mcg,As required,2022-08-29,2024-02-21,Dr. A. Patel,Completed
MED000527,P1179,Sertraline,50mg,Once daily,2022-03-31,,Dr. R. Singh,Active
MED000528,P1179,Bisoprolol,2.5mg,Once daily,2023-10-28,,Dr. J. Nkosi,Active
MED000529,P1179,Clopidogrel,75mg,Once daily,2023-11-20,,Dr. J. Nkosi,Active
MED000530,P1180,Paracetamol,500mg,Up to four times daily,2022-03-21,,Dr. S. Khan,Active
MED000531,P1181,Ramipril,5mg,Once daily,2023-04-02,,Dr. R. Singh,Active
MED000532,P1181,Bisoprolol,2.5mg,Once daily,2022-09-24,,Dr. J. Nkosi,Active
MED000533,P1181,Furosemide,40mg,Once daily in morning,2022-09-06,,Dr. M. O'Brien,Active
MED000534,P1181,Salbutamol,100mcg,As required,2022-11-28,,Dr. Y. Tanaka,Active
MED000535,P1182,Prednisolone,5mg,Once daily,2022-02-03,,Dr. M. O'Brien,Active
MED000536,P1182,Gabapentin,300mg,Three times daily,2023-08-07,,Dr. L. Torres,Active
MED000537,P1182,Omeprazole,20mg,Once daily before breakfast,2022-12-16,,Dr. A. Patel,Active
MED000538,P1182,Clopidogrel,75mg,Once daily,2022-06-27,,Dr. L. Torres,Active
MED000539,P1183,Paracetamol,500mg,Up to four times daily,2023-03-04,,Dr. S. Khan,Active
MED000540,P1183,Lisinopril,10mg,Once daily,2023-08-01,,Dr. S. Khan,Active
MED000541,P1183,Prednisolone,5mg,Once daily,2023-03-14,,Dr. R. Singh,Active
MED000542,P1184,Clopidogrel,75mg,Once daily,2022-11-06,,Dr. C. Müller,Active
MED000543,P1184,Bisoprolol,2.5mg,Once daily,2022-12-13,2024-04-21,Dr. C. Müller,Completed
MED000544,P1184,Lisinopril,10mg,Once daily,2022-04-24,,Dr. C. Müller,Active
MED000545,P1185,Levothyroxine,50mcg,Once daily,2022-04-13,,Dr. A. Patel,Active
MED000546,P1185,Warfarin,3mg,Once daily,2022-11-23,2024-04-25,Dr. Y. Tanaka,Completed
MED000547,P1185,Atorvastatin,20mg,Once daily at night,2023-11-30,2024-12-08,Dr. J. Nkosi,Completed
MED000548,P1185,Insulin Glargine,10 units,Once daily at bedtime,2023-01-27,,Dr. M. O'Brien,Active
MED000549,P1186,Salbutamol,100mcg,As required,2023-09-13,,Dr. R. Singh,Active
MED000550,P1186,Ibuprofen,400mg,Three times daily with food,2022-09-03,,Dr. M. O'Brien,Active
MED000551,P1186,Amlodipine,5mg,Once daily,2022-04-21,,Dr. L. Torres,Active
MED000552,P1186,Insulin Glargine,10 units,Once daily at bedtime,2022-01-01,,Dr. C. Müller,Active
MED000553,P1187,Paracetamol,500mg,Up to four times daily,2022-02-23,2024-10-10,Dr. C. Müller,Completed
MED000554,P1187,Omeprazole,20mg,Once daily before breakfast,2022-06-23,,Dr. S. Khan,Active
MED000555,P1187,Insulin Glargine,10 units,Once daily at bedtime,2023-09-23,,Dr. S. Khan,Active
MED000556,P1187,Clopidogrel,75mg,Once daily,2023-10-23,,Dr. Y. Tanaka,Active
MED000557,P1187,Gabapentin,300mg,Three times daily,2023-07-20,,Dr. Y. Tanaka,Active
MED000558,P1188,Prednisolone,5mg,Once daily,2023-05-19,,Dr. A. Patel,Active
MED000559,P1188,Warfarin,3mg,Once daily,2022-04-30,,Dr. M. O'Brien,Active
MED000560,P1188,Salbutamol,100mcg,As required,2023-10-16,,Dr. J. Nkosi,Active
MED000561,P1189,Paracetamol,500mg,Up to four times daily,2022-12-09,,Dr. A. Patel,Active
MED000562,P1190,Warfarin,3mg,Once daily,2022-04-25,2024-04-29,Dr. L. Torres,Completed
MED000563,P1190,Lisinopril,10mg,Once daily,2022-02-20,2024-08-26,Dr. M. O'Brien,Completed
MED000564,P1190,Insulin Glargine,10 units,Once daily at bedtime,2023-01-23,,Dr. L. Torres,Active
MED000565,P1191,Paracetamol,500mg,Up to four times daily,2023-08-19,2024-05-12,Dr. M. O'Brien,Completed
MED000566,P1191,Insulin Glargine,10 units,Once daily at bedtime,2022-12-31,,Dr. A. Patel,Active
MED000567,P1191,Metformin,500mg,Twice daily,2023-09-24,,Dr. J. Nkosi,Active
MED000568,P1192,Metformin,500mg,Twice daily,2023-10-24,,Dr. M. O'Brien,Active
MED000569,P1192,Bisoprolol,2.5mg,Once daily,2022-07-14,2024-04-17,Dr. M. O'Brien,Completed
MED000570,P1192,Amoxicillin,500mg,Three times daily,2023-09-25,,Dr. C. Müller,Active
MED000571,P1192,Sertraline,50mg,Once daily,2023-05-13,,Dr. L. Torres,Active
MED000572,P1193,Furosemide,40mg,Once daily in morning,2023-12-18,,Dr. R. Singh,Active
MED000573,P1193,Prednisolone,5mg,Once daily,2023-09-25,,Dr. Y. Tanaka,Active
MED000574,P1194,Insulin Glargine,10 units,Once daily at bedtime,2023-06-09,,Dr. M. O'Brien,Active
MED000575,P1194,Ramipril,5mg,Once daily,2022-05-26,,Dr. L. Torres,Active
MED000576,P1194,Amoxicillin,500mg,Three times daily,2022-08-21,,Dr. C. Müller,Active
MED000577,P1194,Furosemide,40mg,Once daily in morning,2022-07-20,,Dr. M. O'Brien,Active
MED000578,P1195,Ibuprofen,400mg,Three times daily with food,2023-03-24,,Dr. J. Nkosi,Active
MED000579,P1195,Lisinopril,10mg,Once daily,2023-10-15,,Dr. R. Singh,Active
MED000580,P1195,Atorvastatin,20mg,Once daily at night,2022-12-22,,Dr. L. Torres,Active
MED000581,P1195,Paracetamol,500mg,Up to four times daily,2023-01-14,,Dr. C. Müller,Active
MED000582,P1195,Gabapentin,300mg,Three times daily,2023-11-13,,Dr. R. Singh,Active
MED000583,P1196,Omeprazole,20mg,Once daily before breakfast,2022-03-04,,Dr. Y. Tanaka,Active
MED000584,P1196,Salbutamol,100mcg,As required,2023-12-22,2024-06-19,Dr. R. Singh,Completed
MED000585,P1196,Prednisolone,5mg,Once daily,2023-12-13,,Dr. S. Khan,Active
MED000586,P1196,Insulin Glargine,10 units,Once daily at bedtime,2023-04-03,,Dr. L. Torres,Active
MED000587,P1196,Ramipril,5mg,Once daily,2022-08-13,2024-10-16,Dr. S. Khan,Completed
MED000588,P1197,Aspirin,75mg,Once daily,2022-09-16,,Dr. A. Patel,Active
MED000589,P1197,Atorvastatin,20mg,Once daily at night,2023-08-17,,Dr. C. Müller,Active
MED000590,P1197,Furosemide,40mg,Once daily in morning,2022-05-31,,Dr. M. O'Brien,Active
MED000591,P1198,Furosemide,40mg,Once daily in morning,2022-01-24,,Dr. R. Singh,Active
MED000592,P1198,Ibuprofen,400mg,Three times daily with food,2022-06-12,,Dr. Y. Tanaka,Active
MED000593,P1198,Salbutamol,100mcg,As required,2023-10-14,,Dr. A. Patel,Active
MED000594,P1198,Metformin,500mg,Twice daily,2022-07-25,,Dr. Y. Tanaka,Active
MED000595,P1198,Levothyroxine,50mcg,Once daily,2023-03-18,,Dr. J. Nkosi,Active
MED000596,P1199,Paracetamol,500mg,Up to four times daily,2023-11-06,,Dr. Y. Tanaka,Active
MED000597,P1200,Atorvastatin,20mg,Once daily at night,2023-02-09,,Dr. R. Singh,Active
MED000598,P1200,Amlodipine,5mg,Once daily,2022-04-11,,Dr. L. Torres,Active
MED000599,P1200,Gabapentin,300mg,Three times daily,2022-01-24,,Dr. J. Nkosi,Active
MED000600,P1201,Insulin Glargine,10 units,Once daily at bedtime,2022-02-12,2024-12-30,Dr. S. Khan,Completed
MED000601,P1201,Lisinopril,10mg,Once daily,2023-05-27,2024-03-19,Dr. M. O'Brien,Completed
MED000602,P1201,Furosemide,40mg,Once daily in morning,2022-05-23,2024-03-14,Dr. R. Singh,Completed
MED000603,P1202,Bisoprolol,2.5mg,Once daily,2023-09-26,2024-04-01,Dr. R. Singh,Completed
MED000604,P1203,Atorvastatin,20mg,Once daily at night,2022-04-06,,Dr. L. Torres,Active
MED000605,P1204,Aspirin,75mg,Once daily,2023-01-15,,Dr. J. Nkosi,Active
MED000606,P1204,Gabapentin,300mg,Three times daily,2023-05-09,,Dr. A. Patel,Active
MED000607,P1204,Metformin,500mg,Twice daily,2022-09-16,,Dr. Y. Tanaka,Active
MED000608,P1204,Furosemide,40mg,Once daily in morning,2022-12-20,,Dr. L. Torres,Active
MED000609,P1205,Warfarin,3mg,Once daily,2022-10-18,2024-07-14,Dr. J. Nkosi,Completed
MED000610,P1205,Prednisolone,5mg,Once daily,2022-07-20,2024-05-05,Dr. L. Torres,Completed
MED000611,P1205,Levothyroxine,50mcg,Once daily,2023-03-01,,Dr. A. Patel,Active
MED000612,P1206,Levothyroxine,50mcg,Once daily,2022-07-24,,Dr. M. O'Brien,Active
MED000613,P1206,Prednisolone,5mg,Once daily,2022-10-29,2024-01-22,Dr. S. Khan,Completed
MED000614,P1207,Metformin,500mg,Twice daily,2023-08-19,2024-07-06,Dr. J. Nkosi,Completed
MED000615,P1207,Warfarin,3mg,Once daily,2022-10-25,,Dr. S. Khan,Active
MED000616,P1207,Salbutamol,100mcg,As required,2023-05-12,,Dr. J. Nkosi,Active
MED000617,P1207,Prednisolone,5mg,Once daily,2022-07-28,2024-12-17,Dr. J. Nkosi,Completed
MED000618,P1208,Paracetamol,500mg,Up to four times daily,2022-04-24,,Dr. M. O'Brien,Active
MED000619,P1209,Prednisolone,5mg,Once daily,2022-06-13,2024-07-15,Dr. A. Patel,Completed
MED000620,P1210,Bisoprolol,2.5mg,Once daily,2022-03-10,,Dr. C. Müller,Active
MED000621,P1210,Gabapentin,300mg,Three times daily,2023-04-18,,Dr. S. Khan,Active
MED000622,P1210,Aspirin,75mg,Once daily,2023-11-23,2024-01-14,Dr. A. Patel,Completed
MED000623,P1210,Ramipril,5mg,Once daily,2022-06-07,,Dr. J. Nkosi,Active
MED000624,P1211,Prednisolone,5mg,Once daily,2023-11-23,2024-12-09,Dr. R. Singh,Completed
MED000625,P1211,Ramipril,5mg,Once daily,2023-04-06,,Dr. R. Singh,Active
MED000626,P1211,Warfarin,3mg,Once daily,2022-09-03,,Dr. C. Müller,Active
MED000627,P1211,Ibuprofen,400mg,Three times daily with food,2022-11-14,2024-02-02,Dr. S. Khan,Completed
MED000628,P1211,Amlodipine,5mg,Once daily,2023-09-13,,Dr. J. Nkosi,Active
MED000629,P1212,Levothyroxine,50mcg,Once daily,2023-06-20,,Dr. C. Müller,Active
MED000630,P1212,Paracetamol,500mg,Up to four times daily,2022-06-16,,Dr. A. Patel,Active
MED000631,P1212,Aspirin,75mg,Once daily,2023-11-11,2024-09-14,Dr. L. Torres,Completed
MED000632,P1213,Omeprazole,20mg,Once daily before breakfast,2023-10-11,,Dr. S. Khan,Active
MED000633,P1213,Metformin,500mg,Twice daily,2022-09-25,,Dr. A. Patel,Active
MED000634,P1213,Ramipril,5mg,Once daily,2023-09-08,,Dr. J. Nkosi,Active
MED000635,P1213,Atorvastatin,20mg,Once daily at night,2023-09-30,,Dr. Y. Tanaka,Active
MED000636,P1213,Ibuprofen,400mg,Three times daily with food,2022-05-22,,Dr. C. Müller,Active
MED000637,P1214,Ramipril,5mg,Once daily,2023-01-28,,Dr. Y. Tanaka,Active
MED000638,P1214,Sertraline,50mg,Once daily,2022-08-20,2024-09-23,Dr. M. O'Brien,Completed
MED000639,P1214,Clopidogrel,75mg,Once daily,2023-04-01,,Dr. R. Singh,Active
MED000640,P1214,Atorvastatin,20mg,Once daily at night,2022-08-10,,Dr. L. Torres,Active
MED000641,P1214,Amlodipine,5mg,Once daily,2023-07-08,,Dr. M. O'Brien,Active
MED000642,P1215,Gabapentin,300mg,Three times daily,2023-06-18,,Dr. M. O'Brien,Active
MED000643,P1215,Warfarin,3mg,Once daily,2022-08-30,,Dr. R. Singh,Active
MED000644,P1215,Clopidogrel,75mg,Once daily,2023-07-15,,Dr. R. Singh,Active
MED000645,P1216,Amlodipine,5mg,Once daily,2022-01-02,,Dr. S. Khan,Active
MED000646,P1216,Atorvastatin,20mg,Once daily at night,2023-10-12,,Dr. R. Singh,Active
MED000647,P1217,Levothyroxine,50mcg,Once daily,2022-11-14,,Dr. M. O'Brien,Active
MED000648,P1217,Clopidogrel,75mg,Once daily,2022-01-05,,Dr. A. Patel,Active
MED000649,P1217,Prednisolone,5mg,Once daily,2023-01-11,2024-12-19,Dr. Y. Tanaka,Completed
MED000650,P1218,Bisoprolol,2.5mg,Once daily,2023-11-26,2024-02-22,Dr. Y. Tanaka,Completed
MED000651,P1219,Sertraline,50mg,Once daily,2022-09-15,,Dr. J. Nkosi,Active
MED000652,P1219,Metformin,500mg,Twice daily,2023-08-11,2024-04-16,Dr. M. O'Brien,Completed
MED000653,P1219,Omeprazole,20mg,Once daily before breakfast,2022-01-07,,Dr. S. Khan,Active
MED000654,P1219,Furosemide,40mg,Once daily in morning,2022-02-23,2024-09-06,Dr. M. O'Brien,Completed
MED000655,P1220,Atorvastatin,20mg,Once daily at night,2023-09-02,,Dr. Y. Tanaka,Active
MED000656,P1220,Metformin,500mg,Twice daily,2022-12-01,,Dr. S. Khan,Active
MED000657,P1220,Omeprazole,20mg,Once daily before breakfast,2022-06-09,,Dr. Y. Tanaka,Active
MED000658,P1220,Paracetamol,500mg,Up to four times daily,2022-02-27,,Dr. Y. Tanaka,Active
MED000659,P1220,Aspirin,75mg,Once daily,2023-09-14,,Dr. J. Nkosi,Active
MED000660,P1221,Amlodipine,5mg,Once daily,2022-06-12,,Dr. Y. Tanaka,Active
MED000661,P1221,Aspirin,75mg,Once daily,2023-02-01,,Dr. M. O'Brien,Active
MED000662,P1222,Aspirin,75mg,Once daily,2023-05-16,2024-03-23,Dr. S. Khan,Completed
MED000663,P1223,Bisoprolol,2.5mg,Once daily,2023-01-09,,Dr. R. Singh,Active
MED000664,P1223,Levothyroxine,50mcg,Once daily,2023-07-30,2024-11-14,Dr. R. Singh,Completed
MED000665,P1224,Furosemide,40mg,Once daily in morning,2023-08-17,,Dr. R. Singh,Active
MED000666,P1224,Warfarin,3mg,Once daily,2023-09-05,2024-10-17,Dr. L. Torres,Completed
MED000667,P1224,Aspirin,75mg,Once daily,2022-11-01,2024-06-01,Dr. Y. Tanaka,Completed
MED000668,P1224,Atorvastatin,20mg,Once daily at night,2023-01-09,,Dr. Y. Tanaka,Active
MED000669,P1225,Bisoprolol,2.5mg,Once daily,2022-12-24,,Dr. L. Torres,Active
MED000670,P1225,Paracetamol,500mg,Up to four times daily,2023-06-05,,Dr. C. Müller,Active
MED000671,P1225,Prednisolone,5mg,Once daily,2022-11-16,,Dr. C. Müller,Active
MED000672,P1225,Aspirin,75mg,Once daily,2023-03-04,,Dr. R. Singh,Active
MED000673,P1226,Ibuprofen,400mg,Three times daily with food,2023-07-29,,Dr. R. Singh,Active
MED000674,P1226,Amlodipine,5mg,Once daily,2022-02-23,,Dr. C. Müller,Active
MED000675,P1226,Sertraline,50mg,Once daily,2022-10-14,,Dr. S. Khan,Active
MED000676,P1226,Lisinopril,10mg,Once daily,2022-04-12,,Dr. A. Patel,Active
MED000677,P1227,Clopidogrel,75mg,Once daily,2023-02-27,,Dr. A. Patel,Active
MED000678,P1227,Omeprazole,20mg,Once daily before breakfast,2022-11-14,,Dr. C. Müller,Active
MED000679,P1227,Sertraline,50mg,Once daily,2022-09-26,,Dr. Y. Tanaka,Active
MED000680,P1228,Furosemide,40mg,Once daily in morning,2023-12-07,,Dr. A. Patel,Active
MED000681,P1228,Metformin,500mg,Twice daily,2023-12-11,,Dr. C. Müller,Active
MED000682,P1228,Prednisolone,5mg,Once daily,2022-08-14,,Dr. M. O'Brien,Active
MED000683,P1228,Gabapentin,300mg,Three times daily,2023-06-01,,Dr. L. Torres,Active
MED000684,P1228,Levothyroxine,50mcg,Once daily,2022-04-15,,Dr. Y. Tanaka,Active
MED000685,P1229,Amlodipine,5mg,Once daily,2023-10-17,,Dr. M. O'Brien,Active
MED000686,P1229,Aspirin,75mg,Once daily,2022-12-09,2024-04-04,Dr. J. Nkosi,Completed
MED000687,P1229,Clopidogrel,75mg,Once daily,2023-07-29,2024-10-24,Dr. L. Torres,Completed
MED000688,P1230,Warfarin,3mg,Once daily,2023-01-23,2024-02-19,Dr. L. Torres,Completed
MED000689,P1230,Omeprazole,20mg,Once daily before breakfast,2023-06-08,,Dr. Y. Tanaka,Active
MED000690,P1230,Ibuprofen,400mg,Three times daily with food,2023-10-08,2024-12-09,Dr. S. Khan,Completed
MED000691,P1231,Clopidogrel,75mg,Once daily,2022-10-10,,Dr. J. Nkosi,Active
MED000692,P1231,Sertraline,50mg,Once daily,2023-07-14,,Dr. J. Nkosi,Active
MED000693,P1232,Amoxicillin,500mg,Three times daily,2023-03-20,,Dr. J. Nkosi,Active
MED000694,P1232,Levothyroxine,50mcg,Once daily,2022-12-23,,Dr. R. Singh,Active
MED000695,P1232,Atorvastatin,20mg,Once daily at night,2022-05-27,2024-08-30,Dr. R. Singh,Completed
MED000696,P1233,Omeprazole,20mg,Once daily before breakfast,2022-01-08,,Dr. A. Patel,Active
MED000697,P1234,Prednisolone,5mg,Once daily,2022-04-02,,Dr. L. Torres,Active
MED000698,P1235,Paracetamol,500mg,Up to four times daily,2022-10-22,,Dr. C. Müller,Active
MED000699,P1235,Ramipril,5mg,Once daily,2022-09-02,2024-01-14,Dr. S. Khan,Completed
MED000700,P1235,Atorvastatin,20mg,Once daily at night,2022-02-25,,Dr. A. Patel,Active
MED000701,P1235,Lisinopril,10mg,Once daily,2022-10-16,,Dr. R. Singh,Active
MED000702,P1235,Prednisolone,5mg,Once daily,2023-09-12,,Dr. S. Khan,Active
MED000703,P1236,Paracetamol,500mg,Up to four times daily,2023-09-24,,Dr. J. Nkosi,Active
MED000704,P1236,Salbutamol,100mcg,As required,2022-09-26,,Dr. L. Torres,Active
MED000705,P1236,Metformin,500mg,Twice daily,2023-01-02,,Dr. L. Torres,Active
MED000706,P1236,Amlodipine,5mg,Once daily,2022-06-22,2024-06-02,Dr. M. O'Brien,Completed
MED000707,P1236,Furosemide,40mg,Once daily in morning,2022-01-18,,Dr. L. Torres,Active
MED000708,P1237,Amoxicillin,500mg,Three times daily,2022-07-11,,Dr. C. Müller,Active
MED000709,P1238,Salbutamol,100mcg,As required,2023-04-22,,Dr. M. O'Brien,Active
MED000710,P1238,Gabapentin,300mg,Three times daily,2022-11-29,,Dr. R. Singh,Active
MED000711,P1238,Metformin,500mg,Twice daily,2022-11-15,2024-03-02,Dr. A. Patel,Completed
MED000712,P1239,Bisoprolol,2.5mg,Once daily,2022-01-03,,Dr. Y. Tanaka,Active
MED000713,P1239,Paracetamol,500mg,Up to four times daily,2023-08-17,,Dr. A. Patel,Active
MED000714,P1239,Furosemide,40mg,Once daily in morning,2023-11-30,,Dr. C. Müller,Active
MED000715,P1239,Gabapentin,300mg,Three times daily,2023-08-25,2024-04-18,Dr. R. Singh,Completed
MED000716,P1239,Amoxicillin,500mg,Three times daily,2022-04-13,2024-10-04,Dr. L. Torres,Completed
MED000717,P1240,Bisoprolol,2.5mg,Once daily,2023-07-06,,Dr. Y. Tanaka,Active
MED000718,P1240,Warfarin,3mg,Once daily,2023-04-20,,Dr. C. Müller,Active
MED000719,P1240,Sertraline,50mg,Once daily,2023-08-21,,Dr. M. O'Brien,Active
MED000720,P1240,Furosemide,40mg,Once daily in morning,2022-05-20,,Dr. S. Khan,Active
MED000721,P1240,Amoxicillin,500mg,Three times daily,2023-01-19,,Dr. L. Torres,Active
MED000722,P1241,Amlodipine,5mg,Once daily,2023-05-25,,Dr. A. Patel,Active
MED000723,P1241,Insulin Glargine,10 units,Once daily at bedtime,2022-01-12,2024-04-25,Dr. R. Singh,Completed
MED000724,P1241,Clopidogrel,75mg,Once daily,2022-03-20,,Dr. A. Patel,Active
MED000725,P1241,Amoxicillin,500mg,Three times daily,2023-10-01,,Dr. L. Torres,Active
MED000726,P1241,Aspirin,75mg,Once daily,2023-01-10,,Dr. C. Müller,Active
MED000727,P1242,Lisinopril,10mg,Once daily,2023-09-08,2024-04-09,Dr. R. Singh,Completed
MED000728,P1242,Sertraline,50mg,Once daily,2023-10-13,,Dr. J. Nkosi,Active
MED000729,P1242,Ibuprofen,400mg,Three times daily with food,2022-07-29,,Dr. L. Torres,Active
MED000730,P1242,Bisoprolol,2.5mg,Once daily,2023-08-30,,Dr. J. Nkosi,Active
MED000731,P1242,Salbutamol,100mcg,As required,2023-07-08,,Dr. Y. Tanaka,Active
MED000732,P1243,Lisinopril,10mg,Once daily,2023-07-29,,Dr. S. Khan,Active
MED000733,P1244,Ramipril,5mg,Once daily,2022-08-28,,Dr. R. Singh,Active
MED000734,P1245,Bisoprolol,2.5mg,Once daily,2022-04-07,2024-03-26,Dr. L. Torres,Completed
MED000735,P1245,Clopidogrel,75mg,Once daily,2022-03-25,,Dr. Y. Tanaka,Active
MED000736,P1246,Paracetamol,500mg,Up to four times daily,2022-04-11,2024-09-14,Dr. Y. Tanaka,Completed
MED000737,P1247,Insulin Glargine,10 units,Once daily at bedtime,2023-09-24,,Dr. S. Khan,Active
MED000738,P1247,Ramipril,5mg,Once daily,2022-07-16,,Dr. M. O'Brien,Active
MED000739,P1247,Gabapentin,300mg,Three times daily,2022-06-26,,Dr. M. O'Brien,Active
MED000740,P1247,Amoxicillin,500mg,Three times daily,2022-07-05,,Dr. L. Torres,Active
MED000741,P1247,Ibuprofen,400mg,Three times daily with food,2022-10-16,,Dr. J. Nkosi,Active
MED000742,P1248,Lisinopril,10mg,Once daily,2023-07-30,2024-05-10,Dr. R. Singh,Completed
MED000743,P1248,Ibuprofen,400mg,Three times daily with food,2023-05-03,2024-01-18,Dr. L. Torres,Completed
MED000744,P1248,Amoxicillin,500mg,Three times daily,2022-05-25,,Dr. R. Singh,Active
MED000745,P1249,Gabapentin,300mg,Three times daily,2022-06-18,2024-02-19,Dr. Y. Tanaka,Completed
MED000746,P1249,Amlodipine,5mg,Once daily,2022-02-14,,Dr. J. Nkosi,Active
MED000747,P1249,Clopidogrel,75mg,Once daily,2023-10-04,,Dr. J. Nkosi,Active
MED000748,P1249,Aspirin,75mg,Once daily,2023-05-22,,Dr. L. Torres,Active
MED000749,P1249,Levothyroxine,50mcg,Once daily,2022-08-03,2024-04-24,Dr. A. Patel,Completed
MED000750,P1250,Ibuprofen,400mg,Three times daily with food,2022-12-07,,Dr. S. Khan,Active
MED000751,P1250,Gabapentin,300mg,Three times daily,2023-05-25,2024-05-05,Dr. R. Singh,Completed
MED000752,P1250,Aspirin,75mg,Once daily,2023-06-18,2024-07-28,Dr. M. O'Brien,Completed
MED000753,P1251,Metformin,500mg,Twice daily,2023-10-06,,Dr. M. O'Brien,Active
MED000754,P1251,Atorvastatin,20mg,Once daily at night,2023-09-20,,Dr. Y. Tanaka,Active
MED000755,P1252,Insulin Glargine,10 units,Once daily at bedtime,2022-06-29,2024-07-16,Dr. Y. Tanaka,Completed
MED000756,P1252,Prednisolone,5mg,Once daily,2022-01-09,,Dr. C. Müller,Active
MED000757,P1252,Furosemide,40mg,Once daily in morning,2022-06-18,2024-03-11,Dr. S. Khan,Completed
MED000758,P1252,Levothyroxine,50mcg,Once daily,2022-05-16,2024-08-22,Dr. C. Müller,Completed
MED000759,P1252,Warfarin,3mg,Once daily,2023-03-20,2024-11-21,Dr. R. Singh,Completed
MED000760,P1253,Warfarin,3mg,Once daily,2023-08-12,2024-12-22,Dr. J. Nkosi,Completed
MED000761,P1253,Omeprazole,20mg,Once daily before breakfast,2022-12-07,2024-02-21,Dr. S. Khan,Completed
MED000762,P1254,Salbutamol,100mcg,As required,2023-09-13,,Dr. R. Singh,Active
MED000763,P1254,Clopidogrel,75mg,Once daily,2022-01-28,,Dr. S. Khan,Active
MED000764,P1255,Levothyroxine,50mcg,Once daily,2023-11-16,,Dr. L. Torres,Active
MED000765,P1255,Amoxicillin,500mg,Three times daily,2023-09-01,,Dr. R. Singh,Active
MED000766,P1255,Salbutamol,100mcg,As required,2022-10-29,,Dr. M. O'Brien,Active
MED000767,P1255,Furosemide,40mg,Once daily in morning,2023-11-06,,Dr. A. Patel,Active
MED000768,P1255,Prednisolone,5mg,Once daily,2022-10-23,,Dr. L. Torres,Active
MED000769,P1256,Lisinopril,10mg,Once daily,2023-01-05,,Dr. L. Torres,Active
MED000770,P1256,Paracetamol,500mg,Up to four times daily,2023-08-24,2024-05-14,Dr. C. Müller,Completed
MED000771,P1257,Lisinopril,10mg,Once daily,2022-09-22,,Dr. R. Singh,Active
MED000772,P1257,Levothyroxine,50mcg,Once daily,2023-05-12,,Dr. S. Khan,Active
MED000773,P1257,Gabapentin,300mg,Three times daily,2022-10-27,,Dr. M. O'Brien,Active
MED000774,P1258,Omeprazole,20mg,Once daily before breakfast,2023-07-01,,Dr. C. Müller,Active
MED000775,P1258,Amoxicillin,500mg,Three times daily,2022-11-02,,Dr. A. Patel,Active
MED000776,P1258,Gabapentin,300mg,Three times daily,2023-07-28,,Dr. A. Patel,Active
MED000777,P1259,Ramipril,5mg,Once daily,2023-07-26,2024-02-09,Dr. J. Nkosi,Completed
MED000778,P1259,Atorvastatin,20mg,Once daily at night,2023-09-03,2024-08-11,Dr. Y. Tanaka,Completed
MED000779,P1259,Ibuprofen,400mg,Three times daily with food,2022-12-15,2024-04-22,Dr. J. Nkosi,Completed
MED000780,P1260,Ibuprofen,400mg,Three times daily with food,2022-05-05,,Dr. L. Torres,Active
MED000781,P1260,Clopidogrel,75mg,Once daily,2022-06-05,2024-02-29,Dr. M. O'Brien,Completed
MED000782,P1260,Omeprazole,20mg,Once daily before breakfast,2022-11-21,,Dr. A. Patel,Active
MED000783,P1260,Paracetamol,500mg,Up to four times daily,2022-07-28,,Dr. J. Nkosi,Active
MED000784,P1261,Lisinopril,10mg,Once daily,2023-05-02,2024-04-27,Dr. Y. Tanaka,Completed
MED000785,P1261,Aspirin,75mg,Once daily,2022-05-30,2024-06-01,Dr. S. Khan,Completed
MED000786,P1261,Levothyroxine,50mcg,Once daily,2023-09-06,,Dr. J. Nkosi,Active
MED000787,P1262,Metformin,500mg,Twice daily,2022-06-15,2024-11-05,Dr. Y. Tanaka,Completed
MED000788,P1262,Clopidogrel,75mg,Once daily,2023-04-12,2024-07-09,Dr. M. O'Brien,Completed
MED000789,P1262,Insulin Glargine,10 units,Once daily at bedtime,2022-04-10,,Dr. R. Singh,Active
MED000790,P1262,Ramipril,5mg,Once daily,2023-06-27,2024-11-23,Dr. Y. Tanaka,Completed
MED000791,P1263,Furosemide,40mg,Once daily in morning,2023-03-02,,Dr. M. O'Brien,Active
MED000792,P1263,Prednisolone,5mg,Once daily,2022-03-31,,Dr. L. Torres,Active
MED000793,P1263,Aspirin,75mg,Once daily,2023-01-14,,Dr. A. Patel,Active
MED000794,P1264,Amoxicillin,500mg,Three times daily,2023-06-25,2024-02-21,Dr. L. Torres,Completed
MED000795,P1264,Furosemide,40mg,Once daily in morning,2022-07-05,,Dr. Y. Tanaka,Active
MED000796,P1264,Clopidogrel,75mg,Once daily,2023-12-29,,Dr. L. Torres,Active
MED000797,P1264,Prednisolone,5mg,Once daily,2022-05-19,,Dr. A. Patel,Active
MED000798,P1264,Atorvastatin,20mg,Once daily at night,2023-02-26,2024-04-12,Dr. R. Singh,Completed
MED000799,P1265,Bisoprolol,2.5mg,Once daily,2022-07-12,2024-12-12,Dr. Y. Tanaka,Completed
MED000800,P1265,Levothyroxine,50mcg,Once daily,2023-12-31,2024-11-01,Dr. Y. Tanaka,Completed
MED000801,P1265,Clopidogrel,75mg,Once daily,2022-05-11,,Dr. L. Torres,Active
MED000802,P1266,Gabapentin,300mg,Three times daily,2023-11-23,,Dr. M. O'Brien,Active
MED000803,P1267,Omeprazole,20mg,Once daily before breakfast,2023-10-04,,Dr. A. Patel,Active
MED000804,P1267,Salbutamol,100mcg,As required,2022-01-26,,Dr. S. Khan,Active
MED000805,P1267,Bisoprolol,2.5mg,Once daily,2023-11-29,,Dr. Y. Tanaka,Active
MED000806,P1268,Lisinopril,10mg,Once daily,2022-07-17,2024-05-30,Dr. J. Nkosi,Completed
MED000807,P1268,Warfarin,3mg,Once daily,2022-01-04,,Dr. Y. Tanaka,Active
MED000808,P1269,Levothyroxine,50mcg,Once daily,2023-05-07,,Dr. A. Patel,Active
MED000809,P1269,Salbutamol,100mcg,As required,2023-05-13,2024-03-10,Dr. S. Khan,Completed
MED000810,P1270,Furosemide,40mg,Once daily in morning,2023-09-27,,Dr. C. Müller,Active
MED000811,P1270,Ibuprofen,400mg,Three times daily with food,2023-09-07,,Dr. A. Patel,Active
MED000812,P1271,Levothyroxine,50mcg,Once daily,2023-08-06,,Dr. M. O'Brien,Active
MED000813,P1271,Lisinopril,10mg,Once daily,2023-04-28,,Dr. L. Torres,Active
MED000814,P1272,Clopidogrel,75mg,Once daily,2022-02-08,,Dr. S. Khan,Active
MED000815,P1272,Furosemide,40mg,Once daily in morning,2022-12-31,2024-10-03,Dr. J. Nkosi,Completed
MED000816,P1272,Aspirin,75mg,Once daily,2022-03-29,2024-10-16,Dr. Y. Tanaka,Completed
MED000817,P1273,Amoxicillin,500mg,Three times daily,2023-03-13,,Dr. A. Patel,Active
MED000818,P1273,Gabapentin,300mg,Three times daily,2022-04-20,,Dr. A. Patel,Active
MED000819,P1273,Furosemide,40mg,Once daily in morning,2022-02-23,,Dr. L. Torres,Active
MED000820,P1273,Lisinopril,10mg,Once daily,2022-01-22,,Dr. Y. Tanaka,Active
MED000821,P1274,Warfarin,3mg,Once daily,2022-08-16,2024-03-11,Dr. R. Singh,Completed
MED000822,P1274,Metformin,500mg,Twice daily,2023-04-28,,Dr. A. Patel,Active
MED000823,P1274,Lisinopril,10mg,Once daily,2022-02-04,2024-07-16,Dr. C. Müller,Completed
MED000824,P1274,Omeprazole,20mg,Once daily before breakfast,2023-07-05,,Dr. L. Torres,Active
MED000825,P1275,Gabapentin,300mg,Three times daily,2023-10-21,2024-05-18,Dr. Y. Tanaka,Completed
MED000826,P1275,Ibuprofen,400mg,Three times daily with food,2023-10-17,,Dr. S. Khan,Active
MED000827,P1276,Salbutamol,100mcg,As required,2022-08-21,,Dr. M. O'Brien,Active
MED000828,P1276,Furosemide,40mg,Once daily in morning,2022-04-20,2024-02-09,Dr. M. O'Brien,Completed
MED000829,P1276,Amoxicillin,500mg,Three times daily,2022-07-16,,Dr. Y. Tanaka,Active
MED000830,P1276,Atorvastatin,20mg,Once daily at night,2022-05-18,,Dr. S. Khan,Active
MED000831,P1276,Warfarin,3mg,Once daily,2022-04-06,2024-12-05,Dr. A. Patel,Completed
MED000832,P1277,Atorvastatin,20mg,Once daily at night,2022-06-07,,Dr. J. Nkosi,Active
MED000833,P1277,Metformin,500mg,Twice daily,2023-03-28,2024-01-19,Dr. C. Müller,Completed
MED000834,P1278,Levothyroxine,50mcg,Once daily,2022-06-13,,Dr. M. O'Brien,Active
MED000835,P1278,Prednisolone,5mg,Once daily,2023-08-13,2024-05-24,Dr. C. Müller,Completed
MED000836,P1278,Aspirin,75mg,Once daily,2022-12-11,,Dr. L. Torres,Active
MED000837,P1278,Furosemide,40mg,Once daily in morning,2023-05-22,,Dr. S. Khan,Active
MED000838,P1279,Clopidogrel,75mg,Once daily,2022-12-29,,Dr. A. Patel,Active
MED000839,P1279,Atorvastatin,20mg,Once daily at night,2022-07-31,,Dr. J. Nkosi,Active
MED000840,P1279,Levothyroxine,50mcg,Once daily,2022-12-30,,Dr. L. Torres,Active
MED000841,P1279,Furosemide,40mg,Once daily in morning,2022-06-12,,Dr. J. Nkosi,Active
MED000842,P1280,Aspirin,75mg,Once daily,2023-04-08,,Dr. M. O'Brien,Active
MED000843,P1280,Salbutamol,100mcg,As required,2022-06-21,,Dr. Y. Tanaka,Active
MED000844,P1280,Insulin Glargine,10 units,Once daily at bedtime,2023-02-04,2024-06-04,Dr. Y. Tanaka,Completed
MED000845,P1280,Prednisolone,5mg,Once daily,2023-08-26,2024-07-01,Dr. R. Singh,Completed
MED000846,P1281,Omeprazole,20mg,Once daily before breakfast,2022-06-24,,Dr. R. Singh,Active
MED000847,P1281,Levothyroxine,50mcg,Once daily,2023-09-04,,Dr. L. Torres,Active
MED000848,P1282,Furosemide,40mg,Once daily in morning,2023-09-11,,Dr. A. Patel,Active
MED000849,P1282,Levothyroxine,50mcg,Once daily,2023-01-20,2024-09-03,Dr. S. Khan,Completed
MED000850,P1283,Warfarin,3mg,Once daily,2022-08-16,2024-08-07,Dr. A. Patel,Completed
MED000851,P1283,Metformin,500mg,Twice daily,2022-05-06,,Dr. R. Singh,Active
MED000852,P1283,Bisoprolol,2.5mg,Once daily,2022-08-29,,Dr. R. Singh,Active
MED000853,P1283,Levothyroxine,50mcg,Once daily,2022-07-09,,Dr. S. Khan,Active
MED000854,P1283,Ibuprofen,400mg,Three times daily with food,2023-10-17,,Dr. R. Singh,Active
MED000855,P1284,Aspirin,75mg,Once daily,2022-04-06,,Dr. L. Torres,Active
MED000856,P1284,Salbutamol,100mcg,As required,2022-08-07,,Dr. Y. Tanaka,Active
MED000857,P1284,Amlodipine,5mg,Once daily,2023-09-18,,Dr. A. Patel,Active
MED000858,P1285,Insulin Glargine,10 units,Once daily at bedtime,2022-12-13,,Dr. R. Singh,Active
MED000859,P1285,Prednisolone,5mg,Once daily,2022-12-27,,Dr. J. Nkosi,Active
MED000860,P1285,Amlodipine,5mg,Once daily,2023-03-14,2024-05-14,Dr. Y. Tanaka,Completed
MED000861,P1285,Amoxicillin,500mg,Three times daily,2023-01-18,,Dr. Y. Tanaka,Active
MED000862,P1285,Ramipril,5mg,Once daily,2023-08-12,,Dr. Y. Tanaka,Active
MED000863,P1286,Omeprazole,20mg,Once daily before breakfast,2022-06-15,,Dr. A. Patel,Active
MED000864,P1286,Furosemide,40mg,Once daily in morning,2022-11-07,2024-09-28,Dr. M. O'Brien,Completed
MED000865,P1286,Levothyroxine,50mcg,Once daily,2023-05-04,,Dr. L. Torres,Active
MED000866,P1287,Ibuprofen,400mg,Three times daily with food,2023-06-20,,Dr. C. Müller,Active
MED000867,P1287,Amoxicillin,500mg,Three times daily,2023-05-08,,Dr. R. Singh,Active
MED000868,P1287,Sertraline,50mg,Once daily,2022-08-27,2024-09-18,Dr. S. Khan,Completed
MED000869,P1287,Metformin,500mg,Twice daily,2022-12-08,,Dr. C. Müller,Active
MED000870,P1287,Paracetamol,500mg,Up to four times daily,2023-03-26,,Dr. L. Torres,Active
MED000871,P1288,Lisinopril,10mg,Once daily,2023-11-27,,Dr. M. O'Brien,Active
MED000872,P1288,Clopidogrel,75mg,Once daily,2022-10-18,,Dr. S. Khan,Active
MED000873,P1288,Ramipril,5mg,Once daily,2023-10-24,,Dr. M. O'Brien,Active
MED000874,P1289,Sertraline,50mg,Once daily,2022-04-19,2024-01-05,Dr. M. O'Brien,Completed
MED000875,P1289,Aspirin,75mg,Once daily,2023-09-30,,Dr. R. Singh,Active
MED000876,P1289,Bisoprolol,2.5mg,Once daily,2023-09-20,,Dr. J. Nkosi,Active
MED000877,P1289,Paracetamol,500mg,Up to four times daily,2022-11-22,2024-10-13,Dr. Y. Tanaka,Completed
MED000878,P1290,Paracetamol,500mg,Up to four times daily,2022-07-28,,Dr. A. Patel,Active
MED000879,P1290,Metformin,500mg,Twice daily,2023-07-31,,Dr. C. Müller,Active
MED000880,P1290,Furosemide,40mg,Once daily in morning,2022-03-20,2024-11-19,Dr. A. Patel,Completed
MED000881,P1291,Levothyroxine,50mcg,Once daily,2022-11-16,,Dr. L. Torres,Active
MED000882,P1292,Clopidogrel,75mg,Once daily,2023-05-09,2024-10-15,Dr. L. Torres,Completed
MED000883,P1293,Metformin,500mg,Twice daily,2022-08-05,,Dr. R. Singh,Active
MED000884,P1294,Amlodipine,5mg,Once daily,2022-02-10,2024-02-16,Dr. Y. Tanaka,Completed
MED000885,P1294,Warfarin,3mg,Once daily,2022-03-21,,Dr. A. Patel,Active
MED000886,P1294,Ramipril,5mg,Once daily,2022-09-12,,Dr. Y. Tanaka,Active
MED000887,P1294,Omeprazole,20mg,Once daily before breakfast,2022-01-29,,Dr. S. Khan,Active
MED000888,P1294,Salbutamol,100mcg,As required,2023-06-26,2024-08-22,Dr. A. Patel,Completed
MED000889,P1295,Paracetamol,500mg,Up to four times daily,2023-10-15,2024-08-01,Dr. M. O'Brien,Completed
MED000890,P1295,Ibuprofen,400mg,Three times daily with food,2023-04-04,,Dr. M. O'Brien,Active
MED000891,P1295,Ramipril,5mg,Once daily,2023-05-18,,Dr. A. Patel,Active
MED000892,P1295,Gabapentin,300mg,Three times daily,2022-03-28,2024-07-23,Dr. Y. Tanaka,Completed
MED000893,P1295,Bisoprolol,2.5mg,Once daily,2023-04-27,2024-01-01,Dr. Y. Tanaka,Completed
MED000894,P1296,Atorvastatin,20mg,Once daily at night,2023-06-10,2024-07-08,Dr. C. Müller,Completed
MED000895,P1297,Atorvastatin,20mg,Once daily at night,2022-04-07,2024-06-22,Dr. J. Nkosi,Completed
MED000896,P1297,Prednisolone,5mg,Once daily,2023-04-10,2024-09-12,Dr. A. Patel,Completed
MED000897,P1297,Amlodipine,5mg,Once daily,2022-01-22,2024-03-17,Dr. M. O'Brien,Completed
MED000898,P1297,Warfarin,3mg,Once daily,2022-05-16,,Dr. M. O'Brien,Active
MED000899,P1298,Prednisolone,5mg,Once daily,2022-04-09,,Dr. A. Patel,Active
MED000900,P1298,Bisoprolol,2.5mg,Once daily,2022-05-05,,Dr. S. Khan,Active
MED000901,P1298,Metformin,500mg,Twice daily,2023-07-14,,Dr. C. Müller,Active
MED000902,P1298,Sertraline,50mg,Once daily,2023-08-03,2024-05-17,Dr. S. Khan,Completed
MED000903,P1299,Warfarin,3mg,Once daily,2023-04-20,,Dr. Y. Tanaka,Active
MED000904,P1300,Metformin,500mg,Twice daily,2022-04-23,2024-06-05,Dr. S. Khan,Completed
MED000905,P1301,Insulin Glargine,10 units,Once daily at bedtime,2022-08-23,,Dr. M. O'Brien,Active
MED000906,P1302,Furosemide,40mg,Once daily in morning,2023-08-05,,Dr. M. O'Brien,Active
MED000907,P1302,Lisinopril,10mg,Once daily,2023-08-28,,Dr. C. Müller,Active
MED000908,P1303,Insulin Glargine,10 units,Once daily at bedtime,2023-04-02,2024-02-02,Dr. Y. Tanaka,Completed
MED000909,P1304,Omeprazole,20mg,Once daily before breakfast,2022-12-01,2024-06-03,Dr. C. Müller,Completed
MED000910,P1305,Sertraline,50mg,Once daily,2023-12-25,2024-03-21,Dr. S. Khan,Completed
MED000911,P1305,Metformin,500mg,Twice daily,2023-06-15,,Dr. M. O'Brien,Active
MED000912,P1305,Aspirin,75mg,Once daily,2022-11-30,,Dr. L. Torres,Active
MED000913,P1306,Metformin,500mg,Twice daily,2022-01-03,,Dr. M. O'Brien,Active
MED000914,P1306,Sertraline,50mg,Once daily,2022-10-29,2024-05-08,Dr. M. O'Brien,Completed
MED000915,P1306,Paracetamol,500mg,Up to four times daily,2023-03-05,2024-07-10,Dr. M. O'Brien,Completed
MED000916,P1306,Furosemide,40mg,Once daily in morning,2022-08-21,2024-08-25,Dr. R. Singh,Completed
MED000917,P1306,Gabapentin,300mg,Three times daily,2022-10-22,,Dr. Y. Tanaka,Active
MED000918,P1307,Bisoprolol,2.5mg,Once daily,2022-06-07,2024-01-09,Dr. C. Müller,Completed
MED000919,P1308,Bisoprolol,2.5mg,Once daily,2023-09-23,,Dr. M. O'Brien,Active
MED000920,P1309,Ramipril,5mg,Once daily,2022-04-19,,Dr. C. Müller,Active
MED000921,P1310,Insulin Glargine,10 units,Once daily at bedtime,2023-06-15,,Dr. M. O'Brien,Active
MED000922,P1310,Paracetamol,500mg,Up to four times daily,2023-06-07,,Dr. A. Patel,Active
MED000923,P1310,Salbutamol,100mcg,As required,2023-05-26,,Dr. A. Patel,Active
MED000924,P1310,Levothyroxine,50mcg,Once daily,2022-02-14,,Dr. L. Torres,Active
MED000925,P1311,Insulin Glargine,10 units,Once daily at bedtime,2023-02-05,,Dr. C. Müller,Active
MED000926,P1311,Ramipril,5mg,Once daily,2022-06-28,,Dr. A. Patel,Active
MED000927,P1311,Metformin,500mg,Twice daily,2023-10-10,2024-12-29,Dr. C. Müller,Completed
MED000928,P1311,Warfarin,3mg,Once daily,2023-10-29,,Dr. S. Khan,Active
MED000929,P1311,Clopidogrel,75mg,Once daily,2023-10-15,2024-12-31,Dr. Y. Tanaka,Completed
MED000930,P1312,Insulin Glargine,10 units,Once daily at bedtime,2022-11-01,,Dr. R. Singh,Active
MED000931,P1313,Sertraline,50mg,Once daily,2022-11-08,,Dr. R. Singh,Active
MED000932,P1313,Amoxicillin,500mg,Three times daily,2023-04-25,,Dr. S. Khan,Active
MED000933,P1313,Salbutamol,100mcg,As required,2022-09-09,,Dr. Y. Tanaka,Active
MED000934,P1314,Furosemide,40mg,Once daily in morning,2022-07-22,2024-08-26,Dr. J. Nkosi,Completed
MED000935,P1315,Amoxicillin,500mg,Three times daily,2022-08-09,2024-03-29,Dr. Y. Tanaka,Completed
MED000936,P1315,Paracetamol,500mg,Up to four times daily,2023-01-22,,Dr. R. Singh,Active
MED000937,P1316,Prednisolone,5mg,Once daily,2023-05-27,,Dr. L. Torres,Active
MED000938,P1316,Levothyroxine,50mcg,Once daily,2023-03-15,,Dr. R. Singh,Active
MED000939,P1316,Omeprazole,20mg,Once daily before breakfast,2023-10-06,2024-01-31,Dr. J. Nkosi,Completed
MED000940,P1317,Amlodipine,5mg,Once daily,2022-06-09,,Dr. L. Torres,Active
MED000941,P1318,Warfarin,3mg,Once daily,2022-12-01,,Dr. L. Torres,Active
MED000942,P1318,Insulin Glargine,10 units,Once daily at bedtime,2023-01-03,,Dr. J. Nkosi,Active
MED000943,P1319,Prednisolone,5mg,Once daily,2022-11-09,,Dr. R. Singh,Active
MED000944,P1319,Aspirin,75mg,Once daily,2022-09-08,2024-07-17,Dr. C. Müller,Completed
MED000945,P1319,Bisoprolol,2.5mg,Once daily,2023-06-12,,Dr. M. O'Brien,Active
MED000946,P1319,Omeprazole,20mg,Once daily before breakfast,2023-06-21,,Dr. C. Müller,Active
MED000947,P1319,Ramipril,5mg,Once daily,2023-01-09,,Dr. R. Singh,Active
MED000948,P1320,Clopidogrel,75mg,Once daily,2022-08-15,,Dr. A. Patel,Active
MED000949,P1320,Omeprazole,20mg,Once daily before breakfast,2022-04-26,2024-11-21,Dr. Y. Tanaka,Completed
MED000950,P1320,Amlodipine,5mg,Once daily,2023-10-17,,Dr. S. Khan,Active
MED000951,P1321,Paracetamol,500mg,Up to four times daily,2022-04-12,,Dr. S. Khan,Active
MED000952,P1321,Ibuprofen,400mg,Three times daily with food,2022-04-28,,Dr. R. Singh,Active
MED000953,P1321,Amlodipine,5mg,Once daily,2023-06-26,2024-07-13,Dr. M. O'Brien,Completed
MED000954,P1322,Atorvastatin,20mg,Once daily at night,2022-09-07,,Dr. M. O'Brien,Active
MED000955,P1322,Furosemide,40mg,Once daily in morning,2023-07-16,2024-07-02,Dr. Y. Tanaka,Completed
MED000956,P1323,Sertraline,50mg,Once daily,2022-07-26,,Dr. Y. Tanaka,Active
MED000957,P1323,Metformin,500mg,Twice daily,2023-10-15,,Dr. R. Singh,Active
MED000958,P1323,Atorvastatin,20mg,Once daily at night,2023-03-26,,Dr. M. O'Brien,Active
MED000959,P1323,Warfarin,3mg,Once daily,2022-05-04,,Dr. R. Singh,Active
MED000960,P1324,Metformin,500mg,Twice daily,2023-11-03,,Dr. S. Khan,Active
MED000961,P1325,Amlodipine,5mg,Once daily,2023-10-22,,Dr. L. Torres,Active
MED000962,P1326,Ramipril,5mg,Once daily,2022-05-23,,Dr. J. Nkosi,Active
MED000963,P1326,Amlodipine,5mg,Once daily,2022-05-22,,Dr. C. Müller,Active
MED000964,P1326,Metformin,500mg,Twice daily,2022-12-10,,Dr. L. Torres,Active
MED000965,P1327,Paracetamol,500mg,Up to four times daily,2023-10-06,2024-01-05,Dr. M. O'Brien,Completed
MED000966,P1327,Insulin Glargine,10 units,Once daily at bedtime,2023-01-27,,Dr. M. O'Brien,Active
MED000967,P1328,Paracetamol,500mg,Up to four times daily,2022-03-31,,Dr. S. Khan,Active
MED000968,P1328,Insulin Glargine,10 units,Once daily at bedtime,2022-03-04,,Dr. J. Nkosi,Active
MED000969,P1328,Ramipril,5mg,Once daily,2023-09-04,,Dr. Y. Tanaka,Active
MED000970,P1328,Lisinopril,10mg,Once daily,2022-03-22,2024-05-16,Dr. M. O'Brien,Completed
MED000971,P1329,Levothyroxine,50mcg,Once daily,2023-01-21,,Dr. L. Torres,Active
MED000972,P1329,Omeprazole,20mg,Once daily before breakfast,2023-01-26,,Dr. L. Torres,Active
MED000973,P1329,Ramipril,5mg,Once daily,2022-07-23,,Dr. J. Nkosi,Active
MED000974,P1329,Amlodipine,5mg,Once daily,2023-06-03,,Dr. S. Khan,Active
MED000975,P1330,Ibuprofen,400mg,Three times daily with food,2022-11-15,,Dr. R. Singh,Active
MED000976,P1330,Levothyroxine,50mcg,Once daily,2023-06-30,2024-08-30,Dr. L. Torres,Completed
MED000977,P1330,Omeprazole,20mg,Once daily before breakfast,2022-09-10,,Dr. L. Torres,Active
MED000978,P1330,Sertraline,50mg,Once daily,2023-05-16,,Dr. M. O'Brien,Active
MED000979,P1331,Gabapentin,300mg,Three times daily,2023-09-14,,Dr. M. O'Brien,Active
MED000980,P1331,Ibuprofen,400mg,Three times daily with food,2022-07-11,,Dr. L. Torres,Active
MED000981,P1331,Aspirin,75mg,Once daily,2022-12-15,,Dr. L. Torres,Active
MED000982,P1331,Levothyroxine,50mcg,Once daily,2022-01-28,,Dr. L. Torres,Active
MED000983,P1331,Sertraline,50mg,Once daily,2022-06-05,2024-01-05,Dr. S. Khan,Completed
MED000984,P1332,Gabapentin,300mg,Three times daily,2022-04-23,,Dr. Y. Tanaka,Active
MED000985,P1332,Warfarin,3mg,Once daily,2023-04-02,,Dr. L. Torres,Active
MED000986,P1332,Lisinopril,10mg,Once daily,2023-01-16,2024-11-28,Dr. A. Patel,Completed
MED000987,P1333,Paracetamol,500mg,Up to four times daily,2023-01-29,,Dr. C. Müller,Active
MED000988,P1333,Prednisolone,5mg,Once daily,2023-09-01,2024-04-20,Dr. J. Nkosi,Completed
MED000989,P1333,Warfarin,3mg,Once daily,2023-08-04,,Dr. J. Nkosi,Active
MED000990,P1334,Metformin,500mg,Twice daily,2023-11-19,,Dr. M. O'Brien,Active
MED000991,P1335,Furosemide,40mg,Once daily in morning,2023-11-06,2024-11-23,Dr. R. Singh,Completed
MED000992,P1335,Bisoprolol,2.5mg,Once daily,2023-02-14,,Dr. Y. Tanaka,Active
MED000993,P1335,Sertraline,50mg,Once daily,2023-05-15,,Dr. J. Nkosi,Active
MED000994,P1336,Aspirin,75mg,Once daily,2023-01-03,2024-07-04,Dr. Y. Tanaka,Completed
MED000995,P1337,Lisinopril,10mg,Once daily,2022-08-15,,Dr. S. Khan,Active
MED000996,P1338,Paracetamol,500mg,Up to four times daily,2022-12-26,2024-05-01,Dr. J. Nkosi,Completed
MED000997,P1339,Prednisolone,5mg,Once daily,2022-05-26,,Dr. M. O'Brien,Active
MED000998,P1339,Bisoprolol,2.5mg,Once daily,2022-05-08,,Dr. R. Singh,Active
MED000999,P1339,Insulin Glargine,10 units,Once daily at bedtime,2023-03-16,,Dr. L. Torres,Active
MED001000,P1340,Prednisolone,5mg,Once daily,2023-07-15,,Dr. Y. Tanaka,Active
MED001001,P1340,Ibuprofen,400mg,Three times daily with food,2022-03-12,2024-12-16,Dr. J. Nkosi,Completed
MED001002,P1341,Amoxicillin,500mg,Three times daily,2022-02-27,,Dr. L. Torres,Active
MED001003,P1341,Gabapentin,300mg,Three times daily,2023-07-06,,Dr. M. O'Brien,Active
MED001004,P1341,Atorvastatin,20mg,Once daily at night,2022-12-05,,Dr. Y. Tanaka,Active
MED001005,P1342,Clopidogrel,75mg,Once daily,2022-10-15,2024-04-13,Dr. S. Khan,Completed
MED001006,P1342,Insulin Glargine,10 units,Once daily at bedtime,2023-03-17,2024-03-19,Dr. A. Patel,Completed
MED001007,P1343,Clopidogrel,75mg,Once daily,2023-07-26,2024-12-07,Dr. Y. Tanaka,Completed
MED001008,P1343,Omeprazole,20mg,Once daily before breakfast,2023-05-08,,Dr. R. Singh,Active
MED001009,P1343,Prednisolone,5mg,Once daily,2022-08-16,,Dr. Y. Tanaka,Active
MED001010,P1343,Insulin Glargine,10 units,Once daily at bedtime,2022-05-21,2024-10-29,Dr. Y. Tanaka,Completed
MED001011,P1343,Ibuprofen,400mg,Three times daily with food,2022-12-29,2024-07-15,Dr. C. Müller,Completed
MED001012,P1344,Gabapentin,300mg,Three times daily,2023-06-15,,Dr. L. Torres,Active
MED001013,P1344,Lisinopril,10mg,Once daily,2022-10-26,2024-05-26,Dr. J. Nkosi,Completed
MED001014,P1344,Omeprazole,20mg,Once daily before breakfast,2022-07-30,2024-02-12,Dr. S. Khan,Completed
MED001015,P1344,Sertraline,50mg,Once daily,2022-11-24,,Dr. R. Singh,Active
MED001016,P1344,Warfarin,3mg,Once daily,2022-11-16,,Dr. M. O'Brien,Active
MED001017,P1345,Omeprazole,20mg,Once daily before breakfast,2023-02-07,,Dr. A. Patel,Active
MED001018,P1345,Lisinopril,10mg,Once daily,2022-09-09,,Dr. C. Müller,Active
MED001019,P1345,Amoxicillin,500mg,Three times daily,2022-09-13,2024-12-16,Dr. R. Singh,Completed
MED001020,P1345,Metformin,500mg,Twice daily,2022-05-06,,Dr. M. O'Brien,Active
MED001021,P1346,Clopidogrel,75mg,Once daily,2023-03-14,,Dr. C. Müller,Active
MED001022,P1346,Atorvastatin,20mg,Once daily at night,2022-04-06,2024-02-01,Dr. Y. Tanaka,Completed
MED001023,P1347,Clopidogrel,75mg,Once daily,2023-03-25,2024-12-09,Dr. L. Torres,Completed
MED001024,P1347,Amoxicillin,500mg,Three times daily,2023-06-08,2024-06-13,Dr. L. Torres,Completed
MED001025,P1348,Bisoprolol,2.5mg,Once daily,2023-04-21,,Dr. R. Singh,Active
MED001026,P1348,Amlodipine,5mg,Once daily,2023-11-23,,Dr. Y. Tanaka,Active
MED001027,P1348,Gabapentin,300mg,Three times daily,2023-05-16,,Dr. L. Torres,Active
MED001028,P1349,Levothyroxine,50mcg,Once daily,2023-03-07,,Dr. R. Singh,Active
MED001029,P1350,Amoxicillin,500mg,Three times daily,2022-08-04,2024-05-05,Dr. J. Nkosi,Completed
MED001030,P1351,Furosemide,40mg,Once daily in morning,2022-09-06,,Dr. J. Nkosi,Active
MED001031,P1351,Ramipril,5mg,Once daily,2022-02-10,,Dr. R. Singh,Active
MED001032,P1352,Amoxicillin,500mg,Three times daily,2023-04-10,,Dr. M. O'Brien,Active
MED001033,P1352,Warfarin,3mg,Once daily,2022-12-11,2024-07-14,Dr. C. Müller,Completed
MED001034,P1352,Gabapentin,300mg,Three times daily,2023-03-13,2024-07-16,Dr. R. Singh,Completed
MED001035,P1352,Metformin,500mg,Twice daily,2022-01-20,,Dr. R. Singh,Active
MED001036,P1353,Insulin Glargine,10 units,Once daily at bedtime,2022-02-18,,Dr. C. Müller,Active
MED001037,P1353,Atorvastatin,20mg,Once daily at night,2023-01-17,,Dr. J. Nkosi,Active
MED001038,P1354,Warfarin,3mg,Once daily,2023-05-24,2024-02-24,Dr. L. Torres,Completed
MED001039,P1354,Salbutamol,100mcg,As required,2022-03-07,2024-05-19,Dr. A. Patel,Completed
MED001040,P1355,Bisoprolol,2.5mg,Once daily,2023-06-17,2024-04-17,Dr. R. Singh,Completed
MED001041,P1355,Gabapentin,300mg,Three times daily,2023-08-21,,Dr. C. Müller,Active
MED001042,P1355,Insulin Glargine,10 units,Once daily at bedtime,2022-02-21,2024-02-04,Dr. M. O'Brien,Completed
MED001043,P1356,Amoxicillin,500mg,Three times daily,2023-05-15,2024-11-19,Dr. J. Nkosi,Completed
MED001044,P1357,Prednisolone,5mg,Once daily,2022-03-25,,Dr. J. Nkosi,Active
MED001045,P1357,Lisinopril,10mg,Once daily,2023-07-27,,Dr. S. Khan,Active
MED001046,P1357,Bisoprolol,2.5mg,Once daily,2023-09-18,,Dr. M. O'Brien,Active
MED001047,P1357,Omeprazole,20mg,Once daily before breakfast,2022-04-09,,Dr. A. Patel,Active
MED001048,P1357,Ibuprofen,400mg,Three times daily with food,2022-04-10,,Dr. S. Khan,Active
MED001049,P1358,Furosemide,40mg,Once daily in morning,2022-04-16,,Dr. C. Müller,Active
MED001050,P1358,Paracetamol,500mg,Up to four times daily,2023-12-31,,Dr. R. Singh,Active
MED001051,P1358,Insulin Glargine,10 units,Once daily at bedtime,2022-05-09,2024-03-08,Dr. L. Torres,Completed
MED001052,P1358,Amlodipine,5mg,Once daily,2023-09-04,,Dr. R. Singh,Active
MED001053,P1359,Amoxicillin,500mg,Three times daily,2022-06-22,,Dr. C. Müller,Active
MED001054,P1359,Ramipril,5mg,Once daily,2023-03-23,,Dr. S. Khan,Active
MED001055,P1360,Ibuprofen,400mg,Three times daily with food,2022-03-27,,Dr. Y. Tanaka,Active
MED001056,P1360,Bisoprolol,2.5mg,Once daily,2022-10-24,,Dr. S. Khan,Active
MED001057,P1360,Atorvastatin,20mg,Once daily at night,2022-09-03,,Dr. Y. Tanaka,Active
MED001058,P1360,Gabapentin,300mg,Three times daily,2023-11-24,,Dr. M. O'Brien,Active
MED001059,P1361,Sertraline,50mg,Once daily,2023-03-10,,Dr. S. Khan,Active
MED001060,P1361,Ramipril,5mg,Once daily,2022-04-06,,Dr. M. O'Brien,Active
MED001061,P1361,Ibuprofen,400mg,Three times daily with food,2022-11-25,,Dr. C. Müller,Active
MED001062,P1362,Lisinopril,10mg,Once daily,2023-09-03,2024-03-27,Dr. Y. Tanaka,Completed
MED001063,P1362,Warfarin,3mg,Once daily,2022-04-08,,Dr. L. Torres,Active
MED001064,P1362,Bisoprolol,2.5mg,Once daily,2023-07-02,,Dr. C. Müller,Active
MED001065,P1363,Prednisolone,5mg,Once daily,2022-07-19,2024-04-29,Dr. R. Singh,Completed
MED001066,P1363,Atorvastatin,20mg,Once daily at night,2022-01-25,2024-05-25,Dr. C. Müller,Completed
MED001067,P1364,Ibuprofen,400mg,Three times daily with food,2022-11-15,,Dr. C. Müller,Active
MED001068,P1365,Paracetamol,500mg,Up to four times daily,2023-03-15,,Dr. L. Torres,Active
MED001069,P1365,Sertraline,50mg,Once daily,2023-12-27,2024-03-13,Dr. S. Khan,Completed
MED001070,P1365,Clopidogrel,75mg,Once daily,2023-06-12,,Dr. Y. Tanaka,Active
MED001071,P1365,Levothyroxine,50mcg,Once daily,2022-08-11,,Dr. M. O'Brien,Active
MED001072,P1365,Amoxicillin,500mg,Three times daily,2022-04-19,,Dr. R. Singh,Active
MED001073,P1366,Amoxicillin,500mg,Three times daily,2023-04-28,2024-01-21,Dr. R. Singh,Completed
MED001074,P1366,Prednisolone,5mg,Once daily,2022-03-01,2024-02-03,Dr. R. Singh,Completed
MED001075,P1366,Ibuprofen,400mg,Three times daily with food,2022-03-09,2024-12-06,Dr. C. Müller,Completed
MED001076,P1367,Metformin,500mg,Twice daily,2022-11-27,,Dr. C. Müller,Active
MED001077,P1367,Prednisolone,5mg,Once daily,2023-12-08,,Dr. Y. Tanaka,Active
MED001078,P1367,Insulin Glargine,10 units,Once daily at bedtime,2022-09-30,2024-09-08,Dr. S. Khan,Completed
MED001079,P1368,Levothyroxine,50mcg,Once daily,2022-06-19,,Dr. J. Nkosi,Active
MED001080,P1368,Atorvastatin,20mg,Once daily at night,2023-10-19,,Dr. J. Nkosi,Active
MED001081,P1369,Atorvastatin,20mg,Once daily at night,2023-01-13,,Dr. M. O'Brien,Active
MED001082,P1369,Amlodipine,5mg,Once daily,2023-09-18,,Dr. Y. Tanaka,Active
MED001083,P1369,Insulin Glargine,10 units,Once daily at bedtime,2023-03-08,,Dr. R. Singh,Active
MED001084,P1370,Aspirin,75mg,Once daily,2023-10-09,2024-04-30,Dr. J. Nkosi,Completed
MED001085,P1370,Metformin,500mg,Twice daily,2022-08-08,,Dr. Y. Tanaka,Active
MED001086,P1370,Insulin Glargine,10 units,Once daily at bedtime,2023-11-28,,Dr. L. Torres,Active
MED001087,P1370,Ibuprofen,400mg,Three times daily with food,2022-11-15,,Dr. A. Patel,Active
MED001088,P1371,Salbutamol,100mcg,As required,2023-06-17,2024-12-26,Dr. A. Patel,Completed
MED001089,P1371,Bisoprolol,2.5mg,Once daily,2022-01-13,2024-05-20,Dr. A. Patel,Completed
MED001090,P1371,Ibuprofen,400mg,Three times daily with food,2023-09-30,,Dr. R. Singh,Active
MED001091,P1371,Lisinopril,10mg,Once daily,2023-06-08,2024-12-16,Dr. S. Khan,Completed
MED001092,P1371,Amoxicillin,500mg,Three times daily,2023-05-13,2024-03-10,Dr. A. Patel,Completed
MED001093,P1372,Atorvastatin,20mg,Once daily at night,2023-03-24,,Dr. L. Torres,Active
MED001094,P1372,Amlodipine,5mg,Once daily,2023-03-23,,Dr. S. Khan,Active
MED001095,P1373,Salbutamol,100mcg,As required,2023-10-20,,Dr. L. Torres,Active
MED001096,P1373,Ibuprofen,400mg,Three times daily with food,2022-12-25,,Dr. Y. Tanaka,Active
MED001097,P1373,Amoxicillin,500mg,Three times daily,2023-09-27,,Dr. R. Singh,Active
MED001098,P1373,Prednisolone,5mg,Once daily,2023-04-22,,Dr. Y. Tanaka,Active
MED001099,P1373,Gabapentin,300mg,Three times daily,2022-03-29,2024-11-02,Dr. S. Khan,Completed
MED001100,P1374,Clopidogrel,75mg,Once daily,2023-10-25,,Dr. A. Patel,Active
MED001101,P1374,Levothyroxine,50mcg,Once daily,2023-01-20,,Dr. M. O'Brien,Active
MED001102,P1374,Insulin Glargine,10 units,Once daily at bedtime,2022-08-19,,Dr. R. Singh,Active
MED001103,P1374,Atorvastatin,20mg,Once daily at night,2022-04-09,2024-11-28,Dr. J. Nkosi,Completed
MED001104,P1375,Ibuprofen,400mg,Three times daily with food,2023-02-12,,Dr. C. Müller,Active
MED001105,P1375,Amoxicillin,500mg,Three times daily,2023-07-10,,Dr. L. Torres,Active
MED001106,P1376,Amlodipine,5mg,Once daily,2022-08-23,2024-07-16,Dr. R. Singh,Completed
MED001107,P1376,Clopidogrel,75mg,Once daily,2022-03-03,,Dr. A. Patel,Active
MED001108,P1377,Omeprazole,20mg,Once daily before breakfast,2022-04-09,2024-03-27,Dr. A. Patel,Completed
MED001109,P1377,Salbutamol,100mcg,As required,2023-03-30,,Dr. R. Singh,Active
MED001110,P1377,Lisinopril,10mg,Once daily,2022-04-08,,Dr. J. Nkosi,Active
MED001111,P1378,Sertraline,50mg,Once daily,2023-07-31,2024-07-10,Dr. Y. Tanaka,Completed
MED001112,P1378,Aspirin,75mg,Once daily,2023-03-24,2024-12-30,Dr. C. Müller,Completed
MED001113,P1379,Amlodipine,5mg,Once daily,2023-07-07,2024-11-19,Dr. M. O'Brien,Completed
MED001114,P1380,Ibuprofen,400mg,Three times daily with food,2023-06-19,,Dr. Y. Tanaka,Active
MED001115,P1380,Metformin,500mg,Twice daily,2023-02-12,2024-12-21,Dr. Y. Tanaka,Completed
MED001116,P1380,Levothyroxine,50mcg,Once daily,2023-02-26,,Dr. M. O'Brien,Active
MED001117,P1380,Sertraline,50mg,Once daily,2022-04-27,,Dr. J. Nkosi,Active
MED001118,P1380,Bisoprolol,2.5mg,Once daily,2022-12-10,,Dr. R. Singh,Active
MED001119,P1381,Atorvastatin,20mg,Once daily at night,2022-12-19,,Dr. J. Nkosi,Active
MED001120,P1381,Salbutamol,100mcg,As required,2023-12-02,,Dr. R. Singh,Active
MED001121,P1381,Ramipril,5mg,Once daily,2022-09-08,,Dr. S. Khan,Active
MED001122,P1381,Lisinopril,10mg,Once daily,2022-07-02,,Dr. A. Patel,Active
MED001123,P1382,Amoxicillin,500mg,Three times daily,2022-12-06,,Dr. A. Patel,Active
MED001124,P1383,Metformin,500mg,Twice daily,2022-10-14,2024-12-12,Dr. Y. Tanaka,Completed
MED001125,P1383,Amlodipine,5mg,Once daily,2022-02-02,2024-05-08,Dr. M. O'Brien,Completed
MED001126,P1383,Aspirin,75mg,Once daily,2022-09-07,,Dr. J. Nkosi,Active
MED001127,P1384,Atorvastatin,20mg,Once daily at night,2022-11-03,,Dr. M. O'Brien,Active
MED001128,P1384,Bisoprolol,2.5mg,Once daily,2022-11-15,2024-11-16,Dr. Y. Tanaka,Completed
MED001129,P1385,Amoxicillin,500mg,Three times daily,2023-08-10,,Dr. C. Müller,Active
MED001130,P1386,Atorvastatin,20mg,Once daily at night,2023-04-26,,Dr. L. Torres,Active
MED001131,P1386,Ibuprofen,400mg,Three times daily with food,2022-05-25,,Dr. M. O'Brien,Active
MED001132,P1387,Metformin,500mg,Twice daily,2022-04-17,,Dr. Y. Tanaka,Active
MED001133,P1388,Prednisolone,5mg,Once daily,2023-12-27,,Dr. S. Khan,Active
MED001134,P1388,Omeprazole,20mg,Once daily before breakfast,2023-05-07,,Dr. A. Patel,Active
MED001135,P1388,Atorvastatin,20mg,Once daily at night,2023-05-18,,Dr. C. Müller,Active
MED001136,P1389,Atorvastatin,20mg,Once daily at night,2022-05-28,2024-01-31,Dr. L. Torres,Completed
MED001137,P1389,Ramipril,5mg,Once daily,2023-08-24,,Dr. S. Khan,Active
MED001138,P1390,Insulin Glargine,10 units,Once daily at bedtime,2022-06-25,,Dr. L. Torres,Active
MED001139,P1390,Sertraline,50mg,Once daily,2022-12-26,,Dr. C. Müller,Active
MED001140,P1390,Atorvastatin,20mg,Once daily at night,2022-11-21,,Dr. C. Müller,Active
MED001141,P1390,Warfarin,3mg,Once daily,2023-06-04,,Dr. J. Nkosi,Active
MED001142,P1390,Amoxicillin,500mg,Three times daily,2023-03-29,,Dr. Y. Tanaka,Active
MED001143,P1391,Lisinopril,10mg,Once daily,2022-03-09,,Dr. J. Nkosi,Active
MED001144,P1391,Paracetamol,500mg,Up to four times daily,2023-12-12,,Dr. S. Khan,Active
MED001145,P1391,Clopidogrel,75mg,Once daily,2023-05-20,,Dr. Y. Tanaka,Active
MED001146,P1391,Aspirin,75mg,Once daily,2022-01-02,,Dr. Y. Tanaka,Active
MED001147,P1392,Amlodipine,5mg,Once daily,2022-05-11,2024-08-12,Dr. C. Müller,Completed
MED001148,P1393,Salbutamol,100mcg,As required,2022-12-11,2024-09-15,Dr. L. Torres,Completed
MED001149,P1393,Levothyroxine,50mcg,Once daily,2022-07-20,2024-01-06,Dr. J. Nkosi,Completed
MED001150,P1394,Prednisolone,5mg,Once daily,2022-10-21,,Dr. R. Singh,Active
MED001151,P1394,Ibuprofen,400mg,Three times daily with food,2023-08-01,,Dr. S. Khan,Active
MED001152,P1394,Amoxicillin,500mg,Three times daily,2023-11-06,,Dr. C. Müller,Active
MED001153,P1394,Metformin,500mg,Twice daily,2023-07-10,,Dr. L. Torres,Active
MED001154,P1394,Insulin Glargine,10 units,Once daily at bedtime,2023-09-08,,Dr. Y. Tanaka,Active
MED001155,P1395,Clopidogrel,75mg,Once daily,2022-01-08,2024-10-24,Dr. M. O'Brien,Completed
MED001156,P1395,Bisoprolol,2.5mg,Once daily,2022-06-20,,Dr. C. Müller,Active
MED001157,P1395,Aspirin,75mg,Once daily,2023-05-29,,Dr. J. Nkosi,Active
MED001158,P1396,Furosemide,40mg,Once daily in morning,2022-10-21,,Dr. C. Müller,Active
MED001159,P1396,Clopidogrel,75mg,Once daily,2022-11-29,2024-10-23,Dr. M. O'Brien,Completed
MED001160,P1396,Ibuprofen,400mg,Three times daily with food,2022-09-24,,Dr. C. Müller,Active
MED001161,P1396,Gabapentin,300mg,Three times daily,2022-10-22,2024-09-15,Dr. S. Khan,Completed
MED001162,P1397,Omeprazole,20mg,Once daily before breakfast,2022-06-27,,Dr. Y. Tanaka,Active
MED001163,P1397,Clopidogrel,75mg,Once daily,2023-01-15,2024-02-08,Dr. M. O'Brien,Completed
MED001164,P1398,Insulin Glargine,10 units,Once daily at bedtime,2022-11-10,,Dr. R. Singh,Active
MED001165,P1398,Warfarin,3mg,Once daily,2022-01-04,,Dr. R. Singh,Active
MED001166,P1399,Paracetamol,500mg,Up to four times daily,2022-10-21,,Dr. M. O'Brien,Active
MED001167,P1399,Ramipril,5mg,Once daily,2023-11-07,,Dr. C. Müller,Active
MED001168,P1399,Lisinopril,10mg,Once daily,2022-07-01,2024-12-02,Dr. L. Torres,Completed
MED001169,P1400,Paracetamol,500mg,Up to four times daily,2023-07-23,2024-12-14,Dr. A. Patel,Completed
MED001170,P1400,Insulin Glargine,10 units,Once daily at bedtime,2023-05-08,,Dr. A. Patel,Active
MED001171,P1400,Amlodipine,5mg,Once daily,2022-02-20,2024-06-10,Dr. C. Müller,Completed
MED001172,P1400,Bisoprolol,2.5mg,Once daily,2022-10-07,2024-08-23,Dr. J. Nkosi,Completed
MED001173,P1401,Clopidogrel,75mg,Once daily,2023-09-20,,Dr. J. Nkosi,Active
MED001174,P1401,Warfarin,3mg,Once daily,2023-06-02,2024-04-10,Dr. Y. Tanaka,Completed
MED001175,P1401,Ibuprofen,400mg,Three times daily with food,2023-03-16,,Dr. J. Nkosi,Active
MED001176,P1401,Ramipril,5mg,Once daily,2023-07-19,,Dr. C. Müller,Active
MED001177,P1401,Amoxicillin,500mg,Three times daily,2023-06-19,,Dr. M. O'Brien,Active
MED001178,P1402,Amoxicillin,500mg,Three times daily,2022-08-04,,Dr. C. Müller,Active
MED001179,P1402,Lisinopril,10mg,Once daily,2023-07-06,2024-07-12,Dr. R. Singh,Completed
MED001180,P1402,Paracetamol,500mg,Up to four times daily,2022-07-04,,Dr. J. Nkosi,Active
MED001181,P1403,Metformin,500mg,Twice daily,2023-05-07,,Dr. Y. Tanaka,Active
MED001182,P1403,Ibuprofen,400mg,Three times daily with food,2022-08-27,,Dr. R. Singh,Active
MED001183,P1403,Ramipril,5mg,Once daily,2022-05-17,2024-11-05,Dr. A. Patel,Completed
MED001184,P1404,Amoxicillin,500mg,Three times daily,2023-11-14,2024-04-16,Dr. L. Torres,Completed
MED001185,P1404,Salbutamol,100mcg,As required,2022-06-30,,Dr. R. Singh,Active
MED001186,P1404,Warfarin,3mg,Once daily,2022-02-28,,Dr. Y. Tanaka,Active
MED001187,P1404,Amlodipine,5mg,Once daily,2022-06-07,,Dr. M. O'Brien,Active
MED001188,P1405,Insulin Glargine,10 units,Once daily at bedtime,2022-02-27,,Dr. Y. Tanaka,Active
MED001189,P1405,Aspirin,75mg,Once daily,2023-04-13,,Dr. Y. Tanaka,Active
MED001190,P1405,Prednisolone,5mg,Once daily,2023-07-06,,Dr. Y. Tanaka,Active
MED001191,P1405,Atorvastatin,20mg,Once daily at night,2023-11-18,,Dr. Y. Tanaka,Active
MED001192,P1406,Prednisolone,5mg,Once daily,2022-03-11,,Dr. A. Patel,Active
MED001193,P1407,Gabapentin,300mg,Three times daily,2023-03-17,,Dr. J. Nkosi,Active
MED001194,P1407,Paracetamol,500mg,Up to four times daily,2022-08-11,2024-04-20,Dr. Y. Tanaka,Completed
MED001195,P1407,Salbutamol,100mcg,As required,2022-10-15,2024-08-05,Dr. M. O'Brien,Completed
MED001196,P1408,Omeprazole,20mg,Once daily before breakfast,2022-02-26,,Dr. J. Nkosi,Active
MED001197,P1408,Warfarin,3mg,Once daily,2022-06-05,2024-10-11,Dr. Y. Tanaka,Completed
MED001198,P1408,Lisinopril,10mg,Once daily,2023-05-26,2024-06-28,Dr. S. Khan,Completed
MED001199,P1409,Prednisolone,5mg,Once daily,2022-03-25,2024-10-24,Dr. L. Torres,Completed
MED001200,P1409,Salbutamol,100mcg,As required,2022-01-22,,Dr. R. Singh,Active
MED001201,P1409,Lisinopril,10mg,Once daily,2023-04-29,2024-08-27,Dr. C. Müller,Completed
MED001202,P1409,Insulin Glargine,10 units,Once daily at bedtime,2022-07-28,,Dr. R. Singh,Active
MED001203,P1409,Warfarin,3mg,Once daily,2023-05-03,,Dr. C. Müller,Active
MED001204,P1410,Sertraline,50mg,Once daily,2023-07-21,,Dr. L. Torres,Active
MED001205,P1410,Metformin,500mg,Twice daily,2022-08-21,,Dr. R. Singh,Active
MED001206,P1410,Amlodipine,5mg,Once daily,2023-06-22,,Dr. A. Patel,Active
MED001207,P1410,Paracetamol,500mg,Up to four times daily,2022-01-28,,Dr. C. Müller,Active
MED001208,P1410,Omeprazole,20mg,Once daily before breakfast,2023-03-21,,Dr. M. O'Brien,Active
MED001209,P1411,Sertraline,50mg,Once daily,2022-03-08,,Dr. A. Patel,Active
MED001210,P1411,Amlodipine,5mg,Once daily,2022-11-14,,Dr. Y. Tanaka,Active
MED001211,P1411,Clopidogrel,75mg,Once daily,2022-08-17,,Dr. Y. Tanaka,Active
MED001212,P1412,Salbutamol,100mcg,As required,2022-11-26,2024-07-14,Dr. L. Torres,Completed
MED001213,P1412,Ramipril,5mg,Once daily,2023-09-26,,Dr. S. Khan,Active
MED001214,P1412,Levothyroxine,50mcg,Once daily,2022-03-04,,Dr. Y. Tanaka,Active
MED001215,P1413,Omeprazole,20mg,Once daily before breakfast,2023-12-16,,Dr. C. Müller,Active
MED001216,P1413,Clopidogrel,75mg,Once daily,2023-11-23,2024-06-14,Dr. J. Nkosi,Completed
MED001217,P1413,Aspirin,75mg,Once daily,2022-08-31,,Dr. A. Patel,Active
MED001218,P1413,Gabapentin,300mg,Three times daily,2022-06-01,,Dr. M. O'Brien,Active
MED001219,P1414,Furosemide,40mg,Once daily in morning,2023-09-19,,Dr. C. Müller,Active
MED001220,P1414,Metformin,500mg,Twice daily,2023-12-12,,Dr. A. Patel,Active
MED001221,P1414,Ibuprofen,400mg,Three times daily with food,2022-11-23,2024-07-02,Dr. J. Nkosi,Completed
MED001222,P1414,Insulin Glargine,10 units,Once daily at bedtime,2023-07-22,,Dr. A. Patel,Active
MED001223,P1415,Insulin Glargine,10 units,Once daily at bedtime,2023-06-13,,Dr. S. Khan,Active
MED001224,P1416,Metformin,500mg,Twice daily,2022-12-17,,Dr. A. Patel,Active
MED001225,P1416,Ibuprofen,400mg,Three times daily with food,2022-01-26,,Dr. S. Khan,Active
MED001226,P1417,Furosemide,40mg,Once daily in morning,2023-08-06,2024-10-26,Dr. M. O'Brien,Completed
MED001227,P1417,Amoxicillin,500mg,Three times daily,2022-05-28,,Dr. L. Torres,Active
MED001228,P1417,Clopidogrel,75mg,Once daily,2022-11-23,,Dr. C. Müller,Active
MED001229,P1418,Aspirin,75mg,Once daily,2022-05-11,2024-10-01,Dr. L. Torres,Completed
MED001230,P1418,Bisoprolol,2.5mg,Once daily,2022-10-14,,Dr. J. Nkosi,Active
MED001231,P1418,Clopidogrel,75mg,Once daily,2023-09-29,,Dr. R. Singh,Active
MED001232,P1419,Paracetamol,500mg,Up to four times daily,2023-02-16,,Dr. J. Nkosi,Active
MED001233,P1420,Metformin,500mg,Twice daily,2023-07-19,2024-08-10,Dr. R. Singh,Completed
MED001234,P1420,Ramipril,5mg,Once daily,2023-08-25,,Dr. Y. Tanaka,Active
MED001235,P1421,Furosemide,40mg,Once daily in morning,2023-11-07,,Dr. C. Müller,Active
MED001236,P1422,Furosemide,40mg,Once daily in morning,2023-02-26,,Dr. S. Khan,Active
MED001237,P1422,Atorvastatin,20mg,Once daily at night,2022-05-24,,Dr. Y. Tanaka,Active
MED001238,P1422,Amlodipine,5mg,Once daily,2022-10-26,2024-09-14,Dr. S. Khan,Completed
MED001239,P1422,Insulin Glargine,10 units,Once daily at bedtime,2022-03-07,,Dr. J. Nkosi,Active
MED001240,P1422,Bisoprolol,2.5mg,Once daily,2022-01-26,,Dr. J. Nkosi,Active
MED001241,P1423,Omeprazole,20mg,Once daily before breakfast,2023-07-13,,Dr. C. Müller,Active
MED001242,P1423,Atorvastatin,20mg,Once daily at night,2022-05-19,,Dr. J. Nkosi,Active
MED001243,P1423,Salbutamol,100mcg,As required,2022-01-08,,Dr. M. O'Brien,Active
MED001244,P1423,Sertraline,50mg,Once daily,2023-07-20,2024-07-03,Dr. M. O'Brien,Completed
MED001245,P1423,Clopidogrel,75mg,Once daily,2022-03-18,,Dr. A. Patel,Active
MED001246,P1424,Warfarin,3mg,Once daily,2022-07-14,,Dr. S. Khan,Active
MED001247,P1424,Metformin,500mg,Twice daily,2022-06-03,,Dr. A. Patel,Active
MED001248,P1424,Prednisolone,5mg,Once daily,2022-09-26,,Dr. R. Singh,Active
MED001249,P1425,Gabapentin,300mg,Three times daily,2023-07-16,,Dr. L. Torres,Active
MED001250,P1425,Insulin Glargine,10 units,Once daily at bedtime,2022-01-16,,Dr. J. Nkosi,Active
MED001251,P1425,Sertraline,50mg,Once daily,2023-07-11,,Dr. C. Müller,Active
MED001252,P1425,Salbutamol,100mcg,As required,2022-12-28,,Dr. Y. Tanaka,Active
MED001253,P1425,Atorvastatin,20mg,Once daily at night,2022-03-13,,Dr. M. O'Brien,Active
MED001254,P1426,Metformin,500mg,Twice daily,2023-04-14,,Dr. Y. Tanaka,Active
MED001255,P1426,Furosemide,40mg,Once daily in morning,2022-02-07,,Dr. C. Müller,Active
MED001256,P1426,Salbutamol,100mcg,As required,2022-06-06,2024-01-25,Dr. R. Singh,Completed
MED001257,P1426,Amoxicillin,500mg,Three times daily,2023-02-06,,Dr. L. Torres,Active
MED001258,P1427,Warfarin,3mg,Once daily,2022-01-11,,Dr. M. O'Brien,Active
MED001259,P1427,Lisinopril,10mg,Once daily,2023-11-20,,Dr. J. Nkosi,Active
MED001260,P1427,Furosemide,40mg,Once daily in morning,2022-12-09,2024-07-21,Dr. R. Singh,Completed
MED001261,P1428,Insulin Glargine,10 units,Once daily at bedtime,2022-12-24,,Dr. R. Singh,Active
MED001262,P1428,Metformin,500mg,Twice daily,2023-10-22,,Dr. Y. Tanaka,Active
MED001263,P1428,Furosemide,40mg,Once daily in morning,2023-03-15,,Dr. J. Nkosi,Active
MED001264,P1428,Amlodipine,5mg,Once daily,2023-05-03,,Dr. J. Nkosi,Active
MED001265,P1429,Lisinopril,10mg,Once daily,2023-04-18,2024-10-17,Dr. A. Patel,Completed
MED001266,P1429,Levothyroxine,50mcg,Once daily,2023-12-23,2024-03-19,Dr. S. Khan,Completed
MED001267,P1429,Ibuprofen,400mg,Three times daily with food,2023-12-12,,Dr. C. Müller,Active
MED001268,P1429,Salbutamol,100mcg,As required,2022-01-19,,Dr. A. Patel,Active
MED001269,P1429,Ramipril,5mg,Once daily,2022-05-22,,Dr. L. Torres,Active
MED001270,P1430,Atorvastatin,20mg,Once daily at night,2023-11-23,,Dr. M. O'Brien,Active
MED001271,P1430,Levothyroxine,50mcg,Once daily,2022-03-24,2024-11-19,Dr. A. Patel,Completed
MED001272,P1430,Aspirin,75mg,Once daily,2022-05-14,,Dr. C. Müller,Active
MED001273,P1430,Salbutamol,100mcg,As required,2023-11-21,2024-09-05,Dr. Y. Tanaka,Completed
MED001274,P1431,Prednisolone,5mg,Once daily,2022-08-13,,Dr. J. Nkosi,Active
MED001275,P1431,Lisinopril,10mg,Once daily,2022-01-08,,Dr. J. Nkosi,Active
MED001276,P1432,Salbutamol,100mcg,As required,2023-01-14,,Dr. J. Nkosi,Active
MED001277,P1433,Prednisolone,5mg,Once daily,2023-01-31,2024-04-10,Dr. M. O'Brien,Completed
MED001278,P1433,Amlodipine,5mg,Once daily,2023-06-12,,Dr. M. O'Brien,Active
MED001279,P1433,Bisoprolol,2.5mg,Once daily,2023-01-09,,Dr. C. Müller,Active
MED001280,P1433,Levothyroxine,50mcg,Once daily,2023-07-20,,Dr. A. Patel,Active
MED001281,P1434,Prednisolone,5mg,Once daily,2022-02-20,,Dr. R. Singh,Active
MED001282,P1434,Metformin,500mg,Twice daily,2023-12-18,,Dr. S. Khan,Active
MED001283,P1434,Gabapentin,300mg,Three times daily,2022-12-02,,Dr. R. Singh,Active
MED001284,P1435,Atorvastatin,20mg,Once daily at night,2022-11-18,2024-12-16,Dr. R. Singh,Completed
MED001285,P1436,Prednisolone,5mg,Once daily,2023-05-08,,Dr. L. Torres,Active
MED001286,P1436,Lisinopril,10mg,Once daily,2023-09-27,,Dr. S. Khan,Active
MED001287,P1436,Clopidogrel,75mg,Once daily,2022-10-16,,Dr. S. Khan,Active
MED001288,P1436,Metformin,500mg,Twice daily,2022-12-22,,Dr. S. Khan,Active
MED001289,P1437,Salbutamol,100mcg,As required,2022-04-05,,Dr. R. Singh,Active
MED001290,P1437,Insulin Glargine,10 units,Once daily at bedtime,2022-09-16,2024-02-17,Dr. A. Patel,Completed
MED001291,P1437,Gabapentin,300mg,Three times daily,2022-01-04,,Dr. C. Müller,Active
MED001292,P1438,Insulin Glargine,10 units,Once daily at bedtime,2023-02-05,,Dr. R. Singh,Active
MED001293,P1438,Omeprazole,20mg,Once daily before breakfast,2022-10-25,,Dr. R. Singh,Active
MED001294,P1438,Warfarin,3mg,Once daily,2023-11-15,,Dr. C. Müller,Active
MED001295,P1439,Ibuprofen,400mg,Three times daily with food,2023-03-12,,Dr. R. Singh,Active
MED001296,P1439,Clopidogrel,75mg,Once daily,2023-09-26,,Dr. M. O'Brien,Active
MED001297,P1440,Salbutamol,100mcg,As required,2022-05-16,2024-10-14,Dr. S. Khan,Completed
MED001298,P1440,Levothyroxine,50mcg,Once daily,2023-03-15,2024-07-14,Dr. C. Müller,Completed
MED001299,P1441,Amoxicillin,500mg,Three times daily,2023-06-24,,Dr. S. Khan,Active
MED001300,P1441,Levothyroxine,50mcg,Once daily,2022-11-16,,Dr. M. O'Brien,Active
MED001301,P1441,Lisinopril,10mg,Once daily,2023-07-16,,Dr. C. Müller,Active
MED001302,P1442,Sertraline,50mg,Once daily,2022-03-03,,Dr. J. Nkosi,Active
MED001303,P1442,Prednisolone,5mg,Once daily,2022-07-25,2024-07-03,Dr. S. Khan,Completed
MED001304,P1443,Atorvastatin,20mg,Once daily at night,2022-12-20,,Dr. S. Khan,Active
MED001305,P1443,Bisoprolol,2.5mg,Once daily,2023-03-31,,Dr. M. O'Brien,Active
MED001306,P1444,Amoxicillin,500mg,Three times daily,2022-11-01,,Dr. J. Nkosi,Active
MED001307,P1444,Levothyroxine,50mcg,Once daily,2023-04-02,2024-03-30,Dr. J. Nkosi,Completed
MED001308,P1444,Ibuprofen,400mg,Three times daily with food,2023-09-28,,Dr. S. Khan,Active
MED001309,P1444,Bisoprolol,2.5mg,Once daily,2023-05-10,,Dr. S. Khan,Active
MED001310,P1445,Insulin Glargine,10 units,Once daily at bedtime,2023-06-19,,Dr. L. Torres,Active
MED001311,P1445,Prednisolone,5mg,Once daily,2023-11-09,2024-04-20,Dr. R. Singh,Completed
MED001312,P1445,Aspirin,75mg,Once daily,2023-12-14,,Dr. Y. Tanaka,Active
MED001313,P1445,Gabapentin,300mg,Three times daily,2022-11-08,2024-08-17,Dr. L. Torres,Completed
MED001314,P1445,Furosemide,40mg,Once daily in morning,2023-04-03,2024-08-19,Dr. J. Nkosi,Completed
MED001315,P1446,Ibuprofen,400mg,Three times daily with food,2022-12-22,,Dr. Y. Tanaka,Active
MED001316,P1446,Omeprazole,20mg,Once daily before breakfast,2023-05-12,,Dr. A. Patel,Active
MED001317,P1446,Insulin Glargine,10 units,Once daily at bedtime,2023-01-30,2024-05-04,Dr. L. Torres,Completed
MED001318,P1446,Lisinopril,10mg,Once daily,2022-09-26,2024-03-04,Dr. S. Khan,Completed
MED001319,P1446,Clopidogrel,75mg,Once daily,2023-06-03,2024-06-10,Dr. L. Torres,Completed
MED001320,P1447,Sertraline,50mg,Once daily,2022-10-24,2024-03-07,Dr. C. Müller,Completed
MED001321,P1447,Atorvastatin,20mg,Once daily at night,2022-08-31,,Dr. L. Torres,Active
MED001322,P1447,Omeprazole,20mg,Once daily before breakfast,2022-01-07,2024-08-06,Dr. S. Khan,Completed
MED001323,P1448,Metformin,500mg,Twice daily,2022-11-08,,Dr. J. Nkosi,Active
MED001324,P1448,Warfarin,3mg,Once daily,2022-09-09,,Dr. R. Singh,Active
MED001325,P1448,Salbutamol,100mcg,As required,2022-07-03,2024-07-03,Dr. C. Müller,Completed
MED001326,P1448,Lisinopril,10mg,Once daily,2023-09-20,2024-08-10,Dr. S. Khan,Completed
MED001327,P1449,Levothyroxine,50mcg,Once daily,2022-08-22,2024-08-05,Dr. L. Torres,Completed
MED001328,P1449,Atorvastatin,20mg,Once daily at night,2022-01-08,,Dr. S. Khan,Active
MED001329,P1449,Furosemide,40mg,Once daily in morning,2022-07-26,2024-11-18,Dr. Y. Tanaka,Completed
MED001330,P1449,Ibuprofen,400mg,Three times daily with food,2023-06-03,2024-11-12,Dr. A. Patel,Completed
MED001331,P1450,Lisinopril,10mg,Once daily,2023-10-20,2024-06-02,Dr. R. Singh,Completed
MED001332,P1450,Gabapentin,300mg,Three times daily,2022-04-15,,Dr. R. Singh,Active
MED001333,P1450,Furosemide,40mg,Once daily in morning,2022-04-12,2024-12-19,Dr. R. Singh,Completed
MED001334,P1450,Ibuprofen,400mg,Three times daily with food,2022-12-01,,Dr. J. Nkosi,Active
MED001335,P1451,Ibuprofen,400mg,Three times daily with food,2022-06-29,,Dr. C. Müller,Active
MED001336,P1451,Bisoprolol,2.5mg,Once daily,2022-03-21,,Dr. A. Patel,Active
MED001337,P1451,Warfarin,3mg,Once daily,2023-07-02,2024-09-23,Dr. S. Khan,Completed
MED001338,P1451,Metformin,500mg,Twice daily,2023-01-27,,Dr. L. Torres,Active
MED001339,P1451,Paracetamol,500mg,Up to four times daily,2023-06-27,2024-08-27,Dr. M. O'Brien,Completed
MED001340,P1452,Amlodipine,5mg,Once daily,2023-04-12,,Dr. L. Torres,Active
MED001341,P1452,Metformin,500mg,Twice daily,2023-01-30,2024-06-23,Dr. A. Patel,Completed
MED001342,P1453,Amlodipine,5mg,Once daily,2023-01-22,,Dr. L. Torres,Active
MED001343,P1453,Clopidogrel,75mg,Once daily,2023-01-02,,Dr. S. Khan,Active
MED001344,P1454,Clopidogrel,75mg,Once daily,2022-08-25,2024-01-15,Dr. M. O'Brien,Completed
MED001345,P1454,Metformin,500mg,Twice daily,2023-05-20,,Dr. C. Müller,Active
MED001346,P1454,Amoxicillin,500mg,Three times daily,2022-09-02,,Dr. M. O'Brien,Active
MED001347,P1454,Atorvastatin,20mg,Once daily at night,2023-04-13,2024-04-15,Dr. Y. Tanaka,Completed
MED001348,P1454,Ibuprofen,400mg,Three times daily with food,2022-08-16,,Dr. R. Singh,Active
MED001349,P1455,Salbutamol,100mcg,As required,2022-08-01,2024-11-28,Dr. C. Müller,Completed
MED001350,P1456,Sertraline,50mg,Once daily,2023-08-23,2024-08-25,Dr. J. Nkosi,Completed
MED001351,P1457,Bisoprolol,2.5mg,Once daily,2022-06-18,,Dr. R. Singh,Active
MED001352,P1457,Sertraline,50mg,Once daily,2022-09-24,,Dr. A. Patel,Active
MED001353,P1457,Omeprazole,20mg,Once daily before breakfast,2022-12-19,,Dr. Y. Tanaka,Active
MED001354,P1458,Levothyroxine,50mcg,Once daily,2022-04-09,2024-12-03,Dr. R. Singh,Completed
MED001355,P1458,Furosemide,40mg,Once daily in morning,2023-09-22,,Dr. L. Torres,Active
MED001356,P1459,Insulin Glargine,10 units,Once daily at bedtime,2023-10-11,,Dr. A. Patel,Active
MED001357,P1459,Metformin,500mg,Twice daily,2022-01-27,,Dr. Y. Tanaka,Active
MED001358,P1460,Paracetamol,500mg,Up to four times daily,2022-01-12,,Dr. S. Khan,Active
MED001359,P1460,Salbutamol,100mcg,As required,2022-09-22,,Dr. J. Nkosi,Active
MED001360,P1461,Warfarin,3mg,Once daily,2022-10-25,2024-02-05,Dr. S. Khan,Completed
MED001361,P1462,Insulin Glargine,10 units,Once daily at bedtime,2023-03-06,,Dr. A. Patel,Active
MED001362,P1462,Furosemide,40mg,Once daily in morning,2023-10-19,,Dr. M. O'Brien,Active
MED001363,P1463,Levothyroxine,50mcg,Once daily,2022-02-11,2024-03-06,Dr. M. O'Brien,Completed
MED001364,P1463,Aspirin,75mg,Once daily,2022-06-21,2024-05-12,Dr. J. Nkosi,Completed
MED001365,P1463,Insulin Glargine,10 units,Once daily at bedtime,2023-01-04,,Dr. J. Nkosi,Active
MED001366,P1464,Clopidogrel,75mg,Once daily,2022-06-09,,Dr. Y. Tanaka,Active
MED001367,P1464,Sertraline,50mg,Once daily,2022-10-13,,Dr. R. Singh,Active
MED001368,P1464,Levothyroxine,50mcg,Once daily,2022-06-30,,Dr. Y. Tanaka,Active
MED001369,P1464,Furosemide,40mg,Once daily in morning,2023-04-15,,Dr. R. Singh,Active
MED001370,P1464,Aspirin,75mg,Once daily,2022-11-19,2024-09-20,Dr. R. Singh,Completed
MED001371,P1465,Bisoprolol,2.5mg,Once daily,2023-05-18,,Dr. R. Singh,Active
MED001372,P1465,Prednisolone,5mg,Once daily,2023-04-10,2024-02-11,Dr. A. Patel,Completed
MED001373,P1465,Clopidogrel,75mg,Once daily,2022-03-22,2024-11-17,Dr. S. Khan,Completed
MED001374,P1465,Insulin Glargine,10 units,Once daily at bedtime,2022-09-09,2024-12-24,Dr. Y. Tanaka,Completed
MED001375,P1466,Bisoprolol,2.5mg,Once daily,2022-03-17,,Dr. J. Nkosi,Active
MED001376,P1466,Salbutamol,100mcg,As required,2022-12-10,2024-06-18,Dr. Y. Tanaka,Completed
MED001377,P1466,Aspirin,75mg,Once daily,2022-10-23,,Dr. J. Nkosi,Active
MED001378,P1467,Insulin Glargine,10 units,Once daily at bedtime,2022-06-04,,Dr. L. Torres,Active
MED001379,P1467,Amoxicillin,500mg,Three times daily,2022-08-09,2024-04-08,Dr. R. Singh,Completed
MED001380,P1467,Bisoprolol,2.5mg,Once daily,2023-12-07,2024-06-22,Dr. M. O'Brien,Completed
MED001381,P1467,Omeprazole,20mg,Once daily before breakfast,2022-03-07,,Dr. Y. Tanaka,Active
MED001382,P1467,Furosemide,40mg,Once daily in morning,2022-07-20,,Dr. L. Torres,Active
MED001383,P1468,Insulin Glargine,10 units,Once daily at bedtime,2022-09-19,,Dr. R. Singh,Active
MED001384,P1468,Amlodipine,5mg,Once daily,2023-05-03,,Dr. C. Müller,Active
MED001385,P1468,Clopidogrel,75mg,Once daily,2022-04-18,2024-01-24,Dr. S. Khan,Completed
MED001386,P1468,Omeprazole,20mg,Once daily before breakfast,2022-02-09,,Dr. A. Patel,Active
MED001387,P1469,Aspirin,75mg,Once daily,2022-05-24,2024-06-22,Dr. R. Singh,Completed
MED001388,P1469,Lisinopril,10mg,Once daily,2022-04-20,2024-08-01,Dr. J. Nkosi,Completed
MED001389,P1470,Bisoprolol,2.5mg,Once daily,2023-07-23,,Dr. L. Torres,Active
MED001390,P1470,Omeprazole,20mg,Once daily before breakfast,2022-04-12,2024-03-05,Dr. M. O'Brien,Completed
MED001391,P1471,Ramipril,5mg,Once daily,2022-04-27,2024-06-12,Dr. J. Nkosi,Completed
MED001392,P1471,Omeprazole,20mg,Once daily before breakfast,2023-05-02,2024-11-26,Dr. A. Patel,Completed
MED001393,P1471,Insulin Glargine,10 units,Once daily at bedtime,2022-10-01,,Dr. C. Müller,Active
MED001394,P1471,Gabapentin,300mg,Three times daily,2023-05-16,,Dr. Y. Tanaka,Active
MED001395,P1472,Prednisolone,5mg,Once daily,2023-11-27,2024-06-29,Dr. S. Khan,Completed
MED001396,P1472,Amoxicillin,500mg,Three times daily,2022-08-02,2024-10-01,Dr. L. Torres,Completed
MED001397,P1472,Metformin,500mg,Twice daily,2022-07-10,2024-03-30,Dr. C. Müller,Completed
MED001398,P1472,Atorvastatin,20mg,Once daily at night,2022-07-14,,Dr. L. Torres,Active
MED001399,P1473,Clopidogrel,75mg,Once daily,2023-02-01,,Dr. J. Nkosi,Active
MED001400,P1473,Metformin,500mg,Twice daily,2022-03-30,2024-06-23,Dr. Y. Tanaka,Completed
MED001401,P1473,Bisoprolol,2.5mg,Once daily,2022-03-26,,Dr. J. Nkosi,Active
MED001402,P1473,Prednisolone,5mg,Once daily,2022-06-30,2024-10-07,Dr. S. Khan,Completed
MED001403,P1474,Levothyroxine,50mcg,Once daily,2022-05-21,,Dr. Y. Tanaka,Active
MED001404,P1474,Sertraline,50mg,Once daily,2023-03-24,,Dr. M. O'Brien,Active
MED001405,P1474,Gabapentin,300mg,Three times daily,2023-10-08,,Dr. M. O'Brien,Active
MED001406,P1475,Sertraline,50mg,Once daily,2022-10-19,2024-12-12,Dr. J. Nkosi,Completed
MED001407,P1475,Insulin Glargine,10 units,Once daily at bedtime,2022-01-15,,Dr. C. Müller,Active
MED001408,P1476,Clopidogrel,75mg,Once daily,2023-12-14,,Dr. Y. Tanaka,Active
MED001409,P1476,Atorvastatin,20mg,Once daily at night,2023-08-06,,Dr. J. Nkosi,Active
MED001410,P1476,Furosemide,40mg,Once daily in morning,2023-11-15,,Dr. S. Khan,Active
MED001411,P1476,Amlodipine,5mg,Once daily,2023-08-07,,Dr. S. Khan,Active
MED001412,P1476,Ibuprofen,400mg,Three times daily with food,2023-10-05,,Dr. Y. Tanaka,Active
MED001413,P1477,Warfarin,3mg,Once daily,2022-08-29,,Dr. S. Khan,Active
MED001414,P1477,Lisinopril,10mg,Once daily,2023-09-05,,Dr. A. Patel,Active
MED001415,P1477,Aspirin,75mg,Once daily,2022-02-06,2024-02-16,Dr. R. Singh,Completed
MED001416,P1478,Lisinopril,10mg,Once daily,2023-06-17,,Dr. J. Nkosi,Active
MED001417,P1478,Ibuprofen,400mg,Three times daily with food,2023-04-09,2024-04-14,Dr. J. Nkosi,Completed
MED001418,P1478,Sertraline,50mg,Once daily,2022-06-19,,Dr. A. Patel,Active
MED001419,P1479,Amoxicillin,500mg,Three times daily,2023-09-12,,Dr. C. Müller,Active
MED001420,P1479,Gabapentin,300mg,Three times daily,2023-05-29,,Dr. R. Singh,Active
MED001421,P1480,Salbutamol,100mcg,As required,2022-06-15,,Dr. A. Patel,Active
MED001422,P1480,Bisoprolol,2.5mg,Once daily,2023-12-31,,Dr. C. Müller,Active
MED001423,P1480,Atorvastatin,20mg,Once daily at night,2022-12-30,,Dr. S. Khan,Active
MED001424,P1480,Prednisolone,5mg,Once daily,2022-11-09,,Dr. L. Torres,Active
MED001425,P1480,Warfarin,3mg,Once daily,2023-04-18,2024-11-10,Dr. C. Müller,Completed
MED001426,P1481,Levothyroxine,50mcg,Once daily,2022-01-19,,Dr. Y. Tanaka,Active
MED001427,P1481,Bisoprolol,2.5mg,Once daily,2023-05-23,2024-01-24,Dr. J. Nkosi,Completed
MED001428,P1481,Atorvastatin,20mg,Once daily at night,2023-11-28,2024-12-04,Dr. M. O'Brien,Completed
MED001429,P1482,Sertraline,50mg,Once daily,2023-07-25,,Dr. R. Singh,Active
MED001430,P1482,Gabapentin,300mg,Three times daily,2023-07-16,,Dr. Y. Tanaka,Active
MED001431,P1482,Insulin Glargine,10 units,Once daily at bedtime,2023-09-15,2024-06-18,Dr. L. Torres,Completed
MED001432,P1482,Metformin,500mg,Twice daily,2022-07-28,2024-03-23,Dr. J. Nkosi,Completed
MED001433,P1483,Salbutamol,100mcg,As required,2023-08-04,2024-06-19,Dr. M. O'Brien,Completed
MED001434,P1484,Aspirin,75mg,Once daily,2022-12-20,,Dr. C. Müller,Active
MED001435,P1485,Insulin Glargine,10 units,Once daily at bedtime,2022-05-23,,Dr. A. Patel,Active
MED001436,P1486,Amoxicillin,500mg,Three times daily,2022-02-18,,Dr. S. Khan,Active
MED001437,P1486,Lisinopril,10mg,Once daily,2022-11-21,2024-06-03,Dr. S. Khan,Completed
MED001438,P1486,Prednisolone,5mg,Once daily,2022-10-26,2024-01-31,Dr. R. Singh,Completed
MED001439,P1486,Metformin,500mg,Twice daily,2022-01-15,,Dr. J. Nkosi,Active
MED001440,P1486,Salbutamol,100mcg,As required,2023-11-22,2024-11-18,Dr. L. Torres,Completed
MED001441,P1487,Clopidogrel,75mg,Once daily,2022-08-13,,Dr. L. Torres,Active
MED001442,P1487,Warfarin,3mg,Once daily,2022-03-15,,Dr. M. O'Brien,Active
MED001443,P1488,Levothyroxine,50mcg,Once daily,2023-12-10,2024-04-22,Dr. M. O'Brien,Completed
MED001444,P1488,Paracetamol,500mg,Up to four times daily,2022-10-20,,Dr. C. Müller,Active
MED001445,P1488,Omeprazole,20mg,Once daily before breakfast,2022-01-14,,Dr. M. O'Brien,Active
MED001446,P1488,Sertraline,50mg,Once daily,2022-09-17,2024-02-12,Dr. Y. Tanaka,Completed
MED001447,P1489,Salbutamol,100mcg,As required,2023-11-20,2024-10-19,Dr. C. Müller,Completed
MED001448,P1489,Omeprazole,20mg,Once daily before breakfast,2023-06-25,,Dr. M. O'Brien,Active
MED001449,P1489,Furosemide,40mg,Once daily in morning,2023-04-09,,Dr. C. Müller,Active
MED001450,P1490,Aspirin,75mg,Once daily,2022-06-06,,Dr. C. Müller,Active
MED001451,P1490,Amlodipine,5mg,Once daily,2023-02-04,2024-05-12,Dr. M. O'Brien,Completed
MED001452,P1490,Lisinopril,10mg,Once daily,2023-07-04,2024-09-06,Dr. A. Patel,Completed
MED001453,P1490,Prednisolone,5mg,Once daily,2022-06-15,2024-08-27,Dr. A. Patel,Completed
MED001454,P1490,Clopidogrel,75mg,Once daily,2023-09-14,,Dr. J. Nkosi,Active
MED001455,P1491,Lisinopril,10mg,Once daily,2022-03-18,,Dr. J. Nkosi,Active
MED001456,P1491,Sertraline,50mg,Once daily,2022-08-30,2024-01-29,Dr. M. O'Brien,Completed
MED001457,P1491,Atorvastatin,20mg,Once daily at night,2023-11-18,,Dr. J. Nkosi,Active
MED001458,P1492,Ibuprofen,400mg,Three times daily with food,2022-01-02,,Dr. A. Patel,Active
MED001459,P1492,Clopidogrel,75mg,Once daily,2022-11-12,,Dr. J. Nkosi,Active
MED001460,P1493,Ibuprofen,400mg,Three times daily with food,2022-07-04,,Dr. J. Nkosi,Active
MED001461,P1493,Furosemide,40mg,Once daily in morning,2023-04-24,2024-03-11,Dr. A. Patel,Completed
MED001462,P1493,Prednisolone,5mg,Once daily,2023-12-03,2024-04-27,Dr. J. Nkosi,Completed
MED001463,P1493,Paracetamol,500mg,Up to four times daily,2022-08-21,2024-04-12,Dr. M. O'Brien,Completed
MED001464,P1494,Warfarin,3mg,Once daily,2022-10-06,,Dr. L. Torres,Active
MED001465,P1494,Gabapentin,300mg,Three times daily,2022-03-10,2024-04-30,Dr. S. Khan,Completed
MED001466,P1494,Insulin Glargine,10 units,Once daily at bedtime,2022-04-13,,Dr. C. Müller,Active
MED001467,P1495,Ramipril,5mg,Once daily,2022-05-25,,Dr. C. Müller,Active
MED001468,P1495,Levothyroxine,50mcg,Once daily,2022-07-22,2024-06-03,Dr. J. Nkosi,Completed
MED001469,P1495,Prednisolone,5mg,Once daily,2022-01-19,,Dr. A. Patel,Active
MED001470,P1495,Gabapentin,300mg,Three times daily,2022-07-31,,Dr. L. Torres,Active
MED001471,P1495,Aspirin,75mg,Once daily,2023-12-10,,Dr. J. Nkosi,Active
MED001472,P1496,Furosemide,40mg,Once daily in morning,2023-01-26,,Dr. J. Nkosi,Active
MED001473,P1497,Insulin Glargine,10 units,Once daily at bedtime,2023-02-15,,Dr. J. Nkosi,Active
MED001474,P1497,Ibuprofen,400mg,Three times daily with food,2022-12-03,2024-06-03,Dr. R. Singh,Completed
MED001475,P1497,Atorvastatin,20mg,Once daily at night,2022-06-22,2024-11-23,Dr. M. O'Brien,Completed
MED001476,P1497,Bisoprolol,2.5mg,Once daily,2022-08-06,2024-06-15,Dr. J. Nkosi,Completed
MED001477,P1498,Amoxicillin,500mg,Three times daily,2023-09-02,,Dr. J. Nkosi,Active
MED001478,P1498,Sertraline,50mg,Once daily,2023-12-31,2024-07-27,Dr. R. Singh,Completed
MED001479,P1498,Aspirin,75mg,Once daily,2023-03-25,,Dr. J. Nkosi,Active
MED001480,P1499,Furosemide,40mg,Once daily in morning,2022-05-03,,Dr. Y. Tanaka,Active
MED001481,P1499,Aspirin,75mg,Once daily,2022-01-01,,Dr. C. Müller,Active
MED001482,P1500,Amlodipine,5mg,Once daily,2022-04-01,2024-12-20,Dr. S. Khan,Completed
MED001483,P1500,Insulin Glargine,10 units,Once daily at bedtime,2022-11-28,2024-03-20,Dr. L. Torres,Completed
MED001484,P1500,Levothyroxine,50mcg,Once daily,2022-09-25,,Dr. J. Nkosi,Active
MED001485,P1501,Paracetamol,500mg,Up to four times daily,2022-12-09,2024-07-23,Dr. J. Nkosi,Completed
MED001486,P1502,Ibuprofen,400mg,Three times daily with food,2022-07-14,,Dr. S. Khan,Active
MED001487,P1502,Amlodipine,5mg,Once daily,2022-09-16,2024-01-09,Dr. R. Singh,Completed
MED001488,P1503,Warfarin,3mg,Once daily,2022-07-25,,Dr. C. Müller,Active
MED001489,P1503,Clopidogrel,75mg,Once daily,2022-11-01,2024-03-19,Dr. S. Khan,Completed
MED001490,P1504,Warfarin,3mg,Once daily,2023-12-02,,Dr. L. Torres,Active
MED001491,P1504,Salbutamol,100mcg,As required,2022-07-27,,Dr. C. Müller,Active
MED001492,P1505,Ibuprofen,400mg,Three times daily with food,2023-05-06,,Dr. M. O'Brien,Active
MED001493,P1505,Insulin Glargine,10 units,Once daily at bedtime,2023-01-31,,Dr. C. Müller,Active
MED001494,P1505,Clopidogrel,75mg,Once daily,2023-12-28,2024-02-15,Dr. J. Nkosi,Completed
MED001495,P1505,Levothyroxine,50mcg,Once daily,2022-07-31,2024-09-06,Dr. M. O'Brien,Completed
MED001496,P1505,Warfarin,3mg,Once daily,2022-04-07,,Dr. A. Patel,Active
MED001497,P1506,Insulin Glargine,10 units,Once daily at bedtime,2022-05-04,,Dr. C. Müller,Active
MED001498,P1506,Ibuprofen,400mg,Three times daily with food,2022-03-14,2024-11-04,Dr. L. Torres,Completed
MED001499,P1507,Lisinopril,10mg,Once daily,2023-04-16,,Dr. S. Khan,Active
MED001500,P1507,Prednisolone,5mg,Once daily,2023-03-02,,Dr. J. Nkosi,Active
MED001501,P1507,Furosemide,40mg,Once daily in morning,2023-07-12,2024-06-16,Dr. M. O'Brien,Completed
MED001502,P1507,Clopidogrel,75mg,Once daily,2023-02-12,2024-08-02,Dr. M. O'Brien,Completed
MED001503,P1507,Levothyroxine,50mcg,Once daily,2022-06-11,,Dr. Y. Tanaka,Active
MED001504,P1508,Sertraline,50mg,Once daily,2022-01-12,,Dr. C. Müller,Active
MED001505,P1508,Warfarin,3mg,Once daily,2023-01-27,2024-07-07,Dr. M. O'Brien,Completed
MED001506,P1508,Atorvastatin,20mg,Once daily at night,2023-09-28,,Dr. M. O'Brien,Active
MED001507,P1508,Levothyroxine,50mcg,Once daily,2022-12-12,,Dr. Y. Tanaka,Active
MED001508,P1508,Prednisolone,5mg,Once daily,2023-06-25,,Dr. R. Singh,Active
MED001509,P1509,Insulin Glargine,10 units,Once daily at bedtime,2023-08-06,2024-01-29,Dr. J. Nkosi,Completed
MED001510,P1510,Ibuprofen,400mg,Three times daily with food,2022-07-08,2024-08-28,Dr. J. Nkosi,Completed
MED001511,P1510,Atorvastatin,20mg,Once daily at night,2022-01-26,,Dr. M. O'Brien,Active
MED001512,P1510,Gabapentin,300mg,Three times daily,2022-08-28,,Dr. R. Singh,Active
MED001513,P1511,Sertraline,50mg,Once daily,2023-04-21,2024-04-10,Dr. A. Patel,Completed
MED001514,P1511,Lisinopril,10mg,Once daily,2022-07-29,2024-10-10,Dr. M. O'Brien,Completed
MED001515,P1511,Omeprazole,20mg,Once daily before breakfast,2022-08-16,2024-10-03,Dr. R. Singh,Completed
MED001516,P1511,Prednisolone,5mg,Once daily,2022-03-11,2024-03-02,Dr. J. Nkosi,Completed
MED001517,P1511,Metformin,500mg,Twice daily,2023-10-04,,Dr. Y. Tanaka,Active
MED001518,P1512,Ramipril,5mg,Once daily,2023-03-26,,Dr. Y. Tanaka,Active
MED001519,P1512,Prednisolone,5mg,Once daily,2023-02-04,,Dr. M. O'Brien,Active
MED001520,P1512,Paracetamol,500mg,Up to four times daily,2022-09-09,,Dr. L. Torres,Active
MED001521,P1512,Aspirin,75mg,Once daily,2022-07-06,2024-07-15,Dr. C. Müller,Completed
MED001522,P1513,Lisinopril,10mg,Once daily,2023-12-04,2024-09-17,Dr. C. Müller,Completed
MED001523,P1513,Levothyroxine,50mcg,Once daily,2022-12-13,,Dr. J. Nkosi,Active
MED001524,P1513,Salbutamol,100mcg,As required,2022-01-25,,Dr. M. O'Brien,Active
MED001525,P1514,Warfarin,3mg,Once daily,2023-06-25,2024-12-12,Dr. L. Torres,Completed
MED001526,P1515,Clopidogrel,75mg,Once daily,2022-02-21,2024-10-29,Dr. S. Khan,Completed
MED001527,P1515,Lisinopril,10mg,Once daily,2022-03-06,2024-01-03,Dr. L. Torres,Completed
MED001528,P1515,Amoxicillin,500mg,Three times daily,2022-09-01,,Dr. J. Nkosi,Active
MED001529,P1515,Paracetamol,500mg,Up to four times daily,2023-08-23,2024-05-28,Dr. S. Khan,Completed
MED001530,P1515,Omeprazole,20mg,Once daily before breakfast,2023-08-17,,Dr. S. Khan,Active
MED001531,P1516,Paracetamol,500mg,Up to four times daily,2023-08-29,,Dr. J. Nkosi,Active
MED001532,P1517,Sertraline,50mg,Once daily,2022-01-02,,Dr. L. Torres,Active
MED001533,P1518,Sertraline,50mg,Once daily,2022-06-24,,Dr. M. O'Brien,Active
MED001534,P1518,Metformin,500mg,Twice daily,2023-08-08,,Dr. A. Patel,Active
MED001535,P1518,Levothyroxine,50mcg,Once daily,2022-05-26,,Dr. L. Torres,Active
MED001536,P1518,Prednisolone,5mg,Once daily,2023-10-28,2024-02-27,Dr. C. Müller,Completed
MED001537,P1518,Ramipril,5mg,Once daily,2022-03-30,,Dr. J. Nkosi,Active
MED001538,P1519,Aspirin,75mg,Once daily,2023-06-23,,Dr. S. Khan,Active
MED001539,P1519,Salbutamol,100mcg,As required,2023-11-02,,Dr. J. Nkosi,Active
MED001540,P1519,Metformin,500mg,Twice daily,2022-05-16,2024-02-23,Dr. J. Nkosi,Completed
MED001541,P1519,Amoxicillin,500mg,Three times daily,2023-05-17,2024-06-12,Dr. Y. Tanaka,Completed
MED001542,P1520,Atorvastatin,20mg,Once daily at night,2023-05-03,,Dr. M. O'Brien,Active
MED001543,P1520,Metformin,500mg,Twice daily,2022-06-29,,Dr. R. Singh,Active
MED001544,P1520,Ramipril,5mg,Once daily,2023-09-08,2024-06-16,Dr. M. O'Brien,Completed
MED001545,P1521,Prednisolone,5mg,Once daily,2022-12-25,2024-08-08,Dr. J. Nkosi,Completed
MED001546,P1521,Bisoprolol,2.5mg,Once daily,2022-11-19,,Dr. S. Khan,Active
MED001547,P1521,Amoxicillin,500mg,Three times daily,2022-05-02,,Dr. L. Torres,Active
MED001548,P1522,Insulin Glargine,10 units,Once daily at bedtime,2022-04-19,,Dr. M. O'Brien,Active
MED001549,P1522,Amoxicillin,500mg,Three times daily,2023-12-03,,Dr. A. Patel,Active
MED001550,P1522,Salbutamol,100mcg,As required,2022-04-13,,Dr. M. O'Brien,Active
MED001551,P1522,Ibuprofen,400mg,Three times daily with food,2023-09-11,,Dr. R. Singh,Active
MED001552,P1523,Sertraline,50mg,Once daily,2022-05-04,,Dr. A. Patel,Active
MED001553,P1523,Lisinopril,10mg,Once daily,2022-04-07,2024-01-24,Dr. M. O'Brien,Completed
MED001554,P1523,Gabapentin,300mg,Three times daily,2022-07-15,,Dr. R. Singh,Active
MED001555,P1523,Furosemide,40mg,Once daily in morning,2022-09-13,,Dr. C. Müller,Active
MED001556,P1523,Atorvastatin,20mg,Once daily at night,2023-06-06,2024-10-30,Dr. A. Patel,Completed
MED001557,P1524,Salbutamol,100mcg,As required,2022-02-19,,Dr. M. O'Brien,Active
MED001558,P1525,Sertraline,50mg,Once daily,2022-08-22,,Dr. C. Müller,Active
MED001559,P1525,Insulin Glargine,10 units,Once daily at bedtime,2023-05-23,,Dr. C. Müller,Active
MED001560,P1526,Omeprazole,20mg,Once daily before breakfast,2023-04-09,2024-10-14,Dr. M. O'Brien,Completed
MED001561,P1527,Amoxicillin,500mg,Three times daily,2023-04-25,,Dr. Y. Tanaka,Active
MED001562,P1527,Prednisolone,5mg,Once daily,2022-04-02,,Dr. J. Nkosi,Active
MED001563,P1527,Gabapentin,300mg,Three times daily,2023-06-29,2024-09-12,Dr. Y. Tanaka,Completed
MED001564,P1527,Salbutamol,100mcg,As required,2022-02-16,,Dr. S. Khan,Active
MED001565,P1528,Salbutamol,100mcg,As required,2023-05-01,2024-01-01,Dr. A. Patel,Completed
MED001566,P1529,Amoxicillin,500mg,Three times daily,2022-04-07,2024-12-26,Dr. S. Khan,Completed
MED001567,P1529,Aspirin,75mg,Once daily,2023-12-15,2024-09-18,Dr. M. O'Brien,Completed
MED001568,P1530,Atorvastatin,20mg,Once daily at night,2022-01-22,2024-05-31,Dr. L. Torres,Completed
MED001569,P1530,Levothyroxine,50mcg,Once daily,2023-01-26,,Dr. L. Torres,Active
MED001570,P1530,Ramipril,5mg,Once daily,2022-05-31,,Dr. C. Müller,Active
MED001571,P1531,Levothyroxine,50mcg,Once daily,2022-01-17,,Dr. S. Khan,Active
MED001572,P1531,Gabapentin,300mg,Three times daily,2023-08-28,,Dr. J. Nkosi,Active
MED001573,P1532,Salbutamol,100mcg,As required,2022-01-08,2024-02-23,Dr. R. Singh,Completed
MED001574,P1532,Furosemide,40mg,Once daily in morning,2022-04-02,,Dr. J. Nkosi,Active
MED001575,P1533,Bisoprolol,2.5mg,Once daily,2022-01-27,,Dr. C. Müller,Active
MED001576,P1534,Atorvastatin,20mg,Once daily at night,2023-12-21,,Dr. C. Müller,Active
MED001577,P1534,Ibuprofen,400mg,Three times daily with food,2023-12-03,,Dr. L. Torres,Active
MED001578,P1534,Amlodipine,5mg,Once daily,2023-02-28,,Dr. M. O'Brien,Active
MED001579,P1534,Warfarin,3mg,Once daily,2023-10-19,,Dr. Y. Tanaka,Active
MED001580,P1535,Amoxicillin,500mg,Three times daily,2023-06-20,,Dr. S. Khan,Active
MED001581,P1535,Levothyroxine,50mcg,Once daily,2023-06-09,2024-07-18,Dr. C. Müller,Completed
MED001582,P1536,Omeprazole,20mg,Once daily before breakfast,2022-02-27,,Dr. Y. Tanaka,Active
MED001583,P1536,Ramipril,5mg,Once daily,2022-05-26,,Dr. L. Torres,Active
MED001584,P1536,Salbutamol,100mcg,As required,2023-05-26,,Dr. M. O'Brien,Active
MED001585,P1536,Prednisolone,5mg,Once daily,2022-03-26,,Dr. C. Müller,Active
MED001586,P1536,Amoxicillin,500mg,Three times daily,2022-07-20,,Dr. C. Müller,Active
MED001587,P1537,Amlodipine,5mg,Once daily,2022-03-18,,Dr. L. Torres,Active
MED001588,P1537,Gabapentin,300mg,Three times daily,2023-08-22,,Dr. L. Torres,Active
MED001589,P1538,Ibuprofen,400mg,Three times daily with food,2023-12-19,2024-04-09,Dr. S. Khan,Completed
MED001590,P1539,Amlodipine,5mg,Once daily,2023-03-10,,Dr. C. Müller,Active
MED001591,P1539,Atorvastatin,20mg,Once daily at night,2022-09-06,,Dr. M. O'Brien,Active
MED001592,P1539,Paracetamol,500mg,Up to four times daily,2022-04-13,,Dr. R. Singh,Active
MED001593,P1539,Metformin,500mg,Twice daily,2023-07-23,,Dr. R. Singh,Active
MED001594,P1539,Warfarin,3mg,Once daily,2023-06-10,,Dr. A. Patel,Active
MED001595,P1540,Ibuprofen,400mg,Three times daily with food,2023-12-12,,Dr. M. O'Brien,Active
MED001596,P1540,Metformin,500mg,Twice daily,2023-03-03,,Dr. R. Singh,Active
MED001597,P1540,Furosemide,40mg,Once daily in morning,2023-01-29,,Dr. L. Torres,Active
MED001598,P1541,Insulin Glargine,10 units,Once daily at bedtime,2022-11-20,,Dr. C. Müller,Active
MED001599,P1542,Lisinopril,10mg,Once daily,2022-03-27,,Dr. M. O'Brien,Active
MED001600,P1542,Sertraline,50mg,Once daily,2022-02-09,,Dr. A. Patel,Active
MED001601,P1542,Paracetamol,500mg,Up to four times daily,2022-04-18,,Dr. A. Patel,Active
MED001602,P1542,Clopidogrel,75mg,Once daily,2023-12-11,,Dr. J. Nkosi,Active
MED001603,P1543,Gabapentin,300mg,Three times daily,2023-10-09,,Dr. M. O'Brien,Active
MED001604,P1543,Insulin Glargine,10 units,Once daily at bedtime,2023-02-24,2024-06-22,Dr. M. O'Brien,Completed
MED001605,P1543,Ibuprofen,400mg,Three times daily with food,2022-12-20,,Dr. S. Khan,Active
MED001606,P1544,Amlodipine,5mg,Once daily,2022-12-22,,Dr. L. Torres,Active
MED001607,P1544,Ramipril,5mg,Once daily,2023-07-03,2024-09-21,Dr. C. Müller,Completed
MED001608,P1544,Bisoprolol,2.5mg,Once daily,2022-03-09,,Dr. J. Nkosi,Active
MED001609,P1545,Salbutamol,100mcg,As required,2022-07-29,2024-03-15,Dr. M. O'Brien,Completed
MED001610,P1546,Clopidogrel,75mg,Once daily,2022-05-14,,Dr. S. Khan,Active
MED001611,P1546,Ibuprofen,400mg,Three times daily with food,2023-12-09,,Dr. S. Khan,Active
MED001612,P1546,Prednisolone,5mg,Once daily,2023-12-31,2024-10-25,Dr. J. Nkosi,Completed
MED001613,P1546,Furosemide,40mg,Once daily in morning,2022-01-10,,Dr. L. Torres,Active
MED001614,P1546,Bisoprolol,2.5mg,Once daily,2022-01-08,2024-09-07,Dr. C. Müller,Completed
MED001615,P1547,Prednisolone,5mg,Once daily,2022-04-19,,Dr. A. Patel,Active
MED001616,P1547,Levothyroxine,50mcg,Once daily,2022-12-14,,Dr. A. Patel,Active
MED001617,P1547,Amlodipine,5mg,Once daily,2022-06-01,,Dr. Y. Tanaka,Active
MED001618,P1548,Ibuprofen,400mg,Three times daily with food,2022-05-27,,Dr. Y. Tanaka,Active
MED001619,P1548,Metformin,500mg,Twice daily,2023-09-09,,Dr. L. Torres,Active
MED001620,P1548,Gabapentin,300mg,Three times daily,2023-02-05,2024-11-05,Dr. S. Khan,Completed
MED001621,P1548,Sertraline,50mg,Once daily,2023-09-02,,Dr. S. Khan,Active
MED001622,P1548,Prednisolone,5mg,Once daily,2023-06-13,,Dr. C. Müller,Active
MED001623,P1549,Amoxicillin,500mg,Three times daily,2023-01-25,2024-10-27,Dr. C. Müller,Completed
MED001624,P1549,Prednisolone,5mg,Once daily,2022-03-23,,Dr. J. Nkosi,Active
MED001625,P1549,Bisoprolol,2.5mg,Once daily,2023-02-03,,Dr. Y. Tanaka,Active
MED001626,P1550,Paracetamol,500mg,Up to four times daily,2023-12-28,,Dr. M. O'Brien,Active
MED001627,P1551,Insulin Glargine,10 units,Once daily at bedtime,2023-09-30,2024-05-19,Dr. Y. Tanaka,Completed
MED001628,P1551,Gabapentin,300mg,Three times daily,2023-07-07,,Dr. S. Khan,Active
MED001629,P1551,Levothyroxine,50mcg,Once daily,2023-11-19,,Dr. S. Khan,Active
MED001630,P1551,Aspirin,75mg,Once daily,2023-12-08,2024-06-16,Dr. M. O'Brien,Completed
MED001631,P1551,Warfarin,3mg,Once daily,2023-04-01,,Dr. Y. Tanaka,Active
MED001632,P1552,Furosemide,40mg,Once daily in morning,2022-02-09,,Dr. Y. Tanaka,Active
MED001633,P1553,Sertraline,50mg,Once daily,2023-03-17,2024-05-31,Dr. S. Khan,Completed
MED001634,P1553,Metformin,500mg,Twice daily,2023-07-11,,Dr. C. Müller,Active
MED001635,P1553,Clopidogrel,75mg,Once daily,2023-03-29,,Dr. R. Singh,Active
MED001636,P1554,Lisinopril,10mg,Once daily,2022-08-20,,Dr. S. Khan,Active
MED001637,P1555,Bisoprolol,2.5mg,Once daily,2022-10-13,,Dr. S. Khan,Active
MED001638,P1555,Amoxicillin,500mg,Three times daily,2022-11-02,,Dr. A. Patel,Active
MED001639,P1555,Paracetamol,500mg,Up to four times daily,2022-04-14,2024-11-15,Dr. L. Torres,Completed
MED001640,P1555,Metformin,500mg,Twice daily,2022-08-05,,Dr. M. O'Brien,Active
MED001641,P1555,Prednisolone,5mg,Once daily,2023-07-13,,Dr. S. Khan,Active
MED001642,P1556,Amlodipine,5mg,Once daily,2022-07-01,,Dr. C. Müller,Active
MED001643,P1556,Levothyroxine,50mcg,Once daily,2023-12-05,,Dr. R. Singh,Active
MED001644,P1556,Warfarin,3mg,Once daily,2023-03-27,,Dr. M. O'Brien,Active
MED001645,P1557,Insulin Glargine,10 units,Once daily at bedtime,2023-05-09,,Dr. J. Nkosi,Active
MED001646,P1557,Aspirin,75mg,Once daily,2022-02-18,,Dr. A. Patel,Active
MED001647,P1558,Levothyroxine,50mcg,Once daily,2022-10-31,,Dr. L. Torres,Active
MED001648,P1558,Sertraline,50mg,Once daily,2022-09-12,,Dr. M. O'Brien,Active
MED001649,P1559,Metformin,500mg,Twice daily,2023-09-01,,Dr. C. Müller,Active
MED001650,P1560,Insulin Glargine,10 units,Once daily at bedtime,2022-02-28,,Dr. Y. Tanaka,Active
MED001651,P1560,Lisinopril,10mg,Once daily,2023-08-03,,Dr. S. Khan,Active
MED001652,P1560,Ibuprofen,400mg,Three times daily with food,2023-12-13,,Dr. L. Torres,Active
MED001653,P1560,Paracetamol,500mg,Up to four times daily,2023-02-11,,Dr. S. Khan,Active
MED001654,P1560,Bisoprolol,2.5mg,Once daily,2023-04-22,2024-10-21,Dr. R. Singh,Completed
MED001655,P1561,Atorvastatin,20mg,Once daily at night,2022-02-10,2024-06-28,Dr. C. Müller,Completed
MED001656,P1562,Sertraline,50mg,Once daily,2023-12-11,,Dr. S. Khan,Active
MED001657,P1562,Ibuprofen,400mg,Three times daily with food,2022-02-28,,Dr. A. Patel,Active
MED001658,P1563,Amoxicillin,500mg,Three times daily,2022-12-21,,Dr. R. Singh,Active
MED001659,P1563,Amlodipine,5mg,Once daily,2023-01-18,2024-01-29,Dr. L. Torres,Completed
MED001660,P1564,Salbutamol,100mcg,As required,2023-03-13,,Dr. C. Müller,Active
MED001661,P1564,Atorvastatin,20mg,Once daily at night,2023-11-28,2024-07-10,Dr. Y. Tanaka,Completed
MED001662,P1564,Furosemide,40mg,Once daily in morning,2022-06-10,,Dr. C. Müller,Active
MED001663,P1565,Aspirin,75mg,Once daily,2022-06-17,2024-06-12,Dr. M. O'Brien,Completed
MED001664,P1565,Amlodipine,5mg,Once daily,2023-07-29,2024-12-24,Dr. A. Patel,Completed
MED001665,P1566,Bisoprolol,2.5mg,Once daily,2022-05-01,,Dr. Y. Tanaka,Active
MED001666,P1566,Paracetamol,500mg,Up to four times daily,2023-12-27,,Dr. A. Patel,Active
MED001667,P1566,Amlodipine,5mg,Once daily,2023-11-13,,Dr. A. Patel,Active
MED001668,P1567,Omeprazole,20mg,Once daily before breakfast,2023-06-16,,Dr. J. Nkosi,Active
MED001669,P1567,Salbutamol,100mcg,As required,2022-05-25,2024-08-26,Dr. Y. Tanaka,Completed
MED001670,P1568,Insulin Glargine,10 units,Once daily at bedtime,2023-09-19,,Dr. C. Müller,Active
MED001671,P1568,Ibuprofen,400mg,Three times daily with food,2023-02-02,,Dr. R. Singh,Active
MED001672,P1568,Gabapentin,300mg,Three times daily,2022-07-29,,Dr. L. Torres,Active
MED001673,P1569,Levothyroxine,50mcg,Once daily,2023-06-02,2024-08-02,Dr. A. Patel,Completed
MED001674,P1570,Paracetamol,500mg,Up to four times daily,2023-03-24,,Dr. R. Singh,Active
MED001675,P1570,Furosemide,40mg,Once daily in morning,2023-11-24,,Dr. R. Singh,Active
MED001676,P1570,Ibuprofen,400mg,Three times daily with food,2023-02-08,,Dr. R. Singh,Active
MED001677,P1570,Levothyroxine,50mcg,Once daily,2022-03-31,,Dr. M. O'Brien,Active
MED001678,P1571,Omeprazole,20mg,Once daily before breakfast,2022-09-29,,Dr. M. O'Brien,Active
MED001679,P1571,Paracetamol,500mg,Up to four times daily,2023-10-31,,Dr. R. Singh,Active
MED001680,P1571,Ramipril,5mg,Once daily,2022-04-04,,Dr. M. O'Brien,Active
MED001681,P1572,Amoxicillin,500mg,Three times daily,2022-08-01,,Dr. S. Khan,Active
MED001682,P1572,Ibuprofen,400mg,Three times daily with food,2023-07-18,,Dr. C. Müller,Active
MED001683,P1573,Salbutamol,100mcg,As required,2022-10-08,2024-09-01,Dr. Y. Tanaka,Completed
MED001684,P1573,Atorvastatin,20mg,Once daily at night,2023-03-28,,Dr. C. Müller,Active
MED001685,P1574,Gabapentin,300mg,Three times daily,2023-11-06,,Dr. A. Patel,Active
MED001686,P1574,Paracetamol,500mg,Up to four times daily,2022-07-17,2024-10-01,Dr. Y. Tanaka,Completed
MED001687,P1575,Ibuprofen,400mg,Three times daily with food,2023-08-06,,Dr. A. Patel,Active
MED001688,P1575,Clopidogrel,75mg,Once daily,2023-02-24,,Dr. C. Müller,Active
MED001689,P1576,Levothyroxine,50mcg,Once daily,2023-12-04,,Dr. R. Singh,Active
MED001690,P1576,Aspirin,75mg,Once daily,2023-04-27,,Dr. L. Torres,Active
MED001691,P1576,Amlodipine,5mg,Once daily,2023-02-18,2024-02-05,Dr. C. Müller,Completed
MED001692,P1576,Sertraline,50mg,Once daily,2022-08-03,2024-07-27,Dr. R. Singh,Completed
MED001693,P1577,Prednisolone,5mg,Once daily,2023-02-19,,Dr. S. Khan,Active
MED001694,P1578,Ramipril,5mg,Once daily,2022-03-07,2024-02-06,Dr. J. Nkosi,Completed
MED001695,P1578,Atorvastatin,20mg,Once daily at night,2023-12-31,,Dr. Y. Tanaka,Active
MED001696,P1578,Omeprazole,20mg,Once daily before breakfast,2023-10-01,2024-08-08,Dr. C. Müller,Completed
MED001697,P1579,Lisinopril,10mg,Once daily,2023-02-24,,Dr. S. Khan,Active
MED001698,P1579,Salbutamol,100mcg,As required,2023-05-22,2024-06-28,Dr. J. Nkosi,Completed
MED001699,P1579,Insulin Glargine,10 units,Once daily at bedtime,2023-09-21,,Dr. A. Patel,Active
MED001700,P1580,Sertraline,50mg,Once daily,2023-01-14,,Dr. M. O'Brien,Active
MED001701,P1581,Warfarin,3mg,Once daily,2022-03-21,,Dr. L. Torres,Active
MED001702,P1581,Levothyroxine,50mcg,Once daily,2023-01-31,,Dr. R. Singh,Active
MED001703,P1582,Omeprazole,20mg,Once daily before breakfast,2023-07-29,,Dr. J. Nkosi,Active
MED001704,P1582,Furosemide,40mg,Once daily in morning,2022-11-21,2024-10-05,Dr. J. Nkosi,Completed
MED001705,P1582,Ibuprofen,400mg,Three times daily with food,2022-05-23,2024-04-02,Dr. M. O'Brien,Completed
MED001706,P1583,Lisinopril,10mg,Once daily,2023-05-28,2024-03-14,Dr. S. Khan,Completed
MED001707,P1583,Atorvastatin,20mg,Once daily at night,2022-10-12,,Dr. A. Patel,Active
MED001708,P1583,Bisoprolol,2.5mg,Once daily,2022-02-02,,Dr. L. Torres,Active
MED001709,P1583,Gabapentin,300mg,Three times daily,2023-03-30,,Dr. R. Singh,Active
MED001710,P1584,Furosemide,40mg,Once daily in morning,2022-09-10,2024-11-26,Dr. J. Nkosi,Completed
MED001711,P1584,Paracetamol,500mg,Up to four times daily,2022-06-03,,Dr. J. Nkosi,Active
MED001712,P1584,Ibuprofen,400mg,Three times daily with food,2023-09-13,2024-03-06,Dr. S. Khan,Completed
MED001713,P1585,Ramipril,5mg,Once daily,2023-01-02,,Dr. A. Patel,Active
MED001714,P1585,Insulin Glargine,10 units,Once daily at bedtime,2023-06-21,2024-11-03,Dr. Y. Tanaka,Completed
MED001715,P1585,Warfarin,3mg,Once daily,2022-07-31,2024-08-20,Dr. R. Singh,Completed
MED001716,P1585,Salbutamol,100mcg,As required,2023-06-07,2024-06-20,Dr. C. Müller,Completed
MED001717,P1585,Clopidogrel,75mg,Once daily,2022-05-26,,Dr. J. Nkosi,Active
MED001718,P1586,Metformin,500mg,Twice daily,2023-02-06,,Dr. L. Torres,Active
MED001719,P1586,Omeprazole,20mg,Once daily before breakfast,2022-12-23,,Dr. A. Patel,Active
MED001720,P1586,Salbutamol,100mcg,As required,2023-09-09,2024-07-23,Dr. A. Patel,Completed
MED001721,P1586,Levothyroxine,50mcg,Once daily,2023-08-11,2024-09-25,Dr. J. Nkosi,Completed
MED001722,P1587,Insulin Glargine,10 units,Once daily at bedtime,2022-05-31,,Dr. C. Müller,Active
MED001723,P1588,Warfarin,3mg,Once daily,2023-06-29,,Dr. Y. Tanaka,Active
MED001724,P1588,Sertraline,50mg,Once daily,2022-07-01,,Dr. L. Torres,Active
MED001725,P1588,Amoxicillin,500mg,Three times daily,2022-11-04,,Dr. J. Nkosi,Active
MED001726,P1589,Omeprazole,20mg,Once daily before breakfast,2023-06-27,,Dr. M. O'Brien,Active
MED001727,P1590,Gabapentin,300mg,Three times daily,2022-06-26,,Dr. J. Nkosi,Active
MED001728,P1591,Metformin,500mg,Twice daily,2022-05-27,2024-04-03,Dr. S. Khan,Completed
MED001729,P1591,Gabapentin,300mg,Three times daily,2022-12-16,,Dr. M. O'Brien,Active
MED001730,P1591,Amoxicillin,500mg,Three times daily,2023-10-23,,Dr. R. Singh,Active
MED001731,P1591,Atorvastatin,20mg,Once daily at night,2022-03-22,2024-09-17,Dr. L. Torres,Completed
MED001732,P1591,Prednisolone,5mg,Once daily,2022-02-02,,Dr. S. Khan,Active
MED001733,P1592,Sertraline,50mg,Once daily,2022-01-09,2024-10-02,Dr. Y. Tanaka,Completed
MED001734,P1592,Aspirin,75mg,Once daily,2023-05-26,,Dr. S. Khan,Active
MED001735,P1592,Ramipril,5mg,Once daily,2023-09-22,2024-01-24,Dr. J. Nkosi,Completed
MED001736,P1592,Ibuprofen,400mg,Three times daily with food,2022-06-30,2024-08-08,Dr. A. Patel,Completed
MED001737,P1593,Ramipril,5mg,Once daily,2022-10-21,2024-08-06,Dr. Y. Tanaka,Completed
MED001738,P1593,Levothyroxine,50mcg,Once daily,2022-09-20,,Dr. L. Torres,Active
MED001739,P1593,Paracetamol,500mg,Up to four times daily,2023-03-09,2024-11-21,Dr. J. Nkosi,Completed
MED001740,P1593,Amoxicillin,500mg,Three times daily,2022-03-21,,Dr. J. Nkosi,Active
MED001741,P1594,Bisoprolol,2.5mg,Once daily,2023-07-12,,Dr. R. Singh,Active
MED001742,P1594,Ramipril,5mg,Once daily,2022-09-21,2024-08-10,Dr. Y. Tanaka,Completed
MED001743,P1595,Metformin,500mg,Twice daily,2023-07-16,,Dr. M. O'Brien,Active
MED001744,P1595,Furosemide,40mg,Once daily in morning,2022-03-21,,Dr. L. Torres,Active
MED001745,P1596,Clopidogrel,75mg,Once daily,2022-06-02,2024-04-15,Dr. S. Khan,Completed
MED001746,P1596,Insulin Glargine,10 units,Once daily at bedtime,2022-05-20,,Dr. S. Khan,Active
MED001747,P1596,Prednisolone,5mg,Once daily,2022-06-02,,Dr. R. Singh,Active
MED001748,P1597,Amoxicillin,500mg,Three times daily,2022-01-22,,Dr. S. Khan,Active
MED001749,P1597,Clopidogrel,75mg,Once daily,2022-10-01,2024-06-17,Dr. Y. Tanaka,Completed
MED001750,P1597,Bisoprolol,2.5mg,Once daily,2022-01-22,,Dr. Y. Tanaka,Active
MED001751,P1597,Aspirin,75mg,Once daily,2022-03-01,,Dr. M. O'Brien,Active
MED001752,P1597,Prednisolone,5mg,Once daily,2022-11-04,2024-12-30,Dr. R. Singh,Completed
MED001753,P1598,Ibuprofen,400mg,Three times daily with food,2022-03-13,2024-02-26,Dr. R. Singh,Completed
MED001754,P1598,Sertraline,50mg,Once daily,2023-12-12,,Dr. Y. Tanaka,Active
MED001755,P1598,Paracetamol,500mg,Up to four times daily,2022-08-04,2024-01-22,Dr. M. O'Brien,Completed
MED001756,P1599,Aspirin,75mg,Once daily,2022-11-21,,Dr. C. Müller,Active
MED001757,P1599,Warfarin,3mg,Once daily,2022-08-25,,Dr. L. Torres,Active
MED001758,P1599,Levothyroxine,50mcg,Once daily,2023-03-14,,Dr. R. Singh,Active
MED001759,P1600,Bisoprolol,2.5mg,Once daily,2022-12-21,,Dr. R. Singh,Active
MED001760,P1600,Lisinopril,10mg,Once daily,2023-05-31,,Dr. M. O'Brien,Active
MED001761,P1600,Amlodipine,5mg,Once daily,2023-01-23,2024-04-05,Dr. Y. Tanaka,Completed
MED001762,P1600,Prednisolone,5mg,Once daily,2022-12-25,2024-04-05,Dr. Y. Tanaka,Completed
MED001763,P1600,Clopidogrel,75mg,Once daily,2023-10-12,2024-03-20,Dr. C. Müller,Completed
MED001764,P1601,Aspirin,75mg,Once daily,2022-06-27,2024-08-12,Dr. M. O'Brien,Completed
MED001765,P1601,Lisinopril,10mg,Once daily,2023-06-13,,Dr. A. Patel,Active
MED001766,P1601,Amlodipine,5mg,Once daily,2023-05-16,2024-07-31,Dr. L. Torres,Completed
MED001767,P1602,Ibuprofen,400mg,Three times daily with food,2023-12-01,,Dr. C. Müller,Active
MED001768,P1602,Metformin,500mg,Twice daily,2023-11-10,,Dr. L. Torres,Active
MED001769,P1602,Warfarin,3mg,Once daily,2022-08-14,,Dr. J. Nkosi,Active
MED001770,P1602,Sertraline,50mg,Once daily,2022-12-20,,Dr. J. Nkosi,Active
MED001771,P1602,Amlodipine,5mg,Once daily,2023-08-19,,Dr. A. Patel,Active
MED001772,P1603,Atorvastatin,20mg,Once daily at night,2022-05-04,,Dr. Y. Tanaka,Active
MED001773,P1603,Clopidogrel,75mg,Once daily,2022-01-06,,Dr. A. Patel,Active
MED001774,P1604,Prednisolone,5mg,Once daily,2022-05-24,2024-01-29,Dr. R. Singh,Completed
MED001775,P1605,Omeprazole,20mg,Once daily before breakfast,2022-02-13,,Dr. J. Nkosi,Active
MED001776,P1605,Aspirin,75mg,Once daily,2023-08-13,,Dr. C. Müller,Active
MED001777,P1606,Amoxicillin,500mg,Three times daily,2023-08-08,,Dr. L. Torres,Active
MED001778,P1607,Warfarin,3mg,Once daily,2022-01-16,,Dr. L. Torres,Active
MED001779,P1607,Atorvastatin,20mg,Once daily at night,2023-04-27,,Dr. M. O'Brien,Active
MED001780,P1607,Paracetamol,500mg,Up to four times daily,2022-09-27,,Dr. R. Singh,Active
MED001781,P1607,Lisinopril,10mg,Once daily,2023-08-02,,Dr. S. Khan,Active
MED001782,P1608,Ibuprofen,400mg,Three times daily with food,2022-07-16,,Dr. C. Müller,Active
MED001783,P1609,Sertraline,50mg,Once daily,2023-06-28,,Dr. R. Singh,Active
MED001784,P1609,Metformin,500mg,Twice daily,2023-04-19,,Dr. A. Patel,Active
MED001785,P1609,Warfarin,3mg,Once daily,2022-07-07,,Dr. J. Nkosi,Active
MED001786,P1609,Amoxicillin,500mg,Three times daily,2022-05-05,,Dr. J. Nkosi,Active
MED001787,P1610,Metformin,500mg,Twice daily,2022-12-15,2024-04-12,Dr. M. O'Brien,Completed
MED001788,P1610,Omeprazole,20mg,Once daily before breakfast,2023-04-20,,Dr. A. Patel,Active
MED001789,P1610,Levothyroxine,50mcg,Once daily,2023-12-09,,Dr. R. Singh,Active
MED001790,P1611,Salbutamol,100mcg,As required,2023-11-08,,Dr. C. Müller,Active
MED001791,P1611,Atorvastatin,20mg,Once daily at night,2023-09-16,,Dr. R. Singh,Active
MED001792,P1612,Levothyroxine,50mcg,Once daily,2023-01-23,,Dr. L. Torres,Active
MED001793,P1612,Warfarin,3mg,Once daily,2023-02-26,,Dr. S. Khan,Active
MED001794,P1612,Prednisolone,5mg,Once daily,2022-10-12,2024-09-15,Dr. L. Torres,Completed
MED001795,P1612,Insulin Glargine,10 units,Once daily at bedtime,2022-01-09,2024-01-07,Dr. S. Khan,Completed
MED001796,P1613,Paracetamol,500mg,Up to four times daily,2022-07-15,,Dr. L. Torres,Active
MED001797,P1613,Salbutamol,100mcg,As required,2023-05-16,,Dr. A. Patel,Active
MED001798,P1614,Ramipril,5mg,Once daily,2022-07-04,2024-12-05,Dr. J. Nkosi,Completed
MED001799,P1614,Amoxicillin,500mg,Three times daily,2022-08-17,,Dr. M. O'Brien,Active
MED001800,P1614,Aspirin,75mg,Once daily,2023-10-20,,Dr. J. Nkosi,Active
MED001801,P1614,Bisoprolol,2.5mg,Once daily,2022-08-29,2024-01-23,Dr. S. Khan,Completed
MED001802,P1615,Salbutamol,100mcg,As required,2023-05-21,,Dr. Y. Tanaka,Active
MED001803,P1615,Lisinopril,10mg,Once daily,2023-07-06,,Dr. C. Müller,Active
MED001804,P1615,Ibuprofen,400mg,Three times daily with food,2022-03-22,2024-11-29,Dr. A. Patel,Completed
MED001805,P1616,Amlodipine,5mg,Once daily,2022-12-26,,Dr. S. Khan,Active
MED001806,P1617,Warfarin,3mg,Once daily,2023-10-01,2024-04-15,Dr. L. Torres,Completed
MED001807,P1617,Aspirin,75mg,Once daily,2023-06-05,,Dr. S. Khan,Active
MED001808,P1617,Salbutamol,100mcg,As required,2022-10-20,2024-07-21,Dr. C. Müller,Completed
MED001809,P1617,Ibuprofen,400mg,Three times daily with food,2022-08-19,2024-06-12,Dr. R. Singh,Completed
MED001810,P1617,Ramipril,5mg,Once daily,2023-10-11,,Dr. A. Patel,Active
MED001811,P1618,Amoxicillin,500mg,Three times daily,2023-05-08,,Dr. R. Singh,Active
MED001812,P1619,Sertraline,50mg,Once daily,2023-06-06,,Dr. J. Nkosi,Active
MED001813,P1619,Lisinopril,10mg,Once daily,2023-07-19,2024-04-08,Dr. Y. Tanaka,Completed
MED001814,P1619,Bisoprolol,2.5mg,Once daily,2022-02-25,,Dr. L. Torres,Active
MED001815,P1619,Gabapentin,300mg,Three times daily,2022-10-09,2024-10-01,Dr. R. Singh,Completed
MED001816,P1620,Lisinopril,10mg,Once daily,2023-11-15,2024-10-04,Dr. S. Khan,Completed
MED001817,P1621,Amoxicillin,500mg,Three times daily,2023-11-24,2024-02-25,Dr. L. Torres,Completed
MED001818,P1621,Furosemide,40mg,Once daily in morning,2022-07-01,,Dr. M. O'Brien,Active
MED001819,P1622,Salbutamol,100mcg,As required,2022-03-09,,Dr. Y. Tanaka,Active
MED001820,P1622,Sertraline,50mg,Once daily,2022-09-13,2024-09-06,Dr. A. Patel,Completed
MED001821,P1622,Paracetamol,500mg,Up to four times daily,2022-03-10,2024-07-04,Dr. J. Nkosi,Completed
MED001822,P1622,Metformin,500mg,Twice daily,2023-02-16,2024-05-30,Dr. Y. Tanaka,Completed
MED001823,P1623,Aspirin,75mg,Once daily,2023-04-30,,Dr. S. Khan,Active
MED001824,P1624,Prednisolone,5mg,Once daily,2022-06-09,,Dr. M. O'Brien,Active
MED001825,P1625,Paracetamol,500mg,Up to four times daily,2023-03-21,,Dr. L. Torres,Active
MED001826,P1625,Sertraline,50mg,Once daily,2022-04-29,,Dr. C. Müller,Active
MED001827,P1625,Insulin Glargine,10 units,Once daily at bedtime,2022-01-11,,Dr. R. Singh,Active
MED001828,P1625,Amlodipine,5mg,Once daily,2023-01-29,,Dr. S. Khan,Active
MED001829,P1626,Prednisolone,5mg,Once daily,2022-07-11,,Dr. M. O'Brien,Active
MED001830,P1627,Amlodipine,5mg,Once daily,2023-05-08,,Dr. C. Müller,Active
MED001831,P1628,Ramipril,5mg,Once daily,2022-09-01,2024-09-09,Dr. R. Singh,Completed
MED001832,P1628,Furosemide,40mg,Once daily in morning,2022-08-17,,Dr. C. Müller,Active
MED001833,P1628,Prednisolone,5mg,Once daily,2022-07-22,2024-05-14,Dr. M. O'Brien,Completed
MED001834,P1629,Gabapentin,300mg,Three times daily,2022-05-03,,Dr. R. Singh,Active
MED001835,P1629,Insulin Glargine,10 units,Once daily at bedtime,2023-10-25,,Dr. C. Müller,Active
MED001836,P1629,Lisinopril,10mg,Once daily,2022-08-12,2024-06-11,Dr. L. Torres,Completed
MED001837,P1629,Amoxicillin,500mg,Three times daily,2023-08-29,,Dr. L. Torres,Active
MED001838,P1629,Warfarin,3mg,Once daily,2023-11-15,,Dr. M. O'Brien,Active
MED001839,P1630,Insulin Glargine,10 units,Once daily at bedtime,2023-08-05,,Dr. M. O'Brien,Active
MED001840,P1631,Sertraline,50mg,Once daily,2022-02-25,2024-06-28,Dr. A. Patel,Completed
MED001841,P1631,Amoxicillin,500mg,Three times daily,2023-11-11,,Dr. Y. Tanaka,Active
MED001842,P1631,Ramipril,5mg,Once daily,2023-01-13,,Dr. J. Nkosi,Active
MED001843,P1632,Levothyroxine,50mcg,Once daily,2023-06-04,,Dr. J. Nkosi,Active
MED001844,P1632,Lisinopril,10mg,Once daily,2022-10-25,,Dr. J. Nkosi,Active
MED001845,P1632,Metformin,500mg,Twice daily,2022-03-29,,Dr. M. O'Brien,Active
MED001846,P1633,Aspirin,75mg,Once daily,2022-08-03,2024-09-11,Dr. J. Nkosi,Completed
MED001847,P1633,Paracetamol,500mg,Up to four times daily,2022-05-21,,Dr. S. Khan,Active
MED001848,P1633,Gabapentin,300mg,Three times daily,2023-07-25,2024-12-05,Dr. Y. Tanaka,Completed
MED001849,P1633,Amoxicillin,500mg,Three times daily,2022-03-30,,Dr. Y. Tanaka,Active
MED001850,P1634,Lisinopril,10mg,Once daily,2022-10-19,2024-01-28,Dr. Y. Tanaka,Completed
MED001851,P1634,Clopidogrel,75mg,Once daily,2022-08-13,,Dr. Y. Tanaka,Active
MED001852,P1634,Amlodipine,5mg,Once daily,2022-11-15,,Dr. L. Torres,Active
MED001853,P1634,Ramipril,5mg,Once daily,2022-04-19,,Dr. S. Khan,Active
MED001854,P1635,Salbutamol,100mcg,As required,2022-01-29,,Dr. S. Khan,Active
MED001855,P1635,Amoxicillin,500mg,Three times daily,2022-08-22,2024-12-17,Dr. M. O'Brien,Completed
MED001856,P1635,Amlodipine,5mg,Once daily,2022-05-01,2024-10-07,Dr. A. Patel,Completed
MED001857,P1635,Prednisolone,5mg,Once daily,2022-09-19,,Dr. S. Khan,Active
MED001858,P1635,Metformin,500mg,Twice daily,2022-04-06,,Dr. J. Nkosi,Active
MED001859,P1636,Aspirin,75mg,Once daily,2023-04-23,,Dr. M. O'Brien,Active
MED001860,P1636,Lisinopril,10mg,Once daily,2022-09-30,2024-11-26,Dr. Y. Tanaka,Completed
MED001861,P1636,Furosemide,40mg,Once daily in morning,2023-12-29,,Dr. L. Torres,Active
MED001862,P1636,Atorvastatin,20mg,Once daily at night,2022-11-27,,Dr. L. Torres,Active
MED001863,P1636,Omeprazole,20mg,Once daily before breakfast,2023-03-13,,Dr. S. Khan,Active
MED001864,P1637,Prednisolone,5mg,Once daily,2023-02-11,,Dr. Y. Tanaka,Active
MED001865,P1637,Bisoprolol,2.5mg,Once daily,2022-11-13,,Dr. A. Patel,Active
MED001866,P1637,Gabapentin,300mg,Three times daily,2023-10-07,,Dr. S. Khan,Active
MED001867,P1638,Amoxicillin,500mg,Three times daily,2023-09-10,2024-12-10,Dr. A. Patel,Completed
MED001868,P1638,Paracetamol,500mg,Up to four times daily,2023-06-08,,Dr. J. Nkosi,Active
MED001869,P1638,Lisinopril,10mg,Once daily,2023-06-19,,Dr. C. Müller,Active
MED001870,P1639,Insulin Glargine,10 units,Once daily at bedtime,2023-07-02,,Dr. C. Müller,Active
MED001871,P1639,Lisinopril,10mg,Once daily,2023-07-11,,Dr. M. O'Brien,Active
MED001872,P1639,Ibuprofen,400mg,Three times daily with food,2023-01-22,,Dr. S. Khan,Active
MED001873,P1640,Gabapentin,300mg,Three times daily,2023-04-09,,Dr. C. Müller,Active
MED001874,P1640,Clopidogrel,75mg,Once daily,2023-12-14,,Dr. R. Singh,Active
MED001875,P1640,Aspirin,75mg,Once daily,2023-04-12,,Dr. L. Torres,Active
MED001876,P1640,Paracetamol,500mg,Up to four times daily,2023-07-06,,Dr. R. Singh,Active
MED001877,P1641,Paracetamol,500mg,Up to four times daily,2023-03-21,,Dr. A. Patel,Active
MED001878,P1641,Clopidogrel,75mg,Once daily,2022-02-10,,Dr. R. Singh,Active
MED001879,P1641,Sertraline,50mg,Once daily,2022-02-04,,Dr. C. Müller,Active
MED001880,P1641,Gabapentin,300mg,Three times daily,2023-06-22,2024-12-01,Dr. J. Nkosi,Completed
MED001881,P1641,Ibuprofen,400mg,Three times daily with food,2023-05-02,2024-04-24,Dr. J. Nkosi,Completed
MED001882,P1642,Paracetamol,500mg,Up to four times daily,2023-11-12,,Dr. C. Müller,Active
MED001883,P1642,Levothyroxine,50mcg,Once daily,2023-05-26,,Dr. C. Müller,Active
MED001884,P1642,Atorvastatin,20mg,Once daily at night,2022-12-12,,Dr. Y. Tanaka,Active
MED001885,P1643,Prednisolone,5mg,Once daily,2022-09-25,,Dr. A. Patel,Active
MED001886,P1643,Furosemide,40mg,Once daily in morning,2023-01-04,2024-08-23,Dr. J. Nkosi,Completed
MED001887,P1644,Atorvastatin,20mg,Once daily at night,2022-08-12,2024-06-19,Dr. Y. Tanaka,Completed
MED001888,P1644,Ramipril,5mg,Once daily,2023-11-28,,Dr. M. O'Brien,Active
MED001889,P1645,Amoxicillin,500mg,Three times daily,2022-12-08,,Dr. Y. Tanaka,Active
MED001890,P1645,Amlodipine,5mg,Once daily,2023-02-12,,Dr. J. Nkosi,Active
MED001891,P1645,Aspirin,75mg,Once daily,2022-02-26,,Dr. J. Nkosi,Active
MED001892,P1645,Prednisolone,5mg,Once daily,2023-05-26,,Dr. A. Patel,Active
MED001893,P1645,Furosemide,40mg,Once daily in morning,2023-03-26,,Dr. S. Khan,Active
MED001894,P1646,Amlodipine,5mg,Once daily,2022-12-21,,Dr. J. Nkosi,Active
MED001895,P1646,Insulin Glargine,10 units,Once daily at bedtime,2022-11-10,2024-02-10,Dr. Y. Tanaka,Completed
MED001896,P1646,Omeprazole,20mg,Once daily before breakfast,2022-11-14,,Dr. Y. Tanaka,Active
MED001897,P1646,Bisoprolol,2.5mg,Once daily,2022-01-04,,Dr. L. Torres,Active
MED001898,P1646,Atorvastatin,20mg,Once daily at night,2023-07-09,,Dr. Y. Tanaka,Active
MED001899,P1647,Lisinopril,10mg,Once daily,2023-12-22,,Dr. M. O'Brien,Active
MED001900,P1648,Clopidogrel,75mg,Once daily,2023-08-23,,Dr. L. Torres,Active
MED001901,P1648,Amoxicillin,500mg,Three times daily,2022-07-26,,Dr. A. Patel,Active
MED001902,P1648,Sertraline,50mg,Once daily,2023-09-24,2024-08-01,Dr. M. O'Brien,Completed
MED001903,P1649,Paracetamol,500mg,Up to four times daily,2023-06-02,,Dr. M. O'Brien,Active
MED001904,P1649,Aspirin,75mg,Once daily,2023-07-28,,Dr. A. Patel,Active
MED001905,P1649,Salbutamol,100mcg,As required,2022-03-27,,Dr. J. Nkosi,Active
MED001906,P1649,Amlodipine,5mg,Once daily,2022-05-27,,Dr. R. Singh,Active
MED001907,P1650,Insulin Glargine,10 units,Once daily at bedtime,2023-11-25,,Dr. S. Khan,Active
MED001908,P1650,Paracetamol,500mg,Up to four times daily,2023-06-08,,Dr. Y. Tanaka,Active
MED001909,P1650,Metformin,500mg,Twice daily,2022-04-24,2024-06-19,Dr. M. O'Brien,Completed
MED001910,P1650,Atorvastatin,20mg,Once daily at night,2022-02-16,,Dr. S. Khan,Active
MED001911,P1651,Clopidogrel,75mg,Once daily,2022-03-22,2024-10-11,Dr. C. Müller,Completed
MED001912,P1651,Prednisolone,5mg,Once daily,2022-02-03,,Dr. J. Nkosi,Active
MED001913,P1651,Amlodipine,5mg,Once daily,2022-11-16,,Dr. S. Khan,Active
MED001914,P1651,Omeprazole,20mg,Once daily before breakfast,2023-05-01,2024-02-16,Dr. Y. Tanaka,Completed
MED001915,P1651,Aspirin,75mg,Once daily,2023-12-25,2024-02-15,Dr. L. Torres,Completed
MED001916,P1652,Furosemide,40mg,Once daily in morning,2022-03-29,,Dr. M. O'Brien,Active
MED001917,P1652,Clopidogrel,75mg,Once daily,2022-09-11,,Dr. R. Singh,Active
MED001918,P1652,Levothyroxine,50mcg,Once daily,2023-01-08,,Dr. C. Müller,Active
MED001919,P1652,Sertraline,50mg,Once daily,2022-11-05,,Dr. S. Khan,Active
MED001920,P1653,Insulin Glargine,10 units,Once daily at bedtime,2022-01-25,,Dr. C. Müller,Active
MED001921,P1653,Warfarin,3mg,Once daily,2022-07-24,2024-07-29,Dr. L. Torres,Completed
MED001922,P1653,Bisoprolol,2.5mg,Once daily,2023-06-06,,Dr. A. Patel,Active
MED001923,P1654,Paracetamol,500mg,Up to four times daily,2022-10-29,2024-06-15,Dr. M. O'Brien,Completed
MED001924,P1655,Amlodipine,5mg,Once daily,2023-02-28,,Dr. C. Müller,Active
MED001925,P1655,Atorvastatin,20mg,Once daily at night,2022-09-23,,Dr. C. Müller,Active
MED001926,P1655,Gabapentin,300mg,Three times daily,2023-10-29,,Dr. C. Müller,Active
MED001927,P1656,Ibuprofen,400mg,Three times daily with food,2022-09-29,2024-06-24,Dr. M. O'Brien,Completed
MED001928,P1656,Amoxicillin,500mg,Three times daily,2022-10-08,,Dr. L. Torres,Active
MED001929,P1656,Lisinopril,10mg,Once daily,2023-07-15,,Dr. L. Torres,Active
MED001930,P1656,Bisoprolol,2.5mg,Once daily,2023-08-21,2024-06-10,Dr. J. Nkosi,Completed
MED001931,P1657,Amlodipine,5mg,Once daily,2023-11-16,2024-06-28,Dr. S. Khan,Completed
MED001932,P1657,Gabapentin,300mg,Three times daily,2023-06-18,2024-07-12,Dr. J. Nkosi,Completed
MED001933,P1657,Clopidogrel,75mg,Once daily,2023-09-05,2024-12-30,Dr. L. Torres,Completed
MED001934,P1658,Furosemide,40mg,Once daily in morning,2023-04-12,2024-01-18,Dr. L. Torres,Completed
MED001935,P1658,Lisinopril,10mg,Once daily,2023-09-26,,Dr. S. Khan,Active
MED001936,P1658,Bisoprolol,2.5mg,Once daily,2022-06-27,,Dr. L. Torres,Active
MED001937,P1658,Omeprazole,20mg,Once daily before breakfast,2022-08-30,,Dr. L. Torres,Active
MED001938,P1659,Amlodipine,5mg,Once daily,2023-10-25,2024-01-25,Dr. S. Khan,Completed
MED001939,P1659,Prednisolone,5mg,Once daily,2023-01-28,,Dr. J. Nkosi,Active
MED001940,P1659,Lisinopril,10mg,Once daily,2023-08-04,,Dr. M. O'Brien,Active
MED001941,P1659,Aspirin,75mg,Once daily,2023-11-06,2024-07-19,Dr. M. O'Brien,Completed
MED001942,P1660,Gabapentin,300mg,Three times daily,2023-07-20,,Dr. Y. Tanaka,Active
MED001943,P1660,Ramipril,5mg,Once daily,2022-05-03,2024-12-21,Dr. M. O'Brien,Completed
MED001944,P1660,Omeprazole,20mg,Once daily before breakfast,2023-12-27,2024-10-20,Dr. S. Khan,Completed
MED001945,P1661,Amoxicillin,500mg,Three times daily,2022-01-03,,Dr. C. Müller,Active
MED001946,P1661,Bisoprolol,2.5mg,Once daily,2022-06-27,,Dr. S. Khan,Active
MED001947,P1662,Bisoprolol,2.5mg,Once daily,2023-03-01,,Dr. S. Khan,Active
MED001948,P1662,Aspirin,75mg,Once daily,2023-05-21,,Dr. S. Khan,Active
MED001949,P1662,Salbutamol,100mcg,As required,2023-11-30,,Dr. C. Müller,Active
MED001950,P1662,Furosemide,40mg,Once daily in morning,2022-01-09,,Dr. S. Khan,Active
MED001951,P1662,Lisinopril,10mg,Once daily,2022-04-08,,Dr. M. O'Brien,Active
MED001952,P1663,Ramipril,5mg,Once daily,2023-08-02,2024-04-17,Dr. R. Singh,Completed
MED001953,P1663,Sertraline,50mg,Once daily,2022-07-31,2024-07-10,Dr. J. Nkosi,Completed
MED001954,P1664,Insulin Glargine,10 units,Once daily at bedtime,2023-04-17,,Dr. L. Torres,Active
MED001955,P1664,Aspirin,75mg,Once daily,2022-12-29,,Dr. A. Patel,Active
MED001956,P1664,Prednisolone,5mg,Once daily,2022-10-07,,Dr. A. Patel,Active
MED001957,P1665,Salbutamol,100mcg,As required,2022-04-03,,Dr. C. Müller,Active
MED001958,P1665,Lisinopril,10mg,Once daily,2023-07-18,2024-12-07,Dr. M. O'Brien,Completed
MED001959,P1665,Clopidogrel,75mg,Once daily,2022-03-21,,Dr. M. O'Brien,Active
MED001960,P1665,Paracetamol,500mg,Up to four times daily,2022-10-25,2024-10-07,Dr. M. O'Brien,Completed
MED001961,P1665,Ibuprofen,400mg,Three times daily with food,2022-04-10,,Dr. C. Müller,Active
MED001962,P1666,Clopidogrel,75mg,Once daily,2022-01-05,2024-08-08,Dr. L. Torres,Completed
MED001963,P1666,Ibuprofen,400mg,Three times daily with food,2023-10-22,,Dr. Y. Tanaka,Active
MED001964,P1667,Omeprazole,20mg,Once daily before breakfast,2022-08-11,,Dr. M. O'Brien,Active
MED001965,P1667,Aspirin,75mg,Once daily,2022-09-16,2024-08-09,Dr. J. Nkosi,Completed
MED001966,P1668,Prednisolone,5mg,Once daily,2022-03-22,2024-05-08,Dr. S. Khan,Completed
MED001967,P1668,Bisoprolol,2.5mg,Once daily,2022-10-28,,Dr. M. O'Brien,Active
MED001968,P1668,Warfarin,3mg,Once daily,2023-06-18,,Dr. L. Torres,Active
MED001969,P1668,Amoxicillin,500mg,Three times daily,2023-05-04,,Dr. A. Patel,Active
MED001970,P1669,Salbutamol,100mcg,As required,2023-12-15,2024-08-05,Dr. L. Torres,Completed
MED001971,P1669,Paracetamol,500mg,Up to four times daily,2022-08-08,2024-02-09,Dr. A. Patel,Completed
MED001972,P1669,Levothyroxine,50mcg,Once daily,2022-12-19,,Dr. L. Torres,Active
MED001973,P1670,Warfarin,3mg,Once daily,2023-12-09,,Dr. R. Singh,Active
MED001974,P1671,Aspirin,75mg,Once daily,2022-09-10,,Dr. L. Torres,Active
MED001975,P1671,Gabapentin,300mg,Three times daily,2022-11-03,,Dr. J. Nkosi,Active
MED001976,P1672,Furosemide,40mg,Once daily in morning,2022-11-23,,Dr. Y. Tanaka,Active
MED001977,P1672,Lisinopril,10mg,Once daily,2023-05-10,,Dr. L. Torres,Active
MED001978,P1672,Clopidogrel,75mg,Once daily,2023-05-21,2024-10-05,Dr. S. Khan,Completed
MED001979,P1673,Paracetamol,500mg,Up to four times daily,2023-03-10,2024-12-31,Dr. A. Patel,Completed
MED001980,P1673,Amlodipine,5mg,Once daily,2022-04-17,,Dr. M. O'Brien,Active
MED001981,P1673,Insulin Glargine,10 units,Once daily at bedtime,2022-07-11,2024-04-09,Dr. Y. Tanaka,Completed
MED001982,P1674,Lisinopril,10mg,Once daily,2022-06-18,2024-05-08,Dr. M. O'Brien,Completed
MED001983,P1674,Salbutamol,100mcg,As required,2023-03-16,2024-03-29,Dr. J. Nkosi,Completed
MED001984,P1674,Levothyroxine,50mcg,Once daily,2022-01-06,,Dr. C. Müller,Active
MED001985,P1674,Ibuprofen,400mg,Three times daily with food,2023-07-17,2024-01-27,Dr. A. Patel,Completed
MED001986,P1675,Aspirin,75mg,Once daily,2023-09-01,,Dr. M. O'Brien,Active
MED001987,P1675,Amlodipine,5mg,Once daily,2022-06-25,,Dr. M. O'Brien,Active
MED001988,P1675,Ibuprofen,400mg,Three times daily with food,2022-12-31,2024-02-28,Dr. A. Patel,Completed
MED001989,P1675,Amoxicillin,500mg,Three times daily,2023-10-25,,Dr. L. Torres,Active
MED001990,P1675,Gabapentin,300mg,Three times daily,2022-05-28,2024-06-25,Dr. L. Torres,Completed
MED001991,P1676,Gabapentin,300mg,Three times daily,2022-06-10,,Dr. M. O'Brien,Active
MED001992,P1676,Atorvastatin,20mg,Once daily at night,2023-08-25,,Dr. A. Patel,Active
MED001993,P1676,Bisoprolol,2.5mg,Once daily,2022-06-21,,Dr. A. Patel,Active
MED001994,P1676,Metformin,500mg,Twice daily,2022-01-16,,Dr. M. O'Brien,Active
MED001995,P1677,Ibuprofen,400mg,Three times daily with food,2022-05-20,,Dr. Y. Tanaka,Active
MED001996,P1677,Prednisolone,5mg,Once daily,2023-08-09,,Dr. J. Nkosi,Active
MED001997,P1678,Clopidogrel,75mg,Once daily,2022-06-22,,Dr. A. Patel,Active
MED001998,P1678,Salbutamol,100mcg,As required,2022-08-26,2024-03-28,Dr. L. Torres,Completed
MED001999,P1678,Bisoprolol,2.5mg,Once daily,2022-02-20,,Dr. Y. Tanaka,Active
MED002000,P1679,Metformin,500mg,Twice daily,2023-07-01,2024-02-24,Dr. R. Singh,Completed
MED002001,P1679,Amlodipine,5mg,Once daily,2022-02-20,,Dr. R. Singh,Active
MED002002,P1679,Ramipril,5mg,Once daily,2022-06-01,2024-01-07,Dr. R. Singh,Completed
MED002003,P1679,Ibuprofen,400mg,Three times daily with food,2023-08-13,2024-12-11,Dr. A. Patel,Completed
MED002004,P1680,Sertraline,50mg,Once daily,2022-05-24,,Dr. C. Müller,Active
MED002005,P1680,Lisinopril,10mg,Once daily,2023-01-28,,Dr. A. Patel,Active
MED002006,P1680,Furosemide,40mg,Once daily in morning,2023-08-10,,Dr. Y. Tanaka,Active
MED002007,P1680,Atorvastatin,20mg,Once daily at night,2023-12-08,2024-05-23,Dr. S. Khan,Completed
MED002008,P1680,Aspirin,75mg,Once daily,2022-04-16,,Dr. S. Khan,Active
MED002009,P1681,Gabapentin,300mg,Three times daily,2023-02-20,2024-09-13,Dr. Y. Tanaka,Completed
MED002010,P1681,Metformin,500mg,Twice daily,2022-09-12,,Dr. R. Singh,Active
MED002011,P1681,Ramipril,5mg,Once daily,2023-09-21,,Dr. A. Patel,Active
MED002012,P1682,Omeprazole,20mg,Once daily before breakfast,2022-11-20,,Dr. C. Müller,Active
MED002013,P1683,Salbutamol,100mcg,As required,2023-12-17,2024-10-15,Dr. Y. Tanaka,Completed
MED002014,P1683,Amoxicillin,500mg,Three times daily,2023-07-08,,Dr. C. Müller,Active
MED002015,P1683,Bisoprolol,2.5mg,Once daily,2023-10-06,,Dr. R. Singh,Active
MED002016,P1683,Clopidogrel,75mg,Once daily,2022-11-16,,Dr. M. O'Brien,Active
MED002017,P1683,Ramipril,5mg,Once daily,2023-08-04,,Dr. R. Singh,Active
MED002018,P1684,Clopidogrel,75mg,Once daily,2023-03-26,,Dr. Y. Tanaka,Active
MED002019,P1684,Sertraline,50mg,Once daily,2022-02-22,2024-02-15,Dr. S. Khan,Completed
MED002020,P1684,Ibuprofen,400mg,Three times daily with food,2023-10-22,,Dr. A. Patel,Active
MED002021,P1684,Atorvastatin,20mg,Once daily at night,2022-08-26,,Dr. J. Nkosi,Active
MED002022,P1684,Levothyroxine,50mcg,Once daily,2023-02-16,,Dr. R. Singh,Active
MED002023,P1685,Omeprazole,20mg,Once daily before breakfast,2022-09-30,2024-06-22,Dr. S. Khan,Completed
MED002024,P1685,Lisinopril,10mg,Once daily,2023-01-17,,Dr. C. Müller,Active
MED002025,P1685,Ibuprofen,400mg,Three times daily with food,2023-03-07,2024-02-26,Dr. L. Torres,Completed
MED002026,P1685,Aspirin,75mg,Once daily,2023-11-14,2024-08-26,Dr. A. Patel,Completed
MED002027,P1685,Bisoprolol,2.5mg,Once daily,2023-01-20,2024-06-24,Dr. L. Torres,Completed
MED002028,P1686,Lisinopril,10mg,Once daily,2023-12-15,,Dr. R. Singh,Active
MED002029,P1686,Clopidogrel,75mg,Once daily,2023-09-19,2024-12-29,Dr. S. Khan,Completed
MED002030,P1687,Omeprazole,20mg,Once daily before breakfast,2023-05-03,2024-07-20,Dr. C. Müller,Completed
MED002031,P1687,Warfarin,3mg,Once daily,2023-03-10,,Dr. S. Khan,Active
MED002032,P1687,Sertraline,50mg,Once daily,2022-10-13,2024-04-21,Dr. Y. Tanaka,Completed
MED002033,P1687,Prednisolone,5mg,Once daily,2022-09-28,2024-01-01,Dr. S. Khan,Completed
MED002034,P1687,Lisinopril,10mg,Once daily,2023-08-04,,Dr. S. Khan,Active
MED002035,P1688,Amlodipine,5mg,Once daily,2023-02-24,2024-03-25,Dr. M. O'Brien,Completed
MED002036,P1689,Salbutamol,100mcg,As required,2023-01-29,,Dr. L. Torres,Active
MED002037,P1689,Ramipril,5mg,Once daily,2023-08-06,,Dr. R. Singh,Active
MED002038,P1689,Aspirin,75mg,Once daily,2022-03-24,,Dr. S. Khan,Active
MED002039,P1690,Ibuprofen,400mg,Three times daily with food,2023-04-06,,Dr. R. Singh,Active
MED002040,P1690,Amoxicillin,500mg,Three times daily,2022-10-19,,Dr. C. Müller,Active
MED002041,P1690,Sertraline,50mg,Once daily,2023-08-17,,Dr. A. Patel,Active
MED002042,P1690,Prednisolone,5mg,Once daily,2023-10-19,,Dr. L. Torres,Active
MED002043,P1690,Atorvastatin,20mg,Once daily at night,2023-01-11,,Dr. L. Torres,Active
MED002044,P1691,Clopidogrel,75mg,Once daily,2022-02-20,,Dr. S. Khan,Active
MED002045,P1691,Bisoprolol,2.5mg,Once daily,2022-02-04,,Dr. C. Müller,Active
MED002046,P1691,Amlodipine,5mg,Once daily,2023-08-24,,Dr. S. Khan,Active
MED002047,P1691,Levothyroxine,50mcg,Once daily,2023-09-10,,Dr. J. Nkosi,Active
MED002048,P1691,Salbutamol,100mcg,As required,2022-07-12,,Dr. J. Nkosi,Active
MED002049,P1692,Warfarin,3mg,Once daily,2023-04-27,,Dr. M. O'Brien,Active
MED002050,P1693,Warfarin,3mg,Once daily,2023-12-26,2024-06-26,Dr. A. Patel,Completed
MED002051,P1693,Levothyroxine,50mcg,Once daily,2022-12-11,,Dr. A. Patel,Active
MED002052,P1693,Amlodipine,5mg,Once daily,2023-11-03,,Dr. L. Torres,Active
MED002053,P1693,Ramipril,5mg,Once daily,2022-01-22,,Dr. A. Patel,Active
MED002054,P1694,Paracetamol,500mg,Up to four times daily,2023-03-29,,Dr. R. Singh,Active
MED002055,P1694,Lisinopril,10mg,Once daily,2022-04-11,2024-06-15,Dr. M. O'Brien,Completed
MED002056,P1694,Metformin,500mg,Twice daily,2022-01-27,,Dr. R. Singh,Active
MED002057,P1694,Gabapentin,300mg,Three times daily,2022-08-09,,Dr. L. Torres,Active
MED002058,P1695,Salbutamol,100mcg,As required,2022-03-29,,Dr. C. Müller,Active
MED002059,P1695,Furosemide,40mg,Once daily in morning,2023-01-30,,Dr. R. Singh,Active
MED002060,P1695,Gabapentin,300mg,Three times daily,2022-09-20,,Dr. J. Nkosi,Active
MED002061,P1695,Bisoprolol,2.5mg,Once daily,2022-09-19,,Dr. S. Khan,Active
MED002062,P1695,Amoxicillin,500mg,Three times daily,2022-06-01,,Dr. C. Müller,Active
MED002063,P1696,Prednisolone,5mg,Once daily,2023-10-05,,Dr. C. Müller,Active
MED002064,P1696,Amoxicillin,500mg,Three times daily,2023-12-23,,Dr. J. Nkosi,Active
MED002065,P1696,Lisinopril,10mg,Once daily,2022-06-30,2024-11-02,Dr. Y. Tanaka,Completed
MED002066,P1696,Amlodipine,5mg,Once daily,2022-02-10,,Dr. J. Nkosi,Active
MED002067,P1696,Ibuprofen,400mg,Three times daily with food,2022-01-24,,Dr. S. Khan,Active
MED002068,P1697,Insulin Glargine,10 units,Once daily at bedtime,2022-12-01,,Dr. S. Khan,Active
MED002069,P1697,Omeprazole,20mg,Once daily before breakfast,2022-03-28,,Dr. S. Khan,Active
MED002070,P1697,Ramipril,5mg,Once daily,2022-06-19,,Dr. Y. Tanaka,Active
MED002071,P1697,Aspirin,75mg,Once daily,2023-03-05,2024-07-04,Dr. S. Khan,Completed
MED002072,P1698,Amlodipine,5mg,Once daily,2022-05-10,2024-08-27,Dr. C. Müller,Completed
MED002073,P1698,Paracetamol,500mg,Up to four times daily,2023-12-18,,Dr. A. Patel,Active
MED002074,P1698,Amoxicillin,500mg,Three times daily,2022-03-04,2024-12-03,Dr. M. O'Brien,Completed
MED002075,P1698,Salbutamol,100mcg,As required,2022-12-20,,Dr. C. Müller,Active
MED002076,P1698,Levothyroxine,50mcg,Once daily,2022-11-20,,Dr. M. O'Brien,Active
MED002077,P1699,Salbutamol,100mcg,As required,2023-07-13,,Dr. Y. Tanaka,Active
MED002078,P1699,Levothyroxine,50mcg,Once daily,2023-08-05,,Dr. R. Singh,Active
MED002079,P1699,Furosemide,40mg,Once daily in morning,2022-03-31,,Dr. S. Khan,Active
MED002080,P1700,Gabapentin,300mg,Three times daily,2023-11-07,,Dr. A. Patel,Active
MED002081,P1700,Amlodipine,5mg,Once daily,2023-12-11,,Dr. A. Patel,Active
MED002082,P1700,Atorvastatin,20mg,Once daily at night,2022-12-09,,Dr. L. Torres,Active
MED002083,P1701,Gabapentin,300mg,Three times daily,2023-10-27,,Dr. R. Singh,Active
MED002084,P1701,Insulin Glargine,10 units,Once daily at bedtime,2022-05-29,,Dr. C. Müller,Active
MED002085,P1701,Aspirin,75mg,Once daily,2022-12-24,2024-11-10,Dr. Y. Tanaka,Completed
MED002086,P1702,Gabapentin,300mg,Three times daily,2023-04-14,,Dr. C. Müller,Active
MED002087,P1702,Metformin,500mg,Twice daily,2023-02-16,,Dr. M. O'Brien,Active
MED002088,P1703,Levothyroxine,50mcg,Once daily,2022-09-04,2024-06-13,Dr. Y. Tanaka,Completed
MED002089,P1703,Aspirin,75mg,Once daily,2023-08-27,,Dr. A. Patel,Active
MED002090,P1703,Amlodipine,5mg,Once daily,2023-02-19,,Dr. R. Singh,Active
MED002091,P1704,Atorvastatin,20mg,Once daily at night,2022-03-01,,Dr. Y. Tanaka,Active
MED002092,P1704,Lisinopril,10mg,Once daily,2023-07-18,2024-04-24,Dr. R. Singh,Completed
MED002093,P1704,Omeprazole,20mg,Once daily before breakfast,2022-02-13,,Dr. C. Müller,Active
MED002094,P1704,Salbutamol,100mcg,As required,2023-06-08,2024-02-22,Dr. M. O'Brien,Completed
MED002095,P1704,Furosemide,40mg,Once daily in morning,2022-05-30,,Dr. C. Müller,Active
MED002096,P1705,Aspirin,75mg,Once daily,2022-07-04,,Dr. A. Patel,Active
MED002097,P1705,Bisoprolol,2.5mg,Once daily,2022-03-28,,Dr. Y. Tanaka,Active
MED002098,P1705,Ramipril,5mg,Once daily,2022-06-27,,Dr. R. Singh,Active
MED002099,P1705,Furosemide,40mg,Once daily in morning,2022-12-10,,Dr. J. Nkosi,Active
MED002100,P1706,Insulin Glargine,10 units,Once daily at bedtime,2022-07-14,,Dr. L. Torres,Active
MED002101,P1706,Lisinopril,10mg,Once daily,2022-05-20,,Dr. A. Patel,Active
MED002102,P1707,Prednisolone,5mg,Once daily,2022-05-12,2024-11-26,Dr. M. O'Brien,Completed
MED002103,P1708,Metformin,500mg,Twice daily,2022-06-20,,Dr. J. Nkosi,Active
MED002104,P1709,Salbutamol,100mcg,As required,2023-02-13,,Dr. L. Torres,Active
MED002105,P1710,Paracetamol,500mg,Up to four times daily,2022-04-07,,Dr. R. Singh,Active
MED002106,P1711,Ramipril,5mg,Once daily,2022-03-21,,Dr. L. Torres,Active
MED002107,P1711,Lisinopril,10mg,Once daily,2023-12-15,,Dr. R. Singh,Active
MED002108,P1712,Aspirin,75mg,Once daily,2022-07-17,,Dr. L. Torres,Active
MED002109,P1712,Prednisolone,5mg,Once daily,2023-07-10,,Dr. J. Nkosi,Active
MED002110,P1712,Paracetamol,500mg,Up to four times daily,2022-09-01,,Dr. M. O'Brien,Active
MED002111,P1712,Sertraline,50mg,Once daily,2022-04-24,,Dr. C. Müller,Active
MED002112,P1713,Furosemide,40mg,Once daily in morning,2022-03-06,,Dr. J. Nkosi,Active
MED002113,P1713,Amoxicillin,500mg,Three times daily,2023-10-28,,Dr. A. Patel,Active
MED002114,P1713,Paracetamol,500mg,Up to four times daily,2022-08-01,,Dr. M. O'Brien,Active
MED002115,P1714,Insulin Glargine,10 units,Once daily at bedtime,2023-07-20,,Dr. A. Patel,Active
MED002116,P1715,Amlodipine,5mg,Once daily,2022-03-27,,Dr. R. Singh,Active
MED002117,P1715,Lisinopril,10mg,Once daily,2022-12-11,,Dr. S. Khan,Active
MED002118,P1715,Amoxicillin,500mg,Three times daily,2022-05-18,,Dr. R. Singh,Active
MED002119,P1715,Omeprazole,20mg,Once daily before breakfast,2022-04-13,2024-10-05,Dr. J. Nkosi,Completed
MED002120,P1716,Levothyroxine,50mcg,Once daily,2023-10-30,2024-10-21,Dr. S. Khan,Completed
MED002121,P1716,Amlodipine,5mg,Once daily,2023-08-31,,Dr. L. Torres,Active
MED002122,P1717,Furosemide,40mg,Once daily in morning,2023-02-02,,Dr. C. Müller,Active
MED002123,P1717,Ibuprofen,400mg,Three times daily with food,2022-06-04,,Dr. C. Müller,Active
MED002124,P1717,Insulin Glargine,10 units,Once daily at bedtime,2023-04-08,,Dr. S. Khan,Active
MED002125,P1718,Lisinopril,10mg,Once daily,2022-11-09,,Dr. Y. Tanaka,Active
MED002126,P1718,Omeprazole,20mg,Once daily before breakfast,2023-12-10,2024-11-19,Dr. Y. Tanaka,Completed
MED002127,P1718,Metformin,500mg,Twice daily,2022-12-15,,Dr. M. O'Brien,Active
MED002128,P1718,Ramipril,5mg,Once daily,2022-08-02,,Dr. A. Patel,Active
MED002129,P1719,Aspirin,75mg,Once daily,2022-07-02,2024-08-18,Dr. S. Khan,Completed
MED002130,P1719,Levothyroxine,50mcg,Once daily,2023-02-17,,Dr. L. Torres,Active
MED002131,P1720,Bisoprolol,2.5mg,Once daily,2023-12-12,,Dr. S. Khan,Active
MED002132,P1720,Clopidogrel,75mg,Once daily,2023-09-06,,Dr. Y. Tanaka,Active
MED002133,P1721,Atorvastatin,20mg,Once daily at night,2022-03-12,,Dr. M. O'Brien,Active
MED002134,P1721,Clopidogrel,75mg,Once daily,2023-03-29,,Dr. A. Patel,Active
MED002135,P1722,Gabapentin,300mg,Three times daily,2023-03-16,,Dr. M. O'Brien,Active
MED002136,P1722,Bisoprolol,2.5mg,Once daily,2022-02-18,,Dr. S. Khan,Active
MED002137,P1722,Metformin,500mg,Twice daily,2022-04-06,,Dr. J. Nkosi,Active
MED002138,P1722,Insulin Glargine,10 units,Once daily at bedtime,2022-03-18,2024-01-21,Dr. S. Khan,Completed
MED002139,P1722,Ibuprofen,400mg,Three times daily with food,2022-02-01,,Dr. L. Torres,Active
MED002140,P1723,Metformin,500mg,Twice daily,2023-10-26,,Dr. L. Torres,Active
MED002141,P1723,Clopidogrel,75mg,Once daily,2023-08-23,,Dr. C. Müller,Active
MED002142,P1723,Sertraline,50mg,Once daily,2023-03-04,,Dr. C. Müller,Active
MED002143,P1723,Aspirin,75mg,Once daily,2023-12-29,,Dr. A. Patel,Active
MED002144,P1724,Prednisolone,5mg,Once daily,2022-08-04,,Dr. M. O'Brien,Active
MED002145,P1724,Furosemide,40mg,Once daily in morning,2022-05-19,,Dr. J. Nkosi,Active
MED002146,P1725,Aspirin,75mg,Once daily,2022-07-05,,Dr. A. Patel,Active
MED002147,P1725,Amlodipine,5mg,Once daily,2023-05-19,,Dr. C. Müller,Active
MED002148,P1725,Clopidogrel,75mg,Once daily,2023-09-05,,Dr. C. Müller,Active
MED002149,P1725,Sertraline,50mg,Once daily,2023-01-01,,Dr. C. Müller,Active
MED002150,P1725,Bisoprolol,2.5mg,Once daily,2022-11-19,,Dr. R. Singh,Active
MED002151,P1726,Aspirin,75mg,Once daily,2022-08-30,,Dr. M. O'Brien,Active
MED002152,P1726,Prednisolone,5mg,Once daily,2023-11-03,,Dr. R. Singh,Active
MED002153,P1726,Lisinopril,10mg,Once daily,2023-12-02,2024-08-20,Dr. L. Torres,Completed
MED002154,P1726,Salbutamol,100mcg,As required,2023-08-19,,Dr. S. Khan,Active
MED002155,P1726,Insulin Glargine,10 units,Once daily at bedtime,2022-03-20,,Dr. L. Torres,Active
MED002156,P1727,Prednisolone,5mg,Once daily,2022-05-29,2024-11-25,Dr. L. Torres,Completed
MED002157,P1727,Lisinopril,10mg,Once daily,2023-11-27,2024-10-20,Dr. L. Torres,Completed
MED002158,P1727,Clopidogrel,75mg,Once daily,2022-10-13,,Dr. L. Torres,Active
MED002159,P1727,Aspirin,75mg,Once daily,2023-07-03,,Dr. R. Singh,Active
MED002160,P1728,Clopidogrel,75mg,Once daily,2022-03-24,,Dr. M. O'Brien,Active
MED002161,P1728,Levothyroxine,50mcg,Once daily,2022-05-01,,Dr. Y. Tanaka,Active
MED002162,P1728,Gabapentin,300mg,Three times daily,2022-05-24,,Dr. S. Khan,Active
MED002163,P1728,Sertraline,50mg,Once daily,2022-09-20,2024-01-29,Dr. Y. Tanaka,Completed
MED002164,P1729,Ramipril,5mg,Once daily,2022-07-27,,Dr. S. Khan,Active
MED002165,P1730,Ramipril,5mg,Once daily,2023-03-28,,Dr. L. Torres,Active
MED002166,P1730,Prednisolone,5mg,Once daily,2023-11-11,,Dr. M. O'Brien,Active
MED002167,P1730,Omeprazole,20mg,Once daily before breakfast,2022-08-05,,Dr. R. Singh,Active
MED002168,P1731,Salbutamol,100mcg,As required,2022-12-10,,Dr. S. Khan,Active
MED002169,P1731,Furosemide,40mg,Once daily in morning,2022-08-01,,Dr. A. Patel,Active
MED002170,P1731,Omeprazole,20mg,Once daily before breakfast,2023-02-28,,Dr. Y. Tanaka,Active
MED002171,P1732,Metformin,500mg,Twice daily,2023-07-30,2024-11-09,Dr. J. Nkosi,Completed
MED002172,P1732,Paracetamol,500mg,Up to four times daily,2022-09-19,,Dr. C. Müller,Active
MED002173,P1733,Metformin,500mg,Twice daily,2022-12-18,,Dr. J. Nkosi,Active
MED002174,P1733,Ibuprofen,400mg,Three times daily with food,2023-07-31,2024-11-02,Dr. S. Khan,Completed
MED002175,P1734,Bisoprolol,2.5mg,Once daily,2023-06-07,,Dr. J. Nkosi,Active
MED002176,P1734,Prednisolone,5mg,Once daily,2022-11-25,2024-04-30,Dr. L. Torres,Completed
MED002177,P1734,Aspirin,75mg,Once daily,2023-06-29,,Dr. R. Singh,Active
MED002178,P1734,Amoxicillin,500mg,Three times daily,2022-12-14,2024-01-19,Dr. C. Müller,Completed
MED002179,P1734,Atorvastatin,20mg,Once daily at night,2023-06-06,2024-02-18,Dr. S. Khan,Completed
MED002180,P1735,Insulin Glargine,10 units,Once daily at bedtime,2023-05-30,,Dr. C. Müller,Active
MED002181,P1735,Omeprazole,20mg,Once daily before breakfast,2022-06-14,2024-12-27,Dr. C. Müller,Completed
MED002182,P1735,Paracetamol,500mg,Up to four times daily,2022-06-15,,Dr. M. O'Brien,Active
MED002183,P1736,Ramipril,5mg,Once daily,2022-11-09,2024-07-04,Dr. C. Müller,Completed
MED002184,P1736,Amoxicillin,500mg,Three times daily,2022-12-26,2024-05-17,Dr. Y. Tanaka,Completed
MED002185,P1736,Lisinopril,10mg,Once daily,2022-12-18,2024-01-18,Dr. S. Khan,Completed
MED002186,P1737,Salbutamol,100mcg,As required,2022-09-07,,Dr. R. Singh,Active
MED002187,P1737,Warfarin,3mg,Once daily,2022-11-29,2024-01-02,Dr. S. Khan,Completed
MED002188,P1737,Bisoprolol,2.5mg,Once daily,2022-05-09,,Dr. M. O'Brien,Active
MED002189,P1738,Clopidogrel,75mg,Once daily,2023-12-05,,Dr. L. Torres,Active
MED002190,P1739,Lisinopril,10mg,Once daily,2023-01-02,,Dr. J. Nkosi,Active
MED002191,P1739,Bisoprolol,2.5mg,Once daily,2022-02-27,,Dr. J. Nkosi,Active
MED002192,P1739,Atorvastatin,20mg,Once daily at night,2022-01-25,,Dr. M. O'Brien,Active
MED002193,P1739,Omeprazole,20mg,Once daily before breakfast,2023-11-01,,Dr. M. O'Brien,Active
MED002194,P1739,Metformin,500mg,Twice daily,2023-12-31,2024-06-07,Dr. S. Khan,Completed
MED002195,P1740,Insulin Glargine,10 units,Once daily at bedtime,2023-11-28,,Dr. J. Nkosi,Active
MED002196,P1740,Clopidogrel,75mg,Once daily,2023-12-15,,Dr. M. O'Brien,Active
MED002197,P1740,Paracetamol,500mg,Up to four times daily,2023-01-23,,Dr. Y. Tanaka,Active
MED002198,P1740,Metformin,500mg,Twice daily,2022-10-24,2024-01-10,Dr. A. Patel,Completed
MED002199,P1741,Ibuprofen,400mg,Three times daily with food,2023-08-18,,Dr. M. O'Brien,Active
MED002200,P1741,Clopidogrel,75mg,Once daily,2023-01-10,,Dr. R. Singh,Active
MED002201,P1741,Ramipril,5mg,Once daily,2023-08-29,2024-02-29,Dr. M. O'Brien,Completed
MED002202,P1741,Sertraline,50mg,Once daily,2022-04-03,2024-06-19,Dr. J. Nkosi,Completed
MED002203,P1741,Levothyroxine,50mcg,Once daily,2022-02-23,2024-06-22,Dr. J. Nkosi,Completed
MED002204,P1742,Bisoprolol,2.5mg,Once daily,2023-02-03,,Dr. J. Nkosi,Active
MED002205,P1742,Insulin Glargine,10 units,Once daily at bedtime,2023-04-22,2024-08-31,Dr. R. Singh,Completed
MED002206,P1742,Salbutamol,100mcg,As required,2023-03-22,2024-01-12,Dr. J. Nkosi,Completed
MED002207,P1743,Salbutamol,100mcg,As required,2023-06-12,2024-03-02,Dr. S. Khan,Completed
MED002208,P1744,Salbutamol,100mcg,As required,2022-12-22,,Dr. J. Nkosi,Active
MED002209,P1744,Sertraline,50mg,Once daily,2022-06-16,2024-11-28,Dr. R. Singh,Completed
MED002210,P1744,Ibuprofen,400mg,Three times daily with food,2022-12-27,,Dr. M. O'Brien,Active
MED002211,P1744,Aspirin,75mg,Once daily,2023-02-01,,Dr. L. Torres,Active
MED002212,P1744,Amlodipine,5mg,Once daily,2023-01-12,2024-09-24,Dr. J. Nkosi,Completed
MED002213,P1745,Metformin,500mg,Twice daily,2023-07-28,,Dr. J. Nkosi,Active
MED002214,P1745,Paracetamol,500mg,Up to four times daily,2023-08-17,2024-09-29,Dr. C. Müller,Completed
MED002215,P1745,Aspirin,75mg,Once daily,2023-02-02,,Dr. A. Patel,Active
MED002216,P1745,Omeprazole,20mg,Once daily before breakfast,2022-04-11,2024-11-19,Dr. R. Singh,Completed
MED002217,P1746,Amoxicillin,500mg,Three times daily,2022-10-19,,Dr. J. Nkosi,Active
MED002218,P1746,Furosemide,40mg,Once daily in morning,2022-02-02,,Dr. J. Nkosi,Active
MED002219,P1747,Lisinopril,10mg,Once daily,2022-08-28,,Dr. A. Patel,Active
MED002220,P1747,Salbutamol,100mcg,As required,2023-04-17,,Dr. Y. Tanaka,Active
MED002221,P1747,Clopidogrel,75mg,Once daily,2022-09-24,,Dr. A. Patel,Active
MED002222,P1747,Insulin Glargine,10 units,Once daily at bedtime,2022-02-16,,Dr. R. Singh,Active
MED002223,P1748,Aspirin,75mg,Once daily,2023-10-28,,Dr. A. Patel,Active
MED002224,P1749,Gabapentin,300mg,Three times daily,2023-07-29,,Dr. S. Khan,Active
MED002225,P1749,Ramipril,5mg,Once daily,2022-02-18,,Dr. R. Singh,Active
MED002226,P1749,Paracetamol,500mg,Up to four times daily,2023-08-23,2024-06-27,Dr. A. Patel,Completed
MED002227,P1749,Ibuprofen,400mg,Three times daily with food,2023-01-03,,Dr. M. O'Brien,Active
MED002228,P1750,Prednisolone,5mg,Once daily,2022-10-17,,Dr. L. Torres,Active
MED002229,P1750,Paracetamol,500mg,Up to four times daily,2022-04-18,,Dr. Y. Tanaka,Active
MED002230,P1750,Amoxicillin,500mg,Three times daily,2022-04-17,2024-12-14,Dr. Y. Tanaka,Completed
MED002231,P1751,Gabapentin,300mg,Three times daily,2023-12-16,,Dr. M. O'Brien,Active
MED002232,P1751,Furosemide,40mg,Once daily in morning,2022-05-18,,Dr. J. Nkosi,Active
MED002233,P1751,Atorvastatin,20mg,Once daily at night,2023-04-13,,Dr. A. Patel,Active
MED002234,P1751,Sertraline,50mg,Once daily,2023-10-06,2024-10-10,Dr. L. Torres,Completed
MED002235,P1752,Levothyroxine,50mcg,Once daily,2023-12-17,,Dr. C. Müller,Active
MED002236,P1753,Ramipril,5mg,Once daily,2023-10-01,,Dr. L. Torres,Active
MED002237,P1753,Amlodipine,5mg,Once daily,2023-04-28,,Dr. S. Khan,Active
MED002238,P1754,Lisinopril,10mg,Once daily,2023-05-29,,Dr. Y. Tanaka,Active
MED002239,P1754,Sertraline,50mg,Once daily,2023-01-25,,Dr. Y. Tanaka,Active
MED002240,P1754,Aspirin,75mg,Once daily,2022-10-12,2024-06-21,Dr. J. Nkosi,Completed
MED002241,P1755,Salbutamol,100mcg,As required,2023-07-24,,Dr. C. Müller,Active
MED002242,P1755,Insulin Glargine,10 units,Once daily at bedtime,2022-07-30,,Dr. S. Khan,Active
MED002243,P1755,Warfarin,3mg,Once daily,2023-01-22,2024-07-22,Dr. S. Khan,Completed
MED002244,P1755,Paracetamol,500mg,Up to four times daily,2023-10-31,,Dr. S. Khan,Active
MED002245,P1756,Warfarin,3mg,Once daily,2023-06-15,,Dr. R. Singh,Active
MED002246,P1757,Levothyroxine,50mcg,Once daily,2023-05-22,2024-09-24,Dr. Y. Tanaka,Completed
MED002247,P1757,Atorvastatin,20mg,Once daily at night,2022-11-05,,Dr. M. O'Brien,Active
MED002248,P1758,Insulin Glargine,10 units,Once daily at bedtime,2022-07-28,2024-02-14,Dr. A. Patel,Completed
MED002249,P1758,Ramipril,5mg,Once daily,2022-05-06,,Dr. A. Patel,Active
MED002250,P1758,Salbutamol,100mcg,As required,2022-06-19,,Dr. J. Nkosi,Active
MED002251,P1759,Salbutamol,100mcg,As required,2023-08-09,,Dr. S. Khan,Active
MED002252,P1760,Atorvastatin,20mg,Once daily at night,2022-04-02,,Dr. A. Patel,Active
MED002253,P1760,Metformin,500mg,Twice daily,2022-03-25,,Dr. L. Torres,Active
MED002254,P1760,Clopidogrel,75mg,Once daily,2023-04-24,2024-10-13,Dr. S. Khan,Completed
MED002255,P1761,Ibuprofen,400mg,Three times daily with food,2022-04-09,,Dr. L. Torres,Active
MED002256,P1761,Gabapentin,300mg,Three times daily,2022-05-13,2024-09-13,Dr. A. Patel,Completed
MED002257,P1761,Insulin Glargine,10 units,Once daily at bedtime,2022-07-10,,Dr. M. O'Brien,Active
MED002258,P1762,Sertraline,50mg,Once daily,2022-09-26,,Dr. Y. Tanaka,Active
MED002259,P1762,Prednisolone,5mg,Once daily,2022-01-09,,Dr. A. Patel,Active
MED002260,P1762,Omeprazole,20mg,Once daily before breakfast,2023-05-26,2024-04-02,Dr. Y. Tanaka,Completed
MED002261,P1763,Furosemide,40mg,Once daily in morning,2023-12-12,2024-06-17,Dr. L. Torres,Completed
MED002262,P1763,Paracetamol,500mg,Up to four times daily,2022-07-02,,Dr. Y. Tanaka,Active
MED002263,P1763,Salbutamol,100mcg,As required,2022-03-04,,Dr. C. Müller,Active
MED002264,P1763,Bisoprolol,2.5mg,Once daily,2023-10-02,,Dr. R. Singh,Active
MED002265,P1763,Insulin Glargine,10 units,Once daily at bedtime,2023-11-09,2024-07-26,Dr. C. Müller,Completed
MED002266,P1764,Omeprazole,20mg,Once daily before breakfast,2022-06-02,2024-04-30,Dr. S. Khan,Completed
MED002267,P1764,Amlodipine,5mg,Once daily,2023-06-20,,Dr. A. Patel,Active
MED002268,P1764,Ibuprofen,400mg,Three times daily with food,2023-06-05,,Dr. J. Nkosi,Active
MED002269,P1764,Aspirin,75mg,Once daily,2022-08-02,,Dr. L. Torres,Active
MED002270,P1764,Paracetamol,500mg,Up to four times daily,2022-10-11,,Dr. Y. Tanaka,Active
MED002271,P1765,Metformin,500mg,Twice daily,2023-08-07,,Dr. A. Patel,Active
MED002272,P1765,Prednisolone,5mg,Once daily,2023-12-06,2024-09-19,Dr. R. Singh,Completed
MED002273,P1765,Aspirin,75mg,Once daily,2023-02-03,,Dr. A. Patel,Active
MED002274,P1766,Prednisolone,5mg,Once daily,2022-10-13,2024-03-19,Dr. Y. Tanaka,Completed
MED002275,P1766,Levothyroxine,50mcg,Once daily,2023-06-14,2024-12-20,Dr. M. O'Brien,Completed
MED002276,P1767,Prednisolone,5mg,Once daily,2023-12-03,,Dr. L. Torres,Active
MED002277,P1767,Salbutamol,100mcg,As required,2023-04-14,,Dr. L. Torres,Active
MED002278,P1767,Levothyroxine,50mcg,Once daily,2022-10-21,,Dr. S. Khan,Active
MED002279,P1767,Lisinopril,10mg,Once daily,2022-12-21,2024-09-08,Dr. M. O'Brien,Completed
MED002280,P1768,Amlodipine,5mg,Once daily,2022-09-13,,Dr. M. O'Brien,Active
MED002281,P1768,Insulin Glargine,10 units,Once daily at bedtime,2022-01-12,,Dr. A. Patel,Active
MED002282,P1768,Clopidogrel,75mg,Once daily,2022-01-15,,Dr. M. O'Brien,Active
MED002283,P1768,Omeprazole,20mg,Once daily before breakfast,2023-09-01,,Dr. A. Patel,Active
MED002284,P1769,Ibuprofen,400mg,Three times daily with food,2023-03-09,,Dr. R. Singh,Active
MED002285,P1769,Prednisolone,5mg,Once daily,2022-07-27,2024-03-16,Dr. M. O'Brien,Completed
MED002286,P1769,Omeprazole,20mg,Once daily before breakfast,2022-07-05,,Dr. S. Khan,Active
MED002287,P1769,Salbutamol,100mcg,As required,2022-05-11,,Dr. S. Khan,Active
MED002288,P1770,Clopidogrel,75mg,Once daily,2023-07-04,,Dr. M. O'Brien,Active
MED002289,P1770,Amlodipine,5mg,Once daily,2022-06-03,2024-09-10,Dr. M. O'Brien,Completed
MED002290,P1770,Bisoprolol,2.5mg,Once daily,2022-08-19,,Dr. M. O'Brien,Active
MED002291,P1770,Sertraline,50mg,Once daily,2022-10-02,2024-07-19,Dr. A. Patel,Completed
MED002292,P1771,Bisoprolol,2.5mg,Once daily,2023-07-11,,Dr. L. Torres,Active
MED002293,P1771,Prednisolone,5mg,Once daily,2023-07-09,,Dr. M. O'Brien,Active
MED002294,P1771,Amoxicillin,500mg,Three times daily,2023-11-18,2024-12-17,Dr. J. Nkosi,Completed
MED002295,P1771,Atorvastatin,20mg,Once daily at night,2022-05-10,2024-06-03,Dr. C. Müller,Completed
MED002296,P1771,Salbutamol,100mcg,As required,2023-02-09,2024-10-25,Dr. Y. Tanaka,Completed
MED002297,P1772,Metformin,500mg,Twice daily,2023-06-05,,Dr. C. Müller,Active
MED002298,P1773,Omeprazole,20mg,Once daily before breakfast,2022-09-03,,Dr. Y. Tanaka,Active
MED002299,P1773,Lisinopril,10mg,Once daily,2023-12-11,,Dr. M. O'Brien,Active
MED002300,P1774,Salbutamol,100mcg,As required,2022-12-20,,Dr. L. Torres,Active
MED002301,P1775,Paracetamol,500mg,Up to four times daily,2023-05-05,2024-01-27,Dr. L. Torres,Completed
MED002302,P1775,Omeprazole,20mg,Once daily before breakfast,2023-06-13,,Dr. Y. Tanaka,Active
MED002303,P1775,Gabapentin,300mg,Three times daily,2022-09-27,,Dr. M. O'Brien,Active
MED002304,P1776,Sertraline,50mg,Once daily,2022-07-25,2024-09-08,Dr. L. Torres,Completed
MED002305,P1776,Paracetamol,500mg,Up to four times daily,2023-06-12,,Dr. R. Singh,Active
MED002306,P1777,Amoxicillin,500mg,Three times daily,2022-08-06,,Dr. Y. Tanaka,Active
MED002307,P1778,Ramipril,5mg,Once daily,2022-02-23,,Dr. A. Patel,Active
MED002308,P1778,Omeprazole,20mg,Once daily before breakfast,2023-10-26,,Dr. J. Nkosi,Active
MED002309,P1778,Metformin,500mg,Twice daily,2022-01-03,,Dr. Y. Tanaka,Active
MED002310,P1779,Ramipril,5mg,Once daily,2023-01-08,,Dr. R. Singh,Active
MED002311,P1779,Insulin Glargine,10 units,Once daily at bedtime,2023-08-19,,Dr. Y. Tanaka,Active
MED002312,P1779,Warfarin,3mg,Once daily,2022-04-06,,Dr. R. Singh,Active
MED002313,P1779,Ibuprofen,400mg,Three times daily with food,2023-04-25,,Dr. J. Nkosi,Active
MED002314,P1780,Sertraline,50mg,Once daily,2023-05-29,2024-10-28,Dr. A. Patel,Completed
MED002315,P1780,Ramipril,5mg,Once daily,2022-07-08,2024-10-30,Dr. L. Torres,Completed
MED002316,P1781,Sertraline,50mg,Once daily,2023-03-24,,Dr. L. Torres,Active
MED002317,P1782,Warfarin,3mg,Once daily,2023-06-22,2024-12-12,Dr. A. Patel,Completed
MED002318,P1782,Lisinopril,10mg,Once daily,2023-04-18,,Dr. C. Müller,Active
MED002319,P1782,Aspirin,75mg,Once daily,2022-06-08,2024-01-19,Dr. R. Singh,Completed
MED002320,P1782,Paracetamol,500mg,Up to four times daily,2022-06-12,2024-12-02,Dr. M. O'Brien,Completed
MED002321,P1783,Sertraline,50mg,Once daily,2022-09-09,,Dr. Y. Tanaka,Active
MED002322,P1783,Insulin Glargine,10 units,Once daily at bedtime,2022-06-04,2024-08-31,Dr. A. Patel,Completed
MED002323,P1783,Lisinopril,10mg,Once daily,2022-03-07,2024-06-13,Dr. R. Singh,Completed
MED002324,P1783,Paracetamol,500mg,Up to four times daily,2022-12-07,,Dr. Y. Tanaka,Active
MED002325,P1784,Levothyroxine,50mcg,Once daily,2022-04-25,2024-08-02,Dr. Y. Tanaka,Completed
MED002326,P1784,Ibuprofen,400mg,Three times daily with food,2022-11-07,,Dr. L. Torres,Active
MED002327,P1784,Ramipril,5mg,Once daily,2023-12-10,,Dr. A. Patel,Active
MED002328,P1784,Furosemide,40mg,Once daily in morning,2023-12-28,,Dr. S. Khan,Active
MED002329,P1785,Ibuprofen,400mg,Three times daily with food,2022-02-23,2024-03-25,Dr. L. Torres,Completed
MED002330,P1785,Clopidogrel,75mg,Once daily,2023-08-13,,Dr. J. Nkosi,Active
MED002331,P1785,Amoxicillin,500mg,Three times daily,2023-11-22,,Dr. A. Patel,Active
MED002332,P1785,Prednisolone,5mg,Once daily,2022-01-10,,Dr. J. Nkosi,Active
MED002333,P1786,Lisinopril,10mg,Once daily,2022-05-04,,Dr. R. Singh,Active
MED002334,P1786,Prednisolone,5mg,Once daily,2023-12-03,2024-04-10,Dr. J. Nkosi,Completed
MED002335,P1786,Ibuprofen,400mg,Three times daily with food,2022-02-26,,Dr. J. Nkosi,Active
MED002336,P1787,Amlodipine,5mg,Once daily,2022-04-18,,Dr. J. Nkosi,Active
MED002337,P1787,Bisoprolol,2.5mg,Once daily,2023-03-28,,Dr. S. Khan,Active
MED002338,P1787,Furosemide,40mg,Once daily in morning,2022-06-04,,Dr. R. Singh,Active
MED002339,P1787,Salbutamol,100mcg,As required,2023-12-13,2024-05-18,Dr. S. Khan,Completed
MED002340,P1787,Gabapentin,300mg,Three times daily,2023-09-24,,Dr. R. Singh,Active
MED002341,P1788,Gabapentin,300mg,Three times daily,2023-10-20,,Dr. Y. Tanaka,Active
MED002342,P1788,Paracetamol,500mg,Up to four times daily,2023-06-22,2024-10-29,Dr. M. O'Brien,Completed
MED002343,P1788,Ramipril,5mg,Once daily,2023-06-19,2024-12-24,Dr. C. Müller,Completed
MED002344,P1788,Omeprazole,20mg,Once daily before breakfast,2022-08-04,,Dr. S. Khan,Active
MED002345,P1788,Aspirin,75mg,Once daily,2023-10-07,2024-04-01,Dr. A. Patel,Completed
MED002346,P1789,Insulin Glargine,10 units,Once daily at bedtime,2023-03-01,,Dr. A. Patel,Active
MED002347,P1789,Paracetamol,500mg,Up to four times daily,2022-08-16,,Dr. C. Müller,Active
MED002348,P1789,Prednisolone,5mg,Once daily,2023-08-16,2024-10-19,Dr. L. Torres,Completed
MED002349,P1790,Warfarin,3mg,Once daily,2023-12-17,,Dr. C. Müller,Active
MED002350,P1790,Ibuprofen,400mg,Three times daily with food,2022-09-20,2024-05-20,Dr. S. Khan,Completed
MED002351,P1790,Metformin,500mg,Twice daily,2022-05-03,,Dr. S. Khan,Active
MED002352,P1790,Paracetamol,500mg,Up to four times daily,2022-02-13,2024-05-14,Dr. M. O'Brien,Completed
MED002353,P1790,Clopidogrel,75mg,Once daily,2023-03-27,,Dr. M. O'Brien,Active
MED002354,P1791,Sertraline,50mg,Once daily,2022-01-16,,Dr. A. Patel,Active
MED002355,P1791,Paracetamol,500mg,Up to four times daily,2023-06-23,,Dr. R. Singh,Active
MED002356,P1791,Ramipril,5mg,Once daily,2023-05-31,,Dr. J. Nkosi,Active
MED002357,P1792,Omeprazole,20mg,Once daily before breakfast,2022-06-15,,Dr. Y. Tanaka,Active
MED002358,P1793,Ibuprofen,400mg,Three times daily with food,2022-06-12,2024-06-25,Dr. M. O'Brien,Completed
MED002359,P1793,Furosemide,40mg,Once daily in morning,2023-05-14,,Dr. M. O'Brien,Active
MED002360,P1794,Atorvastatin,20mg,Once daily at night,2023-12-19,2024-05-27,Dr. S. Khan,Completed
MED002361,P1794,Lisinopril,10mg,Once daily,2023-01-31,,Dr. J. Nkosi,Active
MED002362,P1795,Aspirin,75mg,Once daily,2023-08-20,,Dr. Y. Tanaka,Active
MED002363,P1795,Insulin Glargine,10 units,Once daily at bedtime,2023-03-28,,Dr. L. Torres,Active
MED002364,P1795,Paracetamol,500mg,Up to four times daily,2023-02-22,2024-04-06,Dr. L. Torres,Completed
MED002365,P1795,Prednisolone,5mg,Once daily,2023-02-08,,Dr. R. Singh,Active
MED002366,P1795,Furosemide,40mg,Once daily in morning,2023-10-16,,Dr. L. Torres,Active
MED002367,P1796,Clopidogrel,75mg,Once daily,2023-01-26,,Dr. J. Nkosi,Active
MED002368,P1797,Prednisolone,5mg,Once daily,2023-05-17,2024-12-21,Dr. L. Torres,Completed
MED002369,P1797,Insulin Glargine,10 units,Once daily at bedtime,2023-02-15,,Dr. M. O'Brien,Active
MED002370,P1797,Amoxicillin,500mg,Three times daily,2023-08-02,2024-09-11,Dr. Y. Tanaka,Completed
MED002371,P1798,Warfarin,3mg,Once daily,2022-11-30,2024-11-01,Dr. A. Patel,Completed
MED002372,P1798,Amlodipine,5mg,Once daily,2023-07-11,,Dr. S. Khan,Active
MED002373,P1799,Amlodipine,5mg,Once daily,2022-02-02,,Dr. Y. Tanaka,Active
MED002374,P1800,Ramipril,5mg,Once daily,2022-07-28,,Dr. L. Torres,Active
MED002375,P1800,Lisinopril,10mg,Once daily,2022-03-14,,Dr. Y. Tanaka,Active
MED002376,P1800,Amoxicillin,500mg,Three times daily,2023-11-27,,Dr. J. Nkosi,Active
MED002377,P1800,Aspirin,75mg,Once daily,2022-07-07,2024-01-29,Dr. S. Khan,Completed
MED002378,P1800,Insulin Glargine,10 units,Once daily at bedtime,2023-10-02,2024-11-15,Dr. M. O'Brien,Completed
MED002379,P1801,Ibuprofen,400mg,Three times daily with food,2023-10-27,2024-07-08,Dr. L. Torres,Completed
MED002380,P1801,Salbutamol,100mcg,As required,2023-11-07,,Dr. L. Torres,Active
MED002381,P1802,Ibuprofen,400mg,Three times daily with food,2023-06-16,,Dr. M. O'Brien,Active
MED002382,P1802,Aspirin,75mg,Once daily,2022-10-25,2024-08-12,Dr. Y. Tanaka,Completed
MED002383,P1802,Paracetamol,500mg,Up to four times daily,2022-03-19,,Dr. A. Patel,Active
MED002384,P1803,Warfarin,3mg,Once daily,2023-08-06,,Dr. L. Torres,Active
MED002385,P1803,Prednisolone,5mg,Once daily,2022-05-09,,Dr. C. Müller,Active
MED002386,P1803,Clopidogrel,75mg,Once daily,2022-05-04,2024-08-07,Dr. M. O'Brien,Completed
MED002387,P1803,Paracetamol,500mg,Up to four times daily,2022-07-15,,Dr. S. Khan,Active
MED002388,P1804,Omeprazole,20mg,Once daily before breakfast,2023-06-15,,Dr. Y. Tanaka,Active
MED002389,P1804,Sertraline,50mg,Once daily,2023-08-01,2024-02-05,Dr. M. O'Brien,Completed
MED002390,P1804,Bisoprolol,2.5mg,Once daily,2023-05-28,,Dr. M. O'Brien,Active
MED002391,P1804,Amlodipine,5mg,Once daily,2022-03-26,,Dr. C. Müller,Active
MED002392,P1804,Ibuprofen,400mg,Three times daily with food,2022-08-11,,Dr. S. Khan,Active
MED002393,P1805,Insulin Glargine,10 units,Once daily at bedtime,2022-02-04,2024-07-18,Dr. M. O'Brien,Completed
MED002394,P1805,Ibuprofen,400mg,Three times daily with food,2022-06-24,,Dr. S. Khan,Active
MED002395,P1805,Atorvastatin,20mg,Once daily at night,2023-09-15,2024-06-11,Dr. C. Müller,Completed
MED002396,P1806,Amoxicillin,500mg,Three times daily,2022-10-25,2024-12-10,Dr. M. O'Brien,Completed
MED002397,P1806,Levothyroxine,50mcg,Once daily,2023-07-09,2024-09-13,Dr. L. Torres,Completed
MED002398,P1807,Lisinopril,10mg,Once daily,2022-06-21,,Dr. M. O'Brien,Active
MED002399,P1808,Metformin,500mg,Twice daily,2022-09-29,2024-01-24,Dr. S. Khan,Completed
MED002400,P1809,Aspirin,75mg,Once daily,2023-05-09,,Dr. C. Müller,Active
MED002401,P1809,Amoxicillin,500mg,Three times daily,2023-11-06,,Dr. Y. Tanaka,Active
MED002402,P1809,Lisinopril,10mg,Once daily,2023-06-10,2024-04-08,Dr. S. Khan,Completed
MED002403,P1809,Omeprazole,20mg,Once daily before breakfast,2023-05-17,2024-05-16,Dr. A. Patel,Completed
MED002404,P1809,Levothyroxine,50mcg,Once daily,2023-09-22,,Dr. Y. Tanaka,Active
MED002405,P1810,Atorvastatin,20mg,Once daily at night,2023-03-02,,Dr. L. Torres,Active
MED002406,P1810,Bisoprolol,2.5mg,Once daily,2023-06-28,2024-11-30,Dr. S. Khan,Completed
MED002407,P1810,Ibuprofen,400mg,Three times daily with food,2023-09-02,,Dr. Y. Tanaka,Active
MED002408,P1811,Clopidogrel,75mg,Once daily,2022-03-11,,Dr. A. Patel,Active
MED002409,P1811,Lisinopril,10mg,Once daily,2023-06-05,,Dr. L. Torres,Active
MED002410,P1811,Prednisolone,5mg,Once daily,2023-09-29,,Dr. R. Singh,Active
MED002411,P1811,Levothyroxine,50mcg,Once daily,2022-09-13,,Dr. R. Singh,Active
MED002412,P1811,Sertraline,50mg,Once daily,2022-04-04,,Dr. L. Torres,Active
MED002413,P1812,Furosemide,40mg,Once daily in morning,2023-02-17,,Dr. R. Singh,Active
MED002414,P1813,Bisoprolol,2.5mg,Once daily,2023-04-18,,Dr. M. O'Brien,Active
MED002415,P1813,Salbutamol,100mcg,As required,2023-07-16,,Dr. Y. Tanaka,Active
MED002416,P1813,Metformin,500mg,Twice daily,2022-06-18,2024-06-22,Dr. Y. Tanaka,Completed
MED002417,P1813,Lisinopril,10mg,Once daily,2023-11-06,,Dr. A. Patel,Active
MED002418,P1813,Prednisolone,5mg,Once daily,2022-05-12,,Dr. R. Singh,Active
MED002419,P1814,Ramipril,5mg,Once daily,2022-06-22,,Dr. L. Torres,Active
MED002420,P1814,Lisinopril,10mg,Once daily,2023-11-25,,Dr. R. Singh,Active
MED002421,P1814,Aspirin,75mg,Once daily,2022-11-19,,Dr. J. Nkosi,Active
MED002422,P1814,Prednisolone,5mg,Once daily,2023-11-29,2024-10-22,Dr. R. Singh,Completed
MED002423,P1814,Ibuprofen,400mg,Three times daily with food,2023-07-13,2024-05-08,Dr. C. Müller,Completed
MED002424,P1815,Paracetamol,500mg,Up to four times daily,2023-03-29,,Dr. J. Nkosi,Active
MED002425,P1815,Omeprazole,20mg,Once daily before breakfast,2023-08-01,2024-08-15,Dr. R. Singh,Completed
MED002426,P1815,Ramipril,5mg,Once daily,2022-03-24,,Dr. A. Patel,Active
MED002427,P1815,Warfarin,3mg,Once daily,2023-02-15,,Dr. C. Müller,Active
MED002428,P1816,Clopidogrel,75mg,Once daily,2023-04-16,2024-03-10,Dr. M. O'Brien,Completed
MED002429,P1816,Levothyroxine,50mcg,Once daily,2023-09-25,,Dr. S. Khan,Active
MED002430,P1816,Amlodipine,5mg,Once daily,2023-05-27,,Dr. A. Patel,Active
MED002431,P1816,Metformin,500mg,Twice daily,2022-08-11,,Dr. L. Torres,Active
MED002432,P1817,Levothyroxine,50mcg,Once daily,2023-11-27,,Dr. S. Khan,Active
MED002433,P1817,Salbutamol,100mcg,As required,2023-09-19,,Dr. R. Singh,Active
MED002434,P1817,Amlodipine,5mg,Once daily,2022-01-20,,Dr. R. Singh,Active
MED002435,P1818,Salbutamol,100mcg,As required,2023-08-08,2024-03-05,Dr. J. Nkosi,Completed
MED002436,P1818,Prednisolone,5mg,Once daily,2022-12-02,,Dr. A. Patel,Active
MED002437,P1818,Levothyroxine,50mcg,Once daily,2023-12-28,2024-10-30,Dr. J. Nkosi,Completed
MED002438,P1818,Atorvastatin,20mg,Once daily at night,2023-01-01,,Dr. S. Khan,Active
MED002439,P1818,Clopidogrel,75mg,Once daily,2023-11-11,,Dr. L. Torres,Active
MED002440,P1819,Warfarin,3mg,Once daily,2022-12-25,,Dr. C. Müller,Active
MED002441,P1819,Bisoprolol,2.5mg,Once daily,2022-02-04,,Dr. L. Torres,Active
MED002442,P1819,Insulin Glargine,10 units,Once daily at bedtime,2022-08-23,,Dr. S. Khan,Active
MED002443,P1819,Ramipril,5mg,Once daily,2023-05-14,,Dr. J. Nkosi,Active
MED002444,P1819,Metformin,500mg,Twice daily,2022-03-24,,Dr. C. Müller,Active
MED002445,P1820,Metformin,500mg,Twice daily,2023-07-09,,Dr. L. Torres,Active
MED002446,P1821,Warfarin,3mg,Once daily,2022-09-14,,Dr. C. Müller,Active
MED002447,P1821,Bisoprolol,2.5mg,Once daily,2022-04-17,,Dr. C. Müller,Active
MED002448,P1821,Atorvastatin,20mg,Once daily at night,2022-12-10,2024-10-01,Dr. Y. Tanaka,Completed
MED002449,P1822,Sertraline,50mg,Once daily,2022-07-19,,Dr. Y. Tanaka,Active
MED002450,P1822,Amoxicillin,500mg,Three times daily,2023-07-06,,Dr. S. Khan,Active
MED002451,P1822,Clopidogrel,75mg,Once daily,2023-03-13,,Dr. A. Patel,Active
MED002452,P1823,Warfarin,3mg,Once daily,2022-10-20,,Dr. Y. Tanaka,Active
MED002453,P1823,Sertraline,50mg,Once daily,2022-07-18,,Dr. S. Khan,Active
MED002454,P1823,Atorvastatin,20mg,Once daily at night,2023-05-02,,Dr. R. Singh,Active
MED002455,P1823,Lisinopril,10mg,Once daily,2022-10-28,,Dr. L. Torres,Active
MED002456,P1823,Paracetamol,500mg,Up to four times daily,2023-05-04,,Dr. Y. Tanaka,Active
MED002457,P1824,Warfarin,3mg,Once daily,2022-02-10,,Dr. R. Singh,Active
MED002458,P1825,Prednisolone,5mg,Once daily,2022-11-16,,Dr. R. Singh,Active
MED002459,P1825,Amoxicillin,500mg,Three times daily,2023-03-01,2024-04-28,Dr. M. O'Brien,Completed
MED002460,P1825,Bisoprolol,2.5mg,Once daily,2023-04-23,,Dr. L. Torres,Active
MED002461,P1826,Atorvastatin,20mg,Once daily at night,2022-11-26,,Dr. M. O'Brien,Active
MED002462,P1827,Paracetamol,500mg,Up to four times daily,2023-01-28,2024-07-24,Dr. S. Khan,Completed
MED002463,P1827,Metformin,500mg,Twice daily,2023-07-07,2024-07-07,Dr. M. O'Brien,Completed
MED002464,P1827,Atorvastatin,20mg,Once daily at night,2023-04-07,,Dr. M. O'Brien,Active
MED002465,P1827,Furosemide,40mg,Once daily in morning,2022-01-28,2024-06-15,Dr. L. Torres,Completed
MED002466,P1828,Ramipril,5mg,Once daily,2023-02-23,2024-12-17,Dr. C. Müller,Completed
MED002467,P1828,Lisinopril,10mg,Once daily,2023-10-12,,Dr. J. Nkosi,Active
MED002468,P1828,Insulin Glargine,10 units,Once daily at bedtime,2022-06-14,2024-06-20,Dr. R. Singh,Completed
MED002469,P1828,Salbutamol,100mcg,As required,2023-12-13,,Dr. J. Nkosi,Active
MED002470,P1829,Amoxicillin,500mg,Three times daily,2022-09-27,,Dr. M. O'Brien,Active
MED002471,P1829,Bisoprolol,2.5mg,Once daily,2023-01-02,,Dr. R. Singh,Active
MED002472,P1829,Ramipril,5mg,Once daily,2023-08-15,,Dr. M. O'Brien,Active
MED002473,P1829,Prednisolone,5mg,Once daily,2022-01-09,,Dr. C. Müller,Active
MED002474,P1829,Atorvastatin,20mg,Once daily at night,2023-03-16,,Dr. J. Nkosi,Active
MED002475,P1830,Ibuprofen,400mg,Three times daily with food,2022-02-05,,Dr. A. Patel,Active
MED002476,P1830,Paracetamol,500mg,Up to four times daily,2022-06-05,,Dr. S. Khan,Active
MED002477,P1830,Atorvastatin,20mg,Once daily at night,2022-01-01,2024-04-15,Dr. M. O'Brien,Completed
MED002478,P1831,Warfarin,3mg,Once daily,2023-07-29,2024-09-18,Dr. C. Müller,Completed
MED002479,P1831,Insulin Glargine,10 units,Once daily at bedtime,2022-09-20,,Dr. S. Khan,Active
MED002480,P1831,Atorvastatin,20mg,Once daily at night,2023-02-05,,Dr. M. O'Brien,Active
MED002481,P1831,Paracetamol,500mg,Up to four times daily,2023-05-22,,Dr. C. Müller,Active
MED002482,P1832,Amlodipine,5mg,Once daily,2022-06-15,,Dr. S. Khan,Active
MED002483,P1832,Omeprazole,20mg,Once daily before breakfast,2022-06-07,2024-10-20,Dr. S. Khan,Completed
MED002484,P1832,Levothyroxine,50mcg,Once daily,2023-01-06,,Dr. R. Singh,Active
MED002485,P1833,Paracetamol,500mg,Up to four times daily,2023-08-23,,Dr. M. O'Brien,Active
MED002486,P1833,Sertraline,50mg,Once daily,2023-05-08,2024-10-30,Dr. Y. Tanaka,Completed
MED002487,P1834,Warfarin,3mg,Once daily,2022-10-23,2024-04-07,Dr. J. Nkosi,Completed
MED002488,P1834,Lisinopril,10mg,Once daily,2023-06-28,2024-12-08,Dr. A. Patel,Completed
MED002489,P1834,Clopidogrel,75mg,Once daily,2023-05-01,,Dr. A. Patel,Active
MED002490,P1834,Aspirin,75mg,Once daily,2022-04-29,,Dr. L. Torres,Active
MED002491,P1835,Warfarin,3mg,Once daily,2022-08-15,2024-10-13,Dr. C. Müller,Completed
MED002492,P1835,Amlodipine,5mg,Once daily,2022-09-29,,Dr. Y. Tanaka,Active
MED002493,P1835,Prednisolone,5mg,Once daily,2022-11-28,2024-10-07,Dr. J. Nkosi,Completed
MED002494,P1836,Omeprazole,20mg,Once daily before breakfast,2022-07-29,2024-06-12,Dr. J. Nkosi,Completed
MED002495,P1837,Clopidogrel,75mg,Once daily,2022-06-27,2024-09-07,Dr. L. Torres,Completed
MED002496,P1837,Ibuprofen,400mg,Three times daily with food,2022-03-15,,Dr. J. Nkosi,Active
MED002497,P1837,Warfarin,3mg,Once daily,2023-04-09,,Dr. L. Torres,Active
MED002498,P1838,Warfarin,3mg,Once daily,2022-10-14,,Dr. C. Müller,Active
MED002499,P1839,Amoxicillin,500mg,Three times daily,2022-07-14,,Dr. Y. Tanaka,Active
MED002500,P1839,Gabapentin,300mg,Three times daily,2023-11-22,,Dr. J. Nkosi,Active
MED002501,P1839,Prednisolone,5mg,Once daily,2023-10-26,2024-09-27,Dr. C. Müller,Completed
MED002502,P1839,Aspirin,75mg,Once daily,2022-02-02,2024-09-26,Dr. L. Torres,Completed
MED002503,P1840,Insulin Glargine,10 units,Once daily at bedtime,2023-11-03,,Dr. A. Patel,Active
MED002504,P1840,Bisoprolol,2.5mg,Once daily,2022-03-11,2024-12-02,Dr. S. Khan,Completed
MED002505,P1840,Furosemide,40mg,Once daily in morning,2022-09-26,,Dr. R. Singh,Active
MED002506,P1840,Prednisolone,5mg,Once daily,2022-05-13,,Dr. R. Singh,Active
MED002507,P1840,Amoxicillin,500mg,Three times daily,2023-08-14,,Dr. A. Patel,Active
MED002508,P1841,Gabapentin,300mg,Three times daily,2023-02-01,,Dr. Y. Tanaka,Active
MED002509,P1842,Sertraline,50mg,Once daily,2023-10-01,,Dr. L. Torres,Active
MED002510,P1843,Gabapentin,300mg,Three times daily,2022-09-24,,Dr. S. Khan,Active
MED002511,P1843,Clopidogrel,75mg,Once daily,2022-01-05,2024-11-23,Dr. J. Nkosi,Completed
MED002512,P1843,Lisinopril,10mg,Once daily,2023-06-01,,Dr. Y. Tanaka,Active
MED002513,P1844,Paracetamol,500mg,Up to four times daily,2022-03-16,2024-11-21,Dr. C. Müller,Completed
MED002514,P1845,Levothyroxine,50mcg,Once daily,2022-05-15,2024-02-20,Dr. A. Patel,Completed
MED002515,P1846,Levothyroxine,50mcg,Once daily,2023-02-22,,Dr. Y. Tanaka,Active
MED002516,P1847,Omeprazole,20mg,Once daily before breakfast,2022-03-03,,Dr. C. Müller,Active
MED002517,P1847,Atorvastatin,20mg,Once daily at night,2022-11-18,2024-06-26,Dr. R. Singh,Completed
MED002518,P1847,Metformin,500mg,Twice daily,2023-12-26,,Dr. C. Müller,Active
MED002519,P1848,Aspirin,75mg,Once daily,2023-09-25,2024-11-25,Dr. R. Singh,Completed
MED002520,P1848,Clopidogrel,75mg,Once daily,2022-09-30,2024-02-18,Dr. Y. Tanaka,Completed
MED002521,P1849,Amlodipine,5mg,Once daily,2022-12-22,,Dr. C. Müller,Active
MED002522,P1850,Bisoprolol,2.5mg,Once daily,2023-08-11,,Dr. Y. Tanaka,Active
MED002523,P1850,Omeprazole,20mg,Once daily before breakfast,2022-01-10,,Dr. L. Torres,Active
MED002524,P1850,Clopidogrel,75mg,Once daily,2023-11-27,,Dr. Y. Tanaka,Active
MED002525,P1850,Insulin Glargine,10 units,Once daily at bedtime,2022-05-26,,Dr. R. Singh,Active
MED002526,P1851,Bisoprolol,2.5mg,Once daily,2023-01-09,,Dr. A. Patel,Active
MED002527,P1851,Prednisolone,5mg,Once daily,2022-11-08,,Dr. A. Patel,Active
MED002528,P1851,Sertraline,50mg,Once daily,2022-02-10,,Dr. J. Nkosi,Active
MED002529,P1851,Atorvastatin,20mg,Once daily at night,2023-12-16,2024-08-16,Dr. C. Müller,Completed
MED002530,P1851,Paracetamol,500mg,Up to four times daily,2022-05-13,,Dr. J. Nkosi,Active
MED002531,P1852,Furosemide,40mg,Once daily in morning,2022-08-07,,Dr. Y. Tanaka,Active
MED002532,P1852,Sertraline,50mg,Once daily,2022-11-11,2024-04-29,Dr. M. O'Brien,Completed
MED002533,P1853,Aspirin,75mg,Once daily,2023-03-12,,Dr. J. Nkosi,Active
MED002534,P1853,Omeprazole,20mg,Once daily before breakfast,2022-11-08,,Dr. Y. Tanaka,Active
MED002535,P1853,Sertraline,50mg,Once daily,2022-08-30,,Dr. M. O'Brien,Active
MED002536,P1853,Metformin,500mg,Twice daily,2022-08-26,,Dr. S. Khan,Active
MED002537,P1854,Insulin Glargine,10 units,Once daily at bedtime,2023-05-10,,Dr. A. Patel,Active
MED002538,P1854,Salbutamol,100mcg,As required,2022-09-12,,Dr. R. Singh,Active
MED002539,P1854,Clopidogrel,75mg,Once daily,2022-10-30,,Dr. S. Khan,Active
MED002540,P1855,Sertraline,50mg,Once daily,2022-04-18,,Dr. S. Khan,Active
MED002541,P1855,Aspirin,75mg,Once daily,2023-12-10,,Dr. L. Torres,Active
MED002542,P1855,Metformin,500mg,Twice daily,2022-10-04,2024-01-19,Dr. R. Singh,Completed
MED002543,P1855,Bisoprolol,2.5mg,Once daily,2022-02-14,,Dr. A. Patel,Active
MED002544,P1855,Ibuprofen,400mg,Three times daily with food,2023-08-18,,Dr. J. Nkosi,Active
MED002545,P1856,Metformin,500mg,Twice daily,2023-12-15,2024-09-27,Dr. Y. Tanaka,Completed
MED002546,P1856,Gabapentin,300mg,Three times daily,2023-02-18,,Dr. C. Müller,Active
MED002547,P1856,Insulin Glargine,10 units,Once daily at bedtime,2023-01-18,,Dr. L. Torres,Active
MED002548,P1857,Aspirin,75mg,Once daily,2022-07-09,,Dr. Y. Tanaka,Active
MED002549,P1857,Furosemide,40mg,Once daily in morning,2023-02-04,,Dr. Y. Tanaka,Active
MED002550,P1858,Furosemide,40mg,Once daily in morning,2022-11-16,,Dr. M. O'Brien,Active
MED002551,P1858,Insulin Glargine,10 units,Once daily at bedtime,2023-05-22,,Dr. A. Patel,Active
MED002552,P1858,Levothyroxine,50mcg,Once daily,2022-03-30,,Dr. M. O'Brien,Active
MED002553,P1859,Omeprazole,20mg,Once daily before breakfast,2022-11-16,,Dr. M. O'Brien,Active
MED002554,P1859,Insulin Glargine,10 units,Once daily at bedtime,2022-07-11,,Dr. M. O'Brien,Active
MED002555,P1859,Paracetamol,500mg,Up to four times daily,2022-04-03,,Dr. A. Patel,Active
MED002556,P1860,Furosemide,40mg,Once daily in morning,2022-10-09,,Dr. Y. Tanaka,Active
MED002557,P1860,Aspirin,75mg,Once daily,2022-03-19,,Dr. M. O'Brien,Active
MED002558,P1860,Bisoprolol,2.5mg,Once daily,2022-01-23,,Dr. J. Nkosi,Active
MED002559,P1860,Amoxicillin,500mg,Three times daily,2023-11-12,,Dr. Y. Tanaka,Active
MED002560,P1860,Lisinopril,10mg,Once daily,2023-04-06,,Dr. S. Khan,Active
MED002561,P1861,Salbutamol,100mcg,As required,2022-10-24,,Dr. C. Müller,Active
MED002562,P1861,Metformin,500mg,Twice daily,2023-12-30,,Dr. C. Müller,Active
MED002563,P1862,Ramipril,5mg,Once daily,2023-05-18,,Dr. R. Singh,Active
MED002564,P1862,Atorvastatin,20mg,Once daily at night,2022-07-28,2024-08-27,Dr. J. Nkosi,Completed
MED002565,P1863,Ibuprofen,400mg,Three times daily with food,2022-08-11,2024-08-10,Dr. R. Singh,Completed
MED002566,P1863,Paracetamol,500mg,Up to four times daily,2023-07-04,,Dr. M. O'Brien,Active
MED002567,P1863,Insulin Glargine,10 units,Once daily at bedtime,2023-04-10,,Dr. C. Müller,Active
MED002568,P1864,Levothyroxine,50mcg,Once daily,2022-12-20,,Dr. Y. Tanaka,Active
MED002569,P1864,Warfarin,3mg,Once daily,2022-08-13,,Dr. J. Nkosi,Active
MED002570,P1864,Atorvastatin,20mg,Once daily at night,2023-12-31,,Dr. R. Singh,Active
MED002571,P1865,Lisinopril,10mg,Once daily,2023-02-23,,Dr. C. Müller,Active
MED002572,P1865,Salbutamol,100mcg,As required,2022-04-28,,Dr. Y. Tanaka,Active
MED002573,P1865,Levothyroxine,50mcg,Once daily,2022-11-17,2024-07-21,Dr. S. Khan,Completed
MED002574,P1865,Omeprazole,20mg,Once daily before breakfast,2022-04-12,,Dr. R. Singh,Active
MED002575,P1865,Bisoprolol,2.5mg,Once daily,2022-12-28,,Dr. S. Khan,Active
MED002576,P1866,Ibuprofen,400mg,Three times daily with food,2022-11-03,,Dr. S. Khan,Active
MED002577,P1867,Amoxicillin,500mg,Three times daily,2023-01-17,,Dr. A. Patel,Active
MED002578,P1867,Warfarin,3mg,Once daily,2022-03-07,,Dr. Y. Tanaka,Active
MED002579,P1867,Gabapentin,300mg,Three times daily,2022-05-10,,Dr. A. Patel,Active
MED002580,P1867,Lisinopril,10mg,Once daily,2022-03-23,,Dr. C. Müller,Active
MED002581,P1867,Atorvastatin,20mg,Once daily at night,2023-06-04,2024-02-29,Dr. R. Singh,Completed
MED002582,P1868,Aspirin,75mg,Once daily,2023-02-04,2024-11-23,Dr. S. Khan,Completed
MED002583,P1868,Salbutamol,100mcg,As required,2022-04-09,,Dr. Y. Tanaka,Active
MED002584,P1868,Clopidogrel,75mg,Once daily,2023-03-04,,Dr. R. Singh,Active
MED002585,P1868,Metformin,500mg,Twice daily,2022-09-30,2024-03-18,Dr. C. Müller,Completed
MED002586,P1869,Omeprazole,20mg,Once daily before breakfast,2023-08-19,,Dr. M. O'Brien,Active
MED002587,P1869,Atorvastatin,20mg,Once daily at night,2023-11-14,2024-09-11,Dr. S. Khan,Completed
MED002588,P1869,Levothyroxine,50mcg,Once daily,2022-02-02,,Dr. Y. Tanaka,Active
MED002589,P1869,Paracetamol,500mg,Up to four times daily,2022-09-10,2024-08-19,Dr. R. Singh,Completed
MED002590,P1869,Gabapentin,300mg,Three times daily,2023-10-01,,Dr. S. Khan,Active
MED002591,P1870,Ramipril,5mg,Once daily,2022-07-27,,Dr. A. Patel,Active
MED002592,P1870,Metformin,500mg,Twice daily,2022-11-29,,Dr. L. Torres,Active
MED002593,P1871,Atorvastatin,20mg,Once daily at night,2022-05-21,,Dr. S. Khan,Active
MED002594,P1871,Paracetamol,500mg,Up to four times daily,2022-02-28,,Dr. L. Torres,Active
MED002595,P1872,Bisoprolol,2.5mg,Once daily,2023-12-10,,Dr. Y. Tanaka,Active
MED002596,P1872,Atorvastatin,20mg,Once daily at night,2022-01-17,,Dr. Y. Tanaka,Active
MED002597,P1872,Gabapentin,300mg,Three times daily,2023-07-02,,Dr. J. Nkosi,Active
MED002598,P1872,Amoxicillin,500mg,Three times daily,2022-12-25,2024-06-12,Dr. L. Torres,Completed
MED002599,P1873,Furosemide,40mg,Once daily in morning,2023-07-15,2024-02-18,Dr. M. O'Brien,Completed
MED002600,P1873,Bisoprolol,2.5mg,Once daily,2023-01-03,2024-08-14,Dr. A. Patel,Completed
MED002601,P1873,Lisinopril,10mg,Once daily,2023-08-15,,Dr. J. Nkosi,Active
MED002602,P1874,Lisinopril,10mg,Once daily,2023-10-29,,Dr. A. Patel,Active
MED002603,P1874,Ramipril,5mg,Once daily,2022-12-17,2024-01-04,Dr. Y. Tanaka,Completed
MED002604,P1874,Furosemide,40mg,Once daily in morning,2023-02-26,2024-09-04,Dr. S. Khan,Completed
MED002605,P1875,Warfarin,3mg,Once daily,2023-07-16,,Dr. J. Nkosi,Active
MED002606,P1875,Omeprazole,20mg,Once daily before breakfast,2022-04-01,2024-06-19,Dr. J. Nkosi,Completed
MED002607,P1875,Salbutamol,100mcg,As required,2023-09-23,2024-11-28,Dr. A. Patel,Completed
MED002608,P1875,Bisoprolol,2.5mg,Once daily,2023-04-25,,Dr. A. Patel,Active
MED002609,P1875,Insulin Glargine,10 units,Once daily at bedtime,2023-03-28,,Dr. L. Torres,Active
MED002610,P1876,Amoxicillin,500mg,Three times daily,2023-07-03,,Dr. M. O'Brien,Active
MED002611,P1876,Salbutamol,100mcg,As required,2022-05-16,2024-09-04,Dr. C. Müller,Completed
MED002612,P1876,Sertraline,50mg,Once daily,2023-12-04,2024-02-19,Dr. A. Patel,Completed
MED002613,P1877,Insulin Glargine,10 units,Once daily at bedtime,2022-07-01,,Dr. J. Nkosi,Active
MED002614,P1877,Ibuprofen,400mg,Three times daily with food,2022-10-18,2024-05-18,Dr. R. Singh,Completed
MED002615,P1877,Omeprazole,20mg,Once daily before breakfast,2022-05-06,,Dr. A. Patel,Active
MED002616,P1877,Sertraline,50mg,Once daily,2023-02-20,,Dr. L. Torres,Active
MED002617,P1878,Atorvastatin,20mg,Once daily at night,2023-07-25,2024-07-31,Dr. J. Nkosi,Completed
MED002618,P1878,Amlodipine,5mg,Once daily,2022-10-11,2024-09-07,Dr. S. Khan,Completed
MED002619,P1879,Amoxicillin,500mg,Three times daily,2022-09-20,2024-08-15,Dr. R. Singh,Completed
MED002620,P1880,Aspirin,75mg,Once daily,2022-09-02,,Dr. L. Torres,Active
MED002621,P1880,Ramipril,5mg,Once daily,2023-08-03,,Dr. M. O'Brien,Active
MED002622,P1880,Paracetamol,500mg,Up to four times daily,2022-11-15,,Dr. C. Müller,Active
MED002623,P1881,Clopidogrel,75mg,Once daily,2022-12-07,,Dr. J. Nkosi,Active
MED002624,P1881,Amoxicillin,500mg,Three times daily,2022-12-11,2024-04-03,Dr. Y. Tanaka,Completed
MED002625,P1881,Bisoprolol,2.5mg,Once daily,2023-04-02,2024-07-21,Dr. A. Patel,Completed
MED002626,P1881,Aspirin,75mg,Once daily,2022-07-17,2024-05-10,Dr. Y. Tanaka,Completed
MED002627,P1881,Gabapentin,300mg,Three times daily,2022-04-24,2024-09-01,Dr. A. Patel,Completed
MED002628,P1882,Amoxicillin,500mg,Three times daily,2022-12-10,2024-04-03,Dr. S. Khan,Completed
MED002629,P1882,Ibuprofen,400mg,Three times daily with food,2023-12-01,,Dr. M. O'Brien,Active
MED002630,P1882,Gabapentin,300mg,Three times daily,2022-02-16,2024-06-05,Dr. A. Patel,Completed
MED002631,P1883,Bisoprolol,2.5mg,Once daily,2022-05-17,,Dr. A. Patel,Active
MED002632,P1883,Salbutamol,100mcg,As required,2022-07-12,2024-10-06,Dr. Y. Tanaka,Completed
MED002633,P1884,Prednisolone,5mg,Once daily,2023-01-17,,Dr. J. Nkosi,Active
MED002634,P1884,Levothyroxine,50mcg,Once daily,2023-01-03,,Dr. A. Patel,Active
MED002635,P1885,Lisinopril,10mg,Once daily,2023-11-11,,Dr. J. Nkosi,Active
MED002636,P1885,Sertraline,50mg,Once daily,2023-07-11,2024-07-12,Dr. C. Müller,Completed
MED002637,P1886,Salbutamol,100mcg,As required,2023-09-30,,Dr. S. Khan,Active
MED002638,P1886,Bisoprolol,2.5mg,Once daily,2023-09-13,,Dr. R. Singh,Active
MED002639,P1886,Insulin Glargine,10 units,Once daily at bedtime,2023-12-12,2024-04-22,Dr. L. Torres,Completed
MED002640,P1886,Sertraline,50mg,Once daily,2022-10-28,,Dr. R. Singh,Active
MED002641,P1886,Warfarin,3mg,Once daily,2022-09-11,,Dr. C. Müller,Active
MED002642,P1887,Ibuprofen,400mg,Three times daily with food,2023-08-19,,Dr. M. O'Brien,Active
MED002643,P1887,Bisoprolol,2.5mg,Once daily,2023-07-09,2024-09-14,Dr. C. Müller,Completed
MED002644,P1887,Clopidogrel,75mg,Once daily,2022-04-22,,Dr. C. Müller,Active
MED002645,P1887,Sertraline,50mg,Once daily,2023-02-14,2024-06-02,Dr. M. O'Brien,Completed
MED002646,P1888,Metformin,500mg,Twice daily,2022-04-26,,Dr. M. O'Brien,Active
MED002647,P1888,Atorvastatin,20mg,Once daily at night,2022-10-30,,Dr. Y. Tanaka,Active
MED002648,P1888,Lisinopril,10mg,Once daily,2023-04-13,2024-07-01,Dr. L. Torres,Completed
MED002649,P1888,Sertraline,50mg,Once daily,2023-11-14,,Dr. S. Khan,Active
MED002650,P1888,Salbutamol,100mcg,As required,2023-11-22,,Dr. L. Torres,Active
MED002651,P1889,Insulin Glargine,10 units,Once daily at bedtime,2023-01-16,,Dr. Y. Tanaka,Active
MED002652,P1890,Furosemide,40mg,Once daily in morning,2023-05-10,,Dr. L. Torres,Active
MED002653,P1890,Lisinopril,10mg,Once daily,2023-09-04,,Dr. Y. Tanaka,Active
MED002654,P1890,Aspirin,75mg,Once daily,2023-01-01,,Dr. R. Singh,Active
MED002655,P1890,Insulin Glargine,10 units,Once daily at bedtime,2022-04-14,2024-05-07,Dr. L. Torres,Completed
MED002656,P1891,Insulin Glargine,10 units,Once daily at bedtime,2022-08-15,,Dr. R. Singh,Active
MED002657,P1891,Aspirin,75mg,Once daily,2023-03-09,,Dr. S. Khan,Active
MED002658,P1891,Bisoprolol,2.5mg,Once daily,2022-12-09,,Dr. M. O'Brien,Active
MED002659,P1892,Bisoprolol,2.5mg,Once daily,2023-09-01,,Dr. L. Torres,Active
MED002660,P1892,Metformin,500mg,Twice daily,2023-05-14,,Dr. R. Singh,Active
MED002661,P1893,Insulin Glargine,10 units,Once daily at bedtime,2022-03-27,2024-10-16,Dr. J. Nkosi,Completed
MED002662,P1893,Paracetamol,500mg,Up to four times daily,2022-08-24,,Dr. L. Torres,Active
MED002663,P1893,Clopidogrel,75mg,Once daily,2022-09-22,2024-07-14,Dr. Y. Tanaka,Completed
MED002664,P1893,Furosemide,40mg,Once daily in morning,2023-08-17,,Dr. J. Nkosi,Active
MED002665,P1893,Prednisolone,5mg,Once daily,2023-06-06,,Dr. R. Singh,Active
MED002666,P1894,Clopidogrel,75mg,Once daily,2022-10-21,,Dr. J. Nkosi,Active
MED002667,P1894,Lisinopril,10mg,Once daily,2023-04-30,,Dr. R. Singh,Active
MED002668,P1895,Clopidogrel,75mg,Once daily,2023-06-16,,Dr. S. Khan,Active
MED002669,P1895,Metformin,500mg,Twice daily,2022-03-24,,Dr. C. Müller,Active
MED002670,P1896,Salbutamol,100mcg,As required,2023-03-24,,Dr. Y. Tanaka,Active
MED002671,P1896,Clopidogrel,75mg,Once daily,2022-07-24,2024-08-22,Dr. S. Khan,Completed
MED002672,P1896,Paracetamol,500mg,Up to four times daily,2023-06-29,2024-02-19,Dr. C. Müller,Completed
MED002673,P1896,Amoxicillin,500mg,Three times daily,2023-09-24,2024-02-28,Dr. M. O'Brien,Completed
MED002674,P1897,Clopidogrel,75mg,Once daily,2023-04-24,,Dr. S. Khan,Active
MED002675,P1897,Ibuprofen,400mg,Three times daily with food,2022-12-18,2024-10-19,Dr. Y. Tanaka,Completed
MED002676,P1897,Atorvastatin,20mg,Once daily at night,2022-10-02,,Dr. A. Patel,Active
MED002677,P1897,Amoxicillin,500mg,Three times daily,2022-12-26,,Dr. S. Khan,Active
MED002678,P1898,Atorvastatin,20mg,Once daily at night,2022-05-06,,Dr. L. Torres,Active
MED002679,P1898,Gabapentin,300mg,Three times daily,2022-06-22,,Dr. L. Torres,Active
MED002680,P1898,Levothyroxine,50mcg,Once daily,2022-05-15,2024-08-15,Dr. L. Torres,Completed
MED002681,P1898,Sertraline,50mg,Once daily,2022-01-30,2024-02-11,Dr. M. O'Brien,Completed
MED002682,P1898,Lisinopril,10mg,Once daily,2022-06-20,,Dr. R. Singh,Active
MED002683,P1899,Gabapentin,300mg,Three times daily,2022-02-20,,Dr. R. Singh,Active
MED002684,P1899,Bisoprolol,2.5mg,Once daily,2023-04-09,,Dr. J. Nkosi,Active
MED002685,P1899,Paracetamol,500mg,Up to four times daily,2022-03-31,,Dr. S. Khan,Active
MED002686,P1899,Amlodipine,5mg,Once daily,2022-02-07,2024-11-26,Dr. M. O'Brien,Completed
MED002687,P1899,Lisinopril,10mg,Once daily,2022-09-19,,Dr. S. Khan,Active
MED002688,P1900,Prednisolone,5mg,Once daily,2022-09-23,,Dr. Y. Tanaka,Active
MED002689,P1900,Furosemide,40mg,Once daily in morning,2022-07-02,,Dr. J. Nkosi,Active
MED002690,P1901,Sertraline,50mg,Once daily,2022-02-23,,Dr. A. Patel,Active
MED002691,P1902,Insulin Glargine,10 units,Once daily at bedtime,2023-11-24,,Dr. R. Singh,Active
MED002692,P1902,Clopidogrel,75mg,Once daily,2023-12-05,,Dr. A. Patel,Active
MED002693,P1902,Paracetamol,500mg,Up to four times daily,2022-08-07,,Dr. A. Patel,Active
MED002694,P1902,Metformin,500mg,Twice daily,2023-02-01,2024-11-30,Dr. M. O'Brien,Completed
MED002695,P1902,Salbutamol,100mcg,As required,2022-08-16,,Dr. L. Torres,Active
MED002696,P1903,Amoxicillin,500mg,Three times daily,2022-10-17,,Dr. L. Torres,Active
MED002697,P1903,Ibuprofen,400mg,Three times daily with food,2022-03-19,,Dr. S. Khan,Active
MED002698,P1903,Warfarin,3mg,Once daily,2022-06-02,2024-10-18,Dr. C. Müller,Completed
MED002699,P1903,Atorvastatin,20mg,Once daily at night,2022-02-05,,Dr. J. Nkosi,Active
MED002700,P1903,Insulin Glargine,10 units,Once daily at bedtime,2023-05-27,2024-07-19,Dr. M. O'Brien,Completed
MED002701,P1904,Omeprazole,20mg,Once daily before breakfast,2023-02-05,2024-04-17,Dr. C. Müller,Completed
MED002702,P1904,Ramipril,5mg,Once daily,2022-04-02,2024-09-22,Dr. Y. Tanaka,Completed
MED002703,P1904,Sertraline,50mg,Once daily,2022-03-01,,Dr. Y. Tanaka,Active
MED002704,P1904,Clopidogrel,75mg,Once daily,2022-04-16,,Dr. C. Müller,Active
MED002705,P1905,Clopidogrel,75mg,Once daily,2022-10-14,,Dr. R. Singh,Active
MED002706,P1905,Amoxicillin,500mg,Three times daily,2022-11-06,,Dr. A. Patel,Active
MED002707,P1906,Gabapentin,300mg,Three times daily,2023-03-17,2024-03-01,Dr. L. Torres,Completed
MED002708,P1907,Gabapentin,300mg,Three times daily,2023-06-09,,Dr. R. Singh,Active
MED002709,P1907,Salbutamol,100mcg,As required,2023-02-19,,Dr. S. Khan,Active
MED002710,P1907,Amoxicillin,500mg,Three times daily,2023-03-22,,Dr. R. Singh,Active
MED002711,P1907,Ramipril,5mg,Once daily,2023-07-22,,Dr. C. Müller,Active
MED002712,P1908,Paracetamol,500mg,Up to four times daily,2022-05-21,,Dr. Y. Tanaka,Active
MED002713,P1908,Amoxicillin,500mg,Three times daily,2022-12-11,,Dr. J. Nkosi,Active
MED002714,P1908,Sertraline,50mg,Once daily,2022-02-12,2024-07-19,Dr. S. Khan,Completed
MED002715,P1908,Ramipril,5mg,Once daily,2023-09-19,,Dr. J. Nkosi,Active
MED002716,P1909,Warfarin,3mg,Once daily,2022-09-11,,Dr. C. Müller,Active
MED002717,P1909,Amlodipine,5mg,Once daily,2022-04-25,,Dr. Y. Tanaka,Active
MED002718,P1910,Omeprazole,20mg,Once daily before breakfast,2023-07-02,2024-09-25,Dr. A. Patel,Completed
MED002719,P1910,Bisoprolol,2.5mg,Once daily,2023-11-22,2024-02-10,Dr. Y. Tanaka,Completed
MED002720,P1910,Warfarin,3mg,Once daily,2022-03-16,,Dr. R. Singh,Active
MED002721,P1911,Prednisolone,5mg,Once daily,2022-04-30,,Dr. A. Patel,Active
MED002722,P1911,Amlodipine,5mg,Once daily,2022-09-15,,Dr. R. Singh,Active
MED002723,P1911,Paracetamol,500mg,Up to four times daily,2022-11-06,,Dr. R. Singh,Active
MED002724,P1911,Levothyroxine,50mcg,Once daily,2023-03-21,,Dr. C. Müller,Active
MED002725,P1911,Warfarin,3mg,Once daily,2022-08-03,,Dr. S. Khan,Active
MED002726,P1912,Clopidogrel,75mg,Once daily,2023-11-07,,Dr. M. O'Brien,Active
MED002727,P1912,Omeprazole,20mg,Once daily before breakfast,2022-08-04,,Dr. L. Torres,Active
MED002728,P1913,Lisinopril,10mg,Once daily,2022-08-25,,Dr. M. O'Brien,Active
MED002729,P1913,Metformin,500mg,Twice daily,2022-02-01,,Dr. Y. Tanaka,Active
MED002730,P1914,Bisoprolol,2.5mg,Once daily,2022-08-26,2024-08-17,Dr. J. Nkosi,Completed
MED002731,P1914,Ibuprofen,400mg,Three times daily with food,2023-05-22,,Dr. R. Singh,Active
MED002732,P1914,Metformin,500mg,Twice daily,2023-09-04,2024-04-01,Dr. M. O'Brien,Completed
MED002733,P1914,Atorvastatin,20mg,Once daily at night,2023-08-27,,Dr. M. O'Brien,Active
MED002734,P1914,Aspirin,75mg,Once daily,2023-09-26,2024-01-13,Dr. S. Khan,Completed
MED002735,P1915,Bisoprolol,2.5mg,Once daily,2022-01-15,,Dr. R. Singh,Active
MED002736,P1915,Paracetamol,500mg,Up to four times daily,2023-05-01,,Dr. A. Patel,Active
MED002737,P1916,Sertraline,50mg,Once daily,2022-03-24,,Dr. M. O'Brien,Active
MED002738,P1916,Metformin,500mg,Twice daily,2023-07-06,2024-07-29,Dr. C. Müller,Completed
MED002739,P1916,Ibuprofen,400mg,Three times daily with food,2022-11-16,,Dr. M. O'Brien,Active
MED002740,P1916,Levothyroxine,50mcg,Once daily,2023-03-20,,Dr. S. Khan,Active
MED002741,P1916,Atorvastatin,20mg,Once daily at night,2022-09-02,,Dr. A. Patel,Active
MED002742,P1917,Ramipril,5mg,Once daily,2022-07-22,,Dr. C. Müller,Active
MED002743,P1917,Prednisolone,5mg,Once daily,2023-04-12,,Dr. J. Nkosi,Active
MED002744,P1918,Atorvastatin,20mg,Once daily at night,2023-05-26,,Dr. S. Khan,Active
MED002745,P1918,Levothyroxine,50mcg,Once daily,2023-09-13,2024-07-05,Dr. C. Müller,Completed
MED002746,P1918,Metformin,500mg,Twice daily,2022-03-31,,Dr. R. Singh,Active
MED002747,P1918,Gabapentin,300mg,Three times daily,2023-07-03,2024-02-26,Dr. S. Khan,Completed
MED002748,P1919,Warfarin,3mg,Once daily,2023-12-18,,Dr. L. Torres,Active
MED002749,P1920,Gabapentin,300mg,Three times daily,2022-06-18,,Dr. S. Khan,Active
MED002750,P1920,Aspirin,75mg,Once daily,2023-09-28,,Dr. R. Singh,Active
MED002751,P1921,Gabapentin,300mg,Three times daily,2022-02-09,,Dr. S. Khan,Active
MED002752,P1921,Bisoprolol,2.5mg,Once daily,2022-01-08,,Dr. J. Nkosi,Active
MED002753,P1921,Omeprazole,20mg,Once daily before breakfast,2022-06-01,,Dr. M. O'Brien,Active
MED002754,P1921,Metformin,500mg,Twice daily,2023-11-01,,Dr. Y. Tanaka,Active
MED002755,P1921,Atorvastatin,20mg,Once daily at night,2022-11-04,,Dr. Y. Tanaka,Active
MED002756,P1922,Ramipril,5mg,Once daily,2022-05-07,2024-10-01,Dr. J. Nkosi,Completed
MED002757,P1922,Metformin,500mg,Twice daily,2022-11-11,,Dr. L. Torres,Active
MED002758,P1922,Atorvastatin,20mg,Once daily at night,2022-09-14,2024-05-07,Dr. Y. Tanaka,Completed
MED002759,P1922,Levothyroxine,50mcg,Once daily,2022-10-26,2024-11-02,Dr. L. Torres,Completed
MED002760,P1922,Salbutamol,100mcg,As required,2022-04-05,,Dr. R. Singh,Active
MED002761,P1923,Salbutamol,100mcg,As required,2022-08-09,,Dr. J. Nkosi,Active
MED002762,P1923,Ibuprofen,400mg,Three times daily with food,2022-03-25,2024-02-03,Dr. R. Singh,Completed
MED002763,P1923,Gabapentin,300mg,Three times daily,2023-03-26,,Dr. S. Khan,Active
MED002764,P1923,Metformin,500mg,Twice daily,2022-01-11,2024-05-02,Dr. Y. Tanaka,Completed
MED002765,P1923,Omeprazole,20mg,Once daily before breakfast,2023-08-15,,Dr. M. O'Brien,Active
MED002766,P1924,Levothyroxine,50mcg,Once daily,2022-01-29,,Dr. M. O'Brien,Active
MED002767,P1924,Atorvastatin,20mg,Once daily at night,2022-11-05,2024-01-24,Dr. R. Singh,Completed
MED002768,P1925,Warfarin,3mg,Once daily,2022-06-11,,Dr. L. Torres,Active
MED002769,P1925,Bisoprolol,2.5mg,Once daily,2022-10-16,,Dr. Y. Tanaka,Active
MED002770,P1925,Lisinopril,10mg,Once daily,2023-04-25,,Dr. C. Müller,Active
MED002771,P1925,Metformin,500mg,Twice daily,2022-03-31,,Dr. C. Müller,Active
MED002772,P1925,Clopidogrel,75mg,Once daily,2023-10-11,,Dr. M. O'Brien,Active
MED002773,P1926,Insulin Glargine,10 units,Once daily at bedtime,2023-08-24,,Dr. S. Khan,Active
MED002774,P1926,Omeprazole,20mg,Once daily before breakfast,2022-03-01,,Dr. L. Torres,Active
MED002775,P1926,Amlodipine,5mg,Once daily,2022-03-06,2024-01-15,Dr. M. O'Brien,Completed
MED002776,P1926,Levothyroxine,50mcg,Once daily,2022-12-19,,Dr. M. O'Brien,Active
MED002777,P1926,Aspirin,75mg,Once daily,2022-08-05,2024-06-25,Dr. S. Khan,Completed
MED002778,P1927,Ibuprofen,400mg,Three times daily with food,2023-02-28,,Dr. R. Singh,Active
MED002779,P1928,Sertraline,50mg,Once daily,2022-06-05,,Dr. A. Patel,Active
MED002780,P1929,Levothyroxine,50mcg,Once daily,2023-09-16,,Dr. A. Patel,Active
MED002781,P1930,Salbutamol,100mcg,As required,2023-01-18,,Dr. L. Torres,Active
MED002782,P1930,Insulin Glargine,10 units,Once daily at bedtime,2023-10-21,,Dr. R. Singh,Active
MED002783,P1930,Amlodipine,5mg,Once daily,2023-11-05,,Dr. Y. Tanaka,Active
MED002784,P1931,Salbutamol,100mcg,As required,2022-05-09,,Dr. L. Torres,Active
MED002785,P1932,Bisoprolol,2.5mg,Once daily,2023-07-27,,Dr. Y. Tanaka,Active
MED002786,P1932,Amlodipine,5mg,Once daily,2022-12-06,,Dr. C. Müller,Active
MED002787,P1932,Amoxicillin,500mg,Three times daily,2022-08-18,2024-09-24,Dr. L. Torres,Completed
MED002788,P1932,Paracetamol,500mg,Up to four times daily,2022-10-30,2024-04-28,Dr. J. Nkosi,Completed
MED002789,P1933,Prednisolone,5mg,Once daily,2023-12-01,,Dr. A. Patel,Active
MED002790,P1933,Metformin,500mg,Twice daily,2022-08-09,,Dr. Y. Tanaka,Active
MED002791,P1933,Aspirin,75mg,Once daily,2022-01-16,2024-05-02,Dr. J. Nkosi,Completed
MED002792,P1934,Prednisolone,5mg,Once daily,2022-12-05,,Dr. A. Patel,Active
MED002793,P1934,Omeprazole,20mg,Once daily before breakfast,2023-03-24,2024-06-07,Dr. S. Khan,Completed
MED002794,P1934,Bisoprolol,2.5mg,Once daily,2023-01-14,,Dr. A. Patel,Active
MED002795,P1935,Amoxicillin,500mg,Three times daily,2022-02-06,2024-07-13,Dr. S. Khan,Completed
MED002796,P1935,Bisoprolol,2.5mg,Once daily,2022-11-16,2024-05-23,Dr. J. Nkosi,Completed
MED002797,P1935,Aspirin,75mg,Once daily,2022-11-08,,Dr. S. Khan,Active
MED002798,P1935,Clopidogrel,75mg,Once daily,2023-10-26,,Dr. M. O'Brien,Active
MED002799,P1935,Warfarin,3mg,Once daily,2022-11-11,,Dr. R. Singh,Active
MED002800,P1936,Levothyroxine,50mcg,Once daily,2022-07-20,,Dr. A. Patel,Active
MED002801,P1936,Insulin Glargine,10 units,Once daily at bedtime,2022-10-06,,Dr. J. Nkosi,Active
MED002802,P1936,Clopidogrel,75mg,Once daily,2022-02-15,,Dr. R. Singh,Active
MED002803,P1936,Ramipril,5mg,Once daily,2023-07-15,,Dr. S. Khan,Active
MED002804,P1937,Amoxicillin,500mg,Three times daily,2022-12-18,2024-08-08,Dr. M. O'Brien,Completed
MED002805,P1937,Furosemide,40mg,Once daily in morning,2023-09-09,2024-10-01,Dr. A. Patel,Completed
MED002806,P1937,Ramipril,5mg,Once daily,2023-09-03,,Dr. L. Torres,Active
MED002807,P1938,Atorvastatin,20mg,Once daily at night,2022-07-20,2024-02-04,Dr. M. O'Brien,Completed
MED002808,P1938,Gabapentin,300mg,Three times daily,2023-09-22,,Dr. C. Müller,Active
MED002809,P1938,Salbutamol,100mcg,As required,2022-12-28,,Dr. R. Singh,Active
MED002810,P1938,Ramipril,5mg,Once daily,2023-11-05,2024-03-21,Dr. M. O'Brien,Completed
MED002811,P1938,Paracetamol,500mg,Up to four times daily,2022-01-10,,Dr. A. Patel,Active
MED002812,P1939,Bisoprolol,2.5mg,Once daily,2023-05-23,,Dr. M. O'Brien,Active
MED002813,P1939,Prednisolone,5mg,Once daily,2023-04-06,,Dr. S. Khan,Active
MED002814,P1939,Levothyroxine,50mcg,Once daily,2022-08-06,,Dr. L. Torres,Active
MED002815,P1940,Sertraline,50mg,Once daily,2023-12-01,,Dr. S. Khan,Active
MED002816,P1940,Atorvastatin,20mg,Once daily at night,2022-09-19,,Dr. M. O'Brien,Active
MED002817,P1940,Prednisolone,5mg,Once daily,2022-02-15,2024-05-15,Dr. A. Patel,Completed
MED002818,P1940,Bisoprolol,2.5mg,Once daily,2023-04-10,,Dr. J. Nkosi,Active
MED002819,P1941,Amlodipine,5mg,Once daily,2023-04-01,,Dr. C. Müller,Active
MED002820,P1941,Clopidogrel,75mg,Once daily,2023-10-09,2024-01-16,Dr. J. Nkosi,Completed
MED002821,P1941,Paracetamol,500mg,Up to four times daily,2022-04-23,,Dr. Y. Tanaka,Active
MED002822,P1942,Levothyroxine,50mcg,Once daily,2023-03-17,2024-02-18,Dr. R. Singh,Completed
MED002823,P1942,Gabapentin,300mg,Three times daily,2023-01-04,2024-05-03,Dr. Y. Tanaka,Completed
MED002824,P1943,Bisoprolol,2.5mg,Once daily,2022-12-02,2024-10-06,Dr. C. Müller,Completed
MED002825,P1943,Lisinopril,10mg,Once daily,2022-04-13,,Dr. M. O'Brien,Active
MED002826,P1943,Ibuprofen,400mg,Three times daily with food,2022-09-19,,Dr. A. Patel,Active
MED002827,P1944,Omeprazole,20mg,Once daily before breakfast,2022-11-17,,Dr. Y. Tanaka,Active
MED002828,P1945,Prednisolone,5mg,Once daily,2022-08-22,,Dr. A. Patel,Active
MED002829,P1945,Atorvastatin,20mg,Once daily at night,2022-07-09,2024-08-30,Dr. L. Torres,Completed
MED002830,P1945,Clopidogrel,75mg,Once daily,2022-01-14,,Dr. Y. Tanaka,Active
MED002831,P1946,Ibuprofen,400mg,Three times daily with food,2022-05-20,,Dr. R. Singh,Active
MED002832,P1946,Amoxicillin,500mg,Three times daily,2022-03-25,,Dr. A. Patel,Active
MED002833,P1946,Salbutamol,100mcg,As required,2023-12-26,,Dr. C. Müller,Active
MED002834,P1947,Aspirin,75mg,Once daily,2023-08-23,2024-09-29,Dr. L. Torres,Completed
MED002835,P1947,Lisinopril,10mg,Once daily,2022-03-16,,Dr. J. Nkosi,Active
MED002836,P1947,Levothyroxine,50mcg,Once daily,2023-12-28,2024-05-26,Dr. Y. Tanaka,Completed
MED002837,P1948,Gabapentin,300mg,Three times daily,2023-09-19,,Dr. J. Nkosi,Active
MED002838,P1948,Aspirin,75mg,Once daily,2023-09-25,,Dr. M. O'Brien,Active
MED002839,P1948,Ibuprofen,400mg,Three times daily with food,2022-01-06,,Dr. S. Khan,Active
MED002840,P1948,Insulin Glargine,10 units,Once daily at bedtime,2023-01-11,,Dr. Y. Tanaka,Active
MED002841,P1949,Salbutamol,100mcg,As required,2022-12-30,,Dr. J. Nkosi,Active
MED002842,P1950,Amlodipine,5mg,Once daily,2022-08-13,2024-05-19,Dr. S. Khan,Completed
MED002843,P1950,Levothyroxine,50mcg,Once daily,2023-01-06,,Dr. M. O'Brien,Active
MED002844,P1951,Amoxicillin,500mg,Three times daily,2022-08-14,2024-09-09,Dr. J. Nkosi,Completed
MED002845,P1951,Ibuprofen,400mg,Three times daily with food,2022-04-25,,Dr. A. Patel,Active
MED002846,P1951,Levothyroxine,50mcg,Once daily,2022-05-27,,Dr. J. Nkosi,Active
MED002847,P1951,Prednisolone,5mg,Once daily,2022-01-21,2024-02-24,Dr. A. Patel,Completed
MED002848,P1952,Clopidogrel,75mg,Once daily,2022-03-13,2024-06-02,Dr. A. Patel,Completed
MED002849,P1952,Atorvastatin,20mg,Once daily at night,2023-05-19,,Dr. Y. Tanaka,Active
MED002850,P1953,Insulin Glargine,10 units,Once daily at bedtime,2022-09-16,,Dr. L. Torres,Active
MED002851,P1953,Aspirin,75mg,Once daily,2022-08-28,,Dr. R. Singh,Active
MED002852,P1953,Atorvastatin,20mg,Once daily at night,2022-08-07,,Dr. L. Torres,Active
MED002853,P1953,Clopidogrel,75mg,Once daily,2023-10-12,,Dr. R. Singh,Active
MED002854,P1953,Bisoprolol,2.5mg,Once daily,2022-12-30,2024-09-20,Dr. M. O'Brien,Completed
MED002855,P1954,Prednisolone,5mg,Once daily,2023-06-25,,Dr. S. Khan,Active
MED002856,P1954,Omeprazole,20mg,Once daily before breakfast,2023-02-08,2024-08-22,Dr. S. Khan,Completed
MED002857,P1955,Sertraline,50mg,Once daily,2022-08-20,,Dr. M. O'Brien,Active
MED002858,P1955,Amoxicillin,500mg,Three times daily,2023-05-12,2024-07-13,Dr. J. Nkosi,Completed
MED002859,P1955,Prednisolone,5mg,Once daily,2022-12-24,,Dr. M. O'Brien,Active
MED002860,P1955,Amlodipine,5mg,Once daily,2023-07-01,,Dr. C. Müller,Active
MED002861,P1955,Ibuprofen,400mg,Three times daily with food,2022-08-08,,Dr. Y. Tanaka,Active
MED002862,P1956,Metformin,500mg,Twice daily,2022-06-20,2024-04-24,Dr. M. O'Brien,Completed
MED002863,P1956,Bisoprolol,2.5mg,Once daily,2022-05-10,,Dr. L. Torres,Active
MED002864,P1957,Salbutamol,100mcg,As required,2022-01-30,2024-06-29,Dr. R. Singh,Completed
MED002865,P1957,Ramipril,5mg,Once daily,2023-07-17,,Dr. M. O'Brien,Active
MED002866,P1957,Omeprazole,20mg,Once daily before breakfast,2022-09-26,,Dr. A. Patel,Active
MED002867,P1957,Ibuprofen,400mg,Three times daily with food,2022-06-19,2024-05-06,Dr. S. Khan,Completed
MED002868,P1957,Levothyroxine,50mcg,Once daily,2022-01-30,,Dr. R. Singh,Active
MED002869,P1958,Prednisolone,5mg,Once daily,2023-11-30,,Dr. L. Torres,Active
MED002870,P1958,Amlodipine,5mg,Once daily,2022-08-30,,Dr. M. O'Brien,Active
MED002871,P1958,Sertraline,50mg,Once daily,2023-05-01,2024-11-21,Dr. L. Torres,Completed
MED002872,P1959,Metformin,500mg,Twice daily,2022-04-04,,Dr. S. Khan,Active
MED002873,P1959,Gabapentin,300mg,Three times daily,2022-07-26,,Dr. M. O'Brien,Active
MED002874,P1959,Salbutamol,100mcg,As required,2022-10-31,,Dr. C. Müller,Active
MED002875,P1959,Prednisolone,5mg,Once daily,2022-06-03,,Dr. L. Torres,Active
MED002876,P1959,Ibuprofen,400mg,Three times daily with food,2023-02-23,2024-04-20,Dr. R. Singh,Completed
MED002877,P1960,Paracetamol,500mg,Up to four times daily,2023-04-29,2024-06-13,Dr. R. Singh,Completed
MED002878,P1960,Bisoprolol,2.5mg,Once daily,2022-12-22,,Dr. C. Müller,Active
MED002879,P1960,Ramipril,5mg,Once daily,2022-07-15,2024-10-08,Dr. S. Khan,Completed
MED002880,P1961,Lisinopril,10mg,Once daily,2023-04-11,,Dr. A. Patel,Active
MED002881,P1961,Furosemide,40mg,Once daily in morning,2023-04-06,,Dr. M. O'Brien,Active
MED002882,P1961,Paracetamol,500mg,Up to four times daily,2022-05-28,,Dr. J. Nkosi,Active
MED002883,P1962,Insulin Glargine,10 units,Once daily at bedtime,2023-12-21,2024-05-12,Dr. S. Khan,Completed
MED002884,P1962,Clopidogrel,75mg,Once daily,2023-08-31,2024-04-02,Dr. Y. Tanaka,Completed
MED002885,P1962,Furosemide,40mg,Once daily in morning,2022-10-12,,Dr. Y. Tanaka,Active
MED002886,P1962,Omeprazole,20mg,Once daily before breakfast,2022-10-09,,Dr. R. Singh,Active
MED002887,P1962,Prednisolone,5mg,Once daily,2023-08-19,,Dr. M. O'Brien,Active
MED002888,P1963,Amlodipine,5mg,Once daily,2022-07-14,,Dr. Y. Tanaka,Active
MED002889,P1963,Ibuprofen,400mg,Three times daily with food,2023-12-08,,Dr. C. Müller,Active
MED002890,P1963,Insulin Glargine,10 units,Once daily at bedtime,2022-10-23,,Dr. J. Nkosi,Active
MED002891,P1964,Ramipril,5mg,Once daily,2022-07-05,2024-07-20,Dr. J. Nkosi,Completed
MED002892,P1964,Ibuprofen,400mg,Three times daily with food,2022-02-24,,Dr. A. Patel,Active
MED002893,P1964,Lisinopril,10mg,Once daily,2023-09-15,,Dr. J. Nkosi,Active
MED002894,P1965,Salbutamol,100mcg,As required,2022-06-25,,Dr. C. Müller,Active
MED002895,P1966,Omeprazole,20mg,Once daily before breakfast,2022-03-09,2024-07-25,Dr. R. Singh,Completed
MED002896,P1966,Ramipril,5mg,Once daily,2023-12-06,,Dr. Y. Tanaka,Active
MED002897,P1967,Ibuprofen,400mg,Three times daily with food,2023-09-10,2024-07-20,Dr. Y. Tanaka,Completed
MED002898,P1967,Salbutamol,100mcg,As required,2022-08-22,,Dr. M. O'Brien,Active
MED002899,P1967,Levothyroxine,50mcg,Once daily,2022-04-12,,Dr. J. Nkosi,Active
MED002900,P1968,Metformin,500mg,Twice daily,2023-08-30,,Dr. L. Torres,Active
MED002901,P1968,Aspirin,75mg,Once daily,2022-01-04,,Dr. J. Nkosi,Active
MED002902,P1968,Amoxicillin,500mg,Three times daily,2022-09-30,,Dr. C. Müller,Active
MED002903,P1969,Ibuprofen,400mg,Three times daily with food,2022-08-13,,Dr. R. Singh,Active
MED002904,P1969,Bisoprolol,2.5mg,Once daily,2023-02-03,2024-02-23,Dr. R. Singh,Completed
MED002905,P1969,Furosemide,40mg,Once daily in morning,2022-10-26,2024-08-01,Dr. M. O'Brien,Completed
MED002906,P1970,Paracetamol,500mg,Up to four times daily,2023-02-24,,Dr. A. Patel,Active
MED002907,P1970,Atorvastatin,20mg,Once daily at night,2022-04-02,2024-02-03,Dr. S. Khan,Completed
MED002908,P1970,Amoxicillin,500mg,Three times daily,2023-02-27,,Dr. J. Nkosi,Active
MED002909,P1970,Aspirin,75mg,Once daily,2022-07-10,,Dr. S. Khan,Active
MED002910,P1971,Paracetamol,500mg,Up to four times daily,2022-11-02,2024-09-02,Dr. M. O'Brien,Completed
MED002911,P1971,Furosemide,40mg,Once daily in morning,2022-01-25,,Dr. R. Singh,Active
MED002912,P1971,Salbutamol,100mcg,As required,2022-08-19,,Dr. Y. Tanaka,Active
MED002913,P1971,Atorvastatin,20mg,Once daily at night,2023-02-01,,Dr. Y. Tanaka,Active
MED002914,P1972,Lisinopril,10mg,Once daily,2022-06-03,,Dr. L. Torres,Active
MED002915,P1972,Insulin Glargine,10 units,Once daily at bedtime,2022-09-08,,Dr. A. Patel,Active
MED002916,P1972,Omeprazole,20mg,Once daily before breakfast,2023-02-15,2024-01-20,Dr. Y. Tanaka,Completed
MED002917,P1972,Paracetamol,500mg,Up to four times daily,2023-08-27,,Dr. M. O'Brien,Active
MED002918,P1972,Warfarin,3mg,Once daily,2022-08-01,,Dr. S. Khan,Active
MED002919,P1973,Amoxicillin,500mg,Three times daily,2023-03-05,2024-04-04,Dr. S. Khan,Completed
MED002920,P1973,Ibuprofen,400mg,Three times daily with food,2022-04-22,,Dr. Y. Tanaka,Active
MED002921,P1973,Bisoprolol,2.5mg,Once daily,2023-07-22,,Dr. S. Khan,Active
MED002922,P1973,Furosemide,40mg,Once daily in morning,2023-01-29,2024-11-25,Dr. Y. Tanaka,Completed
MED002923,P1974,Ramipril,5mg,Once daily,2022-12-28,,Dr. Y. Tanaka,Active
MED002924,P1974,Sertraline,50mg,Once daily,2022-08-06,2024-07-29,Dr. R. Singh,Completed
MED002925,P1974,Lisinopril,10mg,Once daily,2022-01-03,2024-05-30,Dr. Y. Tanaka,Completed
MED002926,P1974,Metformin,500mg,Twice daily,2023-09-24,,Dr. Y. Tanaka,Active
MED002927,P1975,Aspirin,75mg,Once daily,2023-02-02,,Dr. M. O'Brien,Active
MED002928,P1975,Gabapentin,300mg,Three times daily,2023-12-21,,Dr. A. Patel,Active
MED002929,P1975,Ramipril,5mg,Once daily,2023-07-12,,Dr. M. O'Brien,Active
MED002930,P1975,Warfarin,3mg,Once daily,2023-08-07,,Dr. C. Müller,Active
MED002931,P1975,Lisinopril,10mg,Once daily,2022-08-26,,Dr. C. Müller,Active
MED002932,P1976,Paracetamol,500mg,Up to four times daily,2023-01-30,2024-07-09,Dr. M. O'Brien,Completed
MED002933,P1976,Insulin Glargine,10 units,Once daily at bedtime,2023-05-02,2024-01-06,Dr. A. Patel,Completed
MED002934,P1976,Ramipril,5mg,Once daily,2023-04-09,,Dr. A. Patel,Active
MED002935,P1976,Warfarin,3mg,Once daily,2022-09-20,2024-10-13,Dr. L. Torres,Completed
MED002936,P1977,Bisoprolol,2.5mg,Once daily,2023-06-07,2024-09-13,Dr. A. Patel,Completed
MED002937,P1978,Atorvastatin,20mg,Once daily at night,2023-04-16,,Dr. M. O'Brien,Active
MED002938,P1979,Omeprazole,20mg,Once daily before breakfast,2023-05-10,,Dr. C. Müller,Active
MED002939,P1979,Amlodipine,5mg,Once daily,2022-05-07,,Dr. M. O'Brien,Active
MED002940,P1979,Ibuprofen,400mg,Three times daily with food,2023-01-18,,Dr. S. Khan,Active
MED002941,P1979,Gabapentin,300mg,Three times daily,2023-03-01,,Dr. A. Patel,Active
MED002942,P1979,Prednisolone,5mg,Once daily,2022-06-25,,Dr. A. Patel,Active
MED002943,P1980,Prednisolone,5mg,Once daily,2022-05-29,2024-04-01,Dr. L. Torres,Completed
MED002944,P1980,Amlodipine,5mg,Once daily,2022-10-29,,Dr. C. Müller,Active
MED002945,P1981,Insulin Glargine,10 units,Once daily at bedtime,2022-11-30,2024-12-23,Dr. R. Singh,Completed
MED002946,P1982,Insulin Glargine,10 units,Once daily at bedtime,2022-12-30,,Dr. A. Patel,Active
MED002947,P1982,Warfarin,3mg,Once daily,2022-11-02,,Dr. J. Nkosi,Active
MED002948,P1982,Clopidogrel,75mg,Once daily,2022-07-21,,Dr. M. O'Brien,Active
MED002949,P1982,Aspirin,75mg,Once daily,2022-07-22,,Dr. L. Torres,Active
MED002950,P1982,Gabapentin,300mg,Three times daily,2022-01-26,,Dr. S. Khan,Active
MED002951,P1983,Warfarin,3mg,Once daily,2023-04-12,,Dr. L. Torres,Active
MED002952,P1983,Atorvastatin,20mg,Once daily at night,2023-08-13,,Dr. Y. Tanaka,Active
MED002953,P1984,Levothyroxine,50mcg,Once daily,2022-11-19,,Dr. L. Torres,Active
MED002954,P1984,Aspirin,75mg,Once daily,2022-02-26,,Dr. Y. Tanaka,Active
MED002955,P1984,Paracetamol,500mg,Up to four times daily,2022-01-27,,Dr. R. Singh,Active
MED002956,P1984,Bisoprolol,2.5mg,Once daily,2022-11-04,,Dr. A. Patel,Active
MED002957,P1985,Omeprazole,20mg,Once daily before breakfast,2022-05-26,,Dr. C. Müller,Active
MED002958,P1985,Insulin Glargine,10 units,Once daily at bedtime,2023-04-16,,Dr. L. Torres,Active
MED002959,P1985,Salbutamol,100mcg,As required,2023-04-28,2024-11-05,Dr. S. Khan,Completed
MED002960,P1985,Warfarin,3mg,Once daily,2023-12-20,,Dr. A. Patel,Active
MED002961,P1985,Sertraline,50mg,Once daily,2023-05-17,2024-12-31,Dr. S. Khan,Completed
MED002962,P1986,Amlodipine,5mg,Once daily,2022-03-23,,Dr. Y. Tanaka,Active
MED002963,P1987,Warfarin,3mg,Once daily,2022-07-03,2024-01-13,Dr. J. Nkosi,Completed
MED002964,P1987,Clopidogrel,75mg,Once daily,2023-12-07,,Dr. L. Torres,Active
MED002965,P1987,Metformin,500mg,Twice daily,2022-05-14,2024-03-26,Dr. M. O'Brien,Completed
MED002966,P1987,Prednisolone,5mg,Once daily,2022-09-12,,Dr. M. O'Brien,Active
MED002967,P1988,Amlodipine,5mg,Once daily,2022-04-14,2024-05-13,Dr. R. Singh,Completed
MED002968,P1988,Levothyroxine,50mcg,Once daily,2023-11-02,,Dr. M. O'Brien,Active
MED002969,P1989,Omeprazole,20mg,Once daily before breakfast,2022-01-24,2024-05-12,Dr. A. Patel,Completed
MED002970,P1990,Salbutamol,100mcg,As required,2022-12-08,2024-03-22,Dr. R. Singh,Completed
MED002971,P1990,Lisinopril,10mg,Once daily,2023-12-13,,Dr. Y. Tanaka,Active
MED002972,P1990,Atorvastatin,20mg,Once daily at night,2023-02-03,,Dr. J. Nkosi,Active
MED002973,P1990,Bisoprolol,2.5mg,Once daily,2023-03-08,,Dr. R. Singh,Active
MED002974,P1990,Warfarin,3mg,Once daily,2022-01-27,,Dr. M. O'Brien,Active
MED002975,P1991,Omeprazole,20mg,Once daily before breakfast,2023-11-24,,Dr. M. O'Brien,Active
MED002976,P1991,Amoxicillin,500mg,Three times daily,2022-03-02,,Dr. J. Nkosi,Active
MED002977,P1991,Ibuprofen,400mg,Three times daily with food,2023-12-30,,Dr. L. Torres,Active
MED002978,P1991,Furosemide,40mg,Once daily in morning,2023-12-11,2024-01-06,Dr. C. Müller,Completed
MED002979,P1992,Levothyroxine,50mcg,Once daily,2022-08-31,,Dr. R. Singh,Active
MED002980,P1993,Gabapentin,300mg,Three times daily,2023-03-01,,Dr. S. Khan,Active
MED002981,P1993,Levothyroxine,50mcg,Once daily,2023-07-20,,Dr. J. Nkosi,Active
MED002982,P1993,Paracetamol,500mg,Up to four times daily,2023-04-29,2024-05-12,Dr. L. Torres,Completed
MED002983,P1993,Metformin,500mg,Twice daily,2023-08-16,2024-02-19,Dr. S. Khan,Completed
MED002984,P1993,Amlodipine,5mg,Once daily,2022-08-17,,Dr. L. Torres,Active
MED002985,P1994,Prednisolone,5mg,Once daily,2023-04-24,,Dr. A. Patel,Active
MED002986,P1994,Metformin,500mg,Twice daily,2022-07-13,,Dr. M. O'Brien,Active
MED002987,P1994,Warfarin,3mg,Once daily,2023-10-22,,Dr. Y. Tanaka,Active
MED002988,P1994,Amoxicillin,500mg,Three times daily,2023-09-25,,Dr. R. Singh,Active
MED002989,P1995,Prednisolone,5mg,Once daily,2022-12-07,2024-12-20,Dr. R. Singh,Completed
MED002990,P1995,Ibuprofen,400mg,Three times daily with food,2022-08-06,,Dr. L. Torres,Active
MED002991,P1996,Gabapentin,300mg,Three times daily,2023-10-19,,Dr. J. Nkosi,Active
MED002992,P1996,Paracetamol,500mg,Up to four times daily,2023-08-06,,Dr. Y. Tanaka,Active
MED002993,P1997,Bisoprolol,2.5mg,Once daily,2022-02-01,2024-02-16,Dr. L. Torres,Completed
MED002994,P1997,Ramipril,5mg,Once daily,2023-11-15,,Dr. J. Nkosi,Active
MED002995,P1997,Amoxicillin,500mg,Three times daily,2022-06-18,,Dr. C. Müller,Active
MED002996,P1997,Amlodipine,5mg,Once daily,2023-12-04,,Dr. L. Torres,Active
MED002997,P1998,Lisinopril,10mg,Once daily,2022-05-17,,Dr. M. O'Brien,Active
MED002998,P1998,Amlodipine,5mg,Once daily,2022-01-15,2024-12-22,Dr. C. Müller,Completed
MED002999,P1998,Salbutamol,100mcg,As required,2023-01-09,,Dr. M. O'Brien,Active
MED003000,P1999,Ramipril,5mg,Once daily,2023-07-30,,Dr. S. Khan,Active
MED003001,P1999,Salbutamol,100mcg,As required,2023-09-23,2024-03-26,Dr. S. Khan,Completed
MED003002,P2000,Levothyroxine,50mcg,Once daily,2023-03-25,,Dr. C. Müller,Active
MED003003,P2001,Sertraline,50mg,Once daily,2023-12-20,,Dr. L. Torres,Active
MED003004,P2001,Ibuprofen,400mg,Three times daily with food,2022-04-22,,Dr. C. Müller,Active
MED003005,P2001,Ramipril,5mg,Once daily,2022-03-13,,Dr. J. Nkosi,Active
MED003006,P2001,Aspirin,75mg,Once daily,2022-03-30,2024-04-25,Dr. M. O'Brien,Completed
MED003007,P2002,Gabapentin,300mg,Three times daily,2023-04-15,,Dr. M. O'Brien,Active
MED003008,P2003,Ibuprofen,400mg,Three times daily with food,2023-04-19,2024-04-26,Dr. R. Singh,Completed
MED003009,P2003,Warfarin,3mg,Once daily,2023-10-14,,Dr. A. Patel,Active
MED003010,P2003,Lisinopril,10mg,Once daily,2022-02-10,,Dr. C. Müller,Active
MED003011,P2004,Salbutamol,100mcg,As required,2022-08-04,2024-07-19,Dr. Y. Tanaka,Completed
MED003012,P2004,Lisinopril,10mg,Once daily,2022-12-04,2024-04-26,Dr. M. O'Brien,Completed
MED003013,P2004,Paracetamol,500mg,Up to four times daily,2023-01-29,2024-12-29,Dr. A. Patel,Completed
MED003014,P2004,Omeprazole,20mg,Once daily before breakfast,2023-11-16,,Dr. R. Singh,Active
MED003015,P2004,Ibuprofen,400mg,Three times daily with food,2022-02-26,,Dr. M. O'Brien,Active
MED003016,P2005,Clopidogrel,75mg,Once daily,2022-07-26,2024-03-18,Dr. M. O'Brien,Completed
MED003017,P2005,Amoxicillin,500mg,Three times daily,2022-03-19,,Dr. J. Nkosi,Active
MED003018,P2006,Amlodipine,5mg,Once daily,2022-08-10,,Dr. C. Müller,Active
MED003019,P2006,Salbutamol,100mcg,As required,2022-01-17,,Dr. L. Torres,Active
MED003020,P2006,Sertraline,50mg,Once daily,2022-07-18,2024-03-12,Dr. Y. Tanaka,Completed
MED003021,P2006,Metformin,500mg,Twice daily,2022-07-12,,Dr. R. Singh,Active
MED003022,P2007,Omeprazole,20mg,Once daily before breakfast,2023-08-11,,Dr. S. Khan,Active
MED003023,P2008,Paracetamol,500mg,Up to four times daily,2023-07-10,,Dr. J. Nkosi,Active
MED003024,P2008,Omeprazole,20mg,Once daily before breakfast,2022-05-03,,Dr. A. Patel,Active
MED003025,P2008,Prednisolone,5mg,Once daily,2023-10-23,,Dr. Y. Tanaka,Active
MED003026,P2008,Sertraline,50mg,Once daily,2023-06-10,,Dr. L. Torres,Active
MED003027,P2008,Amoxicillin,500mg,Three times daily,2023-07-02,,Dr. C. Müller,Active
MED003028,P2009,Warfarin,3mg,Once daily,2023-06-27,,Dr. C. Müller,Active
MED003029,P2009,Lisinopril,10mg,Once daily,2023-09-13,,Dr. R. Singh,Active
MED003030,P2009,Omeprazole,20mg,Once daily before breakfast,2022-11-22,,Dr. M. O'Brien,Active
MED003031,P2010,Lisinopril,10mg,Once daily,2022-02-06,,Dr. R. Singh,Active
MED003032,P2011,Atorvastatin,20mg,Once daily at night,2022-04-23,,Dr. C. Müller,Active
MED003033,P2011,Warfarin,3mg,Once daily,2023-04-29,,Dr. R. Singh,Active
MED003034,P2012,Paracetamol,500mg,Up to four times daily,2022-04-27,,Dr. M. O'Brien,Active
MED003035,P2012,Lisinopril,10mg,Once daily,2023-09-15,2024-10-01,Dr. S. Khan,Completed
MED003036,P2012,Bisoprolol,2.5mg,Once daily,2022-01-09,2024-04-18,Dr. R. Singh,Completed
MED003037,P2012,Salbutamol,100mcg,As required,2023-10-04,2024-08-18,Dr. C. Müller,Completed
MED003038,P2012,Atorvastatin,20mg,Once daily at night,2022-11-24,,Dr. R. Singh,Active
MED003039,P2013,Furosemide,40mg,Once daily in morning,2022-11-28,,Dr. R. Singh,Active
MED003040,P2013,Metformin,500mg,Twice daily,2023-09-08,,Dr. A. Patel,Active
MED003041,P2013,Amoxicillin,500mg,Three times daily,2023-02-01,,Dr. L. Torres,Active
MED003042,P2014,Gabapentin,300mg,Three times daily,2023-05-02,,Dr. L. Torres,Active
MED003043,P2014,Prednisolone,5mg,Once daily,2023-09-29,,Dr. L. Torres,Active
MED003044,P2015,Amlodipine,5mg,Once daily,2022-05-30,,Dr. A. Patel,Active
MED003045,P2015,Warfarin,3mg,Once daily,2023-08-08,,Dr. L. Torres,Active
MED003046,P2015,Metformin,500mg,Twice daily,2022-02-19,,Dr. M. O'Brien,Active
MED003047,P2016,Gabapentin,300mg,Three times daily,2023-06-24,,Dr. A. Patel,Active
MED003048,P2017,Amlodipine,5mg,Once daily,2023-04-22,,Dr. A. Patel,Active
MED003049,P2017,Ibuprofen,400mg,Three times daily with food,2023-06-30,,Dr. S. Khan,Active
MED003050,P2018,Ramipril,5mg,Once daily,2023-08-17,2024-04-13,Dr. C. Müller,Completed
MED003051,P2018,Amlodipine,5mg,Once daily,2023-04-22,,Dr. R. Singh,Active
MED003052,P2018,Aspirin,75mg,Once daily,2022-05-25,,Dr. M. O'Brien,Active
MED003053,P2019,Ramipril,5mg,Once daily,2022-04-14,,Dr. M. O'Brien,Active
MED003054,P2019,Prednisolone,5mg,Once daily,2023-12-14,,Dr. S. Khan,Active
MED003055,P2019,Levothyroxine,50mcg,Once daily,2022-08-18,2024-04-22,Dr. J. Nkosi,Completed
MED003056,P2020,Furosemide,40mg,Once daily in morning,2023-07-29,,Dr. L. Torres,Active
MED003057,P2020,Amoxicillin,500mg,Three times daily,2023-10-23,,Dr. A. Patel,Active
MED003058,P2021,Atorvastatin,20mg,Once daily at night,2023-05-13,2024-03-11,Dr. S. Khan,Completed
MED003059,P2021,Insulin Glargine,10 units,Once daily at bedtime,2022-05-12,,Dr. S. Khan,Active
MED003060,P2021,Aspirin,75mg,Once daily,2022-04-01,,Dr. R. Singh,Active
MED003061,P2022,Salbutamol,100mcg,As required,2022-12-25,2024-12-12,Dr. L. Torres,Completed
MED003062,P2022,Levothyroxine,50mcg,Once daily,2023-02-22,,Dr. A. Patel,Active
MED003063,P2022,Amoxicillin,500mg,Three times daily,2023-11-26,,Dr. C. Müller,Active
MED003064,P2023,Atorvastatin,20mg,Once daily at night,2023-05-09,,Dr. Y. Tanaka,Active
MED003065,P2023,Amlodipine,5mg,Once daily,2022-08-26,2024-11-13,Dr. R. Singh,Completed
MED003066,P2023,Ibuprofen,400mg,Three times daily with food,2022-04-08,,Dr. C. Müller,Active
MED003067,P2023,Lisinopril,10mg,Once daily,2022-01-11,,Dr. Y. Tanaka,Active
MED003068,P2023,Ramipril,5mg,Once daily,2022-06-26,2024-01-21,Dr. J. Nkosi,Completed
MED003069,P2024,Levothyroxine,50mcg,Once daily,2022-10-18,,Dr. A. Patel,Active
MED003070,P2024,Amlodipine,5mg,Once daily,2022-04-16,2024-08-15,Dr. R. Singh,Completed
MED003071,P2025,Bisoprolol,2.5mg,Once daily,2022-03-13,2024-07-05,Dr. A. Patel,Completed
MED003072,P2025,Levothyroxine,50mcg,Once daily,2022-03-28,2024-01-09,Dr. L. Torres,Completed
MED003073,P2025,Clopidogrel,75mg,Once daily,2022-09-02,2024-03-22,Dr. C. Müller,Completed
MED003074,P2025,Warfarin,3mg,Once daily,2023-07-04,,Dr. C. Müller,Active
MED003075,P2026,Paracetamol,500mg,Up to four times daily,2023-02-13,,Dr. J. Nkosi,Active
MED003076,P2026,Furosemide,40mg,Once daily in morning,2023-01-27,2024-03-18,Dr. A. Patel,Completed
MED003077,P2026,Warfarin,3mg,Once daily,2023-08-06,2024-02-18,Dr. C. Müller,Completed
MED003078,P2026,Levothyroxine,50mcg,Once daily,2023-06-04,,Dr. J. Nkosi,Active
MED003079,P2027,Gabapentin,300mg,Three times daily,2023-08-16,,Dr. A. Patel,Active
MED003080,P2028,Ibuprofen,400mg,Three times daily with food,2022-04-26,,Dr. Y. Tanaka,Active
MED003081,P2028,Metformin,500mg,Twice daily,2022-02-28,,Dr. M. O'Brien,Active
MED003082,P2028,Atorvastatin,20mg,Once daily at night,2023-05-03,,Dr. J. Nkosi,Active
MED003083,P2028,Levothyroxine,50mcg,Once daily,2023-09-29,2024-07-18,Dr. Y. Tanaka,Completed
MED003084,P2028,Warfarin,3mg,Once daily,2023-07-06,,Dr. S. Khan,Active
MED003085,P2029,Warfarin,3mg,Once daily,2022-12-08,,Dr. M. O'Brien,Active
MED003086,P2029,Salbutamol,100mcg,As required,2022-09-01,2024-05-15,Dr. J. Nkosi,Completed
MED003087,P2029,Aspirin,75mg,Once daily,2023-10-02,,Dr. C. Müller,Active
MED003088,P2030,Paracetamol,500mg,Up to four times daily,2022-06-02,2024-03-21,Dr. L. Torres,Completed
MED003089,P2030,Ibuprofen,400mg,Three times daily with food,2023-08-29,,Dr. M. O'Brien,Active
MED003090,P2030,Bisoprolol,2.5mg,Once daily,2023-09-11,2024-02-14,Dr. J. Nkosi,Completed
MED003091,P2031,Omeprazole,20mg,Once daily before breakfast,2022-01-06,,Dr. S. Khan,Active
MED003092,P2031,Levothyroxine,50mcg,Once daily,2023-06-14,,Dr. L. Torres,Active
MED003093,P2032,Amlodipine,5mg,Once daily,2023-04-04,2024-07-08,Dr. A. Patel,Completed
MED003094,P2032,Furosemide,40mg,Once daily in morning,2023-01-11,,Dr. C. Müller,Active
MED003095,P2032,Warfarin,3mg,Once daily,2023-09-25,,Dr. M. O'Brien,Active
MED003096,P2032,Omeprazole,20mg,Once daily before breakfast,2023-01-27,2024-08-07,Dr. S. Khan,Completed
MED003097,P2033,Salbutamol,100mcg,As required,2023-10-06,,Dr. S. Khan,Active
MED003098,P2033,Ramipril,5mg,Once daily,2022-06-09,,Dr. A. Patel,Active
MED003099,P2034,Sertraline,50mg,Once daily,2022-06-23,2024-08-14,Dr. L. Torres,Completed
MED003100,P2034,Warfarin,3mg,Once daily,2023-05-02,,Dr. L. Torres,Active
MED003101,P2035,Metformin,500mg,Twice daily,2022-09-30,2024-03-15,Dr. C. Müller,Completed
MED003102,P2035,Levothyroxine,50mcg,Once daily,2022-11-19,,Dr. C. Müller,Active
MED003103,P2035,Omeprazole,20mg,Once daily before breakfast,2022-03-14,,Dr. A. Patel,Active
MED003104,P2036,Warfarin,3mg,Once daily,2022-01-28,,Dr. A. Patel,Active
MED003105,P2036,Levothyroxine,50mcg,Once daily,2023-03-26,2024-08-25,Dr. C. Müller,Completed
MED003106,P2036,Ramipril,5mg,Once daily,2023-02-01,,Dr. A. Patel,Active
MED003107,P2037,Bisoprolol,2.5mg,Once daily,2023-09-24,,Dr. J. Nkosi,Active
MED003108,P2037,Atorvastatin,20mg,Once daily at night,2023-04-19,2024-07-11,Dr. C. Müller,Completed
MED003109,P2037,Clopidogrel,75mg,Once daily,2023-09-10,,Dr. Y. Tanaka,Active
MED003110,P2038,Ibuprofen,400mg,Three times daily with food,2022-09-21,2024-09-18,Dr. L. Torres,Completed
MED003111,P2038,Aspirin,75mg,Once daily,2023-12-10,2024-10-02,Dr. Y. Tanaka,Completed
MED003112,P2038,Levothyroxine,50mcg,Once daily,2023-10-18,,Dr. S. Khan,Active
MED003113,P2038,Gabapentin,300mg,Three times daily,2022-05-17,,Dr. M. O'Brien,Active
MED003114,P2039,Lisinopril,10mg,Once daily,2023-04-05,,Dr. L. Torres,Active
MED003115,P2039,Aspirin,75mg,Once daily,2023-11-06,,Dr. S. Khan,Active
MED003116,P2039,Salbutamol,100mcg,As required,2023-08-20,,Dr. A. Patel,Active
MED003117,P2039,Paracetamol,500mg,Up to four times daily,2023-02-21,,Dr. S. Khan,Active
MED003118,P2040,Paracetamol,500mg,Up to four times daily,2023-02-16,,Dr. A. Patel,Active
MED003119,P2040,Furosemide,40mg,Once daily in morning,2022-10-29,,Dr. C. Müller,Active
MED003120,P2041,Bisoprolol,2.5mg,Once daily,2023-02-07,,Dr. L. Torres,Active
MED003121,P2041,Omeprazole,20mg,Once daily before breakfast,2023-06-18,2024-07-12,Dr. M. O'Brien,Completed
MED003122,P2041,Sertraline,50mg,Once daily,2022-10-10,,Dr. C. Müller,Active
MED003123,P2041,Amoxicillin,500mg,Three times daily,2022-12-22,,Dr. J. Nkosi,Active
MED003124,P2042,Insulin Glargine,10 units,Once daily at bedtime,2022-12-11,2024-06-30,Dr. M. O'Brien,Completed
MED003125,P2042,Sertraline,50mg,Once daily,2023-05-30,2024-09-04,Dr. C. Müller,Completed
MED003126,P2042,Atorvastatin,20mg,Once daily at night,2022-11-03,,Dr. Y. Tanaka,Active
MED003127,P2042,Aspirin,75mg,Once daily,2022-01-08,2024-10-24,Dr. C. Müller,Completed
MED003128,P2042,Amlodipine,5mg,Once daily,2022-05-22,,Dr. M. O'Brien,Active
MED003129,P2043,Bisoprolol,2.5mg,Once daily,2022-05-09,,Dr. A. Patel,Active
MED003130,P2043,Warfarin,3mg,Once daily,2023-02-14,,Dr. J. Nkosi,Active
MED003131,P2044,Atorvastatin,20mg,Once daily at night,2023-12-08,2024-04-13,Dr. R. Singh,Completed
MED003132,P2044,Bisoprolol,2.5mg,Once daily,2022-10-29,,Dr. R. Singh,Active
MED003133,P2044,Ibuprofen,400mg,Three times daily with food,2023-10-28,,Dr. M. O'Brien,Active
MED003134,P2044,Sertraline,50mg,Once daily,2023-08-26,,Dr. L. Torres,Active
MED003135,P2044,Warfarin,3mg,Once daily,2023-01-04,,Dr. C. Müller,Active
MED003136,P2045,Prednisolone,5mg,Once daily,2023-09-10,,Dr. M. O'Brien,Active
MED003137,P2045,Furosemide,40mg,Once daily in morning,2022-10-25,,Dr. A. Patel,Active
MED003138,P2046,Metformin,500mg,Twice daily,2022-11-20,,Dr. A. Patel,Active
MED003139,P2046,Clopidogrel,75mg,Once daily,2023-02-13,,Dr. C. Müller,Active
MED003140,P2046,Salbutamol,100mcg,As required,2022-01-13,,Dr. A. Patel,Active
MED003141,P2047,Sertraline,50mg,Once daily,2023-08-17,,Dr. S. Khan,Active
MED003142,P2047,Gabapentin,300mg,Three times daily,2022-12-11,,Dr. J. Nkosi,Active
MED003143,P2047,Aspirin,75mg,Once daily,2022-06-16,2024-07-10,Dr. Y. Tanaka,Completed
MED003144,P2047,Salbutamol,100mcg,As required,2022-02-27,2024-02-24,Dr. C. Müller,Completed
MED003145,P2047,Bisoprolol,2.5mg,Once daily,2023-07-10,,Dr. C. Müller,Active
MED003146,P2048,Aspirin,75mg,Once daily,2023-07-06,,Dr. M. O'Brien,Active
MED003147,P2049,Atorvastatin,20mg,Once daily at night,2023-03-21,,Dr. S. Khan,Active
MED003148,P2049,Salbutamol,100mcg,As required,2023-05-09,,Dr. R. Singh,Active
MED003149,P2049,Amoxicillin,500mg,Three times daily,2022-09-22,,Dr. J. Nkosi,Active
MED003150,P2049,Warfarin,3mg,Once daily,2023-01-29,,Dr. S. Khan,Active
MED003151,P2049,Furosemide,40mg,Once daily in morning,2022-11-20,2024-04-22,Dr. J. Nkosi,Completed
MED003152,P2050,Warfarin,3mg,Once daily,2022-10-17,,Dr. L. Torres,Active
MED003153,P2050,Levothyroxine,50mcg,Once daily,2022-08-23,2024-05-30,Dr. M. O'Brien,Completed
MED003154,P2050,Gabapentin,300mg,Three times daily,2023-03-17,,Dr. Y. Tanaka,Active
MED003155,P2050,Bisoprolol,2.5mg,Once daily,2023-07-15,,Dr. L. Torres,Active
MED003156,P2051,Warfarin,3mg,Once daily,2022-04-22,,Dr. R. Singh,Active
MED003157,P2051,Insulin Glargine,10 units,Once daily at bedtime,2023-02-13,,Dr. S. Khan,Active
MED003158,P2051,Atorvastatin,20mg,Once daily at night,2023-02-23,,Dr. C. Müller,Active
MED003159,P2052,Metformin,500mg,Twice daily,2023-06-08,,Dr. C. Müller,Active
MED003160,P2052,Furosemide,40mg,Once daily in morning,2023-03-04,2024-02-08,Dr. Y. Tanaka,Completed
MED003161,P2052,Paracetamol,500mg,Up to four times daily,2023-07-12,2024-11-14,Dr. C. Müller,Completed
MED003162,P2053,Levothyroxine,50mcg,Once daily,2023-10-06,,Dr. A. Patel,Active
MED003163,P2054,Levothyroxine,50mcg,Once daily,2023-04-13,,Dr. M. O'Brien,Active
MED003164,P2054,Prednisolone,5mg,Once daily,2023-05-24,2024-02-27,Dr. C. Müller,Completed
MED003165,P2054,Amlodipine,5mg,Once daily,2023-10-02,,Dr. L. Torres,Active
MED003166,P2054,Omeprazole,20mg,Once daily before breakfast,2023-02-09,,Dr. M. O'Brien,Active
MED003167,P2055,Ibuprofen,400mg,Three times daily with food,2022-10-27,,Dr. C. Müller,Active
MED003168,P2056,Prednisolone,5mg,Once daily,2023-07-03,2024-10-10,Dr. C. Müller,Completed
MED003169,P2056,Gabapentin,300mg,Three times daily,2023-07-30,2024-06-04,Dr. J. Nkosi,Completed
MED003170,P2056,Clopidogrel,75mg,Once daily,2023-12-07,,Dr. C. Müller,Active
MED003171,P2057,Salbutamol,100mcg,As required,2023-08-13,,Dr. R. Singh,Active
MED003172,P2057,Lisinopril,10mg,Once daily,2023-04-11,2024-02-03,Dr. R. Singh,Completed
MED003173,P2057,Levothyroxine,50mcg,Once daily,2023-10-11,,Dr. Y. Tanaka,Active
MED003174,P2057,Furosemide,40mg,Once daily in morning,2023-08-15,,Dr. Y. Tanaka,Active
MED003175,P2057,Paracetamol,500mg,Up to four times daily,2023-10-21,2024-02-11,Dr. R. Singh,Completed
MED003176,P2058,Atorvastatin,20mg,Once daily at night,2023-10-05,2024-03-23,Dr. Y. Tanaka,Completed
MED003177,P2058,Bisoprolol,2.5mg,Once daily,2023-02-17,2024-02-16,Dr. C. Müller,Completed
MED003178,P2058,Amlodipine,5mg,Once daily,2023-12-30,,Dr. L. Torres,Active
MED003179,P2058,Omeprazole,20mg,Once daily before breakfast,2023-09-09,,Dr. Y. Tanaka,Active
MED003180,P2059,Amoxicillin,500mg,Three times daily,2023-08-21,,Dr. L. Torres,Active
MED003181,P2059,Paracetamol,500mg,Up to four times daily,2023-05-27,2024-02-11,Dr. Y. Tanaka,Completed
MED003182,P2059,Warfarin,3mg,Once daily,2022-12-31,,Dr. L. Torres,Active
MED003183,P2059,Furosemide,40mg,Once daily in morning,2022-02-09,,Dr. S. Khan,Active
MED003184,P2060,Clopidogrel,75mg,Once daily,2023-05-13,,Dr. J. Nkosi,Active
MED003185,P2060,Paracetamol,500mg,Up to four times daily,2022-10-17,,Dr. A. Patel,Active
MED003186,P2060,Furosemide,40mg,Once daily in morning,2023-02-27,2024-03-01,Dr. A. Patel,Completed
MED003187,P2060,Lisinopril,10mg,Once daily,2023-08-26,2024-07-15,Dr. M. O'Brien,Completed
MED003188,P2060,Atorvastatin,20mg,Once daily at night,2023-03-20,,Dr. C. Müller,Active
MED003189,P2061,Aspirin,75mg,Once daily,2022-08-08,2024-04-01,Dr. C. Müller,Completed
MED003190,P2061,Paracetamol,500mg,Up to four times daily,2022-08-01,,Dr. J. Nkosi,Active
MED003191,P2061,Amoxicillin,500mg,Three times daily,2022-03-08,,Dr. M. O'Brien,Active
MED003192,P2061,Ramipril,5mg,Once daily,2022-11-08,2024-10-24,Dr. S. Khan,Completed
MED003193,P2062,Metformin,500mg,Twice daily,2023-03-17,,Dr. Y. Tanaka,Active
MED003194,P2062,Clopidogrel,75mg,Once daily,2022-06-11,,Dr. S. Khan,Active
MED003195,P2063,Insulin Glargine,10 units,Once daily at bedtime,2023-10-16,,Dr. Y. Tanaka,Active
MED003196,P2063,Gabapentin,300mg,Three times daily,2022-01-16,2024-11-12,Dr. J. Nkosi,Completed
MED003197,P2063,Atorvastatin,20mg,Once daily at night,2023-11-23,,Dr. L. Torres,Active
MED003198,P2064,Levothyroxine,50mcg,Once daily,2022-10-10,,Dr. Y. Tanaka,Active
MED003199,P2064,Atorvastatin,20mg,Once daily at night,2023-12-04,2024-01-22,Dr. A. Patel,Completed
MED003200,P2064,Warfarin,3mg,Once daily,2023-03-18,,Dr. C. Müller,Active
MED003201,P2065,Aspirin,75mg,Once daily,2022-07-25,2024-05-13,Dr. R. Singh,Completed
MED003202,P2065,Prednisolone,5mg,Once daily,2023-01-19,,Dr. C. Müller,Active
MED003203,P2065,Sertraline,50mg,Once daily,2023-07-01,,Dr. R. Singh,Active
MED003204,P2066,Aspirin,75mg,Once daily,2022-01-19,,Dr. R. Singh,Active
MED003205,P2066,Omeprazole,20mg,Once daily before breakfast,2023-11-27,,Dr. Y. Tanaka,Active
MED003206,P2066,Gabapentin,300mg,Three times daily,2023-10-25,,Dr. S. Khan,Active
MED003207,P2066,Prednisolone,5mg,Once daily,2022-11-01,2024-11-22,Dr. A. Patel,Completed
MED003208,P2066,Metformin,500mg,Twice daily,2022-03-26,,Dr. A. Patel,Active
MED003209,P2067,Levothyroxine,50mcg,Once daily,2022-01-02,,Dr. Y. Tanaka,Active
MED003210,P2067,Omeprazole,20mg,Once daily before breakfast,2022-06-27,2024-09-12,Dr. A. Patel,Completed
MED003211,P2068,Insulin Glargine,10 units,Once daily at bedtime,2023-04-29,,Dr. A. Patel,Active
MED003212,P2068,Clopidogrel,75mg,Once daily,2023-11-09,,Dr. S. Khan,Active
MED003213,P2068,Amoxicillin,500mg,Three times daily,2023-05-16,,Dr. M. O'Brien,Active
MED003214,P2069,Atorvastatin,20mg,Once daily at night,2023-03-21,,Dr. M. O'Brien,Active
MED003215,P2070,Metformin,500mg,Twice daily,2023-02-03,,Dr. J. Nkosi,Active
MED003216,P2070,Salbutamol,100mcg,As required,2023-02-11,,Dr. A. Patel,Active
MED003217,P2071,Insulin Glargine,10 units,Once daily at bedtime,2023-11-18,,Dr. S. Khan,Active
MED003218,P2072,Insulin Glargine,10 units,Once daily at bedtime,2023-12-21,2024-03-19,Dr. A. Patel,Completed
MED003219,P2072,Clopidogrel,75mg,Once daily,2023-07-11,,Dr. S. Khan,Active
MED003220,P2073,Omeprazole,20mg,Once daily before breakfast,2022-04-13,2024-01-11,Dr. R. Singh,Completed
MED003221,P2074,Gabapentin,300mg,Three times daily,2023-01-26,,Dr. L. Torres,Active
MED003222,P2075,Prednisolone,5mg,Once daily,2023-07-15,2024-05-16,Dr. C. Müller,Completed
MED003223,P2075,Bisoprolol,2.5mg,Once daily,2022-01-07,,Dr. M. O'Brien,Active
MED003224,P2075,Levothyroxine,50mcg,Once daily,2022-09-24,,Dr. L. Torres,Active
MED003225,P2075,Amoxicillin,500mg,Three times daily,2022-01-16,,Dr. Y. Tanaka,Active
MED003226,P2076,Levothyroxine,50mcg,Once daily,2022-04-26,,Dr. Y. Tanaka,Active
MED003227,P2076,Bisoprolol,2.5mg,Once daily,2023-01-13,,Dr. C. Müller,Active
MED003228,P2076,Clopidogrel,75mg,Once daily,2022-04-02,,Dr. C. Müller,Active
MED003229,P2076,Prednisolone,5mg,Once daily,2022-07-10,2024-03-28,Dr. J. Nkosi,Completed
MED003230,P2076,Amoxicillin,500mg,Three times daily,2023-08-21,,Dr. R. Singh,Active
MED003231,P2077,Lisinopril,10mg,Once daily,2023-11-23,,Dr. Y. Tanaka,Active
MED003232,P2078,Atorvastatin,20mg,Once daily at night,2022-04-15,,Dr. A. Patel,Active
MED003233,P2078,Metformin,500mg,Twice daily,2023-07-24,,Dr. C. Müller,Active
MED003234,P2078,Bisoprolol,2.5mg,Once daily,2023-11-16,,Dr. A. Patel,Active
MED003235,P2078,Omeprazole,20mg,Once daily before breakfast,2023-12-13,,Dr. S. Khan,Active
MED003236,P2079,Clopidogrel,75mg,Once daily,2022-08-18,,Dr. J. Nkosi,Active
MED003237,P2080,Clopidogrel,75mg,Once daily,2022-01-19,2024-11-16,Dr. S. Khan,Completed
MED003238,P2081,Ibuprofen,400mg,Three times daily with food,2022-01-11,2024-01-17,Dr. S. Khan,Completed
MED003239,P2081,Aspirin,75mg,Once daily,2023-07-29,,Dr. A. Patel,Active
MED003240,P2081,Atorvastatin,20mg,Once daily at night,2022-12-25,2024-04-26,Dr. S. Khan,Completed
MED003241,P2081,Ramipril,5mg,Once daily,2022-03-22,,Dr. Y. Tanaka,Active
MED003242,P2082,Furosemide,40mg,Once daily in morning,2022-07-10,2024-03-21,Dr. C. Müller,Completed
MED003243,P2082,Insulin Glargine,10 units,Once daily at bedtime,2022-12-10,,Dr. J. Nkosi,Active
MED003244,P2082,Ibuprofen,400mg,Three times daily with food,2023-06-13,,Dr. A. Patel,Active
MED003245,P2082,Aspirin,75mg,Once daily,2022-04-09,,Dr. R. Singh,Active
MED003246,P2083,Clopidogrel,75mg,Once daily,2023-08-23,2024-05-18,Dr. L. Torres,Completed
MED003247,P2083,Aspirin,75mg,Once daily,2022-09-27,2024-07-23,Dr. C. Müller,Completed
MED003248,P2083,Gabapentin,300mg,Three times daily,2022-03-29,,Dr. M. O'Brien,Active
MED003249,P2083,Prednisolone,5mg,Once daily,2023-12-12,2024-01-27,Dr. Y. Tanaka,Completed
MED003250,P2083,Salbutamol,100mcg,As required,2023-01-30,,Dr. L. Torres,Active
MED003251,P2084,Warfarin,3mg,Once daily,2022-12-23,,Dr. R. Singh,Active
MED003252,P2084,Atorvastatin,20mg,Once daily at night,2023-12-07,,Dr. L. Torres,Active
MED003253,P2084,Prednisolone,5mg,Once daily,2022-08-13,2024-02-08,Dr. S. Khan,Completed
MED003254,P2084,Bisoprolol,2.5mg,Once daily,2023-12-27,,Dr. L. Torres,Active
MED003255,P2084,Aspirin,75mg,Once daily,2022-12-25,,Dr. A. Patel,Active
MED003256,P2085,Atorvastatin,20mg,Once daily at night,2022-02-26,,Dr. A. Patel,Active
MED003257,P2085,Amoxicillin,500mg,Three times daily,2023-07-20,,Dr. Y. Tanaka,Active
MED003258,P2085,Aspirin,75mg,Once daily,2023-06-10,2024-09-10,Dr. S. Khan,Completed
MED003259,P2086,Sertraline,50mg,Once daily,2023-06-15,,Dr. Y. Tanaka,Active
MED003260,P2086,Ramipril,5mg,Once daily,2022-07-20,2024-05-15,Dr. M. O'Brien,Completed
MED003261,P2087,Furosemide,40mg,Once daily in morning,2023-04-21,2024-04-24,Dr. C. Müller,Completed
MED003262,P2088,Gabapentin,300mg,Three times daily,2022-11-20,,Dr. Y. Tanaka,Active
MED003263,P2088,Furosemide,40mg,Once daily in morning,2022-07-11,,Dr. Y. Tanaka,Active
MED003264,P2088,Aspirin,75mg,Once daily,2023-11-01,,Dr. M. O'Brien,Active
MED003265,P2089,Amlodipine,5mg,Once daily,2023-03-25,2024-02-13,Dr. J. Nkosi,Completed
MED003266,P2089,Salbutamol,100mcg,As required,2023-05-07,2024-12-25,Dr. C. Müller,Completed
MED003267,P2089,Insulin Glargine,10 units,Once daily at bedtime,2022-03-15,,Dr. S. Khan,Active
MED003268,P2089,Atorvastatin,20mg,Once daily at night,2023-01-31,,Dr. Y. Tanaka,Active
MED003269,P2089,Amoxicillin,500mg,Three times daily,2022-07-05,,Dr. A. Patel,Active
MED003270,P2090,Omeprazole,20mg,Once daily before breakfast,2022-03-23,2024-03-25,Dr. C. Müller,Completed
MED003271,P2090,Levothyroxine,50mcg,Once daily,2022-06-15,2024-09-30,Dr. J. Nkosi,Completed
MED003272,P2091,Prednisolone,5mg,Once daily,2022-07-31,,Dr. A. Patel,Active
MED003273,P2092,Atorvastatin,20mg,Once daily at night,2023-07-03,,Dr. L. Torres,Active
MED003274,P2092,Levothyroxine,50mcg,Once daily,2022-03-10,,Dr. J. Nkosi,Active
MED003275,P2092,Ramipril,5mg,Once daily,2022-04-03,,Dr. M. O'Brien,Active
MED003276,P2092,Lisinopril,10mg,Once daily,2022-08-24,2024-04-28,Dr. S. Khan,Completed
MED003277,P2092,Prednisolone,5mg,Once daily,2022-08-24,,Dr. M. O'Brien,Active
MED003278,P2093,Prednisolone,5mg,Once daily,2023-04-18,2024-01-21,Dr. L. Torres,Completed
MED003279,P2093,Amoxicillin,500mg,Three times daily,2022-05-25,,Dr. Y. Tanaka,Active
MED003280,P2093,Ibuprofen,400mg,Three times daily with food,2023-11-18,,Dr. A. Patel,Active
MED003281,P2093,Aspirin,75mg,Once daily,2023-08-25,2024-09-04,Dr. Y. Tanaka,Completed
MED003282,P2093,Paracetamol,500mg,Up to four times daily,2023-09-24,,Dr. M. O'Brien,Active
MED003283,P2094,Paracetamol,500mg,Up to four times daily,2023-01-13,2024-05-05,Dr. S. Khan,Completed
MED003284,P2094,Metformin,500mg,Twice daily,2022-07-12,,Dr. R. Singh,Active
MED003285,P2094,Clopidogrel,75mg,Once daily,2022-11-12,,Dr. J. Nkosi,Active
MED003286,P2094,Amoxicillin,500mg,Three times daily,2022-05-06,,Dr. Y. Tanaka,Active
MED003287,P2095,Salbutamol,100mcg,As required,2023-12-17,2024-10-25,Dr. R. Singh,Completed
MED003288,P2095,Prednisolone,5mg,Once daily,2022-09-16,2024-03-28,Dr. J. Nkosi,Completed
MED003289,P2095,Sertraline,50mg,Once daily,2022-07-30,2024-01-22,Dr. M. O'Brien,Completed
MED003290,P2096,Prednisolone,5mg,Once daily,2022-12-06,,Dr. A. Patel,Active
MED003291,P2096,Amoxicillin,500mg,Three times daily,2023-06-23,,Dr. M. O'Brien,Active
MED003292,P2096,Furosemide,40mg,Once daily in morning,2023-10-11,,Dr. Y. Tanaka,Active
MED003293,P2097,Amlodipine,5mg,Once daily,2023-06-20,,Dr. L. Torres,Active
MED003294,P2098,Sertraline,50mg,Once daily,2022-10-22,,Dr. C. Müller,Active
MED003295,P2098,Ramipril,5mg,Once daily,2023-12-16,2024-08-17,Dr. M. O'Brien,Completed
MED003296,P2098,Atorvastatin,20mg,Once daily at night,2022-12-13,2024-09-10,Dr. Y. Tanaka,Completed
MED003297,P2098,Clopidogrel,75mg,Once daily,2022-12-05,2024-09-18,Dr. S. Khan,Completed
MED003298,P2098,Insulin Glargine,10 units,Once daily at bedtime,2023-04-06,,Dr. J. Nkosi,Active
MED003299,P2099,Bisoprolol,2.5mg,Once daily,2023-04-28,,Dr. S. Khan,Active
MED003300,P2099,Omeprazole,20mg,Once daily before breakfast,2022-01-12,,Dr. S. Khan,Active
MED003301,P2099,Salbutamol,100mcg,As required,2023-03-14,2024-11-07,Dr. Y. Tanaka,Completed
MED003302,P2100,Levothyroxine,50mcg,Once daily,2022-04-03,,Dr. S. Khan,Active
MED003303,P2100,Insulin Glargine,10 units,Once daily at bedtime,2023-12-14,,Dr. S. Khan,Active
MED003304,P2100,Bisoprolol,2.5mg,Once daily,2023-02-02,2024-02-28,Dr. A. Patel,Completed
MED003305,P2101,Metformin,500mg,Twice daily,2022-04-29,,Dr. C. Müller,Active
MED003306,P2101,Salbutamol,100mcg,As required,2022-10-23,,Dr. M. O'Brien,Active
MED003307,P2101,Gabapentin,300mg,Three times daily,2022-09-02,,Dr. C. Müller,Active
MED003308,P2101,Sertraline,50mg,Once daily,2023-12-13,,Dr. S. Khan,Active
MED003309,P2102,Amlodipine,5mg,Once daily,2022-06-17,,Dr. M. O'Brien,Active
MED003310,P2102,Lisinopril,10mg,Once daily,2022-10-03,,Dr. Y. Tanaka,Active
MED003311,P2102,Ibuprofen,400mg,Three times daily with food,2022-05-03,,Dr. A. Patel,Active
MED003312,P2102,Salbutamol,100mcg,As required,2023-01-27,,Dr. L. Torres,Active
MED003313,P2102,Levothyroxine,50mcg,Once daily,2023-05-15,,Dr. A. Patel,Active
MED003314,P2103,Ibuprofen,400mg,Three times daily with food,2022-06-15,,Dr. J. Nkosi,Active
MED003315,P2103,Furosemide,40mg,Once daily in morning,2022-12-04,,Dr. R. Singh,Active
MED003316,P2103,Bisoprolol,2.5mg,Once daily,2022-04-27,2024-04-25,Dr. S. Khan,Completed
MED003317,P2103,Sertraline,50mg,Once daily,2023-02-23,,Dr. R. Singh,Active
MED003318,P2103,Prednisolone,5mg,Once daily,2022-10-02,2024-05-05,Dr. M. O'Brien,Completed
MED003319,P2104,Insulin Glargine,10 units,Once daily at bedtime,2022-12-26,,Dr. C. Müller,Active
MED003320,P2104,Gabapentin,300mg,Three times daily,2023-09-24,,Dr. J. Nkosi,Active
MED003321,P2104,Ramipril,5mg,Once daily,2023-11-04,,Dr. Y. Tanaka,Active
MED003322,P2105,Aspirin,75mg,Once daily,2023-07-31,,Dr. S. Khan,Active
MED003323,P2105,Metformin,500mg,Twice daily,2023-05-30,,Dr. L. Torres,Active
MED003324,P2105,Levothyroxine,50mcg,Once daily,2022-05-26,,Dr. S. Khan,Active
MED003325,P2105,Ramipril,5mg,Once daily,2023-01-20,,Dr. C. Müller,Active
MED003326,P2106,Insulin Glargine,10 units,Once daily at bedtime,2023-01-04,,Dr. M. O'Brien,Active
MED003327,P2106,Levothyroxine,50mcg,Once daily,2023-06-18,2024-04-14,Dr. L. Torres,Completed
MED003328,P2106,Furosemide,40mg,Once daily in morning,2023-05-14,,Dr. C. Müller,Active
MED003329,P2107,Furosemide,40mg,Once daily in morning,2022-01-01,,Dr. L. Torres,Active
MED003330,P2107,Salbutamol,100mcg,As required,2022-06-03,,Dr. M. O'Brien,Active
MED003331,P2107,Levothyroxine,50mcg,Once daily,2023-06-12,2024-10-24,Dr. J. Nkosi,Completed
MED003332,P2108,Prednisolone,5mg,Once daily,2022-01-31,2024-11-27,Dr. Y. Tanaka,Completed
MED003333,P2109,Lisinopril,10mg,Once daily,2023-08-05,,Dr. J. Nkosi,Active
MED003334,P2109,Bisoprolol,2.5mg,Once daily,2022-01-18,,Dr. A. Patel,Active
MED003335,P2110,Furosemide,40mg,Once daily in morning,2023-03-15,,Dr. R. Singh,Active
MED003336,P2111,Aspirin,75mg,Once daily,2023-11-15,2024-01-25,Dr. S. Khan,Completed
MED003337,P2111,Bisoprolol,2.5mg,Once daily,2023-07-13,,Dr. S. Khan,Active
MED003338,P2111,Prednisolone,5mg,Once daily,2023-08-19,2024-05-04,Dr. C. Müller,Completed
MED003339,P2111,Insulin Glargine,10 units,Once daily at bedtime,2023-11-25,2024-01-31,Dr. C. Müller,Completed
MED003340,P2112,Sertraline,50mg,Once daily,2023-06-09,,Dr. A. Patel,Active
MED003341,P2112,Prednisolone,5mg,Once daily,2022-10-31,,Dr. Y. Tanaka,Active
MED003342,P2112,Metformin,500mg,Twice daily,2022-09-05,,Dr. J. Nkosi,Active
MED003343,P2112,Furosemide,40mg,Once daily in morning,2022-05-04,,Dr. L. Torres,Active
MED003344,P2112,Atorvastatin,20mg,Once daily at night,2023-08-25,,Dr. L. Torres,Active
MED003345,P2113,Warfarin,3mg,Once daily,2022-08-18,2024-09-26,Dr. R. Singh,Completed
MED003346,P2114,Insulin Glargine,10 units,Once daily at bedtime,2023-03-09,,Dr. A. Patel,Active
MED003347,P2114,Ramipril,5mg,Once daily,2022-07-08,2024-03-16,Dr. S. Khan,Completed
MED003348,P2114,Gabapentin,300mg,Three times daily,2023-05-25,,Dr. M. O'Brien,Active
MED003349,P2115,Lisinopril,10mg,Once daily,2023-07-26,2024-09-30,Dr. S. Khan,Completed
MED003350,P2116,Amlodipine,5mg,Once daily,2022-03-17,2024-08-20,Dr. S. Khan,Completed
MED003351,P2116,Sertraline,50mg,Once daily,2023-09-18,2024-11-24,Dr. S. Khan,Completed
MED003352,P2117,Paracetamol,500mg,Up to four times daily,2023-11-15,2024-06-19,Dr. C. Müller,Completed
MED003353,P2117,Gabapentin,300mg,Three times daily,2022-05-24,2024-04-21,Dr. A. Patel,Completed
MED003354,P2117,Insulin Glargine,10 units,Once daily at bedtime,2023-08-28,2024-10-22,Dr. Y. Tanaka,Completed
MED003355,P2118,Amoxicillin,500mg,Three times daily,2022-07-22,2024-11-25,Dr. C. Müller,Completed
MED003356,P2118,Clopidogrel,75mg,Once daily,2022-10-08,,Dr. M. O'Brien,Active
MED003357,P2118,Sertraline,50mg,Once daily,2023-09-18,,Dr. C. Müller,Active
MED003358,P2118,Salbutamol,100mcg,As required,2022-07-30,,Dr. Y. Tanaka,Active
MED003359,P2119,Ramipril,5mg,Once daily,2022-01-11,2024-01-04,Dr. L. Torres,Completed
MED003360,P2119,Clopidogrel,75mg,Once daily,2023-04-13,2024-12-07,Dr. C. Müller,Completed
MED003361,P2120,Ramipril,5mg,Once daily,2023-10-30,2024-05-06,Dr. A. Patel,Completed
MED003362,P2120,Levothyroxine,50mcg,Once daily,2022-05-04,,Dr. S. Khan,Active
MED003363,P2121,Levothyroxine,50mcg,Once daily,2022-05-20,,Dr. M. O'Brien,Active
MED003364,P2121,Amlodipine,5mg,Once daily,2022-02-22,,Dr. S. Khan,Active
MED003365,P2121,Gabapentin,300mg,Three times daily,2023-07-03,,Dr. L. Torres,Active
MED003366,P2121,Lisinopril,10mg,Once daily,2022-04-11,,Dr. R. Singh,Active
MED003367,P2121,Atorvastatin,20mg,Once daily at night,2023-03-03,,Dr. J. Nkosi,Active
MED003368,P2122,Metformin,500mg,Twice daily,2023-12-08,2024-12-03,Dr. Y. Tanaka,Completed
MED003369,P2122,Ibuprofen,400mg,Three times daily with food,2022-07-19,,Dr. Y. Tanaka,Active
MED003370,P2122,Clopidogrel,75mg,Once daily,2023-12-22,,Dr. L. Torres,Active
MED003371,P2122,Salbutamol,100mcg,As required,2022-08-30,,Dr. J. Nkosi,Active
MED003372,P2123,Furosemide,40mg,Once daily in morning,2022-06-19,2024-12-14,Dr. L. Torres,Completed
MED003373,P2123,Salbutamol,100mcg,As required,2023-04-15,,Dr. C. Müller,Active
MED003374,P2123,Insulin Glargine,10 units,Once daily at bedtime,2023-02-01,2024-11-08,Dr. Y. Tanaka,Completed
MED003375,P2124,Gabapentin,300mg,Three times daily,2023-10-24,2024-02-25,Dr. J. Nkosi,Completed
MED003376,P2124,Amlodipine,5mg,Once daily,2023-01-18,,Dr. R. Singh,Active
MED003377,P2124,Atorvastatin,20mg,Once daily at night,2022-04-14,2024-10-05,Dr. R. Singh,Completed
MED003378,P2125,Levothyroxine,50mcg,Once daily,2022-12-10,,Dr. L. Torres,Active
MED003379,P2125,Metformin,500mg,Twice daily,2023-01-31,,Dr. L. Torres,Active
MED003380,P2125,Gabapentin,300mg,Three times daily,2023-11-18,2024-06-09,Dr. C. Müller,Completed
MED003381,P2125,Clopidogrel,75mg,Once daily,2023-12-19,,Dr. Y. Tanaka,Active
MED003382,P2125,Warfarin,3mg,Once daily,2023-04-19,,Dr. C. Müller,Active
MED003383,P2126,Aspirin,75mg,Once daily,2022-09-09,2024-01-24,Dr. S. Khan,Completed
MED003384,P2127,Omeprazole,20mg,Once daily before breakfast,2022-10-28,2024-02-15,Dr. R. Singh,Completed
MED003385,P2127,Aspirin,75mg,Once daily,2022-01-27,,Dr. M. O'Brien,Active
MED003386,P2127,Amlodipine,5mg,Once daily,2023-08-31,,Dr. L. Torres,Active
MED003387,P2128,Amlodipine,5mg,Once daily,2022-06-01,,Dr. Y. Tanaka,Active
MED003388,P2128,Lisinopril,10mg,Once daily,2022-05-20,,Dr. A. Patel,Active
MED003389,P2129,Levothyroxine,50mcg,Once daily,2022-01-26,,Dr. M. O'Brien,Active
MED003390,P2129,Ramipril,5mg,Once daily,2022-11-01,,Dr. S. Khan,Active
MED003391,P2129,Salbutamol,100mcg,As required,2023-11-21,,Dr. R. Singh,Active
MED003392,P2129,Aspirin,75mg,Once daily,2023-04-20,,Dr. Y. Tanaka,Active
MED003393,P2129,Amoxicillin,500mg,Three times daily,2022-08-05,2024-12-08,Dr. J. Nkosi,Completed
MED003394,P2130,Omeprazole,20mg,Once daily before breakfast,2022-08-20,,Dr. S. Khan,Active
MED003395,P2130,Bisoprolol,2.5mg,Once daily,2023-10-15,2024-02-05,Dr. Y. Tanaka,Completed
MED003396,P2130,Metformin,500mg,Twice daily,2023-04-23,2024-09-11,Dr. R. Singh,Completed
MED003397,P2130,Paracetamol,500mg,Up to four times daily,2022-08-02,,Dr. R. Singh,Active
MED003398,P2131,Sertraline,50mg,Once daily,2022-11-23,,Dr. R. Singh,Active
MED003399,P2131,Prednisolone,5mg,Once daily,2022-11-28,,Dr. R. Singh,Active
MED003400,P2132,Sertraline,50mg,Once daily,2022-10-04,2024-05-29,Dr. J. Nkosi,Completed
MED003401,P2133,Metformin,500mg,Twice daily,2022-05-11,,Dr. J. Nkosi,Active
MED003402,P2133,Levothyroxine,50mcg,Once daily,2022-01-03,,Dr. L. Torres,Active
MED003403,P2133,Ramipril,5mg,Once daily,2023-07-26,,Dr. A. Patel,Active
MED003404,P2133,Ibuprofen,400mg,Three times daily with food,2023-03-13,,Dr. S. Khan,Active
MED003405,P2134,Levothyroxine,50mcg,Once daily,2023-12-08,2024-12-12,Dr. C. Müller,Completed
MED003406,P2134,Omeprazole,20mg,Once daily before breakfast,2023-08-16,2024-09-11,Dr. R. Singh,Completed
MED003407,P2134,Furosemide,40mg,Once daily in morning,2023-12-18,,Dr. A. Patel,Active
MED003408,P2135,Sertraline,50mg,Once daily,2022-12-31,,Dr. A. Patel,Active
MED003409,P2136,Bisoprolol,2.5mg,Once daily,2022-10-23,,Dr. R. Singh,Active
MED003410,P2136,Gabapentin,300mg,Three times daily,2022-01-07,,Dr. M. O'Brien,Active
MED003411,P2136,Sertraline,50mg,Once daily,2023-09-10,,Dr. J. Nkosi,Active
MED003412,P2136,Amoxicillin,500mg,Three times daily,2023-05-10,2024-05-10,Dr. Y. Tanaka,Completed
MED003413,P2137,Amoxicillin,500mg,Three times daily,2023-02-10,,Dr. R. Singh,Active
MED003414,P2137,Metformin,500mg,Twice daily,2022-02-25,,Dr. J. Nkosi,Active
MED003415,P2137,Prednisolone,5mg,Once daily,2022-10-11,,Dr. A. Patel,Active
MED003416,P2137,Furosemide,40mg,Once daily in morning,2022-07-06,,Dr. R. Singh,Active
MED003417,P2138,Ibuprofen,400mg,Three times daily with food,2022-10-10,2024-10-28,Dr. R. Singh,Completed
MED003418,P2138,Metformin,500mg,Twice daily,2022-01-22,2024-04-13,Dr. C. Müller,Completed
MED003419,P2138,Lisinopril,10mg,Once daily,2023-08-13,2024-10-05,Dr. J. Nkosi,Completed
MED003420,P2139,Metformin,500mg,Twice daily,2022-05-07,2024-06-26,Dr. L. Torres,Completed
MED003421,P2139,Omeprazole,20mg,Once daily before breakfast,2023-08-08,,Dr. L. Torres,Active
MED003422,P2139,Lisinopril,10mg,Once daily,2023-02-03,2024-07-03,Dr. J. Nkosi,Completed
MED003423,P2140,Gabapentin,300mg,Three times daily,2023-09-28,,Dr. C. Müller,Active
MED003424,P2140,Bisoprolol,2.5mg,Once daily,2022-07-22,,Dr. S. Khan,Active
MED003425,P2140,Amlodipine,5mg,Once daily,2023-03-02,,Dr. A. Patel,Active
MED003426,P2141,Sertraline,50mg,Once daily,2022-07-14,,Dr. A. Patel,Active
MED003427,P2141,Ibuprofen,400mg,Three times daily with food,2022-09-25,,Dr. L. Torres,Active
MED003428,P2141,Paracetamol,500mg,Up to four times daily,2022-07-16,,Dr. M. O'Brien,Active
MED003429,P2142,Bisoprolol,2.5mg,Once daily,2023-09-07,,Dr. J. Nkosi,Active
MED003430,P2142,Atorvastatin,20mg,Once daily at night,2022-03-17,,Dr. S. Khan,Active
MED003431,P2143,Prednisolone,5mg,Once daily,2022-05-08,2024-01-21,Dr. J. Nkosi,Completed
MED003432,P2144,Ibuprofen,400mg,Three times daily with food,2023-04-02,,Dr. S. Khan,Active
MED003433,P2144,Clopidogrel,75mg,Once daily,2023-08-09,,Dr. Y. Tanaka,Active
MED003434,P2144,Bisoprolol,2.5mg,Once daily,2022-01-12,,Dr. C. Müller,Active
MED003435,P2144,Amlodipine,5mg,Once daily,2023-01-30,,Dr. L. Torres,Active
MED003436,P2144,Metformin,500mg,Twice daily,2022-07-24,,Dr. S. Khan,Active
MED003437,P2145,Sertraline,50mg,Once daily,2022-08-19,,Dr. S. Khan,Active
MED003438,P2145,Metformin,500mg,Twice daily,2023-11-11,2024-03-12,Dr. L. Torres,Completed
MED003439,P2145,Prednisolone,5mg,Once daily,2023-09-13,,Dr. S. Khan,Active
MED003440,P2145,Bisoprolol,2.5mg,Once daily,2022-10-03,2024-06-05,Dr. J. Nkosi,Completed
MED003441,P2146,Ramipril,5mg,Once daily,2023-05-05,,Dr. L. Torres,Active
MED003442,P2146,Salbutamol,100mcg,As required,2022-09-12,,Dr. J. Nkosi,Active
MED003443,P2146,Warfarin,3mg,Once daily,2023-05-14,2024-07-07,Dr. A. Patel,Completed
MED003444,P2146,Amoxicillin,500mg,Three times daily,2022-04-03,,Dr. R. Singh,Active
MED003445,P2146,Gabapentin,300mg,Three times daily,2022-08-26,,Dr. R. Singh,Active
MED003446,P2147,Levothyroxine,50mcg,Once daily,2022-02-06,2024-04-25,Dr. A. Patel,Completed
MED003447,P2147,Gabapentin,300mg,Three times daily,2022-06-16,2024-11-07,Dr. M. O'Brien,Completed
MED003448,P2147,Insulin Glargine,10 units,Once daily at bedtime,2023-01-24,,Dr. C. Müller,Active
MED003449,P2147,Omeprazole,20mg,Once daily before breakfast,2022-03-03,,Dr. Y. Tanaka,Active
MED003450,P2147,Amlodipine,5mg,Once daily,2022-08-23,,Dr. R. Singh,Active
MED003451,P2148,Furosemide,40mg,Once daily in morning,2022-12-20,2024-10-05,Dr. S. Khan,Completed
MED003452,P2148,Clopidogrel,75mg,Once daily,2023-12-22,,Dr. Y. Tanaka,Active
MED003453,P2148,Metformin,500mg,Twice daily,2023-11-24,,Dr. S. Khan,Active
MED003454,P2149,Aspirin,75mg,Once daily,2022-05-22,2024-04-26,Dr. C. Müller,Completed
MED003455,P2149,Warfarin,3mg,Once daily,2023-05-22,,Dr. A. Patel,Active
MED003456,P2149,Insulin Glargine,10 units,Once daily at bedtime,2022-09-21,,Dr. S. Khan,Active
MED003457,P2150,Amlodipine,5mg,Once daily,2023-05-29,2024-11-19,Dr. M. O'Brien,Completed
MED003458,P2151,Salbutamol,100mcg,As required,2023-11-04,,Dr. L. Torres,Active
MED003459,P2151,Lisinopril,10mg,Once daily,2023-06-23,,Dr. C. Müller,Active
MED003460,P2151,Bisoprolol,2.5mg,Once daily,2022-09-30,2024-03-17,Dr. Y. Tanaka,Completed
MED003461,P2151,Sertraline,50mg,Once daily,2022-12-13,,Dr. S. Khan,Active
MED003462,P2152,Ibuprofen,400mg,Three times daily with food,2023-01-07,,Dr. Y. Tanaka,Active
MED003463,P2152,Gabapentin,300mg,Three times daily,2022-06-29,,Dr. C. Müller,Active
MED003464,P2152,Atorvastatin,20mg,Once daily at night,2022-12-19,,Dr. J. Nkosi,Active
MED003465,P2152,Amlodipine,5mg,Once daily,2023-05-24,2024-05-11,Dr. J. Nkosi,Completed
MED003466,P2153,Prednisolone,5mg,Once daily,2023-09-25,2024-01-16,Dr. A. Patel,Completed
MED003467,P2153,Clopidogrel,75mg,Once daily,2022-06-22,2024-01-12,Dr. S. Khan,Completed
MED003468,P2153,Atorvastatin,20mg,Once daily at night,2022-05-16,,Dr. C. Müller,Active
MED003469,P2154,Warfarin,3mg,Once daily,2023-02-12,,Dr. M. O'Brien,Active
MED003470,P2155,Gabapentin,300mg,Three times daily,2023-07-12,,Dr. L. Torres,Active
MED003471,P2155,Furosemide,40mg,Once daily in morning,2022-04-24,2024-09-14,Dr. L. Torres,Completed
MED003472,P2155,Ibuprofen,400mg,Three times daily with food,2023-05-29,2024-02-17,Dr. Y. Tanaka,Completed
MED003473,P2156,Ibuprofen,400mg,Three times daily with food,2023-10-09,2024-12-29,Dr. L. Torres,Completed
MED003474,P2156,Salbutamol,100mcg,As required,2022-02-26,,Dr. L. Torres,Active
MED003475,P2157,Prednisolone,5mg,Once daily,2023-03-19,,Dr. C. Müller,Active
MED003476,P2157,Gabapentin,300mg,Three times daily,2022-03-13,,Dr. L. Torres,Active
MED003477,P2157,Atorvastatin,20mg,Once daily at night,2023-08-26,,Dr. S. Khan,Active
MED003478,P2157,Bisoprolol,2.5mg,Once daily,2023-10-11,2024-04-30,Dr. M. O'Brien,Completed
MED003479,P2158,Clopidogrel,75mg,Once daily,2022-12-25,,Dr. R. Singh,Active
MED003480,P2158,Levothyroxine,50mcg,Once daily,2022-01-04,,Dr. J. Nkosi,Active
MED003481,P2158,Atorvastatin,20mg,Once daily at night,2022-08-05,2024-01-24,Dr. Y. Tanaka,Completed
MED003482,P2158,Gabapentin,300mg,Three times daily,2022-02-17,2024-09-20,Dr. M. O'Brien,Completed
MED003483,P2159,Aspirin,75mg,Once daily,2023-01-04,,Dr. Y. Tanaka,Active
MED003484,P2159,Gabapentin,300mg,Three times daily,2022-03-02,2024-08-16,Dr. J. Nkosi,Completed
MED003485,P2159,Prednisolone,5mg,Once daily,2022-10-12,,Dr. L. Torres,Active
MED003486,P2160,Bisoprolol,2.5mg,Once daily,2023-05-08,2024-08-09,Dr. R. Singh,Completed
MED003487,P2160,Levothyroxine,50mcg,Once daily,2023-08-05,2024-02-20,Dr. S. Khan,Completed
MED003488,P2160,Warfarin,3mg,Once daily,2022-01-15,2024-07-09,Dr. M. O'Brien,Completed
MED003489,P2160,Salbutamol,100mcg,As required,2022-06-19,,Dr. S. Khan,Active
MED003490,P2161,Gabapentin,300mg,Three times daily,2023-06-30,2024-04-10,Dr. C. Müller,Completed
MED003491,P2161,Furosemide,40mg,Once daily in morning,2023-07-29,,Dr. C. Müller,Active
MED003492,P2161,Prednisolone,5mg,Once daily,2022-02-03,,Dr. M. O'Brien,Active
MED003493,P2162,Omeprazole,20mg,Once daily before breakfast,2023-01-16,2024-05-06,Dr. R. Singh,Completed
MED003494,P2162,Ramipril,5mg,Once daily,2023-12-29,2024-06-14,Dr. L. Torres,Completed
MED003495,P2163,Levothyroxine,50mcg,Once daily,2022-03-23,,Dr. S. Khan,Active
MED003496,P2163,Furosemide,40mg,Once daily in morning,2022-02-27,,Dr. S. Khan,Active
MED003497,P2163,Paracetamol,500mg,Up to four times daily,2023-11-01,2024-03-22,Dr. L. Torres,Completed
MED003498,P2163,Amlodipine,5mg,Once daily,2023-04-27,2024-09-03,Dr. J. Nkosi,Completed
MED003499,P2163,Bisoprolol,2.5mg,Once daily,2022-02-28,,Dr. L. Torres,Active
MED003500,P2164,Salbutamol,100mcg,As required,2022-07-04,,Dr. Y. Tanaka,Active
MED003501,P2165,Paracetamol,500mg,Up to four times daily,2023-11-28,2024-07-10,Dr. S. Khan,Completed
MED003502,P2165,Salbutamol,100mcg,As required,2023-03-29,,Dr. J. Nkosi,Active
MED003503,P2165,Sertraline,50mg,Once daily,2023-10-19,2024-02-04,Dr. C. Müller,Completed
MED003504,P2166,Salbutamol,100mcg,As required,2023-02-06,,Dr. S. Khan,Active
MED003505,P2166,Amoxicillin,500mg,Three times daily,2023-01-16,,Dr. S. Khan,Active
MED003506,P2166,Paracetamol,500mg,Up to four times daily,2023-03-07,,Dr. R. Singh,Active
MED003507,P2167,Atorvastatin,20mg,Once daily at night,2023-07-26,,Dr. M. O'Brien,Active
MED003508,P2167,Paracetamol,500mg,Up to four times daily,2022-03-20,,Dr. C. Müller,Active
MED003509,P2167,Omeprazole,20mg,Once daily before breakfast,2022-02-24,,Dr. Y. Tanaka,Active
MED003510,P2168,Levothyroxine,50mcg,Once daily,2023-05-11,,Dr. M. O'Brien,Active
MED003511,P2169,Omeprazole,20mg,Once daily before breakfast,2022-12-05,2024-02-20,Dr. C. Müller,Completed
MED003512,P2169,Levothyroxine,50mcg,Once daily,2023-12-25,,Dr. S. Khan,Active
MED003513,P2170,Levothyroxine,50mcg,Once daily,2022-12-08,2024-01-06,Dr. A. Patel,Completed
MED003514,P2170,Clopidogrel,75mg,Once daily,2023-06-16,,Dr. J. Nkosi,Active
MED003515,P2170,Lisinopril,10mg,Once daily,2023-06-15,,Dr. A. Patel,Active
MED003516,P2170,Amlodipine,5mg,Once daily,2023-11-12,,Dr. L. Torres,Active
MED003517,P2171,Amlodipine,5mg,Once daily,2023-09-23,,Dr. S. Khan,Active
MED003518,P2171,Paracetamol,500mg,Up to four times daily,2023-12-14,,Dr. A. Patel,Active
MED003519,P2172,Paracetamol,500mg,Up to four times daily,2023-08-13,,Dr. J. Nkosi,Active
MED003520,P2172,Gabapentin,300mg,Three times daily,2022-04-14,2024-09-12,Dr. A. Patel,Completed
MED003521,P2172,Prednisolone,5mg,Once daily,2023-11-11,,Dr. Y. Tanaka,Active
MED003522,P2172,Insulin Glargine,10 units,Once daily at bedtime,2023-06-16,,Dr. R. Singh,Active
MED003523,P2172,Sertraline,50mg,Once daily,2023-04-04,,Dr. S. Khan,Active
MED003524,P2173,Ibuprofen,400mg,Three times daily with food,2023-03-20,,Dr. C. Müller,Active
MED003525,P2173,Atorvastatin,20mg,Once daily at night,2023-03-17,,Dr. R. Singh,Active
MED003526,P2173,Insulin Glargine,10 units,Once daily at bedtime,2022-05-02,,Dr. M. O'Brien,Active
MED003527,P2173,Sertraline,50mg,Once daily,2022-01-24,2024-10-12,Dr. R. Singh,Completed
MED003528,P2174,Amoxicillin,500mg,Three times daily,2023-04-25,,Dr. A. Patel,Active
MED003529,P2174,Furosemide,40mg,Once daily in morning,2022-03-09,,Dr. R. Singh,Active
MED003530,P2175,Atorvastatin,20mg,Once daily at night,2023-02-13,,Dr. R. Singh,Active
MED003531,P2175,Furosemide,40mg,Once daily in morning,2022-04-02,2024-10-10,Dr. S. Khan,Completed
MED003532,P2175,Amlodipine,5mg,Once daily,2022-03-24,,Dr. Y. Tanaka,Active
MED003533,P2176,Ibuprofen,400mg,Three times daily with food,2023-07-27,,Dr. S. Khan,Active
MED003534,P2176,Bisoprolol,2.5mg,Once daily,2023-12-16,2024-07-25,Dr. C. Müller,Completed
MED003535,P2176,Salbutamol,100mcg,As required,2023-04-09,,Dr. S. Khan,Active
MED003536,P2176,Amoxicillin,500mg,Three times daily,2023-12-14,,Dr. R. Singh,Active
MED003537,P2176,Metformin,500mg,Twice daily,2022-10-25,2024-04-08,Dr. S. Khan,Completed
MED003538,P2177,Levothyroxine,50mcg,Once daily,2023-12-04,,Dr. J. Nkosi,Active
MED003539,P2177,Aspirin,75mg,Once daily,2023-09-20,,Dr. C. Müller,Active
MED003540,P2178,Clopidogrel,75mg,Once daily,2023-10-13,,Dr. R. Singh,Active
MED003541,P2178,Furosemide,40mg,Once daily in morning,2023-04-21,2024-02-24,Dr. C. Müller,Completed
MED003542,P2178,Paracetamol,500mg,Up to four times daily,2023-07-15,,Dr. R. Singh,Active
MED003543,P2178,Lisinopril,10mg,Once daily,2022-03-09,,Dr. M. O'Brien,Active
MED003544,P2178,Ramipril,5mg,Once daily,2022-10-05,,Dr. A. Patel,Active
MED003545,P2179,Ramipril,5mg,Once daily,2023-04-01,,Dr. J. Nkosi,Active
MED003546,P2179,Amoxicillin,500mg,Three times daily,2022-02-15,2024-02-29,Dr. L. Torres,Completed
MED003547,P2180,Warfarin,3mg,Once daily,2023-08-11,,Dr. M. O'Brien,Active
MED003548,P2180,Metformin,500mg,Twice daily,2023-03-09,2024-10-15,Dr. M. O'Brien,Completed
MED003549,P2180,Salbutamol,100mcg,As required,2022-06-04,,Dr. R. Singh,Active
MED003550,P2180,Amlodipine,5mg,Once daily,2022-07-27,,Dr. M. O'Brien,Active
MED003551,P2181,Amlodipine,5mg,Once daily,2023-08-02,,Dr. R. Singh,Active
MED003552,P2182,Aspirin,75mg,Once daily,2022-05-13,,Dr. M. O'Brien,Active
MED003553,P2182,Paracetamol,500mg,Up to four times daily,2022-02-11,,Dr. Y. Tanaka,Active
MED003554,P2183,Salbutamol,100mcg,As required,2023-01-08,,Dr. Y. Tanaka,Active
MED003555,P2183,Gabapentin,300mg,Three times daily,2022-08-08,,Dr. J. Nkosi,Active
MED003556,P2183,Amlodipine,5mg,Once daily,2023-04-13,,Dr. J. Nkosi,Active
MED003557,P2184,Salbutamol,100mcg,As required,2023-12-22,,Dr. A. Patel,Active
MED003558,P2184,Furosemide,40mg,Once daily in morning,2023-02-15,,Dr. M. O'Brien,Active
MED003559,P2184,Metformin,500mg,Twice daily,2023-08-01,2024-03-03,Dr. Y. Tanaka,Completed
MED003560,P2184,Amoxicillin,500mg,Three times daily,2022-02-22,2024-10-23,Dr. C. Müller,Completed
MED003561,P2185,Omeprazole,20mg,Once daily before breakfast,2023-04-02,,Dr. S. Khan,Active
MED003562,P2185,Gabapentin,300mg,Three times daily,2023-08-22,,Dr. C. Müller,Active
MED003563,P2185,Levothyroxine,50mcg,Once daily,2022-08-06,,Dr. A. Patel,Active
MED003564,P2185,Clopidogrel,75mg,Once daily,2022-02-06,2024-08-17,Dr. M. O'Brien,Completed
MED003565,P2186,Aspirin,75mg,Once daily,2023-12-11,,Dr. M. O'Brien,Active
MED003566,P2187,Gabapentin,300mg,Three times daily,2023-07-31,,Dr. Y. Tanaka,Active
MED003567,P2187,Paracetamol,500mg,Up to four times daily,2022-01-03,,Dr. Y. Tanaka,Active
MED003568,P2188,Metformin,500mg,Twice daily,2022-11-04,,Dr. L. Torres,Active
MED003569,P2188,Atorvastatin,20mg,Once daily at night,2022-10-18,2024-01-23,Dr. M. O'Brien,Completed
MED003570,P2188,Sertraline,50mg,Once daily,2023-09-28,,Dr. M. O'Brien,Active
MED003571,P2188,Aspirin,75mg,Once daily,2022-04-07,2024-04-19,Dr. C. Müller,Completed
MED003572,P2189,Salbutamol,100mcg,As required,2022-12-15,,Dr. L. Torres,Active
MED003573,P2189,Metformin,500mg,Twice daily,2022-05-31,,Dr. J. Nkosi,Active
MED003574,P2189,Gabapentin,300mg,Three times daily,2022-04-21,,Dr. S. Khan,Active
MED003575,P2189,Aspirin,75mg,Once daily,2023-07-13,2024-05-22,Dr. J. Nkosi,Completed
MED003576,P2190,Paracetamol,500mg,Up to four times daily,2022-04-18,,Dr. J. Nkosi,Active
MED003577,P2191,Sertraline,50mg,Once daily,2022-11-11,,Dr. M. O'Brien,Active
MED003578,P2192,Furosemide,40mg,Once daily in morning,2023-01-13,,Dr. S. Khan,Active
MED003579,P2192,Prednisolone,5mg,Once daily,2023-09-02,,Dr. L. Torres,Active
MED003580,P2192,Warfarin,3mg,Once daily,2023-06-03,,Dr. L. Torres,Active
MED003581,P2192,Amoxicillin,500mg,Three times daily,2023-03-03,,Dr. L. Torres,Active
MED003582,P2193,Omeprazole,20mg,Once daily before breakfast,2022-09-18,2024-06-20,Dr. A. Patel,Completed
MED003583,P2193,Aspirin,75mg,Once daily,2022-11-07,,Dr. Y. Tanaka,Active
MED003584,P2193,Bisoprolol,2.5mg,Once daily,2022-04-06,,Dr. Y. Tanaka,Active
MED003585,P2193,Gabapentin,300mg,Three times daily,2022-10-27,2024-07-04,Dr. L. Torres,Completed
MED003586,P2193,Warfarin,3mg,Once daily,2022-02-24,,Dr. C. Müller,Active
MED003587,P2194,Atorvastatin,20mg,Once daily at night,2022-01-27,2024-08-09,Dr. A. Patel,Completed
MED003588,P2194,Omeprazole,20mg,Once daily before breakfast,2022-04-13,2024-11-22,Dr. L. Torres,Completed
MED003589,P2194,Salbutamol,100mcg,As required,2023-12-22,,Dr. S. Khan,Active
MED003590,P2194,Furosemide,40mg,Once daily in morning,2023-07-22,2024-12-19,Dr. C. Müller,Completed
MED003591,P2195,Paracetamol,500mg,Up to four times daily,2023-02-11,2024-02-21,Dr. A. Patel,Completed
MED003592,P2196,Warfarin,3mg,Once daily,2023-01-21,,Dr. Y. Tanaka,Active
MED003593,P2196,Aspirin,75mg,Once daily,2022-07-04,,Dr. M. O'Brien,Active
MED003594,P2196,Insulin Glargine,10 units,Once daily at bedtime,2022-02-18,,Dr. S. Khan,Active
MED003595,P2196,Gabapentin,300mg,Three times daily,2022-11-16,2024-01-18,Dr. M. O'Brien,Completed
MED003596,P2196,Atorvastatin,20mg,Once daily at night,2022-10-15,2024-04-03,Dr. R. Singh,Completed
MED003597,P2197,Amlodipine,5mg,Once daily,2023-06-28,,Dr. L. Torres,Active
MED003598,P2197,Furosemide,40mg,Once daily in morning,2022-06-01,,Dr. C. Müller,Active
MED003599,P2197,Insulin Glargine,10 units,Once daily at bedtime,2022-05-07,,Dr. Y. Tanaka,Active
MED003600,P2198,Salbutamol,100mcg,As required,2022-05-21,,Dr. J. Nkosi,Active
MED003601,P2198,Paracetamol,500mg,Up to four times daily,2022-03-11,,Dr. Y. Tanaka,Active
MED003602,P2199,Insulin Glargine,10 units,Once daily at bedtime,2022-02-18,,Dr. C. Müller,Active
MED003603,P2200,Amlodipine,5mg,Once daily,2023-03-30,2024-05-27,Dr. R. Singh,Completed
MED003604,P2200,Bisoprolol,2.5mg,Once daily,2023-05-02,2024-11-15,Dr. S. Khan,Completed
MED003605,P2201,Ibuprofen,400mg,Three times daily with food,2023-10-04,2024-03-15,Dr. S. Khan,Completed
MED003606,P2201,Bisoprolol,2.5mg,Once daily,2022-04-12,2024-08-25,Dr. S. Khan,Completed
MED003607,P2201,Levothyroxine,50mcg,Once daily,2022-08-25,,Dr. C. Müller,Active
MED003608,P2201,Omeprazole,20mg,Once daily before breakfast,2022-11-16,,Dr. A. Patel,Active
MED003609,P2202,Metformin,500mg,Twice daily,2023-08-01,2024-08-24,Dr. S. Khan,Completed
MED003610,P2202,Bisoprolol,2.5mg,Once daily,2022-08-14,,Dr. M. O'Brien,Active
MED003611,P2202,Amoxicillin,500mg,Three times daily,2022-11-01,,Dr. C. Müller,Active
MED003612,P2202,Ramipril,5mg,Once daily,2023-11-15,,Dr. M. O'Brien,Active
MED003613,P2203,Omeprazole,20mg,Once daily before breakfast,2023-12-13,,Dr. S. Khan,Active
MED003614,P2203,Sertraline,50mg,Once daily,2023-03-08,,Dr. L. Torres,Active
MED003615,P2204,Amlodipine,5mg,Once daily,2022-10-14,,Dr. R. Singh,Active
MED003616,P2205,Salbutamol,100mcg,As required,2022-09-30,2024-05-23,Dr. R. Singh,Completed
MED003617,P2205,Lisinopril,10mg,Once daily,2023-03-16,,Dr. C. Müller,Active
MED003618,P2206,Clopidogrel,75mg,Once daily,2022-03-23,,Dr. A. Patel,Active
MED003619,P2206,Ibuprofen,400mg,Three times daily with food,2022-04-03,2024-01-23,Dr. C. Müller,Completed
MED003620,P2207,Ramipril,5mg,Once daily,2023-05-21,,Dr. Y. Tanaka,Active
MED003621,P2207,Furosemide,40mg,Once daily in morning,2023-09-27,2024-08-27,Dr. R. Singh,Completed
MED003622,P2208,Paracetamol,500mg,Up to four times daily,2023-01-23,,Dr. Y. Tanaka,Active
MED003623,P2208,Furosemide,40mg,Once daily in morning,2023-01-22,,Dr. Y. Tanaka,Active
MED003624,P2208,Insulin Glargine,10 units,Once daily at bedtime,2022-09-19,,Dr. S. Khan,Active
MED003625,P2208,Salbutamol,100mcg,As required,2022-08-14,,Dr. S. Khan,Active
MED003626,P2209,Gabapentin,300mg,Three times daily,2022-06-20,,Dr. M. O'Brien,Active
MED003627,P2209,Salbutamol,100mcg,As required,2022-06-15,2024-12-25,Dr. L. Torres,Completed
MED003628,P2209,Amlodipine,5mg,Once daily,2022-12-28,2024-03-10,Dr. L. Torres,Completed
MED003629,P2209,Bisoprolol,2.5mg,Once daily,2022-10-21,,Dr. M. O'Brien,Active
MED003630,P2210,Levothyroxine,50mcg,Once daily,2023-02-13,2024-01-09,Dr. L. Torres,Completed
MED003631,P2211,Amoxicillin,500mg,Three times daily,2022-12-09,,Dr. S. Khan,Active
MED003632,P2211,Bisoprolol,2.5mg,Once daily,2023-09-25,,Dr. J. Nkosi,Active
MED003633,P2211,Sertraline,50mg,Once daily,2023-03-09,,Dr. L. Torres,Active
MED003634,P2211,Metformin,500mg,Twice daily,2023-02-14,,Dr. R. Singh,Active
MED003635,P2211,Clopidogrel,75mg,Once daily,2023-09-02,,Dr. J. Nkosi,Active
MED003636,P2212,Insulin Glargine,10 units,Once daily at bedtime,2023-08-14,,Dr. A. Patel,Active
MED003637,P2212,Furosemide,40mg,Once daily in morning,2022-11-25,,Dr. J. Nkosi,Active
MED003638,P2212,Bisoprolol,2.5mg,Once daily,2022-09-19,2024-10-04,Dr. A. Patel,Completed
MED003639,P2212,Paracetamol,500mg,Up to four times daily,2023-05-25,,Dr. R. Singh,Active
MED003640,P2213,Bisoprolol,2.5mg,Once daily,2022-11-28,2024-07-09,Dr. S. Khan,Completed
MED003641,P2214,Insulin Glargine,10 units,Once daily at bedtime,2022-02-08,2024-12-23,Dr. L. Torres,Completed
MED003642,P2214,Salbutamol,100mcg,As required,2022-06-29,,Dr. M. O'Brien,Active
MED003643,P2215,Prednisolone,5mg,Once daily,2022-12-07,,Dr. A. Patel,Active
MED003644,P2216,Lisinopril,10mg,Once daily,2023-12-16,,Dr. R. Singh,Active
MED003645,P2216,Omeprazole,20mg,Once daily before breakfast,2022-12-11,,Dr. R. Singh,Active
MED003646,P2217,Clopidogrel,75mg,Once daily,2023-09-15,,Dr. S. Khan,Active
MED003647,P2217,Furosemide,40mg,Once daily in morning,2023-03-20,,Dr. R. Singh,Active
MED003648,P2217,Aspirin,75mg,Once daily,2022-08-10,,Dr. A. Patel,Active
MED003649,P2217,Salbutamol,100mcg,As required,2022-05-01,,Dr. S. Khan,Active
MED003650,P2217,Atorvastatin,20mg,Once daily at night,2023-10-24,,Dr. A. Patel,Active
MED003651,P2218,Omeprazole,20mg,Once daily before breakfast,2022-02-15,,Dr. M. O'Brien,Active
MED003652,P2218,Prednisolone,5mg,Once daily,2023-12-12,,Dr. J. Nkosi,Active
MED003653,P2219,Atorvastatin,20mg,Once daily at night,2023-04-27,,Dr. S. Khan,Active
MED003654,P2219,Levothyroxine,50mcg,Once daily,2023-11-02,,Dr. S. Khan,Active
MED003655,P2219,Salbutamol,100mcg,As required,2022-11-16,,Dr. S. Khan,Active
MED003656,P2219,Lisinopril,10mg,Once daily,2022-03-06,2024-05-30,Dr. C. Müller,Completed
MED003657,P2220,Ibuprofen,400mg,Three times daily with food,2023-05-21,2024-01-08,Dr. M. O'Brien,Completed
MED003658,P2220,Aspirin,75mg,Once daily,2022-05-06,,Dr. L. Torres,Active
MED003659,P2220,Warfarin,3mg,Once daily,2022-12-25,2024-04-14,Dr. R. Singh,Completed
MED003660,P2220,Lisinopril,10mg,Once daily,2022-11-30,,Dr. C. Müller,Active
MED003661,P2220,Amoxicillin,500mg,Three times daily,2023-04-18,2024-04-11,Dr. S. Khan,Completed
MED003662,P2221,Lisinopril,10mg,Once daily,2022-03-18,,Dr. M. O'Brien,Active
MED003663,P2221,Bisoprolol,2.5mg,Once daily,2022-11-14,2024-12-28,Dr. C. Müller,Completed
MED003664,P2222,Warfarin,3mg,Once daily,2023-12-13,,Dr. M. O'Brien,Active
MED003665,P2222,Omeprazole,20mg,Once daily before breakfast,2022-03-22,,Dr. L. Torres,Active
MED003666,P2222,Lisinopril,10mg,Once daily,2022-09-22,2024-07-15,Dr. A. Patel,Completed
MED003667,P2222,Bisoprolol,2.5mg,Once daily,2022-03-20,,Dr. L. Torres,Active
MED003668,P2223,Lisinopril,10mg,Once daily,2023-07-21,2024-10-12,Dr. L. Torres,Completed
MED003669,P2223,Omeprazole,20mg,Once daily before breakfast,2022-09-21,,Dr. R. Singh,Active
MED003670,P2223,Amlodipine,5mg,Once daily,2022-08-14,,Dr. C. Müller,Active
MED003671,P2223,Sertraline,50mg,Once daily,2022-03-05,2024-05-31,Dr. S. Khan,Completed
MED003672,P2224,Bisoprolol,2.5mg,Once daily,2022-08-30,2024-12-21,Dr. J. Nkosi,Completed
MED003673,P2224,Furosemide,40mg,Once daily in morning,2023-03-15,,Dr. L. Torres,Active
MED003674,P2225,Paracetamol,500mg,Up to four times daily,2022-12-25,2024-01-16,Dr. A. Patel,Completed
MED003675,P2226,Furosemide,40mg,Once daily in morning,2022-12-11,,Dr. L. Torres,Active
MED003676,P2226,Warfarin,3mg,Once daily,2023-06-07,,Dr. C. Müller,Active
MED003677,P2226,Clopidogrel,75mg,Once daily,2023-07-26,,Dr. C. Müller,Active
MED003678,P2226,Omeprazole,20mg,Once daily before breakfast,2022-04-01,2024-12-14,Dr. R. Singh,Completed
MED003679,P2227,Ibuprofen,400mg,Three times daily with food,2022-07-30,2024-11-01,Dr. A. Patel,Completed
MED003680,P2227,Amlodipine,5mg,Once daily,2023-05-08,,Dr. L. Torres,Active
MED003681,P2227,Sertraline,50mg,Once daily,2023-12-01,,Dr. R. Singh,Active
MED003682,P2227,Gabapentin,300mg,Three times daily,2023-01-31,,Dr. J. Nkosi,Active
MED003683,P2227,Clopidogrel,75mg,Once daily,2023-02-01,,Dr. Y. Tanaka,Active
MED003684,P2228,Lisinopril,10mg,Once daily,2023-09-09,,Dr. M. O'Brien,Active
MED003685,P2228,Bisoprolol,2.5mg,Once daily,2023-12-08,,Dr. J. Nkosi,Active
MED003686,P2229,Prednisolone,5mg,Once daily,2023-04-15,,Dr. Y. Tanaka,Active
MED003687,P2229,Gabapentin,300mg,Three times daily,2022-01-24,2024-02-10,Dr. M. O'Brien,Completed
MED003688,P2230,Levothyroxine,50mcg,Once daily,2022-07-21,,Dr. R. Singh,Active
MED003689,P2231,Bisoprolol,2.5mg,Once daily,2022-06-24,,Dr. M. O'Brien,Active
MED003690,P2231,Ramipril,5mg,Once daily,2023-06-30,,Dr. S. Khan,Active
MED003691,P2231,Salbutamol,100mcg,As required,2022-12-26,,Dr. R. Singh,Active
MED003692,P2231,Aspirin,75mg,Once daily,2023-10-02,,Dr. C. Müller,Active
MED003693,P2231,Paracetamol,500mg,Up to four times daily,2022-01-15,2024-03-30,Dr. Y. Tanaka,Completed
MED003694,P2232,Levothyroxine,50mcg,Once daily,2022-01-20,,Dr. S. Khan,Active
MED003695,P2232,Paracetamol,500mg,Up to four times daily,2022-07-30,2024-09-12,Dr. M. O'Brien,Completed
MED003696,P2232,Gabapentin,300mg,Three times daily,2023-09-25,,Dr. M. O'Brien,Active
MED003697,P2233,Levothyroxine,50mcg,Once daily,2022-11-29,,Dr. C. Müller,Active
MED003698,P2233,Omeprazole,20mg,Once daily before breakfast,2023-07-14,,Dr. J. Nkosi,Active
MED003699,P2233,Ramipril,5mg,Once daily,2023-08-30,2024-04-24,Dr. C. Müller,Completed
MED003700,P2234,Warfarin,3mg,Once daily,2023-12-18,2024-08-04,Dr. J. Nkosi,Completed
MED003701,P2235,Omeprazole,20mg,Once daily before breakfast,2023-04-27,,Dr. Y. Tanaka,Active
MED003702,P2235,Ramipril,5mg,Once daily,2022-10-13,,Dr. L. Torres,Active
MED003703,P2235,Lisinopril,10mg,Once daily,2023-01-04,,Dr. A. Patel,Active
MED003704,P2235,Clopidogrel,75mg,Once daily,2022-07-16,,Dr. C. Müller,Active
MED003705,P2235,Levothyroxine,50mcg,Once daily,2023-06-01,,Dr. C. Müller,Active
MED003706,P2236,Gabapentin,300mg,Three times daily,2023-09-04,,Dr. L. Torres,Active
MED003707,P2236,Aspirin,75mg,Once daily,2023-06-13,2024-11-19,Dr. M. O'Brien,Completed
MED003708,P2236,Ibuprofen,400mg,Three times daily with food,2023-09-13,,Dr. L. Torres,Active
MED003709,P2237,Levothyroxine,50mcg,Once daily,2023-04-17,,Dr. R. Singh,Active
MED003710,P2237,Amoxicillin,500mg,Three times daily,2023-09-11,2024-11-20,Dr. S. Khan,Completed
MED003711,P2237,Omeprazole,20mg,Once daily before breakfast,2023-10-01,,Dr. L. Torres,Active
MED003712,P2238,Ramipril,5mg,Once daily,2023-02-13,2024-12-13,Dr. Y. Tanaka,Completed
MED003713,P2239,Aspirin,75mg,Once daily,2023-07-10,,Dr. L. Torres,Active
MED003714,P2239,Gabapentin,300mg,Three times daily,2022-11-14,2024-02-29,Dr. L. Torres,Completed
MED003715,P2239,Lisinopril,10mg,Once daily,2023-04-03,,Dr. A. Patel,Active
MED003716,P2239,Prednisolone,5mg,Once daily,2023-07-24,2024-04-11,Dr. S. Khan,Completed
MED003717,P2240,Warfarin,3mg,Once daily,2023-06-09,,Dr. M. O'Brien,Active
MED003718,P2240,Lisinopril,10mg,Once daily,2023-12-01,,Dr. L. Torres,Active
MED003719,P2240,Ibuprofen,400mg,Three times daily with food,2023-12-06,2024-03-28,Dr. Y. Tanaka,Completed
MED003720,P2240,Omeprazole,20mg,Once daily before breakfast,2022-05-01,,Dr. A. Patel,Active
MED003721,P2240,Furosemide,40mg,Once daily in morning,2022-09-28,,Dr. S. Khan,Active
MED003722,P2241,Prednisolone,5mg,Once daily,2023-01-17,2024-02-25,Dr. Y. Tanaka,Completed
MED003723,P2241,Gabapentin,300mg,Three times daily,2022-11-10,,Dr. L. Torres,Active
MED003724,P2242,Furosemide,40mg,Once daily in morning,2022-12-17,2024-09-14,Dr. J. Nkosi,Completed
MED003725,P2242,Insulin Glargine,10 units,Once daily at bedtime,2023-04-26,2024-08-22,Dr. A. Patel,Completed
MED003726,P2242,Ramipril,5mg,Once daily,2023-12-28,2024-08-20,Dr. S. Khan,Completed
MED003727,P2242,Warfarin,3mg,Once daily,2023-11-03,,Dr. R. Singh,Active
MED003728,P2243,Warfarin,3mg,Once daily,2023-06-06,2024-03-11,Dr. A. Patel,Completed
MED003729,P2244,Furosemide,40mg,Once daily in morning,2022-05-03,,Dr. Y. Tanaka,Active
MED003730,P2244,Amoxicillin,500mg,Three times daily,2023-09-27,,Dr. S. Khan,Active
MED003731,P2245,Insulin Glargine,10 units,Once daily at bedtime,2022-09-28,2024-07-04,Dr. Y. Tanaka,Completed
MED003732,P2245,Aspirin,75mg,Once daily,2022-06-27,2024-07-04,Dr. S. Khan,Completed
MED003733,P2245,Salbutamol,100mcg,As required,2023-08-05,,Dr. R. Singh,Active
MED003734,P2245,Furosemide,40mg,Once daily in morning,2023-01-02,2024-03-27,Dr. M. O'Brien,Completed
MED003735,P2245,Omeprazole,20mg,Once daily before breakfast,2023-09-19,,Dr. A. Patel,Active
MED003736,P2246,Furosemide,40mg,Once daily in morning,2023-07-19,2024-10-13,Dr. R. Singh,Completed
MED003737,P2246,Gabapentin,300mg,Three times daily,2022-11-18,,Dr. M. O'Brien,Active
MED003738,P2247,Metformin,500mg,Twice daily,2022-10-29,,Dr. Y. Tanaka,Active
MED003739,P2247,Sertraline,50mg,Once daily,2022-07-02,,Dr. S. Khan,Active
MED003740,P2248,Clopidogrel,75mg,Once daily,2023-11-04,,Dr. C. Müller,Active
MED003741,P2248,Amoxicillin,500mg,Three times daily,2023-04-04,2024-11-29,Dr. R. Singh,Completed
MED003742,P2249,Paracetamol,500mg,Up to four times daily,2023-10-10,,Dr. J. Nkosi,Active
MED003743,P2249,Amlodipine,5mg,Once daily,2022-05-30,2024-01-02,Dr. S. Khan,Completed
MED003744,P2250,Atorvastatin,20mg,Once daily at night,2023-03-17,2024-10-31,Dr. R. Singh,Completed
MED003745,P2250,Furosemide,40mg,Once daily in morning,2023-10-27,,Dr. C. Müller,Active
MED003746,P2250,Gabapentin,300mg,Three times daily,2023-02-28,2024-06-27,Dr. C. Müller,Completed
MED003747,P2250,Ibuprofen,400mg,Three times daily with food,2023-10-13,,Dr. Y. Tanaka,Active
MED003748,P2251,Prednisolone,5mg,Once daily,2023-05-24,2024-09-08,Dr. A. Patel,Completed
MED003749,P2251,Warfarin,3mg,Once daily,2022-08-31,,Dr. J. Nkosi,Active
MED003750,P2251,Bisoprolol,2.5mg,Once daily,2023-02-28,,Dr. C. Müller,Active
MED003751,P2252,Omeprazole,20mg,Once daily before breakfast,2023-01-31,,Dr. Y. Tanaka,Active
MED003752,P2253,Paracetamol,500mg,Up to four times daily,2022-12-08,,Dr. L. Torres,Active
MED003753,P2254,Sertraline,50mg,Once daily,2022-08-20,,Dr. S. Khan,Active
MED003754,P2255,Prednisolone,5mg,Once daily,2022-07-10,,Dr. Y. Tanaka,Active
MED003755,P2255,Insulin Glargine,10 units,Once daily at bedtime,2023-02-04,,Dr. Y. Tanaka,Active
MED003756,P2255,Sertraline,50mg,Once daily,2022-06-10,,Dr. C. Müller,Active
MED003757,P2255,Clopidogrel,75mg,Once daily,2022-03-01,2024-05-30,Dr. S. Khan,Completed
MED003758,P2255,Aspirin,75mg,Once daily,2022-01-01,,Dr. M. O'Brien,Active
MED003759,P2256,Paracetamol,500mg,Up to four times daily,2023-05-04,2024-10-28,Dr. L. Torres,Completed
MED003760,P2256,Amlodipine,5mg,Once daily,2023-11-19,,Dr. Y. Tanaka,Active
MED003761,P2256,Ramipril,5mg,Once daily,2022-09-22,,Dr. A. Patel,Active
MED003762,P2256,Furosemide,40mg,Once daily in morning,2023-09-11,,Dr. C. Müller,Active
MED003763,P2256,Atorvastatin,20mg,Once daily at night,2022-10-01,,Dr. L. Torres,Active
MED003764,P2257,Ibuprofen,400mg,Three times daily with food,2023-11-07,,Dr. M. O'Brien,Active
MED003765,P2258,Ramipril,5mg,Once daily,2022-04-19,2024-06-17,Dr. R. Singh,Completed
MED003766,P2258,Levothyroxine,50mcg,Once daily,2022-07-06,,Dr. L. Torres,Active
MED003767,P2258,Insulin Glargine,10 units,Once daily at bedtime,2023-10-07,2024-03-11,Dr. Y. Tanaka,Completed
MED003768,P2259,Aspirin,75mg,Once daily,2022-04-28,2024-01-16,Dr. J. Nkosi,Completed
MED003769,P2259,Metformin,500mg,Twice daily,2023-09-01,,Dr. S. Khan,Active
MED003770,P2259,Lisinopril,10mg,Once daily,2022-03-18,,Dr. R. Singh,Active
MED003771,P2259,Furosemide,40mg,Once daily in morning,2023-10-13,,Dr. S. Khan,Active
MED003772,P2259,Atorvastatin,20mg,Once daily at night,2022-12-27,,Dr. M. O'Brien,Active
MED003773,P2260,Salbutamol,100mcg,As required,2022-02-26,,Dr. C. Müller,Active
MED003774,P2260,Sertraline,50mg,Once daily,2022-01-30,,Dr. Y. Tanaka,Active
MED003775,P2261,Bisoprolol,2.5mg,Once daily,2023-05-15,,Dr. C. Müller,Active
MED003776,P2262,Paracetamol,500mg,Up to four times daily,2023-01-29,,Dr. C. Müller,Active
MED003777,P2262,Amlodipine,5mg,Once daily,2022-02-24,,Dr. A. Patel,Active
MED003778,P2262,Prednisolone,5mg,Once daily,2023-12-30,,Dr. A. Patel,Active
MED003779,P2262,Metformin,500mg,Twice daily,2022-12-30,2024-10-03,Dr. J. Nkosi,Completed
MED003780,P2263,Prednisolone,5mg,Once daily,2022-01-23,,Dr. S. Khan,Active
MED003781,P2263,Salbutamol,100mcg,As required,2023-11-07,2024-05-23,Dr. A. Patel,Completed
MED003782,P2264,Clopidogrel,75mg,Once daily,2023-06-13,,Dr. J. Nkosi,Active
MED003783,P2264,Amlodipine,5mg,Once daily,2022-11-25,2024-08-20,Dr. J. Nkosi,Completed
MED003784,P2264,Salbutamol,100mcg,As required,2022-05-30,,Dr. C. Müller,Active
MED003785,P2264,Bisoprolol,2.5mg,Once daily,2022-04-22,,Dr. R. Singh,Active
MED003786,P2265,Omeprazole,20mg,Once daily before breakfast,2023-10-29,,Dr. S. Khan,Active
MED003787,P2265,Levothyroxine,50mcg,Once daily,2022-09-12,,Dr. S. Khan,Active
MED003788,P2266,Prednisolone,5mg,Once daily,2023-03-01,,Dr. M. O'Brien,Active
MED003789,P2266,Lisinopril,10mg,Once daily,2023-01-29,,Dr. J. Nkosi,Active
MED003790,P2266,Omeprazole,20mg,Once daily before breakfast,2022-12-02,,Dr. M. O'Brien,Active
MED003791,P2267,Ramipril,5mg,Once daily,2023-05-28,,Dr. C. Müller,Active
MED003792,P2267,Prednisolone,5mg,Once daily,2022-01-28,,Dr. C. Müller,Active
MED003793,P2267,Bisoprolol,2.5mg,Once daily,2023-09-18,2024-07-26,Dr. L. Torres,Completed
MED003794,P2267,Insulin Glargine,10 units,Once daily at bedtime,2023-03-26,2024-11-06,Dr. J. Nkosi,Completed
MED003795,P2268,Clopidogrel,75mg,Once daily,2023-01-19,,Dr. C. Müller,Active
MED003796,P2269,Gabapentin,300mg,Three times daily,2023-10-10,2024-05-09,Dr. L. Torres,Completed
MED003797,P2269,Lisinopril,10mg,Once daily,2023-10-26,,Dr. L. Torres,Active
MED003798,P2269,Aspirin,75mg,Once daily,2023-09-24,2024-08-25,Dr. L. Torres,Completed
MED003799,P2270,Paracetamol,500mg,Up to four times daily,2022-09-14,,Dr. A. Patel,Active
MED003800,P2270,Amoxicillin,500mg,Three times daily,2022-06-22,,Dr. J. Nkosi,Active
MED003801,P2270,Salbutamol,100mcg,As required,2022-03-01,,Dr. Y. Tanaka,Active
MED003802,P2271,Levothyroxine,50mcg,Once daily,2023-11-03,,Dr. R. Singh,Active
MED003803,P2272,Omeprazole,20mg,Once daily before breakfast,2023-07-24,,Dr. S. Khan,Active
MED003804,P2273,Amoxicillin,500mg,Three times daily,2022-09-13,,Dr. S. Khan,Active
MED003805,P2274,Amoxicillin,500mg,Three times daily,2022-03-16,,Dr. S. Khan,Active
MED003806,P2275,Ibuprofen,400mg,Three times daily with food,2022-02-26,2024-01-23,Dr. L. Torres,Completed
MED003807,P2275,Amoxicillin,500mg,Three times daily,2023-04-16,2024-12-01,Dr. L. Torres,Completed
MED003808,P2276,Salbutamol,100mcg,As required,2022-08-24,,Dr. M. O'Brien,Active
MED003809,P2276,Clopidogrel,75mg,Once daily,2022-12-24,,Dr. M. O'Brien,Active
MED003810,P2276,Sertraline,50mg,Once daily,2022-04-02,,Dr. S. Khan,Active
MED003811,P2277,Sertraline,50mg,Once daily,2023-01-06,,Dr. M. O'Brien,Active
MED003812,P2277,Atorvastatin,20mg,Once daily at night,2023-02-16,,Dr. M. O'Brien,Active
MED003813,P2277,Gabapentin,300mg,Three times daily,2022-03-14,,Dr. R. Singh,Active
MED003814,P2277,Amlodipine,5mg,Once daily,2022-04-01,,Dr. C. Müller,Active
MED003815,P2277,Salbutamol,100mcg,As required,2022-06-26,,Dr. A. Patel,Active
MED003816,P2278,Amlodipine,5mg,Once daily,2023-06-30,,Dr. Y. Tanaka,Active
MED003817,P2279,Levothyroxine,50mcg,Once daily,2023-04-14,,Dr. M. O'Brien,Active
MED003818,P2279,Lisinopril,10mg,Once daily,2022-06-13,2024-07-07,Dr. R. Singh,Completed
MED003819,P2279,Clopidogrel,75mg,Once daily,2023-03-16,,Dr. J. Nkosi,Active
MED003820,P2279,Ramipril,5mg,Once daily,2022-03-22,,Dr. L. Torres,Active
MED003821,P2280,Ramipril,5mg,Once daily,2023-05-20,2024-08-25,Dr. C. Müller,Completed
MED003822,P2280,Furosemide,40mg,Once daily in morning,2023-12-30,,Dr. A. Patel,Active
MED003823,P2280,Levothyroxine,50mcg,Once daily,2022-08-31,,Dr. Y. Tanaka,Active
MED003824,P2280,Atorvastatin,20mg,Once daily at night,2023-04-08,2024-02-19,Dr. A. Patel,Completed
MED003825,P2280,Metformin,500mg,Twice daily,2022-06-24,,Dr. R. Singh,Active
MED003826,P2281,Paracetamol,500mg,Up to four times daily,2023-08-18,2024-06-18,Dr. R. Singh,Completed
MED003827,P2281,Sertraline,50mg,Once daily,2022-04-28,,Dr. R. Singh,Active
MED003828,P2282,Levothyroxine,50mcg,Once daily,2023-08-12,2024-12-06,Dr. A. Patel,Completed
MED003829,P2283,Salbutamol,100mcg,As required,2022-08-21,,Dr. S. Khan,Active
MED003830,P2283,Insulin Glargine,10 units,Once daily at bedtime,2022-04-17,,Dr. M. O'Brien,Active
MED003831,P2283,Ibuprofen,400mg,Three times daily with food,2022-04-09,,Dr. A. Patel,Active
MED003832,P2283,Omeprazole,20mg,Once daily before breakfast,2023-03-26,,Dr. A. Patel,Active
MED003833,P2284,Gabapentin,300mg,Three times daily,2023-07-03,,Dr. Y. Tanaka,Active
MED003834,P2284,Furosemide,40mg,Once daily in morning,2022-02-16,2024-07-07,Dr. J. Nkosi,Completed
MED003835,P2284,Sertraline,50mg,Once daily,2023-12-10,,Dr. Y. Tanaka,Active
MED003836,P2285,Gabapentin,300mg,Three times daily,2022-05-15,,Dr. L. Torres,Active
MED003837,P2285,Insulin Glargine,10 units,Once daily at bedtime,2023-08-25,,Dr. A. Patel,Active
MED003838,P2285,Ibuprofen,400mg,Three times daily with food,2023-05-13,,Dr. M. O'Brien,Active
MED003839,P2285,Ramipril,5mg,Once daily,2023-07-15,,Dr. J. Nkosi,Active
MED003840,P2286,Omeprazole,20mg,Once daily before breakfast,2023-01-05,,Dr. M. O'Brien,Active
MED003841,P2286,Bisoprolol,2.5mg,Once daily,2022-04-29,,Dr. C. Müller,Active
MED003842,P2286,Prednisolone,5mg,Once daily,2022-07-04,,Dr. C. Müller,Active
MED003843,P2286,Amlodipine,5mg,Once daily,2023-06-19,,Dr. M. O'Brien,Active
MED003844,P2287,Ramipril,5mg,Once daily,2023-08-01,,Dr. L. Torres,Active
MED003845,P2287,Salbutamol,100mcg,As required,2022-06-24,,Dr. R. Singh,Active
MED003846,P2287,Aspirin,75mg,Once daily,2023-12-04,2024-07-20,Dr. A. Patel,Completed
MED003847,P2287,Amoxicillin,500mg,Three times daily,2023-10-08,,Dr. C. Müller,Active
MED003848,P2288,Amoxicillin,500mg,Three times daily,2022-05-30,2024-02-09,Dr. J. Nkosi,Completed
MED003849,P2288,Gabapentin,300mg,Three times daily,2022-07-13,,Dr. L. Torres,Active
MED003850,P2288,Sertraline,50mg,Once daily,2022-11-01,2024-09-01,Dr. R. Singh,Completed
MED003851,P2288,Clopidogrel,75mg,Once daily,2022-08-04,2024-12-19,Dr. R. Singh,Completed
MED003852,P2288,Ramipril,5mg,Once daily,2023-03-03,2024-06-28,Dr. A. Patel,Completed
MED003853,P2289,Levothyroxine,50mcg,Once daily,2022-09-22,2024-06-07,Dr. L. Torres,Completed
MED003854,P2289,Insulin Glargine,10 units,Once daily at bedtime,2022-04-09,,Dr. J. Nkosi,Active
MED003855,P2289,Aspirin,75mg,Once daily,2022-04-04,,Dr. C. Müller,Active
MED003856,P2290,Lisinopril,10mg,Once daily,2022-02-24,2024-04-22,Dr. Y. Tanaka,Completed
MED003857,P2290,Ibuprofen,400mg,Three times daily with food,2023-08-24,2024-08-13,Dr. L. Torres,Completed
MED003858,P2290,Metformin,500mg,Twice daily,2022-05-09,2024-01-21,Dr. C. Müller,Completed
MED003859,P2291,Amlodipine,5mg,Once daily,2023-12-12,,Dr. R. Singh,Active
MED003860,P2291,Furosemide,40mg,Once daily in morning,2023-03-05,,Dr. A. Patel,Active
MED003861,P2291,Amoxicillin,500mg,Three times daily,2022-05-15,,Dr. S. Khan,Active
MED003862,P2291,Clopidogrel,75mg,Once daily,2023-10-05,,Dr. A. Patel,Active
MED003863,P2292,Omeprazole,20mg,Once daily before breakfast,2023-05-04,,Dr. A. Patel,Active
MED003864,P2292,Salbutamol,100mcg,As required,2023-07-29,,Dr. Y. Tanaka,Active
MED003865,P2292,Clopidogrel,75mg,Once daily,2023-04-19,2024-07-13,Dr. C. Müller,Completed
MED003866,P2292,Metformin,500mg,Twice daily,2023-02-05,,Dr. J. Nkosi,Active
MED003867,P2293,Clopidogrel,75mg,Once daily,2023-12-15,,Dr. C. Müller,Active
MED003868,P2293,Sertraline,50mg,Once daily,2022-03-05,2024-06-15,Dr. A. Patel,Completed
MED003869,P2293,Amoxicillin,500mg,Three times daily,2022-02-15,,Dr. R. Singh,Active
MED003870,P2294,Gabapentin,300mg,Three times daily,2023-12-08,,Dr. S. Khan,Active
MED003871,P2294,Atorvastatin,20mg,Once daily at night,2023-03-24,,Dr. M. O'Brien,Active
MED003872,P2294,Levothyroxine,50mcg,Once daily,2022-04-24,2024-02-03,Dr. R. Singh,Completed
MED003873,P2295,Warfarin,3mg,Once daily,2023-05-10,2024-08-02,Dr. Y. Tanaka,Completed
MED003874,P2295,Atorvastatin,20mg,Once daily at night,2022-03-03,,Dr. C. Müller,Active
MED003875,P2296,Ramipril,5mg,Once daily,2023-03-24,2024-11-29,Dr. R. Singh,Completed
MED003876,P2296,Ibuprofen,400mg,Three times daily with food,2022-09-23,,Dr. J. Nkosi,Active
MED003877,P2296,Omeprazole,20mg,Once daily before breakfast,2022-08-13,2024-06-15,Dr. S. Khan,Completed
MED003878,P2296,Amlodipine,5mg,Once daily,2023-12-19,,Dr. C. Müller,Active
MED003879,P2296,Atorvastatin,20mg,Once daily at night,2022-08-02,2024-02-16,Dr. J. Nkosi,Completed
MED003880,P2297,Metformin,500mg,Twice daily,2022-11-07,,Dr. J. Nkosi,Active
MED003881,P2298,Omeprazole,20mg,Once daily before breakfast,2023-11-16,,Dr. J. Nkosi,Active
MED003882,P2298,Furosemide,40mg,Once daily in morning,2022-01-08,,Dr. S. Khan,Active
MED003883,P2298,Warfarin,3mg,Once daily,2023-07-06,,Dr. C. Müller,Active
MED003884,P2298,Lisinopril,10mg,Once daily,2022-06-19,,Dr. A. Patel,Active
MED003885,P2299,Insulin Glargine,10 units,Once daily at bedtime,2022-01-29,,Dr. A. Patel,Active
MED003886,P2299,Warfarin,3mg,Once daily,2023-03-22,,Dr. S. Khan,Active
MED003887,P2299,Atorvastatin,20mg,Once daily at night,2023-08-10,,Dr. S. Khan,Active
MED003888,P2300,Atorvastatin,20mg,Once daily at night,2023-08-11,,Dr. C. Müller,Active
MED003889,P2300,Amoxicillin,500mg,Three times daily,2022-11-29,2024-08-07,Dr. C. Müller,Completed
MED003890,P2300,Bisoprolol,2.5mg,Once daily,2022-04-26,2024-01-09,Dr. S. Khan,Completed
MED003891,P2300,Omeprazole,20mg,Once daily before breakfast,2023-07-21,2024-09-02,Dr. R. Singh,Completed
MED003892,P2301,Ramipril,5mg,Once daily,2023-04-21,,Dr. J. Nkosi,Active
MED003893,P2302,Atorvastatin,20mg,Once daily at night,2022-10-19,2024-12-04,Dr. C. Müller,Completed
MED003894,P2302,Aspirin,75mg,Once daily,2022-04-10,,Dr. S. Khan,Active
MED003895,P2302,Sertraline,50mg,Once daily,2022-05-14,,Dr. R. Singh,Active
MED003896,P2302,Clopidogrel,75mg,Once daily,2022-06-13,2024-02-11,Dr. J. Nkosi,Completed
MED003897,P2303,Prednisolone,5mg,Once daily,2022-07-31,2024-12-15,Dr. C. Müller,Completed
MED003898,P2303,Paracetamol,500mg,Up to four times daily,2022-02-09,,Dr. M. O'Brien,Active
MED003899,P2304,Gabapentin,300mg,Three times daily,2023-04-25,,Dr. Y. Tanaka,Active
MED003900,P2304,Paracetamol,500mg,Up to four times daily,2023-01-12,,Dr. L. Torres,Active
MED003901,P2304,Furosemide,40mg,Once daily in morning,2023-10-21,2024-10-08,Dr. L. Torres,Completed
MED003902,P2304,Clopidogrel,75mg,Once daily,2023-01-14,2024-09-02,Dr. M. O'Brien,Completed
MED003903,P2304,Ramipril,5mg,Once daily,2022-12-12,,Dr. L. Torres,Active
MED003904,P2305,Bisoprolol,2.5mg,Once daily,2023-05-23,,Dr. L. Torres,Active
MED003905,P2306,Bisoprolol,2.5mg,Once daily,2022-08-31,,Dr. L. Torres,Active
MED003906,P2307,Furosemide,40mg,Once daily in morning,2023-01-19,,Dr. L. Torres,Active
MED003907,P2307,Omeprazole,20mg,Once daily before breakfast,2022-05-09,2024-06-23,Dr. S. Khan,Completed
MED003908,P2307,Gabapentin,300mg,Three times daily,2022-09-23,2024-04-30,Dr. C. Müller,Completed
MED003909,P2308,Omeprazole,20mg,Once daily before breakfast,2022-11-19,,Dr. C. Müller,Active
MED003910,P2308,Furosemide,40mg,Once daily in morning,2022-04-22,2024-04-07,Dr. J. Nkosi,Completed
MED003911,P2309,Furosemide,40mg,Once daily in morning,2023-03-14,2024-11-17,Dr. J. Nkosi,Completed
MED003912,P2310,Atorvastatin,20mg,Once daily at night,2022-05-07,,Dr. J. Nkosi,Active
MED003913,P2311,Omeprazole,20mg,Once daily before breakfast,2023-12-06,,Dr. M. O'Brien,Active
MED003914,P2311,Bisoprolol,2.5mg,Once daily,2022-05-08,,Dr. R. Singh,Active
MED003915,P2311,Insulin Glargine,10 units,Once daily at bedtime,2023-10-10,2024-03-18,Dr. S. Khan,Completed
MED003916,P2311,Ibuprofen,400mg,Three times daily with food,2022-05-01,2024-09-21,Dr. A. Patel,Completed
MED003917,P2312,Prednisolone,5mg,Once daily,2023-08-22,,Dr. J. Nkosi,Active
MED003918,P2312,Bisoprolol,2.5mg,Once daily,2022-07-31,2024-11-30,Dr. S. Khan,Completed
MED003919,P2312,Metformin,500mg,Twice daily,2022-07-12,,Dr. S. Khan,Active
MED003920,P2312,Amoxicillin,500mg,Three times daily,2023-10-08,,Dr. C. Müller,Active
MED003921,P2312,Ibuprofen,400mg,Three times daily with food,2022-01-22,2024-09-18,Dr. M. O'Brien,Completed
MED003922,P2313,Gabapentin,300mg,Three times daily,2022-09-30,2024-06-11,Dr. C. Müller,Completed
MED003923,P2313,Insulin Glargine,10 units,Once daily at bedtime,2022-07-03,,Dr. J. Nkosi,Active
MED003924,P2313,Amoxicillin,500mg,Three times daily,2023-01-14,,Dr. A. Patel,Active
MED003925,P2313,Lisinopril,10mg,Once daily,2023-01-07,,Dr. Y. Tanaka,Active
MED003926,P2313,Prednisolone,5mg,Once daily,2023-05-13,,Dr. C. Müller,Active
MED003927,P2314,Metformin,500mg,Twice daily,2022-07-02,2024-08-02,Dr. L. Torres,Completed
MED003928,P2314,Paracetamol,500mg,Up to four times daily,2022-10-07,2024-04-12,Dr. R. Singh,Completed
MED003929,P2314,Insulin Glargine,10 units,Once daily at bedtime,2023-08-12,,Dr. C. Müller,Active
MED003930,P2314,Ibuprofen,400mg,Three times daily with food,2022-10-06,,Dr. A. Patel,Active
MED003931,P2314,Clopidogrel,75mg,Once daily,2023-12-09,,Dr. M. O'Brien,Active
MED003932,P2315,Amlodipine,5mg,Once daily,2023-01-17,2024-03-15,Dr. M. O'Brien,Completed
MED003933,P2315,Omeprazole,20mg,Once daily before breakfast,2023-10-18,2024-10-25,Dr. A. Patel,Completed
MED003934,P2315,Metformin,500mg,Twice daily,2022-04-03,,Dr. C. Müller,Active
MED003935,P2315,Ibuprofen,400mg,Three times daily with food,2023-07-08,,Dr. J. Nkosi,Active
MED003936,P2316,Bisoprolol,2.5mg,Once daily,2023-01-01,,Dr. C. Müller,Active
MED003937,P2316,Lisinopril,10mg,Once daily,2023-03-03,,Dr. S. Khan,Active
MED003938,P2316,Sertraline,50mg,Once daily,2022-10-07,2024-05-06,Dr. L. Torres,Completed
MED003939,P2316,Warfarin,3mg,Once daily,2023-07-06,,Dr. R. Singh,Active
MED003940,P2317,Sertraline,50mg,Once daily,2023-04-11,,Dr. J. Nkosi,Active
MED003941,P2317,Ramipril,5mg,Once daily,2023-10-30,,Dr. C. Müller,Active
MED003942,P2317,Insulin Glargine,10 units,Once daily at bedtime,2022-07-14,2024-06-25,Dr. Y. Tanaka,Completed
MED003943,P2318,Amoxicillin,500mg,Three times daily,2023-11-17,2024-08-30,Dr. R. Singh,Completed
MED003944,P2319,Warfarin,3mg,Once daily,2023-11-07,,Dr. R. Singh,Active
MED003945,P2319,Insulin Glargine,10 units,Once daily at bedtime,2023-06-16,,Dr. A. Patel,Active
MED003946,P2319,Atorvastatin,20mg,Once daily at night,2023-06-22,,Dr. R. Singh,Active
MED003947,P2319,Levothyroxine,50mcg,Once daily,2023-04-27,2024-09-04,Dr. A. Patel,Completed
MED003948,P2319,Amoxicillin,500mg,Three times daily,2023-01-29,2024-05-11,Dr. A. Patel,Completed
MED003949,P2320,Aspirin,75mg,Once daily,2023-10-18,,Dr. C. Müller,Active
MED003950,P2320,Bisoprolol,2.5mg,Once daily,2022-01-12,,Dr. R. Singh,Active
MED003951,P2321,Sertraline,50mg,Once daily,2022-01-24,,Dr. L. Torres,Active
MED003952,P2321,Furosemide,40mg,Once daily in morning,2022-10-23,2024-01-10,Dr. L. Torres,Completed
MED003953,P2321,Aspirin,75mg,Once daily,2023-07-01,,Dr. L. Torres,Active
MED003954,P2321,Prednisolone,5mg,Once daily,2023-07-01,,Dr. C. Müller,Active
MED003955,P2321,Gabapentin,300mg,Three times daily,2022-03-09,,Dr. Y. Tanaka,Active
MED003956,P2322,Sertraline,50mg,Once daily,2023-03-28,,Dr. M. O'Brien,Active
MED003957,P2322,Paracetamol,500mg,Up to four times daily,2023-03-19,,Dr. C. Müller,Active
MED003958,P2322,Clopidogrel,75mg,Once daily,2023-09-05,,Dr. A. Patel,Active
MED003959,P2323,Amoxicillin,500mg,Three times daily,2023-08-18,,Dr. J. Nkosi,Active
MED003960,P2324,Ramipril,5mg,Once daily,2023-03-11,,Dr. A. Patel,Active
MED003961,P2325,Paracetamol,500mg,Up to four times daily,2022-09-14,2024-06-01,Dr. A. Patel,Completed
MED003962,P2325,Salbutamol,100mcg,As required,2023-08-04,,Dr. Y. Tanaka,Active
MED003963,P2325,Insulin Glargine,10 units,Once daily at bedtime,2022-02-24,,Dr. R. Singh,Active
MED003964,P2325,Clopidogrel,75mg,Once daily,2022-01-31,2024-12-10,Dr. J. Nkosi,Completed
MED003965,P2326,Bisoprolol,2.5mg,Once daily,2022-08-21,,Dr. Y. Tanaka,Active
MED003966,P2326,Levothyroxine,50mcg,Once daily,2022-05-18,,Dr. Y. Tanaka,Active
MED003967,P2327,Clopidogrel,75mg,Once daily,2022-04-09,,Dr. R. Singh,Active
MED003968,P2327,Insulin Glargine,10 units,Once daily at bedtime,2022-08-29,,Dr. A. Patel,Active
MED003969,P2327,Ramipril,5mg,Once daily,2022-05-29,,Dr. S. Khan,Active
MED003970,P2328,Lisinopril,10mg,Once daily,2022-12-06,,Dr. R. Singh,Active
MED003971,P2329,Warfarin,3mg,Once daily,2022-06-23,2024-02-12,Dr. A. Patel,Completed
MED003972,P2329,Bisoprolol,2.5mg,Once daily,2023-04-01,,Dr. R. Singh,Active
MED003973,P2330,Ibuprofen,400mg,Three times daily with food,2023-03-05,2024-01-17,Dr. R. Singh,Completed
MED003974,P2330,Amoxicillin,500mg,Three times daily,2022-10-25,2024-12-22,Dr. S. Khan,Completed
MED003975,P2330,Prednisolone,5mg,Once daily,2022-04-03,,Dr. C. Müller,Active
MED003976,P2330,Levothyroxine,50mcg,Once daily,2023-06-07,2024-03-25,Dr. C. Müller,Completed
MED003977,P2331,Levothyroxine,50mcg,Once daily,2022-03-23,,Dr. S. Khan,Active
MED003978,P2331,Metformin,500mg,Twice daily,2022-10-17,,Dr. Y. Tanaka,Active
MED003979,P2332,Lisinopril,10mg,Once daily,2023-05-31,,Dr. M. O'Brien,Active
MED003980,P2332,Prednisolone,5mg,Once daily,2023-04-20,2024-07-01,Dr. S. Khan,Completed
MED003981,P2332,Atorvastatin,20mg,Once daily at night,2022-07-18,,Dr. L. Torres,Active
MED003982,P2333,Aspirin,75mg,Once daily,2023-03-01,,Dr. L. Torres,Active
MED003983,P2333,Prednisolone,5mg,Once daily,2022-08-03,,Dr. L. Torres,Active
MED003984,P2333,Gabapentin,300mg,Three times daily,2023-03-19,2024-08-16,Dr. S. Khan,Completed
MED003985,P2333,Omeprazole,20mg,Once daily before breakfast,2023-06-29,,Dr. C. Müller,Active
MED003986,P2333,Paracetamol,500mg,Up to four times daily,2023-10-15,,Dr. J. Nkosi,Active
MED003987,P2334,Salbutamol,100mcg,As required,2023-04-23,2024-08-23,Dr. S. Khan,Completed
MED003988,P2334,Ibuprofen,400mg,Three times daily with food,2022-11-15,,Dr. Y. Tanaka,Active
MED003989,P2334,Ramipril,5mg,Once daily,2022-07-09,,Dr. Y. Tanaka,Active
MED003990,P2335,Bisoprolol,2.5mg,Once daily,2022-03-17,2024-04-07,Dr. C. Müller,Completed
MED003991,P2335,Lisinopril,10mg,Once daily,2023-03-30,,Dr. M. O'Brien,Active
MED003992,P2335,Prednisolone,5mg,Once daily,2022-04-21,,Dr. L. Torres,Active
MED003993,P2335,Amlodipine,5mg,Once daily,2022-06-13,,Dr. Y. Tanaka,Active
MED003994,P2335,Paracetamol,500mg,Up to four times daily,2022-09-09,,Dr. Y. Tanaka,Active
MED003995,P2336,Amlodipine,5mg,Once daily,2023-12-19,,Dr. C. Müller,Active
MED003996,P2336,Salbutamol,100mcg,As required,2022-03-27,2024-05-18,Dr. J. Nkosi,Completed
MED003997,P2336,Lisinopril,10mg,Once daily,2022-06-04,2024-10-15,Dr. A. Patel,Completed
MED003998,P2336,Gabapentin,300mg,Three times daily,2023-02-13,2024-09-15,Dr. Y. Tanaka,Completed
MED003999,P2337,Sertraline,50mg,Once daily,2022-10-20,2024-01-08,Dr. L. Torres,Completed
MED004000,P2337,Clopidogrel,75mg,Once daily,2022-06-03,2024-01-02,Dr. Y. Tanaka,Completed
MED004001,P2337,Salbutamol,100mcg,As required,2023-08-28,,Dr. R. Singh,Active
MED004002,P2337,Amoxicillin,500mg,Three times daily,2023-04-16,,Dr. A. Patel,Active
MED004003,P2338,Gabapentin,300mg,Three times daily,2023-02-20,,Dr. C. Müller,Active
MED004004,P2339,Gabapentin,300mg,Three times daily,2023-07-05,,Dr. J. Nkosi,Active
MED004005,P2339,Bisoprolol,2.5mg,Once daily,2023-02-02,,Dr. A. Patel,Active
MED004006,P2339,Aspirin,75mg,Once daily,2023-12-22,,Dr. Y. Tanaka,Active
MED004007,P2339,Ibuprofen,400mg,Three times daily with food,2023-08-19,,Dr. A. Patel,Active
MED004008,P2340,Ibuprofen,400mg,Three times daily with food,2023-11-06,,Dr. J. Nkosi,Active
MED004009,P2340,Prednisolone,5mg,Once daily,2023-12-18,2024-02-06,Dr. A. Patel,Completed
MED004010,P2340,Aspirin,75mg,Once daily,2022-04-21,,Dr. J. Nkosi,Active
MED004011,P2340,Amlodipine,5mg,Once daily,2023-02-18,,Dr. L. Torres,Active
MED004012,P2340,Clopidogrel,75mg,Once daily,2022-01-06,,Dr. J. Nkosi,Active
MED004013,P2341,Clopidogrel,75mg,Once daily,2022-12-09,,Dr. M. O'Brien,Active
MED004014,P2342,Salbutamol,100mcg,As required,2022-09-16,,Dr. C. Müller,Active
MED004015,P2342,Warfarin,3mg,Once daily,2023-12-09,,Dr. M. O'Brien,Active
MED004016,P2342,Ibuprofen,400mg,Three times daily with food,2022-05-29,,Dr. R. Singh,Active
MED004017,P2342,Levothyroxine,50mcg,Once daily,2022-01-24,,Dr. C. Müller,Active
MED004018,P2343,Amoxicillin,500mg,Three times daily,2023-07-24,,Dr. A. Patel,Active
MED004019,P2343,Clopidogrel,75mg,Once daily,2023-01-19,,Dr. L. Torres,Active
MED004020,P2343,Levothyroxine,50mcg,Once daily,2023-05-06,2024-01-04,Dr. A. Patel,Completed
MED004021,P2343,Gabapentin,300mg,Three times daily,2022-05-11,,Dr. M. O'Brien,Active
MED004022,P2344,Levothyroxine,50mcg,Once daily,2023-11-09,,Dr. S. Khan,Active
MED004023,P2344,Ramipril,5mg,Once daily,2022-10-31,,Dr. L. Torres,Active
MED004024,P2345,Amoxicillin,500mg,Three times daily,2022-03-03,,Dr. J. Nkosi,Active
MED004025,P2345,Clopidogrel,75mg,Once daily,2023-04-18,,Dr. M. O'Brien,Active
MED004026,P2346,Clopidogrel,75mg,Once daily,2023-07-20,,Dr. A. Patel,Active
MED004027,P2346,Aspirin,75mg,Once daily,2023-08-09,,Dr. C. Müller,Active
MED004028,P2346,Prednisolone,5mg,Once daily,2022-11-21,,Dr. R. Singh,Active
MED004029,P2347,Paracetamol,500mg,Up to four times daily,2022-04-22,2024-03-18,Dr. A. Patel,Completed
MED004030,P2347,Sertraline,50mg,Once daily,2023-05-12,2024-06-11,Dr. A. Patel,Completed
MED004031,P2348,Warfarin,3mg,Once daily,2022-07-08,2024-09-10,Dr. A. Patel,Completed
MED004032,P2348,Amlodipine,5mg,Once daily,2022-08-25,2024-12-19,Dr. S. Khan,Completed
MED004033,P2348,Aspirin,75mg,Once daily,2022-08-31,,Dr. J. Nkosi,Active
MED004034,P2349,Prednisolone,5mg,Once daily,2023-07-05,,Dr. C. Müller,Active
MED004035,P2349,Amlodipine,5mg,Once daily,2022-10-12,,Dr. M. O'Brien,Active
MED004036,P2349,Metformin,500mg,Twice daily,2023-08-10,,Dr. R. Singh,Active
MED004037,P2349,Warfarin,3mg,Once daily,2022-12-01,,Dr. Y. Tanaka,Active
MED004038,P2350,Bisoprolol,2.5mg,Once daily,2023-11-05,2024-06-02,Dr. L. Torres,Completed
MED004039,P2350,Aspirin,75mg,Once daily,2023-11-29,,Dr. S. Khan,Active
MED004040,P2350,Amlodipine,5mg,Once daily,2022-08-14,2024-07-15,Dr. S. Khan,Completed
MED004041,P2350,Metformin,500mg,Twice daily,2022-01-01,,Dr. R. Singh,Active
MED004042,P2350,Omeprazole,20mg,Once daily before breakfast,2023-11-04,,Dr. A. Patel,Active
MED004043,P2351,Lisinopril,10mg,Once daily,2023-02-22,2024-07-14,Dr. L. Torres,Completed
MED004044,P2351,Gabapentin,300mg,Three times daily,2022-04-11,,Dr. S. Khan,Active
MED004045,P2351,Bisoprolol,2.5mg,Once daily,2022-05-07,,Dr. M. O'Brien,Active
MED004046,P2352,Levothyroxine,50mcg,Once daily,2022-08-18,,Dr. M. O'Brien,Active
MED004047,P2352,Lisinopril,10mg,Once daily,2023-08-14,,Dr. S. Khan,Active
MED004048,P2353,Omeprazole,20mg,Once daily before breakfast,2022-09-08,2024-03-21,Dr. S. Khan,Completed
MED004049,P2354,Gabapentin,300mg,Three times daily,2023-10-15,,Dr. R. Singh,Active
MED004050,P2354,Clopidogrel,75mg,Once daily,2023-06-04,,Dr. L. Torres,Active
MED004051,P2355,Ibuprofen,400mg,Three times daily with food,2022-11-21,2024-03-11,Dr. S. Khan,Completed
MED004052,P2355,Ramipril,5mg,Once daily,2022-10-03,,Dr. S. Khan,Active
MED004053,P2356,Atorvastatin,20mg,Once daily at night,2022-08-18,,Dr. S. Khan,Active
MED004054,P2356,Metformin,500mg,Twice daily,2022-01-01,,Dr. Y. Tanaka,Active
MED004055,P2356,Clopidogrel,75mg,Once daily,2023-05-30,,Dr. M. O'Brien,Active
MED004056,P2356,Sertraline,50mg,Once daily,2023-11-09,,Dr. L. Torres,Active
MED004057,P2357,Sertraline,50mg,Once daily,2023-12-30,,Dr. L. Torres,Active
MED004058,P2357,Lisinopril,10mg,Once daily,2023-12-06,,Dr. Y. Tanaka,Active
MED004059,P2358,Prednisolone,5mg,Once daily,2022-01-23,,Dr. S. Khan,Active
MED004060,P2358,Atorvastatin,20mg,Once daily at night,2022-04-21,,Dr. J. Nkosi,Active
MED004061,P2358,Ibuprofen,400mg,Three times daily with food,2022-04-27,,Dr. Y. Tanaka,Active
MED004062,P2358,Insulin Glargine,10 units,Once daily at bedtime,2022-02-23,2024-05-29,Dr. S. Khan,Completed
MED004063,P2358,Ramipril,5mg,Once daily,2022-01-02,,Dr. L. Torres,Active
MED004064,P2359,Amoxicillin,500mg,Three times daily,2023-11-12,,Dr. M. O'Brien,Active
MED004065,P2359,Omeprazole,20mg,Once daily before breakfast,2023-10-26,,Dr. A. Patel,Active
MED004066,P2359,Amlodipine,5mg,Once daily,2023-09-23,,Dr. M. O'Brien,Active
MED004067,P2359,Insulin Glargine,10 units,Once daily at bedtime,2023-12-24,,Dr. C. Müller,Active
MED004068,P2359,Salbutamol,100mcg,As required,2023-01-12,2024-12-19,Dr. J. Nkosi,Completed
MED004069,P2360,Paracetamol,500mg,Up to four times daily,2023-10-15,,Dr. R. Singh,Active
MED004070,P2360,Omeprazole,20mg,Once daily before breakfast,2023-02-26,,Dr. Y. Tanaka,Active
MED004071,P2360,Furosemide,40mg,Once daily in morning,2023-09-26,,Dr. C. Müller,Active
MED004072,P2360,Gabapentin,300mg,Three times daily,2023-04-01,,Dr. S. Khan,Active
MED004073,P2360,Metformin,500mg,Twice daily,2022-05-26,,Dr. L. Torres,Active
MED004074,P2361,Amlodipine,5mg,Once daily,2022-01-23,,Dr. Y. Tanaka,Active
MED004075,P2361,Lisinopril,10mg,Once daily,2022-05-14,,Dr. J. Nkosi,Active
MED004076,P2361,Ramipril,5mg,Once daily,2022-09-12,,Dr. M. O'Brien,Active
MED004077,P2362,Gabapentin,300mg,Three times daily,2023-04-15,,Dr. A. Patel,Active
MED004078,P2362,Paracetamol,500mg,Up to four times daily,2023-02-10,,Dr. Y. Tanaka,Active
MED004079,P2362,Metformin,500mg,Twice daily,2023-07-19,,Dr. S. Khan,Active
MED004080,P2363,Aspirin,75mg,Once daily,2022-10-23,2024-01-08,Dr. M. O'Brien,Completed
MED004081,P2363,Metformin,500mg,Twice daily,2023-02-18,,Dr. C. Müller,Active
MED004082,P2363,Omeprazole,20mg,Once daily before breakfast,2023-02-04,,Dr. L. Torres,Active
MED004083,P2363,Prednisolone,5mg,Once daily,2022-11-24,,Dr. S. Khan,Active
MED004084,P2363,Furosemide,40mg,Once daily in morning,2022-11-23,,Dr. M. O'Brien,Active
MED004085,P2364,Sertraline,50mg,Once daily,2022-09-26,,Dr. A. Patel,Active
MED004086,P2364,Prednisolone,5mg,Once daily,2023-02-22,2024-06-19,Dr. M. O'Brien,Completed
MED004087,P2365,Prednisolone,5mg,Once daily,2022-02-06,,Dr. C. Müller,Active
MED004088,P2365,Atorvastatin,20mg,Once daily at night,2022-11-05,,Dr. Y. Tanaka,Active
MED004089,P2365,Levothyroxine,50mcg,Once daily,2023-11-25,2024-09-04,Dr. M. O'Brien,Completed
MED004090,P2365,Ibuprofen,400mg,Three times daily with food,2023-08-19,2024-07-23,Dr. S. Khan,Completed
MED004091,P2366,Ramipril,5mg,Once daily,2023-01-03,2024-10-05,Dr. L. Torres,Completed
MED004092,P2366,Clopidogrel,75mg,Once daily,2022-08-02,2024-11-22,Dr. M. O'Brien,Completed
MED004093,P2366,Salbutamol,100mcg,As required,2023-03-04,,Dr. J. Nkosi,Active
MED004094,P2367,Lisinopril,10mg,Once daily,2023-12-31,2024-01-26,Dr. R. Singh,Completed
MED004095,P2367,Metformin,500mg,Twice daily,2023-12-06,2024-11-25,Dr. R. Singh,Completed
MED004096,P2368,Salbutamol,100mcg,As required,2022-07-13,2024-01-27,Dr. R. Singh,Completed
MED004097,P2368,Sertraline,50mg,Once daily,2023-07-05,,Dr. C. Müller,Active
MED004098,P2368,Amoxicillin,500mg,Three times daily,2023-01-01,,Dr. R. Singh,Active
MED004099,P2368,Amlodipine,5mg,Once daily,2022-03-22,,Dr. Y. Tanaka,Active
MED004100,P2369,Ramipril,5mg,Once daily,2022-09-15,,Dr. L. Torres,Active
MED004101,P2369,Furosemide,40mg,Once daily in morning,2023-12-26,,Dr. L. Torres,Active
MED004102,P2369,Metformin,500mg,Twice daily,2023-12-23,,Dr. M. O'Brien,Active
MED004103,P2370,Gabapentin,300mg,Three times daily,2023-01-16,2024-07-06,Dr. L. Torres,Completed
MED004104,P2371,Atorvastatin,20mg,Once daily at night,2022-04-11,,Dr. L. Torres,Active
MED004105,P2371,Aspirin,75mg,Once daily,2023-08-21,2024-05-18,Dr. M. O'Brien,Completed
MED004106,P2371,Amoxicillin,500mg,Three times daily,2022-07-08,,Dr. J. Nkosi,Active
MED004107,P2371,Bisoprolol,2.5mg,Once daily,2022-05-25,,Dr. R. Singh,Active
MED004108,P2371,Clopidogrel,75mg,Once daily,2023-11-15,,Dr. Y. Tanaka,Active
MED004109,P2372,Omeprazole,20mg,Once daily before breakfast,2022-08-13,2024-05-22,Dr. R. Singh,Completed
MED004110,P2372,Paracetamol,500mg,Up to four times daily,2023-10-25,,Dr. L. Torres,Active
MED004111,P2372,Insulin Glargine,10 units,Once daily at bedtime,2023-03-29,,Dr. C. Müller,Active
MED004112,P2373,Atorvastatin,20mg,Once daily at night,2023-07-14,,Dr. M. O'Brien,Active
MED004113,P2373,Insulin Glargine,10 units,Once daily at bedtime,2023-06-03,,Dr. S. Khan,Active
MED004114,P2373,Bisoprolol,2.5mg,Once daily,2022-01-14,,Dr. R. Singh,Active
MED004115,P2374,Aspirin,75mg,Once daily,2022-05-04,,Dr. L. Torres,Active
MED004116,P2374,Furosemide,40mg,Once daily in morning,2023-01-26,2024-02-23,Dr. S. Khan,Completed
MED004117,P2374,Lisinopril,10mg,Once daily,2023-03-21,,Dr. C. Müller,Active
MED004118,P2374,Clopidogrel,75mg,Once daily,2023-01-14,,Dr. R. Singh,Active
MED004119,P2374,Prednisolone,5mg,Once daily,2023-02-04,2024-11-18,Dr. C. Müller,Completed
MED004120,P2375,Amlodipine,5mg,Once daily,2023-11-28,2024-12-13,Dr. J. Nkosi,Completed
MED004121,P2375,Metformin,500mg,Twice daily,2022-07-27,,Dr. A. Patel,Active
MED004122,P2376,Furosemide,40mg,Once daily in morning,2023-02-10,,Dr. A. Patel,Active
MED004123,P2377,Furosemide,40mg,Once daily in morning,2022-04-04,2024-07-18,Dr. Y. Tanaka,Completed
MED004124,P2377,Sertraline,50mg,Once daily,2022-08-04,,Dr. M. O'Brien,Active
MED004125,P2377,Warfarin,3mg,Once daily,2023-12-08,,Dr. C. Müller,Active
MED004126,P2377,Levothyroxine,50mcg,Once daily,2022-06-02,,Dr. Y. Tanaka,Active
MED004127,P2378,Salbutamol,100mcg,As required,2023-03-10,,Dr. R. Singh,Active
MED004128,P2378,Lisinopril,10mg,Once daily,2023-03-03,,Dr. R. Singh,Active
MED004129,P2378,Warfarin,3mg,Once daily,2023-04-20,,Dr. A. Patel,Active
MED004130,P2378,Gabapentin,300mg,Three times daily,2023-02-11,2024-07-15,Dr. R. Singh,Completed
MED004131,P2379,Amoxicillin,500mg,Three times daily,2023-04-04,2024-01-29,Dr. C. Müller,Completed
MED004132,P2379,Warfarin,3mg,Once daily,2023-08-08,,Dr. Y. Tanaka,Active
MED004133,P2379,Lisinopril,10mg,Once daily,2023-08-08,,Dr. J. Nkosi,Active
MED004134,P2380,Aspirin,75mg,Once daily,2022-11-15,2024-08-04,Dr. M. O'Brien,Completed
MED004135,P2380,Salbutamol,100mcg,As required,2023-05-31,,Dr. S. Khan,Active
MED004136,P2380,Insulin Glargine,10 units,Once daily at bedtime,2022-12-19,,Dr. J. Nkosi,Active
MED004137,P2380,Omeprazole,20mg,Once daily before breakfast,2023-05-24,,Dr. L. Torres,Active
MED004138,P2380,Ramipril,5mg,Once daily,2023-03-31,,Dr. L. Torres,Active
MED004139,P2381,Ibuprofen,400mg,Three times daily with food,2022-08-09,2024-05-06,Dr. C. Müller,Completed
MED004140,P2382,Lisinopril,10mg,Once daily,2022-02-24,,Dr. C. Müller,Active
MED004141,P2383,Warfarin,3mg,Once daily,2022-10-17,,Dr. R. Singh,Active
MED004142,P2383,Metformin,500mg,Twice daily,2022-02-07,2024-10-07,Dr. S. Khan,Completed
MED004143,P2383,Furosemide,40mg,Once daily in morning,2023-03-15,,Dr. R. Singh,Active
MED004144,P2383,Bisoprolol,2.5mg,Once daily,2022-11-13,,Dr. A. Patel,Active
MED004145,P2384,Lisinopril,10mg,Once daily,2022-11-05,,Dr. Y. Tanaka,Active
MED004146,P2384,Amoxicillin,500mg,Three times daily,2023-01-21,2024-09-24,Dr. R. Singh,Completed
MED004147,P2384,Levothyroxine,50mcg,Once daily,2023-04-08,,Dr. L. Torres,Active
MED004148,P2384,Warfarin,3mg,Once daily,2023-03-16,,Dr. A. Patel,Active
MED004149,P2385,Warfarin,3mg,Once daily,2023-11-09,2024-05-24,Dr. M. O'Brien,Completed
MED004150,P2385,Bisoprolol,2.5mg,Once daily,2023-07-05,,Dr. C. Müller,Active
MED004151,P2386,Omeprazole,20mg,Once daily before breakfast,2022-04-11,,Dr. M. O'Brien,Active
MED004152,P2386,Ibuprofen,400mg,Three times daily with food,2022-03-31,,Dr. C. Müller,Active
MED004153,P2387,Sertraline,50mg,Once daily,2022-08-26,,Dr. A. Patel,Active
MED004154,P2387,Insulin Glargine,10 units,Once daily at bedtime,2023-01-22,,Dr. A. Patel,Active
MED004155,P2387,Gabapentin,300mg,Three times daily,2023-05-16,,Dr. Y. Tanaka,Active
MED004156,P2387,Paracetamol,500mg,Up to four times daily,2023-11-28,,Dr. M. O'Brien,Active
MED004157,P2388,Insulin Glargine,10 units,Once daily at bedtime,2023-12-31,,Dr. S. Khan,Active
MED004158,P2388,Furosemide,40mg,Once daily in morning,2022-09-23,,Dr. C. Müller,Active
MED004159,P2389,Furosemide,40mg,Once daily in morning,2022-09-19,2024-03-21,Dr. M. O'Brien,Completed
MED004160,P2389,Ibuprofen,400mg,Three times daily with food,2023-02-09,2024-12-31,Dr. M. O'Brien,Completed
MED004161,P2389,Lisinopril,10mg,Once daily,2022-07-20,2024-10-25,Dr. L. Torres,Completed
MED004162,P2389,Insulin Glargine,10 units,Once daily at bedtime,2022-12-14,,Dr. M. O'Brien,Active
MED004163,P2390,Salbutamol,100mcg,As required,2023-03-17,2024-04-04,Dr. C. Müller,Completed
MED004164,P2390,Atorvastatin,20mg,Once daily at night,2022-04-09,,Dr. S. Khan,Active
MED004165,P2390,Paracetamol,500mg,Up to four times daily,2022-01-27,,Dr. R. Singh,Active
MED004166,P2391,Amoxicillin,500mg,Three times daily,2022-07-28,,Dr. A. Patel,Active
MED004167,P2391,Atorvastatin,20mg,Once daily at night,2023-05-18,,Dr. J. Nkosi,Active
MED004168,P2391,Prednisolone,5mg,Once daily,2023-10-10,2024-02-29,Dr. R. Singh,Completed
MED004169,P2391,Ramipril,5mg,Once daily,2023-02-08,,Dr. Y. Tanaka,Active
MED004170,P2392,Sertraline,50mg,Once daily,2022-07-17,,Dr. A. Patel,Active
MED004171,P2393,Sertraline,50mg,Once daily,2022-02-28,,Dr. C. Müller,Active
MED004172,P2393,Atorvastatin,20mg,Once daily at night,2023-12-08,2024-11-12,Dr. R. Singh,Completed
MED004173,P2393,Prednisolone,5mg,Once daily,2023-03-03,,Dr. S. Khan,Active
MED004174,P2393,Bisoprolol,2.5mg,Once daily,2022-03-07,2024-04-09,Dr. A. Patel,Completed
MED004175,P2393,Warfarin,3mg,Once daily,2023-07-10,,Dr. Y. Tanaka,Active
MED004176,P2394,Amoxicillin,500mg,Three times daily,2023-07-23,,Dr. A. Patel,Active
MED004177,P2394,Warfarin,3mg,Once daily,2022-09-22,2024-05-31,Dr. L. Torres,Completed
MED004178,P2394,Bisoprolol,2.5mg,Once daily,2022-04-11,,Dr. S. Khan,Active
MED004179,P2395,Warfarin,3mg,Once daily,2023-02-11,2024-05-25,Dr. R. Singh,Completed
MED004180,P2395,Lisinopril,10mg,Once daily,2022-07-18,,Dr. C. Müller,Active
MED004181,P2395,Bisoprolol,2.5mg,Once daily,2022-04-01,,Dr. A. Patel,Active
MED004182,P2395,Amlodipine,5mg,Once daily,2022-10-25,,Dr. A. Patel,Active
MED004183,P2396,Prednisolone,5mg,Once daily,2023-11-28,,Dr. Y. Tanaka,Active
MED004184,P2396,Amlodipine,5mg,Once daily,2023-01-04,,Dr. L. Torres,Active
MED004185,P2396,Sertraline,50mg,Once daily,2022-02-24,2024-10-29,Dr. J. Nkosi,Completed
MED004186,P2396,Ibuprofen,400mg,Three times daily with food,2023-05-29,,Dr. J. Nkosi,Active
MED004187,P2396,Salbutamol,100mcg,As required,2023-07-06,,Dr. M. O'Brien,Active
MED004188,P2397,Gabapentin,300mg,Three times daily,2022-09-27,,Dr. R. Singh,Active
MED004189,P2397,Ramipril,5mg,Once daily,2023-07-09,,Dr. A. Patel,Active
MED004190,P2397,Sertraline,50mg,Once daily,2022-12-17,,Dr. Y. Tanaka,Active
MED004191,P2397,Levothyroxine,50mcg,Once daily,2022-07-27,,Dr. S. Khan,Active
MED004192,P2398,Clopidogrel,75mg,Once daily,2022-10-11,,Dr. Y. Tanaka,Active
MED004193,P2398,Sertraline,50mg,Once daily,2023-10-18,,Dr. L. Torres,Active
MED004194,P2398,Omeprazole,20mg,Once daily before breakfast,2023-01-12,,Dr. C. Müller,Active
MED004195,P2398,Warfarin,3mg,Once daily,2023-03-11,2024-04-19,Dr. A. Patel,Completed
MED004196,P2398,Atorvastatin,20mg,Once daily at night,2023-01-03,2024-09-21,Dr. S. Khan,Completed
MED004197,P2399,Bisoprolol,2.5mg,Once daily,2022-04-02,,Dr. J. Nkosi,Active
MED004198,P2399,Paracetamol,500mg,Up to four times daily,2022-07-21,,Dr. J. Nkosi,Active
MED004199,P2399,Insulin Glargine,10 units,Once daily at bedtime,2023-07-28,,Dr. C. Müller,Active
MED004200,P2399,Ramipril,5mg,Once daily,2023-07-19,,Dr. C. Müller,Active
MED004201,P2400,Sertraline,50mg,Once daily,2022-12-04,,Dr. J. Nkosi,Active
MED004202,P2400,Paracetamol,500mg,Up to four times daily,2022-10-04,2024-08-07,Dr. M. O'Brien,Completed
MED004203,P2400,Metformin,500mg,Twice daily,2023-09-17,2024-06-13,Dr. C. Müller,Completed
MED004204,P2400,Prednisolone,5mg,Once daily,2022-07-08,2024-05-02,Dr. L. Torres,Completed
MED004205,P2400,Lisinopril,10mg,Once daily,2022-07-19,2024-08-16,Dr. S. Khan,Completed
MED004206,P2401,Amlodipine,5mg,Once daily,2023-05-15,,Dr. M. O'Brien,Active
MED004207,P2401,Sertraline,50mg,Once daily,2022-03-12,2024-09-30,Dr. C. Müller,Completed
MED004208,P2402,Warfarin,3mg,Once daily,2023-06-01,2024-11-09,Dr. Y. Tanaka,Completed
MED004209,P2403,Amoxicillin,500mg,Three times daily,2022-02-04,2024-05-09,Dr. R. Singh,Completed
MED004210,P2403,Paracetamol,500mg,Up to four times daily,2023-02-16,,Dr. R. Singh,Active
MED004211,P2404,Lisinopril,10mg,Once daily,2023-04-27,,Dr. A. Patel,Active
MED004212,P2404,Metformin,500mg,Twice daily,2023-05-05,2024-12-10,Dr. C. Müller,Completed
MED004213,P2405,Prednisolone,5mg,Once daily,2023-08-11,,Dr. L. Torres,Active
MED004214,P2406,Ramipril,5mg,Once daily,2022-10-12,,Dr. Y. Tanaka,Active
MED004215,P2406,Sertraline,50mg,Once daily,2022-03-14,,Dr. S. Khan,Active
MED004216,P2406,Clopidogrel,75mg,Once daily,2023-01-07,,Dr. C. Müller,Active
MED004217,P2407,Ramipril,5mg,Once daily,2022-01-20,,Dr. S. Khan,Active
MED004218,P2407,Warfarin,3mg,Once daily,2022-01-18,,Dr. S. Khan,Active
MED004219,P2408,Aspirin,75mg,Once daily,2022-03-13,2024-01-12,Dr. J. Nkosi,Completed
MED004220,P2408,Bisoprolol,2.5mg,Once daily,2023-02-13,,Dr. C. Müller,Active
MED004221,P2409,Levothyroxine,50mcg,Once daily,2023-02-25,,Dr. A. Patel,Active
MED004222,P2409,Paracetamol,500mg,Up to four times daily,2022-07-22,,Dr. J. Nkosi,Active
MED004223,P2409,Ramipril,5mg,Once daily,2022-10-06,,Dr. A. Patel,Active
MED004224,P2409,Metformin,500mg,Twice daily,2023-02-14,2024-11-08,Dr. R. Singh,Completed
MED004225,P2409,Atorvastatin,20mg,Once daily at night,2023-06-24,,Dr. L. Torres,Active
MED004226,P2410,Levothyroxine,50mcg,Once daily,2022-12-05,,Dr. S. Khan,Active
MED004227,P2410,Prednisolone,5mg,Once daily,2023-10-06,2024-08-08,Dr. J. Nkosi,Completed
MED004228,P2411,Aspirin,75mg,Once daily,2023-10-11,,Dr. R. Singh,Active
MED004229,P2411,Atorvastatin,20mg,Once daily at night,2023-06-25,,Dr. J. Nkosi,Active
MED004230,P2411,Gabapentin,300mg,Three times daily,2023-11-29,,Dr. C. Müller,Active
MED004231,P2411,Levothyroxine,50mcg,Once daily,2023-01-23,,Dr. Y. Tanaka,Active
MED004232,P2411,Ramipril,5mg,Once daily,2023-03-15,,Dr. C. Müller,Active
MED004233,P2412,Omeprazole,20mg,Once daily before breakfast,2022-08-02,,Dr. J. Nkosi,Active
MED004234,P2412,Bisoprolol,2.5mg,Once daily,2023-06-02,,Dr. Y. Tanaka,Active
MED004235,P2412,Metformin,500mg,Twice daily,2022-10-25,,Dr. L. Torres,Active
MED004236,P2412,Amlodipine,5mg,Once daily,2022-08-26,,Dr. R. Singh,Active
MED004237,P2412,Ibuprofen,400mg,Three times daily with food,2022-01-18,,Dr. M. O'Brien,Active
MED004238,P2413,Paracetamol,500mg,Up to four times daily,2022-09-30,,Dr. R. Singh,Active
MED004239,P2413,Amlodipine,5mg,Once daily,2022-12-23,2024-10-12,Dr. J. Nkosi,Completed
MED004240,P2413,Levothyroxine,50mcg,Once daily,2023-01-12,,Dr. Y. Tanaka,Active
MED004241,P2414,Aspirin,75mg,Once daily,2023-08-19,2024-10-05,Dr. A. Patel,Completed
MED004242,P2414,Lisinopril,10mg,Once daily,2022-12-23,,Dr. Y. Tanaka,Active
MED004243,P2414,Metformin,500mg,Twice daily,2023-08-28,,Dr. L. Torres,Active
MED004244,P2415,Gabapentin,300mg,Three times daily,2023-06-18,,Dr. C. Müller,Active
MED004245,P2415,Amoxicillin,500mg,Three times daily,2022-02-20,,Dr. A. Patel,Active
MED004246,P2415,Ramipril,5mg,Once daily,2023-04-25,,Dr. J. Nkosi,Active
MED004247,P2415,Amlodipine,5mg,Once daily,2023-08-11,2024-12-26,Dr. R. Singh,Completed
MED004248,P2415,Lisinopril,10mg,Once daily,2023-01-20,,Dr. C. Müller,Active
MED004249,P2416,Amlodipine,5mg,Once daily,2023-12-23,2024-09-02,Dr. A. Patel,Completed
MED004250,P2417,Amoxicillin,500mg,Three times daily,2023-06-23,,Dr. L. Torres,Active
MED004251,P2417,Ramipril,5mg,Once daily,2023-10-10,2024-04-20,Dr. A. Patel,Completed
MED004252,P2417,Insulin Glargine,10 units,Once daily at bedtime,2023-01-11,2024-07-29,Dr. J. Nkosi,Completed
MED004253,P2417,Sertraline,50mg,Once daily,2022-09-15,,Dr. S. Khan,Active
MED004254,P2417,Levothyroxine,50mcg,Once daily,2023-12-07,,Dr. A. Patel,Active
MED004255,P2418,Paracetamol,500mg,Up to four times daily,2022-12-19,,Dr. L. Torres,Active
MED004256,P2418,Prednisolone,5mg,Once daily,2022-09-14,,Dr. M. O'Brien,Active
MED004257,P2418,Metformin,500mg,Twice daily,2023-08-23,2024-09-20,Dr. M. O'Brien,Completed
MED004258,P2419,Gabapentin,300mg,Three times daily,2023-07-14,2024-08-17,Dr. L. Torres,Completed
MED004259,P2419,Lisinopril,10mg,Once daily,2022-12-01,,Dr. S. Khan,Active
MED004260,P2419,Levothyroxine,50mcg,Once daily,2023-10-29,,Dr. J. Nkosi,Active
MED004261,P2420,Metformin,500mg,Twice daily,2022-12-21,,Dr. Y. Tanaka,Active
MED004262,P2421,Amoxicillin,500mg,Three times daily,2022-03-09,,Dr. L. Torres,Active
MED004263,P2421,Warfarin,3mg,Once daily,2022-03-26,,Dr. Y. Tanaka,Active
MED004264,P2421,Salbutamol,100mcg,As required,2022-03-06,2024-12-04,Dr. Y. Tanaka,Completed
MED004265,P2421,Gabapentin,300mg,Three times daily,2023-07-19,,Dr. L. Torres,Active
MED004266,P2422,Amlodipine,5mg,Once daily,2022-12-01,,Dr. J. Nkosi,Active
MED004267,P2423,Insulin Glargine,10 units,Once daily at bedtime,2022-10-11,,Dr. A. Patel,Active
MED004268,P2423,Aspirin,75mg,Once daily,2022-07-04,,Dr. R. Singh,Active
MED004269,P2424,Prednisolone,5mg,Once daily,2022-12-10,,Dr. C. Müller,Active
MED004270,P2424,Insulin Glargine,10 units,Once daily at bedtime,2023-03-06,,Dr. J. Nkosi,Active
MED004271,P2424,Sertraline,50mg,Once daily,2023-03-13,,Dr. A. Patel,Active
MED004272,P2424,Ramipril,5mg,Once daily,2022-08-13,,Dr. S. Khan,Active
MED004273,P2425,Aspirin,75mg,Once daily,2022-10-11,,Dr. C. Müller,Active
MED004274,P2426,Furosemide,40mg,Once daily in morning,2022-10-09,,Dr. L. Torres,Active
MED004275,P2427,Lisinopril,10mg,Once daily,2022-03-09,,Dr. C. Müller,Active
MED004276,P2427,Prednisolone,5mg,Once daily,2023-06-10,2024-03-22,Dr. Y. Tanaka,Completed
MED004277,P2427,Furosemide,40mg,Once daily in morning,2023-03-06,,Dr. A. Patel,Active
MED004278,P2428,Omeprazole,20mg,Once daily before breakfast,2023-01-18,,Dr. A. Patel,Active
MED004279,P2428,Ramipril,5mg,Once daily,2022-06-18,2024-12-19,Dr. A. Patel,Completed
MED004280,P2428,Ibuprofen,400mg,Three times daily with food,2022-10-11,,Dr. J. Nkosi,Active
MED004281,P2428,Lisinopril,10mg,Once daily,2022-06-05,,Dr. M. O'Brien,Active
MED004282,P2428,Amlodipine,5mg,Once daily,2022-05-12,2024-12-23,Dr. Y. Tanaka,Completed
MED004283,P2429,Prednisolone,5mg,Once daily,2023-03-13,2024-10-20,Dr. C. Müller,Completed
MED004284,P2429,Lisinopril,10mg,Once daily,2023-09-22,,Dr. Y. Tanaka,Active
MED004285,P2429,Gabapentin,300mg,Three times daily,2022-03-08,,Dr. S. Khan,Active
MED004286,P2430,Salbutamol,100mcg,As required,2023-11-17,,Dr. Y. Tanaka,Active
MED004287,P2431,Paracetamol,500mg,Up to four times daily,2022-04-30,,Dr. J. Nkosi,Active
MED004288,P2431,Lisinopril,10mg,Once daily,2023-06-21,2024-07-24,Dr. M. O'Brien,Completed
MED004289,P2431,Warfarin,3mg,Once daily,2023-10-29,,Dr. Y. Tanaka,Active
MED004290,P2431,Bisoprolol,2.5mg,Once daily,2023-06-08,,Dr. S. Khan,Active
MED004291,P2432,Amoxicillin,500mg,Three times daily,2023-08-11,2024-03-25,Dr. J. Nkosi,Completed
MED004292,P2433,Salbutamol,100mcg,As required,2023-03-21,,Dr. A. Patel,Active
MED004293,P2433,Metformin,500mg,Twice daily,2023-11-16,,Dr. J. Nkosi,Active
MED004294,P2433,Omeprazole,20mg,Once daily before breakfast,2022-12-07,,Dr. Y. Tanaka,Active
MED004295,P2434,Bisoprolol,2.5mg,Once daily,2022-03-04,,Dr. R. Singh,Active
MED004296,P2434,Furosemide,40mg,Once daily in morning,2023-07-16,2024-01-01,Dr. L. Torres,Completed
MED004297,P2434,Levothyroxine,50mcg,Once daily,2023-09-18,,Dr. L. Torres,Active
MED004298,P2435,Aspirin,75mg,Once daily,2023-11-17,,Dr. Y. Tanaka,Active
MED004299,P2435,Amoxicillin,500mg,Three times daily,2022-11-20,2024-09-23,Dr. C. Müller,Completed
MED004300,P2435,Ibuprofen,400mg,Three times daily with food,2023-02-23,,Dr. S. Khan,Active
MED004301,P2435,Warfarin,3mg,Once daily,2022-11-16,,Dr. J. Nkosi,Active
MED004302,P2435,Paracetamol,500mg,Up to four times daily,2023-08-29,,Dr. L. Torres,Active
MED004303,P2436,Bisoprolol,2.5mg,Once daily,2022-07-27,,Dr. J. Nkosi,Active
MED004304,P2437,Warfarin,3mg,Once daily,2022-02-23,,Dr. L. Torres,Active
MED004305,P2437,Levothyroxine,50mcg,Once daily,2022-11-14,2024-10-19,Dr. A. Patel,Completed
MED004306,P2438,Amlodipine,5mg,Once daily,2022-10-31,2024-08-27,Dr. J. Nkosi,Completed
MED004307,P2438,Amoxicillin,500mg,Three times daily,2023-01-01,,Dr. S. Khan,Active
MED004308,P2439,Omeprazole,20mg,Once daily before breakfast,2022-09-21,,Dr. M. O'Brien,Active
MED004309,P2439,Atorvastatin,20mg,Once daily at night,2023-08-01,,Dr. S. Khan,Active
MED004310,P2439,Sertraline,50mg,Once daily,2022-06-21,2024-06-09,Dr. M. O'Brien,Completed
MED004311,P2439,Ibuprofen,400mg,Three times daily with food,2023-11-23,,Dr. Y. Tanaka,Active
MED004312,P2439,Insulin Glargine,10 units,Once daily at bedtime,2022-01-29,2024-10-21,Dr. A. Patel,Completed
MED004313,P2440,Aspirin,75mg,Once daily,2022-06-05,,Dr. S. Khan,Active
MED004314,P2440,Levothyroxine,50mcg,Once daily,2023-10-06,,Dr. M. O'Brien,Active
MED004315,P2440,Insulin Glargine,10 units,Once daily at bedtime,2022-06-05,,Dr. M. O'Brien,Active
MED004316,P2440,Furosemide,40mg,Once daily in morning,2022-09-16,2024-08-24,Dr. C. Müller,Completed
MED004317,P2441,Clopidogrel,75mg,Once daily,2022-02-08,,Dr. R. Singh,Active
MED004318,P2441,Omeprazole,20mg,Once daily before breakfast,2022-09-24,,Dr. C. Müller,Active
MED004319,P2442,Ibuprofen,400mg,Three times daily with food,2022-02-19,,Dr. S. Khan,Active
MED004320,P2442,Metformin,500mg,Twice daily,2022-02-22,,Dr. R. Singh,Active
MED004321,P2442,Bisoprolol,2.5mg,Once daily,2023-01-09,,Dr. R. Singh,Active
MED004322,P2442,Paracetamol,500mg,Up to four times daily,2022-08-28,,Dr. M. O'Brien,Active
MED004323,P2443,Paracetamol,500mg,Up to four times daily,2023-12-06,2024-02-17,Dr. S. Khan,Completed
MED004324,P2443,Prednisolone,5mg,Once daily,2023-05-02,,Dr. S. Khan,Active
MED004325,P2443,Salbutamol,100mcg,As required,2023-11-24,,Dr. R. Singh,Active
MED004326,P2444,Clopidogrel,75mg,Once daily,2023-07-14,2024-10-13,Dr. Y. Tanaka,Completed
MED004327,P2444,Lisinopril,10mg,Once daily,2022-12-03,,Dr. S. Khan,Active
MED004328,P2444,Atorvastatin,20mg,Once daily at night,2023-01-04,,Dr. S. Khan,Active
MED004329,P2444,Ibuprofen,400mg,Three times daily with food,2023-06-26,,Dr. C. Müller,Active
MED004330,P2445,Ramipril,5mg,Once daily,2023-04-23,,Dr. A. Patel,Active
MED004331,P2445,Bisoprolol,2.5mg,Once daily,2023-05-31,,Dr. S. Khan,Active
MED004332,P2446,Furosemide,40mg,Once daily in morning,2022-07-01,,Dr. A. Patel,Active
MED004333,P2446,Ibuprofen,400mg,Three times daily with food,2022-02-20,,Dr. L. Torres,Active
MED004334,P2446,Atorvastatin,20mg,Once daily at night,2023-05-14,,Dr. S. Khan,Active
MED004335,P2446,Clopidogrel,75mg,Once daily,2023-08-08,,Dr. A. Patel,Active
MED004336,P2446,Warfarin,3mg,Once daily,2023-03-21,,Dr. C. Müller,Active
MED004337,P2447,Sertraline,50mg,Once daily,2023-03-31,,Dr. C. Müller,Active
MED004338,P2447,Gabapentin,300mg,Three times daily,2022-03-06,,Dr. L. Torres,Active
MED004339,P2447,Metformin,500mg,Twice daily,2023-03-10,,Dr. S. Khan,Active
MED004340,P2447,Prednisolone,5mg,Once daily,2022-02-25,2024-08-23,Dr. L. Torres,Completed
MED004341,P2447,Bisoprolol,2.5mg,Once daily,2022-06-27,2024-09-16,Dr. J. Nkosi,Completed
MED004342,P2448,Insulin Glargine,10 units,Once daily at bedtime,2022-10-09,,Dr. S. Khan,Active
MED004343,P2448,Omeprazole,20mg,Once daily before breakfast,2022-05-30,,Dr. A. Patel,Active
MED004344,P2448,Ramipril,5mg,Once daily,2023-01-15,,Dr. M. O'Brien,Active
MED004345,P2448,Lisinopril,10mg,Once daily,2023-10-02,2024-07-17,Dr. M. O'Brien,Completed
MED004346,P2449,Warfarin,3mg,Once daily,2022-02-23,,Dr. J. Nkosi,Active
MED004347,P2449,Omeprazole,20mg,Once daily before breakfast,2022-10-24,2024-02-22,Dr. L. Torres,Completed
MED004348,P2450,Ibuprofen,400mg,Three times daily with food,2023-12-23,,Dr. C. Müller,Active
MED004349,P2450,Insulin Glargine,10 units,Once daily at bedtime,2022-05-15,,Dr. S. Khan,Active
MED004350,P2450,Ramipril,5mg,Once daily,2022-03-25,,Dr. J. Nkosi,Active
MED004351,P2450,Amlodipine,5mg,Once daily,2022-05-03,,Dr. R. Singh,Active
MED004352,P2450,Omeprazole,20mg,Once daily before breakfast,2022-07-16,,Dr. S. Khan,Active
MED004353,P2451,Furosemide,40mg,Once daily in morning,2022-07-11,,Dr. J. Nkosi,Active
MED004354,P2451,Amoxicillin,500mg,Three times daily,2023-05-25,,Dr. L. Torres,Active
MED004355,P2452,Amoxicillin,500mg,Three times daily,2022-11-01,,Dr. S. Khan,Active
MED004356,P2452,Clopidogrel,75mg,Once daily,2023-09-15,,Dr. S. Khan,Active
MED004357,P2452,Gabapentin,300mg,Three times daily,2022-08-10,2024-03-02,Dr. Y. Tanaka,Completed
MED004358,P2452,Omeprazole,20mg,Once daily before breakfast,2022-06-02,2024-03-07,Dr. M. O'Brien,Completed
MED004359,P2453,Clopidogrel,75mg,Once daily,2023-12-22,,Dr. Y. Tanaka,Active
MED004360,P2453,Aspirin,75mg,Once daily,2022-11-24,,Dr. J. Nkosi,Active
MED004361,P2454,Ibuprofen,400mg,Three times daily with food,2022-10-16,2024-06-20,Dr. L. Torres,Completed
MED004362,P2454,Metformin,500mg,Twice daily,2023-05-13,,Dr. J. Nkosi,Active
MED004363,P2454,Furosemide,40mg,Once daily in morning,2022-07-07,2024-02-27,Dr. J. Nkosi,Completed
MED004364,P2454,Sertraline,50mg,Once daily,2023-03-08,,Dr. A. Patel,Active
MED004365,P2454,Levothyroxine,50mcg,Once daily,2023-05-04,2024-03-21,Dr. L. Torres,Completed
MED004366,P2455,Clopidogrel,75mg,Once daily,2023-12-08,,Dr. S. Khan,Active
MED004367,P2455,Lisinopril,10mg,Once daily,2023-04-29,,Dr. Y. Tanaka,Active
MED004368,P2455,Salbutamol,100mcg,As required,2023-06-11,,Dr. Y. Tanaka,Active
MED004369,P2455,Gabapentin,300mg,Three times daily,2022-12-31,,Dr. C. Müller,Active
MED004370,P2455,Amlodipine,5mg,Once daily,2022-01-11,2024-06-09,Dr. L. Torres,Completed
MED004371,P2456,Ibuprofen,400mg,Three times daily with food,2023-05-24,,Dr. J. Nkosi,Active
MED004372,P2456,Levothyroxine,50mcg,Once daily,2023-04-23,2024-04-16,Dr. M. O'Brien,Completed
MED004373,P2456,Omeprazole,20mg,Once daily before breakfast,2023-02-11,,Dr. R. Singh,Active
MED004374,P2457,Paracetamol,500mg,Up to four times daily,2022-09-19,,Dr. Y. Tanaka,Active
MED004375,P2457,Omeprazole,20mg,Once daily before breakfast,2022-05-04,2024-03-22,Dr. C. Müller,Completed
MED004376,P2458,Sertraline,50mg,Once daily,2023-09-04,2024-01-24,Dr. A. Patel,Completed
MED004377,P2458,Atorvastatin,20mg,Once daily at night,2023-08-17,2024-03-14,Dr. R. Singh,Completed
MED004378,P2458,Levothyroxine,50mcg,Once daily,2023-06-08,,Dr. L. Torres,Active
MED004379,P2458,Ramipril,5mg,Once daily,2022-02-22,2024-09-05,Dr. A. Patel,Completed
MED004380,P2458,Insulin Glargine,10 units,Once daily at bedtime,2023-06-05,,Dr. R. Singh,Active
MED004381,P2459,Amoxicillin,500mg,Three times daily,2022-01-23,,Dr. L. Torres,Active
MED004382,P2459,Ibuprofen,400mg,Three times daily with food,2022-02-05,2024-09-09,Dr. L. Torres,Completed
MED004383,P2460,Gabapentin,300mg,Three times daily,2022-08-16,,Dr. C. Müller,Active
MED004384,P2460,Warfarin,3mg,Once daily,2023-09-16,2024-07-22,Dr. S. Khan,Completed
MED004385,P2460,Ibuprofen,400mg,Three times daily with food,2022-01-07,,Dr. J. Nkosi,Active
MED004386,P2460,Omeprazole,20mg,Once daily before breakfast,2022-04-25,,Dr. A. Patel,Active
MED004387,P2460,Insulin Glargine,10 units,Once daily at bedtime,2022-10-29,,Dr. Y. Tanaka,Active
MED004388,P2461,Levothyroxine,50mcg,Once daily,2022-04-16,,Dr. L. Torres,Active
MED004389,P2461,Amlodipine,5mg,Once daily,2023-09-12,2024-02-01,Dr. J. Nkosi,Completed
MED004390,P2461,Sertraline,50mg,Once daily,2022-12-05,,Dr. M. O'Brien,Active
MED004391,P2461,Metformin,500mg,Twice daily,2023-04-18,,Dr. C. Müller,Active
MED004392,P2461,Prednisolone,5mg,Once daily,2022-03-19,2024-07-04,Dr. A. Patel,Completed
MED004393,P2462,Clopidogrel,75mg,Once daily,2022-04-12,,Dr. S. Khan,Active
MED004394,P2463,Furosemide,40mg,Once daily in morning,2023-04-18,,Dr. L. Torres,Active
MED004395,P2463,Ramipril,5mg,Once daily,2022-01-07,,Dr. L. Torres,Active
MED004396,P2463,Paracetamol,500mg,Up to four times daily,2023-04-30,,Dr. R. Singh,Active
MED004397,P2463,Omeprazole,20mg,Once daily before breakfast,2023-11-04,2024-12-14,Dr. S. Khan,Completed
MED004398,P2463,Lisinopril,10mg,Once daily,2023-01-07,,Dr. L. Torres,Active
MED004399,P2464,Atorvastatin,20mg,Once daily at night,2022-08-08,,Dr. M. O'Brien,Active
MED004400,P2464,Insulin Glargine,10 units,Once daily at bedtime,2023-06-17,,Dr. C. Müller,Active
MED004401,P2464,Levothyroxine,50mcg,Once daily,2023-04-18,,Dr. A. Patel,Active
MED004402,P2465,Paracetamol,500mg,Up to four times daily,2023-07-20,,Dr. Y. Tanaka,Active
MED004403,P2465,Salbutamol,100mcg,As required,2022-12-28,,Dr. S. Khan,Active
MED004404,P2465,Lisinopril,10mg,Once daily,2023-08-25,,Dr. Y. Tanaka,Active
MED004405,P2465,Insulin Glargine,10 units,Once daily at bedtime,2022-07-11,,Dr. J. Nkosi,Active
MED004406,P2465,Omeprazole,20mg,Once daily before breakfast,2022-02-23,,Dr. R. Singh,Active
MED004407,P2466,Ibuprofen,400mg,Three times daily with food,2023-10-28,2024-06-11,Dr. L. Torres,Completed
MED004408,P2466,Prednisolone,5mg,Once daily,2022-04-13,,Dr. J. Nkosi,Active
MED004409,P2466,Insulin Glargine,10 units,Once daily at bedtime,2022-01-07,2024-11-13,Dr. J. Nkosi,Completed
MED004410,P2467,Aspirin,75mg,Once daily,2023-02-22,2024-04-01,Dr. A. Patel,Completed
MED004411,P2467,Amlodipine,5mg,Once daily,2023-03-07,,Dr. Y. Tanaka,Active
MED004412,P2468,Clopidogrel,75mg,Once daily,2022-09-04,,Dr. S. Khan,Active
MED004413,P2468,Amoxicillin,500mg,Three times daily,2023-08-30,,Dr. S. Khan,Active
MED004414,P2469,Aspirin,75mg,Once daily,2023-05-31,,Dr. M. O'Brien,Active
MED004415,P2470,Warfarin,3mg,Once daily,2023-03-23,,Dr. M. O'Brien,Active
MED004416,P2470,Bisoprolol,2.5mg,Once daily,2023-07-27,2024-02-08,Dr. R. Singh,Completed
MED004417,P2470,Amoxicillin,500mg,Three times daily,2022-04-20,,Dr. M. O'Brien,Active
MED004418,P2470,Amlodipine,5mg,Once daily,2022-06-23,,Dr. R. Singh,Active
MED004419,P2470,Aspirin,75mg,Once daily,2023-10-20,,Dr. S. Khan,Active
MED004420,P2471,Paracetamol,500mg,Up to four times daily,2023-04-25,,Dr. C. Müller,Active
MED004421,P2471,Aspirin,75mg,Once daily,2022-08-28,,Dr. S. Khan,Active
MED004422,P2471,Gabapentin,300mg,Three times daily,2022-05-11,2024-06-15,Dr. J. Nkosi,Completed
MED004423,P2471,Furosemide,40mg,Once daily in morning,2022-06-02,,Dr. M. O'Brien,Active
MED004424,P2472,Metformin,500mg,Twice daily,2023-07-07,,Dr. M. O'Brien,Active
MED004425,P2472,Clopidogrel,75mg,Once daily,2022-09-08,,Dr. Y. Tanaka,Active
MED004426,P2472,Atorvastatin,20mg,Once daily at night,2022-08-06,,Dr. A. Patel,Active
MED004427,P2472,Prednisolone,5mg,Once daily,2022-03-20,,Dr. M. O'Brien,Active
MED004428,P2473,Omeprazole,20mg,Once daily before breakfast,2022-09-28,,Dr. C. Müller,Active
MED004429,P2474,Omeprazole,20mg,Once daily before breakfast,2022-03-21,2024-11-23,Dr. L. Torres,Completed
MED004430,P2474,Lisinopril,10mg,Once daily,2022-12-07,2024-01-25,Dr. R. Singh,Completed
MED004431,P2474,Metformin,500mg,Twice daily,2023-12-22,2024-10-28,Dr. S. Khan,Completed
MED004432,P2475,Clopidogrel,75mg,Once daily,2023-10-06,,Dr. S. Khan,Active
MED004433,P2476,Amoxicillin,500mg,Three times daily,2023-01-16,,Dr. S. Khan,Active
MED004434,P2476,Amlodipine,5mg,Once daily,2023-12-12,2024-06-14,Dr. A. Patel,Completed
MED004435,P2476,Clopidogrel,75mg,Once daily,2023-11-12,,Dr. S. Khan,Active
MED004436,P2477,Aspirin,75mg,Once daily,2022-03-03,,Dr. S. Khan,Active
MED004437,P2477,Sertraline,50mg,Once daily,2022-06-20,,Dr. Y. Tanaka,Active
MED004438,P2478,Metformin,500mg,Twice daily,2023-02-09,,Dr. A. Patel,Active
MED004439,P2478,Amoxicillin,500mg,Three times daily,2022-07-19,,Dr. Y. Tanaka,Active
MED004440,P2478,Aspirin,75mg,Once daily,2022-09-10,,Dr. Y. Tanaka,Active
MED004441,P2479,Gabapentin,300mg,Three times daily,2022-04-21,,Dr. A. Patel,Active
MED004442,P2479,Lisinopril,10mg,Once daily,2022-10-10,,Dr. L. Torres,Active
MED004443,P2479,Levothyroxine,50mcg,Once daily,2022-05-06,2024-12-26,Dr. S. Khan,Completed
MED004444,P2479,Ramipril,5mg,Once daily,2023-05-22,,Dr. C. Müller,Active
MED004445,P2479,Ibuprofen,400mg,Three times daily with food,2022-03-07,2024-06-27,Dr. J. Nkosi,Completed
MED004446,P2480,Prednisolone,5mg,Once daily,2023-09-03,2024-03-22,Dr. Y. Tanaka,Completed
MED004447,P2480,Ramipril,5mg,Once daily,2022-12-10,,Dr. C. Müller,Active
MED004448,P2480,Sertraline,50mg,Once daily,2022-07-09,,Dr. Y. Tanaka,Active
MED004449,P2481,Clopidogrel,75mg,Once daily,2023-12-01,2024-12-04,Dr. L. Torres,Completed
MED004450,P2481,Metformin,500mg,Twice daily,2023-05-03,,Dr. S. Khan,Active
MED004451,P2481,Furosemide,40mg,Once daily in morning,2023-05-11,,Dr. R. Singh,Active
MED004452,P2481,Aspirin,75mg,Once daily,2023-03-08,2024-11-27,Dr. C. Müller,Completed
MED004453,P2481,Ramipril,5mg,Once daily,2022-10-04,,Dr. R. Singh,Active
MED004454,P2482,Sertraline,50mg,Once daily,2023-07-13,,Dr. Y. Tanaka,Active
MED004455,P2482,Amoxicillin,500mg,Three times daily,2023-05-02,2024-01-12,Dr. Y. Tanaka,Completed
MED004456,P2482,Prednisolone,5mg,Once daily,2023-04-08,,Dr. C. Müller,Active
MED004457,P2482,Atorvastatin,20mg,Once daily at night,2023-03-20,,Dr. Y. Tanaka,Active
MED004458,P2482,Lisinopril,10mg,Once daily,2022-03-15,2024-12-29,Dr. C. Müller,Completed
MED004459,P2483,Metformin,500mg,Twice daily,2022-10-19,2024-01-17,Dr. J. Nkosi,Completed
MED004460,P2484,Ibuprofen,400mg,Three times daily with food,2022-07-31,,Dr. R. Singh,Active
MED004461,P2485,Prednisolone,5mg,Once daily,2023-06-26,2024-09-13,Dr. S. Khan,Completed
MED004462,P2485,Warfarin,3mg,Once daily,2022-11-26,,Dr. Y. Tanaka,Active
MED004463,P2486,Amlodipine,5mg,Once daily,2023-03-16,,Dr. A. Patel,Active
MED004464,P2486,Clopidogrel,75mg,Once daily,2023-06-18,,Dr. L. Torres,Active
MED004465,P2486,Paracetamol,500mg,Up to four times daily,2023-04-23,,Dr. A. Patel,Active
MED004466,P2486,Warfarin,3mg,Once daily,2023-03-26,2024-09-25,Dr. S. Khan,Completed
MED004467,P2486,Lisinopril,10mg,Once daily,2022-09-22,2024-06-05,Dr. J. Nkosi,Completed
MED004468,P2487,Salbutamol,100mcg,As required,2023-02-13,2024-04-20,Dr. R. Singh,Completed
MED004469,P2487,Clopidogrel,75mg,Once daily,2022-04-09,,Dr. S. Khan,Active
MED004470,P2487,Insulin Glargine,10 units,Once daily at bedtime,2022-08-22,,Dr. J. Nkosi,Active
MED004471,P2487,Aspirin,75mg,Once daily,2022-07-13,2024-12-24,Dr. L. Torres,Completed
MED004472,P2487,Warfarin,3mg,Once daily,2022-03-23,,Dr. R. Singh,Active
MED004473,P2488,Gabapentin,300mg,Three times daily,2023-04-19,,Dr. Y. Tanaka,Active
MED004474,P2488,Aspirin,75mg,Once daily,2022-04-02,2024-09-30,Dr. C. Müller,Completed
MED004475,P2489,Warfarin,3mg,Once daily,2022-01-24,2024-04-14,Dr. S. Khan,Completed
MED004476,P2490,Ramipril,5mg,Once daily,2023-11-21,,Dr. Y. Tanaka,Active
MED004477,P2491,Prednisolone,5mg,Once daily,2023-04-28,,Dr. Y. Tanaka,Active
MED004478,P2492,Gabapentin,300mg,Three times daily,2023-04-07,,Dr. M. O'Brien,Active
MED004479,P2492,Aspirin,75mg,Once daily,2022-11-24,,Dr. A. Patel,Active
MED004480,P2492,Ramipril,5mg,Once daily,2022-02-23,,Dr. A. Patel,Active
MED004481,P2492,Metformin,500mg,Twice daily,2023-03-01,,Dr. R. Singh,Active
MED004482,P2492,Amoxicillin,500mg,Three times daily,2022-01-27,,Dr. L. Torres,Active
MED004483,P2493,Warfarin,3mg,Once daily,2022-01-02,,Dr. A. Patel,Active
MED004484,P2493,Clopidogrel,75mg,Once daily,2022-07-06,,Dr. R. Singh,Active
MED004485,P2493,Amlodipine,5mg,Once daily,2022-06-10,,Dr. Y. Tanaka,Active
MED004486,P2493,Sertraline,50mg,Once daily,2022-07-22,,Dr. L. Torres,Active
MED004487,P2494,Paracetamol,500mg,Up to four times daily,2023-11-06,2024-02-28,Dr. A. Patel,Completed
MED004488,P2495,Salbutamol,100mcg,As required,2023-02-25,,Dr. S. Khan,Active
MED004489,P2495,Lisinopril,10mg,Once daily,2023-05-23,,Dr. M. O'Brien,Active
MED004490,P2496,Ibuprofen,400mg,Three times daily with food,2023-10-11,,Dr. J. Nkosi,Active
MED004491,P2496,Gabapentin,300mg,Three times daily,2022-02-02,,Dr. A. Patel,Active
MED004492,P2497,Ramipril,5mg,Once daily,2022-04-29,,Dr. M. O'Brien,Active
MED004493,P2497,Bisoprolol,2.5mg,Once daily,2022-12-04,2024-09-26,Dr. C. Müller,Completed
MED004494,P2497,Metformin,500mg,Twice daily,2022-10-16,,Dr. L. Torres,Active
MED004495,P2498,Furosemide,40mg,Once daily in morning,2022-03-26,2024-08-18,Dr. L. Torres,Completed
MED004496,P2498,Sertraline,50mg,Once daily,2023-12-28,2024-09-07,Dr. S. Khan,Completed
MED004497,P2498,Metformin,500mg,Twice daily,2022-12-19,,Dr. R. Singh,Active
MED004498,P2498,Aspirin,75mg,Once daily,2022-02-23,2024-08-30,Dr. S. Khan,Completed
MED004499,P2498,Bisoprolol,2.5mg,Once daily,2022-11-28,,Dr. A. Patel,Active
MED004500,P2499,Ibuprofen,400mg,Three times daily with food,2022-09-20,,Dr. J. Nkosi,Active
MED004501,P2500,Omeprazole,20mg,Once daily before breakfast,2022-03-25,2024-03-14,Dr. S. Khan,Completed
MED004502,P2500,Insulin Glargine,10 units,Once daily at bedtime,2022-11-23,,Dr. C. Müller,Active
MED004503,P2500,Prednisolone,5mg,Once daily,2022-06-27,2024-12-03,Dr. C. Müller,Completed
MED004504,P2500,Clopidogrel,75mg,Once daily,2023-12-03,,Dr. R. Singh,Active
MED004505,P2500,Metformin,500mg,Twice daily,2023-12-31,,Dr. R. Singh,Active
MED004506,P2501,Lisinopril,10mg,Once daily,2022-05-25,,Dr. A. Patel,Active
MED004507,P2501,Amoxicillin,500mg,Three times daily,2023-03-23,,Dr. Y. Tanaka,Active
MED004508,P2501,Insulin Glargine,10 units,Once daily at bedtime,2022-09-08,,Dr. Y. Tanaka,Active
MED004509,P2501,Paracetamol,500mg,Up to four times daily,2023-10-21,,Dr. L. Torres,Active
MED004510,P2502,Omeprazole,20mg,Once daily before breakfast,2022-04-23,2024-11-20,Dr. S. Khan,Completed
MED004511,P2502,Bisoprolol,2.5mg,Once daily,2023-05-21,,Dr. S. Khan,Active
MED004512,P2502,Lisinopril,10mg,Once daily,2022-08-22,,Dr. Y. Tanaka,Active
MED004513,P2502,Furosemide,40mg,Once daily in morning,2022-03-14,,Dr. A. Patel,Active
MED004514,P2502,Prednisolone,5mg,Once daily,2023-08-29,,Dr. C. Müller,Active
MED004515,P2503,Lisinopril,10mg,Once daily,2023-06-04,,Dr. S. Khan,Active
MED004516,P2503,Ibuprofen,400mg,Three times daily with food,2023-06-23,,Dr. J. Nkosi,Active
MED004517,P2503,Insulin Glargine,10 units,Once daily at bedtime,2023-04-22,,Dr. A. Patel,Active
MED004518,P2503,Furosemide,40mg,Once daily in morning,2023-03-08,2024-12-25,Dr. Y. Tanaka,Completed
MED004519,P2504,Omeprazole,20mg,Once daily before breakfast,2022-12-30,,Dr. A. Patel,Active
MED004520,P2505,Furosemide,40mg,Once daily in morning,2023-09-17,2024-12-09,Dr. Y. Tanaka,Completed
MED004521,P2505,Prednisolone,5mg,Once daily,2023-07-03,2024-08-02,Dr. L. Torres,Completed
MED004522,P2505,Salbutamol,100mcg,As required,2022-03-01,,Dr. J. Nkosi,Active
MED004523,P2505,Bisoprolol,2.5mg,Once daily,2022-10-04,,Dr. L. Torres,Active
MED004524,P2506,Bisoprolol,2.5mg,Once daily,2022-07-07,,Dr. R. Singh,Active
MED004525,P2506,Salbutamol,100mcg,As required,2023-12-06,,Dr. R. Singh,Active
MED004526,P2506,Metformin,500mg,Twice daily,2023-08-31,,Dr. S. Khan,Active
MED004527,P2507,Amoxicillin,500mg,Three times daily,2023-04-13,,Dr. Y. Tanaka,Active
MED004528,P2508,Insulin Glargine,10 units,Once daily at bedtime,2022-11-17,,Dr. A. Patel,Active
MED004529,P2508,Warfarin,3mg,Once daily,2022-07-19,,Dr. S. Khan,Active
MED004530,P2508,Ramipril,5mg,Once daily,2023-07-06,,Dr. J. Nkosi,Active
MED004531,P2509,Metformin,500mg,Twice daily,2023-04-24,,Dr. J. Nkosi,Active
MED004532,P2509,Amlodipine,5mg,Once daily,2023-07-21,,Dr. C. Müller,Active
MED004533,P2510,Levothyroxine,50mcg,Once daily,2022-01-04,2024-03-08,Dr. C. Müller,Completed
MED004534,P2510,Ramipril,5mg,Once daily,2023-09-02,,Dr. Y. Tanaka,Active
MED004535,P2510,Paracetamol,500mg,Up to four times daily,2023-10-26,2024-05-14,Dr. Y. Tanaka,Completed
MED004536,P2511,Atorvastatin,20mg,Once daily at night,2023-05-01,,Dr. C. Müller,Active
MED004537,P2511,Ramipril,5mg,Once daily,2022-02-14,2024-02-22,Dr. A. Patel,Completed
MED004538,P2511,Levothyroxine,50mcg,Once daily,2023-10-02,,Dr. C. Müller,Active
MED004539,P2511,Ibuprofen,400mg,Three times daily with food,2022-05-15,2024-04-11,Dr. S. Khan,Completed
MED004540,P2512,Sertraline,50mg,Once daily,2023-05-20,2024-03-12,Dr. C. Müller,Completed
MED004541,P2513,Omeprazole,20mg,Once daily before breakfast,2022-04-30,,Dr. C. Müller,Active
MED004542,P2513,Aspirin,75mg,Once daily,2023-06-27,2024-08-04,Dr. C. Müller,Completed
MED004543,P2513,Paracetamol,500mg,Up to four times daily,2023-01-01,,Dr. R. Singh,Active
MED004544,P2514,Salbutamol,100mcg,As required,2023-10-23,2024-08-14,Dr. L. Torres,Completed
MED004545,P2514,Metformin,500mg,Twice daily,2023-08-21,,Dr. J. Nkosi,Active
MED004546,P2514,Levothyroxine,50mcg,Once daily,2023-03-11,2024-07-31,Dr. Y. Tanaka,Completed
MED004547,P2514,Aspirin,75mg,Once daily,2022-03-17,2024-02-10,Dr. M. O'Brien,Completed
MED004548,P2514,Atorvastatin,20mg,Once daily at night,2022-11-03,,Dr. Y. Tanaka,Active
MED004549,P2515,Levothyroxine,50mcg,Once daily,2023-05-01,,Dr. M. O'Brien,Active
MED004550,P2515,Atorvastatin,20mg,Once daily at night,2022-05-05,,Dr. S. Khan,Active
MED004551,P2515,Sertraline,50mg,Once daily,2023-12-14,,Dr. S. Khan,Active
MED004552,P2515,Furosemide,40mg,Once daily in morning,2022-09-11,,Dr. C. Müller,Active
MED004553,P2516,Ramipril,5mg,Once daily,2023-08-14,,Dr. Y. Tanaka,Active
MED004554,P2516,Gabapentin,300mg,Three times daily,2022-06-30,2024-01-09,Dr. Y. Tanaka,Completed
MED004555,P2516,Metformin,500mg,Twice daily,2022-03-28,,Dr. S. Khan,Active
MED004556,P2516,Aspirin,75mg,Once daily,2022-08-09,,Dr. A. Patel,Active
MED004557,P2516,Amoxicillin,500mg,Three times daily,2023-10-20,,Dr. J. Nkosi,Active
MED004558,P2517,Insulin Glargine,10 units,Once daily at bedtime,2023-09-12,2024-10-13,Dr. J. Nkosi,Completed
MED004559,P2517,Amoxicillin,500mg,Three times daily,2023-03-13,,Dr. L. Torres,Active
MED004560,P2517,Levothyroxine,50mcg,Once daily,2022-10-31,,Dr. M. O'Brien,Active
MED004561,P2517,Prednisolone,5mg,Once daily,2022-10-24,,Dr. S. Khan,Active
MED004562,P2518,Sertraline,50mg,Once daily,2023-05-03,2024-08-21,Dr. C. Müller,Completed
MED004563,P2518,Furosemide,40mg,Once daily in morning,2022-02-13,2024-03-30,Dr. S. Khan,Completed
MED004564,P2518,Salbutamol,100mcg,As required,2023-05-05,,Dr. Y. Tanaka,Active
MED004565,P2518,Insulin Glargine,10 units,Once daily at bedtime,2022-04-03,,Dr. L. Torres,Active
MED004566,P2518,Prednisolone,5mg,Once daily,2022-10-06,,Dr. J. Nkosi,Active
MED004567,P2519,Warfarin,3mg,Once daily,2022-02-11,,Dr. L. Torres,Active
MED004568,P2519,Bisoprolol,2.5mg,Once daily,2022-06-21,,Dr. R. Singh,Active
MED004569,P2519,Aspirin,75mg,Once daily,2022-11-26,,Dr. L. Torres,Active
MED004570,P2519,Salbutamol,100mcg,As required,2023-04-26,,Dr. M. O'Brien,Active
MED004571,P2519,Ibuprofen,400mg,Three times daily with food,2022-02-20,2024-04-28,Dr. S. Khan,Completed
MED004572,P2520,Prednisolone,5mg,Once daily,2023-01-25,,Dr. M. O'Brien,Active
MED004573,P2520,Metformin,500mg,Twice daily,2022-10-04,2024-11-12,Dr. Y. Tanaka,Completed
MED004574,P2520,Clopidogrel,75mg,Once daily,2023-10-16,,Dr. Y. Tanaka,Active
MED004575,P2520,Gabapentin,300mg,Three times daily,2022-11-24,2024-11-15,Dr. J. Nkosi,Completed
MED004576,P2521,Lisinopril,10mg,Once daily,2023-01-07,,Dr. L. Torres,Active
MED004577,P2521,Prednisolone,5mg,Once daily,2022-04-30,,Dr. L. Torres,Active
MED004578,P2521,Ibuprofen,400mg,Three times daily with food,2023-06-10,2024-08-01,Dr. L. Torres,Completed
MED004579,P2521,Sertraline,50mg,Once daily,2023-12-01,,Dr. S. Khan,Active
MED004580,P2521,Metformin,500mg,Twice daily,2022-03-10,,Dr. A. Patel,Active
MED004581,P2522,Salbutamol,100mcg,As required,2023-04-08,2024-01-10,Dr. C. Müller,Completed
MED004582,P2522,Warfarin,3mg,Once daily,2022-04-20,,Dr. J. Nkosi,Active
MED004583,P2523,Salbutamol,100mcg,As required,2022-01-31,,Dr. C. Müller,Active
MED004584,P2523,Ibuprofen,400mg,Three times daily with food,2022-09-09,,Dr. A. Patel,Active
MED004585,P2523,Ramipril,5mg,Once daily,2023-12-03,,Dr. S. Khan,Active
MED004586,P2523,Amoxicillin,500mg,Three times daily,2023-07-30,,Dr. M. O'Brien,Active
MED004587,P2523,Atorvastatin,20mg,Once daily at night,2022-05-21,,Dr. C. Müller,Active
MED004588,P2524,Levothyroxine,50mcg,Once daily,2022-12-18,2024-05-26,Dr. R. Singh,Completed
MED004589,P2524,Metformin,500mg,Twice daily,2023-09-22,2024-02-27,Dr. Y. Tanaka,Completed
MED004590,P2525,Aspirin,75mg,Once daily,2023-12-17,,Dr. S. Khan,Active
MED004591,P2525,Levothyroxine,50mcg,Once daily,2023-04-11,,Dr. A. Patel,Active
MED004592,P2525,Metformin,500mg,Twice daily,2022-10-27,,Dr. J. Nkosi,Active
MED004593,P2526,Paracetamol,500mg,Up to four times daily,2022-10-23,2024-08-29,Dr. Y. Tanaka,Completed
MED004594,P2526,Prednisolone,5mg,Once daily,2022-01-25,2024-07-03,Dr. J. Nkosi,Completed
MED004595,P2526,Lisinopril,10mg,Once daily,2022-07-18,,Dr. Y. Tanaka,Active
MED004596,P2527,Omeprazole,20mg,Once daily before breakfast,2022-06-07,,Dr. S. Khan,Active
MED004597,P2527,Prednisolone,5mg,Once daily,2022-03-24,,Dr. Y. Tanaka,Active
MED004598,P2527,Ramipril,5mg,Once daily,2022-10-12,,Dr. A. Patel,Active
MED004599,P2527,Aspirin,75mg,Once daily,2022-02-26,,Dr. L. Torres,Active
MED004600,P2527,Lisinopril,10mg,Once daily,2022-08-17,,Dr. C. Müller,Active
MED004601,P2528,Prednisolone,5mg,Once daily,2022-08-06,2024-04-24,Dr. Y. Tanaka,Completed
MED004602,P2528,Salbutamol,100mcg,As required,2023-01-29,2024-11-19,Dr. J. Nkosi,Completed
MED004603,P2529,Warfarin,3mg,Once daily,2023-08-31,2024-03-15,Dr. L. Torres,Completed
MED004604,P2529,Ibuprofen,400mg,Three times daily with food,2023-05-08,2024-03-11,Dr. M. O'Brien,Completed
MED004605,P2529,Omeprazole,20mg,Once daily before breakfast,2023-03-10,2024-09-02,Dr. M. O'Brien,Completed
MED004606,P2530,Ramipril,5mg,Once daily,2022-06-12,,Dr. A. Patel,Active
MED004607,P2530,Clopidogrel,75mg,Once daily,2023-12-04,,Dr. M. O'Brien,Active
MED004608,P2530,Gabapentin,300mg,Three times daily,2022-05-20,2024-08-16,Dr. R. Singh,Completed
MED004609,P2530,Levothyroxine,50mcg,Once daily,2023-01-20,2024-11-29,Dr. R. Singh,Completed
MED004610,P2530,Prednisolone,5mg,Once daily,2023-06-25,2024-12-15,Dr. L. Torres,Completed
MED004611,P2531,Paracetamol,500mg,Up to four times daily,2022-08-13,2024-09-16,Dr. S. Khan,Completed
MED004612,P2532,Atorvastatin,20mg,Once daily at night,2022-10-14,2024-03-28,Dr. C. Müller,Completed
MED004613,P2532,Gabapentin,300mg,Three times daily,2022-08-20,,Dr. Y. Tanaka,Active
MED004614,P2532,Omeprazole,20mg,Once daily before breakfast,2023-01-15,2024-09-19,Dr. J. Nkosi,Completed
MED004615,P2532,Levothyroxine,50mcg,Once daily,2022-06-02,2024-11-13,Dr. J. Nkosi,Completed
MED004616,P2532,Prednisolone,5mg,Once daily,2023-08-26,,Dr. L. Torres,Active
MED004617,P2533,Prednisolone,5mg,Once daily,2023-02-22,,Dr. R. Singh,Active
MED004618,P2533,Metformin,500mg,Twice daily,2022-03-26,2024-06-27,Dr. R. Singh,Completed
MED004619,P2533,Amlodipine,5mg,Once daily,2022-10-04,,Dr. L. Torres,Active
MED004620,P2533,Aspirin,75mg,Once daily,2022-10-18,2024-06-05,Dr. M. O'Brien,Completed
MED004621,P2533,Ramipril,5mg,Once daily,2023-09-07,,Dr. Y. Tanaka,Active
MED004622,P2534,Ibuprofen,400mg,Three times daily with food,2023-03-15,,Dr. M. O'Brien,Active
MED004623,P2534,Omeprazole,20mg,Once daily before breakfast,2022-08-25,2024-05-09,Dr. J. Nkosi,Completed
MED004624,P2535,Ibuprofen,400mg,Three times daily with food,2023-01-16,,Dr. Y. Tanaka,Active
MED004625,P2535,Furosemide,40mg,Once daily in morning,2023-10-16,,Dr. J. Nkosi,Active
MED004626,P2536,Prednisolone,5mg,Once daily,2023-09-01,2024-02-09,Dr. S. Khan,Completed
MED004627,P2536,Sertraline,50mg,Once daily,2023-02-03,,Dr. S. Khan,Active
MED004628,P2536,Atorvastatin,20mg,Once daily at night,2022-05-29,,Dr. C. Müller,Active
MED004629,P2536,Ramipril,5mg,Once daily,2022-09-16,,Dr. C. Müller,Active
MED004630,P2537,Warfarin,3mg,Once daily,2022-12-29,,Dr. Y. Tanaka,Active
MED004631,P2537,Paracetamol,500mg,Up to four times daily,2022-04-06,,Dr. S. Khan,Active
MED004632,P2537,Furosemide,40mg,Once daily in morning,2023-10-30,,Dr. J. Nkosi,Active
MED004633,P2537,Gabapentin,300mg,Three times daily,2022-08-20,2024-07-21,Dr. M. O'Brien,Completed
MED004634,P2537,Metformin,500mg,Twice daily,2023-10-10,,Dr. R. Singh,Active
MED004635,P2538,Amlodipine,5mg,Once daily,2022-12-10,,Dr. L. Torres,Active
MED004636,P2538,Lisinopril,10mg,Once daily,2022-04-26,,Dr. A. Patel,Active
MED004637,P2538,Bisoprolol,2.5mg,Once daily,2023-12-25,,Dr. L. Torres,Active
MED004638,P2539,Atorvastatin,20mg,Once daily at night,2022-08-27,,Dr. M. O'Brien,Active
MED004639,P2540,Omeprazole,20mg,Once daily before breakfast,2022-05-16,2024-08-21,Dr. J. Nkosi,Completed
MED004640,P2541,Aspirin,75mg,Once daily,2023-07-06,,Dr. C. Müller,Active
MED004641,P2541,Omeprazole,20mg,Once daily before breakfast,2023-03-08,2024-09-03,Dr. A. Patel,Completed
MED004642,P2541,Insulin Glargine,10 units,Once daily at bedtime,2023-10-02,,Dr. C. Müller,Active
MED004643,P2541,Metformin,500mg,Twice daily,2022-10-18,,Dr. C. Müller,Active
MED004644,P2541,Warfarin,3mg,Once daily,2022-08-22,,Dr. Y. Tanaka,Active
MED004645,P2542,Insulin Glargine,10 units,Once daily at bedtime,2023-08-13,2024-10-18,Dr. R. Singh,Completed
MED004646,P2542,Prednisolone,5mg,Once daily,2023-08-11,,Dr. S. Khan,Active
MED004647,P2542,Lisinopril,10mg,Once daily,2022-03-30,,Dr. M. O'Brien,Active
MED004648,P2543,Amoxicillin,500mg,Three times daily,2022-11-24,2024-10-18,Dr. J. Nkosi,Completed
MED004649,P2543,Levothyroxine,50mcg,Once daily,2022-05-30,,Dr. R. Singh,Active
MED004650,P2543,Bisoprolol,2.5mg,Once daily,2022-07-14,2024-07-17,Dr. L. Torres,Completed
MED004651,P2543,Clopidogrel,75mg,Once daily,2023-05-28,,Dr. J. Nkosi,Active
MED004652,P2543,Prednisolone,5mg,Once daily,2023-12-05,,Dr. A. Patel,Active
MED004653,P2544,Ramipril,5mg,Once daily,2022-01-14,,Dr. R. Singh,Active
MED004654,P2545,Bisoprolol,2.5mg,Once daily,2022-08-31,,Dr. C. Müller,Active
MED004655,P2545,Aspirin,75mg,Once daily,2023-09-16,2024-02-20,Dr. C. Müller,Completed
MED004656,P2546,Levothyroxine,50mcg,Once daily,2022-04-06,,Dr. C. Müller,Active
MED004657,P2546,Lisinopril,10mg,Once daily,2022-10-28,,Dr. L. Torres,Active
MED004658,P2546,Atorvastatin,20mg,Once daily at night,2023-02-27,,Dr. M. O'Brien,Active
MED004659,P2546,Sertraline,50mg,Once daily,2022-07-16,,Dr. R. Singh,Active
MED004660,P2547,Ibuprofen,400mg,Three times daily with food,2022-02-23,,Dr. A. Patel,Active
MED004661,P2547,Prednisolone,5mg,Once daily,2022-10-16,,Dr. J. Nkosi,Active
MED004662,P2547,Omeprazole,20mg,Once daily before breakfast,2022-07-11,2024-01-21,Dr. A. Patel,Completed
MED004663,P2547,Insulin Glargine,10 units,Once daily at bedtime,2023-06-25,,Dr. L. Torres,Active
MED004664,P2547,Amlodipine,5mg,Once daily,2023-11-07,2024-10-15,Dr. S. Khan,Completed
MED004665,P2548,Salbutamol,100mcg,As required,2022-09-09,2024-01-11,Dr. R. Singh,Completed
MED004666,P2548,Paracetamol,500mg,Up to four times daily,2022-08-06,,Dr. J. Nkosi,Active
MED004667,P2549,Aspirin,75mg,Once daily,2023-10-01,,Dr. L. Torres,Active
MED004668,P2550,Aspirin,75mg,Once daily,2022-09-01,,Dr. S. Khan,Active
MED004669,P2550,Amoxicillin,500mg,Three times daily,2023-03-18,2024-02-13,Dr. A. Patel,Completed
MED004670,P2550,Omeprazole,20mg,Once daily before breakfast,2023-11-11,,Dr. Y. Tanaka,Active
MED004671,P2551,Prednisolone,5mg,Once daily,2023-12-31,,Dr. S. Khan,Active
MED004672,P2551,Bisoprolol,2.5mg,Once daily,2022-05-10,,Dr. S. Khan,Active
MED004673,P2552,Lisinopril,10mg,Once daily,2023-01-06,,Dr. A. Patel,Active
MED004674,P2553,Metformin,500mg,Twice daily,2023-07-31,,Dr. A. Patel,Active
MED004675,P2553,Ibuprofen,400mg,Three times daily with food,2022-10-16,,Dr. M. O'Brien,Active
MED004676,P2553,Amoxicillin,500mg,Three times daily,2023-12-18,2024-08-12,Dr. Y. Tanaka,Completed
MED004677,P2553,Levothyroxine,50mcg,Once daily,2023-11-21,,Dr. C. Müller,Active
MED004678,P2554,Lisinopril,10mg,Once daily,2022-02-21,,Dr. L. Torres,Active
MED004679,P2554,Metformin,500mg,Twice daily,2022-12-09,2024-11-01,Dr. L. Torres,Completed
MED004680,P2555,Omeprazole,20mg,Once daily before breakfast,2023-01-28,,Dr. J. Nkosi,Active
MED004681,P2555,Bisoprolol,2.5mg,Once daily,2022-06-18,,Dr. L. Torres,Active
MED004682,P2556,Aspirin,75mg,Once daily,2023-01-23,,Dr. J. Nkosi,Active
MED004683,P2556,Furosemide,40mg,Once daily in morning,2022-08-22,,Dr. Y. Tanaka,Active
MED004684,P2556,Amlodipine,5mg,Once daily,2023-01-17,2024-12-05,Dr. L. Torres,Completed
MED004685,P2556,Ibuprofen,400mg,Three times daily with food,2022-11-13,,Dr. L. Torres,Active
MED004686,P2557,Ramipril,5mg,Once daily,2023-03-02,2024-02-07,Dr. C. Müller,Completed
MED004687,P2557,Atorvastatin,20mg,Once daily at night,2022-03-25,,Dr. Y. Tanaka,Active
MED004688,P2557,Ibuprofen,400mg,Three times daily with food,2023-12-30,,Dr. A. Patel,Active
MED004689,P2557,Levothyroxine,50mcg,Once daily,2023-05-12,2024-03-24,Dr. M. O'Brien,Completed
MED004690,P2557,Bisoprolol,2.5mg,Once daily,2023-11-05,,Dr. R. Singh,Active
MED004691,P2558,Salbutamol,100mcg,As required,2023-09-07,2024-01-17,Dr. S. Khan,Completed
MED004692,P2558,Amoxicillin,500mg,Three times daily,2022-08-05,,Dr. S. Khan,Active
MED004693,P2558,Ramipril,5mg,Once daily,2022-01-07,2024-06-13,Dr. Y. Tanaka,Completed
MED004694,P2558,Warfarin,3mg,Once daily,2023-07-23,,Dr. M. O'Brien,Active
MED004695,P2558,Bisoprolol,2.5mg,Once daily,2023-11-20,2024-04-28,Dr. R. Singh,Completed
MED004696,P2559,Insulin Glargine,10 units,Once daily at bedtime,2023-11-04,2024-05-29,Dr. M. O'Brien,Completed
MED004697,P2559,Omeprazole,20mg,Once daily before breakfast,2022-05-28,,Dr. S. Khan,Active
MED004698,P2559,Bisoprolol,2.5mg,Once daily,2022-01-18,2024-11-21,Dr. L. Torres,Completed
MED004699,P2559,Salbutamol,100mcg,As required,2022-05-25,2024-01-03,Dr. R. Singh,Completed
MED004700,P2559,Gabapentin,300mg,Three times daily,2023-01-26,,Dr. R. Singh,Active
MED004701,P2560,Paracetamol,500mg,Up to four times daily,2022-04-21,,Dr. M. O'Brien,Active
MED004702,P2560,Insulin Glargine,10 units,Once daily at bedtime,2023-01-01,,Dr. Y. Tanaka,Active
MED004703,P2560,Amlodipine,5mg,Once daily,2022-09-22,2024-03-29,Dr. S. Khan,Completed
MED004704,P2560,Warfarin,3mg,Once daily,2022-01-29,,Dr. J. Nkosi,Active
MED004705,P2561,Prednisolone,5mg,Once daily,2023-12-23,2024-11-05,Dr. C. Müller,Completed
MED004706,P2561,Amoxicillin,500mg,Three times daily,2022-09-25,,Dr. A. Patel,Active
MED004707,P2561,Bisoprolol,2.5mg,Once daily,2022-06-03,,Dr. C. Müller,Active
MED004708,P2561,Amlodipine,5mg,Once daily,2023-11-12,,Dr. Y. Tanaka,Active
MED004709,P2561,Ramipril,5mg,Once daily,2022-10-26,,Dr. R. Singh,Active
MED004710,P2562,Lisinopril,10mg,Once daily,2023-04-02,,Dr. C. Müller,Active
MED004711,P2563,Lisinopril,10mg,Once daily,2023-12-02,,Dr. R. Singh,Active
MED004712,P2563,Omeprazole,20mg,Once daily before breakfast,2023-12-09,,Dr. C. Müller,Active
MED004713,P2563,Salbutamol,100mcg,As required,2023-03-12,,Dr. C. Müller,Active
MED004714,P2563,Ibuprofen,400mg,Three times daily with food,2023-08-01,2024-08-09,Dr. R. Singh,Completed
MED004715,P2564,Metformin,500mg,Twice daily,2023-04-11,,Dr. C. Müller,Active
MED004716,P2564,Aspirin,75mg,Once daily,2023-09-22,,Dr. L. Torres,Active
MED004717,P2564,Prednisolone,5mg,Once daily,2023-07-12,2024-12-31,Dr. L. Torres,Completed
MED004718,P2564,Gabapentin,300mg,Three times daily,2022-11-17,,Dr. J. Nkosi,Active
MED004719,P2564,Ibuprofen,400mg,Three times daily with food,2022-10-29,2024-08-19,Dr. M. O'Brien,Completed
MED004720,P2565,Metformin,500mg,Twice daily,2022-04-22,2024-12-05,Dr. C. Müller,Completed
MED004721,P2566,Ramipril,5mg,Once daily,2022-08-29,,Dr. L. Torres,Active
MED004722,P2566,Furosemide,40mg,Once daily in morning,2022-06-27,,Dr. A. Patel,Active
MED004723,P2566,Aspirin,75mg,Once daily,2022-10-22,,Dr. R. Singh,Active
MED004724,P2566,Amoxicillin,500mg,Three times daily,2022-08-21,,Dr. R. Singh,Active
MED004725,P2566,Atorvastatin,20mg,Once daily at night,2022-06-12,2024-09-09,Dr. A. Patel,Completed
MED004726,P2567,Ibuprofen,400mg,Three times daily with food,2023-05-22,,Dr. J. Nkosi,Active
MED004727,P2567,Omeprazole,20mg,Once daily before breakfast,2022-02-14,,Dr. A. Patel,Active
MED004728,P2567,Warfarin,3mg,Once daily,2022-05-29,,Dr. A. Patel,Active
MED004729,P2568,Metformin,500mg,Twice daily,2022-07-15,2024-09-05,Dr. Y. Tanaka,Completed
MED004730,P2568,Salbutamol,100mcg,As required,2023-08-02,,Dr. A. Patel,Active
MED004731,P2569,Omeprazole,20mg,Once daily before breakfast,2022-04-02,,Dr. J. Nkosi,Active
MED004732,P2570,Ramipril,5mg,Once daily,2023-07-11,,Dr. R. Singh,Active
MED004733,P2570,Amoxicillin,500mg,Three times daily,2023-01-15,,Dr. C. Müller,Active
MED004734,P2571,Ibuprofen,400mg,Three times daily with food,2023-07-25,2024-07-15,Dr. J. Nkosi,Completed
MED004735,P2571,Lisinopril,10mg,Once daily,2022-03-14,,Dr. R. Singh,Active
MED004736,P2572,Salbutamol,100mcg,As required,2023-03-19,,Dr. C. Müller,Active
MED004737,P2572,Prednisolone,5mg,Once daily,2022-10-05,,Dr. C. Müller,Active
MED004738,P2572,Metformin,500mg,Twice daily,2022-05-24,,Dr. A. Patel,Active
MED004739,P2573,Sertraline,50mg,Once daily,2022-03-29,2024-07-24,Dr. R. Singh,Completed
MED004740,P2573,Atorvastatin,20mg,Once daily at night,2022-09-14,,Dr. J. Nkosi,Active
MED004741,P2573,Warfarin,3mg,Once daily,2023-05-10,2024-03-25,Dr. S. Khan,Completed
MED004742,P2573,Furosemide,40mg,Once daily in morning,2022-11-07,2024-03-14,Dr. J. Nkosi,Completed
MED004743,P2574,Paracetamol,500mg,Up to four times daily,2022-01-28,2024-09-28,Dr. R. Singh,Completed
MED004744,P2574,Clopidogrel,75mg,Once daily,2022-10-05,,Dr. A. Patel,Active
MED004745,P2574,Amoxicillin,500mg,Three times daily,2023-02-21,,Dr. J. Nkosi,Active
MED004746,P2574,Ibuprofen,400mg,Three times daily with food,2022-12-15,,Dr. C. Müller,Active
MED004747,P2574,Metformin,500mg,Twice daily,2022-09-03,,Dr. S. Khan,Active
MED004748,P2575,Bisoprolol,2.5mg,Once daily,2022-11-01,,Dr. J. Nkosi,Active
MED004749,P2575,Sertraline,50mg,Once daily,2023-10-31,2024-01-24,Dr. C. Müller,Completed
MED004750,P2576,Amlodipine,5mg,Once daily,2023-05-21,,Dr. A. Patel,Active
MED004751,P2576,Bisoprolol,2.5mg,Once daily,2022-05-13,,Dr. A. Patel,Active
MED004752,P2577,Metformin,500mg,Twice daily,2022-09-01,,Dr. C. Müller,Active
MED004753,P2577,Paracetamol,500mg,Up to four times daily,2023-07-04,2024-02-16,Dr. C. Müller,Completed
MED004754,P2577,Ramipril,5mg,Once daily,2023-09-16,,Dr. C. Müller,Active
MED004755,P2577,Ibuprofen,400mg,Three times daily with food,2022-01-17,,Dr. A. Patel,Active
MED004756,P2578,Warfarin,3mg,Once daily,2022-02-15,,Dr. J. Nkosi,Active
MED004757,P2578,Insulin Glargine,10 units,Once daily at bedtime,2022-03-08,,Dr. L. Torres,Active
MED004758,P2578,Amlodipine,5mg,Once daily,2023-08-11,,Dr. L. Torres,Active
MED004759,P2579,Clopidogrel,75mg,Once daily,2022-03-29,,Dr. A. Patel,Active
MED004760,P2579,Atorvastatin,20mg,Once daily at night,2022-07-11,,Dr. Y. Tanaka,Active
MED004761,P2579,Warfarin,3mg,Once daily,2023-09-17,,Dr. M. O'Brien,Active
MED004762,P2580,Aspirin,75mg,Once daily,2022-12-08,,Dr. L. Torres,Active
MED004763,P2580,Omeprazole,20mg,Once daily before breakfast,2022-04-20,,Dr. L. Torres,Active
MED004764,P2580,Sertraline,50mg,Once daily,2022-12-20,,Dr. A. Patel,Active
MED004765,P2580,Prednisolone,5mg,Once daily,2023-06-18,,Dr. A. Patel,Active
MED004766,P2581,Warfarin,3mg,Once daily,2022-08-27,2024-10-25,Dr. S. Khan,Completed
MED004767,P2581,Amlodipine,5mg,Once daily,2023-12-28,,Dr. S. Khan,Active
MED004768,P2581,Ramipril,5mg,Once daily,2023-03-03,,Dr. S. Khan,Active
MED004769,P2581,Insulin Glargine,10 units,Once daily at bedtime,2022-09-09,,Dr. J. Nkosi,Active
MED004770,P2582,Warfarin,3mg,Once daily,2022-10-26,,Dr. M. O'Brien,Active
MED004771,P2582,Bisoprolol,2.5mg,Once daily,2023-07-01,2024-12-06,Dr. J. Nkosi,Completed
MED004772,P2583,Aspirin,75mg,Once daily,2022-09-21,2024-07-10,Dr. S. Khan,Completed
MED004773,P2583,Warfarin,3mg,Once daily,2023-02-19,,Dr. L. Torres,Active
MED004774,P2584,Lisinopril,10mg,Once daily,2023-02-24,,Dr. R. Singh,Active
MED004775,P2584,Sertraline,50mg,Once daily,2023-09-19,2024-07-30,Dr. Y. Tanaka,Completed
MED004776,P2584,Aspirin,75mg,Once daily,2022-11-05,,Dr. A. Patel,Active
MED004777,P2584,Amoxicillin,500mg,Three times daily,2023-10-08,,Dr. L. Torres,Active
MED004778,P2585,Lisinopril,10mg,Once daily,2023-11-17,,Dr. S. Khan,Active
MED004779,P2585,Paracetamol,500mg,Up to four times daily,2022-05-23,,Dr. A. Patel,Active
MED004780,P2585,Amlodipine,5mg,Once daily,2023-02-07,2024-12-22,Dr. M. O'Brien,Completed
MED004781,P2585,Insulin Glargine,10 units,Once daily at bedtime,2022-06-01,2024-10-08,Dr. Y. Tanaka,Completed
MED004782,P2585,Prednisolone,5mg,Once daily,2022-03-10,,Dr. A. Patel,Active
MED004783,P2586,Ibuprofen,400mg,Three times daily with food,2022-02-03,,Dr. A. Patel,Active
MED004784,P2586,Furosemide,40mg,Once daily in morning,2023-11-22,,Dr. M. O'Brien,Active
MED004785,P2586,Warfarin,3mg,Once daily,2022-04-26,,Dr. Y. Tanaka,Active
MED004786,P2586,Sertraline,50mg,Once daily,2023-09-28,,Dr. C. Müller,Active
MED004787,P2587,Paracetamol,500mg,Up to four times daily,2023-12-08,,Dr. A. Patel,Active
MED004788,P2587,Amlodipine,5mg,Once daily,2022-03-26,,Dr. C. Müller,Active
MED004789,P2587,Levothyroxine,50mcg,Once daily,2022-03-13,2024-08-11,Dr. C. Müller,Completed
MED004790,P2588,Sertraline,50mg,Once daily,2023-08-19,,Dr. M. O'Brien,Active
MED004791,P2588,Insulin Glargine,10 units,Once daily at bedtime,2023-01-16,2024-03-10,Dr. A. Patel,Completed
MED004792,P2589,Warfarin,3mg,Once daily,2022-10-09,2024-03-18,Dr. L. Torres,Completed
MED004793,P2589,Lisinopril,10mg,Once daily,2023-05-27,2024-10-27,Dr. Y. Tanaka,Completed
MED004794,P2590,Furosemide,40mg,Once daily in morning,2023-09-14,2024-10-03,Dr. A. Patel,Completed
MED004795,P2590,Lisinopril,10mg,Once daily,2023-10-19,2024-07-11,Dr. J. Nkosi,Completed
MED004796,P2590,Bisoprolol,2.5mg,Once daily,2022-12-11,,Dr. A. Patel,Active
MED004797,P2590,Insulin Glargine,10 units,Once daily at bedtime,2022-02-13,,Dr. M. O'Brien,Active
MED004798,P2590,Atorvastatin,20mg,Once daily at night,2023-04-06,,Dr. M. O'Brien,Active
MED004799,P2591,Atorvastatin,20mg,Once daily at night,2022-04-19,2024-04-02,Dr. A. Patel,Completed
MED004800,P2591,Paracetamol,500mg,Up to four times daily,2022-12-21,,Dr. L. Torres,Active
MED004801,P2591,Lisinopril,10mg,Once daily,2022-03-11,,Dr. J. Nkosi,Active
MED004802,P2591,Salbutamol,100mcg,As required,2023-02-05,,Dr. M. O'Brien,Active
MED004803,P2591,Prednisolone,5mg,Once daily,2023-01-20,,Dr. J. Nkosi,Active
MED004804,P2592,Ramipril,5mg,Once daily,2023-12-06,,Dr. L. Torres,Active
MED004805,P2593,Amlodipine,5mg,Once daily,2023-06-08,2024-06-21,Dr. M. O'Brien,Completed
MED004806,P2593,Paracetamol,500mg,Up to four times daily,2022-04-22,,Dr. J. Nkosi,Active
MED004807,P2593,Amoxicillin,500mg,Three times daily,2023-07-12,,Dr. M. O'Brien,Active
MED004808,P2593,Atorvastatin,20mg,Once daily at night,2022-05-18,2024-11-11,Dr. J. Nkosi,Completed
MED004809,P2594,Atorvastatin,20mg,Once daily at night,2022-11-15,,Dr. J. Nkosi,Active
MED004810,P2595,Atorvastatin,20mg,Once daily at night,2023-01-07,,Dr. L. Torres,Active
MED004811,P2596,Gabapentin,300mg,Three times daily,2023-10-01,,Dr. J. Nkosi,Active
MED004812,P2596,Paracetamol,500mg,Up to four times daily,2022-03-22,,Dr. M. O'Brien,Active
MED004813,P2596,Amlodipine,5mg,Once daily,2022-01-18,,Dr. A. Patel,Active
MED004814,P2596,Salbutamol,100mcg,As required,2022-11-18,,Dr. R. Singh,Active
MED004815,P2597,Ramipril,5mg,Once daily,2022-10-11,,Dr. S. Khan,Active
MED004816,P2597,Aspirin,75mg,Once daily,2022-05-14,,Dr. J. Nkosi,Active
MED004817,P2597,Amoxicillin,500mg,Three times daily,2023-07-03,,Dr. L. Torres,Active
MED004818,P2598,Atorvastatin,20mg,Once daily at night,2023-03-25,2024-02-11,Dr. L. Torres,Completed
MED004819,P2598,Amlodipine,5mg,Once daily,2023-06-25,,Dr. L. Torres,Active
MED004820,P2599,Paracetamol,500mg,Up to four times daily,2022-01-05,,Dr. M. O'Brien,Active
MED004821,P2599,Bisoprolol,2.5mg,Once daily,2022-02-23,,Dr. S. Khan,Active
MED004822,P2600,Prednisolone,5mg,Once daily,2022-06-01,,Dr. M. O'Brien,Active
MED004823,P2600,Ibuprofen,400mg,Three times daily with food,2022-10-06,2024-02-28,Dr. C. Müller,Completed
MED004824,P2600,Metformin,500mg,Twice daily,2022-06-26,,Dr. A. Patel,Active
MED004825,P2600,Insulin Glargine,10 units,Once daily at bedtime,2022-03-31,,Dr. A. Patel,Active
MED004826,P2600,Bisoprolol,2.5mg,Once daily,2023-04-21,2024-03-28,Dr. S. Khan,Completed
MED004827,P2601,Paracetamol,500mg,Up to four times daily,2022-06-03,2024-10-11,Dr. A. Patel,Completed
MED004828,P2601,Furosemide,40mg,Once daily in morning,2023-03-18,,Dr. R. Singh,Active
MED004829,P2601,Metformin,500mg,Twice daily,2023-10-21,2024-06-20,Dr. C. Müller,Completed
MED004830,P2601,Clopidogrel,75mg,Once daily,2023-01-06,,Dr. J. Nkosi,Active
MED004831,P2601,Ibuprofen,400mg,Three times daily with food,2022-10-14,,Dr. A. Patel,Active
MED004832,P2602,Omeprazole,20mg,Once daily before breakfast,2023-03-22,,Dr. Y. Tanaka,Active
MED004833,P2603,Insulin Glargine,10 units,Once daily at bedtime,2022-03-12,,Dr. Y. Tanaka,Active
MED004834,P2604,Sertraline,50mg,Once daily,2022-08-04,,Dr. C. Müller,Active
MED004835,P2604,Ramipril,5mg,Once daily,2022-04-07,,Dr. C. Müller,Active
MED004836,P2604,Clopidogrel,75mg,Once daily,2023-08-28,,Dr. L. Torres,Active
MED004837,P2604,Salbutamol,100mcg,As required,2022-06-26,,Dr. S. Khan,Active
MED004838,P2605,Furosemide,40mg,Once daily in morning,2022-01-26,,Dr. L. Torres,Active
MED004839,P2605,Gabapentin,300mg,Three times daily,2023-09-13,2024-10-24,Dr. L. Torres,Completed
MED004840,P2605,Aspirin,75mg,Once daily,2023-02-27,,Dr. Y. Tanaka,Active
MED004841,P2605,Ramipril,5mg,Once daily,2023-02-15,,Dr. C. Müller,Active
MED004842,P2605,Metformin,500mg,Twice daily,2023-02-25,,Dr. S. Khan,Active
MED004843,P2606,Furosemide,40mg,Once daily in morning,2022-01-21,,Dr. M. O'Brien,Active
MED004844,P2606,Paracetamol,500mg,Up to four times daily,2022-03-03,,Dr. Y. Tanaka,Active
MED004845,P2606,Metformin,500mg,Twice daily,2022-08-25,,Dr. C. Müller,Active
MED004846,P2606,Prednisolone,5mg,Once daily,2023-02-16,,Dr. Y. Tanaka,Active
MED004847,P2606,Atorvastatin,20mg,Once daily at night,2022-04-29,,Dr. R. Singh,Active
MED004848,P2607,Aspirin,75mg,Once daily,2022-09-29,2024-04-27,Dr. C. Müller,Completed
MED004849,P2607,Gabapentin,300mg,Three times daily,2022-11-18,2024-07-15,Dr. Y. Tanaka,Completed
MED004850,P2607,Metformin,500mg,Twice daily,2023-11-26,,Dr. J. Nkosi,Active
MED004851,P2607,Bisoprolol,2.5mg,Once daily,2023-10-27,,Dr. Y. Tanaka,Active
MED004852,P2608,Furosemide,40mg,Once daily in morning,2022-01-30,,Dr. J. Nkosi,Active
MED004853,P2608,Gabapentin,300mg,Three times daily,2022-12-19,,Dr. J. Nkosi,Active
MED004854,P2609,Aspirin,75mg,Once daily,2022-05-01,,Dr. S. Khan,Active
MED004855,P2610,Amlodipine,5mg,Once daily,2023-09-13,,Dr. S. Khan,Active
MED004856,P2611,Clopidogrel,75mg,Once daily,2023-06-24,2024-05-19,Dr. C. Müller,Completed
MED004857,P2611,Gabapentin,300mg,Three times daily,2022-04-07,2024-02-12,Dr. S. Khan,Completed
MED004858,P2612,Bisoprolol,2.5mg,Once daily,2022-12-01,,Dr. A. Patel,Active
MED004859,P2613,Paracetamol,500mg,Up to four times daily,2022-06-20,2024-12-17,Dr. L. Torres,Completed
MED004860,P2613,Atorvastatin,20mg,Once daily at night,2022-12-16,,Dr. J. Nkosi,Active
MED004861,P2613,Metformin,500mg,Twice daily,2023-06-08,,Dr. R. Singh,Active
MED004862,P2613,Gabapentin,300mg,Three times daily,2023-09-16,,Dr. C. Müller,Active
MED004863,P2614,Amoxicillin,500mg,Three times daily,2022-11-26,2024-05-21,Dr. C. Müller,Completed
MED004864,P2614,Levothyroxine,50mcg,Once daily,2023-07-14,,Dr. C. Müller,Active
MED004865,P2615,Aspirin,75mg,Once daily,2022-07-15,,Dr. J. Nkosi,Active
MED004866,P2615,Bisoprolol,2.5mg,Once daily,2023-02-05,2024-12-15,Dr. R. Singh,Completed
MED004867,P2615,Metformin,500mg,Twice daily,2023-05-05,,Dr. A. Patel,Active
MED004868,P2615,Amlodipine,5mg,Once daily,2023-06-15,2024-02-02,Dr. A. Patel,Completed
MED004869,P2616,Ibuprofen,400mg,Three times daily with food,2023-03-14,,Dr. C. Müller,Active
MED004870,P2616,Prednisolone,5mg,Once daily,2022-03-07,2024-12-31,Dr. L. Torres,Completed
MED004871,P2616,Ramipril,5mg,Once daily,2023-02-11,2024-06-30,Dr. R. Singh,Completed
MED004872,P2616,Bisoprolol,2.5mg,Once daily,2023-04-04,,Dr. J. Nkosi,Active
MED004873,P2617,Metformin,500mg,Twice daily,2022-02-14,,Dr. C. Müller,Active
MED004874,P2618,Prednisolone,5mg,Once daily,2023-05-01,,Dr. S. Khan,Active
MED004875,P2618,Paracetamol,500mg,Up to four times daily,2022-10-07,,Dr. S. Khan,Active
MED004876,P2618,Levothyroxine,50mcg,Once daily,2022-06-30,,Dr. R. Singh,Active
MED004877,P2618,Aspirin,75mg,Once daily,2022-05-15,,Dr. C. Müller,Active
MED004878,P2619,Bisoprolol,2.5mg,Once daily,2022-10-10,,Dr. A. Patel,Active
MED004879,P2619,Ibuprofen,400mg,Three times daily with food,2022-03-09,,Dr. R. Singh,Active
MED004880,P2619,Salbutamol,100mcg,As required,2023-07-19,,Dr. C. Müller,Active
MED004881,P2620,Levothyroxine,50mcg,Once daily,2023-01-05,2024-03-27,Dr. J. Nkosi,Completed
MED004882,P2620,Gabapentin,300mg,Three times daily,2022-06-02,2024-03-11,Dr. J. Nkosi,Completed
MED004883,P2620,Aspirin,75mg,Once daily,2022-02-03,,Dr. S. Khan,Active
MED004884,P2620,Paracetamol,500mg,Up to four times daily,2022-05-20,2024-10-24,Dr. L. Torres,Completed
MED004885,P2620,Prednisolone,5mg,Once daily,2022-07-19,,Dr. S. Khan,Active
MED004886,P2621,Metformin,500mg,Twice daily,2022-06-02,,Dr. J. Nkosi,Active
MED004887,P2621,Lisinopril,10mg,Once daily,2023-08-09,2024-06-07,Dr. M. O'Brien,Completed
MED004888,P2621,Clopidogrel,75mg,Once daily,2023-11-20,,Dr. A. Patel,Active
MED004889,P2622,Gabapentin,300mg,Three times daily,2022-11-06,2024-08-14,Dr. Y. Tanaka,Completed
MED004890,P2623,Clopidogrel,75mg,Once daily,2023-06-06,2024-05-31,Dr. R. Singh,Completed
MED004891,P2623,Lisinopril,10mg,Once daily,2022-04-10,2024-10-29,Dr. C. Müller,Completed
MED004892,P2623,Aspirin,75mg,Once daily,2023-12-18,,Dr. Y. Tanaka,Active
MED004893,P2624,Aspirin,75mg,Once daily,2022-10-31,,Dr. S. Khan,Active
MED004894,P2625,Gabapentin,300mg,Three times daily,2023-10-22,,Dr. Y. Tanaka,Active
MED004895,P2625,Ramipril,5mg,Once daily,2023-04-20,,Dr. Y. Tanaka,Active
MED004896,P2625,Levothyroxine,50mcg,Once daily,2022-10-07,,Dr. C. Müller,Active
MED004897,P2625,Paracetamol,500mg,Up to four times daily,2023-03-28,,Dr. A. Patel,Active
MED004898,P2626,Omeprazole,20mg,Once daily before breakfast,2022-03-17,,Dr. M. O'Brien,Active
MED004899,P2626,Lisinopril,10mg,Once daily,2023-05-11,,Dr. A. Patel,Active
MED004900,P2626,Ibuprofen,400mg,Three times daily with food,2022-02-26,,Dr. L. Torres,Active
MED004901,P2626,Aspirin,75mg,Once daily,2023-02-07,2024-09-29,Dr. Y. Tanaka,Completed
MED004902,P2627,Levothyroxine,50mcg,Once daily,2023-11-09,,Dr. C. Müller,Active
MED004903,P2627,Furosemide,40mg,Once daily in morning,2022-07-15,,Dr. R. Singh,Active
MED004904,P2628,Paracetamol,500mg,Up to four times daily,2022-08-09,,Dr. M. O'Brien,Active
MED004905,P2628,Bisoprolol,2.5mg,Once daily,2022-11-18,,Dr. Y. Tanaka,Active
MED004906,P2628,Lisinopril,10mg,Once daily,2022-10-08,,Dr. L. Torres,Active
MED004907,P2628,Atorvastatin,20mg,Once daily at night,2022-11-16,,Dr. S. Khan,Active
MED004908,P2628,Amoxicillin,500mg,Three times daily,2022-07-30,2024-10-01,Dr. S. Khan,Completed
MED004909,P2629,Warfarin,3mg,Once daily,2023-03-07,,Dr. J. Nkosi,Active
MED004910,P2629,Atorvastatin,20mg,Once daily at night,2022-08-30,,Dr. M. O'Brien,Active
MED004911,P2629,Bisoprolol,2.5mg,Once daily,2023-09-30,,Dr. L. Torres,Active
MED004912,P2630,Amlodipine,5mg,Once daily,2023-12-01,,Dr. Y. Tanaka,Active
MED004913,P2630,Amoxicillin,500mg,Three times daily,2022-11-01,2024-03-09,Dr. L. Torres,Completed
MED004914,P2630,Levothyroxine,50mcg,Once daily,2023-06-26,,Dr. A. Patel,Active
MED004915,P2630,Warfarin,3mg,Once daily,2022-04-22,,Dr. Y. Tanaka,Active
MED004916,P2631,Ibuprofen,400mg,Three times daily with food,2023-09-12,,Dr. L. Torres,Active
MED004917,P2632,Atorvastatin,20mg,Once daily at night,2023-12-15,2024-07-02,Dr. M. O'Brien,Completed
MED004918,P2632,Sertraline,50mg,Once daily,2023-05-21,,Dr. A. Patel,Active
MED004919,P2632,Aspirin,75mg,Once daily,2023-04-22,,Dr. J. Nkosi,Active
MED004920,P2632,Ibuprofen,400mg,Three times daily with food,2023-03-12,2024-05-02,Dr. M. O'Brien,Completed
MED004921,P2632,Paracetamol,500mg,Up to four times daily,2022-02-06,,Dr. C. Müller,Active
MED004922,P2633,Aspirin,75mg,Once daily,2022-07-18,,Dr. S. Khan,Active
MED004923,P2633,Clopidogrel,75mg,Once daily,2023-10-20,,Dr. Y. Tanaka,Active
MED004924,P2634,Clopidogrel,75mg,Once daily,2022-01-27,,Dr. C. Müller,Active
MED004925,P2634,Atorvastatin,20mg,Once daily at night,2023-02-01,2024-11-02,Dr. C. Müller,Completed
MED004926,P2634,Lisinopril,10mg,Once daily,2023-04-14,,Dr. Y. Tanaka,Active
MED004927,P2634,Gabapentin,300mg,Three times daily,2023-08-27,,Dr. C. Müller,Active
MED004928,P2634,Bisoprolol,2.5mg,Once daily,2023-09-01,,Dr. S. Khan,Active
MED004929,P2635,Aspirin,75mg,Once daily,2022-04-07,,Dr. S. Khan,Active
MED004930,P2635,Warfarin,3mg,Once daily,2023-03-20,,Dr. M. O'Brien,Active
MED004931,P2635,Gabapentin,300mg,Three times daily,2023-02-21,,Dr. R. Singh,Active
MED004932,P2635,Ibuprofen,400mg,Three times daily with food,2023-08-18,,Dr. A. Patel,Active
MED004933,P2636,Bisoprolol,2.5mg,Once daily,2023-04-08,2024-03-12,Dr. S. Khan,Completed
MED004934,P2636,Aspirin,75mg,Once daily,2022-12-29,2024-11-13,Dr. Y. Tanaka,Completed
MED004935,P2636,Lisinopril,10mg,Once daily,2023-10-29,,Dr. C. Müller,Active
MED004936,P2636,Omeprazole,20mg,Once daily before breakfast,2022-06-07,,Dr. S. Khan,Active
MED004937,P2637,Ibuprofen,400mg,Three times daily with food,2023-07-22,,Dr. M. O'Brien,Active
MED004938,P2637,Bisoprolol,2.5mg,Once daily,2023-03-18,,Dr. C. Müller,Active
MED004939,P2637,Salbutamol,100mcg,As required,2022-04-05,,Dr. L. Torres,Active
MED004940,P2637,Omeprazole,20mg,Once daily before breakfast,2022-01-10,,Dr. R. Singh,Active
MED004941,P2638,Omeprazole,20mg,Once daily before breakfast,2022-01-18,,Dr. M. O'Brien,Active
MED004942,P2639,Amoxicillin,500mg,Three times daily,2022-01-13,2024-05-16,Dr. Y. Tanaka,Completed
MED004943,P2639,Ibuprofen,400mg,Three times daily with food,2023-05-11,2024-12-24,Dr. R. Singh,Completed
MED004944,P2639,Ramipril,5mg,Once daily,2023-06-23,,Dr. M. O'Brien,Active
MED004945,P2639,Gabapentin,300mg,Three times daily,2023-05-20,,Dr. S. Khan,Active
MED004946,P2640,Furosemide,40mg,Once daily in morning,2022-08-28,2024-10-15,Dr. S. Khan,Completed
MED004947,P2640,Amoxicillin,500mg,Three times daily,2023-08-29,,Dr. J. Nkosi,Active
MED004948,P2641,Amoxicillin,500mg,Three times daily,2022-05-01,,Dr. S. Khan,Active
MED004949,P2641,Insulin Glargine,10 units,Once daily at bedtime,2022-05-17,,Dr. C. Müller,Active
MED004950,P2641,Salbutamol,100mcg,As required,2022-03-10,,Dr. S. Khan,Active
MED004951,P2641,Aspirin,75mg,Once daily,2022-05-19,,Dr. M. O'Brien,Active
MED004952,P2642,Ibuprofen,400mg,Three times daily with food,2022-07-15,,Dr. J. Nkosi,Active
MED004953,P2642,Sertraline,50mg,Once daily,2023-05-18,,Dr. Y. Tanaka,Active
MED004954,P2642,Warfarin,3mg,Once daily,2022-08-22,,Dr. M. O'Brien,Active
MED004955,P2642,Furosemide,40mg,Once daily in morning,2023-03-08,,Dr. L. Torres,Active
MED004956,P2643,Insulin Glargine,10 units,Once daily at bedtime,2023-04-06,,Dr. A. Patel,Active
MED004957,P2643,Clopidogrel,75mg,Once daily,2022-03-31,2024-03-09,Dr. J. Nkosi,Completed
MED004958,P2644,Omeprazole,20mg,Once daily before breakfast,2022-09-03,2024-08-22,Dr. S. Khan,Completed
MED004959,P2644,Ibuprofen,400mg,Three times daily with food,2023-12-18,,Dr. C. Müller,Active
MED004960,P2644,Salbutamol,100mcg,As required,2022-05-26,,Dr. Y. Tanaka,Active
MED004961,P2645,Insulin Glargine,10 units,Once daily at bedtime,2023-12-15,,Dr. C. Müller,Active
MED004962,P2645,Salbutamol,100mcg,As required,2022-01-29,,Dr. C. Müller,Active
MED004963,P2645,Ibuprofen,400mg,Three times daily with food,2022-09-14,,Dr. S. Khan,Active
MED004964,P2645,Amoxicillin,500mg,Three times daily,2022-08-23,2024-01-12,Dr. C. Müller,Completed
MED004965,P2646,Warfarin,3mg,Once daily,2022-05-27,,Dr. R. Singh,Active
MED004966,P2646,Metformin,500mg,Twice daily,2022-05-01,2024-06-30,Dr. C. Müller,Completed
MED004967,P2646,Omeprazole,20mg,Once daily before breakfast,2022-01-07,,Dr. A. Patel,Active
MED004968,P2646,Ibuprofen,400mg,Three times daily with food,2022-03-19,,Dr. A. Patel,Active
MED004969,P2647,Prednisolone,5mg,Once daily,2023-10-04,,Dr. R. Singh,Active
MED004970,P2647,Atorvastatin,20mg,Once daily at night,2023-12-05,2024-04-14,Dr. C. Müller,Completed
MED004971,P2647,Metformin,500mg,Twice daily,2022-08-11,,Dr. M. O'Brien,Active
MED004972,P2647,Insulin Glargine,10 units,Once daily at bedtime,2023-03-17,2024-04-26,Dr. Y. Tanaka,Completed
MED004973,P2648,Amlodipine,5mg,Once daily,2022-08-03,2024-04-04,Dr. C. Müller,Completed
MED004974,P2648,Sertraline,50mg,Once daily,2022-01-11,,Dr. Y. Tanaka,Active
MED004975,P2648,Levothyroxine,50mcg,Once daily,2023-07-28,2024-07-18,Dr. M. O'Brien,Completed
MED004976,P2649,Metformin,500mg,Twice daily,2022-07-29,,Dr. R. Singh,Active
MED004977,P2649,Warfarin,3mg,Once daily,2023-09-02,,Dr. L. Torres,Active
MED004978,P2649,Amoxicillin,500mg,Three times daily,2023-01-01,,Dr. A. Patel,Active
MED004979,P2650,Bisoprolol,2.5mg,Once daily,2023-04-28,,Dr. S. Khan,Active
MED004980,P2650,Amlodipine,5mg,Once daily,2022-02-14,,Dr. C. Müller,Active
MED004981,P2651,Metformin,500mg,Twice daily,2023-04-06,,Dr. S. Khan,Active
MED004982,P2651,Amlodipine,5mg,Once daily,2023-01-17,,Dr. Y. Tanaka,Active
MED004983,P2651,Insulin Glargine,10 units,Once daily at bedtime,2023-09-18,,Dr. M. O'Brien,Active
MED004984,P2652,Amlodipine,5mg,Once daily,2023-12-20,2024-02-20,Dr. R. Singh,Completed
MED004985,P2652,Prednisolone,5mg,Once daily,2023-11-03,,Dr. R. Singh,Active
MED004986,P2652,Ibuprofen,400mg,Three times daily with food,2022-01-18,,Dr. Y. Tanaka,Active
MED004987,P2653,Salbutamol,100mcg,As required,2023-08-10,2024-06-04,Dr. S. Khan,Completed
MED004988,P2653,Levothyroxine,50mcg,Once daily,2023-08-07,,Dr. M. O'Brien,Active
MED004989,P2653,Warfarin,3mg,Once daily,2022-10-10,,Dr. A. Patel,Active
MED004990,P2653,Ramipril,5mg,Once daily,2022-10-17,,Dr. C. Müller,Active
MED004991,P2654,Levothyroxine,50mcg,Once daily,2023-08-28,,Dr. C. Müller,Active
MED004992,P2654,Sertraline,50mg,Once daily,2022-02-21,2024-03-31,Dr. M. O'Brien,Completed
MED004993,P2654,Atorvastatin,20mg,Once daily at night,2022-06-05,,Dr. R. Singh,Active
MED004994,P2655,Ibuprofen,400mg,Three times daily with food,2022-05-18,,Dr. L. Torres,Active
MED004995,P2655,Aspirin,75mg,Once daily,2022-04-10,,Dr. S. Khan,Active
MED004996,P2655,Insulin Glargine,10 units,Once daily at bedtime,2022-11-06,,Dr. A. Patel,Active
MED004997,P2655,Warfarin,3mg,Once daily,2023-07-05,,Dr. C. Müller,Active
MED004998,P2656,Prednisolone,5mg,Once daily,2022-11-02,,Dr. M. O'Brien,Active
MED004999,P2656,Warfarin,3mg,Once daily,2023-11-04,,Dr. S. Khan,Active
MED005000,P2656,Lisinopril,10mg,Once daily,2023-12-10,2024-10-25,Dr. J. Nkosi,Completed
MED005001,P2657,Prednisolone,5mg,Once daily,2022-10-09,,Dr. M. O'Brien,Active
MED005002,P2657,Paracetamol,500mg,Up to four times daily,2022-06-27,,Dr. Y. Tanaka,Active
MED005003,P2657,Furosemide,40mg,Once daily in morning,2023-03-15,,Dr. L. Torres,Active
MED005004,P2657,Ibuprofen,400mg,Three times daily with food,2022-10-01,,Dr. Y. Tanaka,Active
MED005005,P2658,Prednisolone,5mg,Once daily,2023-02-01,,Dr. S. Khan,Active
MED005006,P2659,Clopidogrel,75mg,Once daily,2022-09-18,2024-01-27,Dr. C. Müller,Completed
MED005007,P2659,Metformin,500mg,Twice daily,2022-05-24,,Dr. J. Nkosi,Active
MED005008,P2660,Sertraline,50mg,Once daily,2022-10-16,2024-01-17,Dr. J. Nkosi,Completed
MED005009,P2660,Ibuprofen,400mg,Three times daily with food,2022-03-27,,Dr. M. O'Brien,Active
MED005010,P2660,Lisinopril,10mg,Once daily,2023-12-23,2024-06-20,Dr. R. Singh,Completed
MED005011,P2661,Sertraline,50mg,Once daily,2023-10-06,2024-05-27,Dr. S. Khan,Completed
MED005012,P2661,Bisoprolol,2.5mg,Once daily,2022-06-18,,Dr. C. Müller,Active
MED005013,P2662,Aspirin,75mg,Once daily,2023-02-06,,Dr. A. Patel,Active
MED005014,P2662,Metformin,500mg,Twice daily,2023-09-21,2024-03-18,Dr. R. Singh,Completed
MED005015,P2662,Insulin Glargine,10 units,Once daily at bedtime,2022-11-08,2024-02-09,Dr. S. Khan,Completed
MED005016,P2662,Sertraline,50mg,Once daily,2023-10-14,2024-02-16,Dr. R. Singh,Completed
MED005017,P2663,Omeprazole,20mg,Once daily before breakfast,2023-01-20,,Dr. R. Singh,Active
MED005018,P2664,Salbutamol,100mcg,As required,2023-12-09,,Dr. S. Khan,Active
MED005019,P2664,Omeprazole,20mg,Once daily before breakfast,2023-10-24,2024-01-27,Dr. L. Torres,Completed
MED005020,P2664,Paracetamol,500mg,Up to four times daily,2023-01-02,2024-09-23,Dr. Y. Tanaka,Completed
MED005021,P2665,Levothyroxine,50mcg,Once daily,2022-01-22,,Dr. A. Patel,Active
MED005022,P2665,Insulin Glargine,10 units,Once daily at bedtime,2023-12-26,,Dr. R. Singh,Active
MED005023,P2665,Amoxicillin,500mg,Three times daily,2022-06-09,,Dr. R. Singh,Active
MED005024,P2665,Prednisolone,5mg,Once daily,2023-12-22,,Dr. R. Singh,Active
MED005025,P2666,Warfarin,3mg,Once daily,2022-07-26,,Dr. S. Khan,Active
MED005026,P2666,Salbutamol,100mcg,As required,2022-04-19,2024-04-16,Dr. S. Khan,Completed
MED005027,P2666,Lisinopril,10mg,Once daily,2022-11-07,2024-09-30,Dr. C. Müller,Completed
MED005028,P2667,Insulin Glargine,10 units,Once daily at bedtime,2023-06-01,2024-11-07,Dr. R. Singh,Completed
MED005029,P2667,Clopidogrel,75mg,Once daily,2023-01-12,2024-10-05,Dr. R. Singh,Completed
MED005030,P2668,Clopidogrel,75mg,Once daily,2022-12-21,,Dr. Y. Tanaka,Active
MED005031,P2668,Paracetamol,500mg,Up to four times daily,2022-02-08,,Dr. R. Singh,Active
MED005032,P2668,Sertraline,50mg,Once daily,2023-02-25,2024-12-24,Dr. L. Torres,Completed
MED005033,P2668,Aspirin,75mg,Once daily,2022-10-18,,Dr. J. Nkosi,Active
MED005034,P2668,Insulin Glargine,10 units,Once daily at bedtime,2022-05-30,,Dr. A. Patel,Active
MED005035,P2669,Atorvastatin,20mg,Once daily at night,2022-07-02,,Dr. J. Nkosi,Active
MED005036,P2669,Clopidogrel,75mg,Once daily,2023-08-02,,Dr. C. Müller,Active
MED005037,P2669,Insulin Glargine,10 units,Once daily at bedtime,2022-04-04,2024-02-17,Dr. R. Singh,Completed
MED005038,P2669,Metformin,500mg,Twice daily,2022-04-15,2024-01-04,Dr. J. Nkosi,Completed
MED005039,P2669,Prednisolone,5mg,Once daily,2023-05-23,2024-11-21,Dr. M. O'Brien,Completed
MED005040,P2670,Omeprazole,20mg,Once daily before breakfast,2022-01-10,,Dr. C. Müller,Active
MED005041,P2671,Metformin,500mg,Twice daily,2023-12-12,,Dr. Y. Tanaka,Active
MED005042,P2672,Paracetamol,500mg,Up to four times daily,2023-01-06,,Dr. R. Singh,Active
MED005043,P2672,Atorvastatin,20mg,Once daily at night,2023-01-30,2024-12-19,Dr. J. Nkosi,Completed
MED005044,P2672,Furosemide,40mg,Once daily in morning,2023-08-13,,Dr. Y. Tanaka,Active
MED005045,P2673,Levothyroxine,50mcg,Once daily,2022-12-12,,Dr. R. Singh,Active
MED005046,P2673,Insulin Glargine,10 units,Once daily at bedtime,2023-09-27,,Dr. A. Patel,Active
MED005047,P2673,Atorvastatin,20mg,Once daily at night,2023-08-17,,Dr. A. Patel,Active
MED005048,P2673,Clopidogrel,75mg,Once daily,2023-08-24,,Dr. A. Patel,Active
MED005049,P2674,Warfarin,3mg,Once daily,2022-05-12,,Dr. C. Müller,Active
MED005050,P2674,Amlodipine,5mg,Once daily,2022-05-18,,Dr. R. Singh,Active
MED005051,P2674,Bisoprolol,2.5mg,Once daily,2022-04-10,2024-02-19,Dr. R. Singh,Completed
MED005052,P2675,Amlodipine,5mg,Once daily,2023-04-25,,Dr. J. Nkosi,Active
MED005053,P2675,Amoxicillin,500mg,Three times daily,2022-08-21,2024-03-24,Dr. L. Torres,Completed
MED005054,P2676,Ibuprofen,400mg,Three times daily with food,2023-07-21,,Dr. Y. Tanaka,Active
MED005055,P2676,Clopidogrel,75mg,Once daily,2022-01-06,,Dr. L. Torres,Active
MED005056,P2676,Insulin Glargine,10 units,Once daily at bedtime,2022-04-02,2024-01-28,Dr. S. Khan,Completed
MED005057,P2676,Prednisolone,5mg,Once daily,2022-01-08,,Dr. M. O'Brien,Active
MED005058,P2677,Clopidogrel,75mg,Once daily,2022-10-18,,Dr. R. Singh,Active
MED005059,P2677,Insulin Glargine,10 units,Once daily at bedtime,2022-12-26,2024-11-19,Dr. Y. Tanaka,Completed
MED005060,P2677,Ibuprofen,400mg,Three times daily with food,2022-02-06,,Dr. L. Torres,Active
MED005061,P2677,Aspirin,75mg,Once daily,2022-07-27,,Dr. S. Khan,Active
MED005062,P2677,Amoxicillin,500mg,Three times daily,2023-03-26,,Dr. S. Khan,Active
MED005063,P2678,Metformin,500mg,Twice daily,2022-08-27,,Dr. R. Singh,Active
MED005064,P2679,Metformin,500mg,Twice daily,2023-10-31,2024-11-27,Dr. L. Torres,Completed
MED005065,P2679,Sertraline,50mg,Once daily,2023-08-30,,Dr. J. Nkosi,Active
MED005066,P2679,Prednisolone,5mg,Once daily,2023-10-03,,Dr. Y. Tanaka,Active
MED005067,P2679,Ramipril,5mg,Once daily,2023-01-19,2024-04-16,Dr. C. Müller,Completed
MED005068,P2680,Sertraline,50mg,Once daily,2022-07-29,,Dr. J. Nkosi,Active
MED005069,P2680,Bisoprolol,2.5mg,Once daily,2022-09-15,,Dr. S. Khan,Active
MED005070,P2680,Aspirin,75mg,Once daily,2022-03-07,,Dr. M. O'Brien,Active
MED005071,P2680,Amoxicillin,500mg,Three times daily,2022-12-31,,Dr. S. Khan,Active
MED005072,P2680,Warfarin,3mg,Once daily,2023-10-28,,Dr. A. Patel,Active
MED005073,P2681,Levothyroxine,50mcg,Once daily,2022-12-20,2024-07-25,Dr. C. Müller,Completed
MED005074,P2681,Bisoprolol,2.5mg,Once daily,2023-01-14,2024-09-18,Dr. M. O'Brien,Completed
MED005075,P2681,Ramipril,5mg,Once daily,2023-01-30,,Dr. M. O'Brien,Active
MED005076,P2681,Amlodipine,5mg,Once daily,2023-04-13,2024-07-27,Dr. J. Nkosi,Completed
MED005077,P2682,Ramipril,5mg,Once daily,2022-10-13,,Dr. S. Khan,Active
MED005078,P2682,Metformin,500mg,Twice daily,2022-04-04,,Dr. S. Khan,Active
MED005079,P2682,Gabapentin,300mg,Three times daily,2023-01-12,,Dr. J. Nkosi,Active
MED005080,P2682,Omeprazole,20mg,Once daily before breakfast,2023-03-16,,Dr. J. Nkosi,Active
MED005081,P2682,Amoxicillin,500mg,Three times daily,2022-04-26,,Dr. L. Torres,Active
MED005082,P2683,Atorvastatin,20mg,Once daily at night,2022-12-17,2024-12-21,Dr. M. O'Brien,Completed
MED005083,P2683,Lisinopril,10mg,Once daily,2023-03-20,,Dr. J. Nkosi,Active
MED005084,P2684,Amlodipine,5mg,Once daily,2023-04-27,2024-11-11,Dr. R. Singh,Completed
MED005085,P2684,Gabapentin,300mg,Three times daily,2023-01-08,2024-02-17,Dr. A. Patel,Completed
MED005086,P2684,Ibuprofen,400mg,Three times daily with food,2022-09-04,,Dr. C. Müller,Active
MED005087,P2684,Metformin,500mg,Twice daily,2023-07-09,,Dr. C. Müller,Active
MED005088,P2685,Sertraline,50mg,Once daily,2022-04-13,2024-01-05,Dr. Y. Tanaka,Completed
MED005089,P2685,Levothyroxine,50mcg,Once daily,2022-12-31,,Dr. Y. Tanaka,Active
MED005090,P2686,Sertraline,50mg,Once daily,2023-05-17,2024-07-21,Dr. L. Torres,Completed
MED005091,P2686,Ramipril,5mg,Once daily,2022-06-09,2024-07-30,Dr. J. Nkosi,Completed
MED005092,P2686,Paracetamol,500mg,Up to four times daily,2023-06-05,,Dr. S. Khan,Active
MED005093,P2687,Amlodipine,5mg,Once daily,2022-03-07,,Dr. S. Khan,Active
MED005094,P2687,Bisoprolol,2.5mg,Once daily,2022-11-04,2024-04-08,Dr. S. Khan,Completed
MED005095,P2687,Lisinopril,10mg,Once daily,2022-11-16,,Dr. L. Torres,Active
MED005096,P2687,Omeprazole,20mg,Once daily before breakfast,2022-02-28,2024-09-01,Dr. L. Torres,Completed
MED005097,P2688,Sertraline,50mg,Once daily,2022-09-18,,Dr. M. O'Brien,Active
MED005098,P2689,Furosemide,40mg,Once daily in morning,2023-08-05,2024-03-10,Dr. Y. Tanaka,Completed
MED005099,P2689,Clopidogrel,75mg,Once daily,2022-03-17,,Dr. M. O'Brien,Active
MED005100,P2690,Ibuprofen,400mg,Three times daily with food,2022-11-06,2024-12-09,Dr. S. Khan,Completed
MED005101,P2691,Amoxicillin,500mg,Three times daily,2023-09-15,,Dr. Y. Tanaka,Active
MED005102,P2691,Warfarin,3mg,Once daily,2023-06-05,,Dr. M. O'Brien,Active
MED005103,P2691,Aspirin,75mg,Once daily,2023-10-15,,Dr. L. Torres,Active
MED005104,P2692,Bisoprolol,2.5mg,Once daily,2022-06-19,,Dr. S. Khan,Active
MED005105,P2692,Amoxicillin,500mg,Three times daily,2023-10-05,,Dr. A. Patel,Active
MED005106,P2692,Lisinopril,10mg,Once daily,2022-10-03,,Dr. A. Patel,Active
MED005107,P2693,Prednisolone,5mg,Once daily,2022-02-12,2024-03-15,Dr. S. Khan,Completed
MED005108,P2693,Gabapentin,300mg,Three times daily,2023-01-12,,Dr. L. Torres,Active
MED005109,P2693,Ramipril,5mg,Once daily,2023-10-24,,Dr. Y. Tanaka,Active
MED005110,P2693,Insulin Glargine,10 units,Once daily at bedtime,2022-10-17,2024-01-22,Dr. A. Patel,Completed
MED005111,P2693,Paracetamol,500mg,Up to four times daily,2022-03-03,,Dr. J. Nkosi,Active
MED005112,P2694,Aspirin,75mg,Once daily,2022-05-11,2024-08-01,Dr. L. Torres,Completed
MED005113,P2695,Aspirin,75mg,Once daily,2022-11-01,,Dr. R. Singh,Active
MED005114,P2695,Ramipril,5mg,Once daily,2022-02-05,,Dr. J. Nkosi,Active
MED005115,P2695,Omeprazole,20mg,Once daily before breakfast,2023-05-31,,Dr. J. Nkosi,Active
MED005116,P2695,Paracetamol,500mg,Up to four times daily,2022-11-08,,Dr. L. Torres,Active
MED005117,P2695,Clopidogrel,75mg,Once daily,2023-09-29,,Dr. M. O'Brien,Active
MED005118,P2696,Omeprazole,20mg,Once daily before breakfast,2022-07-24,,Dr. Y. Tanaka,Active
MED005119,P2696,Sertraline,50mg,Once daily,2023-10-24,2024-04-02,Dr. M. O'Brien,Completed
MED005120,P2697,Paracetamol,500mg,Up to four times daily,2023-07-16,2024-06-25,Dr. S. Khan,Completed
MED005121,P2697,Atorvastatin,20mg,Once daily at night,2022-10-21,,Dr. L. Torres,Active
MED005122,P2697,Warfarin,3mg,Once daily,2023-11-21,,Dr. C. Müller,Active
MED005123,P2697,Levothyroxine,50mcg,Once daily,2022-02-10,,Dr. J. Nkosi,Active
MED005124,P2698,Furosemide,40mg,Once daily in morning,2023-08-09,,Dr. A. Patel,Active
MED005125,P2698,Clopidogrel,75mg,Once daily,2022-08-14,,Dr. Y. Tanaka,Active
MED005126,P2698,Gabapentin,300mg,Three times daily,2023-04-16,,Dr. L. Torres,Active
MED005127,P2698,Amoxicillin,500mg,Three times daily,2022-10-08,,Dr. R. Singh,Active
MED005128,P2698,Sertraline,50mg,Once daily,2023-07-23,,Dr. S. Khan,Active
MED005129,P2699,Atorvastatin,20mg,Once daily at night,2022-08-17,,Dr. J. Nkosi,Active
MED005130,P2700,Atorvastatin,20mg,Once daily at night,2022-04-18,,Dr. C. Müller,Active
MED005131,P2700,Aspirin,75mg,Once daily,2022-04-14,,Dr. Y. Tanaka,Active
MED005132,P2701,Omeprazole,20mg,Once daily before breakfast,2022-07-31,,Dr. S. Khan,Active
MED005133,P2701,Furosemide,40mg,Once daily in morning,2023-10-17,2024-11-22,Dr. J. Nkosi,Completed
MED005134,P2701,Atorvastatin,20mg,Once daily at night,2022-08-12,,Dr. M. O'Brien,Active
MED005135,P2701,Paracetamol,500mg,Up to four times daily,2023-03-24,,Dr. M. O'Brien,Active
MED005136,P2702,Lisinopril,10mg,Once daily,2023-09-18,,Dr. Y. Tanaka,Active
MED005137,P2702,Amlodipine,5mg,Once daily,2022-03-19,,Dr. R. Singh,Active
MED005138,P2702,Metformin,500mg,Twice daily,2022-09-19,,Dr. A. Patel,Active
MED005139,P2702,Paracetamol,500mg,Up to four times daily,2022-10-08,,Dr. A. Patel,Active
MED005140,P2702,Levothyroxine,50mcg,Once daily,2022-02-28,,Dr. C. Müller,Active
MED005141,P2703,Insulin Glargine,10 units,Once daily at bedtime,2022-11-19,,Dr. J. Nkosi,Active
MED005142,P2703,Sertraline,50mg,Once daily,2023-01-23,2024-05-03,Dr. J. Nkosi,Completed
MED005143,P2703,Amoxicillin,500mg,Three times daily,2023-09-22,,Dr. C. Müller,Active
MED005144,P2703,Atorvastatin,20mg,Once daily at night,2022-10-10,,Dr. R. Singh,Active
MED005145,P2704,Gabapentin,300mg,Three times daily,2023-01-04,,Dr. M. O'Brien,Active
MED005146,P2704,Levothyroxine,50mcg,Once daily,2022-01-16,,Dr. R. Singh,Active
MED005147,P2704,Insulin Glargine,10 units,Once daily at bedtime,2022-02-22,,Dr. J. Nkosi,Active
MED005148,P2705,Furosemide,40mg,Once daily in morning,2023-09-08,2024-04-04,Dr. A. Patel,Completed
MED005149,P2705,Paracetamol,500mg,Up to four times daily,2023-05-08,,Dr. M. O'Brien,Active
MED005150,P2706,Clopidogrel,75mg,Once daily,2022-08-04,,Dr. A. Patel,Active
MED005151,P2706,Omeprazole,20mg,Once daily before breakfast,2023-09-09,,Dr. C. Müller,Active
MED005152,P2706,Furosemide,40mg,Once daily in morning,2023-03-04,2024-03-09,Dr. R. Singh,Completed
MED005153,P2706,Aspirin,75mg,Once daily,2022-02-04,,Dr. S. Khan,Active
MED005154,P2707,Metformin,500mg,Twice daily,2023-07-18,2024-08-31,Dr. R. Singh,Completed
MED005155,P2707,Amlodipine,5mg,Once daily,2023-06-16,,Dr. M. O'Brien,Active
MED005156,P2708,Ibuprofen,400mg,Three times daily with food,2023-11-27,,Dr. R. Singh,Active
MED005157,P2708,Omeprazole,20mg,Once daily before breakfast,2023-08-30,,Dr. S. Khan,Active
MED005158,P2709,Amoxicillin,500mg,Three times daily,2023-06-02,,Dr. Y. Tanaka,Active
MED005159,P2709,Sertraline,50mg,Once daily,2022-07-30,2024-06-28,Dr. J. Nkosi,Completed
MED005160,P2709,Clopidogrel,75mg,Once daily,2023-07-08,,Dr. Y. Tanaka,Active
MED005161,P2709,Ibuprofen,400mg,Three times daily with food,2023-12-12,,Dr. Y. Tanaka,Active
MED005162,P2710,Bisoprolol,2.5mg,Once daily,2023-05-08,,Dr. J. Nkosi,Active
MED005163,P2711,Gabapentin,300mg,Three times daily,2023-07-23,,Dr. J. Nkosi,Active
MED005164,P2711,Warfarin,3mg,Once daily,2023-02-23,,Dr. S. Khan,Active
MED005165,P2711,Ibuprofen,400mg,Three times daily with food,2023-12-28,,Dr. L. Torres,Active
MED005166,P2711,Omeprazole,20mg,Once daily before breakfast,2023-12-02,,Dr. R. Singh,Active
MED005167,P2712,Atorvastatin,20mg,Once daily at night,2022-07-10,2024-06-21,Dr. Y. Tanaka,Completed
MED005168,P2713,Omeprazole,20mg,Once daily before breakfast,2022-02-07,,Dr. J. Nkosi,Active
MED005169,P2713,Aspirin,75mg,Once daily,2022-11-10,2024-03-18,Dr. C. Müller,Completed
MED005170,P2713,Bisoprolol,2.5mg,Once daily,2022-05-25,,Dr. J. Nkosi,Active
MED005171,P2713,Salbutamol,100mcg,As required,2023-02-10,,Dr. S. Khan,Active
MED005172,P2713,Paracetamol,500mg,Up to four times daily,2022-10-05,,Dr. Y. Tanaka,Active
MED005173,P2714,Paracetamol,500mg,Up to four times daily,2022-05-05,,Dr. J. Nkosi,Active
MED005174,P2714,Levothyroxine,50mcg,Once daily,2023-01-24,,Dr. A. Patel,Active
MED005175,P2714,Sertraline,50mg,Once daily,2023-07-09,,Dr. A. Patel,Active
MED005176,P2714,Salbutamol,100mcg,As required,2023-08-24,,Dr. M. O'Brien,Active
MED005177,P2715,Paracetamol,500mg,Up to four times daily,2023-09-05,,Dr. L. Torres,Active
MED005178,P2716,Atorvastatin,20mg,Once daily at night,2022-12-10,,Dr. J. Nkosi,Active
MED005179,P2716,Ibuprofen,400mg,Three times daily with food,2023-09-08,,Dr. M. O'Brien,Active
MED005180,P2716,Furosemide,40mg,Once daily in morning,2022-12-26,,Dr. R. Singh,Active
MED005181,P2716,Prednisolone,5mg,Once daily,2022-01-29,,Dr. J. Nkosi,Active
MED005182,P2716,Omeprazole,20mg,Once daily before breakfast,2022-02-22,,Dr. Y. Tanaka,Active
MED005183,P2717,Ibuprofen,400mg,Three times daily with food,2022-02-21,,Dr. Y. Tanaka,Active
MED005184,P2717,Insulin Glargine,10 units,Once daily at bedtime,2023-06-15,,Dr. J. Nkosi,Active
MED005185,P2718,Omeprazole,20mg,Once daily before breakfast,2023-10-22,,Dr. J. Nkosi,Active
MED005186,P2718,Lisinopril,10mg,Once daily,2023-10-07,,Dr. A. Patel,Active
MED005187,P2719,Clopidogrel,75mg,Once daily,2023-06-08,,Dr. C. Müller,Active
MED005188,P2719,Omeprazole,20mg,Once daily before breakfast,2023-04-22,,Dr. J. Nkosi,Active
MED005189,P2720,Amlodipine,5mg,Once daily,2023-06-18,2024-07-19,Dr. M. O'Brien,Completed
MED005190,P2720,Levothyroxine,50mcg,Once daily,2023-07-16,,Dr. S. Khan,Active
MED005191,P2720,Amoxicillin,500mg,Three times daily,2023-03-26,,Dr. R. Singh,Active
MED005192,P2720,Prednisolone,5mg,Once daily,2022-01-07,,Dr. A. Patel,Active
MED005193,P2721,Levothyroxine,50mcg,Once daily,2023-11-22,,Dr. R. Singh,Active
MED005194,P2721,Paracetamol,500mg,Up to four times daily,2022-03-15,,Dr. J. Nkosi,Active
MED005195,P2721,Atorvastatin,20mg,Once daily at night,2022-03-28,,Dr. L. Torres,Active
MED005196,P2721,Amoxicillin,500mg,Three times daily,2022-06-17,,Dr. Y. Tanaka,Active
MED005197,P2721,Amlodipine,5mg,Once daily,2022-07-25,,Dr. Y. Tanaka,Active
MED005198,P2722,Warfarin,3mg,Once daily,2022-07-29,,Dr. C. Müller,Active
MED005199,P2722,Prednisolone,5mg,Once daily,2022-10-31,,Dr. S. Khan,Active
MED005200,P2722,Clopidogrel,75mg,Once daily,2022-03-04,,Dr. Y. Tanaka,Active
MED005201,P2723,Lisinopril,10mg,Once daily,2023-09-27,2024-08-05,Dr. R. Singh,Completed
MED005202,P2723,Aspirin,75mg,Once daily,2022-11-24,,Dr. M. O'Brien,Active
MED005203,P2723,Paracetamol,500mg,Up to four times daily,2022-08-14,,Dr. S. Khan,Active
MED005204,P2723,Prednisolone,5mg,Once daily,2023-02-24,,Dr. Y. Tanaka,Active
MED005205,P2723,Salbutamol,100mcg,As required,2022-02-05,2024-02-21,Dr. L. Torres,Completed
MED005206,P2724,Amoxicillin,500mg,Three times daily,2023-01-07,,Dr. M. O'Brien,Active
MED005207,P2725,Ramipril,5mg,Once daily,2023-06-29,,Dr. J. Nkosi,Active
MED005208,P2725,Bisoprolol,2.5mg,Once daily,2022-04-23,,Dr. M. O'Brien,Active
MED005209,P2726,Metformin,500mg,Twice daily,2023-11-28,,Dr. Y. Tanaka,Active
MED005210,P2726,Clopidogrel,75mg,Once daily,2022-03-02,,Dr. L. Torres,Active
MED005211,P2726,Ramipril,5mg,Once daily,2022-05-02,,Dr. R. Singh,Active
MED005212,P2726,Paracetamol,500mg,Up to four times daily,2022-03-30,2024-09-07,Dr. L. Torres,Completed
MED005213,P2726,Omeprazole,20mg,Once daily before breakfast,2022-12-02,,Dr. A. Patel,Active
MED005214,P2727,Bisoprolol,2.5mg,Once daily,2022-12-26,,Dr. M. O'Brien,Active
MED005215,P2728,Furosemide,40mg,Once daily in morning,2023-05-05,,Dr. A. Patel,Active
MED005216,P2729,Bisoprolol,2.5mg,Once daily,2022-09-05,,Dr. A. Patel,Active
MED005217,P2729,Gabapentin,300mg,Three times daily,2022-07-30,2024-09-15,Dr. J. Nkosi,Completed
MED005218,P2729,Omeprazole,20mg,Once daily before breakfast,2023-10-04,,Dr. C. Müller,Active
MED005219,P2729,Prednisolone,5mg,Once daily,2022-09-24,2024-11-06,Dr. L. Torres,Completed
MED005220,P2729,Insulin Glargine,10 units,Once daily at bedtime,2023-02-17,2024-11-18,Dr. R. Singh,Completed
MED005221,P2730,Clopidogrel,75mg,Once daily,2022-07-13,2024-03-01,Dr. C. Müller,Completed
MED005222,P2730,Prednisolone,5mg,Once daily,2022-01-30,,Dr. A. Patel,Active
MED005223,P2730,Lisinopril,10mg,Once daily,2023-07-07,,Dr. M. O'Brien,Active
MED005224,P2730,Aspirin,75mg,Once daily,2023-11-27,,Dr. R. Singh,Active
MED005225,P2731,Ramipril,5mg,Once daily,2022-01-23,,Dr. S. Khan,Active
MED005226,P2731,Atorvastatin,20mg,Once daily at night,2022-12-25,2024-01-26,Dr. A. Patel,Completed
MED005227,P2731,Gabapentin,300mg,Three times daily,2022-10-17,2024-08-23,Dr. C. Müller,Completed
MED005228,P2731,Levothyroxine,50mcg,Once daily,2022-03-15,,Dr. Y. Tanaka,Active
MED005229,P2732,Lisinopril,10mg,Once daily,2022-05-16,2024-07-10,Dr. L. Torres,Completed
MED005230,P2732,Aspirin,75mg,Once daily,2022-05-21,,Dr. J. Nkosi,Active
MED005231,P2732,Amoxicillin,500mg,Three times daily,2023-11-17,,Dr. Y. Tanaka,Active
MED005232,P2732,Ramipril,5mg,Once daily,2023-11-28,,Dr. S. Khan,Active
MED005233,P2732,Prednisolone,5mg,Once daily,2023-02-02,2024-02-27,Dr. L. Torres,Completed
MED005234,P2733,Ibuprofen,400mg,Three times daily with food,2023-01-07,,Dr. R. Singh,Active
MED005235,P2733,Insulin Glargine,10 units,Once daily at bedtime,2023-03-25,,Dr. Y. Tanaka,Active
MED005236,P2734,Omeprazole,20mg,Once daily before breakfast,2023-02-23,2024-06-09,Dr. A. Patel,Completed
MED005237,P2734,Atorvastatin,20mg,Once daily at night,2023-11-26,2024-05-25,Dr. M. O'Brien,Completed
MED005238,P2734,Salbutamol,100mcg,As required,2022-03-26,,Dr. C. Müller,Active
MED005239,P2734,Lisinopril,10mg,Once daily,2023-10-29,2024-05-14,Dr. S. Khan,Completed
MED005240,P2735,Warfarin,3mg,Once daily,2022-10-17,,Dr. M. O'Brien,Active
MED005241,P2736,Amlodipine,5mg,Once daily,2023-12-01,,Dr. S. Khan,Active
MED005242,P2737,Salbutamol,100mcg,As required,2023-01-03,2024-02-19,Dr. L. Torres,Completed
MED005243,P2737,Clopidogrel,75mg,Once daily,2023-02-22,,Dr. Y. Tanaka,Active
MED005244,P2738,Clopidogrel,75mg,Once daily,2022-06-05,2024-09-18,Dr. Y. Tanaka,Completed
MED005245,P2739,Amoxicillin,500mg,Three times daily,2022-09-07,,Dr. Y. Tanaka,Active
MED005246,P2739,Ramipril,5mg,Once daily,2023-03-27,,Dr. R. Singh,Active
MED005247,P2739,Aspirin,75mg,Once daily,2022-07-28,,Dr. M. O'Brien,Active
MED005248,P2739,Gabapentin,300mg,Three times daily,2022-12-29,,Dr. S. Khan,Active
MED005249,P2739,Prednisolone,5mg,Once daily,2023-05-24,2024-04-08,Dr. R. Singh,Completed
MED005250,P2740,Prednisolone,5mg,Once daily,2023-01-19,,Dr. R. Singh,Active
MED005251,P2740,Atorvastatin,20mg,Once daily at night,2022-05-18,2024-10-22,Dr. J. Nkosi,Completed
MED005252,P2740,Aspirin,75mg,Once daily,2022-01-02,,Dr. Y. Tanaka,Active
MED005253,P2740,Lisinopril,10mg,Once daily,2022-05-07,2024-02-22,Dr. C. Müller,Completed
MED005254,P2740,Furosemide,40mg,Once daily in morning,2022-04-04,,Dr. A. Patel,Active
MED005255,P2741,Atorvastatin,20mg,Once daily at night,2022-03-09,,Dr. C. Müller,Active
MED005256,P2741,Lisinopril,10mg,Once daily,2022-05-06,2024-12-09,Dr. A. Patel,Completed
MED005257,P2741,Aspirin,75mg,Once daily,2023-03-12,,Dr. A. Patel,Active
MED005258,P2742,Gabapentin,300mg,Three times daily,2023-04-28,2024-08-02,Dr. Y. Tanaka,Completed
MED005259,P2742,Warfarin,3mg,Once daily,2023-03-26,,Dr. J. Nkosi,Active
MED005260,P2743,Gabapentin,300mg,Three times daily,2023-03-23,,Dr. J. Nkosi,Active
MED005261,P2743,Bisoprolol,2.5mg,Once daily,2023-12-14,,Dr. J. Nkosi,Active
MED005262,P2743,Lisinopril,10mg,Once daily,2023-01-11,,Dr. L. Torres,Active
MED005263,P2744,Amlodipine,5mg,Once daily,2023-05-15,2024-08-14,Dr. S. Khan,Completed
MED005264,P2744,Prednisolone,5mg,Once daily,2022-11-24,,Dr. L. Torres,Active
MED005265,P2744,Sertraline,50mg,Once daily,2023-06-19,,Dr. C. Müller,Active
MED005266,P2744,Paracetamol,500mg,Up to four times daily,2022-09-16,2024-03-18,Dr. L. Torres,Completed
MED005267,P2744,Levothyroxine,50mcg,Once daily,2023-02-06,,Dr. J. Nkosi,Active
MED005268,P2745,Prednisolone,5mg,Once daily,2023-10-12,2024-09-29,Dr. C. Müller,Completed
MED005269,P2746,Gabapentin,300mg,Three times daily,2023-09-24,2024-11-26,Dr. M. O'Brien,Completed
MED005270,P2747,Bisoprolol,2.5mg,Once daily,2023-09-06,2024-03-21,Dr. A. Patel,Completed
MED005271,P2747,Salbutamol,100mcg,As required,2022-10-17,,Dr. L. Torres,Active
MED005272,P2747,Clopidogrel,75mg,Once daily,2022-01-21,2024-06-26,Dr. M. O'Brien,Completed
MED005273,P2747,Metformin,500mg,Twice daily,2022-03-13,,Dr. J. Nkosi,Active
MED005274,P2748,Lisinopril,10mg,Once daily,2022-09-02,,Dr. M. O'Brien,Active
MED005275,P2748,Metformin,500mg,Twice daily,2022-10-19,,Dr. S. Khan,Active
MED005276,P2748,Atorvastatin,20mg,Once daily at night,2022-12-17,,Dr. R. Singh,Active
MED005277,P2748,Amoxicillin,500mg,Three times daily,2023-07-25,,Dr. C. Müller,Active
MED005278,P2748,Paracetamol,500mg,Up to four times daily,2023-05-02,,Dr. J. Nkosi,Active
MED005279,P2749,Metformin,500mg,Twice daily,2022-06-30,,Dr. S. Khan,Active
MED005280,P2749,Bisoprolol,2.5mg,Once daily,2023-07-07,,Dr. R. Singh,Active
MED005281,P2749,Lisinopril,10mg,Once daily,2023-10-22,,Dr. L. Torres,Active
MED005282,P2749,Warfarin,3mg,Once daily,2022-02-08,,Dr. L. Torres,Active
MED005283,P2749,Paracetamol,500mg,Up to four times daily,2022-08-23,2024-01-11,Dr. R. Singh,Completed
MED005284,P2750,Bisoprolol,2.5mg,Once daily,2023-12-27,,Dr. Y. Tanaka,Active
MED005285,P2750,Salbutamol,100mcg,As required,2022-12-14,,Dr. Y. Tanaka,Active
MED005286,P2750,Warfarin,3mg,Once daily,2022-03-04,2024-06-17,Dr. L. Torres,Completed
MED005287,P2750,Amoxicillin,500mg,Three times daily,2022-06-05,,Dr. M. O'Brien,Active
MED005288,P2751,Metformin,500mg,Twice daily,2023-04-12,,Dr. M. O'Brien,Active
MED005289,P2751,Furosemide,40mg,Once daily in morning,2022-02-05,,Dr. A. Patel,Active
MED005290,P2751,Gabapentin,300mg,Three times daily,2022-11-25,,Dr. C. Müller,Active
MED005291,P2751,Ibuprofen,400mg,Three times daily with food,2023-07-17,,Dr. A. Patel,Active
MED005292,P2752,Gabapentin,300mg,Three times daily,2022-09-09,,Dr. M. O'Brien,Active
MED005293,P2752,Insulin Glargine,10 units,Once daily at bedtime,2022-02-02,2024-08-28,Dr. Y. Tanaka,Completed
MED005294,P2752,Salbutamol,100mcg,As required,2023-02-27,,Dr. S. Khan,Active
MED005295,P2752,Ramipril,5mg,Once daily,2022-06-17,,Dr. L. Torres,Active
MED005296,P2752,Sertraline,50mg,Once daily,2023-10-30,,Dr. S. Khan,Active
MED005297,P2753,Furosemide,40mg,Once daily in morning,2022-08-15,,Dr. S. Khan,Active
MED005298,P2754,Ibuprofen,400mg,Three times daily with food,2023-04-01,2024-07-16,Dr. C. Müller,Completed
MED005299,P2754,Metformin,500mg,Twice daily,2022-07-02,2024-07-28,Dr. M. O'Brien,Completed
MED005300,P2755,Omeprazole,20mg,Once daily before breakfast,2022-01-13,,Dr. C. Müller,Active
MED005301,P2755,Salbutamol,100mcg,As required,2023-04-27,2024-01-07,Dr. Y. Tanaka,Completed
MED005302,P2755,Gabapentin,300mg,Three times daily,2022-03-08,,Dr. J. Nkosi,Active
MED005303,P2755,Paracetamol,500mg,Up to four times daily,2023-08-29,2024-07-01,Dr. M. O'Brien,Completed
MED005304,P2756,Furosemide,40mg,Once daily in morning,2022-12-13,,Dr. C. Müller,Active
MED005305,P2756,Clopidogrel,75mg,Once daily,2023-11-12,,Dr. S. Khan,Active
MED005306,P2756,Sertraline,50mg,Once daily,2022-06-16,,Dr. A. Patel,Active
MED005307,P2756,Paracetamol,500mg,Up to four times daily,2022-02-07,,Dr. C. Müller,Active
MED005308,P2757,Sertraline,50mg,Once daily,2022-02-19,,Dr. L. Torres,Active
MED005309,P2757,Furosemide,40mg,Once daily in morning,2022-01-21,,Dr. L. Torres,Active
MED005310,P2757,Ramipril,5mg,Once daily,2022-07-23,,Dr. J. Nkosi,Active
MED005311,P2758,Paracetamol,500mg,Up to four times daily,2023-11-01,,Dr. J. Nkosi,Active
MED005312,P2758,Aspirin,75mg,Once daily,2022-08-21,,Dr. M. O'Brien,Active
MED005313,P2758,Clopidogrel,75mg,Once daily,2022-10-20,2024-10-12,Dr. L. Torres,Completed
MED005314,P2758,Amlodipine,5mg,Once daily,2022-09-14,,Dr. M. O'Brien,Active
MED005315,P2758,Ibuprofen,400mg,Three times daily with food,2022-09-10,,Dr. A. Patel,Active
MED005316,P2759,Ibuprofen,400mg,Three times daily with food,2022-03-06,2024-04-13,Dr. Y. Tanaka,Completed
MED005317,P2760,Atorvastatin,20mg,Once daily at night,2023-07-11,2024-12-16,Dr. R. Singh,Completed
MED005318,P2760,Lisinopril,10mg,Once daily,2022-09-24,2024-11-17,Dr. R. Singh,Completed
MED005319,P2760,Prednisolone,5mg,Once daily,2023-05-27,,Dr. S. Khan,Active
MED005320,P2760,Insulin Glargine,10 units,Once daily at bedtime,2022-05-17,,Dr. L. Torres,Active
MED005321,P2760,Ramipril,5mg,Once daily,2022-02-26,,Dr. L. Torres,Active
MED005322,P2761,Furosemide,40mg,Once daily in morning,2023-07-20,,Dr. Y. Tanaka,Active
MED005323,P2762,Salbutamol,100mcg,As required,2023-09-21,,Dr. S. Khan,Active
MED005324,P2763,Bisoprolol,2.5mg,Once daily,2022-05-13,2024-04-08,Dr. R. Singh,Completed
MED005325,P2763,Lisinopril,10mg,Once daily,2022-04-15,,Dr. R. Singh,Active
MED005326,P2763,Prednisolone,5mg,Once daily,2022-02-23,,Dr. M. O'Brien,Active
MED005327,P2763,Paracetamol,500mg,Up to four times daily,2022-07-13,,Dr. L. Torres,Active
MED005328,P2763,Ramipril,5mg,Once daily,2022-10-07,2024-07-05,Dr. J. Nkosi,Completed
MED005329,P2764,Clopidogrel,75mg,Once daily,2022-08-04,,Dr. Y. Tanaka,Active
MED005330,P2764,Prednisolone,5mg,Once daily,2022-07-29,,Dr. J. Nkosi,Active
MED005331,P2764,Ramipril,5mg,Once daily,2022-12-01,,Dr. A. Patel,Active
MED005332,P2764,Gabapentin,300mg,Three times daily,2022-12-01,,Dr. M. O'Brien,Active
MED005333,P2764,Bisoprolol,2.5mg,Once daily,2023-09-20,,Dr. R. Singh,Active
MED005334,P2765,Amoxicillin,500mg,Three times daily,2022-11-28,,Dr. R. Singh,Active
MED005335,P2765,Atorvastatin,20mg,Once daily at night,2022-03-10,,Dr. C. Müller,Active
MED005336,P2765,Levothyroxine,50mcg,Once daily,2023-05-15,2024-06-03,Dr. M. O'Brien,Completed
MED005337,P2765,Clopidogrel,75mg,Once daily,2022-07-07,,Dr. A. Patel,Active
MED005338,P2765,Amlodipine,5mg,Once daily,2022-02-08,,Dr. C. Müller,Active
MED005339,P2766,Paracetamol,500mg,Up to four times daily,2023-06-21,,Dr. L. Torres,Active
MED005340,P2766,Metformin,500mg,Twice daily,2022-05-24,,Dr. A. Patel,Active
MED005341,P2766,Salbutamol,100mcg,As required,2022-10-05,,Dr. S. Khan,Active
MED005342,P2767,Omeprazole,20mg,Once daily before breakfast,2022-08-08,2024-12-03,Dr. Y. Tanaka,Completed
MED005343,P2767,Levothyroxine,50mcg,Once daily,2023-05-16,,Dr. J. Nkosi,Active
MED005344,P2767,Salbutamol,100mcg,As required,2023-06-07,2024-05-10,Dr. Y. Tanaka,Completed
MED005345,P2767,Paracetamol,500mg,Up to four times daily,2022-02-11,2024-01-05,Dr. J. Nkosi,Completed
MED005346,P2767,Insulin Glargine,10 units,Once daily at bedtime,2023-04-10,,Dr. A. Patel,Active
MED005347,P2768,Gabapentin,300mg,Three times daily,2023-05-20,,Dr. Y. Tanaka,Active
MED005348,P2768,Lisinopril,10mg,Once daily,2022-01-22,,Dr. Y. Tanaka,Active
MED005349,P2768,Clopidogrel,75mg,Once daily,2023-08-17,,Dr. Y. Tanaka,Active
MED005350,P2769,Lisinopril,10mg,Once daily,2023-06-01,2024-03-29,Dr. Y. Tanaka,Completed
MED005351,P2769,Amlodipine,5mg,Once daily,2022-03-13,,Dr. C. Müller,Active
MED005352,P2770,Aspirin,75mg,Once daily,2023-01-12,,Dr. L. Torres,Active
MED005353,P2770,Sertraline,50mg,Once daily,2022-03-15,,Dr. A. Patel,Active
MED005354,P2771,Omeprazole,20mg,Once daily before breakfast,2022-05-18,2024-04-22,Dr. C. Müller,Completed
MED005355,P2771,Clopidogrel,75mg,Once daily,2023-09-24,,Dr. S. Khan,Active
MED005356,P2772,Warfarin,3mg,Once daily,2023-09-23,,Dr. S. Khan,Active
MED005357,P2772,Insulin Glargine,10 units,Once daily at bedtime,2023-12-09,,Dr. R. Singh,Active
MED005358,P2772,Amlodipine,5mg,Once daily,2023-05-23,2024-05-09,Dr. S. Khan,Completed
MED005359,P2772,Ibuprofen,400mg,Three times daily with food,2023-02-25,,Dr. L. Torres,Active
MED005360,P2772,Prednisolone,5mg,Once daily,2022-12-25,,Dr. J. Nkosi,Active
MED005361,P2773,Gabapentin,300mg,Three times daily,2022-12-24,2024-06-07,Dr. A. Patel,Completed
MED005362,P2773,Amoxicillin,500mg,Three times daily,2023-01-08,2024-09-11,Dr. L. Torres,Completed
MED005363,P2773,Atorvastatin,20mg,Once daily at night,2023-08-07,2024-11-23,Dr. J. Nkosi,Completed
MED005364,P2773,Metformin,500mg,Twice daily,2022-02-12,,Dr. S. Khan,Active
MED005365,P2774,Ibuprofen,400mg,Three times daily with food,2023-09-30,,Dr. J. Nkosi,Active
MED005366,P2775,Furosemide,40mg,Once daily in morning,2022-03-15,,Dr. A. Patel,Active
MED005367,P2775,Warfarin,3mg,Once daily,2023-04-26,,Dr. M. O'Brien,Active
MED005368,P2775,Clopidogrel,75mg,Once daily,2023-02-02,,Dr. L. Torres,Active
MED005369,P2776,Ramipril,5mg,Once daily,2022-05-15,,Dr. S. Khan,Active
MED005370,P2776,Clopidogrel,75mg,Once daily,2023-03-28,,Dr. A. Patel,Active
MED005371,P2776,Warfarin,3mg,Once daily,2023-11-01,,Dr. M. O'Brien,Active
MED005372,P2777,Lisinopril,10mg,Once daily,2023-04-09,2024-12-25,Dr. M. O'Brien,Completed
MED005373,P2777,Sertraline,50mg,Once daily,2022-05-23,,Dr. J. Nkosi,Active
MED005374,P2777,Aspirin,75mg,Once daily,2023-06-25,,Dr. S. Khan,Active
MED005375,P2777,Omeprazole,20mg,Once daily before breakfast,2023-04-25,2024-10-14,Dr. S. Khan,Completed
MED005376,P2778,Prednisolone,5mg,Once daily,2022-12-14,,Dr. Y. Tanaka,Active
MED005377,P2778,Bisoprolol,2.5mg,Once daily,2023-06-04,2024-07-02,Dr. M. O'Brien,Completed
MED005378,P2779,Sertraline,50mg,Once daily,2022-11-18,,Dr. J. Nkosi,Active
MED005379,P2779,Amlodipine,5mg,Once daily,2023-01-11,,Dr. S. Khan,Active
MED005380,P2779,Bisoprolol,2.5mg,Once daily,2022-04-30,,Dr. J. Nkosi,Active
MED005381,P2780,Ibuprofen,400mg,Three times daily with food,2022-11-14,,Dr. L. Torres,Active
MED005382,P2780,Warfarin,3mg,Once daily,2022-01-24,2024-08-22,Dr. Y. Tanaka,Completed
MED005383,P2780,Atorvastatin,20mg,Once daily at night,2023-09-12,,Dr. J. Nkosi,Active
MED005384,P2781,Sertraline,50mg,Once daily,2022-06-25,2024-12-29,Dr. S. Khan,Completed
MED005385,P2782,Amlodipine,5mg,Once daily,2023-11-26,,Dr. C. Müller,Active
MED005386,P2783,Sertraline,50mg,Once daily,2023-01-14,,Dr. J. Nkosi,Active
MED005387,P2783,Metformin,500mg,Twice daily,2022-01-10,2024-01-04,Dr. A. Patel,Completed
MED005388,P2783,Warfarin,3mg,Once daily,2023-03-10,,Dr. C. Müller,Active
MED005389,P2784,Aspirin,75mg,Once daily,2022-02-21,,Dr. A. Patel,Active
MED005390,P2784,Bisoprolol,2.5mg,Once daily,2023-10-20,2024-03-16,Dr. L. Torres,Completed
MED005391,P2784,Clopidogrel,75mg,Once daily,2023-04-22,,Dr. A. Patel,Active
MED005392,P2785,Aspirin,75mg,Once daily,2023-05-29,,Dr. A. Patel,Active
MED005393,P2785,Amoxicillin,500mg,Three times daily,2022-03-19,2024-09-04,Dr. M. O'Brien,Completed
MED005394,P2785,Levothyroxine,50mcg,Once daily,2022-10-30,,Dr. J. Nkosi,Active
MED005395,P2786,Metformin,500mg,Twice daily,2023-06-25,,Dr. Y. Tanaka,Active
MED005396,P2786,Amlodipine,5mg,Once daily,2022-11-27,2024-10-18,Dr. J. Nkosi,Completed
MED005397,P2787,Warfarin,3mg,Once daily,2022-10-11,,Dr. L. Torres,Active
MED005398,P2787,Levothyroxine,50mcg,Once daily,2022-08-13,2024-03-05,Dr. S. Khan,Completed
MED005399,P2788,Amlodipine,5mg,Once daily,2023-05-17,,Dr. R. Singh,Active
MED005400,P2788,Gabapentin,300mg,Three times daily,2023-06-17,2024-07-02,Dr. Y. Tanaka,Completed
MED005401,P2789,Ibuprofen,400mg,Three times daily with food,2023-06-18,,Dr. M. O'Brien,Active
MED005402,P2790,Amoxicillin,500mg,Three times daily,2023-09-02,2024-10-23,Dr. Y. Tanaka,Completed
MED005403,P2791,Bisoprolol,2.5mg,Once daily,2023-08-07,2024-01-09,Dr. Y. Tanaka,Completed
MED005404,P2791,Salbutamol,100mcg,As required,2022-09-29,2024-09-14,Dr. A. Patel,Completed
MED005405,P2791,Prednisolone,5mg,Once daily,2022-05-03,,Dr. A. Patel,Active
MED005406,P2791,Clopidogrel,75mg,Once daily,2022-04-08,,Dr. R. Singh,Active
MED005407,P2791,Aspirin,75mg,Once daily,2022-10-12,,Dr. R. Singh,Active
MED005408,P2792,Ramipril,5mg,Once daily,2023-10-23,2024-08-02,Dr. S. Khan,Completed
MED005409,P2793,Paracetamol,500mg,Up to four times daily,2023-03-15,,Dr. A. Patel,Active
MED005410,P2793,Bisoprolol,2.5mg,Once daily,2023-11-17,,Dr. C. Müller,Active
MED005411,P2793,Insulin Glargine,10 units,Once daily at bedtime,2023-07-28,2024-03-30,Dr. A. Patel,Completed
MED005412,P2794,Bisoprolol,2.5mg,Once daily,2023-08-03,2024-09-28,Dr. S. Khan,Completed
MED005413,P2795,Paracetamol,500mg,Up to four times daily,2022-12-13,,Dr. R. Singh,Active
MED005414,P2795,Metformin,500mg,Twice daily,2022-10-31,,Dr. L. Torres,Active
MED005415,P2795,Levothyroxine,50mcg,Once daily,2022-02-08,,Dr. R. Singh,Active
MED005416,P2795,Clopidogrel,75mg,Once daily,2022-01-12,2024-09-08,Dr. M. O'Brien,Completed
MED005417,P2795,Warfarin,3mg,Once daily,2022-03-11,,Dr. J. Nkosi,Active
MED005418,P2796,Levothyroxine,50mcg,Once daily,2022-04-05,,Dr. A. Patel,Active
MED005419,P2797,Levothyroxine,50mcg,Once daily,2023-12-30,2024-03-21,Dr. A. Patel,Completed
MED005420,P2797,Prednisolone,5mg,Once daily,2023-07-18,,Dr. L. Torres,Active
MED005421,P2797,Omeprazole,20mg,Once daily before breakfast,2022-08-14,2024-02-21,Dr. R. Singh,Completed
MED005422,P2797,Insulin Glargine,10 units,Once daily at bedtime,2023-02-05,2024-05-31,Dr. J. Nkosi,Completed
MED005423,P2797,Amlodipine,5mg,Once daily,2023-09-12,,Dr. Y. Tanaka,Active
MED005424,P2798,Amoxicillin,500mg,Three times daily,2022-09-07,,Dr. R. Singh,Active
MED005425,P2798,Omeprazole,20mg,Once daily before breakfast,2022-10-16,,Dr. J. Nkosi,Active
MED005426,P2798,Furosemide,40mg,Once daily in morning,2023-12-22,2024-11-26,Dr. R. Singh,Completed
MED005427,P2798,Gabapentin,300mg,Three times daily,2022-11-30,,Dr. R. Singh,Active
MED005428,P2799,Ramipril,5mg,Once daily,2023-01-07,2024-06-25,Dr. L. Torres,Completed
MED005429,P2799,Amoxicillin,500mg,Three times daily,2022-03-15,2024-10-21,Dr. A. Patel,Completed
MED005430,P2799,Clopidogrel,75mg,Once daily,2023-04-28,,Dr. L. Torres,Active
MED005431,P2800,Ramipril,5mg,Once daily,2023-08-06,2024-01-02,Dr. M. O'Brien,Completed
MED005432,P2800,Omeprazole,20mg,Once daily before breakfast,2022-05-21,,Dr. S. Khan,Active
MED005433,P2800,Ibuprofen,400mg,Three times daily with food,2022-05-28,2024-08-19,Dr. A. Patel,Completed
MED005434,P2801,Omeprazole,20mg,Once daily before breakfast,2023-06-22,,Dr. Y. Tanaka,Active
MED005435,P2801,Clopidogrel,75mg,Once daily,2022-03-02,,Dr. C. Müller,Active
MED005436,P2802,Metformin,500mg,Twice daily,2023-10-13,,Dr. A. Patel,Active
MED005437,P2803,Lisinopril,10mg,Once daily,2022-04-22,,Dr. C. Müller,Active
MED005438,P2803,Amlodipine,5mg,Once daily,2023-08-21,,Dr. Y. Tanaka,Active
MED005439,P2803,Amoxicillin,500mg,Three times daily,2023-05-01,,Dr. Y. Tanaka,Active
MED005440,P2803,Levothyroxine,50mcg,Once daily,2022-12-12,2024-03-12,Dr. J. Nkosi,Completed
MED005441,P2804,Warfarin,3mg,Once daily,2023-02-17,,Dr. M. O'Brien,Active
MED005442,P2804,Bisoprolol,2.5mg,Once daily,2022-04-30,,Dr. R. Singh,Active
MED005443,P2804,Ibuprofen,400mg,Three times daily with food,2023-12-31,,Dr. Y. Tanaka,Active
MED005444,P2804,Prednisolone,5mg,Once daily,2022-06-14,,Dr. A. Patel,Active
MED005445,P2804,Gabapentin,300mg,Three times daily,2022-10-01,,Dr. J. Nkosi,Active
MED005446,P2805,Clopidogrel,75mg,Once daily,2022-07-11,,Dr. A. Patel,Active
MED005447,P2805,Atorvastatin,20mg,Once daily at night,2023-10-27,,Dr. S. Khan,Active
MED005448,P2805,Paracetamol,500mg,Up to four times daily,2023-08-19,,Dr. A. Patel,Active
MED005449,P2805,Levothyroxine,50mcg,Once daily,2023-08-11,,Dr. S. Khan,Active
MED005450,P2806,Levothyroxine,50mcg,Once daily,2023-04-06,,Dr. J. Nkosi,Active
MED005451,P2806,Sertraline,50mg,Once daily,2023-05-23,,Dr. A. Patel,Active
MED005452,P2806,Gabapentin,300mg,Three times daily,2022-09-15,,Dr. A. Patel,Active
MED005453,P2806,Omeprazole,20mg,Once daily before breakfast,2022-06-27,,Dr. J. Nkosi,Active
MED005454,P2807,Aspirin,75mg,Once daily,2022-03-22,2024-11-05,Dr. M. O'Brien,Completed
MED005455,P2807,Prednisolone,5mg,Once daily,2023-05-18,,Dr. A. Patel,Active
MED005456,P2807,Warfarin,3mg,Once daily,2022-09-07,,Dr. J. Nkosi,Active
MED005457,P2807,Levothyroxine,50mcg,Once daily,2023-11-26,,Dr. J. Nkosi,Active
MED005458,P2808,Salbutamol,100mcg,As required,2023-03-19,,Dr. Y. Tanaka,Active
MED005459,P2808,Gabapentin,300mg,Three times daily,2022-03-19,,Dr. Y. Tanaka,Active
MED005460,P2808,Amlodipine,5mg,Once daily,2022-06-01,,Dr. J. Nkosi,Active
MED005461,P2808,Ramipril,5mg,Once daily,2022-03-15,,Dr. S. Khan,Active
MED005462,P2809,Atorvastatin,20mg,Once daily at night,2023-07-10,,Dr. R. Singh,Active
MED005463,P2810,Amlodipine,5mg,Once daily,2022-09-23,2024-09-05,Dr. A. Patel,Completed
MED005464,P2810,Furosemide,40mg,Once daily in morning,2022-08-14,,Dr. S. Khan,Active
MED005465,P2810,Ibuprofen,400mg,Three times daily with food,2023-12-13,,Dr. S. Khan,Active
MED005466,P2811,Salbutamol,100mcg,As required,2023-05-01,,Dr. J. Nkosi,Active
MED005467,P2811,Ibuprofen,400mg,Three times daily with food,2022-05-26,,Dr. J. Nkosi,Active
MED005468,P2811,Levothyroxine,50mcg,Once daily,2022-08-29,,Dr. J. Nkosi,Active
MED005469,P2811,Amlodipine,5mg,Once daily,2023-02-11,2024-01-13,Dr. R. Singh,Completed
MED005470,P2812,Warfarin,3mg,Once daily,2022-06-20,,Dr. C. Müller,Active
MED005471,P2812,Omeprazole,20mg,Once daily before breakfast,2023-09-10,2024-09-29,Dr. R. Singh,Completed
MED005472,P2812,Metformin,500mg,Twice daily,2023-05-28,,Dr. M. O'Brien,Active
MED005473,P2812,Paracetamol,500mg,Up to four times daily,2023-12-22,,Dr. C. Müller,Active
MED005474,P2813,Furosemide,40mg,Once daily in morning,2023-09-08,,Dr. C. Müller,Active
MED005475,P2813,Ramipril,5mg,Once daily,2022-08-07,,Dr. Y. Tanaka,Active
MED005476,P2814,Aspirin,75mg,Once daily,2022-07-28,,Dr. A. Patel,Active
MED005477,P2814,Omeprazole,20mg,Once daily before breakfast,2023-08-28,,Dr. J. Nkosi,Active
MED005478,P2814,Salbutamol,100mcg,As required,2022-09-18,2024-10-26,Dr. M. O'Brien,Completed
MED005479,P2815,Ramipril,5mg,Once daily,2023-07-29,2024-05-08,Dr. S. Khan,Completed
MED005480,P2815,Levothyroxine,50mcg,Once daily,2022-01-19,,Dr. L. Torres,Active
MED005481,P2815,Salbutamol,100mcg,As required,2022-12-12,,Dr. C. Müller,Active
MED005482,P2815,Gabapentin,300mg,Three times daily,2022-01-12,2024-04-25,Dr. Y. Tanaka,Completed
MED005483,P2816,Aspirin,75mg,Once daily,2022-11-21,,Dr. C. Müller,Active
MED005484,P2816,Prednisolone,5mg,Once daily,2023-02-18,,Dr. A. Patel,Active
MED005485,P2816,Warfarin,3mg,Once daily,2023-05-19,2024-06-22,Dr. Y. Tanaka,Completed
MED005486,P2816,Ibuprofen,400mg,Three times daily with food,2022-05-08,2024-02-23,Dr. Y. Tanaka,Completed
MED005487,P2817,Amlodipine,5mg,Once daily,2022-06-26,,Dr. Y. Tanaka,Active
MED005488,P2817,Insulin Glargine,10 units,Once daily at bedtime,2022-05-18,2024-02-09,Dr. L. Torres,Completed
MED005489,P2817,Furosemide,40mg,Once daily in morning,2023-02-27,,Dr. M. O'Brien,Active
MED005490,P2817,Sertraline,50mg,Once daily,2022-02-17,2024-08-16,Dr. C. Müller,Completed
MED005491,P2817,Metformin,500mg,Twice daily,2023-01-02,,Dr. C. Müller,Active
MED005492,P2818,Paracetamol,500mg,Up to four times daily,2023-12-09,2024-04-26,Dr. L. Torres,Completed
MED005493,P2818,Furosemide,40mg,Once daily in morning,2023-12-11,2024-08-14,Dr. C. Müller,Completed
MED005494,P2818,Amoxicillin,500mg,Three times daily,2022-06-22,2024-12-27,Dr. C. Müller,Completed
MED005495,P2818,Atorvastatin,20mg,Once daily at night,2023-02-22,,Dr. Y. Tanaka,Active
MED005496,P2819,Insulin Glargine,10 units,Once daily at bedtime,2022-12-28,,Dr. Y. Tanaka,Active
MED005497,P2819,Lisinopril,10mg,Once daily,2023-05-24,,Dr. Y. Tanaka,Active
MED005498,P2819,Aspirin,75mg,Once daily,2023-10-20,,Dr. L. Torres,Active
MED005499,P2819,Amlodipine,5mg,Once daily,2022-02-28,2024-06-27,Dr. A. Patel,Completed
MED005500,P2819,Salbutamol,100mcg,As required,2023-02-10,,Dr. M. O'Brien,Active
MED005501,P2820,Atorvastatin,20mg,Once daily at night,2022-12-22,,Dr. C. Müller,Active
MED005502,P2820,Lisinopril,10mg,Once daily,2022-12-18,,Dr. M. O'Brien,Active
MED005503,P2820,Clopidogrel,75mg,Once daily,2023-09-24,,Dr. Y. Tanaka,Active
MED005504,P2821,Lisinopril,10mg,Once daily,2023-11-29,,Dr. L. Torres,Active
MED005505,P2821,Bisoprolol,2.5mg,Once daily,2023-03-20,,Dr. J. Nkosi,Active
MED005506,P2821,Warfarin,3mg,Once daily,2022-07-23,,Dr. R. Singh,Active
MED005507,P2821,Omeprazole,20mg,Once daily before breakfast,2022-02-25,2024-08-25,Dr. C. Müller,Completed
MED005508,P2821,Salbutamol,100mcg,As required,2023-11-09,,Dr. C. Müller,Active
MED005509,P2822,Lisinopril,10mg,Once daily,2022-04-02,2024-01-18,Dr. J. Nkosi,Completed
MED005510,P2822,Salbutamol,100mcg,As required,2023-12-07,,Dr. Y. Tanaka,Active
MED005511,P2823,Sertraline,50mg,Once daily,2022-01-17,,Dr. S. Khan,Active
MED005512,P2823,Atorvastatin,20mg,Once daily at night,2022-03-17,,Dr. A. Patel,Active
MED005513,P2823,Levothyroxine,50mcg,Once daily,2023-01-30,,Dr. Y. Tanaka,Active
MED005514,P2823,Gabapentin,300mg,Three times daily,2022-08-24,,Dr. R. Singh,Active
MED005515,P2823,Aspirin,75mg,Once daily,2022-06-29,,Dr. Y. Tanaka,Active
MED005516,P2824,Paracetamol,500mg,Up to four times daily,2022-04-29,,Dr. L. Torres,Active
MED005517,P2824,Insulin Glargine,10 units,Once daily at bedtime,2023-08-22,,Dr. Y. Tanaka,Active
MED005518,P2824,Lisinopril,10mg,Once daily,2022-07-15,,Dr. L. Torres,Active
MED005519,P2825,Amlodipine,5mg,Once daily,2023-06-16,2024-02-01,Dr. R. Singh,Completed
MED005520,P2826,Atorvastatin,20mg,Once daily at night,2022-09-28,2024-09-02,Dr. C. Müller,Completed
MED005521,P2826,Aspirin,75mg,Once daily,2023-02-27,,Dr. C. Müller,Active
MED005522,P2827,Clopidogrel,75mg,Once daily,2023-06-29,,Dr. C. Müller,Active
MED005523,P2828,Furosemide,40mg,Once daily in morning,2023-06-14,2024-04-26,Dr. J. Nkosi,Completed
MED005524,P2828,Bisoprolol,2.5mg,Once daily,2022-05-06,2024-08-12,Dr. L. Torres,Completed
MED005525,P2828,Ramipril,5mg,Once daily,2023-03-25,,Dr. J. Nkosi,Active
MED005526,P2829,Metformin,500mg,Twice daily,2023-04-26,,Dr. J. Nkosi,Active
MED005527,P2830,Ramipril,5mg,Once daily,2022-09-28,2024-06-07,Dr. S. Khan,Completed
MED005528,P2830,Clopidogrel,75mg,Once daily,2022-06-18,,Dr. R. Singh,Active
MED005529,P2830,Insulin Glargine,10 units,Once daily at bedtime,2023-05-07,,Dr. A. Patel,Active
MED005530,P2831,Paracetamol,500mg,Up to four times daily,2022-02-28,,Dr. J. Nkosi,Active
MED005531,P2831,Omeprazole,20mg,Once daily before breakfast,2022-12-06,2024-07-05,Dr. S. Khan,Completed
MED005532,P2832,Amlodipine,5mg,Once daily,2023-04-10,,Dr. R. Singh,Active
MED005533,P2832,Amoxicillin,500mg,Three times daily,2022-12-15,,Dr. C. Müller,Active
MED005534,P2833,Metformin,500mg,Twice daily,2022-12-29,,Dr. Y. Tanaka,Active
MED005535,P2833,Amlodipine,5mg,Once daily,2022-02-14,,Dr. S. Khan,Active
MED005536,P2833,Levothyroxine,50mcg,Once daily,2022-05-16,,Dr. A. Patel,Active
MED005537,P2833,Ibuprofen,400mg,Three times daily with food,2023-07-30,,Dr. J. Nkosi,Active
MED005538,P2834,Lisinopril,10mg,Once daily,2022-07-20,,Dr. S. Khan,Active
MED005539,P2834,Clopidogrel,75mg,Once daily,2022-02-06,2024-09-28,Dr. J. Nkosi,Completed
MED005540,P2834,Warfarin,3mg,Once daily,2022-02-24,2024-04-09,Dr. R. Singh,Completed
MED005541,P2835,Paracetamol,500mg,Up to four times daily,2022-01-23,2024-06-16,Dr. C. Müller,Completed
MED005542,P2835,Prednisolone,5mg,Once daily,2022-02-08,,Dr. C. Müller,Active
MED005543,P2836,Prednisolone,5mg,Once daily,2022-03-29,,Dr. C. Müller,Active
MED005544,P2836,Levothyroxine,50mcg,Once daily,2022-05-24,,Dr. L. Torres,Active
MED005545,P2837,Clopidogrel,75mg,Once daily,2022-09-25,2024-05-24,Dr. C. Müller,Completed
MED005546,P2838,Amlodipine,5mg,Once daily,2022-06-22,,Dr. S. Khan,Active
MED005547,P2838,Furosemide,40mg,Once daily in morning,2023-07-10,2024-06-14,Dr. Y. Tanaka,Completed
MED005548,P2838,Ibuprofen,400mg,Three times daily with food,2023-03-02,,Dr. R. Singh,Active
MED005549,P2838,Aspirin,75mg,Once daily,2022-07-21,,Dr. J. Nkosi,Active
MED005550,P2838,Ramipril,5mg,Once daily,2022-07-14,,Dr. M. O'Brien,Active
MED005551,P2839,Lisinopril,10mg,Once daily,2023-04-23,,Dr. C. Müller,Active
MED005552,P2839,Furosemide,40mg,Once daily in morning,2022-08-29,2024-11-28,Dr. M. O'Brien,Completed
MED005553,P2839,Atorvastatin,20mg,Once daily at night,2023-04-20,,Dr. R. Singh,Active
MED005554,P2840,Amoxicillin,500mg,Three times daily,2023-12-20,2024-12-18,Dr. R. Singh,Completed
MED005555,P2840,Ibuprofen,400mg,Three times daily with food,2023-01-28,,Dr. A. Patel,Active
MED005556,P2840,Warfarin,3mg,Once daily,2023-06-15,,Dr. C. Müller,Active
MED005557,P2840,Paracetamol,500mg,Up to four times daily,2023-03-23,,Dr. S. Khan,Active
MED005558,P2841,Bisoprolol,2.5mg,Once daily,2023-07-20,,Dr. C. Müller,Active
MED005559,P2841,Levothyroxine,50mcg,Once daily,2022-10-03,,Dr. A. Patel,Active
MED005560,P2841,Amoxicillin,500mg,Three times daily,2022-05-08,2024-02-29,Dr. S. Khan,Completed
MED005561,P2841,Ibuprofen,400mg,Three times daily with food,2023-06-02,2024-03-12,Dr. C. Müller,Completed
MED005562,P2842,Lisinopril,10mg,Once daily,2022-05-30,,Dr. A. Patel,Active
MED005563,P2842,Amlodipine,5mg,Once daily,2023-01-10,,Dr. R. Singh,Active
MED005564,P2842,Aspirin,75mg,Once daily,2023-08-16,,Dr. R. Singh,Active
MED005565,P2843,Prednisolone,5mg,Once daily,2022-12-21,2024-03-29,Dr. Y. Tanaka,Completed
MED005566,P2843,Amoxicillin,500mg,Three times daily,2022-09-08,,Dr. M. O'Brien,Active
MED005567,P2843,Amlodipine,5mg,Once daily,2023-03-29,,Dr. A. Patel,Active
MED005568,P2843,Ramipril,5mg,Once daily,2023-03-23,,Dr. Y. Tanaka,Active
MED005569,P2844,Warfarin,3mg,Once daily,2022-05-29,,Dr. A. Patel,Active
MED005570,P2845,Atorvastatin,20mg,Once daily at night,2022-04-07,,Dr. A. Patel,Active
MED005571,P2845,Ibuprofen,400mg,Three times daily with food,2023-09-16,,Dr. C. Müller,Active
MED005572,P2845,Aspirin,75mg,Once daily,2023-12-21,2024-07-11,Dr. J. Nkosi,Completed
MED005573,P2845,Warfarin,3mg,Once daily,2022-07-05,2024-04-09,Dr. C. Müller,Completed
MED005574,P2845,Lisinopril,10mg,Once daily,2023-05-18,,Dr. J. Nkosi,Active
MED005575,P2846,Sertraline,50mg,Once daily,2023-07-31,,Dr. Y. Tanaka,Active
MED005576,P2846,Salbutamol,100mcg,As required,2022-08-08,2024-02-15,Dr. M. O'Brien,Completed
MED005577,P2846,Metformin,500mg,Twice daily,2022-01-24,,Dr. M. O'Brien,Active
MED005578,P2846,Atorvastatin,20mg,Once daily at night,2023-04-21,2024-02-28,Dr. C. Müller,Completed
MED005579,P2847,Atorvastatin,20mg,Once daily at night,2022-10-30,,Dr. S. Khan,Active
MED005580,P2847,Ibuprofen,400mg,Three times daily with food,2023-09-26,,Dr. J. Nkosi,Active
MED005581,P2848,Gabapentin,300mg,Three times daily,2022-10-13,,Dr. A. Patel,Active
MED005582,P2848,Omeprazole,20mg,Once daily before breakfast,2023-09-13,,Dr. C. Müller,Active
MED005583,P2848,Paracetamol,500mg,Up to four times daily,2022-09-08,,Dr. C. Müller,Active
MED005584,P2848,Ramipril,5mg,Once daily,2023-08-23,2024-03-12,Dr. C. Müller,Completed
MED005585,P2848,Amoxicillin,500mg,Three times daily,2023-03-16,2024-03-18,Dr. C. Müller,Completed
MED005586,P2849,Ramipril,5mg,Once daily,2022-10-11,2024-07-16,Dr. C. Müller,Completed
MED005587,P2849,Gabapentin,300mg,Three times daily,2022-07-28,2024-11-17,Dr. S. Khan,Completed
MED005588,P2849,Amlodipine,5mg,Once daily,2022-06-28,2024-01-14,Dr. A. Patel,Completed
MED005589,P2849,Paracetamol,500mg,Up to four times daily,2022-07-09,,Dr. Y. Tanaka,Active
MED005590,P2850,Insulin Glargine,10 units,Once daily at bedtime,2022-01-22,,Dr. J. Nkosi,Active
MED005591,P2851,Levothyroxine,50mcg,Once daily,2022-03-09,,Dr. J. Nkosi,Active
MED005592,P2852,Warfarin,3mg,Once daily,2022-06-13,2024-04-21,Dr. J. Nkosi,Completed
MED005593,P2852,Lisinopril,10mg,Once daily,2023-07-15,2024-10-29,Dr. L. Torres,Completed
MED005594,P2853,Salbutamol,100mcg,As required,2022-12-26,,Dr. R. Singh,Active
MED005595,P2853,Gabapentin,300mg,Three times daily,2022-06-11,2024-09-28,Dr. R. Singh,Completed
MED005596,P2853,Paracetamol,500mg,Up to four times daily,2023-07-29,,Dr. M. O'Brien,Active
MED005597,P2854,Amlodipine,5mg,Once daily,2023-12-30,2024-03-13,Dr. M. O'Brien,Completed
MED005598,P2854,Warfarin,3mg,Once daily,2023-11-30,,Dr. Y. Tanaka,Active
MED005599,P2854,Paracetamol,500mg,Up to four times daily,2023-12-22,,Dr. A. Patel,Active
MED005600,P2855,Amlodipine,5mg,Once daily,2023-02-05,,Dr. J. Nkosi,Active
MED005601,P2855,Ramipril,5mg,Once daily,2023-09-11,2024-02-12,Dr. R. Singh,Completed
MED005602,P2855,Lisinopril,10mg,Once daily,2023-11-24,,Dr. J. Nkosi,Active
MED005603,P2855,Gabapentin,300mg,Three times daily,2023-08-15,,Dr. J. Nkosi,Active
MED005604,P2855,Levothyroxine,50mcg,Once daily,2022-07-13,,Dr. C. Müller,Active
MED005605,P2856,Metformin,500mg,Twice daily,2022-06-28,,Dr. S. Khan,Active
MED005606,P2856,Amlodipine,5mg,Once daily,2023-06-02,,Dr. J. Nkosi,Active
MED005607,P2856,Lisinopril,10mg,Once daily,2023-10-14,,Dr. R. Singh,Active
MED005608,P2857,Metformin,500mg,Twice daily,2023-04-22,,Dr. S. Khan,Active
MED005609,P2857,Ramipril,5mg,Once daily,2023-10-31,,Dr. J. Nkosi,Active
MED005610,P2857,Clopidogrel,75mg,Once daily,2022-10-18,,Dr. A. Patel,Active
MED005611,P2857,Prednisolone,5mg,Once daily,2023-01-26,,Dr. A. Patel,Active
MED005612,P2857,Warfarin,3mg,Once daily,2023-01-29,,Dr. S. Khan,Active
MED005613,P2858,Lisinopril,10mg,Once daily,2022-11-15,,Dr. C. Müller,Active
MED005614,P2858,Ibuprofen,400mg,Three times daily with food,2023-05-12,2024-06-04,Dr. A. Patel,Completed
MED005615,P2859,Prednisolone,5mg,Once daily,2022-06-02,,Dr. R. Singh,Active
MED005616,P2859,Clopidogrel,75mg,Once daily,2023-10-18,2024-08-01,Dr. C. Müller,Completed
MED005617,P2859,Paracetamol,500mg,Up to four times daily,2023-07-17,,Dr. Y. Tanaka,Active
MED005618,P2859,Ibuprofen,400mg,Three times daily with food,2023-12-26,2024-08-15,Dr. J. Nkosi,Completed
MED005619,P2860,Omeprazole,20mg,Once daily before breakfast,2022-01-17,,Dr. J. Nkosi,Active
MED005620,P2860,Lisinopril,10mg,Once daily,2022-04-22,,Dr. M. O'Brien,Active
MED005621,P2860,Prednisolone,5mg,Once daily,2022-07-24,,Dr. R. Singh,Active
MED005622,P2861,Levothyroxine,50mcg,Once daily,2023-11-28,,Dr. A. Patel,Active
MED005623,P2861,Omeprazole,20mg,Once daily before breakfast,2022-12-04,,Dr. A. Patel,Active
MED005624,P2862,Ramipril,5mg,Once daily,2023-04-07,,Dr. C. Müller,Active
MED005625,P2862,Furosemide,40mg,Once daily in morning,2022-12-28,,Dr. A. Patel,Active
MED005626,P2862,Aspirin,75mg,Once daily,2023-01-19,2024-01-20,Dr. J. Nkosi,Completed
MED005627,P2862,Warfarin,3mg,Once daily,2023-02-11,2024-01-09,Dr. L. Torres,Completed
MED005628,P2863,Amlodipine,5mg,Once daily,2022-01-24,2024-10-15,Dr. R. Singh,Completed
MED005629,P2863,Sertraline,50mg,Once daily,2022-01-04,2024-10-12,Dr. Y. Tanaka,Completed
MED005630,P2863,Lisinopril,10mg,Once daily,2022-06-23,,Dr. C. Müller,Active
MED005631,P2863,Clopidogrel,75mg,Once daily,2022-05-27,,Dr. C. Müller,Active
MED005632,P2864,Furosemide,40mg,Once daily in morning,2023-08-11,2024-06-19,Dr. L. Torres,Completed
MED005633,P2864,Omeprazole,20mg,Once daily before breakfast,2022-03-22,,Dr. Y. Tanaka,Active
MED005634,P2864,Amlodipine,5mg,Once daily,2022-06-11,2024-09-10,Dr. L. Torres,Completed
MED005635,P2864,Clopidogrel,75mg,Once daily,2022-07-09,2024-08-25,Dr. L. Torres,Completed
MED005636,P2865,Sertraline,50mg,Once daily,2023-08-26,2024-10-24,Dr. R. Singh,Completed
MED005637,P2865,Prednisolone,5mg,Once daily,2023-09-22,,Dr. Y. Tanaka,Active
MED005638,P2866,Insulin Glargine,10 units,Once daily at bedtime,2023-08-12,,Dr. C. Müller,Active
MED005639,P2866,Sertraline,50mg,Once daily,2023-11-29,,Dr. C. Müller,Active
MED005640,P2866,Atorvastatin,20mg,Once daily at night,2022-08-05,,Dr. S. Khan,Active
MED005641,P2867,Amlodipine,5mg,Once daily,2023-08-27,,Dr. Y. Tanaka,Active
MED005642,P2867,Bisoprolol,2.5mg,Once daily,2023-07-26,,Dr. L. Torres,Active
MED005643,P2867,Aspirin,75mg,Once daily,2022-04-18,,Dr. Y. Tanaka,Active
MED005644,P2867,Amoxicillin,500mg,Three times daily,2022-05-10,,Dr. J. Nkosi,Active
MED005645,P2868,Omeprazole,20mg,Once daily before breakfast,2022-05-21,,Dr. A. Patel,Active
MED005646,P2868,Amoxicillin,500mg,Three times daily,2023-11-27,,Dr. M. O'Brien,Active
MED005647,P2868,Prednisolone,5mg,Once daily,2022-08-08,2024-04-08,Dr. A. Patel,Completed
MED005648,P2869,Furosemide,40mg,Once daily in morning,2022-02-10,2024-03-05,Dr. A. Patel,Completed
MED005649,P2869,Omeprazole,20mg,Once daily before breakfast,2022-10-24,2024-07-31,Dr. A. Patel,Completed
MED005650,P2870,Ibuprofen,400mg,Three times daily with food,2022-09-25,,Dr. A. Patel,Active
MED005651,P2870,Prednisolone,5mg,Once daily,2023-08-24,,Dr. Y. Tanaka,Active
MED005652,P2870,Aspirin,75mg,Once daily,2023-11-08,,Dr. R. Singh,Active
MED005653,P2870,Sertraline,50mg,Once daily,2023-10-28,2024-08-10,Dr. S. Khan,Completed
MED005654,P2870,Ramipril,5mg,Once daily,2023-01-28,2024-03-01,Dr. M. O'Brien,Completed
MED005655,P2871,Paracetamol,500mg,Up to four times daily,2023-06-25,,Dr. S. Khan,Active
MED005656,P2872,Aspirin,75mg,Once daily,2023-09-19,,Dr. L. Torres,Active
MED005657,P2872,Warfarin,3mg,Once daily,2022-05-24,2024-05-01,Dr. J. Nkosi,Completed
MED005658,P2872,Insulin Glargine,10 units,Once daily at bedtime,2023-06-27,,Dr. L. Torres,Active
MED005659,P2872,Gabapentin,300mg,Three times daily,2022-11-08,,Dr. C. Müller,Active
MED005660,P2873,Atorvastatin,20mg,Once daily at night,2023-04-17,,Dr. R. Singh,Active
MED005661,P2874,Clopidogrel,75mg,Once daily,2022-03-10,,Dr. S. Khan,Active
MED005662,P2874,Furosemide,40mg,Once daily in morning,2023-03-28,,Dr. L. Torres,Active
MED005663,P2874,Paracetamol,500mg,Up to four times daily,2023-09-23,,Dr. L. Torres,Active
MED005664,P2875,Furosemide,40mg,Once daily in morning,2022-07-17,,Dr. S. Khan,Active
MED005665,P2876,Sertraline,50mg,Once daily,2022-08-12,2024-04-27,Dr. M. O'Brien,Completed
MED005666,P2876,Atorvastatin,20mg,Once daily at night,2022-04-07,,Dr. S. Khan,Active
MED005667,P2876,Prednisolone,5mg,Once daily,2023-12-18,,Dr. Y. Tanaka,Active
MED005668,P2877,Levothyroxine,50mcg,Once daily,2023-08-21,2024-07-03,Dr. C. Müller,Completed
MED005669,P2878,Amlodipine,5mg,Once daily,2022-03-01,,Dr. M. O'Brien,Active
MED005670,P2879,Metformin,500mg,Twice daily,2023-11-30,,Dr. S. Khan,Active
MED005671,P2879,Paracetamol,500mg,Up to four times daily,2023-03-08,,Dr. L. Torres,Active
MED005672,P2879,Warfarin,3mg,Once daily,2022-02-28,,Dr. C. Müller,Active
MED005673,P2879,Amoxicillin,500mg,Three times daily,2022-10-22,2024-01-27,Dr. R. Singh,Completed
MED005674,P2880,Levothyroxine,50mcg,Once daily,2023-05-30,,Dr. Y. Tanaka,Active
MED005675,P2880,Clopidogrel,75mg,Once daily,2022-05-24,,Dr. M. O'Brien,Active
MED005676,P2880,Furosemide,40mg,Once daily in morning,2023-07-03,,Dr. S. Khan,Active
MED005677,P2880,Lisinopril,10mg,Once daily,2022-04-23,,Dr. C. Müller,Active
MED005678,P2880,Omeprazole,20mg,Once daily before breakfast,2022-10-18,,Dr. Y. Tanaka,Active
MED005679,P2881,Salbutamol,100mcg,As required,2022-09-10,,Dr. R. Singh,Active
MED005680,P2881,Amoxicillin,500mg,Three times daily,2023-09-08,,Dr. L. Torres,Active
MED005681,P2882,Furosemide,40mg,Once daily in morning,2022-12-27,,Dr. J. Nkosi,Active
MED005682,P2882,Lisinopril,10mg,Once daily,2022-08-17,2024-10-09,Dr. M. O'Brien,Completed
MED005683,P2882,Ramipril,5mg,Once daily,2022-08-01,,Dr. S. Khan,Active
MED005684,P2882,Bisoprolol,2.5mg,Once daily,2023-05-30,,Dr. C. Müller,Active
MED005685,P2882,Ibuprofen,400mg,Three times daily with food,2023-08-29,2024-08-12,Dr. R. Singh,Completed
MED005686,P2883,Prednisolone,5mg,Once daily,2023-10-25,,Dr. C. Müller,Active
MED005687,P2883,Omeprazole,20mg,Once daily before breakfast,2023-06-16,2024-03-10,Dr. R. Singh,Completed
MED005688,P2883,Aspirin,75mg,Once daily,2023-04-26,,Dr. Y. Tanaka,Active
MED005689,P2883,Levothyroxine,50mcg,Once daily,2023-01-01,,Dr. S. Khan,Active
MED005690,P2884,Atorvastatin,20mg,Once daily at night,2022-10-13,,Dr. C. Müller,Active
MED005691,P2884,Sertraline,50mg,Once daily,2023-05-26,,Dr. M. O'Brien,Active
MED005692,P2885,Bisoprolol,2.5mg,Once daily,2023-12-04,,Dr. A. Patel,Active
MED005693,P2886,Omeprazole,20mg,Once daily before breakfast,2023-04-22,,Dr. M. O'Brien,Active
MED005694,P2886,Levothyroxine,50mcg,Once daily,2023-05-26,2024-06-30,Dr. R. Singh,Completed
MED005695,P2886,Salbutamol,100mcg,As required,2023-11-14,,Dr. Y. Tanaka,Active
MED005696,P2886,Prednisolone,5mg,Once daily,2022-11-17,2024-11-15,Dr. L. Torres,Completed
MED005697,P2887,Gabapentin,300mg,Three times daily,2022-08-03,,Dr. C. Müller,Active
MED005698,P2887,Ramipril,5mg,Once daily,2022-01-31,,Dr. L. Torres,Active
MED005699,P2887,Bisoprolol,2.5mg,Once daily,2022-10-06,,Dr. R. Singh,Active
MED005700,P2887,Clopidogrel,75mg,Once daily,2023-12-03,,Dr. Y. Tanaka,Active
MED005701,P2887,Warfarin,3mg,Once daily,2023-05-23,,Dr. S. Khan,Active
MED005702,P2888,Salbutamol,100mcg,As required,2022-03-22,2024-11-10,Dr. Y. Tanaka,Completed
MED005703,P2888,Clopidogrel,75mg,Once daily,2023-04-10,,Dr. S. Khan,Active
MED005704,P2888,Sertraline,50mg,Once daily,2023-06-05,2024-03-13,Dr. C. Müller,Completed
MED005705,P2888,Furosemide,40mg,Once daily in morning,2022-09-16,,Dr. R. Singh,Active
MED005706,P2888,Warfarin,3mg,Once daily,2022-09-10,,Dr. M. O'Brien,Active
MED005707,P2889,Ramipril,5mg,Once daily,2023-08-25,,Dr. J. Nkosi,Active
MED005708,P2889,Aspirin,75mg,Once daily,2023-12-14,,Dr. R. Singh,Active
MED005709,P2889,Omeprazole,20mg,Once daily before breakfast,2023-04-11,2024-09-18,Dr. C. Müller,Completed
MED005710,P2889,Paracetamol,500mg,Up to four times daily,2022-10-13,,Dr. J. Nkosi,Active
MED005711,P2889,Warfarin,3mg,Once daily,2022-05-13,,Dr. S. Khan,Active
MED005712,P2890,Clopidogrel,75mg,Once daily,2023-08-10,,Dr. L. Torres,Active
MED005713,P2890,Atorvastatin,20mg,Once daily at night,2022-12-20,,Dr. M. O'Brien,Active
MED005714,P2890,Paracetamol,500mg,Up to four times daily,2023-04-03,,Dr. S. Khan,Active
MED005715,P2890,Salbutamol,100mcg,As required,2023-06-14,,Dr. R. Singh,Active
MED005716,P2891,Salbutamol,100mcg,As required,2022-02-26,,Dr. C. Müller,Active
MED005717,P2891,Ibuprofen,400mg,Three times daily with food,2023-07-27,,Dr. J. Nkosi,Active
MED005718,P2891,Metformin,500mg,Twice daily,2022-01-05,,Dr. C. Müller,Active
MED005719,P2892,Amlodipine,5mg,Once daily,2023-02-23,,Dr. J. Nkosi,Active
MED005720,P2892,Furosemide,40mg,Once daily in morning,2023-02-05,,Dr. A. Patel,Active
MED005721,P2893,Paracetamol,500mg,Up to four times daily,2022-03-29,,Dr. M. O'Brien,Active
MED005722,P2893,Insulin Glargine,10 units,Once daily at bedtime,2023-07-26,,Dr. C. Müller,Active
MED005723,P2893,Omeprazole,20mg,Once daily before breakfast,2022-09-08,2024-10-17,Dr. C. Müller,Completed
MED005724,P2893,Aspirin,75mg,Once daily,2023-07-14,,Dr. M. O'Brien,Active
MED005725,P2893,Clopidogrel,75mg,Once daily,2023-01-18,,Dr. L. Torres,Active
MED005726,P2894,Paracetamol,500mg,Up to four times daily,2023-05-20,,Dr. L. Torres,Active
MED005727,P2895,Amoxicillin,500mg,Three times daily,2022-01-11,2024-03-24,Dr. S. Khan,Completed
MED005728,P2895,Atorvastatin,20mg,Once daily at night,2022-05-19,,Dr. Y. Tanaka,Active
MED005729,P2895,Insulin Glargine,10 units,Once daily at bedtime,2022-08-12,2024-08-21,Dr. Y. Tanaka,Completed
MED005730,P2895,Clopidogrel,75mg,Once daily,2022-10-31,,Dr. M. O'Brien,Active
MED005731,P2895,Omeprazole,20mg,Once daily before breakfast,2023-11-26,,Dr. L. Torres,Active
MED005732,P2896,Ibuprofen,400mg,Three times daily with food,2023-11-29,,Dr. M. O'Brien,Active
MED005733,P2896,Prednisolone,5mg,Once daily,2022-10-04,2024-06-27,Dr. S. Khan,Completed
MED005734,P2897,Amlodipine,5mg,Once daily,2022-02-28,,Dr. A. Patel,Active
MED005735,P2897,Warfarin,3mg,Once daily,2023-08-09,,Dr. J. Nkosi,Active
MED005736,P2897,Sertraline,50mg,Once daily,2022-04-21,,Dr. L. Torres,Active
MED005737,P2898,Metformin,500mg,Twice daily,2022-12-13,2024-05-18,Dr. A. Patel,Completed
MED005738,P2898,Furosemide,40mg,Once daily in morning,2023-05-10,,Dr. J. Nkosi,Active
MED005739,P2898,Salbutamol,100mcg,As required,2022-07-04,,Dr. L. Torres,Active
MED005740,P2898,Paracetamol,500mg,Up to four times daily,2022-12-20,,Dr. J. Nkosi,Active
MED005741,P2899,Omeprazole,20mg,Once daily before breakfast,2022-03-08,,Dr. Y. Tanaka,Active
MED005742,P2899,Amoxicillin,500mg,Three times daily,2022-03-31,,Dr. A. Patel,Active
MED005743,P2900,Aspirin,75mg,Once daily,2022-02-27,2024-05-11,Dr. Y. Tanaka,Completed
MED005744,P2900,Omeprazole,20mg,Once daily before breakfast,2023-04-14,,Dr. J. Nkosi,Active
MED005745,P2900,Prednisolone,5mg,Once daily,2022-08-05,,Dr. J. Nkosi,Active
MED005746,P2900,Lisinopril,10mg,Once daily,2023-01-01,,Dr. L. Torres,Active
MED005747,P2900,Salbutamol,100mcg,As required,2022-12-16,2024-01-17,Dr. C. Müller,Completed
MED005748,P2901,Amoxicillin,500mg,Three times daily,2023-11-23,,Dr. M. O'Brien,Active
MED005749,P2901,Lisinopril,10mg,Once daily,2022-08-26,,Dr. S. Khan,Active
MED005750,P2901,Bisoprolol,2.5mg,Once daily,2023-12-23,,Dr. C. Müller,Active
MED005751,P2901,Clopidogrel,75mg,Once daily,2023-05-27,,Dr. C. Müller,Active
MED005752,P2902,Paracetamol,500mg,Up to four times daily,2022-09-13,,Dr. R. Singh,Active
MED005753,P2902,Sertraline,50mg,Once daily,2023-01-22,,Dr. M. O'Brien,Active
MED005754,P2902,Amoxicillin,500mg,Three times daily,2023-06-07,2024-08-16,Dr. A. Patel,Completed
MED005755,P2903,Gabapentin,300mg,Three times daily,2023-05-13,2024-09-29,Dr. L. Torres,Completed
MED005756,P2903,Ibuprofen,400mg,Three times daily with food,2022-07-04,,Dr. R. Singh,Active
MED005757,P2903,Clopidogrel,75mg,Once daily,2022-03-03,,Dr. Y. Tanaka,Active
MED005758,P2903,Paracetamol,500mg,Up to four times daily,2022-02-09,,Dr. J. Nkosi,Active
MED005759,P2904,Prednisolone,5mg,Once daily,2023-03-09,,Dr. C. Müller,Active
MED005760,P2904,Atorvastatin,20mg,Once daily at night,2023-11-15,2024-01-10,Dr. S. Khan,Completed
MED005761,P2904,Metformin,500mg,Twice daily,2022-12-19,,Dr. C. Müller,Active
MED005762,P2904,Salbutamol,100mcg,As required,2022-03-14,2024-05-11,Dr. S. Khan,Completed
MED005763,P2905,Aspirin,75mg,Once daily,2023-10-31,,Dr. Y. Tanaka,Active
MED005764,P2905,Prednisolone,5mg,Once daily,2022-07-13,2024-10-29,Dr. L. Torres,Completed
MED005765,P2906,Gabapentin,300mg,Three times daily,2022-09-20,,Dr. M. O'Brien,Active
MED005766,P2907,Sertraline,50mg,Once daily,2023-12-18,,Dr. A. Patel,Active
MED005767,P2907,Lisinopril,10mg,Once daily,2022-07-01,2024-11-28,Dr. J. Nkosi,Completed
MED005768,P2907,Gabapentin,300mg,Three times daily,2022-04-05,,Dr. M. O'Brien,Active
MED005769,P2907,Clopidogrel,75mg,Once daily,2022-04-14,,Dr. A. Patel,Active
MED005770,P2908,Insulin Glargine,10 units,Once daily at bedtime,2022-03-05,,Dr. L. Torres,Active
MED005771,P2908,Atorvastatin,20mg,Once daily at night,2022-08-25,,Dr. Y. Tanaka,Active
MED005772,P2908,Omeprazole,20mg,Once daily before breakfast,2022-08-18,2024-11-13,Dr. A. Patel,Completed
MED005773,P2908,Levothyroxine,50mcg,Once daily,2023-02-24,,Dr. M. O'Brien,Active
MED005774,P2908,Prednisolone,5mg,Once daily,2023-05-10,,Dr. A. Patel,Active
MED005775,P2909,Insulin Glargine,10 units,Once daily at bedtime,2023-12-16,,Dr. L. Torres,Active
MED005776,P2910,Insulin Glargine,10 units,Once daily at bedtime,2023-12-01,2024-06-26,Dr. L. Torres,Completed
MED005777,P2910,Bisoprolol,2.5mg,Once daily,2022-01-08,,Dr. J. Nkosi,Active
MED005778,P2910,Aspirin,75mg,Once daily,2023-03-19,2024-06-16,Dr. C. Müller,Completed
MED005779,P2911,Lisinopril,10mg,Once daily,2023-12-02,2024-08-18,Dr. Y. Tanaka,Completed
MED005780,P2911,Sertraline,50mg,Once daily,2022-07-06,,Dr. C. Müller,Active
MED005781,P2911,Salbutamol,100mcg,As required,2022-05-14,,Dr. M. O'Brien,Active
MED005782,P2911,Amlodipine,5mg,Once daily,2022-08-21,,Dr. L. Torres,Active
MED005783,P2911,Furosemide,40mg,Once daily in morning,2023-02-27,,Dr. L. Torres,Active
MED005784,P2912,Insulin Glargine,10 units,Once daily at bedtime,2022-07-14,2024-06-01,Dr. J. Nkosi,Completed
MED005785,P2912,Atorvastatin,20mg,Once daily at night,2022-01-26,,Dr. C. Müller,Active
MED005786,P2912,Paracetamol,500mg,Up to four times daily,2023-11-19,,Dr. C. Müller,Active
MED005787,P2913,Salbutamol,100mcg,As required,2023-10-12,,Dr. L. Torres,Active
MED005788,P2913,Amlodipine,5mg,Once daily,2023-04-21,,Dr. C. Müller,Active
MED005789,P2913,Gabapentin,300mg,Three times daily,2023-01-30,,Dr. R. Singh,Active
MED005790,P2913,Lisinopril,10mg,Once daily,2022-07-15,,Dr. C. Müller,Active
MED005791,P2914,Paracetamol,500mg,Up to four times daily,2022-03-31,2024-01-28,Dr. L. Torres,Completed
MED005792,P2915,Warfarin,3mg,Once daily,2023-11-23,,Dr. M. O'Brien,Active
MED005793,P2915,Furosemide,40mg,Once daily in morning,2022-07-08,,Dr. Y. Tanaka,Active
MED005794,P2915,Omeprazole,20mg,Once daily before breakfast,2022-05-08,,Dr. J. Nkosi,Active
MED005795,P2915,Amlodipine,5mg,Once daily,2023-10-15,,Dr. S. Khan,Active
MED005796,P2916,Ramipril,5mg,Once daily,2022-03-03,,Dr. R. Singh,Active
MED005797,P2916,Paracetamol,500mg,Up to four times daily,2023-10-21,,Dr. C. Müller,Active
MED005798,P2916,Lisinopril,10mg,Once daily,2022-03-03,,Dr. A. Patel,Active
MED005799,P2917,Paracetamol,500mg,Up to four times daily,2022-11-19,2024-12-20,Dr. Y. Tanaka,Completed
MED005800,P2918,Omeprazole,20mg,Once daily before breakfast,2023-04-12,,Dr. C. Müller,Active
MED005801,P2918,Aspirin,75mg,Once daily,2023-02-24,,Dr. L. Torres,Active
MED005802,P2918,Atorvastatin,20mg,Once daily at night,2023-05-28,2024-10-23,Dr. J. Nkosi,Completed
MED005803,P2919,Atorvastatin,20mg,Once daily at night,2023-02-13,2024-12-08,Dr. C. Müller,Completed
MED005804,P2920,Salbutamol,100mcg,As required,2023-03-24,2024-10-27,Dr. S. Khan,Completed
MED005805,P2920,Omeprazole,20mg,Once daily before breakfast,2022-09-01,,Dr. C. Müller,Active
MED005806,P2920,Insulin Glargine,10 units,Once daily at bedtime,2023-01-08,,Dr. Y. Tanaka,Active
MED005807,P2920,Ramipril,5mg,Once daily,2022-05-29,,Dr. S. Khan,Active
MED005808,P2920,Bisoprolol,2.5mg,Once daily,2023-11-04,,Dr. L. Torres,Active
MED005809,P2921,Levothyroxine,50mcg,Once daily,2023-04-21,,Dr. J. Nkosi,Active
MED005810,P2922,Metformin,500mg,Twice daily,2023-09-01,2024-02-05,Dr. C. Müller,Completed
MED005811,P2922,Aspirin,75mg,Once daily,2023-04-19,,Dr. S. Khan,Active
MED005812,P2922,Warfarin,3mg,Once daily,2023-02-21,,Dr. L. Torres,Active
MED005813,P2922,Ibuprofen,400mg,Three times daily with food,2022-03-16,,Dr. L. Torres,Active
MED005814,P2922,Clopidogrel,75mg,Once daily,2023-03-07,2024-12-04,Dr. S. Khan,Completed
MED005815,P2923,Gabapentin,300mg,Three times daily,2023-03-16,,Dr. M. O'Brien,Active
MED005816,P2923,Ramipril,5mg,Once daily,2022-05-31,,Dr. M. O'Brien,Active
MED005817,P2924,Paracetamol,500mg,Up to four times daily,2022-11-01,,Dr. A. Patel,Active
MED005818,P2924,Amoxicillin,500mg,Three times daily,2023-08-02,,Dr. J. Nkosi,Active
MED005819,P2924,Amlodipine,5mg,Once daily,2023-07-06,,Dr. C. Müller,Active
MED005820,P2924,Atorvastatin,20mg,Once daily at night,2023-02-01,,Dr. S. Khan,Active
MED005821,P2924,Bisoprolol,2.5mg,Once daily,2023-10-01,,Dr. J. Nkosi,Active
MED005822,P2925,Warfarin,3mg,Once daily,2023-10-02,,Dr. M. O'Brien,Active
MED005823,P2925,Paracetamol,500mg,Up to four times daily,2023-05-08,,Dr. S. Khan,Active
MED005824,P2925,Amlodipine,5mg,Once daily,2022-11-01,2024-10-05,Dr. J. Nkosi,Completed
MED005825,P2925,Ramipril,5mg,Once daily,2023-09-24,,Dr. R. Singh,Active
MED005826,P2926,Sertraline,50mg,Once daily,2022-08-13,2024-11-16,Dr. J. Nkosi,Completed
MED005827,P2927,Warfarin,3mg,Once daily,2022-04-16,2024-09-07,Dr. S. Khan,Completed
MED005828,P2927,Metformin,500mg,Twice daily,2022-12-25,2024-11-21,Dr. M. O'Brien,Completed
MED005829,P2928,Metformin,500mg,Twice daily,2022-10-31,,Dr. S. Khan,Active
MED005830,P2928,Ramipril,5mg,Once daily,2022-08-31,,Dr. L. Torres,Active
MED005831,P2928,Aspirin,75mg,Once daily,2022-07-19,,Dr. R. Singh,Active
MED005832,P2928,Prednisolone,5mg,Once daily,2023-01-14,,Dr. C. Müller,Active
MED005833,P2929,Ramipril,5mg,Once daily,2023-07-03,2024-03-07,Dr. Y. Tanaka,Completed
MED005834,P2929,Gabapentin,300mg,Three times daily,2022-12-06,,Dr. L. Torres,Active
MED005835,P2929,Levothyroxine,50mcg,Once daily,2023-12-27,,Dr. M. O'Brien,Active
MED005836,P2929,Amlodipine,5mg,Once daily,2023-05-16,,Dr. L. Torres,Active
MED005837,P2930,Clopidogrel,75mg,Once daily,2023-11-18,,Dr. A. Patel,Active
MED005838,P2930,Aspirin,75mg,Once daily,2022-03-27,,Dr. M. O'Brien,Active
MED005839,P2930,Gabapentin,300mg,Three times daily,2022-09-19,,Dr. Y. Tanaka,Active
MED005840,P2930,Paracetamol,500mg,Up to four times daily,2022-12-30,,Dr. Y. Tanaka,Active
MED005841,P2931,Warfarin,3mg,Once daily,2023-12-07,2024-04-12,Dr. R. Singh,Completed
MED005842,P2931,Bisoprolol,2.5mg,Once daily,2022-05-02,,Dr. A. Patel,Active
MED005843,P2931,Ramipril,5mg,Once daily,2023-07-20,,Dr. S. Khan,Active
MED005844,P2931,Ibuprofen,400mg,Three times daily with food,2023-03-03,,Dr. S. Khan,Active
MED005845,P2931,Lisinopril,10mg,Once daily,2023-04-24,2024-12-14,Dr. Y. Tanaka,Completed
MED005846,P2932,Atorvastatin,20mg,Once daily at night,2022-10-22,2024-02-22,Dr. C. Müller,Completed
MED005847,P2932,Bisoprolol,2.5mg,Once daily,2023-08-18,,Dr. R. Singh,Active
MED005848,P2932,Sertraline,50mg,Once daily,2022-09-04,,Dr. L. Torres,Active
MED005849,P2932,Aspirin,75mg,Once daily,2022-11-19,,Dr. M. O'Brien,Active
MED005850,P2933,Omeprazole,20mg,Once daily before breakfast,2022-12-21,,Dr. Y. Tanaka,Active
MED005851,P2933,Salbutamol,100mcg,As required,2023-10-08,,Dr. M. O'Brien,Active
MED005852,P2933,Gabapentin,300mg,Three times daily,2023-11-08,2024-05-24,Dr. M. O'Brien,Completed
MED005853,P2933,Paracetamol,500mg,Up to four times daily,2023-09-19,2024-09-04,Dr. M. O'Brien,Completed
MED005854,P2934,Gabapentin,300mg,Three times daily,2023-02-25,,Dr. R. Singh,Active
MED005855,P2934,Warfarin,3mg,Once daily,2022-01-09,,Dr. A. Patel,Active
MED005856,P2934,Prednisolone,5mg,Once daily,2022-05-04,,Dr. S. Khan,Active
MED005857,P2935,Furosemide,40mg,Once daily in morning,2022-12-29,2024-06-26,Dr. A. Patel,Completed
MED005858,P2935,Sertraline,50mg,Once daily,2022-09-01,,Dr. R. Singh,Active
MED005859,P2935,Amoxicillin,500mg,Three times daily,2023-07-20,2024-10-05,Dr. A. Patel,Completed
MED005860,P2935,Warfarin,3mg,Once daily,2023-11-21,,Dr. A. Patel,Active
MED005861,P2936,Warfarin,3mg,Once daily,2023-12-02,,Dr. Y. Tanaka,Active
MED005862,P2936,Amlodipine,5mg,Once daily,2023-05-07,,Dr. M. O'Brien,Active
MED005863,P2936,Furosemide,40mg,Once daily in morning,2023-10-17,2024-08-11,Dr. A. Patel,Completed
MED005864,P2936,Insulin Glargine,10 units,Once daily at bedtime,2022-02-11,,Dr. L. Torres,Active
MED005865,P2937,Prednisolone,5mg,Once daily,2022-01-25,,Dr. C. Müller,Active
MED005866,P2937,Metformin,500mg,Twice daily,2022-09-09,,Dr. J. Nkosi,Active
MED005867,P2938,Amoxicillin,500mg,Three times daily,2023-08-23,,Dr. S. Khan,Active
MED005868,P2938,Omeprazole,20mg,Once daily before breakfast,2022-01-14,,Dr. Y. Tanaka,Active
MED005869,P2938,Ramipril,5mg,Once daily,2023-11-10,,Dr. M. O'Brien,Active
MED005870,P2938,Insulin Glargine,10 units,Once daily at bedtime,2022-03-08,,Dr. C. Müller,Active
MED005871,P2939,Amlodipine,5mg,Once daily,2023-03-19,,Dr. C. Müller,Active
MED005872,P2939,Lisinopril,10mg,Once daily,2023-07-11,2024-05-18,Dr. Y. Tanaka,Completed
MED005873,P2940,Lisinopril,10mg,Once daily,2022-07-23,,Dr. A. Patel,Active
MED005874,P2940,Sertraline,50mg,Once daily,2022-01-21,,Dr. R. Singh,Active
MED005875,P2941,Paracetamol,500mg,Up to four times daily,2022-01-11,2024-06-28,Dr. R. Singh,Completed
MED005876,P2941,Atorvastatin,20mg,Once daily at night,2023-11-08,,Dr. S. Khan,Active
MED005877,P2941,Ibuprofen,400mg,Three times daily with food,2023-07-11,,Dr. A. Patel,Active
MED005878,P2941,Metformin,500mg,Twice daily,2022-02-28,,Dr. M. O'Brien,Active
MED005879,P2941,Aspirin,75mg,Once daily,2023-08-27,,Dr. L. Torres,Active
MED005880,P2942,Ramipril,5mg,Once daily,2022-12-30,,Dr. L. Torres,Active
MED005881,P2942,Omeprazole,20mg,Once daily before breakfast,2022-07-26,,Dr. L. Torres,Active
MED005882,P2943,Aspirin,75mg,Once daily,2023-11-25,,Dr. A. Patel,Active
MED005883,P2943,Bisoprolol,2.5mg,Once daily,2022-05-25,,Dr. J. Nkosi,Active
MED005884,P2943,Clopidogrel,75mg,Once daily,2022-09-10,,Dr. J. Nkosi,Active
MED005885,P2943,Atorvastatin,20mg,Once daily at night,2023-02-14,,Dr. J. Nkosi,Active
MED005886,P2943,Prednisolone,5mg,Once daily,2022-05-19,2024-09-08,Dr. C. Müller,Completed
MED005887,P2944,Amlodipine,5mg,Once daily,2023-05-24,,Dr. J. Nkosi,Active
MED005888,P2944,Salbutamol,100mcg,As required,2022-01-13,,Dr. S. Khan,Active
MED005889,P2944,Ibuprofen,400mg,Three times daily with food,2022-05-04,,Dr. Y. Tanaka,Active
MED005890,P2944,Gabapentin,300mg,Three times daily,2023-10-18,,Dr. A. Patel,Active
MED005891,P2944,Levothyroxine,50mcg,Once daily,2023-07-26,,Dr. C. Müller,Active
MED005892,P2945,Amoxicillin,500mg,Three times daily,2022-07-22,2024-11-29,Dr. J. Nkosi,Completed
MED005893,P2945,Levothyroxine,50mcg,Once daily,2022-09-06,,Dr. Y. Tanaka,Active
MED005894,P2945,Sertraline,50mg,Once daily,2023-06-09,2024-08-21,Dr. A. Patel,Completed
MED005895,P2945,Bisoprolol,2.5mg,Once daily,2022-03-13,,Dr. A. Patel,Active
MED005896,P2946,Bisoprolol,2.5mg,Once daily,2022-03-27,2024-04-18,Dr. Y. Tanaka,Completed
MED005897,P2946,Warfarin,3mg,Once daily,2023-12-24,,Dr. A. Patel,Active
MED005898,P2947,Amlodipine,5mg,Once daily,2022-09-07,,Dr. R. Singh,Active
MED005899,P2947,Sertraline,50mg,Once daily,2022-04-10,,Dr. S. Khan,Active
MED005900,P2947,Metformin,500mg,Twice daily,2023-02-09,2024-12-04,Dr. Y. Tanaka,Completed
MED005901,P2947,Ramipril,5mg,Once daily,2023-07-24,,Dr. L. Torres,Active
MED005902,P2948,Paracetamol,500mg,Up to four times daily,2022-06-22,,Dr. J. Nkosi,Active
MED005903,P2948,Ramipril,5mg,Once daily,2022-01-14,2024-12-05,Dr. M. O'Brien,Completed
MED005904,P2948,Insulin Glargine,10 units,Once daily at bedtime,2023-03-20,,Dr. A. Patel,Active
MED005905,P2949,Paracetamol,500mg,Up to four times daily,2022-07-11,,Dr. C. Müller,Active
MED005906,P2949,Ramipril,5mg,Once daily,2023-09-24,,Dr. Y. Tanaka,Active
MED005907,P2950,Amoxicillin,500mg,Three times daily,2022-01-27,2024-11-05,Dr. L. Torres,Completed
MED005908,P2950,Paracetamol,500mg,Up to four times daily,2022-01-15,2024-09-07,Dr. R. Singh,Completed
MED005909,P2951,Atorvastatin,20mg,Once daily at night,2022-01-04,,Dr. J. Nkosi,Active
MED005910,P2952,Salbutamol,100mcg,As required,2023-04-25,,Dr. R. Singh,Active
MED005911,P2952,Amlodipine,5mg,Once daily,2023-10-09,,Dr. R. Singh,Active
MED005912,P2952,Insulin Glargine,10 units,Once daily at bedtime,2023-09-13,,Dr. S. Khan,Active
MED005913,P2952,Furosemide,40mg,Once daily in morning,2023-03-29,2024-01-20,Dr. J. Nkosi,Completed
MED005914,P2952,Prednisolone,5mg,Once daily,2022-06-14,,Dr. M. O'Brien,Active
MED005915,P2953,Levothyroxine,50mcg,Once daily,2022-08-06,,Dr. J. Nkosi,Active
MED005916,P2953,Clopidogrel,75mg,Once daily,2022-08-11,2024-05-04,Dr. J. Nkosi,Completed
MED005917,P2953,Aspirin,75mg,Once daily,2022-02-08,,Dr. A. Patel,Active
MED005918,P2953,Prednisolone,5mg,Once daily,2022-10-24,,Dr. M. O'Brien,Active
MED005919,P2953,Lisinopril,10mg,Once daily,2023-09-29,,Dr. A. Patel,Active
MED005920,P2954,Amlodipine,5mg,Once daily,2023-09-03,2024-01-01,Dr. R. Singh,Completed
MED005921,P2954,Omeprazole,20mg,Once daily before breakfast,2023-05-31,,Dr. M. O'Brien,Active
MED005922,P2955,Aspirin,75mg,Once daily,2022-01-25,,Dr. R. Singh,Active
MED005923,P2956,Metformin,500mg,Twice daily,2023-12-13,2024-07-01,Dr. C. Müller,Completed
MED005924,P2956,Amlodipine,5mg,Once daily,2023-09-01,2024-09-18,Dr. C. Müller,Completed
MED005925,P2957,Insulin Glargine,10 units,Once daily at bedtime,2023-12-25,2024-11-22,Dr. S. Khan,Completed
MED005926,P2958,Ramipril,5mg,Once daily,2022-10-16,,Dr. Y. Tanaka,Active
MED005927,P2958,Amoxicillin,500mg,Three times daily,2022-09-09,2024-04-26,Dr. R. Singh,Completed
MED005928,P2958,Ibuprofen,400mg,Three times daily with food,2023-09-23,,Dr. Y. Tanaka,Active
MED005929,P2959,Ramipril,5mg,Once daily,2023-01-27,,Dr. M. O'Brien,Active
MED005930,P2959,Amlodipine,5mg,Once daily,2022-11-30,2024-12-02,Dr. J. Nkosi,Completed
MED005931,P2959,Metformin,500mg,Twice daily,2023-09-14,,Dr. C. Müller,Active
MED005932,P2959,Ibuprofen,400mg,Three times daily with food,2023-05-13,,Dr. L. Torres,Active
MED005933,P2960,Prednisolone,5mg,Once daily,2022-05-30,,Dr. J. Nkosi,Active
MED005934,P2960,Atorvastatin,20mg,Once daily at night,2023-05-26,,Dr. C. Müller,Active
MED005935,P2960,Ramipril,5mg,Once daily,2023-09-23,,Dr. S. Khan,Active
MED005936,P2960,Lisinopril,10mg,Once daily,2022-11-13,2024-06-01,Dr. A. Patel,Completed
MED005937,P2960,Salbutamol,100mcg,As required,2022-04-15,2024-09-27,Dr. Y. Tanaka,Completed
MED005938,P2961,Levothyroxine,50mcg,Once daily,2023-04-19,2024-10-27,Dr. L. Torres,Completed
MED005939,P2961,Aspirin,75mg,Once daily,2022-07-11,,Dr. L. Torres,Active
MED005940,P2961,Furosemide,40mg,Once daily in morning,2022-01-13,,Dr. R. Singh,Active
MED005941,P2961,Ramipril,5mg,Once daily,2023-02-26,,Dr. A. Patel,Active
MED005942,P2961,Bisoprolol,2.5mg,Once daily,2022-07-07,,Dr. R. Singh,Active
MED005943,P2962,Atorvastatin,20mg,Once daily at night,2022-02-22,2024-05-26,Dr. S. Khan,Completed
MED005944,P2962,Omeprazole,20mg,Once daily before breakfast,2023-02-18,2024-10-10,Dr. R. Singh,Completed
MED005945,P2963,Furosemide,40mg,Once daily in morning,2022-12-27,,Dr. C. Müller,Active
MED005946,P2964,Prednisolone,5mg,Once daily,2022-07-12,,Dr. M. O'Brien,Active
MED005947,P2964,Ibuprofen,400mg,Three times daily with food,2022-05-04,,Dr. A. Patel,Active
MED005948,P2964,Metformin,500mg,Twice daily,2022-09-02,,Dr. A. Patel,Active
MED005949,P2965,Prednisolone,5mg,Once daily,2022-08-26,,Dr. R. Singh,Active
MED005950,P2965,Clopidogrel,75mg,Once daily,2023-09-25,2024-03-10,Dr. S. Khan,Completed
MED005951,P2965,Amoxicillin,500mg,Three times daily,2023-02-26,,Dr. A. Patel,Active
MED005952,P2965,Salbutamol,100mcg,As required,2023-03-12,,Dr. J. Nkosi,Active
MED005953,P2965,Aspirin,75mg,Once daily,2022-12-17,,Dr. J. Nkosi,Active
MED005954,P2966,Omeprazole,20mg,Once daily before breakfast,2023-03-20,,Dr. C. Müller,Active
MED005955,P2966,Clopidogrel,75mg,Once daily,2022-12-08,,Dr. S. Khan,Active
MED005956,P2966,Salbutamol,100mcg,As required,2023-01-09,,Dr. Y. Tanaka,Active
MED005957,P2966,Levothyroxine,50mcg,Once daily,2022-05-12,,Dr. J. Nkosi,Active
MED005958,P2967,Furosemide,40mg,Once daily in morning,2022-05-16,,Dr. L. Torres,Active
MED005959,P2967,Atorvastatin,20mg,Once daily at night,2023-04-12,,Dr. M. O'Brien,Active
MED005960,P2967,Ibuprofen,400mg,Three times daily with food,2023-04-24,2024-06-29,Dr. L. Torres,Completed
MED005961,P2968,Warfarin,3mg,Once daily,2022-08-18,,Dr. C. Müller,Active
MED005962,P2968,Lisinopril,10mg,Once daily,2022-02-27,,Dr. L. Torres,Active
MED005963,P2968,Paracetamol,500mg,Up to four times daily,2022-10-25,,Dr. A. Patel,Active
MED005964,P2969,Ibuprofen,400mg,Three times daily with food,2023-12-02,2024-01-16,Dr. M. O'Brien,Completed
MED005965,P2969,Levothyroxine,50mcg,Once daily,2023-10-14,,Dr. A. Patel,Active
MED005966,P2969,Amlodipine,5mg,Once daily,2022-01-24,,Dr. Y. Tanaka,Active
MED005967,P2969,Atorvastatin,20mg,Once daily at night,2022-03-08,2024-08-07,Dr. L. Torres,Completed
MED005968,P2970,Metformin,500mg,Twice daily,2023-11-21,,Dr. C. Müller,Active
MED005969,P2970,Omeprazole,20mg,Once daily before breakfast,2023-07-31,,Dr. A. Patel,Active
MED005970,P2970,Bisoprolol,2.5mg,Once daily,2022-03-05,,Dr. S. Khan,Active
MED005971,P2970,Gabapentin,300mg,Three times daily,2022-10-19,,Dr. L. Torres,Active
MED005972,P2970,Furosemide,40mg,Once daily in morning,2023-02-01,,Dr. R. Singh,Active
MED005973,P2971,Atorvastatin,20mg,Once daily at night,2022-10-11,,Dr. M. O'Brien,Active
MED005974,P2971,Clopidogrel,75mg,Once daily,2022-05-28,,Dr. A. Patel,Active
MED005975,P2971,Aspirin,75mg,Once daily,2023-03-11,,Dr. S. Khan,Active
MED005976,P2972,Prednisolone,5mg,Once daily,2022-05-03,,Dr. M. O'Brien,Active
MED005977,P2972,Aspirin,75mg,Once daily,2023-10-02,,Dr. M. O'Brien,Active
MED005978,P2973,Prednisolone,5mg,Once daily,2023-02-26,,Dr. M. O'Brien,Active
MED005979,P2974,Gabapentin,300mg,Three times daily,2023-05-10,,Dr. Y. Tanaka,Active
MED005980,P2974,Insulin Glargine,10 units,Once daily at bedtime,2023-02-26,,Dr. L. Torres,Active
MED005981,P2975,Warfarin,3mg,Once daily,2022-12-09,,Dr. Y. Tanaka,Active
MED005982,P2975,Ramipril,5mg,Once daily,2022-04-23,,Dr. S. Khan,Active
MED005983,P2975,Paracetamol,500mg,Up to four times daily,2023-06-19,,Dr. Y. Tanaka,Active
MED005984,P2975,Ibuprofen,400mg,Three times daily with food,2023-12-13,2024-09-22,Dr. S. Khan,Completed
MED005985,P2975,Furosemide,40mg,Once daily in morning,2023-06-27,,Dr. A. Patel,Active
MED005986,P2976,Bisoprolol,2.5mg,Once daily,2022-09-25,,Dr. M. O'Brien,Active
MED005987,P2976,Clopidogrel,75mg,Once daily,2023-12-27,,Dr. Y. Tanaka,Active
MED005988,P2976,Ibuprofen,400mg,Three times daily with food,2022-08-05,2024-07-16,Dr. S. Khan,Completed
MED005989,P2976,Paracetamol,500mg,Up to four times daily,2022-08-28,,Dr. R. Singh,Active
MED005990,P2977,Ramipril,5mg,Once daily,2023-12-10,,Dr. A. Patel,Active
MED005991,P2977,Warfarin,3mg,Once daily,2023-12-17,,Dr. M. O'Brien,Active
MED005992,P2977,Levothyroxine,50mcg,Once daily,2023-11-20,,Dr. A. Patel,Active
MED005993,P2977,Metformin,500mg,Twice daily,2023-05-09,,Dr. R. Singh,Active
MED005994,P2977,Ibuprofen,400mg,Three times daily with food,2023-12-29,,Dr. M. O'Brien,Active
MED005995,P2978,Atorvastatin,20mg,Once daily at night,2022-10-14,,Dr. S. Khan,Active
MED005996,P2978,Ramipril,5mg,Once daily,2022-05-13,2024-02-07,Dr. L. Torres,Completed
MED005997,P2978,Omeprazole,20mg,Once daily before breakfast,2023-11-08,,Dr. L. Torres,Active
MED005998,P2979,Atorvastatin,20mg,Once daily at night,2023-06-18,2024-05-10,Dr. R. Singh,Completed
MED005999,P2979,Furosemide,40mg,Once daily in morning,2023-12-03,,Dr. L. Torres,Active
MED006000,P2980,Levothyroxine,50mcg,Once daily,2023-07-09,,Dr. R. Singh,Active
MED006001,P2980,Bisoprolol,2.5mg,Once daily,2022-03-04,2024-07-14,Dr. M. O'Brien,Completed
MED006002,P2981,Furosemide,40mg,Once daily in morning,2022-03-12,2024-05-08,Dr. S. Khan,Completed
MED006003,P2982,Gabapentin,300mg,Three times daily,2023-07-11,2024-10-23,Dr. L. Torres,Completed
MED006004,P2982,Levothyroxine,50mcg,Once daily,2022-06-05,,Dr. R. Singh,Active
MED006005,P2982,Omeprazole,20mg,Once daily before breakfast,2022-05-19,,Dr. C. Müller,Active
MED006006,P2983,Paracetamol,500mg,Up to four times daily,2023-05-09,,Dr. S. Khan,Active
MED006007,P2984,Clopidogrel,75mg,Once daily,2022-10-26,2024-07-21,Dr. S. Khan,Completed
MED006008,P2984,Ibuprofen,400mg,Three times daily with food,2023-05-20,,Dr. A. Patel,Active
MED006009,P2984,Warfarin,3mg,Once daily,2022-08-29,,Dr. M. O'Brien,Active
MED006010,P2985,Aspirin,75mg,Once daily,2022-10-17,2024-08-23,Dr. Y. Tanaka,Completed
MED006011,P2985,Clopidogrel,75mg,Once daily,2023-08-25,,Dr. M. O'Brien,Active
MED006012,P2985,Ramipril,5mg,Once daily,2023-12-08,,Dr. S. Khan,Active
MED006013,P2986,Metformin,500mg,Twice daily,2022-10-22,,Dr. C. Müller,Active
MED006014,P2986,Clopidogrel,75mg,Once daily,2022-01-14,,Dr. S. Khan,Active
MED006015,P2986,Furosemide,40mg,Once daily in morning,2022-06-13,,Dr. S. Khan,Active
MED006016,P2986,Aspirin,75mg,Once daily,2023-05-08,2024-01-20,Dr. L. Torres,Completed
MED006017,P2987,Aspirin,75mg,Once daily,2023-04-01,,Dr. L. Torres,Active
MED006018,P2988,Atorvastatin,20mg,Once daily at night,2022-06-24,2024-11-07,Dr. Y. Tanaka,Completed
MED006019,P2988,Furosemide,40mg,Once daily in morning,2022-05-06,,Dr. C. Müller,Active
MED006020,P2989,Furosemide,40mg,Once daily in morning,2023-12-13,,Dr. R. Singh,Active
MED006021,P2989,Warfarin,3mg,Once daily,2023-02-22,2024-10-11,Dr. C. Müller,Completed
MED006022,P2990,Warfarin,3mg,Once daily,2022-10-19,,Dr. C. Müller,Active
MED006023,P2990,Sertraline,50mg,Once daily,2023-08-12,,Dr. C. Müller,Active
MED006024,P2990,Amlodipine,5mg,Once daily,2022-06-13,,Dr. J. Nkosi,Active
MED006025,P2991,Ibuprofen,400mg,Three times daily with food,2023-06-26,,Dr. Y. Tanaka,Active
MED006026,P2991,Levothyroxine,50mcg,Once daily,2022-03-20,,Dr. S. Khan,Active
MED006027,P2991,Aspirin,75mg,Once daily,2023-12-13,2024-12-28,Dr. C. Müller,Completed
MED006028,P2991,Atorvastatin,20mg,Once daily at night,2022-08-28,,Dr. L. Torres,Active
MED006029,P2992,Lisinopril,10mg,Once daily,2022-09-07,,Dr. S. Khan,Active
MED006030,P2992,Ramipril,5mg,Once daily,2023-12-13,2024-09-07,Dr. A. Patel,Completed
MED006031,P2993,Levothyroxine,50mcg,Once daily,2023-06-26,,Dr. J. Nkosi,Active
MED006032,P2993,Sertraline,50mg,Once daily,2023-08-08,,Dr. A. Patel,Active
MED006033,P2993,Clopidogrel,75mg,Once daily,2022-10-13,,Dr. Y. Tanaka,Active
MED006034,P2993,Ibuprofen,400mg,Three times daily with food,2023-09-14,,Dr. A. Patel,Active
MED006035,P2994,Metformin,500mg,Twice daily,2022-08-20,,Dr. S. Khan,Active
MED006036,P2994,Bisoprolol,2.5mg,Once daily,2023-02-19,2024-09-19,Dr. R. Singh,Completed
MED006037,P2995,Aspirin,75mg,Once daily,2023-09-23,,Dr. Y. Tanaka,Active
MED006038,P2996,Insulin Glargine,10 units,Once daily at bedtime,2022-09-21,2024-01-04,Dr. J. Nkosi,Completed
MED006039,P2997,Sertraline,50mg,Once daily,2023-05-08,,Dr. S. Khan,Active
MED006040,P2998,Amlodipine,5mg,Once daily,2023-02-06,2024-06-25,Dr. L. Torres,Completed
MED006041,P2998,Warfarin,3mg,Once daily,2022-06-08,,Dr. J. Nkosi,Active
MED006042,P2998,Omeprazole,20mg,Once daily before breakfast,2022-12-22,,Dr. L. Torres,Active
MED006043,P2999,Prednisolone,5mg,Once daily,2023-05-31,,Dr. R. Singh,Active
MED006044,P3000,Paracetamol,500mg,Up to four times daily,2022-11-11,2024-05-28,Dr. S. Khan,Completed
