patient_id,first_name,last_name,dob,gender,blood_type,email,phone
P1001,Danielle,Johnson,1955-10-30,Other,A-,donaldgarcia@example.net,+1-219-560-0133
P1002,Mike,Miles,1966-05-18,M,AB+,zlawrence@example.org,001-626-254-235
P1003,Nicholas,Herrera,2006-10-16,M,B-,smiller@example.net,+1-659-931-0341
P1004,Mark,Diaz,1962-10-10,M,A-,elizabethmiles@example.net,+1-219-528-3276
P1005,Lydia,Trujillo,1965-01-13,Other,A-,clarksherri@example.net,837-767-2423x88
P1006,Jeffrey,Bright,1972-12-12,Other,O+,camposmichelle@example.org,+1-326-691-6697
P1007,Randy,Peterson,1957-03-05,M,A+,shawnmckay@example.net,282-781-4893x25
P1008,John,Rodriguez,1962-04-01,M,B-,john39@example.org,671-882-2782
P1009,Vincent,Hickman,1990-11-20,M,A+,jenniferross@example.net,+1-557-587-1331
P1010,Adrian,Zimmerman,1940-01-18,Other,B-,whiteheadmichele@example.org,334.373.8299x73
P1011,Donna,Gomez,1965-10-05,Other,O+,nuneztracey@example.org,4658133387
P1012,Clifford,Ford,1999-08-04,M,O-,ramosmichelle@example.net,908-501-3267
P1013,Michelle,Barrera,1947-10-08,Other,AB+,gallowayjoseph@example.com,268-272-3430x98
P1014,Kevin,Shaw,1997-12-31,M,B+,brianromero@example.org,291-336-1939
P1015,Robert,Silva,1973-11-30,Other,O+,james53@example.com,(524)675-1079x9
P1016,Brandi,Bailey,1940-10-09,F,AB+,mikemoore@example.net,001-449-680-841
P1017,Douglas,Clark,1960-10-12,M,B-,william40@example.org,+1-264-300-5242
P1018,Angela,Ware,2001-09-27,F,A-,davenportbrandi@example.org,(420)545-0533x1
P1019,Sean,Cherry,1994-12-09,M,O+,vjohnson@example.com,(534)221-6073x3
P1020,Matthew,Ross,1956-02-02,M,AB-,rasmussenjoshua@example.net,768.750.1429x40
P1021,Jessica,Joyce,1944-03-11,F,AB+,jonathanfletcher@example.org,783.856.1595x14
P1022,Michael,Spencer,1949-10-03,M,O-,lbyrd@example.net,001-746-980-443
P1023,Scott,Lowe,1973-01-24,Other,A-,donnacampbell@example.net,+1-395-913-4332
P1024,Jennifer,Soto,1949-12-11,F,A-,psnyder@example.org,+1-401-963-2870
P1025,Elizabeth,Travis,1979-03-22,Other,AB+,usalazar@example.net,(387)627-7434x8
P1026,Jimmy,Rogers,2000-12-10,Other,AB-,taylorjesse@example.net,(231)566-5876
P1027,Marissa,Price,1991-12-12,Other,B-,gateskathy@example.com,805.946.6889x37
P1028,Anthony,Rogers,1985-04-30,Other,A-,dramsey@example.org,+1-280-669-9016
P1029,James,Lewis,1959-08-12,M,B-,aramirez@example.com,270-580-5310
P1030,Christina,Smith,1946-11-16,F,A-,thomaswilson@example.org,645.829.9124x19
P1031,James,Espinoza,1941-04-19,M,A-,curtisbarton@example.net,+1-819-905-8651
P1032,Ashley,Yu,1982-02-24,F,AB+,bzimmerman@example.org,001-684-998-776
P1033,Dana,Marshall,1980-04-21,F,AB-,frogers@example.com,(273)554-5494
P1034,Bradley,Cortez,1971-06-02,M,AB-,hannahbrewer@example.com,701.843.6349x57
P1035,Yesenia,Pierce,1961-06-07,F,B-,qnelson@example.org,635-618-2337
P1036,Tina,Wall,1957-05-18,Other,AB+,harry08@example.org,900-984-2710x94
P1037,Matthew,Sheppard,1954-03-08,Other,A-,ewilson@example.com,519.802.2941x31
P1038,Shannon,Ramos,1998-07-18,Other,B+,ntorres@example.org,+1-213-834-1232
P1039,Shannon,Wheeler,1957-01-05,Other,B-,keithcampbell@example.com,434-693-6183
P1040,Ronald,Jones,1947-11-12,M,O-,brooke94@example.com,374-264-8877
P1041,Stacy,Navarro,1979-10-28,F,AB+,davissuzanne@example.net,001-604-490-278
P1042,Wendy,Graham,1995-03-12,Other,B-,harrisonricky@example.com,+1-712-356-7468
P1043,Tara,Powell,1973-04-26,Other,AB-,sandovalamy@example.com,6384597703
P1044,Timothy,Kim,1986-09-22,M,B-,johnsoncrystal@example.org,001-424-980-861
P1045,Timothy,Carter,1987-04-01,M,AB-,edavenport@example.org,682.263.9821x46
P1046,Diane,Evans,1978-08-07,F,AB+,cgrimes@example.net,855.288.6753x39
P1047,Evan,Kennedy,2002-06-07,M,B-,qhughes@example.net,(370)928-9517
P1048,Alexis,Thomas,1999-05-01,Other,AB-,charlesharrington@example.com,696-515-8657x80
P1049,Paul,Hamilton,1942-12-08,M,O-,wallaceheather@example.org,8504455623
P1050,Carolyn,Miller,1999-04-29,F,O-,tyleraguilar@example.org,647.840.7482x17
P1051,Michael,Bryant,1957-10-21,M,AB+,gcastaneda@example.org,(995)694-4064x0
P1052,Reginald,Hall,1994-04-17,M,B-,danaoliver@example.net,001-421-504-709
P1053,David,Ryan,2006-09-02,Other,AB+,maria47@example.com,001-651-371-236
P1054,Shawn,Chambers,1984-10-31,Other,O+,xcarson@example.org,+1-437-209-8593
P1055,Sophia,Torres,1971-09-18,Other,O+,youngamanda@example.com,258.769.2617x96
P1056,Claudia,Wallace,1952-12-26,F,B-,cory58@example.net,(706)543-1713x9
P1057,William,Buchanan,1950-09-24,M,O-,brendali@example.org,729-504-2284x21
P1058,Kevin,Smith,1955-02-14,M,A+,judyfox@example.net,577-258-9178
P1059,Nicholas,Kerr,1983-11-07,M,B+,stephen00@example.com,(761)877-1159x2
P1060,Virginia,Schmidt,1968-11-14,Other,B+,sgarcia@example.org,+1-883-767-3657
P1061,Elizabeth,Brooks,1946-11-22,Other,O+,fjones@example.org,(215)628-0988x5
P1062,Caroline,Bell,1977-12-09,Other,A-,ericolson@example.org,(285)614-9368x9
P1063,Alyssa,Nelson,1991-05-29,F,O+,michael22@example.net,+1-661-720-1836
P1064,Kimberly,Bradley,1941-12-14,Other,O-,moorekaren@example.org,+1-814-376-7976
P1065,Justin,Gregory,1971-04-11,Other,AB+,brandon69@example.org,2349324451
P1066,Julie,Thompson,1963-07-04,Other,A+,vincentwhitaker@example.com,860-860-7159
P1067,Jenna,Butler,1944-02-27,Other,A-,burchgeorge@example.net,651.761.3696x81
P1068,Jeffrey,Maxwell,1941-04-29,Other,AB+,schmidtjames@example.com,(923)912-4329x2
P1069,Karen,Wolf,1968-07-09,Other,AB-,michelle52@example.com,377-644-9058
P1070,Joel,Johnson,1962-09-02,M,AB+,chase19@example.net,267.998.0793x59
P1071,Ashley,Nolan,1960-10-27,F,B+,wagnergerald@example.org,001-777-288-925
P1072,Rachel,Holland,1940-07-24,F,A+,grantpaul@example.com,001-692-851-925
P1073,Dawn,Murphy,1945-01-29,Other,AB+,lucasrodney@example.com,4544235733
P1074,Chris,Richard,1943-02-18,Other,B+,stanleynancy@example.net,(296)822-2927
P1075,Michael,Ball,2006-07-14,Other,A-,karen73@example.net,847.835.9774
P1076,Tammy,Montoya,1994-03-30,Other,AB+,moniquewilliams@example.com,(881)381-4124x7
P1077,Stacey,Walker,1968-09-06,Other,B-,sarah60@example.com,653.961.5305x15
P1078,Michael,Taylor,1987-04-04,M,AB-,fgilbert@example.org,232-589-8614x34
P1079,Jason,Bauer,1969-02-13,M,A+,copelandvincent@example.net,7895324609
P1080,Ashley,Lopez,1984-07-13,Other,AB-,carlos88@example.net,380.767.0654x05
P1081,Brandi,Bell,1960-06-19,F,A+,mariacohen@example.net,822.917.0430x30
P1082,David,Mullins,1949-09-13,M,AB-,michelle05@example.com,956-767-6527
P1083,Tammy,Stone,1994-03-27,F,B-,mmiller@example.org,+1-845-411-5447
P1084,Michael,Bell,1938-11-04,M,B-,christina64@example.net,9162582029
P1085,David,Young,1982-11-06,Other,A-,patrick90@example.net,(775)857-1928
P1086,Ernest,Ramirez,2005-11-14,M,O-,fitzgeraldvictor@example.com,+1-514-347-3947
P1087,Chad,Jones,1948-05-09,M,B+,zosborn@example.net,451-588-4422x58
P1088,Richard,Johnson,1976-03-12,M,O-,tanner82@example.net,314-467-8669
P1089,Teresa,Day,1968-08-07,Other,B+,david89@example.org,001-626-380-182
P1090,Danielle,Reid,1975-12-18,F,O+,colleenmendez@example.org,629.592.2995x90
P1091,Randall,Butler,1982-05-26,M,B-,ismall@example.com,+1-947-536-4710
P1092,Matthew,Thomas,1998-08-22,Other,AB+,jessica56@example.org,001-258-681-537
P1093,Theresa,Lin,1966-04-11,F,AB-,lisapeck@example.net,532-578-7747x01
P1094,Lauren,Williams,1956-04-16,F,O-,amitchell@example.org,(624)356-5060x9
P1095,James,Cole,1975-11-22,M,B-,andersoncolin@example.com,985-923-9868x00
P1096,Chase,Barry,1945-12-15,M,A-,francisco94@example.net,688-287-9470x55
P1097,Linda,Baker,1983-08-11,F,A+,jennifersilva@example.org,896.523.0913x07
P1098,Robert,Hampton,2002-12-13,Other,B-,thorntonapril@example.net,578-565-2785x85
P1099,Joshua,Evans,2004-06-24,Other,B-,kellie37@example.com,258.644.1986x65
P1100,Tyler,Miller,2003-03-16,M,A-,julie33@example.net,584-221-9933x08
P1101,Craig,Rivera,1970-03-28,Other,A+,adampierce@example.org,(877)434-5401x9
P1102,Timothy,Johnson,1996-10-17,M,A-,vlopez@example.com,9044991547
P1103,Samuel,Mcdonald,1949-10-29,M,AB-,riverajessica@example.net,720-354-9329x66
P1104,James,Davis,2007-06-01,M,B-,pmorris@example.org,563-274-5499x04
P1105,Mary,Marshall,1947-05-30,F,O-,hannah45@example.net,932.572.7956
P1106,Philip,Becker,1979-03-31,M,B+,foxallison@example.com,491-408-8398
P1107,Mark,Meyer,1944-03-27,Other,O-,jenniferburns@example.net,207.828.6790x87
P1108,David,Smith,1951-08-29,M,O-,williamsmelvin@example.org,+1-801-770-4622
P1109,Wendy,Reyes,1999-03-27,F,B-,rbennett@example.net,+1-525-212-8682
P1110,Peter,Good,1969-07-20,M,A-,opatel@example.org,352.343.1069x03
P1111,Brittney,Griffin,1984-10-22,Other,O+,sanchezbradley@example.com,783.702.8439
P1112,Cynthia,Walter,2007-09-16,F,O+,roberthill@example.net,001-726-887-056
P1113,Jennifer,Evans,1949-03-04,F,O-,oallen@example.com,001-627-508-668
P1114,Mark,Miller,1968-08-02,Other,A+,christopher30@example.com,(299)501-3983x7
P1115,Sharon,Hayden,1944-04-25,Other,A-,srocha@example.net,001-636-738-546
P1116,Jose,Crawford,1942-12-13,M,O+,ugill@example.org,(856)609-3204x8
P1117,Elijah,Rivera,1963-06-25,Other,AB-,victorpena@example.net,247-377-2522x87
P1118,Tony,Barnett,1991-07-20,M,B-,otaylor@example.org,920-938-7509
P1119,Alan,Patel,1965-10-11,M,B-,morenojoshua@example.com,5866211823
P1120,Lisa,Adams,1964-09-21,Other,O-,susan79@example.org,001-234-410-166
P1121,Bradley,Bruce,1982-10-30,M,O+,ariel18@example.org,239.474.0148
P1122,Timothy,Edwards,2005-12-09,M,AB+,karenmarquez@example.com,842-493-9685
P1123,Rachel,Norris,1941-06-23,F,B-,brian63@example.org,899-496-5047x73
P1124,Michael,Guerrero,1942-01-02,M,O-,lauren11@example.com,(662)965-5110
P1125,Michael,Nelson,1945-06-04,Other,A-,ryanhawkins@example.net,(810)315-8199x5
P1126,Nathaniel,Hansen,2008-03-22,M,A+,ashleyjackson@example.com,(824)644-7212
P1127,Jason,Washington,1941-05-14,M,B-,sheryl79@example.net,871.724.0659
P1128,Jeremiah,Jordan,1995-11-14,M,O+,kevinmorrison@example.net,575.726.5479
P1129,Jamie,Velasquez,1964-06-08,F,O-,frederickjames@example.net,(980)473-7416
P1130,Mark,Allen,1983-11-01,M,O+,emccormick@example.com,+1-379-368-8680
P1131,Randy,Sandoval,1961-08-31,M,B+,hartdeanna@example.net,(556)910-1438x8
P1132,Jacqueline,Ford,1985-05-11,F,A+,michaeljohnson@example.org,961-312-5457x38
P1133,Jessica,Horton,1959-01-12,F,AB+,bradley10@example.com,+1-812-438-2825
P1134,Charlotte,Sandoval,1964-08-17,F,AB+,shannonjordan@example.org,001-933-341-918
P1135,Deborah,Huffman,1974-04-10,F,O-,candice96@example.net,355-479-2499
P1136,Erik,Allen,1944-04-15,M,B-,heather86@example.com,+1-629-466-2782
P1137,Chelsea,Wilkinson,1980-12-19,F,B-,stephanie72@example.org,(588)676-7677x2
P1138,Andrew,Walker,1956-10-28,M,A+,xcunningham@example.com,+1-281-991-4858
P1139,Amy,Fritz,1943-03-24,Other,AB-,kennethkidd@example.com,451-571-3395x96
P1140,Robert,Trujillo,1977-05-14,M,A+,candice25@example.net,449-748-1260x42
P1141,Maria,Juarez,1985-02-12,Other,O-,othomas@example.com,+1-266-371-1684
P1142,Jessica,Ellis,1984-03-26,Other,B+,melissa86@example.org,(237)345-4589x2
P1143,Mark,Copeland,1936-12-09,M,A-,scottsmith@example.com,724.424.1541
P1144,Anthony,Garrett,1988-09-30,M,A-,rubendavis@example.org,2372129387
P1145,Heather,Montoya,2007-11-21,Other,A-,ebenson@example.org,861.411.5542
P1146,Darlene,Byrd,1940-09-29,Other,B-,bishopfrank@example.com,001-732-869-731
P1147,Emily,Taylor,1955-12-21,F,A-,wrightcarolyn@example.net,+1-540-943-8983
P1148,Paul,Allen,1982-05-01,Other,B-,ricetiffany@example.com,626-596-5827x10
P1149,Bill,Brown,1993-05-15,Other,A+,courtney86@example.com,001-561-488-924
P1150,Amanda,Myers,1982-01-20,Other,A-,collinssamuel@example.org,6314617990
P1151,Barbara,Zimmerman,1986-12-17,F,AB-,tylerreed@example.net,001-642-352-410
P1152,Kathleen,Dixon,1939-10-19,F,B-,michaelscott@example.org,001-913-780-003
P1153,Patrick,Hernandez,2003-09-23,Other,AB-,tranrobin@example.net,+1-263-453-6541
P1154,Daniel,Black,1939-02-07,M,AB+,djones@example.com,001-945-718-705
P1155,Leslie,Snyder,1992-02-25,F,B+,jessicapayne@example.org,(206)803-8505
P1156,Melinda,Acosta,1943-05-04,Other,AB+,robertwoodward@example.org,001-441-803-865
P1157,Angela,Bradley,1967-07-04,F,AB-,joelgreen@example.com,(455)974-3132x9
P1158,John,Russell,1974-11-15,M,A+,shannonford@example.org,524-790-3521
P1159,Jennifer,Williams,1957-07-26,F,A-,anthonysullivan@example.com,+1-283-517-1210
P1160,Carlos,Colon,1962-12-04,M,B-,aguilarjonathan@example.org,9132721510
P1161,Gary,Berry,1995-09-26,Other,AB+,ycrawford@example.net,(625)932-4472x0
P1162,Jason,Pierce,1940-03-14,M,AB-,patrick63@example.net,638.406.5787x59
P1163,Alexander,Harper,1937-11-21,M,B-,brian78@example.com,001-493-421-334
P1164,Cynthia,Stewart,1989-08-19,F,AB+,robin05@example.net,001-229-337-842
P1165,Anthony,Guzman,1937-03-16,M,O-,nsmith@example.org,(352)750-0292
P1166,Susan,Brooks,2004-07-06,Other,AB+,vwillis@example.com,622-667-5289x53
P1167,David,Daniel,2005-01-05,Other,A+,xrosales@example.net,4297593917
P1168,Julie,Young,2007-06-20,Other,AB+,daisymccarty@example.net,+1-957-804-3315
P1169,Tanya,Wilkerson,1971-09-30,Other,A-,ybell@example.org,793.427.1040x54
P1170,Stephen,Martin,1941-03-23,M,AB+,morgantricia@example.com,001-806-629-620
P1171,Matthew,Evans,1942-10-02,M,A-,farmstrong@example.org,3502614973
P1172,Jamie,Little,2007-01-29,Other,B+,tanthony@example.com,674.918.6256x52
P1173,Julie,Perez,1955-05-10,F,AB+,hernandezheather@example.org,858-969-3806
P1174,Ashley,Young,1957-07-26,Other,B-,torr@example.org,898.399.2172x23
P1175,Vanessa,Graham,2008-07-21,Other,AB-,maryscott@example.net,916-286-8548
P1176,Richard,Dean,1973-11-24,M,AB+,jrodriguez@example.org,001-799-811-914
P1177,Joseph,Pena,1977-07-05,Other,O-,rjohnson@example.com,(999)660-6530
P1178,Stephanie,Smith,1995-06-03,F,A+,larry71@example.org,(947)554-6913
P1179,Thomas,Russell,1971-02-12,M,O+,lori82@example.org,986-228-9023x30
P1180,Tamara,Bush,1955-10-02,F,A+,owagner@example.org,+1-603-357-9727
P1181,Dustin,Hughes,1947-08-23,M,AB-,mercedesholland@example.net,246.580.0722
P1182,David,Trujillo,1958-01-18,M,AB+,rodney65@example.com,637-648-9691x08
P1183,Michael,Olson,1960-04-19,M,O-,danielle44@example.net,001-943-628-309
P1184,Jordan,Barnes,1964-02-04,Other,O+,aguilarwanda@example.org,638-475-8428x24
P1185,Stacey,Lam,1983-07-11,Other,A+,michaelgarner@example.com,(955)549-4717x0
P1186,Jonathan,Dillon,1963-08-12,M,A-,robert22@example.org,969-672-5217x52
P1187,Jason,Ayala,1977-10-26,Other,B+,tracygallagher@example.org,(296)566-6760
P1188,Jessica,Dodson,2000-11-13,Other,A+,andrewsmith@example.net,635.442.1689
P1189,Ana,Williams,2004-12-27,F,B+,mluna@example.net,262-457-5326x03
P1190,Barbara,Dawson,1993-07-30,F,B+,qmcdowell@example.net,+1-609-901-0016
P1191,Michael,Harris,1985-10-23,M,AB+,turnerdorothy@example.net,549.592.6189x14
P1192,Paula,Decker,2006-10-16,F,A+,jade42@example.org,+1-373-975-3001
P1193,Brittany,Davis,1973-02-08,F,B-,conwaydawn@example.com,247-201-2045x56
P1194,Melissa,Alvarado,1948-03-13,Other,B-,patricia94@example.net,855-921-6674
P1195,Lauren,Banks,1993-12-04,Other,A-,andersonjessica@example.org,769-279-7296
P1196,Shari,Hobbs,1988-11-04,F,O+,timothyfreeman@example.com,301.845.0899x35
P1197,Dorothy,Wright,1960-12-28,Other,B+,jhernandez@example.net,7025877217
P1198,Gary,Ramirez,1972-10-03,M,B+,ppowell@example.org,879.871.7751x70
P1199,Andrew,Dunn,1996-01-17,M,O+,pamela83@example.net,+1-375-350-3758
P1200,Peter,Walker,1960-09-01,M,B+,amy51@example.org,(372)861-4933
P1201,Jason,Summers,1949-08-30,Other,AB-,daniel60@example.net,+1-991-477-9827
P1202,Melissa,Thompson,1995-04-07,F,B-,hughescaroline@example.com,666.793.4654x72
P1203,Michelle,Walls,1981-12-06,F,B+,jasonklein@example.net,(822)688-5158x7
P1204,Natalie,Henderson,1936-09-06,Other,A-,johnsondustin@example.net,5342244204
P1205,Heather,Chavez,1980-09-22,F,A+,juliahoffman@example.org,540.766.6580x04
P1206,Nicole,Payne,1979-10-19,F,B-,kellythompson@example.net,622-481-6064
P1207,Christopher,Singleton,1936-02-29,M,O-,jmckinney@example.org,(759)309-4798
P1208,Rachel,Stewart,1951-10-23,F,AB+,abigailhartman@example.org,(988)261-5335x5
P1209,Brian,Reed,1953-04-18,M,B-,susanfleming@example.com,(216)648-4085x8
P1210,Steven,Lee,1973-04-07,M,B-,jacksonstephanie@example.net,+1-801-333-6138
P1211,Nicole,Hernandez,1969-04-10,F,AB-,benjamin10@example.org,281-893-4667x66
P1212,Megan,Nichols,1982-07-29,F,A-,avilabrenda@example.net,958-814-4914
P1213,Jennifer,Guerrero,1970-05-09,F,AB-,derekmyers@example.net,824-350-8821x00
P1214,Kevin,Goodman,2001-09-17,Other,O+,jason82@example.org,(939)343-1290
P1215,Kelly,Jones,1942-12-02,Other,AB-,wlynn@example.org,+1-431-749-1357
P1216,Robert,Benjamin,1948-01-23,M,A-,john36@example.com,(325)677-7547x8
P1217,Shannon,Taylor,1975-01-26,F,B+,jessica11@example.org,709.896.9308x48
P1218,Jeffrey,Barton,1989-04-11,Other,AB+,dennis88@example.org,(458)903-9282x7
P1219,Todd,Williams,1991-05-04,M,A-,bryanwood@example.org,+1-438-856-7700
P1220,Desiree,Diaz,1983-06-12,Other,O+,blacknicholas@example.org,665.557.7908x27
P1221,Brittany,Moore,1979-09-13,F,AB-,guerrerorobert@example.com,001-417-477-392
P1222,Lori,Williams,1977-07-11,F,A-,jacksonsandra@example.net,(899)404-1379x7
P1223,Rebecca,Hoover,1949-01-10,F,B-,gary57@example.net,001-813-466-210
P1224,Lisa,Thompson,2001-07-27,F,A+,richamanda@example.org,772-298-0686
P1225,Heidi,Patterson,2004-04-04,Other,O+,yclarke@example.com,001-691-862-473
P1226,David,Smith,1990-01-14,M,B-,lanedavid@example.org,(735)665-1269x4
P1227,Wendy,Sanders,1950-08-15,F,O+,jwhite@example.net,844.795.6213x72
P1228,Robert,Mendez,1985-09-22,M,AB-,martintamara@example.org,727-396-1143
P1229,Chelsea,Ramsey,2003-09-10,Other,AB-,hmendez@example.com,001-590-427-703
P1230,Emily,Ward,1983-07-27,Other,A-,christopherhill@example.com,(766)793-8011x8
P1231,Sylvia,Hill,1980-01-07,Other,AB+,shawnpowell@example.org,626-681-8184x51
P1232,Heather,Church,1976-11-11,Other,AB+,katherineali@example.com,+1-279-607-1416
P1233,John,Davis,1984-12-06,Other,O+,charles27@example.com,(539)542-3733x3
P1234,Sandy,Huff,1961-09-28,F,O+,wilsonchristian@example.net,490.680.7595x79
P1235,Raymond,Christensen,1945-02-10,Other,AB+,imendoza@example.org,356.727.1875x00
P1236,Michael,Hensley,1949-05-31,Other,B+,joel79@example.com,(427)563-6556x4
P1237,Robert,Le,1994-06-14,M,O+,mchase@example.org,001-627-202-672
P1238,Raymond,Vaughn,1940-02-18,Other,O+,thomas17@example.net,445-658-8450x61
P1239,Michael,Nunez,1971-05-04,Other,B+,ypreston@example.net,572-725-6996x11
P1240,Logan,Carter,1955-04-11,Other,AB+,cnelson@example.com,001-498-876-220
P1241,Ashley,Brown,1999-11-24,F,A+,johnsonrandy@example.org,649-921-6433
P1242,Lori,Anderson,1996-12-18,F,AB+,johnsonmichael@example.com,878.648.7282x99
P1243,Terry,Olson,1952-05-01,M,O+,ramosmichael@example.com,(240)908-2547
P1244,Stacey,Woods,1936-06-01,Other,AB-,myates@example.org,4858368663
P1245,Sandra,Walker,1941-07-14,F,O-,zacharymarsh@example.net,001-944-984-631
P1246,Denise,Dean,1949-06-17,F,B-,hernandeztara@example.org,(414)242-7031
P1247,Tristan,Peterson,1958-06-30,Other,O-,dbolton@example.net,9514204618
P1248,James,Skinner,1995-05-31,Other,B+,martinezkayla@example.org,(473)203-7183x7
P1249,Julie,Dunn,1944-08-31,Other,A-,mlittle@example.com,3318365024
P1250,Rachel,Smith,1938-10-25,F,AB-,jbarker@example.com,001-413-927-195
P1251,David,Holden,1993-04-26,M,B-,linda73@example.org,001-565-424-077
P1252,Amy,Morris,1969-12-11,Other,AB+,caseymoore@example.com,585-770-8620x95
P1253,Nathan,Barrett,1975-02-04,M,B-,rlee@example.com,001-482-294-565
P1254,Dale,Washington,1942-12-17,M,A+,hbarrett@example.net,001-994-205-391
P1255,Isaac,Paul,2000-10-02,M,B-,laura09@example.com,501.441.3811x38
P1256,Kristin,Grant,1990-03-21,F,A-,emily61@example.org,(786)785-2897
P1257,Krista,Shea,1997-06-05,F,O+,bduran@example.net,293-698-3684x57
P1258,Caitlin,Holmes,2008-04-09,Other,B-,adam33@example.com,2489889921
P1259,Michael,Taylor,1962-07-19,Other,O+,jesseshepherd@example.org,001-369-631-572
P1260,Amanda,Stokes,1963-08-09,F,O+,weeksmatthew@example.com,(713)590-6048x0
P1261,Christian,Nunez,2008-07-23,M,B+,kmullins@example.net,936-246-2251
P1262,Amy,Baker,1964-11-04,Other,A+,iayala@example.org,683.876.9389x83
P1263,Frank,Glass,1942-04-16,M,O+,whenderson@example.org,559-704-2597x92
P1264,Christopher,Chandler,1942-01-06,M,B+,sanchezchristine@example.org,605-914-7705x38
P1265,Cindy,Gay,1986-06-29,Other,O-,bennettrebecca@example.net,9422043940
P1266,Austin,Guerrero,1984-02-24,M,B-,michelle04@example.net,(936)281-5798x1
P1267,Andrew,Nielsen,1958-01-04,M,O-,klong@example.org,(655)543-8404x6
P1268,Christian,Prince,1983-09-16,M,O-,blairabigail@example.net,+1-436-539-2649
P1269,Denise,Carpenter,1985-09-08,Other,AB-,michelleparker@example.net,226.729.2518x81
P1270,Sheryl,Gutierrez,1965-10-09,F,O+,oreese@example.net,523-512-2099x49
P1271,Jerry,Johnson,1941-07-21,Other,O-,manderson@example.com,001-252-667-722
P1272,Travis,Walker,1984-10-04,M,O-,katherinejones@example.com,+1-275-373-6609
P1273,Jocelyn,Wilcox,1938-11-05,F,AB+,aprilfoster@example.net,6866803476
P1274,Joel,Henderson,1980-07-05,M,AB+,vaughnrebecca@example.com,+1-271-481-2982
P1275,Shawn,Mosley,2001-02-22,Other,O-,udavis@example.net,+1-821-811-7518
P1276,Bradley,Jackson,1960-03-21,Other,B-,fernandothomas@example.net,5642474212
P1277,Lisa,King,1969-03-26,F,O-,astephens@example.net,633.597.7671x99
P1278,Anthony,Hernandez,1983-06-10,M,AB+,thomasantonio@example.net,+1-445-910-1622
P1279,Paul,Ward,1938-05-14,M,AB+,marcus61@example.com,+1-814-572-1458
P1280,Melissa,Salazar,1943-09-24,F,AB-,webbhaley@example.net,969-954-8995x29
P1281,Lindsey,Stephenson,1952-09-27,Other,A-,tiffany01@example.org,513.696.6055x83
P1282,David,Jones,1957-09-02,M,B+,katie15@example.com,(499)902-3557x7
P1283,Steven,Herrera,1960-03-19,M,O+,dreilly@example.net,295-788-0395x51
P1284,Tonya,Sims,1997-03-31,Other,B+,hlopez@example.com,001-650-446-173
P1285,Daniel,Glover,1992-07-13,Other,B-,wallaceangel@example.com,923.857.8452x18
P1286,Miguel,Boyd,1936-01-19,M,O+,mcdanielbrooke@example.org,670-718-4094x35
P1287,Patricia,Lambert,1955-08-28,F,AB-,joshuasmith@example.net,+1-481-638-5854
P1288,Audrey,Jackson,1958-06-25,Other,O-,amber02@example.org,701.660.1662x99
P1289,Evelyn,Gonzalez,1991-02-12,F,A+,beltrankatelyn@example.com,001-521-571-747
P1290,Charles,Huang,1954-08-03,M,O+,philip55@example.com,401.371.5772x45
P1291,Jennifer,Klein,1943-07-24,F,A+,sparksamanda@example.com,001-363-793-827
P1292,Jared,Benson,1967-03-24,Other,O+,vbradley@example.net,001-332-919-719
P1293,Casey,Blanchard,1940-10-31,F,A+,jenningscandace@example.com,970-513-2902x27
P1294,Christine,Rich,1957-08-19,F,AB+,samantha65@example.org,001-209-286-240
P1295,Michele,Hoover,1961-12-22,F,O+,michelle36@example.net,001-465-966-668
P1296,Don,Peters,1997-04-25,Other,B-,mary24@example.net,(320)410-2762
P1297,Maria,Perry,1969-01-15,F,B-,dhanson@example.net,(687)865-3269x0
P1298,Tammy,Johnston,1938-03-12,F,O+,carrolljanet@example.org,001-371-528-478
P1299,Kaitlyn,Harmon,2005-11-11,F,A+,suttonamber@example.net,790-658-0778x79
P1300,Donna,Johnson,2003-02-14,F,AB-,jessica94@example.org,+1-379-629-0490
P1301,Johnathan,Gilbert,1955-11-04,Other,O+,alexis19@example.org,001-227-752-437
P1302,Tracey,Coffey,1979-03-24,Other,B+,marymullins@example.com,001-863-972-395
P1303,Elizabeth,Reese,1990-09-05,F,B+,noahthornton@example.com,728-860-4765x80
P1304,Cheryl,Pearson,1955-08-26,Other,A+,joseph14@example.net,001-767-239-385
P1305,Megan,Decker,1936-08-15,F,A+,foxgina@example.com,544.330.0910
P1306,Michael,Wilson,1998-04-10,M,O+,nicholasgallagher@example.net,001-621-824-471
P1307,Michael,Contreras,1991-12-21,M,O-,fernando14@example.org,(465)904-4271x7
P1308,Brian,Fernandez,1967-03-26,M,A+,gainesjennifer@example.org,2112947072
P1309,Mary,Adams,1986-11-09,F,O+,gandrews@example.net,001-777-766-183
P1310,Melanie,Morales,1981-11-27,F,B-,diazmelissa@example.com,674-832-8063
P1311,Stephanie,Mccoy,1961-12-23,F,AB-,mccluresamuel@example.org,(603)909-3761
P1312,Kimberly,Flowers,1968-07-20,F,O+,johnsonbrian@example.net,5613387829
P1313,Amanda,Thomas,1983-06-25,F,O+,nmeadows@example.org,420.320.4179
P1314,Sabrina,Rodriguez,1972-01-16,F,A-,bryanharris@example.com,001-365-319-825
P1315,Denise,Todd,1948-01-07,F,A+,angela73@example.net,2212962071
P1316,Harry,Davis,1983-05-01,Other,A+,robert72@example.org,(448)976-3290
P1317,Lisa,Miller,1996-02-01,F,B-,michael08@example.org,918.519.5883
P1318,Joshua,Lee,1993-11-26,Other,A-,kjimenez@example.net,9052436459
P1319,Dan,Williams,1974-12-24,Other,A+,kristenwashington@example.org,537-399-5635
P1320,Gabriel,Garcia,1989-08-10,M,B-,nicholaswalker@example.com,001-870-762-397
P1321,Chad,Cortez,1981-11-21,M,A+,james20@example.net,001-704-521-776
P1322,Olivia,Munoz,1993-05-22,Other,B+,belindatran@example.org,268-873-9774
P1323,Noah,Wright,1959-08-24,M,B+,patriciavargas@example.org,001-806-900-780
P1324,Rhonda,Horton,1942-11-27,F,A-,jallen@example.org,001-963-225-431
P1325,Tiffany,Ford,1945-11-14,Other,B-,xlopez@example.net,501.365.8046x49
P1326,Lisa,Rogers,2003-10-22,F,AB+,pamela16@example.com,590.355.2818x32
P1327,Mariah,Mclaughlin,1990-09-01,F,B+,karenhodges@example.com,(348)964-0155x7
P1328,Jennifer,Gregory,1974-08-26,Other,A-,shannon51@example.org,911.462.4112x41
P1329,Shaun,Meyer,1981-07-17,M,AB+,robert82@example.com,(767)704-3103x8
P1330,John,Wade,1974-06-15,M,A+,kellis@example.org,424-637-5402x54
P1331,Catherine,Thompson,1987-06-12,F,O+,evanwilson@example.com,001-727-745-238
P1332,Brittany,West,2006-12-17,F,B-,david06@example.com,001-927-752-088
P1333,Michael,Dennis,2001-06-19,M,B-,ericawilson@example.org,(693)575-1509x3
P1334,Alexander,Ryan,1968-04-08,M,AB+,daughertypreston@example.com,799-780-5626x56
P1335,Kyle,Griffin,1976-09-15,Other,A-,jessicawallace@example.com,942.766.2991x23
P1336,Carl,Choi,1990-12-13,Other,A+,smithdanielle@example.com,(628)979-2326x4
P1337,Kristin,Ford,1937-09-16,F,O+,moorekevin@example.net,+1-771-946-2730
P1338,Ariana,Oneill,1981-08-05,Other,AB-,hmccann@example.com,690.742.9025x72
P1339,Jason,Barr,1961-09-26,M,AB-,kelly18@example.org,001-721-492-855
P1340,Adam,Holmes,1962-12-25,M,O+,kjenkins@example.org,328.833.8988
P1341,Julia,Jones,1995-07-12,F,A-,mendozalarry@example.com,(579)485-2401
P1342,Shannon,Thomas,1952-04-16,F,AB-,jasonzavala@example.com,001-211-907-603
P1343,David,King,1940-08-02,Other,O-,websterkimberly@example.net,793.725.0124
P1344,Ethan,Mason,1988-12-08,Other,B+,williamjones@example.net,001-408-933-428
P1345,Megan,Rodriguez,1996-09-08,F,B+,gcoleman@example.org,(715)917-1827x5
P1346,Darrell,Campbell,1979-07-31,Other,AB+,gloria73@example.net,(346)331-7520x7
P1347,Douglas,Morales,1978-11-11,Other,O-,figueroapatricia@example.org,853-953-9613
P1348,Diana,Reeves,1978-03-26,F,O+,katelyn65@example.com,+1-496-278-4271
P1349,Cory,Brown,1940-09-24,Other,AB+,stantonpatrick@example.net,624-799-1187x73
P1350,Rhonda,Fernandez,1937-01-15,F,B-,ewingnicole@example.org,(875)467-7002x8
P1351,Erik,Price,1991-07-11,M,AB+,rkeller@example.net,001-977-882-806
P1352,Lisa,Gomez,2007-02-17,F,B-,bryan90@example.org,(259)505-6165x5
P1353,Danielle,Wong,1979-01-03,F,O+,meltondanny@example.org,6852076986
P1354,Melissa,Chapman,2007-09-18,F,A+,uhudson@example.net,671-735-7852
P1355,Tracy,Harris,1982-02-20,F,AB-,pittmanamanda@example.com,604-396-3919x19
P1356,Keith,Schmidt,1966-12-06,M,O-,laura48@example.com,(485)936-6498x7
P1357,Daniel,Hayden,1989-12-07,M,AB-,oadams@example.net,+1-869-808-3572
P1358,Emma,Greer,1940-06-14,F,AB-,meghanadams@example.com,+1-924-993-6312
P1359,Kristin,Graham,1982-12-23,F,AB+,harrisjoseph@example.org,348-820-7001x59
P1360,Penny,Powers,2000-05-29,Other,A+,uhahn@example.org,919.381.8984
P1361,John,Martinez,1994-08-22,Other,B-,marisa63@example.com,221.923.4764
P1362,Joseph,Lyons,1943-12-31,M,B-,pwells@example.com,(557)654-0900
P1363,Angela,Parker,2005-09-21,Other,O+,rebecca18@example.org,760.864.4134x32
P1364,Rachel,Hill,1941-08-06,F,B-,aruiz@example.com,001-961-224-815
P1365,Kathleen,Davidson,1949-03-01,Other,O-,igibbs@example.org,(734)959-1123x8
P1366,Timothy,Moss,1954-10-12,Other,O-,lauren31@example.com,(926)569-3008x9
P1367,Deborah,Christian,1939-05-21,F,A+,jburke@example.org,(529)610-8677x1
P1368,Dwayne,Snyder,1945-04-03,M,AB+,carolcarney@example.com,001-736-926-204
P1369,Brady,Harrison,1999-05-15,M,O+,tmcdaniel@example.com,001-769-241-180
P1370,Adam,Wagner,1963-07-24,Other,B-,ilambert@example.net,4923428757
P1371,Emily,Moreno,1946-02-06,F,AB-,edwardstiffany@example.com,956-444-9485x62
P1372,Kristi,Livingston,1982-03-24,F,AB-,jbrown@example.org,920.274.2761
P1373,Jessica,Zhang,1976-09-10,F,AB-,uvasquez@example.org,551-234-2284
P1374,Kelly,Duncan,1966-02-24,F,O-,sancheztyler@example.org,904-616-5915x20
P1375,Linda,Smith,2006-07-18,F,AB+,unguyen@example.net,001-823-304-501
P1376,Jennifer,Thompson,2006-03-15,F,B-,ndavis@example.org,(764)521-4764x9
P1377,John,Mcclure,1970-07-13,M,B-,bdavis@example.com,+1-326-661-0857
P1378,Julie,Miller,1994-04-07,F,A-,edgar24@example.org,964.690.8108x18
P1379,Michael,Richards,1991-11-12,Other,B+,wilsondorothy@example.org,(960)616-4597
P1380,Glenn,Hull,1994-11-19,M,B-,jacobburgess@example.net,816-980-0610x27
P1381,Kevin,Li,1980-10-09,Other,O-,fballard@example.org,(403)510-3037
P1382,Jessica,Garrett,1993-06-03,F,AB+,christophercarrillo@example.org,560.612.2777x07
P1383,Keith,Bass,1939-06-20,M,B-,garciamelanie@example.com,(579)298-4076x7
P1384,Kelsey,Henderson,1958-10-22,F,B-,adamsdeborah@example.com,579-957-6024
P1385,Hailey,Hall,1951-10-16,F,B+,sandra72@example.com,001-566-457-293
P1386,Lisa,Garcia,1966-02-12,F,A+,ntorres@example.net,3057452280
P1387,Ryan,Williamson,1944-07-24,Other,B+,tomchaney@example.com,001-308-242-891
P1388,Katie,Jackson,1944-05-14,F,A+,rhondamoore@example.com,001-878-271-255
P1389,David,Lamb,1960-08-31,M,AB+,christopherwatson@example.com,(732)286-3266x6
P1390,Scott,Carrillo,1988-02-20,Other,B+,millerleroy@example.org,(706)202-9084x6
P1391,Margaret,Mccullough,1980-04-23,Other,O-,isabellagriffin@example.org,+1-299-775-6341
P1392,James,Higgins,1999-12-26,M,A+,jason88@example.com,752.600.8943x46
P1393,Courtney,Gomez,1939-03-27,Other,AB+,westashley@example.org,453.899.8935x44
P1394,Kelly,Wright,1959-09-07,F,O-,mackenzieward@example.org,(566)911-0627
P1395,Angela,Rhodes,1965-02-25,F,AB-,lwiggins@example.com,+1-367-576-2282
P1396,Jesus,Johnson,1947-03-14,M,A+,sandra19@example.com,715-694-0821
P1397,Wendy,Turner,1971-03-23,F,O-,douglaslawrence@example.org,643-927-0185x10
P1398,Steven,Harrington,1970-06-11,M,A-,kathleenwagner@example.com,001-277-925-199
P1399,Nancy,Brewer,1998-12-19,F,O-,armstronglaura@example.net,981-281-3989x09
P1400,Bryan,Mayer,1948-11-14,M,A+,hilljamie@example.net,001-971-289-569
P1401,Gerald,White,1937-07-04,M,B+,patrick11@example.org,+1-824-422-4124
P1402,Brian,Woodward,1948-12-30,Other,AB+,evanscorey@example.org,(854)361-0339x9
P1403,Derrick,Flores,1976-02-17,M,B-,washingtonrick@example.org,8489913824
P1404,Bradley,Fields,1950-08-08,M,O+,nathanielgalloway@example.org,+1-468-270-0794
P1405,Brian,Weeks,1955-09-14,Other,B-,mary65@example.net,698.340.2891
P1406,Randall,Martinez,1945-12-11,Other,O+,natalie39@example.net,254-974-3553x79
P1407,April,Smith,1948-06-02,F,O-,ifarmer@example.org,+1-318-907-1569
P1408,Jacqueline,Lee,1936-06-07,F,O+,changerin@example.net,(531)294-3375x0
P1409,Christina,Nicholson,1964-08-31,F,A+,ashley72@example.net,499.692.1921
P1410,Sarah,Foley,2000-01-25,Other,A-,james08@example.net,987-906-0566x41
P1411,Isaiah,Blake,2000-04-08,M,B-,brandonhull@example.net,550.563.5190x36
P1412,Carmen,Collins,1981-06-13,F,A-,johnsonryan@example.org,001-754-531-735
P1413,Tony,Parsons,1980-12-24,M,B-,garrettbeth@example.org,6068512070
P1414,Austin,Byrd,1976-07-30,M,A-,melissa61@example.net,001-263-999-076
P1415,Joseph,Matthews,1943-08-20,M,A+,larsoncarlos@example.org,001-428-545-679
P1416,Brenda,Williams,1945-01-26,F,O-,ppalmer@example.com,498-222-7495x45
P1417,John,Fuentes,1976-08-04,Other,O-,hendersonjames@example.org,+1-631-853-7795
P1418,Erin,Garcia,1999-09-16,F,A+,crawfordsamantha@example.net,537.893.3756
P1419,Clinton,Fritz,1962-03-28,M,AB+,howardangela@example.org,473-795-0033x42
P1420,Melanie,Sanchez,1950-01-21,Other,AB+,meganlozano@example.org,+1-826-315-3473
P1421,David,Andrade,1945-04-19,Other,O-,jamesgray@example.com,696-430-9938x42
P1422,Samuel,Schmitt,2000-06-01,M,B-,jessicamueller@example.net,+1-712-986-8578
P1423,Michelle,Simpson,1955-05-04,F,B-,ylittle@example.net,+1-403-733-7363
P1424,Dawn,Miller,1990-08-15,F,A-,sean53@example.net,8787956776
P1425,Linda,Stewart,1963-08-31,Other,B-,scottbaker@example.org,(714)288-8143x1
P1426,Amy,Cook,1985-01-13,Other,B+,kevin43@example.net,+1-928-440-4456
P1427,Sharon,Perez,1988-07-22,F,B+,thomasblack@example.net,001-777-451-536
P1428,Kenneth,Anderson,2004-08-13,M,A+,porterdonna@example.com,736-866-8459x09
P1429,William,Harris,1964-04-07,M,AB+,glopez@example.com,001-974-212-182
P1430,Jacob,Jones,2006-01-19,Other,AB+,jamie48@example.org,805.980.2566x21
P1431,Natalie,Price,2001-09-18,F,A-,davidharris@example.com,001-272-499-493
P1432,Jill,Summers,1979-11-27,F,AB+,aliciakent@example.com,879.501.4754x69
P1433,Hayden,Williamson,1967-04-17,Other,O+,lbartlett@example.net,001-316-503-248
P1434,Susan,Jenkins,1991-05-15,F,O-,carneycharles@example.org,756.872.4380x70
P1435,Savannah,Sanders,1936-07-14,F,A-,fletcherderek@example.net,001-477-271-183
P1436,Catherine,Thompson,1944-10-24,Other,A+,qjackson@example.org,+1-842-675-2308
P1437,Jill,George,1939-04-21,F,AB-,pwang@example.com,331.506.0053
P1438,Susan,Davis,1996-09-25,Other,AB+,jenniferwilliams@example.net,855-383-9386
P1439,David,Rodriguez,1959-05-11,M,A-,moralesleslie@example.com,573.814.9501
P1440,Eric,George,2007-07-09,M,A+,marquezkylie@example.net,(741)995-6252
P1441,Carlos,Smith,2002-05-03,Other,AB+,oreyes@example.net,589.803.0914
P1442,Katherine,Harvey,1940-02-15,Other,A+,victor32@example.com,203.897.5245
P1443,Matthew,Roberts,1937-06-24,M,O-,matthew38@example.org,+1-233-496-8527
P1444,Shawna,Martinez,1948-06-05,Other,O-,joelmiller@example.net,942.533.6293x44
P1445,Denise,Harrington,1941-08-04,F,B+,raymond27@example.com,(489)662-7066x1
P1446,Oscar,Torres,1956-06-04,Other,O+,ijones@example.net,832.930.0857x66
P1447,Kyle,Archer,1940-12-13,Other,O-,riddledavid@example.net,(836)845-8750
P1448,Noah,Allen,1938-04-09,M,O-,crystal02@example.com,+1-872-343-9920
P1449,Kelly,Lopez,1966-08-17,F,O+,tking@example.net,+1-469-646-1195
P1450,Nicole,Conrad,1964-10-20,F,AB-,adam27@example.org,716-486-4622
P1451,Jane,Gonzalez,1949-01-13,Other,A-,hayeslisa@example.org,402.334.6791
P1452,Edward,Gray,1955-12-15,M,AB-,anthony37@example.com,+1-610-904-0901
P1453,Kara,Rogers,1967-02-06,F,O-,evelyn55@example.org,(266)390-5510x7
P1454,Sheila,Ramirez,1986-10-19,F,O+,miguelmontgomery@example.net,986.830.5050x57
P1455,Jocelyn,Bauer,1961-03-06,Other,A+,shatfield@example.org,001-664-993-289
P1456,Carol,Griffin,1944-03-12,F,A-,johnjackson@example.net,001-311-460-256
P1457,Tammy,Schultz,1971-08-31,F,AB+,monica99@example.org,+1-356-768-6334
P1458,Natalie,Pineda,1990-02-09,F,A-,berrydavid@example.com,(590)340-9836x6
P1459,Jennifer,Medina,1969-05-17,F,A+,lisaphillips@example.org,972.594.2095x48
P1460,Troy,Padilla,1963-04-02,Other,O-,eric33@example.net,001-702-876-420
P1461,Jeanne,Rose,1956-05-30,F,A+,jacquelinekelley@example.org,(959)904-7292
P1462,Eddie,Thomas,1951-09-04,M,AB-,jillsmith@example.net,001-912-466-201
P1463,Sierra,Wilson,1973-05-18,Other,O-,brittney26@example.org,3139674926
P1464,Michelle,Santos,1955-11-04,Other,O-,hrichardson@example.org,917-683-0999
P1465,Michael,Davis,1979-01-12,M,B-,pwashington@example.net,(949)321-5182x6
P1466,Kelly,Richards,1987-11-09,F,B+,molinajared@example.net,229-420-8751
P1467,Laura,Delgado,1942-02-28,F,O-,melissa01@example.org,445.982.6034x08
P1468,Heather,Mills,2007-09-25,Other,O-,catherine83@example.net,503-703-2432
P1469,Donald,Daniel,1966-07-23,M,A+,jorge26@example.com,746-428-3143
P1470,Robert,Hernandez,2008-03-14,Other,B-,mgray@example.org,341-781-8615
P1471,Regina,Strickland,1946-06-07,Other,B+,joshuagarcia@example.org,(611)328-4971x8
P1472,Stephanie,Jackson,2004-11-05,F,A+,zwhite@example.net,+1-888-696-7924
P1473,Brian,Swanson,2006-11-22,Other,O+,erikabarnes@example.com,(575)678-4468
P1474,Mark,Miller,1958-01-24,M,B-,megan11@example.net,212.890.1487
P1475,Michael,Randolph,1945-09-16,M,O-,rrobertson@example.net,001-216-909-306
P1476,Vincent,Craig,2000-02-18,M,B+,gregoryrichardson@example.org,650.967.6251x53
P1477,Elaine,Lewis,1989-08-17,F,AB+,trobinson@example.net,207.797.0509x75
P1478,Pamela,Lopez,1961-08-19,Other,AB+,jordanjames@example.net,826.417.0243x76
P1479,Kimberly,Adams,2007-12-23,F,O-,wmartin@example.net,(505)931-3402x6
P1480,Tina,Bird,1944-06-03,F,B-,zpierce@example.net,001-725-268-621
P1481,Pamela,Young,1985-04-08,F,B+,russell90@example.com,344.671.6392x82
P1482,Wendy,Wright,1995-08-28,F,B-,thomaspatton@example.org,001-689-523-923
P1483,Sarah,Simmons,1980-10-02,Other,B+,linomar@example.net,733-656-7086x04
P1484,Tommy,Dawson,1953-10-12,M,AB+,whiteaaron@example.net,001-753-647-491
P1485,Ashley,Caldwell,1985-08-10,F,AB-,markfigueroa@example.com,001-398-295-343
P1486,Brenda,Barr,1983-07-09,Other,AB+,jamesgriffin@example.org,289-454-7382
P1487,Corey,Pierce,1954-03-09,M,AB+,patricia71@example.com,476-688-0294
P1488,Brandon,Knight,1993-09-28,Other,AB+,joysanders@example.net,+1-881-627-8686
P1489,Jamie,Smith,1977-07-02,Other,O-,suarezkrystal@example.com,684.243.4481x23
P1490,Mark,Mcmahon,1956-01-11,M,O-,josephgibbs@example.net,338.610.5955
P1491,Jennifer,Ortiz,1980-05-22,Other,O-,tracie05@example.org,001-942-540-891
P1492,Erika,Harris,1981-09-23,F,AB-,omoore@example.net,001-965-427-172
P1493,Deborah,Smith,1947-08-24,Other,O+,lisamcdaniel@example.org,421-263-7618
P1494,Lindsey,Gray,1937-04-06,F,AB-,hinesdeanna@example.org,(731)342-9001
P1495,Dale,Castillo,1976-11-02,M,B-,tochoa@example.com,323.808.4810x01
P1496,Donald,Barr,1937-07-02,Other,O+,wcruz@example.net,736-317-2131x45
P1497,Isaac,Middleton,1941-12-10,M,O+,munozgregory@example.net,392-262-4945x14
P1498,Scott,Spence,1992-07-12,M,AB-,lukemyers@example.net,711.996.4215x22
P1499,Rodney,Steele,1965-12-20,Other,O-,devon36@example.com,+1-378-887-8836
P1500,Alison,Frank,1994-12-23,Other,O+,jacquelineyoung@example.org,705.487.2105
P1501,Elizabeth,Thomas,1998-01-16,F,B+,osanchez@example.org,001-421-226-065
P1502,Bridget,Thomas,1953-08-21,F,A+,carrolllisa@example.org,001-227-228-476
P1503,Larry,Thompson,1947-06-16,M,AB-,rwall@example.com,+1-349-884-3624
P1504,William,Martinez,1951-03-21,M,O-,robinsonisaiah@example.net,+1-291-777-5662
P1505,Matthew,Lee,1943-08-31,M,O-,coxkimberly@example.com,2346281139
P1506,Cody,Harris,2003-08-02,M,B+,josephdavila@example.net,7976005140
P1507,Tina,Porter,1958-09-16,F,B+,iswanson@example.net,+1-615-468-1820
P1508,Christian,Ford,2000-05-16,M,O-,cisnerosjesse@example.org,+1-822-288-9857
P1509,Stephanie,Schroeder,1964-01-18,F,AB-,wendylawson@example.org,001-371-902-481
P1510,Lee,Villa,1947-07-16,Other,O+,barbara51@example.org,(974)274-7219
P1511,Michael,Mitchell,1965-08-11,Other,A-,scotthunt@example.net,351-668-7409x03
P1512,Jamie,Hudson,1998-01-30,F,O+,paulford@example.org,(877)787-1121x6
P1513,Amy,Peterson,1979-11-14,F,O-,jacquelinealvarez@example.com,208.727.2359x09
P1514,Kristine,Irwin,1951-05-01,Other,A+,mirandacisneros@example.net,(544)621-2146x1
P1515,Jack,Brown,2001-01-31,Other,A-,wpeterson@example.com,(735)867-7826
P1516,Rodney,Hoffman,2000-12-30,M,AB+,christiancontreras@example.net,(355)802-7275
P1517,Dennis,Bowen,2007-11-23,M,A-,cynthiafowler@example.net,503-736-8296
P1518,Christine,Lee,1985-05-13,F,A-,woodmichael@example.com,381-477-6655x86
P1519,Stephen,Brooks,1976-02-07,Other,A-,amyjames@example.net,001-964-391-111
P1520,Madeline,Gordon,1994-07-31,F,B+,melissa33@example.com,+1-861-237-1576
P1521,Sheila,Casey,1972-10-20,Other,AB+,nichole44@example.com,+1-830-560-0025
P1522,Justin,Myers,1980-09-27,M,A+,zpoole@example.net,(826)626-5826x3
P1523,Sara,Moore,1959-04-15,F,A+,davissamuel@example.net,001-592-509-819
P1524,Elizabeth,Nichols,1953-08-27,F,AB-,qtownsend@example.org,612-609-1179x11
P1525,Stephanie,Davis,1971-10-31,F,O+,roberta36@example.org,606.217.1366x57
P1526,Steven,Keller,1981-10-30,M,B-,wilsonmatthew@example.com,299.480.2841x39
P1527,Javier,Diaz,2001-05-07,Other,O+,murphyjeffrey@example.net,001-824-847-315
P1528,Sandra,Wright,1950-03-13,Other,B+,suzanne19@example.net,823-876-7694x59
P1529,Curtis,Gomez,2001-04-19,M,B+,colepamela@example.net,896-449-8560x12
P1530,Hunter,Jones,1983-09-17,M,O+,dustin51@example.org,505-337-9538x16
P1531,Ann,Moran,2004-10-30,Other,B-,berrydebbie@example.net,001-965-453-307
P1532,Lindsay,Garza,1953-01-03,F,B+,mitchelldawn@example.net,7742260880
P1533,Benjamin,Davis,1994-05-03,M,O-,joshua56@example.org,+1-357-790-6477
P1534,Sharon,Garcia,1952-02-08,Other,AB+,taylorvictoria@example.net,001-263-621-358
P1535,Angela,Murphy,1980-06-25,F,AB+,knelson@example.org,001-371-525-296
P1536,Becky,Stanley,2007-01-10,Other,A+,kendra73@example.org,241-558-3311x70
P1537,Julie,Cruz,1971-05-08,F,AB+,jason98@example.net,847-528-1235x67
P1538,Casey,Henderson,1985-11-06,Other,B+,thomasnancy@example.net,930-772-4078
P1539,Derek,Mcintosh,1941-11-20,M,O-,zlewis@example.net,(885)407-4510x6
P1540,Linda,Moreno,1971-10-14,F,AB+,drodriguez@example.net,313.310.0943
P1541,Joshua,Andrade,1986-10-25,Other,O+,gmyers@example.org,001-947-632-354
P1542,Melissa,Watts,1948-03-06,Other,AB+,jacksonmartin@example.com,(407)265-0241
P1543,Linda,Montes,1978-04-28,F,AB+,emarks@example.org,3093438822
P1544,Eric,Fitzgerald,1968-10-16,M,O+,veronica47@example.com,(270)454-5897x1
P1545,Veronica,Chase,1983-11-20,F,A-,michaeljohnson@example.net,001-665-731-361
P1546,Stephen,Myers,1966-03-19,M,O+,kyle09@example.net,001-459-916-795
P1547,Erin,Mills,1956-11-26,Other,AB-,kevinroberts@example.com,6702349107
P1548,Russell,Keller,1935-10-19,Other,AB+,devin48@example.net,001-782-514-236
P1549,Lisa,Walsh,1966-08-07,Other,AB+,orozcosamantha@example.net,629-665-9234x26
P1550,Bradley,Knight,1981-08-14,M,O+,nicholasliu@example.com,828-975-8575
P1551,Jennifer,Jenkins,1937-10-08,F,A+,bernardrobert@example.org,+1-843-498-5298
P1552,Richard,Smith,1994-09-12,Other,A+,fcombs@example.org,215-591-4975x01
P1553,Zachary,Hart,2006-05-13,Other,O-,jeffreylowe@example.org,340-579-3110x29
P1554,Christine,Wells,1996-07-16,F,B-,hmyers@example.com,(472)438-4979x1
P1555,Lori,Sandoval,1948-03-20,Other,AB-,thomasroberts@example.net,897-854-6617
P1556,Charles,Campbell,1944-07-09,M,B-,tsmith@example.org,+1-597-705-2774
P1557,Rachel,Warren,1973-03-15,Other,AB+,dianabell@example.net,001-857-924-461
P1558,Catherine,White,1987-06-22,Other,B+,david59@example.net,(999)761-0023x1
P1559,Kathleen,Zavala,1994-10-11,Other,A-,danielgilmore@example.net,(461)709-4101x7
P1560,Daniel,Cole,1945-06-23,Other,A+,jameshenry@example.net,433-226-8319x01
P1561,Heather,Russell,1975-08-27,F,O-,petersonfaith@example.net,+1-387-933-9785
P1562,Jeffrey,Bennett,1940-12-03,M,AB-,martinezzachary@example.org,673-609-8503
P1563,Peter,Howard,1999-06-10,Other,B+,tammyjones@example.net,389.984.6908
P1564,Timothy,Mercer,1983-06-09,M,AB+,morganjose@example.com,001-302-838-503
P1565,Linda,Salazar,1941-08-19,F,O+,rpotts@example.net,6105783567
P1566,Alex,Brown,1992-03-23,M,B-,amandadalton@example.net,+1-308-770-6626
P1567,Guy,Cooper,2002-10-09,M,AB-,jessechapman@example.org,(789)700-3010x2
P1568,Carrie,Zamora,2008-08-12,Other,AB+,catherinemendoza@example.org,+1-511-648-3753
P1569,Fernando,Weaver,1943-05-16,M,AB+,rachel97@example.com,732-483-4831
P1570,Amanda,Young,1967-11-22,F,AB+,bbenton@example.com,8449964104
P1571,Andrew,Reyes,1968-03-01,Other,AB-,jamielopez@example.com,+1-604-508-5095
P1572,Peter,Peterson,1996-04-14,M,O-,yglenn@example.net,001-401-886-487
P1573,John,Riddle,1953-02-21,M,B+,campbellfelicia@example.com,638-745-9609
P1574,Derrick,King,1983-06-04,M,O+,martinezashley@example.com,527-870-7070x57
P1575,Brian,Mcmillan,1955-12-07,Other,AB-,stephanie72@example.com,001-944-772-322
P1576,Andrew,Love,1940-03-10,M,O+,theresa05@example.net,001-509-535-118
P1577,Gabriel,Watson,1995-10-23,M,AB+,bjones@example.com,(605)295-5657
P1578,Ethan,Williams,2003-08-31,Other,A-,rodriguezjason@example.com,889.353.6902x61
P1579,Sarah,Rose,1939-07-04,F,AB-,hhopkins@example.com,943-894-3535x37
P1580,Michael,Bell,1972-08-30,Other,AB+,denise93@example.com,(339)328-3692x9
P1581,Ricky,Wagner,1946-08-01,Other,O+,xchen@example.org,(370)421-6487
P1582,Molly,Bass,1937-07-01,Other,AB-,veronicaanderson@example.net,(365)226-8341x5
P1583,Benjamin,Mccall,2005-02-04,M,B-,vmccoy@example.com,872-729-8120x99
P1584,Jessica,Romero,1978-09-06,F,A+,halltrevor@example.org,001-788-498-645
P1585,Stephanie,Williams,2004-09-27,Other,AB-,russellramirez@example.net,315-542-1447x73
P1586,Elizabeth,Thomas,1950-11-07,Other,B-,anthonyorr@example.net,+1-830-970-5349
P1587,Abigail,Guerra,1957-04-13,Other,A-,moransamantha@example.org,767.441.2415x13
P1588,William,Hill,1981-10-14,Other,O-,mannleroy@example.org,(618)953-8003x2
P1589,Edward,Cervantes,1989-04-20,Other,AB+,david18@example.net,001-830-561-789
P1590,Dana,Washington,1983-09-16,Other,O+,nataliepittman@example.com,+1-977-769-5874
P1591,David,Coleman,1948-08-12,M,B+,donna56@example.net,(577)896-3044
P1592,Antonio,Ingram,1954-11-06,M,A+,robert76@example.com,404-573-5047x63
P1593,Penny,Rodriguez,2006-06-08,F,O-,david80@example.net,5617558108
P1594,Joseph,Galloway,1996-12-08,M,A-,oheath@example.com,(255)363-8300
P1595,Jonathan,Moody,1938-11-02,M,B+,kevin33@example.org,216-462-4111x86
P1596,Anna,Chapman,1964-04-20,F,O-,kristen68@example.net,8446731497
P1597,Jessica,Walker,1965-05-31,F,O+,timothy88@example.org,(907)765-8173x9
P1598,Thomas,Rodriguez,1958-06-05,Other,B+,lisadaugherty@example.org,+1-923-579-3126
P1599,Amy,Snyder,1965-10-25,F,A-,mary05@example.net,001-996-704-387
P1600,Tina,Young,1969-06-07,F,O+,vrobertson@example.net,316-416-2028
P1601,Christina,Kane,1944-01-18,F,A+,osimpson@example.net,728.466.0416x44
P1602,Donald,Mills,1950-09-04,Other,AB-,april47@example.com,452.428.7056
P1603,John,Holder,1936-02-28,M,O-,jamesdavis@example.com,610-697-9215x83
P1604,Samantha,Parrish,1978-06-02,F,B-,michael64@example.net,+1-631-392-1342
P1605,Beth,Boyd,1982-10-28,F,A-,xrivera@example.net,+1-449-473-2033
P1606,Thomas,Smith,1941-06-06,Other,AB-,taylorlindsay@example.com,+1-775-348-1386
P1607,Nicole,Wilkinson,2005-06-29,Other,AB-,jennifer68@example.com,541.886.5205x75
P1608,James,Fitzpatrick,2008-06-02,M,O+,scottfox@example.org,001-645-215-480
P1609,Maria,May,1964-10-29,F,B-,joshua09@example.org,001-479-477-278
P1610,Seth,Anderson,1966-05-19,M,O-,browndana@example.org,818-843-9055x29
P1611,Ryan,Caldwell,1940-06-28,M,B-,jessicamiller@example.com,6497386204
P1612,David,Owens,1996-10-14,Other,A+,knightsteven@example.org,521-725-9020
P1613,Joe,Wiley,2004-08-10,M,AB-,mary32@example.com,5645242956
P1614,Don,Gonzalez,2007-03-29,M,B+,heidi41@example.com,(595)858-7209x6
P1615,Michael,Cochran,1993-11-17,Other,B-,matthewschmitt@example.net,001-941-483-437
P1616,John,Morris,1976-11-27,M,B-,morrisdaniel@example.com,6264755125
P1617,Steven,Lopez,1937-05-03,Other,B-,swatkins@example.com,001-367-834-595
P1618,Jeffery,Adams,1977-11-28,M,AB-,martingarrett@example.com,+1-983-892-2501
P1619,Christopher,Smith,1946-07-08,M,A+,kevinmiller@example.org,461.732.8507
P1620,Ariel,Pierce,1964-07-07,F,B+,robertabarnett@example.com,001-831-362-526
P1621,Gregory,Santiago,2006-07-31,M,AB+,walkercharlotte@example.org,(555)280-9961x3
P1622,Daniel,Graham,1960-07-16,M,A-,ronaldmitchell@example.com,+1-870-246-2268
P1623,Eugene,Anderson,1972-10-04,Other,A+,psmith@example.net,(760)346-4197x8
P1624,Richard,Pollard,1974-07-26,M,A+,fberg@example.org,2599438976
P1625,Diane,Martinez,1971-06-30,F,B-,brendan95@example.com,(254)308-4245x6
P1626,Michael,Johnson,1989-09-04,Other,AB-,gregorynichols@example.org,001-327-764-579
P1627,Jake,Thomas,2007-01-23,M,B+,reyestina@example.org,546-260-2416x13
P1628,Jacqueline,Kennedy,1991-04-14,F,A+,shill@example.org,880-496-2440x63
P1629,Donald,Ford,1993-06-10,M,O+,colton30@example.net,231-794-9796x95
P1630,Matthew,Reed,1968-03-11,Other,A-,fdickerson@example.org,+1-726-346-0917
P1631,Jared,Mercer,1962-09-14,Other,A-,karen77@example.org,(299)629-5966
P1632,Kristie,Henry,1952-11-19,F,O-,nicholasrush@example.org,863-831-9422
P1633,Heather,Robinson,2001-06-26,F,A-,luis51@example.net,+1-858-688-6367
P1634,April,Gallegos,1991-06-12,F,B-,francesgarcia@example.net,+1-866-263-0932
P1635,Mark,Wright,1977-04-23,Other,A+,xcohen@example.org,001-796-488-327
P1636,Kelly,Kline,1950-11-11,Other,AB+,rstevens@example.net,232.278.1952x37
P1637,Melanie,Russell,1973-09-11,F,A+,eatkins@example.com,781-898-0770x46
P1638,Mitchell,Hunt,1983-03-05,M,O-,gcobb@example.org,391-725-6523x73
P1639,Maria,Jones,2001-05-24,F,O+,wgoodwin@example.com,247-557-4949x02
P1640,Nicole,Elliott,1987-11-10,Other,A-,shirley29@example.net,577-642-2294x64
P1641,Brittany,Smith,1962-05-03,F,O-,kwoods@example.com,+1-929-885-8567
P1642,Adrian,Arroyo,1960-09-28,M,A-,jamie24@example.net,001-313-757-790
P1643,Katie,Nelson,2005-12-14,F,B+,wallerbrian@example.net,333.542.3372x09
P1644,Nicholas,Lowery,2001-11-25,M,B+,alexandrabrown@example.org,399.577.1805
P1645,Karen,Ramos,1970-07-03,F,AB-,danielsjason@example.com,890-696-1739x97
P1646,Katherine,Thompson,1972-10-13,F,AB+,stephanie44@example.net,954.288.4712
P1647,Emma,Mccann,1970-02-05,F,O+,haroldhodges@example.net,717-958-2313x34
P1648,Brian,Evans,1980-03-31,M,A-,mariolee@example.com,(629)525-8796
P1649,Sarah,Kennedy,1998-04-04,Other,B-,nathan45@example.net,(757)446-9660x6
P1650,Vanessa,Wang,1937-03-04,F,O-,jasonmoran@example.com,(905)666-5883x3
P1651,Brian,Sanchez,1959-07-06,M,O+,ldavid@example.com,3672349960
P1652,Margaret,Hill,1962-09-20,F,O-,daniel21@example.com,001-662-629-493
P1653,Melissa,Taylor,1991-12-15,F,O+,susan57@example.net,625.673.7553
P1654,Cassandra,Cantu,1945-12-28,Other,A-,zsimmons@example.com,7809850960
P1655,Diane,Cook,1940-08-25,F,O+,cunninghamterri@example.org,+1-828-619-7931
P1656,Julie,Preston,2008-05-04,F,AB+,debrajones@example.net,001-257-886-069
P1657,Alicia,Perez,1966-12-07,F,B+,melissa95@example.net,239.259.2323x42
P1658,Kimberly,Fernandez,2005-06-11,Other,O-,monica33@example.org,926-543-3502x71
P1659,James,Griffin,1964-11-21,M,A-,kellilawrence@example.org,928-798-1231
P1660,Paul,Stewart,1949-09-10,M,A-,marshmichael@example.com,617.500.6661x55
P1661,Zoe,Miller,1982-09-25,F,A-,bliu@example.com,001-250-223-290
P1662,Caitlyn,Clark,1989-10-05,Other,AB-,nathan62@example.com,(928)522-5120
P1663,Eric,Garrett,2002-02-09,M,A+,christy00@example.com,4704260869
P1664,Craig,Bailey,1952-01-04,Other,AB-,hmcneil@example.com,768.772.9047x74
P1665,Summer,Barnett,1942-10-15,Other,A-,kgoodman@example.org,(638)322-3116
P1666,Danielle,King,1989-01-16,F,AB-,mark79@example.net,294.425.6529x06
P1667,Cynthia,Conley,1953-02-10,Other,O+,kmorris@example.com,653.796.7379x48
P1668,Matthew,Stafford,1954-05-21,Other,A+,dingram@example.net,458-341-5608
P1669,Crystal,Ellis,1943-11-12,F,AB+,david54@example.com,(481)282-6832x3
P1670,Rebecca,Cox,1952-07-28,F,A-,nicholasgarcia@example.org,+1-893-928-9634
P1671,Taylor,Taylor,2004-03-27,Other,B-,jonesjeanette@example.net,439-891-0622x72
P1672,James,Lee,1996-08-28,M,O-,perezstacy@example.org,(319)923-7245x0
P1673,David,Gonzales,1995-10-11,M,A-,whernandez@example.net,340-364-1769x27
P1674,Yolanda,Morrison,1979-06-25,F,AB-,john76@example.com,7143448564
P1675,Adam,Marquez,1971-03-13,M,AB+,bwalker@example.net,317-389-9698x60
P1676,Barbara,Wilson,1991-07-12,Other,B-,betty96@example.com,001-405-277-980
P1677,Lydia,Murphy,1957-02-01,F,A+,upham@example.com,555-753-4705x74
P1678,Joy,Mullins,1992-10-05,Other,AB+,megangates@example.com,(498)835-4116x5
P1679,Dale,Chase,1971-03-10,M,B+,linda52@example.org,301-539-4884x88
P1680,Anna,Dawson,2002-07-11,F,AB+,jphelps@example.net,285-562-6149x91
P1681,Kimberly,Contreras,1955-09-27,F,AB-,swalker@example.org,937.932.0430
P1682,Jason,Arnold,1977-03-22,M,B+,hlopez@example.net,(396)445-4655x3
P1683,Frank,Carey,1987-01-11,M,O+,colinlowery@example.net,001-278-951-935
P1684,Malik,Crawford,1967-08-05,M,B+,andrewwest@example.net,6572215149
P1685,Jennifer,Henry,1987-02-28,Other,A+,valerielewis@example.com,284-753-9862x89
P1686,Kevin,Hampton,1940-12-07,M,B-,morenojessica@example.net,339.322.0715
P1687,Theresa,Berry,2005-01-11,F,O+,yballard@example.net,625.821.4526x47
P1688,Christina,Bell,1982-12-31,F,AB-,morgankaren@example.net,209-708-0512x08
P1689,James,Johnson,2001-10-29,M,AB-,michele23@example.net,+1-972-483-5129
P1690,Katie,Olsen,1968-03-30,F,AB-,mcconnellpamela@example.org,741-952-9821x73
P1691,Sarah,Kelley,1964-02-20,Other,A-,qraymond@example.net,253-752-3736
P1692,Anthony,Haas,1970-10-28,M,B+,abbottchristopher@example.net,689-898-8683x45
P1693,Jared,Bennett,1971-07-22,M,A+,jgarcia@example.com,+1-464-774-0803
P1694,Jocelyn,Ferguson,1939-03-13,Other,A-,paul58@example.org,+1-368-582-8503
P1695,Kathleen,Duncan,1980-07-02,F,O-,weeksjamie@example.net,840-235-2635
P1696,Eric,George,1981-02-20,Other,O+,nicole69@example.net,+1-243-846-0666
P1697,Amanda,Wang,1945-02-27,F,O-,chadwilson@example.org,612.385.2464x84
P1698,Paige,Foster,2000-05-26,F,AB+,stephaniepeters@example.com,228.807.7113
P1699,Cody,Farmer,1994-08-15,M,A-,ryanwood@example.net,(279)408-3350
P1700,Gloria,Clements,2003-01-17,F,O+,steven06@example.com,(248)913-2357
P1701,Benjamin,Sanchez,1974-05-03,M,AB+,douglasbrandt@example.org,716-288-0925
P1702,Douglas,Garcia,1952-10-22,Other,O-,dsmith@example.com,001-891-930-981
P1703,Renee,Young,1971-07-25,Other,AB+,michael77@example.org,885.632.4264x25
P1704,Charles,Stevens,1987-08-19,M,B-,vanessamartinez@example.net,(736)866-7776x7
P1705,Brandi,Moreno,1953-09-16,F,A+,ashleygould@example.net,+1-995-678-6543
P1706,Tanner,Sosa,1999-04-09,M,B-,nwilliams@example.com,+1-826-486-2703
P1707,Denise,Reese,1976-11-16,F,B-,danielleandrews@example.org,(265)373-2759
P1708,Richard,Miller,1936-05-20,M,AB+,riverachristopher@example.com,923.941.5959
P1709,Gina,Thompson,1957-11-20,F,AB-,rachelhernandez@example.com,589-362-8874
P1710,Matthew,Thomas,1968-03-24,M,A+,taylorparker@example.com,720.795.7992x70
P1711,Victoria,Tanner,1940-10-11,F,O+,clairebyrd@example.org,835-441-5970
P1712,Jacob,King,1973-03-25,M,B+,burnsrebecca@example.org,+1-234-447-6504
P1713,Shelby,House,1936-07-12,F,B-,turnerjames@example.com,(660)546-5586x6
P1714,Tracy,Adams,2002-06-05,Other,AB-,trujillorobin@example.net,402-513-1251
P1715,Richard,Shields,1936-06-15,M,O+,doylematthew@example.net,429-575-1910
P1716,Samantha,House,1949-04-19,Other,A+,smithlatasha@example.org,901.465.8373
P1717,Julie,Dennis,1978-12-15,F,A+,ramoswilliam@example.org,(534)428-9311
P1718,Sarah,Avila,1952-05-16,F,A-,lreid@example.com,+1-668-443-6453
P1719,Amy,Brown,1960-11-17,F,O+,harveylisa@example.org,+1-970-715-9591
P1720,Victor,Hines,1958-08-20,Other,O+,jeremyjackson@example.net,(867)275-6777x2
P1721,Morgan,Kramer,1963-08-07,Other,O+,reginaldsmith@example.net,(429)623-1067
P1722,Gail,Smith,1964-05-20,F,A-,maria84@example.org,779.376.6270
P1723,Andrea,Morris,1970-07-20,F,A+,donald87@example.org,(670)742-5496x9
P1724,Misty,Roman,1998-10-31,F,B+,annette71@example.org,756.533.5357x48
P1725,Rachel,Sheppard,1992-10-22,Other,O-,jeanlynch@example.org,997.905.8162x95
P1726,Carrie,Macdonald,2005-09-15,Other,AB-,carl63@example.com,001-425-607-330
P1727,Tyler,Washington,1958-09-07,M,O+,madisonbrewer@example.net,+1-614-603-8843
P1728,Dan,Phillips,1937-11-08,M,B-,dmiller@example.org,968.629.7514x74
P1729,Carla,Anderson,2005-07-19,F,O+,williamsmark@example.com,(225)668-0656x2
P1730,Mario,Avila,1938-08-17,Other,A-,sharpjennifer@example.com,712-721-8231
P1731,Gina,Gutierrez,1990-07-25,F,AB+,dmorales@example.net,(262)281-3721x4
P1732,Dawn,Terry,1970-09-11,Other,AB-,robinsonjesse@example.org,(985)256-6084
P1733,Michael,Terry,1975-11-27,M,AB-,gonzalezbarry@example.org,001-870-551-958
P1734,Christian,Smith,1981-07-28,M,A-,joseph58@example.com,(339)645-3546
P1735,Shannon,Griffin,2006-05-25,Other,A-,hharris@example.org,(613)539-4394x5
P1736,William,Collins,1951-07-20,Other,B-,michelleclark@example.net,(357)269-2778x9
P1737,Sarah,Harvey,1998-04-29,F,AB-,sarah47@example.com,001-292-610-533
P1738,Kaylee,Roach,1957-10-19,Other,B+,stephen31@example.net,001-207-920-113
P1739,Arthur,Holt,1951-06-25,M,A-,bgregory@example.org,667.262.0901x44
P1740,Michael,Richmond,1949-06-24,M,AB+,ppatrick@example.org,001-768-973-045
P1741,Robert,Stephens,1962-12-31,M,B+,jessica82@example.com,001-856-729-657
P1742,Susan,Miller,1954-03-27,Other,B+,marvinhoward@example.com,482.505.8295x82
P1743,Makayla,Sanders,1995-11-12,Other,A-,mooneyamy@example.net,390-748-2357
P1744,Nicholas,Robles,1975-10-15,M,O-,zmills@example.org,001-356-913-723
P1745,Brianna,Jones,2005-02-09,F,O-,katelynturner@example.org,+1-413-300-0413
P1746,Carl,Chavez,1944-06-07,Other,AB-,dorothy09@example.com,965-734-6997x99
P1747,Michael,Scott,1970-04-29,Other,AB-,xmullins@example.org,(399)557-0607x1
P1748,Nathaniel,Baldwin,2003-01-30,M,O-,vjames@example.org,+1-470-254-8739
P1749,Timothy,Wallace,1972-05-27,M,O-,khill@example.com,+1-604-491-8727
P1750,Amanda,Burke,1966-11-26,F,AB+,tanyajones@example.com,530.962.6042x35
P1751,Rhonda,Gould,1944-03-23,F,A+,donaldyang@example.net,001-307-875-608
P1752,Kara,Ramirez,1976-06-07,F,A-,fjones@example.com,+1-957-768-3210
P1753,Kristin,Woods,2006-08-17,F,O-,brandiwilson@example.org,232.342.6050
P1754,Kelly,Adams,1974-06-24,F,A+,nicole25@example.org,433.477.7312x68
P1755,Scott,Thomas,1991-04-09,M,AB-,epalmer@example.net,(236)753-4606
P1756,Phyllis,Johnson,1984-10-13,F,A-,peter93@example.net,(679)986-2398
P1757,Kendra,Reynolds,1938-01-03,Other,A-,hoffmanjanet@example.org,001-905-846-475
P1758,Katherine,Franco,1978-10-16,Other,O+,taylordavis@example.com,588-591-4444x98
P1759,Hannah,Torres,1996-01-12,F,A+,mramirez@example.com,+1-439-324-3588
P1760,Misty,Walter,1982-05-15,F,B-,carlyschultz@example.com,(775)436-7497
P1761,Dawn,Jones,1944-10-31,F,O-,zli@example.org,834-577-8948
P1762,Joseph,Jarvis,1981-08-08,Other,B+,elarson@example.com,(651)422-1500x1
P1763,Richard,Frost,1985-11-18,M,O-,billkeller@example.org,5156944633
P1764,Timothy,Gomez,1953-01-02,M,AB-,spencerlevi@example.org,(663)989-0219
P1765,David,Sanchez,1965-06-02,Other,A-,stephenmartin@example.org,841.903.4699
P1766,Jason,Garcia,1941-09-26,Other,B+,vramos@example.com,+1-960-884-3768
P1767,Ryan,Obrien,1962-12-23,M,B-,burkeholly@example.com,(663)535-5643
P1768,Nicolas,Rich,2005-11-17,Other,O-,debbiebrown@example.net,9698556076
P1769,Ann,Scott,1952-06-08,F,B+,rhonda47@example.org,(739)289-8306
P1770,Paige,Davis,2002-08-11,F,AB-,gilbertangela@example.com,484-572-4264
P1771,Jennifer,Jackson,1940-08-16,F,O+,oliverashley@example.net,(348)376-2303
P1772,Patricia,Adams,1992-12-02,F,AB-,maxwellangela@example.com,001-222-882-305
P1773,Dennis,Williams,1947-02-18,Other,A+,johnlynch@example.com,001-247-337-213
P1774,Tonya,Taylor,1956-09-18,Other,AB-,zbyrd@example.net,+1-668-878-5996
P1775,Christopher,Hodge,1944-12-19,M,AB-,clarkcarol@example.com,519-866-6450x57
P1776,Reginald,Christensen,1968-08-06,M,O+,deborahturner@example.org,(703)574-7677
P1777,Julie,Perry,1939-07-02,F,AB+,pennylivingston@example.com,(905)276-6194x5
P1778,Sarah,Melton,1970-10-02,Other,B+,mark48@example.org,7122840083
P1779,Joan,Cook,1980-06-30,F,A-,christy45@example.org,791.977.6808x98
P1780,Jessica,Reid,1946-04-05,Other,B+,christopherreyes@example.com,500.840.2369
P1781,Rebecca,Ware,1966-12-01,F,AB+,veronica30@example.org,(304)371-3727
P1782,Elizabeth,Cain,1960-10-08,Other,O+,melissa49@example.net,+1-555-582-9849
P1783,Robert,Hamilton,1955-08-15,M,A-,victor60@example.net,741-828-3337x21
P1784,Natalie,Barnes,1959-12-06,F,O+,sanchezcindy@example.net,250-766-6267
P1785,Sharon,Wilson,1952-12-15,Other,AB-,zreilly@example.net,466.734.3925
P1786,Kevin,Castaneda,1943-02-05,M,A-,hoganalan@example.net,(371)220-0720x2
P1787,Frederick,Collins,1943-01-18,Other,O+,mcneilchristina@example.org,(367)614-9498
P1788,Dillon,Ford,1997-12-23,Other,AB-,dawngraves@example.org,693.840.6527x75
P1789,Jason,Arias,1993-09-25,M,AB-,elizabeth33@example.com,(920)410-9121
P1790,Brittany,Jones,1991-12-28,F,B+,beth76@example.com,889-543-7052
P1791,Gregory,Williams,1997-02-25,M,AB-,perry77@example.net,(357)925-6592x0
P1792,Sheri,Cook,1938-10-26,F,B-,johnmunoz@example.com,726.200.5595
P1793,Brian,Ingram,2006-07-05,M,B+,jasoncook@example.net,001-684-986-899
P1794,Andrew,Cook,1965-06-27,M,A-,wellsnatalie@example.com,+1-693-859-3744
P1795,Deborah,Schmidt,1938-09-17,F,A-,aallen@example.com,2149886084
P1796,Vanessa,Lewis,1984-01-10,Other,A+,kimberly36@example.net,001-452-683-061
P1797,Gary,Carter,1954-07-09,Other,AB-,rebeccaharris@example.org,(314)648-8112x1
P1798,Tammy,Wilson,1968-09-11,Other,B+,masonmary@example.net,581.679.4151x52
P1799,Jessica,Bartlett,1981-01-13,Other,O+,gayfrancis@example.com,(888)337-5056
P1800,Robert,Parsons,1965-02-17,M,B+,jameswalsh@example.net,001-513-278-765
P1801,Kenneth,Smith,1984-04-07,M,B+,deborah60@example.com,712.319.8819x27
P1802,Colleen,Johnson,1996-09-21,Other,O-,john86@example.com,7108424624
P1803,William,Hester,1962-04-22,M,O+,tparker@example.com,3047521289
P1804,Ashley,Villegas,1991-10-25,F,B-,pamela29@example.org,001-613-604-488
P1805,Ashlee,Powell,2003-09-13,F,AB+,samantha61@example.net,340-621-1901x70
P1806,Erik,Ayers,2001-02-01,Other,O-,christopherjackson@example.net,001-810-273-228
P1807,Michael,Golden,1977-11-06,M,B-,travisyoung@example.com,896.638.4526
P1808,Debra,Jensen,2000-09-09,F,O-,mscott@example.com,3165934292
P1809,Casey,Williams,2008-08-13,M,AB-,simongabriella@example.org,341.790.3106
P1810,Jamie,Thomas,1988-08-17,Other,O-,meltonmark@example.com,(684)873-2365x3
P1811,Amber,Smith,1969-08-04,F,AB+,harringtonmartha@example.net,284.936.1424x42
P1812,Rachel,Moreno,1978-07-26,F,O+,kevin37@example.org,001-947-864-273
P1813,Daniel,Fry,1972-12-16,M,B-,danielgriffith@example.net,614-584-6019x13
P1814,Katherine,Barnett,1976-05-03,Other,B+,courtneymadden@example.org,(505)486-9507
P1815,Ashley,Torres,1991-07-15,F,A+,heather49@example.org,+1-269-799-5167
P1816,Michael,Blake,1974-08-16,Other,O-,jperez@example.org,001-311-392-360
P1817,Melanie,Daugherty,1967-12-19,F,A-,jeffreylewis@example.com,904-509-6149
P1818,Clayton,Mclean,1980-05-30,Other,A-,trujillokylie@example.net,001-330-574-820
P1819,Tammy,Ramirez,1966-12-06,F,A-,sarah78@example.net,(501)290-4322
P1820,Nicholas,Gonzalez,1951-01-05,M,AB+,kennethbrown@example.com,492.301.3546
P1821,Sandra,Moore,1963-05-09,F,B+,nicholaspatel@example.net,(711)923-1261x6
P1822,Brooke,Osborn,1974-08-25,F,A-,stephaniecoleman@example.net,945.349.3036x46
P1823,Shaun,Wilson,1986-06-14,M,O-,hallisabella@example.org,+1-576-492-0828
P1824,Cynthia,Williams,1998-05-29,F,A+,allenandrea@example.com,581.344.5822x06
P1825,Kelly,Weber,1940-12-18,F,A+,rojasmarc@example.org,+1-345-500-0000
P1826,Karen,Trujillo,1967-10-18,F,AB-,brian90@example.net,(455)361-8444
P1827,Joshua,Hernandez,1984-07-11,M,O+,hmitchell@example.org,(224)889-0567
P1828,John,Williams,1939-04-26,M,AB-,nina65@example.net,615-584-8266x91
P1829,William,Wood,1939-04-30,M,A+,lorraine96@example.net,9807706336
P1830,Rachel,Smith,1981-05-01,F,A-,davidbrown@example.org,664-481-8804
P1831,Amy,Wells,2000-01-10,Other,AB-,zacharygray@example.org,616.843.2126x94
P1832,Edward,Smith,1999-12-14,M,B+,michealhardy@example.net,(631)244-1706x4
P1833,Cody,Kramer,1988-05-24,M,AB+,matthew24@example.org,001-201-576-464
P1834,Monica,Richardson,1976-05-06,F,B+,mariahill@example.net,(579)505-0404
P1835,Sabrina,Clark,1991-08-08,Other,O-,james84@example.net,216-532-1119x78
P1836,Daisy,Davis,1985-04-21,F,A+,zrobinson@example.net,830-260-1198x75
P1837,Adam,Lopez,1995-08-21,M,A+,willismatthew@example.com,982-998-0365
P1838,Deborah,Campbell,2007-03-22,F,B-,hornerebecca@example.org,+1-336-659-5201
P1839,Brian,Carter,1952-08-21,M,O+,bcooper@example.net,(463)322-3998
P1840,David,Hill,1960-05-27,M,AB+,davissarah@example.net,001-842-888-605
P1841,Vincent,Manning,1973-08-30,M,AB+,wilsondavid@example.org,3302835669
P1842,James,Cohen,1941-01-20,M,A+,corythompson@example.org,955-806-8826x91
P1843,Phillip,Schneider,1946-02-28,M,O+,traceyguerra@example.com,001-901-434-808
P1844,Rick,Lewis,1982-11-05,Other,O-,brownelizabeth@example.com,001-409-208-599
P1845,Miguel,Chavez,1954-05-20,M,A-,richardharper@example.net,+1-669-496-4899
P1846,Kimberly,Diaz,1963-10-16,F,A+,dylancunningham@example.com,4845993231
P1847,Kelly,Thomas,2006-07-01,Other,B-,delliott@example.com,+1-508-672-6176
P1848,Anna,Vang,1952-05-27,Other,B+,markbates@example.com,+1-838-728-0405
P1849,Amanda,Ballard,1992-12-27,F,O+,wgarza@example.net,+1-926-841-8696
P1850,Brett,Rivas,2000-02-28,M,AB-,lindsayedwards@example.com,001-214-434-682
P1851,John,Walker,1936-03-23,M,O+,yburke@example.org,7162831139
P1852,Anthony,Jones,1974-04-13,M,A-,christopher91@example.net,607-662-8397x62
P1853,Andre,Simpson,1968-01-26,Other,AB-,peter07@example.org,001-266-429-250
P1854,Keith,Randolph,1940-08-16,M,A+,andrew88@example.com,733-437-3125
P1855,Christina,Moon,1965-01-17,F,O-,fstephens@example.com,3325119206
P1856,Paul,Young,1973-03-22,M,O+,david78@example.net,(261)433-7184x4
P1857,Sharon,Morris,1946-01-12,F,AB+,ccarter@example.org,(944)903-7341x6
P1858,Elizabeth,Jackson,1949-05-17,Other,A+,flowersdanielle@example.com,001-782-913-486
P1859,Rachel,Mcdaniel,1967-09-20,F,A-,odelacruz@example.net,518.928.5605
P1860,Tina,Johnson,1993-02-06,F,B-,hpowell@example.com,406.373.6820x50
P1861,Donna,Jackson,1952-02-05,Other,A-,mark21@example.com,+1-350-458-7146
P1862,Mark,Sanders,1969-02-03,Other,AB-,grantamanda@example.net,736-299-8480x22
P1863,Trevor,Holt,1952-07-11,M,A+,mproctor@example.net,001-348-642-495
P1864,Hannah,Garrett,1972-10-19,F,AB-,dominguezscott@example.com,(438)267-6738
P1865,Sarah,Hayes,1963-07-11,Other,B+,stuartbryan@example.net,+1-477-498-7682
P1866,Luke,Ray,1971-10-22,Other,O-,gibbsamanda@example.net,906.223.5040x56
P1867,Anthony,Martinez,1956-02-29,Other,O-,kimberlycooper@example.com,642-486-7963x25
P1868,Danielle,Walters,1945-06-19,Other,B+,kristine33@example.net,001-715-962-415
P1869,Christopher,Landry,1964-02-26,M,A-,richardlawrence@example.net,858.795.1381
P1870,Michael,Lynn,1971-06-30,Other,O-,stephanie85@example.org,+1-357-344-3034
P1871,Thomas,George,1947-10-13,M,AB+,adriennebush@example.net,740.615.3641
P1872,Jesse,Murphy,1959-09-05,M,A+,robinsonglenn@example.net,267.281.3675
P1873,Tyler,Baker,1997-07-21,M,A+,campbellkayla@example.org,9522769819
P1874,Lisa,Conley,1991-01-26,F,AB+,nelsondavid@example.net,885.962.2586x60
P1875,Amber,Ramirez,1998-09-21,Other,O+,trevormorgan@example.com,001-648-359-655
P1876,Tammy,Burnett,1967-01-02,Other,O-,anthony00@example.org,(345)739-3132
P1877,Sheena,Jones,1936-02-27,F,A+,timothy83@example.net,+1-968-421-4448
P1878,Victor,Jefferson,2008-01-21,Other,B-,rodneynolan@example.com,001-546-420-258
P1879,Michelle,Morton,1943-06-24,F,AB-,jamesbrown@example.org,+1-820-649-1060
P1880,John,Harris,1976-02-07,M,AB-,andrew27@example.com,417.822.5775x45
P1881,Brittney,Duncan,1938-02-19,F,A-,christinedixon@example.net,001-476-383-160
P1882,Joyce,Lewis,1968-01-31,F,O+,sararios@example.org,8524229993
P1883,Tina,Oconnor,1994-02-09,F,O-,bowmanjoel@example.net,(732)655-3983
P1884,Debra,Martinez,1988-08-29,F,AB-,fmclaughlin@example.org,(964)330-9544
P1885,Christopher,Griffin,1995-12-20,M,O-,ksmith@example.org,912.705.3978x71
P1886,Devon,Bean,2004-10-17,Other,O-,davidjohnson@example.net,001-912-956-083
P1887,Hannah,Clark,1989-10-08,F,AB+,elizabeth52@example.org,+1-786-300-3044
P1888,Joe,Reed,1999-05-25,M,O+,monicaduncan@example.org,5299295014
P1889,Donald,Parrish,1973-01-30,M,O+,salazarjames@example.org,001-367-413-971
P1890,Raymond,Schultz,1989-03-03,Other,B+,clarkdavid@example.net,001-876-372-019
P1891,David,White,1944-07-31,Other,AB+,griffinjennifer@example.net,001-787-533-930
P1892,Kimberly,Guerrero,1968-12-28,F,A-,kimberly12@example.com,(711)240-8682
P1893,Kenneth,Nguyen,1945-07-30,M,AB-,nicholas09@example.org,001-955-261-039
P1894,Kimberly,Perez,1968-11-15,Other,AB+,joshuacoleman@example.com,+1-658-356-4230
P1895,Stacy,Osborne,1937-08-15,F,O-,bconrad@example.org,(292)973-8740x2
P1896,Jennifer,Maynard,1967-03-26,Other,O+,gutierrezdavid@example.com,715.854.2034x03
P1897,Tyler,Elliott,1991-11-05,M,O-,yrichardson@example.com,+1-915-379-5546
P1898,Breanna,Patrick,1969-06-16,F,O-,rodriguezangela@example.org,410.830.6831x76
P1899,Jose,Stephens,1973-06-25,M,AB-,seth29@example.org,001-215-907-138
P1900,Jennifer,Cook,2006-06-22,Other,O+,michael84@example.com,736-921-3009x62
P1901,Jessica,Jordan,1954-04-11,F,A+,harrisanna@example.com,839.462.7466
P1902,Blake,Richards,1974-01-18,M,O+,hollyalvarez@example.org,2463661459
P1903,Rebecca,Williams,1978-09-18,F,B+,qmartinez@example.org,2497388194
P1904,David,Bright,1940-07-20,M,B+,bobbybishop@example.net,5943976987
P1905,James,Garza,1985-10-07,Other,O-,jreyes@example.net,616-561-2374x07
P1906,David,Thompson,1959-04-13,M,B+,jasonbarker@example.net,+1-499-249-9197
P1907,Daniel,Williams,1969-05-21,M,B-,danieljenkins@example.org,+1-904-418-1359
P1908,Phyllis,Miller,1968-03-12,Other,AB-,simonamanda@example.net,001-448-401-864
P1909,Norma,Hayes,2000-01-03,F,O+,alejandra39@example.com,957.308.2004x80
P1910,Maria,White,1949-07-17,Other,A+,evansrichard@example.net,+1-812-987-9429
P1911,Elizabeth,Williams,1938-11-25,Other,B+,jerome14@example.org,001-461-956-078
P1912,Justin,English,1986-03-10,Other,O-,mathewbennett@example.org,001-579-662-409
P1913,Taylor,Patterson,1955-02-22,F,AB-,edward70@example.org,+1-851-662-2593
P1914,Kimberly,Martinez,1972-06-08,F,A-,josephross@example.net,339.806.2467x28
P1915,Andrew,Whitaker,1942-04-05,Other,B+,lewismaria@example.net,001-435-592-361
P1916,Bradley,Scott,1976-05-12,Other,AB-,moraleskimberly@example.net,3258447241
P1917,Emily,Johnson,1949-11-09,F,AB-,joshua96@example.com,277-218-2498
P1918,Michelle,Murray,1975-12-26,Other,AB+,nelsonscott@example.com,513.859.2664x86
P1919,Michael,Dunn,1958-07-01,M,A-,sbradley@example.org,759-545-0119x29
P1920,Michael,James,1986-06-21,M,B+,daniel71@example.com,+1-603-798-8636
P1921,Jacqueline,Brown,1971-03-12,F,O+,johnsondiana@example.net,824-889-4204x66
P1922,Tyler,Williams,1993-05-12,Other,A-,evan45@example.com,(277)858-0974x5
P1923,Bonnie,Vincent,1962-09-23,F,AB+,yliu@example.org,+1-226-254-0165
P1924,Heather,Leonard,1947-06-14,Other,O-,davidhernandez@example.org,001-376-477-462
P1925,Douglas,Lucero,1942-06-28,M,AB+,amanda86@example.org,9804179867
P1926,James,Miller,1977-12-07,Other,O-,scott04@example.com,(264)526-1212
P1927,Joseph,Perez,1991-03-19,M,A-,bpeterson@example.com,001-496-680-785
P1928,Carl,Powers,1986-06-19,M,A-,wesleyjohns@example.com,001-340-406-445
P1929,Terry,Moore,1987-10-18,F,B+,imitchell@example.net,001-579-817-763
P1930,Gina,Weiss,2001-04-15,Other,O-,jennifer80@example.org,+1-463-604-5306
P1931,Marcus,Perez,1997-08-21,M,AB-,alexander18@example.org,001-667-678-481
P1932,Sabrina,Moses,1954-11-07,Other,AB-,ibrown@example.org,+1-351-279-9378
P1933,Darlene,Curtis,2002-03-17,Other,A-,john91@example.org,+1-878-484-8699
P1934,Nicole,Duran,1979-06-20,Other,AB+,victoria57@example.net,001-827-614-724
P1935,Carrie,Anderson,1950-08-16,F,B+,brittanymartin@example.org,491.521.8706
P1936,Tonya,Holmes,1973-04-28,Other,B+,josephangela@example.org,(221)201-0232
P1937,Amy,Boyd,1969-06-05,F,B-,bwilson@example.net,+1-398-676-1081
P1938,Antonio,Ramsey,2001-04-15,M,B-,sarah31@example.net,207.246.8235x46
P1939,Craig,Mejia,1936-12-25,M,B-,amoon@example.com,859-667-1500x66
P1940,Anna,Smith,1983-01-02,F,A+,kerry11@example.net,640.978.5169
P1941,Amanda,Gilbert,1962-07-25,F,AB-,russellkelley@example.com,+1-826-989-9962
P1942,Rachel,Rice,1975-03-02,F,B+,kennedywanda@example.net,+1-979-815-0596
P1943,Andrew,Wheeler,1944-12-26,Other,A-,andersonnicole@example.com,789.482.6041x80
P1944,Todd,Bowers,1962-02-13,M,AB+,teresa17@example.com,441.627.4692x11
P1945,Anna,Marquez,1965-02-26,F,O-,ryanthompson@example.org,+1-375-789-1704
P1946,Erin,Watson,1996-08-04,Other,O+,floreskimberly@example.org,2923257090
P1947,Lynn,Robinson,1987-02-25,F,A-,robert07@example.org,724.672.8289
P1948,Aaron,Davis,1973-09-21,M,AB-,eugenegreen@example.com,912.361.6850
P1949,Brian,Bell,1976-10-23,Other,A-,davisautumn@example.org,+1-927-211-5261
P1950,Samantha,Taylor,1938-12-14,F,O-,bjones@example.net,900-874-1894x85
P1951,Brittany,Berry,1998-11-29,Other,AB-,mcooper@example.com,371-561-9827x34
P1952,Steven,Swanson,1940-11-29,M,B+,martin25@example.net,+1-796-432-1743
P1953,Jason,Brown,1998-09-06,M,O+,bwilliams@example.com,698.434.4883
P1954,Louis,Perez,2002-12-30,Other,A+,richard28@example.org,750-877-4065x79
P1955,Christopher,Cunningham,1988-12-25,M,B+,wheeleramber@example.com,001-851-307-409
P1956,Lindsay,Parks,1946-02-20,F,B+,janet76@example.org,+1-422-406-9535
P1957,Jeffrey,Edwards,1993-09-15,M,AB-,monica00@example.org,(201)951-5325x9
P1958,Justin,Blanchard,1971-09-10,Other,B-,ipadilla@example.com,+1-680-559-5031
P1959,Tracy,Mejia,1936-08-22,F,AB+,smithmichael@example.org,660.389.4118
P1960,Tyler,Mooney,1960-05-03,M,AB+,susanhoward@example.org,(295)220-5610x0
P1961,James,Patterson,2002-06-23,M,AB+,jonespaul@example.com,740.537.8423x39
P1962,Alex,Long,1969-03-21,M,AB+,matthewsmith@example.org,+1-350-917-3654
P1963,Amanda,White,1940-03-19,Other,A-,dorisarmstrong@example.org,234.851.1009
P1964,Mary,Williams,1953-08-01,Other,B+,pdixon@example.org,(211)666-7329
P1965,Peggy,Cook,2006-12-12,Other,B+,kcook@example.net,+1-875-692-1299
P1966,Christopher,Williams,2005-05-04,M,AB-,robertbrock@example.org,9279558214
P1967,Pamela,Neal,1944-12-14,Other,A+,zwilson@example.com,(438)302-3621
P1968,Harold,Lozano,1993-02-08,M,A-,rsharp@example.com,001-716-711-863
P1969,Joshua,Miller,1978-09-18,M,AB+,ashley77@example.org,001-516-388-005
P1970,Amy,Bennett,2004-07-24,Other,B-,znolan@example.net,454-501-8227x20
P1971,Christina,Herrera,1981-05-25,Other,O+,derekdougherty@example.org,714-547-4328x11
P1972,Jacqueline,Nunez,1989-06-17,Other,A+,andersoncynthia@example.org,523-222-7752x13
P1973,Stephanie,Malone,1972-06-30,F,AB+,drogers@example.com,863-300-5937x77
P1974,Cheryl,Walker,1991-10-23,Other,AB+,pearsonvicki@example.org,(517)646-9029x8
P1975,Andrea,Hughes,1947-08-04,F,B-,solisjames@example.org,(570)880-5685x6
P1976,Sarah,Miller,1973-02-19,Other,O+,dcox@example.com,001-644-540-766
P1977,Michelle,Bradley,1960-11-05,F,O-,deborah62@example.com,422.662.6114
P1978,Daniel,Jenkins,1945-10-13,M,A+,shelley85@example.com,+1-521-688-0879
P1979,Terry,Dawson,1983-10-15,M,O-,mbaker@example.net,532-247-2505x83
P1980,Rhonda,Allen,1941-06-30,F,O-,melinda87@example.com,7549576947
P1981,Jennifer,Joseph,1988-05-08,F,B-,jennifer53@example.com,865.397.4669
P1982,Jessica,Bullock,1944-12-25,F,B+,matthewwood@example.net,001-409-759-481
P1983,Rachel,Watson,1963-08-02,F,AB-,megan21@example.org,4748235914
P1984,David,Cervantes,1939-08-05,Other,AB-,debra93@example.org,(861)545-4307
P1985,Mary,Ellis,1943-05-12,F,B+,johnsondebbie@example.net,978-352-2115
P1986,Sydney,Hawkins,1958-12-28,F,A-,michaelmontes@example.com,001-226-887-447
P1987,Rebecca,Hutchinson,1995-08-21,F,B-,rebeccaford@example.org,001-366-656-337
P1988,Susan,Brewer,1939-02-26,F,A-,lisa78@example.org,4554800027
P1989,Ana,Lopez,1969-07-23,F,O-,davidjohnson@example.com,291.536.8172
P1990,Bryan,Gray,1960-12-31,M,B+,aprilmyers@example.net,7925973525
P1991,Theodore,Hernandez,1946-10-04,M,A+,nperez@example.org,899.320.4573x53
P1992,Katie,Stanton,1970-01-10,F,O+,solomonandrea@example.com,5828697182
P1993,Benjamin,Smith,1944-11-07,Other,O+,pgarcia@example.net,688.821.7648
P1994,John,Nguyen,1990-10-11,M,B+,dustinpetty@example.org,001-422-428-019
P1995,Cassandra,Mullen,1965-04-26,F,AB-,nwhite@example.com,250.663.7311
P1996,James,Mcguire,1955-11-19,M,B+,adamcaldwell@example.org,+1-841-485-2013
P1997,Jennifer,Brown,1993-01-09,F,O-,uperez@example.com,+1-356-715-4705
P1998,Angelica,Madden,1955-04-17,F,AB+,knightsamantha@example.com,964-709-1969x39
P1999,Renee,Brown,1994-05-27,F,A+,andrewjackson@example.org,+1-801-897-1212
P2000,Joel,Knight,1968-11-19,M,O+,knightalexandra@example.org,426-977-3192
P2001,Denise,Leonard,1937-10-26,Other,O-,heather88@example.net,786.653.3943x19
P2002,Colin,Mckay,1984-10-25,M,B-,hunter12@example.org,(619)615-0576
P2003,Anna,Bryant,2003-01-13,Other,AB-,dsmith@example.org,(968)876-4486
P2004,Edward,West,1968-08-11,M,A+,nicole16@example.org,(956)504-5006x3
P2005,Amanda,Stevenson,2006-12-06,F,O-,djensen@example.com,519-252-9635
P2006,Heather,Watkins,1988-03-28,Other,O-,michealrodriguez@example.net,(676)736-4315
P2007,Lisa,Bailey,1956-04-25,F,A+,vwright@example.com,534-641-4916x99
P2008,Donald,Hayes,1952-04-12,M,O+,natalie40@example.net,001-682-323-095
P2009,David,Garcia,1936-05-01,M,AB+,sanderson@example.org,670-875-4853
P2010,Mitchell,Kennedy,1978-07-02,Other,AB-,benjaminsmith@example.com,496-746-1293x90
P2011,Ashley,Maxwell,1950-08-24,F,AB-,zcook@example.com,596.335.9570x86
P2012,Dean,Ward,1957-07-13,M,O+,heather66@example.org,413-588-5034
P2013,Ronald,Moore,1984-09-18,M,B-,arthurwright@example.com,842.846.3104x37
P2014,Rachael,Fernandez,1937-10-18,F,AB+,jennifer29@example.com,(690)521-7741x7
P2015,Ryan,Brown,1952-06-03,M,O+,stacey22@example.net,+1-446-565-2752
P2016,Albert,Smith,1959-11-09,Other,O-,lewisnatalie@example.org,8339467711
P2017,Michael,Cabrera,1967-09-10,Other,AB+,ethomas@example.net,+1-555-630-2453
P2018,Lisa,Jackson,1937-11-14,Other,A-,jennifer20@example.org,+1-447-419-0172
P2019,Edward,Ibarra,1940-01-08,M,A-,qhendricks@example.net,+1-471-677-5461
P2020,Amber,Ward,1975-04-16,F,AB-,rmoore@example.com,+1-825-681-2259
P2021,Michelle,Melendez,1988-08-27,F,AB-,staceywashington@example.net,279.312.1211
P2022,Joseph,Church,1938-10-24,M,B-,toni86@example.net,+1-301-670-7403
P2023,Heather,Thompson,1958-12-28,Other,O+,snydergerald@example.org,464.333.8722x05
P2024,Nicholas,Bennett,1959-02-23,Other,A+,brittany63@example.org,001-908-733-444
P2025,Adam,Marshall,1994-06-23,M,A+,daltonchristina@example.com,001-585-419-537
P2026,Travis,Harper,1958-11-10,M,AB-,josephchavez@example.com,352.425.9206x16
P2027,Rhonda,Anderson,1983-07-03,F,O-,edwardmitchell@example.org,463-802-9559x63
P2028,Christopher,Dean,1957-05-29,M,B+,bradbennett@example.com,+1-249-680-8513
P2029,Laura,York,1952-02-19,F,AB-,calebday@example.org,(412)815-4815
P2030,Joshua,Nichols,2008-02-16,M,O+,patricia19@example.org,954.988.0644x20
P2031,Danielle,Castillo,1996-06-25,Other,AB+,kimberly66@example.com,(441)496-2342x1
P2032,Charles,White,1958-01-23,Other,AB-,williamsfrank@example.com,+1-931-947-8911
P2033,Eric,Hodges,1978-09-07,Other,O-,barbara81@example.net,(883)818-0036
P2034,Andrew,Watts,1948-01-08,Other,AB+,brownmichael@example.org,001-428-653-863
P2035,Dana,Moreno,1952-11-25,F,A+,mcconnellangela@example.org,(592)599-0076x8
P2036,Cassandra,Peters,2000-09-08,F,AB-,nnunez@example.org,861.685.1862x67
P2037,Tammy,Rodriguez,2006-10-17,Other,A-,ericwagner@example.org,439.921.8835
P2038,Nancy,Chandler,1940-05-15,F,AB+,wnguyen@example.net,001-206-377-610
P2039,Melissa,Li,1953-10-22,Other,A+,howellstuart@example.com,(917)481-5969x8
P2040,Jessica,Smith,1988-01-13,Other,O-,jacquelinebennett@example.net,(486)729-5912x5
P2041,Erika,Guzman,1984-09-29,F,B-,gallagherjoanna@example.org,001-890-674-729
P2042,Bryan,Kim,1980-12-01,Other,A+,asmith@example.net,+1-374-574-8599
P2043,Leah,Pham,1997-07-31,Other,O-,jenkinsjohn@example.com,653.769.8816x49
P2044,Adam,Jacobs,1984-02-22,M,O+,uliu@example.org,602-262-7066
P2045,Albert,Stephens,1955-07-03,M,B-,michael13@example.org,+1-589-983-0574
P2046,Dennis,Bond,2008-05-17,M,A-,robert30@example.org,750.500.3056x61
P2047,Alan,Donaldson,1961-11-04,M,A+,colton49@example.org,984.467.9087x01
P2048,Jennifer,Day,1938-04-20,F,AB-,welchjames@example.com,001-810-934-444
P2049,Denise,Cooper,1966-07-21,F,B+,xcardenas@example.org,706-822-1559x96
P2050,Patricia,Lopez,1998-03-05,F,B-,lynchmartin@example.org,+1-747-504-7476
P2051,Lindsay,Nguyen,1942-10-15,F,O-,amandaedwards@example.com,224-255-3129
P2052,Joyce,Foster,1983-10-25,Other,A+,ariascarlos@example.net,001-773-727-726
P2053,Angela,Jackson,1978-06-01,Other,B+,george52@example.net,216-218-5759x17
P2054,Michael,Greene,1954-08-11,Other,B-,eparker@example.org,001-653-952-478
P2055,James,Roberts,2001-07-19,Other,AB-,benjaminhall@example.net,+1-303-531-8361
P2056,John,Newman,2002-10-19,Other,O-,ronaldjohnson@example.com,882.481.5278x73
P2057,Leslie,Brown,1949-01-01,Other,O+,aholt@example.com,+1-535-637-8018
P2058,Diana,James,1942-02-23,F,B+,yramos@example.org,001-669-814-336
P2059,Lori,Jordan,2006-09-07,F,AB-,brian99@example.net,5012089857
P2060,Amanda,Young,2003-09-22,Other,AB-,frank18@example.net,(784)942-4648x8
P2061,George,Bartlett,1962-10-30,Other,AB+,tmurphy@example.net,(982)381-9022x1
P2062,Lori,Evans,1975-03-16,Other,O-,droach@example.org,398-344-5143x67
P2063,Clarence,Robinson,1937-12-01,M,B-,karen81@example.org,001-239-278-145
P2064,Nancy,Williamson,2002-09-08,F,AB+,marthagriffin@example.net,5557286693
P2065,Brandon,Calderon,1958-08-09,M,AB+,webstersteven@example.net,5533260119
P2066,Alexandra,Mullen,1974-08-20,F,B-,pparker@example.com,(313)260-9085x8
P2067,Justin,Brown,1945-08-26,Other,O-,jenniferclark@example.org,587-536-6271x35
P2068,Heather,Lindsey,1940-02-27,F,O-,simsamy@example.com,554-973-1566
P2069,Laura,Kelly,1993-05-30,F,AB+,garciakelly@example.com,+1-890-828-3772
P2070,Jennifer,Cooper,1953-12-15,F,A-,adrianagray@example.com,616-810-1975x35
P2071,Maria,Williams,1963-01-01,Other,O+,johnsonelizabeth@example.net,5278304276
P2072,Brandy,Vincent,1999-06-08,F,AB-,cynthia47@example.org,693.295.3096x90
P2073,Keith,Thompson,1974-12-03,M,AB+,sheena87@example.com,851-335-8727x17
P2074,Richard,Todd,1997-01-03,M,AB+,kimberly03@example.com,998.981.8738
P2075,Denise,Howard,1973-02-15,Other,A-,jasoncampbell@example.com,804.213.0909x15
P2076,Charlotte,Anderson,1945-06-23,F,O-,kristin04@example.org,+1-323-219-0577
P2077,Brian,Vaughn,1986-01-30,Other,AB+,cory32@example.com,(638)910-9794x1
P2078,Anthony,Cross,1976-06-27,Other,O-,juliebird@example.net,(432)825-1742x2
P2079,Brett,Ferguson,1981-02-23,M,B-,leepatrick@example.com,963-407-0286
P2080,Brian,Conrad,1992-08-15,Other,AB+,wheelerkimberly@example.org,(962)919-5368x9
P2081,Cassidy,Johnson,1942-09-28,Other,AB+,derrickmoses@example.net,9074397130
P2082,Christopher,Rodriguez,1975-03-18,M,A-,vknight@example.net,916.372.2104x54
P2083,Ashley,Payne,2008-03-24,Other,B-,wellsadam@example.com,836-202-3442x25
P2084,Charles,White,2002-04-13,M,A+,karina20@example.net,747-372-6903x26
P2085,Jeffrey,Anderson,1965-08-09,Other,B-,tmorrison@example.net,+1-302-845-5985
P2086,Benjamin,Rodriguez,1977-09-22,Other,B-,floressarah@example.net,626-986-4986
P2087,Justin,Moody,2002-01-21,M,A-,dmartinez@example.com,5089844740
P2088,Samantha,Grant,1942-03-20,F,AB-,armstrongtravis@example.net,001-521-864-006
P2089,Cathy,Cross,1945-01-31,Other,O-,kristenpetty@example.com,+1-348-564-7082
P2090,Kenneth,Rose,1959-01-03,M,B+,tlopez@example.org,(212)537-2055
P2091,Philip,Smith,1937-04-03,M,B+,swright@example.net,001-367-339-190
P2092,Darlene,Sullivan,1935-12-11,F,O-,cruzkaren@example.net,(932)273-7989
P2093,Jasmine,Weaver,1989-04-07,F,B-,amy18@example.com,846.330.0099x84
P2094,Stefanie,Sharp,1953-08-02,F,AB-,gmiller@example.net,451-698-5458
P2095,Brittany,Smith,1982-03-05,F,A+,jonesjames@example.org,666-807-5699x94
P2096,Jeffrey,Hernandez,1939-09-02,M,B-,piercejoseph@example.net,001-202-481-822
P2097,Susan,Myers,1938-03-18,Other,A+,vincent17@example.com,001-952-273-536
P2098,Adam,Miller,1980-12-29,M,O+,andrearivera@example.net,861-325-5904
P2099,Stephen,Brown,1979-09-02,M,A+,briansimmons@example.org,2123838271
P2100,Miranda,Reese,1948-08-01,F,O-,ashleybranch@example.net,(515)612-0485x0
P2101,Eric,Swanson,2006-08-11,M,AB+,diana27@example.com,246.701.9153
P2102,Jonathan,Paul,1981-06-11,M,A+,tamaraparker@example.org,335-486-1768x22
P2103,Samantha,Barnett,1949-02-16,F,A-,ghatfield@example.com,(665)662-2419x7
P2104,Kara,Gallegos,1984-02-09,F,AB+,fowlermichael@example.org,(618)248-9742x2
P2105,Elizabeth,Barnes,1989-09-10,F,O-,hkelley@example.org,456-249-5254
P2106,Wayne,Keller,1955-12-06,M,O-,dawn11@example.org,+1-697-538-8182
P2107,Gail,Willis,1956-09-26,F,B-,jenniferrice@example.com,001-368-306-640
P2108,Willie,White,1947-07-03,M,AB-,larry41@example.net,(830)216-0498
P2109,Rodney,Allen,1946-02-19,M,O-,dbrown@example.org,(203)319-7899
P2110,Christopher,Hill,2004-04-02,Other,AB+,kennethzuniga@example.org,317.819.7860
P2111,Nicole,Moore,2007-11-08,Other,B+,gabriela90@example.net,741.594.7855x01
P2112,George,Martin,1944-06-19,M,AB-,jlivingston@example.net,+1-878-207-2790
P2113,Kristen,Hunt,1992-08-19,F,B-,jdaugherty@example.org,599.964.7718
P2114,Gerald,Perez,1968-05-30,M,O+,gcastro@example.org,(248)208-5578
P2115,Carolyn,Scott,1999-02-15,F,AB-,laurentaylor@example.com,(721)969-0696
P2116,David,Estrada,1937-03-16,M,O+,wfleming@example.org,(891)339-5215x0
P2117,Adam,Pennington,1951-08-20,Other,A-,brandon84@example.org,531-298-3924x84
P2118,Adam,Durham,1989-09-01,M,B+,cervantesleslie@example.org,8216516758
P2119,Jennifer,Bauer,1952-08-14,F,AB-,jesse81@example.org,9508147642
P2120,Scott,Martinez,1970-03-29,M,A+,manuel12@example.net,001-717-775-123
P2121,Debbie,Bennett,2004-04-16,F,O+,farmerlisa@example.com,(636)802-4465
P2122,Raymond,Mcdonald,1938-06-05,M,O-,alexanderanthony@example.org,5879156478
P2123,Mary,Brown,1942-11-19,F,AB-,kurt38@example.org,001-427-741-485
P2124,Debbie,Walton,1985-10-10,F,A+,czavala@example.org,+1-284-907-6642
P2125,Marissa,Bennett,1950-11-08,F,AB-,tdougherty@example.org,938-267-6259x23
P2126,Richard,Powers,1937-12-15,Other,B-,zachary86@example.net,+1-932-505-5340
P2127,Kenneth,Harmon,2005-08-12,M,A-,caitlyn76@example.com,001-705-635-670
P2128,Caitlin,Jefferson,1978-07-31,F,AB+,allenkimberly@example.com,(227)436-2732
P2129,Christopher,Schneider,1970-12-12,M,O+,juarezmary@example.com,+1-776-391-7162
P2130,Keith,Hood,1965-04-03,Other,AB+,antoniothompson@example.org,(690)439-2202x6
P2131,Erika,Adams,1996-04-03,Other,A-,hendersonanthony@example.org,670.531.6370x50
P2132,Jason,Gutierrez,1969-03-31,Other,AB+,sabrina69@example.org,272-594-7638
P2133,Tina,Johnson,1964-10-13,F,B-,jordan25@example.net,001-498-351-939
P2134,Christopher,Armstrong,1995-10-11,M,B+,michaelwilliams@example.net,(502)966-7652x7
P2135,Deborah,Curry,1978-07-23,F,B+,chavezaaron@example.net,(440)267-5602x0
P2136,Carol,Ingram,2001-10-02,F,AB-,nicole39@example.org,548-490-9322x53
P2137,Abigail,Jackson,1961-11-06,F,O-,moorenicholas@example.net,650-519-3545x03
P2138,Cindy,Fischer,1953-09-05,Other,B-,kellysanchez@example.org,001-562-308-059
P2139,Cameron,Church,1955-06-04,M,A-,christopher90@example.com,001-859-565-999
P2140,Charles,Stevens,1978-09-04,Other,O-,ernest06@example.org,+1-841-993-7591
P2141,Charles,Perez,1970-11-28,Other,AB-,jenniferanderson@example.com,875-328-6461x20
P2142,Jerry,Miranda,1937-09-06,M,A-,donnasuarez@example.com,324-603-2115x35
P2143,Daniel,Ingram,1943-01-29,M,B-,evanselizabeth@example.org,377.597.2479x25
P2144,Jean,King,1993-12-31,Other,B+,isabella81@example.net,(804)587-7067
P2145,Tyrone,Gilmore,1991-01-20,M,AB-,wgomez@example.net,7257784640
P2146,Jill,Moreno,1996-04-22,Other,O-,teresaflores@example.com,001-472-762-084
P2147,Eric,Robinson,1992-09-13,M,B-,jillian19@example.com,(482)722-5018
P2148,Jessica,Alvarado,1982-02-25,Other,O-,katherinezhang@example.com,(486)439-4201
P2149,David,Hill,1956-09-26,M,O-,brookefrench@example.net,001-266-727-026
P2150,Jeffrey,Lopez,1970-08-03,M,O-,deborah03@example.net,401-493-3538
P2151,Christopher,Huff,1942-08-02,M,O+,patricksmith@example.org,(908)827-7056x4
P2152,Sheila,Myers,1951-09-11,F,A+,alex95@example.org,523.846.1762x31
P2153,Danny,Day,1993-08-10,Other,O-,justin16@example.com,(931)465-4413
P2154,Steven,Barrett,1964-02-07,Other,AB+,thomas60@example.com,001-734-794-290
P2155,Craig,Pierce,1937-03-12,Other,A+,hufftroy@example.net,001-532-942-024
P2156,Elizabeth,Ingram,1941-06-05,F,AB+,rjackson@example.com,(753)586-9479x0
P2157,James,Juarez,1966-04-08,M,B-,campbelltaylor@example.org,464.310.0953x85
P2158,Peter,Ramirez,1959-03-16,Other,A-,conleyantonio@example.org,681.646.0476x14
P2159,Daniel,Williams,1988-11-16,M,O+,danielsshannon@example.net,(664)367-2636x8
P2160,Kelly,Velasquez,1990-04-01,F,A-,maysedward@example.com,001-229-610-845
P2161,Theresa,Cox,1990-09-18,Other,A+,cjohnson@example.org,001-937-546-983
P2162,Alex,Sullivan,1986-11-30,M,O-,kelleyderek@example.net,(966)879-4190
P2163,Gary,Shaw,1959-10-21,M,AB+,hugheskaren@example.net,(434)428-9876x0
P2164,Sandra,Benson,1940-01-13,F,B+,whubbard@example.org,+1-367-806-6320
P2165,Phillip,Lane,2005-12-27,M,O+,wellssherry@example.net,001-328-491-982
P2166,Jennifer,Morris,2000-04-02,F,O+,kendrahall@example.org,208.564.9426x94
P2167,Michelle,Garza,1985-11-25,F,O+,teresamiller@example.org,449-301-4599x67
P2168,Lisa,Weiss,1967-10-24,F,A-,richardsonwendy@example.net,(343)988-4302
P2169,Jenny,Rodriguez,1970-03-03,Other,B+,hughesnicholas@example.net,331-758-9016x49
P2170,Aaron,Ayers,1992-04-21,Other,AB-,alvarezsharon@example.org,(840)470-3088x0
P2171,Joseph,Burke,1966-01-07,M,B+,denisetownsend@example.com,350.307.2889x59
P2172,Robert,Smith,2004-02-27,Other,O+,ballnicole@example.com,427-266-2080
P2173,John,Wilson,1939-11-25,Other,B+,virginiafisher@example.net,244-335-9624x58
P2174,Gregory,Fitzgerald,1957-04-21,Other,B-,kennethsandoval@example.com,769.509.1237
P2175,Adam,Arnold,1955-03-10,M,A+,tsullivan@example.org,796.470.2436
P2176,Sarah,Vance,1958-04-05,F,O-,michael64@example.net,001-718-975-403
P2177,Whitney,Wright,1962-09-20,Other,O+,mjenkins@example.org,860.666.7998
P2178,Brenda,Anderson,1978-03-14,Other,O+,qfaulkner@example.org,(804)429-8622
P2179,Adam,Butler,1941-01-20,M,B-,kfry@example.net,(723)956-9992x9
P2180,Sharon,Ross,1973-04-30,F,AB-,lhayes@example.com,001-360-741-348
P2181,Curtis,Rice,1949-08-04,M,AB+,mooredavid@example.org,3016440762
P2182,Patrick,Stanley,1998-01-05,M,A-,jessica91@example.org,810-738-9752x87
P2183,Ross,Reyes,1947-06-01,M,O+,kennethsmith@example.net,001-820-382-353
P2184,Cindy,Green,2001-11-14,Other,A+,kmartinez@example.net,5562820175
P2185,Jerry,Ortiz,1943-02-01,M,B-,earmstrong@example.org,001-940-743-474
P2186,Samuel,Davis,1939-07-14,M,A-,psimpson@example.org,275-403-6192
P2187,Heather,Whitaker,1990-01-29,Other,A+,garzazachary@example.org,970.634.2444
P2188,Krista,Smith,1955-07-13,F,A+,vjohnson@example.net,(723)351-0765x1
P2189,John,Allen,1983-09-29,M,A+,christian56@example.org,309-718-5805x58
P2190,Stephanie,Hayes,1955-07-21,F,O-,pcaldwell@example.net,+1-716-607-7004
P2191,Bruce,Hill,1937-02-02,M,B-,cassandrakramer@example.net,(421)280-3966
P2192,David,Watson,1995-09-01,M,B+,rcohen@example.net,001-307-888-026
P2193,Justin,Kim,1979-07-29,Other,AB+,jennifercooper@example.com,(230)839-7440
P2194,John,Wagner,2006-03-12,M,AB-,criddle@example.net,(301)399-1843
P2195,James,Chase,1946-05-10,Other,AB-,ggray@example.com,+1-548-458-0526
P2196,Matthew,Rodriguez,1983-08-27,M,AB+,phillipsshawn@example.net,+1-622-905-3970
P2197,Nicholas,Benjamin,1939-11-21,M,B-,samanthawoodard@example.org,914.861.9953x94
P2198,Yolanda,Anderson,1965-06-30,F,AB+,markblake@example.com,2534026184
P2199,Jacqueline,Hess,2001-12-24,F,A+,robinsonpaul@example.com,8502630663
P2200,Nathan,Anderson,1974-07-04,Other,B+,hollandroy@example.org,+1-589-210-3909
P2201,Douglas,Taylor,1980-02-27,Other,O+,eric37@example.com,001-279-253-192
P2202,Cindy,Ferguson,1938-11-21,Other,O-,fbailey@example.com,+1-554-349-2054
P2203,Caleb,Smith,1976-09-16,M,AB-,wbailey@example.net,744.456.6229
P2204,David,Jensen,1939-07-28,Other,O+,pjames@example.com,662-948-6070
P2205,Michelle,Moore,1966-07-12,Other,AB-,msmith@example.com,358-950-1530
P2206,Jerry,Swanson,2005-03-08,Other,O+,gcrawford@example.com,(505)787-9052x2
P2207,Elizabeth,Bradley,1939-11-19,F,B+,uschmitt@example.net,(831)857-9057x1
P2208,Tracey,Zuniga,1997-08-17,F,O+,bcarpenter@example.com,(218)733-5974x8
P2209,Michael,Williams,1949-04-23,M,O-,victoriabenson@example.com,001-818-943-019
P2210,David,Lopez,1995-06-03,M,B-,rlewis@example.org,796.544.0282
P2211,Pamela,Ochoa,2003-12-28,F,B+,lbennett@example.net,(742)477-3923
P2212,Amber,Allen,1949-01-23,F,A+,kingvictoria@example.org,(493)232-8442x3
P2213,Lauren,Webb,1995-08-09,Other,O+,murphyjoseph@example.com,(360)575-6999
P2214,Kristen,Walker,1937-11-25,F,B+,pkramer@example.org,+1-222-862-2777
P2215,Jennifer,Evans,1970-08-28,F,B-,jsmith@example.com,6364059529
P2216,Lorraine,Miller,1995-11-29,F,B-,tmoody@example.net,4278406758
P2217,Jody,Taylor,1977-04-20,F,A-,wilkinsonrussell@example.org,8033638564
P2218,Diane,West,1958-10-01,F,AB-,nbrewer@example.org,239.797.9849x14
P2219,Robert,Smith,1956-05-05,M,B-,douglasbutler@example.com,332-323-9461x21
P2220,Gary,Roberts,2003-11-05,M,AB+,johnsmith@example.org,(976)622-3984
P2221,Carrie,Preston,1982-04-02,F,A+,raymond78@example.net,718.688.2237x88
P2222,Austin,Boyd,1963-10-25,M,B-,archerjames@example.net,795-864-7998x46
P2223,Gloria,Hanson,1977-03-03,Other,B-,rlee@example.net,209.472.3610
P2224,Jennifer,Cruz,1945-06-01,F,B-,barnesmichael@example.com,001-778-364-578
P2225,Wendy,Jackson,1970-01-30,F,AB+,adam06@example.net,758.668.2405x16
P2226,Frederick,Moore,2000-11-07,M,B-,jordan89@example.net,740.923.3868x60
P2227,Sean,Cross,1968-10-17,M,A-,rickywilliams@example.net,542-238-6020x50
P2228,Tonya,Frank,1956-01-16,Other,O-,lewiselizabeth@example.org,001-461-697-979
P2229,George,Hernandez,1955-05-15,M,B-,michaellynch@example.net,6452073567
P2230,Laura,Jimenez,1982-05-30,F,B-,ashleyrhodes@example.com,001-680-426-029
P2231,Debra,Stokes,1938-12-26,Other,AB-,taragomez@example.net,+1-525-384-9073
P2232,Kristy,Alexander,1969-04-27,F,O+,amanda75@example.net,(414)718-6482x3
P2233,Rachel,Meyer,1964-09-09,F,AB-,daniel62@example.org,+1-932-660-5869
P2234,Tanya,Clark,1997-10-01,F,AB+,alee@example.com,(629)431-5181x7
P2235,Stacey,Morrow,1995-09-26,F,O-,robert89@example.org,(423)427-2371x7
P2236,Crystal,Shelton,1977-08-06,F,A-,ericksonlaura@example.com,848-970-8477x95
P2237,Lee,Harris,1974-01-24,Other,O-,cameronkaitlyn@example.com,815.491.5790x89
P2238,Jennifer,Pierce,1972-08-27,F,B-,hjenkins@example.org,(307)461-2396
P2239,Ashley,Welch,1984-07-04,F,AB-,chenmatthew@example.org,+1-481-229-8861
P2240,Mariah,Freeman,2002-07-30,F,A+,mespinoza@example.org,407-892-3729
P2241,Angela,Barry,1952-02-05,Other,B-,mstanley@example.com,8355067578
P2242,Wendy,Lee,1961-08-13,Other,B+,fsmith@example.com,712.931.5550
P2243,Michael,Johnson,1945-01-07,M,AB+,warrenchristine@example.net,001-338-644-404
P2244,Caleb,Barron,2005-03-04,Other,O+,goodwinsharon@example.net,903-968-7156x89
P2245,Lisa,Medina,1999-07-14,F,B+,jessebeltran@example.net,856-884-4679x40
P2246,Troy,Olsen,1940-08-06,M,AB-,sharonaustin@example.com,978.431.5975
P2247,Kyle,Warner,1946-07-03,M,O+,ghall@example.com,+1-630-429-1585
P2248,Wendy,Perez,1948-07-12,Other,B-,bennettvictoria@example.com,285-948-3966
P2249,Susan,Evans,1993-10-07,F,AB-,yfletcher@example.org,001-315-995-841
P2250,April,Smith,1947-07-18,F,O-,chasebeck@example.com,001-881-241-344
P2251,Janet,Scott,1976-10-23,Other,O-,scochran@example.org,001-229-828-643
P2252,Michelle,Lopez,1976-06-21,F,B+,robertchavez@example.org,+1-466-266-1025
P2253,Dennis,Sweeney,1945-02-04,Other,AB-,josephchapman@example.org,237-368-3675
P2254,John,Chavez,1941-01-07,M,B+,cynthiahill@example.com,344-909-2335
P2255,Kevin,Foster,1962-01-25,Other,O-,donald60@example.org,+1-763-872-6319
P2256,Steven,Schultz,1961-09-27,M,A+,danielletucker@example.com,(741)349-0038x5
P2257,Jessica,Irwin,1996-06-20,Other,A+,kimberly48@example.com,622.788.3904x73
P2258,Donald,Simon,1986-07-17,M,A+,gloria49@example.org,(951)714-9788
P2259,Daniel,Anderson,1985-12-28,M,O+,alexis54@example.org,276.361.8308x58
P2260,Nathan,Herrera,2006-03-14,M,B-,collinsbrandi@example.com,314-236-7862
P2261,John,Dunn,1975-10-25,M,B+,williamsemily@example.net,556.542.5706x80
P2262,Tim,Griffith,1962-12-05,M,B-,harold30@example.com,7022302865
P2263,Emma,Sexton,1945-10-31,Other,O-,joyce14@example.org,7664701514
P2264,Alicia,Bird,1965-01-30,F,A+,jamiesingh@example.org,(422)440-0539
P2265,Elizabeth,Williams,1963-05-01,Other,O-,daviselizabeth@example.net,001-401-713-484
P2266,Hunter,Gray,2006-10-09,Other,O-,ericquinn@example.com,864-252-3428x64
P2267,Christopher,Silva,1967-02-22,M,A+,josephmcgee@example.net,001-753-467-734
P2268,Christy,Greer,1961-10-03,Other,O+,cookgregory@example.com,(855)891-4762x5
P2269,Eric,Adams,1992-11-22,M,A+,jeffrey69@example.net,(824)474-6653x5
P2270,Kathleen,Gilmore,1977-11-04,Other,AB+,julie24@example.org,001-867-592-415
P2271,Julie,Payne,1952-02-23,Other,AB+,jason46@example.net,586-339-0616x82
P2272,Jason,Gomez,1952-02-23,M,O+,garciapenny@example.net,+1-937-410-3073
P2273,Reginald,Mejia,2004-08-03,M,A-,amanda67@example.net,001-808-526-493
P2274,Kevin,Evans,1992-03-14,M,B+,pwhite@example.com,(392)964-5633
P2275,Charles,Galvan,1998-07-29,M,B-,alexander69@example.com,811.526.6497x19
P2276,Jeffery,Walker,1943-11-07,Other,AB+,blancharddaniel@example.com,001-590-616-399
P2277,Valerie,Lewis,2002-09-28,F,AB+,qwhitaker@example.org,+1-548-214-0984
P2278,Angela,King,1975-06-29,F,A-,moralestheresa@example.net,+1-391-800-4202
P2279,Sydney,Kidd,1990-05-10,F,O+,waltercarrie@example.org,721-534-8548x42
P2280,Angela,Brown,1970-08-25,F,B-,tuckersheila@example.net,338-960-1571
P2281,Darren,Mcdowell,1992-11-20,Other,B-,aguilarkyle@example.org,(347)302-8814
P2282,Brandi,Ferguson,1997-11-18,F,A-,logan71@example.net,567.385.7646
P2283,John,Kramer,1941-07-26,Other,A+,hturner@example.net,(319)742-3215x4
P2284,Daniel,Williams,1979-04-27,M,O+,lchurch@example.com,968-645-5252
P2285,Stephanie,Smith,1981-12-17,F,O+,tommy17@example.net,+1-699-548-8566
P2286,Tina,Johnson,1943-06-27,Other,O-,ryan56@example.org,(458)742-2717x2
P2287,Jared,Johnson,1963-09-11,M,A+,alvarezelizabeth@example.org,341-230-6862x40
P2288,Adam,Little,1995-01-30,Other,B+,dweaver@example.net,317-328-2076x23
P2289,Gregory,Sparks,1947-07-12,M,O-,douglashernandez@example.org,+1-524-708-4752
P2290,Zoe,Garza,1957-06-11,F,AB-,nelsonbenjamin@example.net,579-713-5113x50
P2291,Tammy,Acevedo,2003-06-21,Other,A-,katieschmidt@example.org,9645157809
P2292,Anthony,House,1937-01-02,Other,A+,johnsonkevin@example.net,853-941-9528x14
P2293,Dwayne,Stephenson,1945-02-27,M,B-,thompsondarlene@example.net,+1-293-506-3578
P2294,Steven,Richards,1944-03-05,Other,O-,connorholloway@example.net,001-974-736-990
P2295,Leslie,Torres,1991-10-30,F,A+,jacob06@example.net,(890)745-2898x6
P2296,Jason,Allen,1968-10-09,M,AB+,nathan01@example.com,727-561-3681x49
P2297,Cynthia,Hunt,1949-12-11,Other,A+,kgilbert@example.net,+1-464-544-7725
P2298,Patrick,Santana,1948-06-17,M,AB-,william04@example.org,724.715.5369x15
P2299,Jimmy,Singleton,1978-06-15,M,B-,cruzmary@example.net,(702)642-5703x3
P2300,Michael,Galvan,1997-09-05,Other,B+,danielle28@example.com,304.902.9662
P2301,Eric,Washington,2005-03-12,Other,O+,mariajohnson@example.org,(278)821-5392x6
P2302,Daniel,Martinez,1961-08-30,M,AB+,maddoxdavid@example.org,001-428-204-850
P2303,Jason,Powers,1939-04-23,M,B-,dawnlewis@example.net,279.471.9000
P2304,Jeanne,Wong,1967-03-01,Other,O+,vthomas@example.com,001-447-518-559
P2305,Aaron,Bauer,1960-11-14,Other,AB-,derrickyoung@example.com,+1-277-381-4564
P2306,Lisa,Landry,1961-07-02,F,B+,moraelizabeth@example.com,(366)750-5276x1
P2307,Thomas,Brown,1984-02-03,Other,A-,moorejohn@example.net,567-787-0676
P2308,John,Hernandez,1985-09-05,Other,AB-,ryanbrenda@example.org,(368)348-5637
P2309,Dustin,Hernandez,1958-06-30,M,A-,williamssheila@example.org,853.798.9231x32
P2310,Linda,Sims,1997-11-28,F,B-,isalazar@example.com,001-484-217-837
P2311,Brandon,Maxwell,1984-06-18,M,AB-,olsenlinda@example.org,001-466-642-673
P2312,Leslie,Reed,2005-12-30,Other,O+,tracydavenport@example.net,(456)497-6487x8
P2313,Diana,Pham,1956-10-09,F,A+,maria04@example.com,+1-325-406-9296
P2314,Loretta,Brown,1966-07-15,Other,AB+,karenliu@example.net,329.435.0979x34
P2315,Laura,Turner,1999-03-02,F,O-,rachel22@example.org,677-280-4579x72
P2316,Jimmy,Harris,1983-03-08,M,AB-,claytonchavez@example.net,(333)872-0945
P2317,Tracy,Cannon,1968-04-03,Other,O+,ogonzalez@example.org,+1-628-463-0112
P2318,Jasmine,King,2006-03-05,F,B+,jamesmullins@example.com,896.208.2896x71
P2319,Melissa,Bowman,1954-03-27,Other,O+,pamela92@example.org,+1-656-749-0132
P2320,Phillip,Davis,1976-12-01,M,AB+,neilsummers@example.org,215-246-1758
P2321,Daniel,Warren,1972-12-13,M,A-,mitchelldanielle@example.org,504-331-5668x51
P2322,Donald,Brewer,1970-08-06,M,AB+,gflores@example.org,609.901.6856
P2323,Brian,Randall,1968-08-29,M,O+,barry90@example.org,716.898.8371x61
P2324,Roger,Lindsey,2007-02-17,Other,B+,millerashley@example.com,259.783.3261x70
P2325,Tara,Herrera,1963-02-13,Other,O+,michael81@example.net,(465)672-8535x3
P2326,Caitlin,Ross,1946-02-12,F,AB-,swhitehead@example.com,580-215-8466x87
P2327,Christian,Robertson,1950-09-06,M,A-,wwhite@example.com,(698)834-5150x2
P2328,Brian,Allen,1994-06-06,M,AB+,ameyers@example.net,001-972-907-382
P2329,Joy,Burgess,1990-12-01,F,AB-,kochwalter@example.org,227-486-3090x07
P2330,Michelle,Ramirez,1949-11-15,F,A-,tracy05@example.net,+1-877-771-9619
P2331,Raymond,Powell,1968-12-26,M,A-,billy96@example.net,434.640.0952
P2332,Tony,Downs,1963-06-25,M,O+,james79@example.org,001-722-619-143
P2333,Karen,Sanchez,1939-05-29,F,O+,cookkristina@example.net,815-201-0162
P2334,Andre,Johnson,1965-01-17,M,A+,elizabethkirk@example.com,+1-378-433-5488
P2335,Brian,Duncan,1970-03-17,M,AB-,meyerspatrick@example.net,466.443.2031x72
P2336,Lance,Ryan,1955-01-05,Other,A-,vanessajimenez@example.org,700-302-0860x14
P2337,Bridget,Hansen,1960-06-02,Other,AB-,madisonsimpson@example.org,(230)233-5636x9
P2338,Miranda,Lawrence,1974-03-04,F,A+,cameronramos@example.org,001-404-280-283
P2339,Lisa,Hall,2003-03-02,F,O+,cynthiabutler@example.org,466.828.0812
P2340,Kelly,Bailey,2007-08-06,F,A-,kimberly47@example.org,(931)510-5833x0
P2341,Cassandra,Montgomery,1956-12-08,Other,B-,codyrichards@example.org,001-842-969-376
P2342,Hannah,Garcia,1971-11-27,Other,B+,ikane@example.net,883.463.6885x01
P2343,Brittany,White,1967-04-22,Other,O+,srobertson@example.net,4932761652
P2344,John,Carpenter,1953-05-28,M,B+,ariana12@example.com,597-777-2659x76
P2345,Tina,Patel,1958-11-24,F,AB+,sellersshelly@example.com,371-465-7893
P2346,Leslie,Rush,1961-06-25,F,O-,fbell@example.net,+1-771-214-8600
P2347,Aaron,Morrison,1954-11-14,M,A-,alexandrawest@example.com,(770)230-2930x1
P2348,Arthur,Hunter,1996-10-01,M,O+,snydergeorge@example.org,(295)822-2336x9
P2349,Carol,Williams,1992-11-14,F,O+,bfowler@example.org,226-762-4975x37
P2350,Kathleen,Casey,1942-06-20,F,O-,kevin95@example.com,+1-774-306-8735
P2351,Douglas,Rios,2001-03-08,M,AB-,ggomez@example.org,+1-848-834-8358
P2352,Sandra,Holmes,1953-04-18,F,B-,valencialisa@example.com,(587)608-9432x6
P2353,Kevin,Savage,1988-12-14,Other,O-,michelle05@example.org,001-245-905-092
P2354,James,Jackson,2007-09-19,Other,B-,ashleyterry@example.com,272.395.4503
P2355,Jennifer,Rogers,2008-03-24,F,A-,gomezerica@example.net,001-304-450-281
P2356,Terry,Carlson,1992-02-03,M,AB+,madisonchristensen@example.net,001-753-411-123
P2357,Stephen,Montoya,1946-08-17,M,O+,ypittman@example.org,+1-751-308-5738
P2358,Debbie,Sherman,2007-01-22,F,O+,richardsmario@example.org,345.855.3706x27
P2359,Joy,Wright,1954-01-05,F,O-,cuevasdonald@example.org,+1-357-956-2641
P2360,Jenna,Smith,1981-02-11,F,O+,colemanjim@example.net,(730)439-9516x7
P2361,Samantha,Martinez,1985-03-09,Other,B+,ralexander@example.org,(734)338-8804
P2362,Mary,Santos,1939-12-04,F,AB-,cathy36@example.com,(702)982-3134x2
P2363,Nicholas,Lopez,1980-04-03,Other,B-,higginskelly@example.org,001-344-231-834
P2364,Melissa,Foley,1984-04-04,F,AB-,rwebb@example.net,450-862-9179
P2365,Steven,Choi,1994-10-20,M,O+,klewis@example.net,462-491-0873
P2366,Annette,Pierce,1964-09-26,F,AB+,buchananscott@example.net,967.610.5298x77
P2367,Michael,Larson,1980-12-02,Other,O-,brooksjames@example.com,250-502-0268x38
P2368,Julie,Collins,1961-01-09,Other,B-,jacksonleslie@example.com,760.630.4093x46
P2369,Lori,Herrera,1988-07-29,F,O+,kristinaweaver@example.org,7133827210
P2370,Dana,Campbell,1940-02-20,F,O+,erik01@example.org,+1-382-853-2083
P2371,Kelly,Cummings,1982-04-07,F,A-,robertsmith@example.net,001-617-936-907
P2372,Ross,Lopez,1938-11-14,Other,B-,david41@example.org,307.416.3485x08
P2373,Jay,Smith,1962-11-09,Other,B+,khanbreanna@example.org,+1-744-754-5697
P2374,Perry,Wilson,1949-05-02,Other,A+,pjimenez@example.com,418.886.2639x56
P2375,Kathy,James,1992-06-04,Other,O-,shelbywatson@example.com,471.438.8740
P2376,Jeff,Rios,1988-02-14,Other,B-,elizabeth14@example.com,(362)676-3304x1
P2377,Carrie,Lambert,1963-02-05,F,AB+,william19@example.com,+1-763-864-7046
P2378,Amanda,Cunningham,1979-01-19,Other,A-,nmcintosh@example.com,+1-583-800-4837
P2379,Monica,Vaughn,1941-07-02,F,O-,barbara22@example.net,+1-612-270-6593
P2380,James,Zuniga,1946-05-07,M,AB+,millershannon@example.org,224.971.8301x81
P2381,George,West,1980-06-27,M,AB+,marissa74@example.net,+1-679-890-5221
P2382,Krystal,Travis,1961-09-25,Other,B+,tranamanda@example.org,8615735631
P2383,Maria,Jackson,1969-05-28,Other,O+,marissa72@example.net,001-561-269-496
P2384,Jenna,Spence,1947-12-02,F,A-,wilsonjamie@example.org,516.375.3216x33
P2385,Julie,Callahan,1959-10-19,F,O-,websterbrandon@example.net,+1-503-772-9545
P2386,Heather,Mckee,1995-08-21,Other,O+,erinstark@example.net,001-312-474-392
P2387,Marcus,Gilmore,1940-08-16,Other,O+,marilyn62@example.org,001-723-660-186
P2388,Connor,Clark,1992-02-24,Other,A+,lucas15@example.com,709.230.7968
P2389,Marie,Patterson,1984-01-18,F,A-,nicole98@example.com,(940)589-9217
P2390,Gary,Bautista,2003-05-01,M,B-,emorales@example.org,439.373.6707
P2391,Timothy,Perez,1957-03-12,Other,AB-,mccarthyhenry@example.org,+1-822-741-9830
P2392,Eric,Smith,2000-11-01,M,A+,bankskyle@example.com,(748)242-0243
P2393,Heidi,Parker,1965-10-12,Other,O+,wilsonjill@example.com,+1-315-564-0994
P2394,Julie,Flores,1996-05-26,F,O+,kevinnguyen@example.org,+1-690-482-6110
P2395,Paul,Wheeler,1948-07-22,M,A+,johnreyes@example.com,(696)392-2953x3
P2396,Ruben,Weber,1975-04-20,M,AB+,chelseasmith@example.net,442.542.4066
P2397,Devin,Lee,1994-08-02,M,B-,stephaniescott@example.com,(418)666-9408x6
P2398,Danielle,Hoffman,1963-10-06,F,AB-,angelacooper@example.com,635-909-5288x95
P2399,Sarah,Glenn,1953-11-28,F,O-,mroman@example.com,553-259-1765x04
P2400,Benjamin,Vargas,1978-09-23,Other,B+,derek87@example.org,649-966-8667x98
P2401,Alexis,Haynes,1969-02-25,F,A+,brennanmichelle@example.com,001-501-649-711
P2402,Rebecca,Tapia,2003-10-24,F,A-,zgarcia@example.com,(866)950-5188x6
P2403,Mary,Green,2000-06-28,F,O+,jamesbenson@example.com,+1-569-985-0450
P2404,Greg,Williams,1995-12-19,M,A-,rachel86@example.org,789.925.7140x25
P2405,Ronald,Thompson,1963-03-25,Other,B+,willie16@example.org,349.236.8063x58
P2406,Patricia,Horn,1946-01-24,F,AB+,fburke@example.net,+1-230-548-5277
P2407,Jasmine,Perry,1939-07-09,F,O-,julielewis@example.com,+1-443-594-6896
P2408,Daniel,Gonzales,1966-07-14,M,O-,vklein@example.org,431.874.4577x62
P2409,Danielle,Long,1975-01-15,F,O-,hicksrachel@example.net,+1-777-447-5944
P2410,Kevin,Allison,1968-04-26,M,O-,bcobb@example.org,967.768.7404x20
P2411,Christopher,Carlson,1961-05-09,Other,O-,christopher57@example.org,+1-830-799-0009
P2412,Molly,Hernandez,1990-02-16,F,A-,matthew85@example.net,+1-965-235-2326
P2413,Savannah,Duncan,1941-06-29,F,A+,fitzgeraldlisa@example.net,001-356-711-998
P2414,Wayne,Curry,1968-06-10,Other,A-,richard14@example.net,877-861-8687x04
P2415,Michael,Garrison,1996-08-16,M,AB-,jeansmith@example.com,001-625-465-995
P2416,Jacqueline,Holt,1936-01-06,Other,A-,audreylopez@example.com,205-747-3986x22
P2417,Carlos,Liu,1974-08-01,Other,B+,fjohnson@example.com,933.689.1478x52
P2418,Michelle,Carey,1935-12-11,Other,B-,catherine41@example.org,001-923-687-351
P2419,Cody,Davis,1950-08-11,Other,B+,charles30@example.org,(785)434-6581x5
P2420,Heather,Burns,1979-09-21,Other,B+,natalie90@example.net,441.528.6558x16
P2421,Kimberly,Dunlap,1942-11-03,F,O+,larrygill@example.net,580-603-8146
P2422,Bethany,Lawson,1995-05-09,F,B-,robin19@example.com,001-773-409-121
P2423,Kaitlyn,Lee,1942-05-15,F,B+,phillipsrichard@example.org,515.255.3015
P2424,Colton,Stokes,1957-06-02,M,O+,falexander@example.net,001-810-896-598
P2425,Cynthia,Mcbride,1959-07-08,F,A+,david82@example.net,001-212-869-945
P2426,Kristopher,Miller,1980-11-15,Other,B-,johnsonteresa@example.net,001-866-491-008
P2427,Jennifer,Gordon,1944-12-11,F,O+,chenvictor@example.net,(326)299-6208x3
P2428,Alexandra,Carroll,1945-11-28,F,A+,travis28@example.net,903.422.0074x85
P2429,Jonathan,Lee,1969-07-22,Other,B-,thomasmichael@example.com,220-458-0286x06
P2430,Rick,Decker,1954-11-20,M,AB+,tlogan@example.com,776-895-0904x18
P2431,Philip,Watts,1950-08-29,Other,A-,lestermark@example.com,(523)388-7888x7
P2432,Jamie,Hopkins,1939-07-31,Other,A-,nicoletaylor@example.net,6119386047
P2433,Rachel,Miller,1977-11-26,Other,B+,lewisallen@example.com,648-695-3829
P2434,Angel,Dawson,1944-08-28,F,AB-,ulamb@example.org,(534)272-8395x1
P2435,Robert,Rivera,1951-11-21,M,O-,zsnyder@example.net,488-468-6562x92
P2436,Joseph,Martin,1974-12-01,M,AB+,wolfdaniel@example.org,(835)630-6885
P2437,Erin,Decker,1971-02-25,Other,O-,gfowler@example.org,+1-964-758-3744
P2438,Dwayne,Hall,1982-03-12,Other,AB-,pacemarcus@example.com,+1-859-428-9748
P2439,Roy,Morris,1944-07-13,Other,O+,tylerchristine@example.com,353-849-6551x56
P2440,Scott,George,1953-02-03,Other,O+,mcintyrebrendan@example.org,(482)401-6301x5
P2441,Sandra,Thomas,1974-01-10,Other,A-,kevinbates@example.org,666.280.9846x01
P2442,Rebecca,Gonzalez,1957-08-26,F,AB-,jonesmelissa@example.org,835.286.6715x54
P2443,Haley,Willis,2000-11-26,F,B+,gilbertsamuel@example.com,001-362-472-053
P2444,Jennifer,Nicholson,1961-03-25,Other,AB+,rrodgers@example.org,750.421.5538x30
P2445,Christopher,Moore,1949-01-24,Other,A-,jeff95@example.com,384.346.0789x07
P2446,Stephen,Brooks,1940-10-02,Other,B+,kerry49@example.org,631-964-9828x38
P2447,Jill,Bell,1992-09-13,F,A-,olsonmichael@example.com,001-494-434-368
P2448,Nicholas,Greer,1955-02-21,M,AB+,tuckerstacey@example.net,341.253.5977
P2449,Matthew,Rodriguez,2005-01-31,M,B+,steven34@example.net,731-848-7225x57
P2450,Dawn,Walker,1955-06-27,F,B+,zparker@example.net,257-739-5232x85
P2451,Todd,Harper,1996-07-20,Other,O+,sarah16@example.com,5286413623
P2452,Jill,Turner,1969-09-12,F,B+,richard97@example.net,001-714-279-734
P2453,April,Robinson,2004-04-14,Other,O+,jennifer60@example.org,203.396.1017x59
P2454,Jessica,Johnson,1963-09-23,F,B+,autumn78@example.com,001-592-885-516
P2455,Jill,Rhodes,1961-07-07,F,B+,krystaltucker@example.org,(558)696-0707x2
P2456,Kimberly,Rasmussen,1952-07-29,Other,B+,lori39@example.org,643-509-7427
P2457,Jessica,Rosales,2003-02-14,F,AB+,timothy96@example.com,001-414-880-300
P2458,Roger,Palmer,2006-11-16,M,B+,howard63@example.net,494.512.8866x91
P2459,Rebecca,Martin,1955-01-05,F,O-,marcomoore@example.com,619-878-9259
P2460,Tiffany,Blake,1968-09-16,Other,A+,crystal46@example.com,001-732-355-441
P2461,Cindy,Morse,1949-06-11,F,A+,mcdanieldrew@example.org,+1-381-693-7684
P2462,Shannon,Crosby,1954-09-29,F,B+,gabrielshah@example.com,+1-583-833-5401
P2463,Adam,Smith,1970-11-30,M,O+,dmora@example.com,9908676183
P2464,Drew,Munoz,1935-12-09,Other,O-,spena@example.org,+1-262-617-2048
P2465,Ashley,Price,1977-09-04,F,O-,perezmargaret@example.org,(845)264-9674x1
P2466,Erica,Escobar,1990-09-13,F,O-,hughesrhonda@example.net,9972034251
P2467,Barbara,Jones,1998-10-12,F,B+,lopezvictoria@example.org,001-567-307-421
P2468,Kyle,Walsh,1964-10-20,M,A+,kimberlypeterson@example.org,(202)421-6908x8
P2469,Sean,Reilly,1952-09-05,M,AB+,amy84@example.org,+1-891-506-5735
P2470,Raymond,Mccarthy,1944-08-31,M,AB+,jessicatorres@example.org,(983)231-9558
P2471,Timothy,Morgan,1991-02-11,M,AB+,fgarcia@example.org,603.805.6870x94
P2472,Aaron,Davis,1964-05-18,M,O-,kathleenwelch@example.net,233-276-8418x76
P2473,Paul,Walker,1959-06-13,Other,O-,qrhodes@example.org,873-903-3249
P2474,Mathew,Fischer,1972-03-29,Other,A-,virginia51@example.org,884-280-9473x18
P2475,Melissa,Bruce,1947-08-04,Other,A-,gibsonkimberly@example.net,(894)676-1110x7
P2476,Sierra,Cox,1984-12-04,F,AB-,robert72@example.net,001-772-626-934
P2477,Sherry,Frazier,1991-02-06,Other,A+,lynchjonathan@example.net,(485)860-6699x2
P2478,Kimberly,Alvarez,1981-05-12,Other,O-,dware@example.com,+1-957-403-9962
P2479,Natasha,Morton,2003-02-12,Other,B-,santiagochristopher@example.com,001-635-512-896
P2480,Carla,Lee,2004-06-28,F,A-,brettthomas@example.net,001-634-546-060
P2481,Erin,Smith,1980-06-04,Other,B-,jameskim@example.com,629-741-2853x70
P2482,Donna,Mendoza,2004-11-20,F,A+,danielnixon@example.net,001-880-642-554
P2483,Tracy,Diaz,1994-03-16,F,AB+,bhawkins@example.net,978.260.2039x22
P2484,Stephanie,Davis,2006-06-24,F,A-,ann63@example.net,001-492-687-987
P2485,Latoya,Robles,1948-06-06,F,A-,wellselizabeth@example.com,241-260-3328x88
P2486,Fred,Miles,1948-10-20,M,B-,rcollins@example.org,(702)620-1754
P2487,Carl,Hill,1972-02-16,Other,AB-,donnahorton@example.org,966-627-5015x26
P2488,Joshua,Bryan,1952-07-11,Other,O+,ibrown@example.com,883-230-9587x23
P2489,Jeffery,Flynn,1998-11-09,M,B+,sean92@example.org,(967)214-8581
P2490,Brendan,Williams,1943-07-21,M,B-,ecrawford@example.net,(309)425-1920
P2491,Joshua,Le,1944-12-21,M,AB-,janetmontes@example.com,3497379582
P2492,Amanda,Hurley,2002-01-28,Other,AB+,lisa16@example.org,+1-671-449-2075
P2493,Kerry,Cochran,1996-02-07,Other,B+,imoore@example.com,+1-818-983-1249
P2494,Karen,Macias,1954-07-30,F,AB+,cynthiagonzalez@example.com,697-587-2965x71
P2495,Stephanie,Delacruz,1983-01-10,F,AB+,christinaduncan@example.org,680-242-4796x00
P2496,Carolyn,Barnes,1961-08-14,Other,A-,timothyanderson@example.org,(262)325-4920x3
P2497,Mitchell,Adams,1996-05-10,M,O+,gaineserika@example.org,731.817.2264x14
P2498,Kenneth,French,1999-11-27,M,AB+,boyddavid@example.net,435.598.4742
P2499,Mary,Estes,1983-01-04,Other,B+,christina67@example.com,653-990-2262
P2500,Jessica,Young,1959-06-09,Other,B+,cortezdouglas@example.net,6906064761
P2501,Charles,Gordon,1953-12-16,M,B+,louis04@example.org,+1-531-569-7920
P2502,Kevin,Hall,1977-09-11,Other,AB-,ramirezmelissa@example.net,001-392-552-878
P2503,David,Villa,1952-09-19,M,O+,john30@example.org,264.712.2474
P2504,Cheryl,Fuentes,1947-03-26,F,B+,jerrywilliams@example.org,(902)232-5107x1
P2505,Linda,Blanchard,1955-03-24,Other,AB+,hilledwin@example.net,+1-745-564-1199
P2506,William,Hess,2004-06-21,Other,O+,willismegan@example.net,(905)734-9419x7
P2507,Heather,Avery,2001-01-09,F,O-,oreynolds@example.org,524.763.0616x21
P2508,Carlos,Sawyer,1935-10-22,M,A-,uayers@example.org,320-659-8685x69
P2509,Cheryl,Lewis,2006-02-24,F,AB+,durhamwilliam@example.net,001-390-510-146
P2510,Benjamin,Lloyd,2001-02-23,Other,AB-,cruzjohn@example.net,868-278-5185
P2511,Wendy,Burton,1983-12-29,F,O-,zcook@example.net,+1-426-972-8007
P2512,Brooke,Smith,1982-05-08,F,A+,nunezsherry@example.com,223.573.5640x78
P2513,Brandon,Ross,1968-02-15,Other,A-,dakota45@example.com,+1-883-867-1467
P2514,Alison,Cummings,1968-07-23,Other,O-,oneillmatthew@example.com,716-845-6059
P2515,Jared,Torres,2003-05-12,Other,AB-,gordonsabrina@example.net,539.520.0258x56
P2516,Randy,Warner,1970-12-12,M,O+,andrewgonzalez@example.com,287.319.2615x48
P2517,Charles,Ortega,1945-11-10,M,O+,stephanie45@example.com,5059490809
P2518,James,Ellis,1973-09-28,M,O-,ytaylor@example.org,(630)534-3830x0
P2519,Emily,Gilbert,1980-11-24,F,AB-,valerievasquez@example.net,917-599-6546x62
P2520,Heather,Boyd,1994-01-14,F,AB-,dustinmoore@example.com,+1-860-902-2302
P2521,Shannon,Charles,2005-05-09,Other,B+,michaelhopkins@example.net,001-304-818-280
P2522,Richard,Williams,1975-05-03,Other,O-,hornjeff@example.org,388.744.7909x86
P2523,Brenda,Myers,1959-04-30,F,A+,kevin20@example.org,(348)524-8863
P2524,Sean,Young,1941-05-11,M,A-,bob11@example.net,5268691419
P2525,Adam,Miller,1955-01-01,Other,O-,marksashley@example.net,619-992-5692
P2526,Jason,Arnold,1992-06-23,M,A-,bryan03@example.com,341-631-8118
P2527,Adam,Lucero,2003-01-12,M,O-,ericfields@example.com,001-204-647-085
P2528,Rebecca,Roman,2001-08-26,F,A+,qgarcia@example.net,983.410.3145x64
P2529,Theresa,Hernandez,1959-09-15,F,B-,ygreene@example.org,940.233.7449x99
P2530,Cassandra,Hall,1980-03-02,Other,B+,phillipbooker@example.net,712-564-1060x32
P2531,Shelby,Warner,1976-05-18,Other,AB+,tracy63@example.org,+1-801-208-9654
P2532,James,Roberts,1940-03-27,M,AB+,hroberts@example.com,394.986.9894x84
P2533,Adam,Banks,1965-05-03,M,AB-,johnsonbrian@example.com,501.277.3759x49
P2534,Jill,Garcia,2003-10-04,F,A-,ramosaudrey@example.com,6043902144
P2535,Theresa,Patrick,1960-02-23,F,B+,owest@example.org,384.996.5523
P2536,Ricardo,Johnson,1951-03-01,M,O+,michaelmeadows@example.org,999-592-6653x61
P2537,Dale,Gibson,2005-12-11,Other,AB+,kathryn24@example.net,923.385.8653x92
P2538,Jose,Miller,2003-04-22,Other,B-,joshuagonzalez@example.org,001-779-967-060
P2539,Lisa,Wilson,1988-02-06,F,A-,btaylor@example.com,001-998-293-546
P2540,Craig,Phillips,2007-02-01,Other,A-,michael03@example.net,001-734-427-186
P2541,Larry,Phelps,1939-10-01,M,B-,howellglenn@example.org,8013101561
P2542,Sarah,Stevens,1976-10-07,F,A-,tammy98@example.org,(613)800-8823
P2543,Ronnie,Weber,1991-07-15,M,B-,mwoods@example.net,510.844.8177
P2544,Melissa,Mcmillan,2006-07-09,Other,O-,ijones@example.org,888-622-0631
P2545,Bryan,Cruz,1982-05-01,M,A+,mariamoore@example.com,816-993-6835x99
P2546,Ryan,Smith,1953-07-20,Other,AB-,kimberlyestrada@example.net,001-332-452-826
P2547,James,Morrison,1969-05-30,M,O+,cassidy99@example.com,(625)529-6444
P2548,Laurie,Burgess,1967-01-31,Other,B+,hhunter@example.org,933-306-4098x05
P2549,Sarah,Stewart,1961-02-18,F,A-,wiserenee@example.net,(378)479-0259
P2550,Alan,Blair,2005-06-07,M,O+,taylorwilson@example.org,001-466-703-235
P2551,Gregory,Harvey,1977-03-14,M,A-,omcdonald@example.net,693.995.7955x19
P2552,Derrick,Miller,1940-06-13,M,AB-,vanessarichmond@example.com,3383625676
P2553,Caitlin,Vaughan,1957-01-15,F,AB+,jamiejohnson@example.org,+1-405-663-0829
P2554,Zachary,Hansen,1973-01-27,M,O+,suzanneroberson@example.org,507-888-3127
P2555,William,Farmer,1956-12-18,M,B+,edward07@example.org,9196708428
P2556,Ronald,Jones,1985-07-12,M,A+,tracywolfe@example.org,+1-365-212-9555
P2557,William,Montgomery,1986-01-08,Other,B+,jennifer26@example.org,500.736.0722
P2558,Amanda,Reese,1974-05-13,F,AB-,thorntonjames@example.com,+1-324-837-5391
P2559,Jenna,Walker,1966-07-23,Other,B-,jsalazar@example.com,001-340-833-045
P2560,Peter,Carpenter,1936-01-24,Other,B+,kelly58@example.org,451-276-4296
P2561,Laurie,Phillips,1944-06-09,F,O-,stewartandrew@example.net,(499)261-3152x5
P2562,Frederick,Monroe,1949-11-05,M,A-,owong@example.com,554.704.7625
P2563,Anthony,Rodriguez,1944-03-15,M,B+,kimberly55@example.net,+1-662-277-8882
P2564,Wayne,Smith,2002-01-26,M,O+,leah88@example.org,001-797-718-614
P2565,Tina,Tate,1983-12-27,F,O+,caitlyn20@example.com,001-959-567-577
P2566,Alicia,Torres,1959-12-10,F,B+,cmata@example.com,411-460-8958x97
P2567,Brian,Harris,1963-05-31,M,AB+,gbrown@example.org,976-612-8989x93
P2568,Peter,Rodriguez,1944-04-12,Other,A-,jessicaarmstrong@example.net,799.427.1560x33
P2569,Jose,Gross,2006-01-25,M,AB+,ghunt@example.net,001-643-697-630
P2570,Kimberly,Edwards,1985-09-06,Other,A+,molly44@example.org,6765926265
P2571,Kenneth,Hayes,1961-08-22,Other,AB+,norrisanthony@example.net,835-798-3985x90
P2572,Jonathan,Edwards,1972-10-15,M,B-,sandracrawford@example.com,+1-381-967-8434
P2573,Steven,Hughes,2000-01-02,Other,O+,lesliejohnson@example.net,5785836922
P2574,Michelle,Mason,1956-05-17,F,A+,rebeccaortiz@example.net,+1-552-485-0231
P2575,Jimmy,Edwards,1984-09-24,M,O-,lisa49@example.com,(949)903-2234
P2576,Angela,Coleman,1980-06-15,F,A-,richardsjennifer@example.com,(557)802-0061x7
P2577,William,Baker,2003-11-20,M,O-,anne76@example.org,001-921-889-391
P2578,Dale,Moore,1999-03-19,Other,A-,dianachen@example.com,(744)268-5304x5
P2579,David,Russell,1987-04-08,Other,A+,fsmith@example.com,001-889-243-327
P2580,Alyssa,Thompson,1989-11-27,F,AB-,richardbennett@example.net,(969)702-2209
P2581,Travis,Rhodes,1964-12-24,M,O+,cmejia@example.com,+1-670-215-1200
P2582,Stephen,Greene,2001-01-06,Other,O+,reyesjessica@example.net,+1-233-739-1929
P2583,Courtney,Castillo,1947-05-27,F,B+,dwilliams@example.net,(228)737-7427
P2584,Donna,Castro,1971-08-05,F,A-,jmccormick@example.org,8632228012
P2585,Steven,Green,1987-02-14,M,A-,wesley52@example.net,776-409-6064x72
P2586,Isaiah,Robinson,1975-11-29,M,AB+,taylor88@example.com,9702946577
P2587,Xavier,Miller,2001-10-22,M,A+,jashley@example.net,326-980-9282x61
P2588,Alexander,Peterson,1998-12-12,M,O+,brewershelly@example.org,366-488-0316x64
P2589,Steven,Mills,2001-04-10,Other,AB+,kathleenbarajas@example.org,+1-353-654-1601
P2590,Angela,Boyd,1935-12-14,Other,O+,ruizheather@example.net,+1-667-515-2077
P2591,Courtney,Proctor,1978-01-06,F,O+,charper@example.net,(246)210-5110
P2592,Michael,Williams,1943-07-01,M,B+,anthony20@example.com,4252497239
P2593,Angela,Fritz,1948-04-26,F,A-,ndiaz@example.net,747.453.9659x74
P2594,Janet,Gregory,1980-09-07,F,A-,elizabeth20@example.com,764-315-3740
P2595,Rachel,Cowan,1953-02-24,Other,B-,mirandaclarke@example.com,001-399-976-816
P2596,Eric,Sandoval,1994-02-23,M,AB-,christina68@example.net,744-899-0803
P2597,Carolyn,Navarro,1984-12-10,F,A-,vscott@example.org,001-599-786-324
P2598,Brianna,Alexander,1978-11-27,F,O+,valenzuelachristopher@example.org,001-585-418-466
P2599,Charles,Kelly,1977-11-11,Other,B-,porterjason@example.net,934.480.0226x42
P2600,Adam,York,1957-05-25,M,B-,lynnholmes@example.com,+1-619-921-4749
P2601,Eric,Smith,1948-06-27,M,O+,selenamullen@example.com,001-284-672-146
P2602,Gregory,Thomas,1996-07-02,M,O-,rodneylin@example.com,+1-688-797-9887
P2603,William,Stephenson,1991-02-14,Other,A+,youngadam@example.net,(993)760-5962
P2604,Mary,Brown,1986-09-23,F,B+,johnhuang@example.net,+1-701-824-8447
P2605,Bryan,Eaton,2007-05-19,M,A+,zspencer@example.org,001-723-507-065
P2606,Curtis,Johnson,1987-05-01,Other,B+,treid@example.org,403.672.7186
P2607,Kenneth,Brennan,1961-06-16,Other,A+,michellemarsh@example.org,(913)280-7828
P2608,Terrance,Butler,1959-01-13,M,O-,michael85@example.net,(463)756-5418x0
P2609,Brenda,Hurley,2002-07-16,F,AB+,creynolds@example.com,+1-646-999-8428
P2610,Stephen,Murphy,1938-12-30,M,AB-,santiagomary@example.org,+1-888-671-2320
P2611,Cameron,Ramos,1999-06-17,M,AB+,igardner@example.com,+1-552-472-8760
P2612,Adam,Mcknight,1971-01-07,Other,A-,mariahkim@example.org,001-806-428-334
P2613,Corey,Santos,1998-06-11,M,AB-,tporter@example.org,5452358597
P2614,Teresa,Parsons,1951-11-09,F,AB+,georgecooper@example.com,6428402555
P2615,Adriana,Barber,1986-11-17,Other,A-,tinaflynn@example.com,+1-604-811-6788
P2616,Sheila,Stevens,1974-04-09,F,A-,norman04@example.com,746.773.3229x12
P2617,Kimberly,Hardin,1967-09-14,F,O-,hopkinsrodney@example.org,694.259.9426
P2618,Tracy,Johnson,1976-04-11,Other,AB-,jamie12@example.net,9333980138
P2619,Sean,Bennett,1975-06-27,M,O-,michaeldunn@example.org,881-908-0153x37
P2620,Andrew,Fields,1968-08-03,Other,B+,williammurray@example.com,(759)769-5794x5
P2621,Vanessa,Johnson,1960-10-05,F,B+,haleyhughes@example.net,001-717-414-854
P2622,Melissa,Anderson,1998-01-14,F,A-,douglas07@example.net,001-988-621-651
P2623,Jennifer,Flores,1940-02-18,Other,A-,billyroman@example.org,769.547.3088x24
P2624,Christopher,Pineda,1993-02-10,M,A+,natalie40@example.net,001-329-236-340
P2625,Isaiah,Rivas,1947-10-12,M,A+,larmstrong@example.net,4047794123
P2626,Eric,Smith,1976-03-03,M,A+,blevinskimberly@example.org,934-885-7133x99
P2627,Kimberly,Miller,1971-10-13,F,AB-,lori11@example.org,3296138130
P2628,Leslie,Torres,1938-04-05,F,B+,hawkinsdeanna@example.net,396-264-5231
P2629,Jose,Jones,1951-08-03,M,A+,philip83@example.org,523.366.7041x71
P2630,Christine,Barron,1993-08-27,Other,O+,uroberts@example.org,733-820-3449
P2631,Alexis,Snyder,1954-06-12,M,AB-,wcarrillo@example.org,001-377-852-572
P2632,Alexander,Gonzalez,1972-01-25,M,O+,davisteresa@example.net,001-905-270-399
P2633,Alexander,Wheeler,1956-04-04,Other,AB-,msanders@example.org,001-223-937-007
P2634,Sharon,Jones,1983-08-21,F,A-,lgonzalez@example.org,430-565-8744x88
P2635,Taylor,Greene,1936-02-17,Other,AB-,hlopez@example.com,+1-525-385-4551
P2636,Steven,Blevins,1992-10-25,M,A+,samanthastone@example.org,001-536-278-838
P2637,Andrew,Neal,1965-10-08,M,B-,tdiaz@example.com,(548)367-4163x7
P2638,Stephen,Reed,1948-01-24,Other,A+,ccastillo@example.org,958-440-8114x41
P2639,Kimberly,Mann,1987-09-06,F,A-,esnow@example.com,+1-361-314-6036
P2640,Kelli,Jackson,1990-05-24,F,AB+,pattonmatthew@example.net,+1-946-954-2683
P2641,Ann,Adams,1937-09-28,F,AB-,natalie45@example.com,495-966-0030x11
P2642,Reginald,Huber,2006-06-19,M,O-,emarsh@example.com,+1-221-573-6838
P2643,David,Norman,1979-11-19,M,AB-,russellsamantha@example.com,6816136403
P2644,Justin,Lopez,1990-03-05,M,AB+,chess@example.org,001-762-679-595
P2645,Justin,Curry,1966-12-23,Other,AB+,kelly17@example.net,001-356-927-528
P2646,Jamie,Torres,1978-02-02,Other,B-,heidi59@example.org,651.963.8326
P2647,Michelle,Mcdaniel,1985-08-25,F,AB-,brownsean@example.com,+1-512-294-5761
P2648,Melissa,Sawyer,1992-07-23,Other,O-,anita14@example.org,+1-835-952-8337
P2649,Kenneth,Peters,1983-11-25,M,B-,hullrobert@example.com,(247)671-1588x2
P2650,Benjamin,Griffith,1935-11-25,M,A+,wilsonrobert@example.org,764-646-1198x30
P2651,Carrie,Saunders,1999-06-30,F,A+,ulewis@example.net,385.423.7748x77
P2652,Gilbert,Thompson,2003-09-30,M,AB-,christophersantos@example.net,8828267990
P2653,Robert,Smith,1975-04-04,Other,A+,renee38@example.org,001-357-216-468
P2654,Sandra,Lopez,2008-03-29,F,A+,wsmith@example.net,001-807-803-780
P2655,Karen,Crosby,1952-02-28,Other,O+,jimenezmary@example.net,8989348492
P2656,Jennifer,Fernandez,1998-11-30,Other,AB+,christinabailey@example.com,445-365-7267x65
P2657,Jeremy,Willis,1972-02-19,M,B-,adam03@example.com,622-702-6269x30
P2658,George,House,2005-04-13,Other,B-,johncarr@example.net,001-607-940-635
P2659,Jennifer,Mendoza,1944-09-01,F,O-,jean37@example.net,001-590-505-366
P2660,Chad,Hamilton,1951-08-07,M,B+,david85@example.net,(328)237-2372x2
P2661,Jesse,Perez,1970-03-05,Other,AB+,smithheather@example.com,(534)503-7043
P2662,Stephen,Gonzalez,1944-10-14,M,A+,amandarichardson@example.net,001-712-357-804
P2663,John,Fisher,1983-11-03,M,O+,englishdenise@example.com,455-844-2157x83
P2664,Keith,Morris,1987-10-28,Other,AB-,mgonzalez@example.com,985.993.4288x39
P2665,Susan,Rhodes,1973-07-22,F,A-,ericamiller@example.com,7327198596
P2666,Kimberly,Becker,1988-11-09,Other,A-,martinfoster@example.com,001-886-506-734
P2667,Douglas,Silva,1988-08-12,Other,B+,zamoraaaron@example.net,924-627-6221x55
P2668,Jamie,Rhodes,1966-01-07,Other,O+,christina94@example.org,789.555.4656
P2669,Benjamin,Brown,1971-07-26,M,A+,brownjoanna@example.org,8279366325
P2670,Christine,Bush,1949-04-27,F,B+,justinwagner@example.com,001-339-216-601
P2671,Larry,Turner,1973-09-01,M,AB+,ucortez@example.org,001-773-726-447
P2672,Lorraine,Ramirez,1971-02-09,F,AB-,ynorton@example.net,+1-909-537-1645
P2673,Michelle,Barnes,2005-12-06,F,AB-,jonathan73@example.net,287.780.5289
P2674,Jasmine,Cooper,2007-10-31,F,O-,scottlindsey@example.com,001-777-219-888
P2675,Lisa,Powell,1959-01-12,F,B-,wesleyfoster@example.net,502-630-8996x46
P2676,Raymond,Hall,1954-01-31,M,B-,llarson@example.org,(215)260-3871
P2677,Daniel,Parrish,1966-05-20,M,A-,patrick04@example.net,3373647476
P2678,Jeffery,Lopez,1944-03-15,M,A-,bradley39@example.net,(555)586-8190x0
P2679,Daniel,Anderson,1975-06-14,M,O-,osmith@example.net,450-602-9573x80
P2680,Rita,Chase,1942-08-30,F,AB-,pruittangelica@example.com,001-719-349-991
P2681,Laura,Powers,1989-10-01,F,A-,martharay@example.net,418.567.1708x04
P2682,Jasmine,Potter,2004-12-08,Other,AB-,andre19@example.com,729-433-2134
P2683,Vernon,Williams,1999-05-17,M,O-,blake03@example.com,+1-817-875-8856
P2684,Ashley,Vaughn,2001-03-07,F,O-,rebeccamccormick@example.net,(703)906-9516
P2685,Megan,Jackson,1944-05-10,F,A-,pwilliams@example.org,+1-211-423-9933
P2686,Frederick,Silva,1990-03-06,M,B+,icarpenter@example.org,(823)314-5968x8
P2687,Ashley,Sullivan,1975-09-22,Other,AB+,michael52@example.org,620-336-0816
P2688,Shelly,Wu,1991-11-13,Other,A+,jonathan60@example.net,001-719-671-408
P2689,Douglas,Hutchinson,1937-12-05,M,AB-,rsmith@example.net,780-262-7456x69
P2690,John,Thomas,2007-07-01,M,A-,torreselizabeth@example.net,5496577625
P2691,Shawn,Mullins,1979-11-26,Other,B-,james16@example.com,828.461.7468x59
P2692,Lisa,Griffin,1964-01-30,F,O+,blakepaul@example.net,+1-666-803-4982
P2693,Nancy,Wheeler,1981-11-02,Other,A+,cwebb@example.org,(556)327-7402x1
P2694,Jennifer,Hernandez,1946-07-21,Other,AB+,susanpeterson@example.com,001-460-308-589
P2695,Heidi,Sweeney,1960-07-13,F,B+,alanward@example.net,853.213.1845
P2696,Gary,Yu,1981-04-12,M,O+,elizabeth32@example.org,001-610-291-294
P2697,Rhonda,Medina,1993-06-04,F,B-,josephmeadows@example.org,+1-577-398-2402
P2698,Daniel,Dean,1977-01-21,M,O-,shawdenise@example.org,+1-796-924-2657
P2699,Jesse,Campbell,2004-09-04,M,B+,michelle63@example.net,788-582-3725x44
P2700,Gabriel,Jones,1969-10-06,M,A+,angelarivera@example.org,955-838-8287x20
P2701,John,James,1963-05-30,M,B-,patelamber@example.com,758-571-2075x31
P2702,Brian,Waters,1987-07-15,M,B-,qanderson@example.net,2748144301
P2703,Angela,Weeks,1961-09-13,F,AB-,wvelazquez@example.net,544.533.1997x11
P2704,Lori,Eaton,1993-02-03,Other,A-,bmartin@example.net,901.700.3434x49
P2705,Joanne,Daniels,1961-09-25,Other,AB+,usims@example.net,681.578.6021x59
P2706,Jesus,Levine,1951-10-13,M,A+,travisroberts@example.org,631.222.2395
P2707,Timothy,Gonzales,1956-11-28,M,B-,ginahooper@example.net,001-283-568-747
P2708,Richard,Jenkins,2008-08-10,Other,O-,richard07@example.com,001-822-482-128
P2709,John,Tyler,1991-06-02,M,A-,ronalderickson@example.org,+1-833-804-5969
P2710,Amanda,Nelson,1961-06-21,F,A-,codyharris@example.net,735-384-9811x84
P2711,Christian,Green,1944-05-22,M,O-,dcurry@example.net,+1-717-704-8364
P2712,Oscar,Wilkins,1994-08-17,M,B+,ashley42@example.org,+1-937-493-1363
P2713,Tracy,Murray,1973-09-08,Other,O+,kfreeman@example.org,(786)513-4174x9
P2714,Kim,Forbes,1937-06-19,Other,O+,harold72@example.org,299.307.6150
P2715,Angela,Walker,1943-07-05,F,A+,alicia04@example.com,(236)347-9214
P2716,April,Barber,2005-02-27,F,O+,mcbridepatrick@example.com,890.949.9157x38
P2717,Louis,Armstrong,1969-06-18,M,AB-,paulwhite@example.org,001-661-502-372
P2718,Michael,Brown,1972-11-25,M,B+,cbradley@example.org,959-271-5579x32
P2719,Bailey,Maldonado,1958-04-03,F,AB+,basssteven@example.com,826.309.6856
P2720,Amanda,Avila,1960-10-16,F,B+,wgonzalez@example.net,(579)443-3644x7
P2721,John,Franco,1983-10-10,M,B-,brooke45@example.net,666.994.9471x55
P2722,Rebecca,Boyer,1983-01-15,Other,AB+,jonhampton@example.org,672.790.8489x65
P2723,Sherry,Young,1994-07-01,F,O+,joshua07@example.net,5534833856
P2724,Jennifer,Martinez,1965-06-20,Other,O-,vturner@example.net,3407737304
P2725,Aaron,Hobbs,1951-09-12,M,A-,mary51@example.org,001-826-958-387
P2726,Diana,Simmons,1986-03-30,F,O+,vshields@example.org,332.773.9974
P2727,Kristopher,Patton,1987-06-28,M,O+,lisa10@example.org,7273607819
P2728,James,Davila,1954-11-26,M,B-,oalvarez@example.com,583.730.6144
P2729,Sergio,Rios,1955-06-07,Other,A+,nrice@example.com,9527602706
P2730,Jessica,Ruiz,1970-11-09,F,AB-,pughcarol@example.org,001-661-339-123
P2731,Melissa,Church,2002-02-15,F,O-,tyronemcconnell@example.com,7583079106
P2732,Stacey,Cardenas,1955-04-08,F,AB-,djohnson@example.net,584.678.4830
P2733,Kelly,Mack,1969-07-05,F,AB+,vspears@example.net,304-949-2728x09
P2734,Julian,Fuentes,1953-08-16,M,A+,qlara@example.org,001-716-578-598
P2735,Allison,Forbes,2006-09-08,F,B-,murraypaige@example.com,4525699015
P2736,Roy,Banks,2001-05-17,M,AB+,ojames@example.org,+1-323-756-5403
P2737,Donald,Norton,1940-02-21,M,O-,feliciaclark@example.org,2122953185
P2738,Kelly,Gonzalez,1984-03-30,Other,AB-,hollychang@example.net,(682)904-8109x3
P2739,Jeff,Black,1968-02-15,Other,B-,ngreene@example.net,524.455.3815x18
P2740,Jeffrey,Hill,1945-05-08,M,A-,miranda18@example.com,(755)276-8815
P2741,David,Giles,1944-10-18,M,B-,nluna@example.com,348-776-1504x88
P2742,Nancy,Dixon,1945-09-11,F,A+,keith40@example.org,307-269-5559x35
P2743,Jordan,Joseph,1984-03-24,M,O+,vgonzales@example.com,577.974.5925x41
P2744,Brittany,Roberts,1978-08-03,F,B+,timothyharrison@example.org,6708455948
P2745,Joel,Baker,1988-04-14,M,B-,grahamdavid@example.net,001-556-771-255
P2746,Rachel,Conrad,1992-06-09,Other,AB-,ngriffin@example.net,8647122727
P2747,James,Brown,1956-05-30,Other,AB-,stacy34@example.org,700.754.5583x45
P2748,Sandra,Solis,2005-09-13,Other,A+,qgay@example.org,757.266.8089
P2749,Kevin,Lara,1978-02-17,Other,AB-,shawkatherine@example.org,931-571-5578x52
P2750,Jeffrey,Hawkins,2000-07-07,Other,B+,monicabarnett@example.com,2897888501
P2751,Nathan,Farmer,1950-02-15,Other,B-,davismike@example.org,(502)564-0093
P2752,Teresa,Hamilton,1972-03-26,F,AB+,lopezaaron@example.net,588.678.2188
P2753,Drew,Crosby,1973-09-10,M,O-,bmejia@example.com,442.608.3481
P2754,Cody,Cannon,1967-07-03,M,A-,uramirez@example.com,940-747-8327x96
P2755,Joseph,Vega,1975-11-17,M,B-,tsummers@example.com,+1-592-746-8714
P2756,John,Patrick,1959-11-11,Other,B-,ppowell@example.org,894.602.6908
P2757,Ralph,Lawrence,1964-04-03,M,O-,benjamindavid@example.net,(929)423-2468
P2758,Cody,Williams,1969-11-23,M,AB-,toddgrant@example.com,7619386748
P2759,Walter,Williams,1955-02-18,Other,B-,mark65@example.net,001-876-957-868
P2760,Matthew,Green,1954-05-26,M,AB-,jason63@example.org,205.261.4653x44
P2761,Kelly,Miller,1985-10-03,Other,B+,dramos@example.net,752-203-5191
P2762,Regina,Ortiz,1981-07-19,F,A+,jeffreykoch@example.net,408-914-3229x87
P2763,Michael,Holt,1939-03-24,M,B+,david38@example.org,7604891700
P2764,David,Miller,1955-04-06,Other,B+,pmccullough@example.com,001-265-499-052
P2765,Gregory,Oliver,1942-09-26,M,AB-,phamjason@example.net,204.807.7513
P2766,Billy,Larson,1946-12-06,M,AB-,danielpierce@example.com,453-971-4732x04
P2767,Julian,Marsh,1948-11-11,Other,O+,zjenkins@example.org,(233)861-6558
P2768,Kathryn,King,1959-07-16,Other,A-,edward72@example.org,+1-936-270-2751
P2769,Jessica,Smith,1969-07-03,F,AB+,bartonteresa@example.org,001-581-567-932
P2770,Alice,Grimes,1955-08-27,F,B+,jessica51@example.com,470-879-4321x83
P2771,Michael,Gutierrez,1974-04-27,M,O+,courtney51@example.net,2207411548
P2772,Corey,Lawson,1949-08-24,Other,O-,uhampton@example.org,563.930.5754
P2773,Jackie,Brown,1977-12-02,Other,AB-,david43@example.com,402.517.0470x12
P2774,Scott,Knapp,1981-07-25,M,AB-,pdavis@example.net,(368)917-6975x0
P2775,Trevor,Young,1986-01-29,M,B+,anthonymiles@example.org,+1-855-691-6983
P2776,Maria,Johnson,1979-09-16,F,AB+,jennifer06@example.com,001-745-225-935
P2777,Barbara,Myers,1999-03-20,Other,AB+,pmedina@example.com,(822)271-9260x2
P2778,Patrick,Johnson,1980-01-07,M,B+,ryansmith@example.net,294-590-8170
P2779,Virginia,Porter,1965-05-28,Other,A+,alisoncooper@example.net,+1-487-377-7014
P2780,Daniel,Rogers,1983-01-07,Other,O+,btorres@example.com,735.395.6919x22
P2781,Tasha,Richardson,1953-04-13,Other,A+,urobles@example.net,+1-992-550-0751
P2782,Jack,Martinez,1945-04-17,M,AB-,burnstyler@example.net,547.579.3599x58
P2783,Nathan,Munoz,1978-11-03,Other,B-,thompsonduane@example.org,493-806-4691
P2784,Lisa,Rodriguez,1942-04-02,Other,A-,khayden@example.org,553.203.1387
P2785,Erica,Long,1945-06-06,F,B+,pbrooks@example.com,326-420-2948x74
P2786,Kristin,Powell,1998-02-17,F,A-,kellyrichardson@example.com,992.822.9317
P2787,George,Cantu,1993-08-28,M,AB-,gina75@example.net,+1-405-657-7791
P2788,Christine,Davidson,1950-10-26,F,B+,wesleydominguez@example.org,001-257-550-927
P2789,Oscar,Miles,1962-12-28,Other,A-,victoria29@example.com,739.716.8670
P2790,Allen,Armstrong,1955-08-17,Other,AB-,joseph10@example.net,504-727-9749
P2791,Diana,Richards,1944-02-16,F,A+,rodriguezalicia@example.org,589.669.9132x93
P2792,Rebecca,Barron,1941-05-31,F,B-,nguyenvictor@example.org,775-660-1642x62
P2793,Jason,Martin,2002-05-01,M,A-,rivasmatthew@example.com,(592)623-9407x1
P2794,Janice,Gentry,2002-10-16,F,AB+,marissa47@example.net,9067039810
P2795,Brian,Lee,1945-06-29,M,A+,cynthia12@example.org,(224)717-5616
P2796,Jeffrey,Beck,1942-01-08,M,O+,joseph33@example.net,366.750.2859
P2797,Summer,Horton,1999-12-09,F,O+,gonzalescheyenne@example.net,(378)329-0524x9
P2798,Marvin,Garcia,1956-06-02,M,O+,william41@example.com,3136856993
P2799,Sarah,Gutierrez,1946-12-24,F,O+,poolelori@example.org,674-802-0984
P2800,Lisa,Gordon,2005-11-09,F,O+,npowell@example.com,+1-818-927-2913
P2801,Stephen,Murphy,1980-01-15,M,O-,gentrylarry@example.com,001-291-753-218
P2802,Nicole,Robinson,1961-12-24,Other,B-,paigeyoung@example.org,+1-940-322-4626
P2803,Mark,Duarte,1947-04-17,M,O-,lawrencepineda@example.com,(238)667-0776
P2804,Raymond,Montgomery,1989-03-03,M,A+,bbowman@example.net,(674)208-7721x0
P2805,Alicia,Wall,1986-10-11,F,A+,melissa09@example.net,524.472.5426x54
P2806,Karina,Anthony,1990-09-06,F,AB+,beverlyflores@example.org,581.482.8936
P2807,Richard,Stevens,1983-04-08,M,A-,mendozatonya@example.org,523-357-3189x95
P2808,Samantha,Swanson,1985-07-07,F,B+,emilycurtis@example.com,947.705.0707
P2809,Abigail,Hansen,2002-10-29,F,B+,ashley99@example.net,(735)776-8662x1
P2810,Charles,Harrington,1954-07-12,Other,A-,jodi42@example.org,(695)351-3305x9
P2811,Bonnie,Clark,1986-01-12,Other,A-,mccalljane@example.org,5968745136
P2812,Nicole,Gross,1936-06-19,F,O-,jessica41@example.com,972.223.4267
P2813,Victoria,Gonzalez,2005-07-12,Other,A+,jaypetersen@example.org,(781)671-8993
P2814,Megan,Harmon,1997-12-02,F,B+,natalie11@example.org,559.363.7311x49
P2815,Rachael,Davies,1972-07-14,Other,O+,terribrown@example.com,001-659-740-038
P2816,Mike,Byrd,2002-09-29,M,A+,carloshernandez@example.org,001-840-981-702
P2817,Joseph,May,1981-11-29,M,AB-,katherinecampbell@example.net,001-970-632-043
P2818,Daniel,Harris,1958-01-18,M,B-,williamsmichael@example.org,3465010413
P2819,Gabrielle,Cook,1990-02-24,F,AB+,dean72@example.net,+1-923-995-6721
P2820,Travis,Alvarez,1967-09-21,Other,AB+,michelle38@example.com,412.239.8189x39
P2821,Diamond,Woods,1938-08-02,F,B-,daryl45@example.com,001-886-681-734
P2822,Nicholas,Williams,1981-06-23,M,A+,baileytodd@example.com,659.539.1853x62
P2823,Pamela,Silva,1968-06-17,F,O-,johnathan63@example.net,267-702-0715x37
P2824,Ian,Banks,1988-03-28,M,A+,emilyadams@example.org,389.267.7888x92
P2825,Natalie,Gibson,1945-12-16,F,A+,frostandrew@example.net,671-312-4617x57
P2826,Terri,Johnson,1986-06-02,F,A-,andrea67@example.org,864.942.6244x70
P2827,Angela,Trujillo,2007-04-08,F,O-,aowens@example.org,925.570.4430
P2828,Chad,Larsen,1983-11-21,M,A-,qsandoval@example.net,+1-403-604-3817
P2829,Jared,Berry,1956-06-15,M,B-,campbellalison@example.org,+1-730-318-6432
P2830,Jordan,Martinez,1969-08-08,M,AB+,merrittthomas@example.org,943.674.3256
P2831,Allen,Hess,2006-05-19,M,O-,jason25@example.org,+1-223-811-5411
P2832,Adam,Garcia,1989-07-21,M,AB+,brianjohnson@example.org,(514)642-6735
P2833,Mckenzie,Stewart,1966-09-25,F,O-,walldaniel@example.net,999-794-4261x84
P2834,Kimberly,Moore,1974-06-10,F,AB+,brian14@example.net,001-740-523-235
P2835,Roger,Dixon,1986-05-22,M,O+,nancy28@example.net,9505750781
P2836,Isaac,Kramer,1995-10-16,M,AB-,michaelramirez@example.net,677.874.4496x49
P2837,Diane,Brown,1967-06-28,F,AB-,gcarroll@example.org,(748)662-7553x7
P2838,Matthew,James,1978-04-19,M,O-,davidblackwell@example.com,2723545396
P2839,Perry,Brown,1996-08-16,M,AB+,donaldchen@example.com,307.892.6251x74
P2840,Patricia,Robinson,1962-11-20,F,O-,karagood@example.net,539-888-4427x89
P2841,Ann,Rosales,1978-12-07,F,B-,ashley45@example.com,+1-659-457-8127
P2842,Jessica,Rodriguez,1952-06-08,F,A+,sarahramirez@example.org,(939)836-2761
P2843,Thomas,Nelson,1937-12-20,M,A-,tiffany46@example.com,+1-451-412-8638
P2844,Joseph,Morrison,1938-07-07,M,AB-,erin59@example.com,(582)576-7742
P2845,Lucas,Baker,2002-03-25,Other,O+,loricooley@example.com,327.783.9692
P2846,David,Smith,1963-06-12,Other,B-,kalexander@example.org,734-986-9653x71
P2847,John,Montes,1961-09-29,Other,A+,castroanita@example.org,+1-573-509-5079
P2848,Julie,Horn,2001-10-14,F,O+,haascheryl@example.org,414-885-0275x90
P2849,Amy,Smith,1980-02-06,Other,O-,bhernandez@example.net,+1-871-221-8945
P2850,David,Clark,1995-02-03,Other,B-,hshah@example.com,(879)203-2308x8
P2851,Stacey,Campbell,1940-08-23,F,AB+,alexander41@example.org,9077886758
P2852,Glen,Weaver,2005-01-24,M,O+,matthewsbailey@example.org,450-949-7236x69
P2853,Gregory,Patterson,1960-07-04,Other,A+,robertshannah@example.org,538-645-0462x17
P2854,Cassandra,Harris,1977-08-26,Other,B+,daniel67@example.com,7789869858
P2855,Devin,Jones,1990-08-10,M,O-,fosterlisa@example.com,726.541.8793x97
P2856,Jesse,Williams,2006-05-06,M,B+,bailey16@example.net,259-682-4378x04
P2857,Andrew,Fuller,1950-06-01,M,B-,carlos87@example.com,(392)469-2032x7
P2858,Jackson,Vance,2008-01-15,M,A+,moorejohn@example.org,+1-557-489-5915
P2859,Michele,White,1992-05-15,F,A-,lsmith@example.net,001-305-578-369
P2860,Lydia,Sullivan,1983-07-06,Other,O+,briannamorris@example.net,+1-849-297-7070
P2861,Alexander,Nelson,1963-04-19,M,B+,kristin37@example.org,9493174436
P2862,Donna,Walsh,1997-08-17,Other,AB+,sallen@example.com,(321)457-7405x4
P2863,Donna,Ryan,1972-03-18,F,A-,hilltracy@example.com,814.519.8872
P2864,Michael,Parks,1948-04-22,M,O+,derekreeves@example.net,001-382-515-900
P2865,Michelle,Taylor,1986-07-25,Other,O+,jennifer84@example.com,(577)315-4176x6
P2866,Patricia,Morales,1995-07-11,Other,AB-,mitchell67@example.net,765.476.6647x60
P2867,Alejandra,Lambert,2003-07-09,F,O-,brendacollins@example.com,(917)450-4998
P2868,Kevin,Mason,2008-06-19,M,O+,vward@example.com,(420)961-8506
P2869,Richard,Hall,1974-03-01,M,O+,austin67@example.org,366-539-0321x43
P2870,Zachary,Hoover,1953-03-15,M,B+,princedaniel@example.org,440.665.4885x58
P2871,Michael,Hudson,1943-05-15,Other,A-,hillrobert@example.com,957-383-5179x83
P2872,Matthew,Murphy,2006-06-25,M,A-,bsloan@example.org,+1-238-395-8641
P2873,Lindsay,Brady,2008-04-03,F,AB-,banderson@example.net,376-929-3684x26
P2874,Tracy,Ellis,1967-06-11,F,AB+,davisnatalie@example.org,+1-371-490-9520
P2875,Becky,Dalton,1962-06-03,F,O-,armstrongcynthia@example.com,001-862-544-622
P2876,Crystal,Young,1951-03-28,Other,O-,benjamin24@example.org,001-726-725-381
P2877,Tony,Larson,1974-03-24,M,B+,cameron42@example.org,(748)243-5074
P2878,Olivia,Reese,1951-04-03,F,O+,shellyrobertson@example.net,+1-299-970-2440
P2879,John,Caldwell,1948-06-11,M,O+,jacqueline32@example.com,737.965.5476x17
P2880,Travis,Morgan,1958-05-19,M,O+,robertssharon@example.org,(966)215-3939x2
P2881,Sandra,Nixon,1960-12-27,F,B-,clarkjonathan@example.org,+1-639-906-2798
P2882,John,Lewis,2000-04-29,M,O-,guerracarrie@example.net,5377191275
P2883,Emily,Contreras,1942-02-21,F,AB-,laurie11@example.com,+1-622-506-5910
P2884,James,Roberts,1951-02-06,M,AB-,kaitlynelliott@example.com,001-414-922-007
P2885,Jennifer,Mason,1959-01-18,F,AB+,oromero@example.net,285.271.0933x85
P2886,Amanda,Williams,1940-02-17,F,O-,ilewis@example.com,667.975.4658x61
P2887,Destiny,Allen,1955-10-08,Other,A-,olittle@example.org,001-746-356-841
P2888,John,Simpson,1958-08-23,M,B+,rothxavier@example.org,001-276-596-595
P2889,Michele,West,1958-09-24,F,O-,ashleyfoster@example.com,942.710.9222x51
P2890,Sara,Gonzalez,1982-07-23,F,AB+,toddgutierrez@example.com,942-264-3029
P2891,Amy,Walker,1971-04-13,Other,O+,brittanythomas@example.org,+1-335-624-3922
P2892,Ashley,Hurst,1976-05-30,Other,A-,murrayryan@example.net,+1-295-239-0878
P2893,Trevor,Gonzales,1947-02-16,M,O-,reginald66@example.net,283-760-9438x68
P2894,George,White,1993-03-19,M,O+,emartin@example.org,(469)923-2572x7
P2895,Susan,Luna,1955-07-01,Other,O-,jamespowers@example.org,346-266-1051x49
P2896,Tina,Berg,1964-08-25,Other,AB-,vtodd@example.net,001-787-392-449
P2897,Joseph,Simmons,1987-05-20,M,B+,omarsh@example.net,840-588-3318x38
P2898,Derek,Fisher,1940-09-21,M,AB+,deannatyler@example.org,579.339.8012x20
P2899,Walter,Richardson,1938-01-07,Other,O+,johngarcia@example.org,413.336.3140
P2900,Christopher,Williams,1953-08-04,M,A+,cwebb@example.org,(795)890-3177
P2901,Stuart,Terry,1936-10-02,M,B-,vaughndiana@example.net,001-917-365-324
P2902,Jake,Jones,1956-07-13,M,A+,ntorres@example.org,470-287-0272
P2903,Ryan,Brown,1981-04-01,M,A+,callahanamy@example.net,249.212.3216
P2904,Jade,Burke,1987-08-06,F,A+,josephjones@example.org,(452)376-2520
P2905,Connie,Garcia,1969-11-12,F,B-,jessica28@example.net,326.370.1167
P2906,Regina,Benitez,1969-12-08,F,AB-,mdoyle@example.org,(851)953-8642
P2907,Cynthia,Smith,1948-03-29,F,O+,christopher53@example.net,3402531984
P2908,Elizabeth,Johnson,1959-04-14,Other,A-,aaron48@example.com,(684)867-7037
P2909,Shannon,Vasquez,1989-04-28,Other,A+,wendysantos@example.com,940-458-3550x17
P2910,Jesse,Larson,1968-01-25,M,AB-,amycunningham@example.org,001-283-820-511
P2911,Stephanie,Horn,1974-09-29,F,O-,blackwellcandace@example.com,6249065117
P2912,Robert,Ball,1969-05-25,M,O-,wnelson@example.com,001-268-986-312
P2913,Joanna,Munoz,1958-03-24,Other,AB-,amy13@example.net,+1-881-390-1145
P2914,Lauren,Morgan,1955-04-25,F,B+,grojas@example.com,9929176451
P2915,Olivia,Williams,2000-04-22,F,A-,angelaking@example.com,547.482.7725
P2916,Amy,Lowery,1982-03-10,F,A+,amandawarren@example.net,935.287.2729x93
P2917,Carla,Santana,1937-12-10,F,A+,barbaramorales@example.com,498.946.4844
P2918,David,Grant,1959-01-17,M,B-,wflynn@example.org,001-539-718-867
P2919,William,Delacruz,1996-05-16,M,B-,patty62@example.org,466-333-4014
P2920,Nicholas,Norris,1954-05-25,Other,B-,gregory63@example.com,(288)662-3357
P2921,Desiree,Cox,1994-02-04,F,O+,singhnicole@example.com,644.621.1175
P2922,Kelly,Bradley,1970-08-25,Other,A+,garrett18@example.net,001-342-346-381
P2923,Tiffany,Russell,1990-09-05,Other,A+,rachelguerrero@example.com,(799)587-2473
P2924,Marissa,Howell,1974-04-26,F,B+,pbrooks@example.net,753-300-7514
P2925,Laura,Robinson,1956-01-16,Other,B+,samanthahurst@example.org,678-524-5310x81
P2926,Julia,Nichols,1985-06-07,Other,A+,tcase@example.org,001-801-546-066
P2927,Paul,Gentry,1980-01-27,M,AB+,laurenflynn@example.net,290.365.0614x71
P2928,Daniel,Martin,1935-11-30,Other,AB+,christopherwilliams@example.com,001-202-872-898
P2929,Pamela,Baker,1986-12-31,Other,AB+,donald07@example.net,(669)697-8420x0
P2930,Brandy,Myers,1982-08-04,F,O+,meganjackson@example.net,+1-661-959-5285
P2931,Vanessa,Keller,1986-09-02,F,O-,paulahurst@example.net,001-598-829-305
P2932,Jill,Smith,1958-07-09,F,B-,williamsbrenda@example.net,281-450-4390x35
P2933,Kiara,Saunders,1981-12-08,F,AB+,acoleman@example.net,(635)447-6075x1
P2934,Pedro,Alvarado,1963-06-21,Other,O+,robin80@example.org,559-740-8593x56
P2935,Eric,Hill,1953-07-29,Other,A-,lgallagher@example.com,7764557374
P2936,Gary,Jackson,2004-08-08,M,AB-,robert90@example.org,+1-575-822-7929
P2937,Tyler,Gregory,1978-06-11,Other,AB+,thomaslori@example.net,654.407.0084x15
P2938,Jennifer,Singh,1970-01-17,F,A-,jeffrey85@example.org,001-639-476-352
P2939,Miranda,Adkins,1937-05-04,F,A-,dixondonald@example.com,934.561.1897
P2940,Joan,Boyd,1983-04-03,F,AB+,wendy33@example.net,704.619.1716x03
P2941,Juan,Rice,1957-10-01,Other,AB-,bdelgado@example.org,+1-520-893-1378
P2942,Karla,Bray,2003-10-10,F,AB+,yayers@example.com,236.557.6455x45
P2943,John,Estes,1943-11-04,Other,AB+,linda43@example.com,001-411-502-693
P2944,Michael,Lopez,2004-10-28,M,B+,harriserika@example.org,885-250-7026x40
P2945,Paul,Campbell,1943-07-01,Other,B-,franciskenneth@example.net,562.216.4834x27
P2946,Christopher,Campbell,1967-08-21,M,O+,mandy25@example.org,+1-402-635-8937
P2947,Alyssa,Miranda,1979-09-28,Other,AB-,vargaspamela@example.net,001-349-651-659
P2948,Lee,Velasquez,1983-09-13,Other,B+,yesenia64@example.com,(639)400-4152
P2949,Tiffany,Koch,1989-08-01,Other,A+,xsimpson@example.com,670-818-9779x50
P2950,Shannon,Williams,2003-11-20,Other,O-,rodneythomas@example.net,802-280-0417x70
P2951,Megan,Rodriguez,1942-11-20,F,AB+,alexander79@example.net,(716)645-7527
P2952,Maria,Robbins,1987-09-13,F,O+,mistywolf@example.com,985.315.0668x81
P2953,Melissa,Diaz,1966-02-10,F,A+,amiller@example.com,+1-694-809-3636
P2954,Danielle,Peterson,2000-03-07,Other,B-,david61@example.org,739.356.3224
P2955,Kayla,Brooks,1980-01-23,F,B-,watkinschristopher@example.org,+1-869-574-8697
P2956,Christopher,Coleman,1952-02-20,Other,O-,fernando04@example.net,669.422.5916
P2957,Jimmy,Pugh,1945-07-17,Other,AB-,richard01@example.com,(731)591-9863x7
P2958,Lisa,Smith,1993-04-14,Other,AB+,jamesgutierrez@example.com,(373)257-7569x4
P2959,Robert,Hobbs,1996-12-06,M,B+,robinsonjulie@example.com,803.524.8274
P2960,Nicole,Nguyen,1985-08-25,F,A-,kristincombs@example.org,788-820-3806
P2961,Tracy,Stanley,1976-10-16,F,B+,samanthafaulkner@example.org,001-811-828-177
P2962,Phillip,Long,1988-04-25,Other,AB+,timothy81@example.net,526.559.8450
P2963,Tiffany,Henry,1939-05-07,Other,B+,elizabethburke@example.org,675.735.3132
P2964,David,Norris,2005-04-23,Other,AB-,robert19@example.net,703-405-6878x07
P2965,Justin,Dickerson,1957-01-27,Other,A-,masonernest@example.net,+1-983-988-2015
P2966,Jonathan,Adams,1942-04-07,M,AB-,aswanson@example.com,265.428.2261x95
P2967,Justin,Hoffman,1954-12-28,M,AB+,jake45@example.com,366.713.8865x50
P2968,Linda,Cortez,1990-02-14,F,AB-,donaldclark@example.net,+1-859-836-0194
P2969,Ashley,Hampton,1984-10-05,F,AB+,hjohnson@example.com,+1-307-320-2033
P2970,Eric,Chang,1977-12-07,Other,AB+,efoster@example.com,572.803.7344
P2971,Heidi,Webb,1969-05-01,F,A-,rileyheather@example.com,(957)543-9677x0
P2972,Lindsay,Jones,1954-02-03,F,A+,garzajulia@example.com,368-287-3058x86
P2973,Melissa,Rivera,2007-05-14,Other,A-,tammyowen@example.com,(325)647-8009x5
P2974,Jasmin,Collier,1980-03-01,F,B-,amack@example.org,7196007388
P2975,Philip,Hardin,1987-07-08,Other,A-,jessica43@example.com,001-893-990-894
P2976,Carlos,Robinson,1943-09-21,Other,O+,belldavid@example.net,+1-542-751-1190
P2977,Carolyn,Heath,1936-10-19,Other,AB+,gabriel94@example.org,(459)579-9903
P2978,Kristin,Mckinney,1985-05-07,F,A+,bprice@example.org,+1-962-589-5134
P2979,Joseph,Mitchell,1984-08-06,M,B+,andrewgarcia@example.org,(232)993-9702x6
P2980,Bryan,Mahoney,1976-07-29,M,AB-,david31@example.org,486.205.7767x71
P2981,Shelly,Brown,1947-02-22,F,O-,cflores@example.com,2588923036
P2982,Jeffrey,Moreno,1943-11-02,M,AB-,josephharper@example.net,(865)957-1364
P2983,Stacy,Wolfe,1942-09-01,Other,B+,leslie75@example.org,(274)348-8252x6
P2984,Robert,Diaz,1943-05-12,M,O-,fuentesleonard@example.com,733.285.1576x46
P2985,Mary,Potter,1997-07-16,F,B+,walleramy@example.net,001-831-293-465
P2986,Danielle,Garrett,1990-04-02,F,A+,nicholas33@example.net,001-923-249-524
P2987,Gerald,Stewart,2000-01-15,M,O-,jennifer82@example.com,388.803.2427
P2988,Ashley,Fox,1984-10-14,F,B-,jenniferwatts@example.net,(697)947-6237x0
P2989,Justin,Wallace,1999-04-13,M,B+,robertdavis@example.org,492-229-4123
P2990,Sharon,Duran,1998-03-10,F,A-,michaeljennings@example.com,001-518-354-554
P2991,Dean,Smith,2000-10-05,M,O+,richard03@example.org,726.973.5490x47
P2992,Craig,Clayton,1972-07-10,Other,O+,fpena@example.org,(750)886-2868
P2993,Dorothy,Weber,1957-07-05,F,O+,rwilliams@example.net,+1-423-609-2587
P2994,Jennifer,Fitzpatrick,1984-04-02,F,O+,zclark@example.org,808.446.0172
P2995,Jose,Smith,2004-09-18,M,A+,dcollins@example.net,274-391-1634x30
P2996,Paul,Young,1963-02-25,Other,B-,tracimaddox@example.net,455-441-4085x79
P2997,Patty,Bell,1991-07-06,Other,AB-,schultzwilliam@example.net,(310)966-0026x0
P2998,Dennis,Keller,1950-04-18,M,AB-,stoutjennifer@example.org,441-306-6788x45
P2999,Russell,Brown,1948-09-21,Other,B-,eric38@example.net,954.440.7110
P3000,Luis,Brooks,1948-01-31,M,A+,mooneydanielle@example.net,5665714853
