rx_id,patient_id,drug_name,dose,quantity,prescriber,prescribed_date,dispensed_date,status
RX000001,P1001,Amoxicillin,500mg,39,Dr. J. Nkosi,2023-05-13,2024-11-28,Cancelled
RX000002,P1001,Prednisolone,5mg,42,Dr. Y. Tanaka,2023-12-26,2024-07-19,Dispensed
RX000003,P1002,Prednisolone,5mg,59,Dr. Y. Tanaka,2024-01-28,,Cancelled
RX000004,P1002,Metformin,500mg,46,Dr. J. Nkosi,2024-09-07,2024-01-23,Cancelled
RX000005,P1003,Metformin,500mg,28,Dr. R. Singh,2023-01-11,2024-02-25,Cancelled
RX000006,P1004,Amlodipine,5mg,44,Dr. C. Müller,2023-05-08,2024-12-09,Cancelled
RX000007,P1004,Paracetamol,500mg,55,Dr. A. Patel,2024-04-23,2024-12-03,Pending
RX000008,P1004,Warfarin,3mg,42,Dr. M. O'Brien,2023-09-05,,Dispensed
RX000009,P1005,Clopidogrel,75mg,34,Dr. S. Khan,2023-07-06,2024-11-14,Pending
RX000010,P1006,Lisinopril,10mg,64,Dr. L. Torres,2024-07-22,2024-01-12,Pending
RX000011,P1006,Warfarin,3mg,81,Dr. J. Nkosi,2024-09-29,2024-09-23,Cancelled
RX000012,P1007,Salbutamol,100mcg,55,Dr. A. Patel,2024-10-11,2024-11-09,Dispensed
RX000013,P1007,Warfarin,3mg,86,Dr. M. O'Brien,2023-08-28,2024-03-20,Cancelled
RX000014,P1007,Amlodipine,5mg,38,Dr. M. O'Brien,2023-08-03,2024-12-28,Dispensed
RX000015,P1007,Insulin Glargine,10 units,48,Dr. Y. Tanaka,2024-01-18,2024-06-11,Dispensed
RX000016,P1008,Metformin,500mg,82,Dr. Y. Tanaka,2023-01-29,2024-10-05,Dispensed
RX000017,P1008,Sertraline,50mg,51,Dr. Y. Tanaka,2023-02-17,2024-07-24,Pending
RX000018,P1008,Omeprazole,20mg,62,Dr. Y. Tanaka,2024-02-20,2024-08-26,Dispensed
RX000019,P1008,Gabapentin,300mg,60,Dr. L. Torres,2023-07-14,,Cancelled
RX000020,P1009,Clopidogrel,75mg,53,Dr. C. Müller,2023-05-15,2024-01-21,Dispensed
RX000021,P1009,Ibuprofen,400mg,60,Dr. C. Müller,2023-05-14,2024-08-06,Pending
RX000022,P1010,Levothyroxine,50mcg,68,Dr. A. Patel,2024-04-21,,Pending
RX000023,P1010,Amoxicillin,500mg,86,Dr. R. Singh,2023-03-09,2024-09-10,Dispensed
RX000024,P1010,Ramipril,5mg,79,Dr. L. Torres,2023-01-03,2024-02-09,Cancelled
RX000025,P1010,Warfarin,3mg,62,Dr. A. Patel,2023-02-27,2024-10-12,Dispensed
RX000026,P1011,Bisoprolol,2.5mg,72,Dr. J. Nkosi,2023-01-07,2024-07-03,Pending
RX000027,P1011,Atorvastatin,20mg,62,Dr. R. Singh,2024-11-17,2024-12-18,Cancelled
RX000028,P1011,Furosemide,40mg,49,Dr. R. Singh,2024-07-22,2024-04-04,Pending
RX000029,P1012,Salbutamol,100mcg,56,Dr. L. Torres,2023-03-06,,Dispensed
RX000030,P1013,Warfarin,3mg,58,Dr. S. Khan,2023-07-22,2024-07-02,Cancelled
RX000031,P1013,Amlodipine,5mg,70,Dr. J. Nkosi,2024-01-29,2024-12-22,Cancelled
RX000032,P1013,Lisinopril,10mg,74,Dr. C. Müller,2024-01-10,2024-12-11,Cancelled
RX000033,P1013,Amoxicillin,500mg,55,Dr. A. Patel,2023-07-14,,Pending
RX000034,P1014,Sertraline,50mg,71,Dr. A. Patel,2024-08-18,2024-12-14,Dispensed
RX000035,P1014,Gabapentin,300mg,86,Dr. R. Singh,2024-09-21,,Cancelled
RX000036,P1015,Amoxicillin,500mg,45,Dr. L. Torres,2023-10-25,2024-04-05,Pending
RX000037,P1016,Levothyroxine,50mcg,32,Dr. M. O'Brien,2023-11-19,2024-11-18,Dispensed
RX000038,P1016,Ramipril,5mg,49,Dr. M. O'Brien,2024-07-24,2024-10-25,Cancelled
RX000039,P1016,Clopidogrel,75mg,60,Dr. M. O'Brien,2024-12-29,2024-11-18,Dispensed
RX000040,P1016,Aspirin,75mg,52,Dr. R. Singh,2023-02-20,2024-10-02,Dispensed
RX000041,P1017,Metformin,500mg,42,Dr. R. Singh,2023-02-10,,Cancelled
RX000042,P1018,Atorvastatin,20mg,50,Dr. Y. Tanaka,2023-07-27,2024-11-23,Dispensed
RX000043,P1019,Levothyroxine,50mcg,76,Dr. J. Nkosi,2024-06-05,2024-05-22,Dispensed
RX000044,P1019,Atorvastatin,20mg,67,Dr. R. Singh,2023-07-07,,Cancelled
RX000045,P1019,Salbutamol,100mcg,85,Dr. Y. Tanaka,2024-06-18,2024-06-15,Dispensed
RX000046,P1020,Clopidogrel,75mg,28,Dr. R. Singh,2023-10-01,2024-07-23,Pending
RX000047,P1020,Ibuprofen,400mg,53,Dr. M. O'Brien,2023-02-15,2024-12-05,Pending
RX000048,P1021,Salbutamol,100mcg,81,Dr. J. Nkosi,2024-11-23,,Pending
RX000049,P1022,Gabapentin,300mg,54,Dr. S. Khan,2024-09-01,,Pending
RX000050,P1022,Furosemide,40mg,58,Dr. A. Patel,2023-06-15,,Dispensed
RX000051,P1023,Ibuprofen,400mg,85,Dr. A. Patel,2024-04-30,2024-04-22,Dispensed
RX000052,P1023,Prednisolone,5mg,39,Dr. Y. Tanaka,2023-12-20,,Pending
RX000053,P1023,Amoxicillin,500mg,78,Dr. S. Khan,2023-07-25,2024-10-04,Dispensed
RX000054,P1023,Bisoprolol,2.5mg,59,Dr. A. Patel,2024-06-28,2024-10-06,Pending
RX000055,P1024,Gabapentin,300mg,46,Dr. A. Patel,2024-07-09,,Cancelled
RX000056,P1024,Lisinopril,10mg,49,Dr. R. Singh,2023-01-24,2024-03-26,Cancelled
RX000057,P1025,Amoxicillin,500mg,41,Dr. A. Patel,2023-07-23,,Dispensed
RX000058,P1025,Omeprazole,20mg,29,Dr. J. Nkosi,2023-06-10,,Pending
RX000059,P1025,Sertraline,50mg,50,Dr. L. Torres,2023-09-09,,Dispensed
RX000060,P1025,Paracetamol,500mg,71,Dr. L. Torres,2024-01-10,2024-04-12,Dispensed
RX000061,P1026,Insulin Glargine,10 units,81,Dr. Y. Tanaka,2023-10-12,,Cancelled
RX000062,P1027,Metformin,500mg,42,Dr. J. Nkosi,2024-10-01,,Pending
RX000063,P1027,Insulin Glargine,10 units,50,Dr. R. Singh,2023-03-12,2024-07-13,Dispensed
RX000064,P1027,Clopidogrel,75mg,88,Dr. S. Khan,2023-01-22,2024-12-22,Cancelled
RX000065,P1028,Warfarin,3mg,64,Dr. J. Nkosi,2024-07-04,,Dispensed
RX000066,P1028,Sertraline,50mg,29,Dr. C. Müller,2023-06-20,,Dispensed
RX000067,P1028,Salbutamol,100mcg,83,Dr. A. Patel,2023-12-28,2024-06-11,Dispensed
RX000068,P1029,Paracetamol,500mg,73,Dr. Y. Tanaka,2024-05-08,2024-09-18,Cancelled
RX000069,P1030,Amlodipine,5mg,28,Dr. C. Müller,2024-10-17,,Dispensed
RX000070,P1030,Levothyroxine,50mcg,32,Dr. Y. Tanaka,2023-05-24,2024-01-23,Pending
RX000071,P1030,Paracetamol,500mg,71,Dr. L. Torres,2023-12-08,2024-08-26,Cancelled
RX000072,P1031,Clopidogrel,75mg,78,Dr. J. Nkosi,2023-07-02,2024-10-15,Pending
RX000073,P1032,Levothyroxine,50mcg,57,Dr. A. Patel,2024-10-18,2024-01-10,Pending
RX000074,P1033,Metformin,500mg,64,Dr. J. Nkosi,2023-11-25,2024-04-15,Dispensed
RX000075,P1033,Furosemide,40mg,65,Dr. M. O'Brien,2023-04-08,2024-06-15,Dispensed
RX000076,P1033,Ibuprofen,400mg,62,Dr. Y. Tanaka,2023-03-29,2024-11-02,Dispensed
RX000077,P1033,Warfarin,3mg,71,Dr. L. Torres,2023-04-23,2024-03-20,Cancelled
RX000078,P1034,Salbutamol,100mcg,33,Dr. J. Nkosi,2024-02-10,2024-07-29,Pending
RX000079,P1034,Furosemide,40mg,80,Dr. L. Torres,2023-01-15,2024-01-16,Cancelled
RX000080,P1034,Atorvastatin,20mg,35,Dr. R. Singh,2024-05-01,2024-04-25,Cancelled
RX000081,P1035,Omeprazole,20mg,43,Dr. J. Nkosi,2024-10-02,2024-05-29,Cancelled
RX000082,P1036,Gabapentin,300mg,50,Dr. L. Torres,2023-04-14,2024-07-13,Pending
RX000083,P1037,Prednisolone,5mg,48,Dr. M. O'Brien,2023-05-18,2024-12-09,Cancelled
RX000084,P1037,Amlodipine,5mg,88,Dr. C. Müller,2024-05-21,2024-09-13,Dispensed
RX000085,P1037,Insulin Glargine,10 units,81,Dr. J. Nkosi,2024-04-04,2024-02-01,Dispensed
RX000086,P1038,Amlodipine,5mg,77,Dr. M. O'Brien,2023-02-21,,Dispensed
RX000087,P1038,Omeprazole,20mg,46,Dr. R. Singh,2023-01-14,2024-09-18,Dispensed
RX000088,P1039,Bisoprolol,2.5mg,48,Dr. Y. Tanaka,2023-09-14,2024-09-20,Pending
RX000089,P1040,Ramipril,5mg,41,Dr. M. O'Brien,2024-01-22,2024-01-17,Dispensed
RX000090,P1040,Omeprazole,20mg,28,Dr. R. Singh,2023-05-02,2024-03-29,Dispensed
RX000091,P1041,Furosemide,40mg,76,Dr. C. Müller,2023-03-09,2024-10-15,Dispensed
RX000092,P1041,Sertraline,50mg,54,Dr. L. Torres,2024-09-15,2024-12-06,Cancelled
RX000093,P1042,Ibuprofen,400mg,39,Dr. S. Khan,2023-08-12,2024-07-12,Pending
RX000094,P1042,Amlodipine,5mg,85,Dr. L. Torres,2024-01-03,2024-09-05,Dispensed
RX000095,P1042,Clopidogrel,75mg,65,Dr. R. Singh,2023-04-23,2024-02-22,Pending
RX000096,P1042,Gabapentin,300mg,78,Dr. L. Torres,2023-12-30,,Dispensed
RX000097,P1043,Salbutamol,100mcg,31,Dr. C. Müller,2023-11-27,2024-10-21,Pending
RX000098,P1044,Ibuprofen,400mg,69,Dr. C. Müller,2024-09-15,2024-01-29,Pending
RX000099,P1044,Amoxicillin,500mg,34,Dr. Y. Tanaka,2024-02-17,2024-12-03,Dispensed
RX000100,P1044,Omeprazole,20mg,77,Dr. A. Patel,2023-01-14,2024-11-09,Dispensed
RX000101,P1045,Atorvastatin,20mg,35,Dr. R. Singh,2023-02-03,,Pending
RX000102,P1045,Prednisolone,5mg,57,Dr. R. Singh,2024-03-18,,Dispensed
RX000103,P1045,Metformin,500mg,54,Dr. J. Nkosi,2023-04-28,,Pending
RX000104,P1045,Omeprazole,20mg,38,Dr. L. Torres,2024-09-26,,Cancelled
RX000105,P1046,Levothyroxine,50mcg,47,Dr. Y. Tanaka,2024-04-06,2024-06-14,Cancelled
RX000106,P1046,Furosemide,40mg,78,Dr. R. Singh,2024-06-08,2024-06-11,Cancelled
RX000107,P1046,Amlodipine,5mg,57,Dr. Y. Tanaka,2023-09-04,2024-10-26,Pending
RX000108,P1047,Levothyroxine,50mcg,29,Dr. Y. Tanaka,2023-05-17,2024-09-13,Cancelled
RX000109,P1048,Omeprazole,20mg,77,Dr. Y. Tanaka,2023-06-15,2024-04-08,Cancelled
RX000110,P1048,Aspirin,75mg,28,Dr. A. Patel,2023-08-07,,Dispensed
RX000111,P1048,Lisinopril,10mg,39,Dr. J. Nkosi,2023-11-06,2024-05-03,Dispensed
RX000112,P1049,Levothyroxine,50mcg,44,Dr. S. Khan,2023-05-17,2024-01-18,Pending
RX000113,P1050,Gabapentin,300mg,28,Dr. Y. Tanaka,2023-08-13,2024-04-08,Dispensed
RX000114,P1050,Sertraline,50mg,55,Dr. A. Patel,2024-12-07,2024-07-29,Cancelled
RX000115,P1051,Ramipril,5mg,66,Dr. A. Patel,2023-12-05,2024-05-17,Cancelled
RX000116,P1052,Bisoprolol,2.5mg,84,Dr. C. Müller,2023-04-10,2024-04-09,Cancelled
RX000117,P1052,Ramipril,5mg,50,Dr. Y. Tanaka,2023-02-06,,Dispensed
RX000118,P1053,Paracetamol,500mg,81,Dr. C. Müller,2023-07-26,2024-07-03,Pending
RX000119,P1054,Aspirin,75mg,42,Dr. A. Patel,2024-01-03,2024-07-26,Dispensed
RX000120,P1054,Ramipril,5mg,60,Dr. A. Patel,2024-12-25,2024-02-09,Dispensed
RX000121,P1054,Amoxicillin,500mg,70,Dr. J. Nkosi,2023-02-05,,Cancelled
RX000122,P1054,Insulin Glargine,10 units,76,Dr. L. Torres,2024-03-24,,Dispensed
RX000123,P1055,Bisoprolol,2.5mg,50,Dr. R. Singh,2023-10-29,,Dispensed
RX000124,P1055,Levothyroxine,50mcg,70,Dr. C. Müller,2023-12-07,,Cancelled
RX000125,P1055,Amlodipine,5mg,39,Dr. S. Khan,2024-06-16,2024-03-21,Cancelled
RX000126,P1055,Furosemide,40mg,38,Dr. A. Patel,2024-07-14,,Cancelled
RX000127,P1056,Gabapentin,300mg,29,Dr. S. Khan,2023-03-28,2024-12-23,Cancelled
RX000128,P1057,Ibuprofen,400mg,35,Dr. Y. Tanaka,2024-10-23,,Cancelled
RX000129,P1057,Paracetamol,500mg,49,Dr. Y. Tanaka,2023-12-11,2024-09-22,Pending
RX000130,P1058,Lisinopril,10mg,75,Dr. L. Torres,2024-05-16,,Cancelled
RX000131,P1058,Omeprazole,20mg,81,Dr. C. Müller,2023-09-22,2024-06-25,Pending
RX000132,P1058,Atorvastatin,20mg,85,Dr. R. Singh,2024-04-05,2024-09-03,Cancelled
RX000133,P1058,Paracetamol,500mg,32,Dr. J. Nkosi,2024-06-24,2024-09-29,Dispensed
RX000134,P1059,Amoxicillin,500mg,89,Dr. M. O'Brien,2023-01-15,,Cancelled
RX000135,P1060,Furosemide,40mg,87,Dr. J. Nkosi,2024-11-14,2024-08-17,Pending
RX000136,P1060,Amoxicillin,500mg,79,Dr. Y. Tanaka,2023-06-20,2024-01-18,Dispensed
RX000137,P1060,Salbutamol,100mcg,47,Dr. S. Khan,2024-12-15,,Dispensed
RX000138,P1061,Metformin,500mg,37,Dr. Y. Tanaka,2023-09-29,2024-07-09,Pending
RX000139,P1062,Salbutamol,100mcg,45,Dr. J. Nkosi,2023-12-31,2024-06-13,Dispensed
RX000140,P1063,Gabapentin,300mg,55,Dr. R. Singh,2023-09-01,2024-03-31,Dispensed
RX000141,P1063,Metformin,500mg,44,Dr. Y. Tanaka,2023-06-06,,Dispensed
RX000142,P1064,Warfarin,3mg,89,Dr. A. Patel,2023-07-19,2024-12-01,Cancelled
RX000143,P1064,Ramipril,5mg,80,Dr. S. Khan,2023-12-24,2024-04-21,Cancelled
RX000144,P1065,Omeprazole,20mg,55,Dr. S. Khan,2024-03-26,,Pending
RX000145,P1065,Clopidogrel,75mg,50,Dr. S. Khan,2024-07-20,2024-03-18,Dispensed
RX000146,P1066,Levothyroxine,50mcg,41,Dr. S. Khan,2023-05-03,2024-09-16,Cancelled
RX000147,P1066,Aspirin,75mg,50,Dr. Y. Tanaka,2023-08-11,2024-09-04,Dispensed
RX000148,P1066,Gabapentin,300mg,67,Dr. Y. Tanaka,2023-07-24,2024-01-15,Dispensed
RX000149,P1066,Ramipril,5mg,51,Dr. L. Torres,2024-07-02,2024-09-30,Dispensed
RX000150,P1067,Omeprazole,20mg,35,Dr. Y. Tanaka,2023-04-19,2024-04-07,Cancelled
RX000151,P1067,Paracetamol,500mg,48,Dr. M. O'Brien,2024-07-20,,Cancelled
RX000152,P1067,Salbutamol,100mcg,80,Dr. L. Torres,2024-05-05,2024-03-24,Cancelled
RX000153,P1067,Amoxicillin,500mg,65,Dr. M. O'Brien,2024-02-04,2024-03-04,Pending
RX000154,P1068,Ibuprofen,400mg,77,Dr. R. Singh,2024-12-07,,Cancelled
RX000155,P1069,Clopidogrel,75mg,81,Dr. A. Patel,2023-06-14,2024-01-26,Dispensed
RX000156,P1069,Omeprazole,20mg,53,Dr. S. Khan,2024-09-26,,Dispensed
RX000157,P1069,Paracetamol,500mg,85,Dr. S. Khan,2023-05-22,2024-02-25,Dispensed
RX000158,P1069,Levothyroxine,50mcg,46,Dr. Y. Tanaka,2024-05-16,2024-01-11,Cancelled
RX000159,P1070,Ramipril,5mg,74,Dr. Y. Tanaka,2023-02-20,2024-03-01,Cancelled
RX000160,P1070,Ibuprofen,400mg,86,Dr. J. Nkosi,2023-01-04,2024-09-12,Cancelled
RX000161,P1070,Levothyroxine,50mcg,31,Dr. S. Khan,2024-05-09,,Pending
RX000162,P1070,Amoxicillin,500mg,55,Dr. M. O'Brien,2024-11-26,2024-03-04,Cancelled
RX000163,P1071,Amoxicillin,500mg,53,Dr. Y. Tanaka,2024-04-07,2024-10-24,Pending
RX000164,P1071,Atorvastatin,20mg,88,Dr. L. Torres,2024-05-16,,Dispensed
RX000165,P1071,Metformin,500mg,53,Dr. L. Torres,2024-12-03,2024-01-27,Cancelled
RX000166,P1072,Prednisolone,5mg,79,Dr. L. Torres,2024-10-30,2024-11-19,Pending
RX000167,P1072,Amoxicillin,500mg,31,Dr. L. Torres,2024-11-12,2024-06-23,Cancelled
RX000168,P1072,Clopidogrel,75mg,60,Dr. C. Müller,2024-09-23,,Pending
RX000169,P1073,Ramipril,5mg,75,Dr. L. Torres,2024-07-26,,Pending
RX000170,P1073,Amoxicillin,500mg,84,Dr. M. O'Brien,2023-04-20,2024-06-17,Pending
RX000171,P1073,Insulin Glargine,10 units,88,Dr. J. Nkosi,2024-03-01,2024-08-15,Dispensed
RX000172,P1074,Furosemide,40mg,81,Dr. J. Nkosi,2023-10-04,2024-08-26,Dispensed
RX000173,P1074,Aspirin,75mg,88,Dr. S. Khan,2023-04-01,2024-07-13,Cancelled
RX000174,P1074,Sertraline,50mg,82,Dr. C. Müller,2024-02-27,2024-01-13,Dispensed
RX000175,P1075,Sertraline,50mg,65,Dr. Y. Tanaka,2024-03-02,,Pending
RX000176,P1075,Amoxicillin,500mg,69,Dr. C. Müller,2023-03-06,2024-07-07,Cancelled
RX000177,P1075,Clopidogrel,75mg,43,Dr. L. Torres,2024-07-21,2024-12-23,Dispensed
RX000178,P1076,Aspirin,75mg,68,Dr. Y. Tanaka,2024-09-23,2024-09-23,Dispensed
RX000179,P1076,Bisoprolol,2.5mg,33,Dr. J. Nkosi,2023-01-17,2024-06-27,Pending
RX000180,P1076,Furosemide,40mg,48,Dr. C. Müller,2023-07-06,2024-03-31,Dispensed
RX000181,P1077,Lisinopril,10mg,63,Dr. L. Torres,2024-10-04,2024-12-29,Cancelled
RX000182,P1077,Atorvastatin,20mg,54,Dr. S. Khan,2024-05-28,2024-03-20,Pending
RX000183,P1078,Paracetamol,500mg,52,Dr. M. O'Brien,2023-03-12,,Pending
RX000184,P1078,Lisinopril,10mg,43,Dr. M. O'Brien,2024-01-19,2024-04-08,Dispensed
RX000185,P1078,Aspirin,75mg,83,Dr. J. Nkosi,2023-01-26,2024-02-27,Pending
RX000186,P1079,Omeprazole,20mg,42,Dr. R. Singh,2024-07-06,2024-04-09,Dispensed
RX000187,P1079,Ibuprofen,400mg,68,Dr. L. Torres,2023-09-03,2024-09-21,Cancelled
RX000188,P1079,Levothyroxine,50mcg,79,Dr. J. Nkosi,2024-01-18,2024-04-30,Cancelled
RX000189,P1080,Warfarin,3mg,53,Dr. S. Khan,2023-10-23,2024-02-06,Pending
RX000190,P1080,Metformin,500mg,40,Dr. C. Müller,2023-12-01,2024-02-22,Cancelled
RX000191,P1080,Paracetamol,500mg,47,Dr. Y. Tanaka,2023-02-22,,Cancelled
RX000192,P1081,Lisinopril,10mg,48,Dr. L. Torres,2023-07-09,2024-03-11,Pending
RX000193,P1081,Amlodipine,5mg,65,Dr. J. Nkosi,2024-01-19,2024-10-30,Dispensed
RX000194,P1081,Levothyroxine,50mcg,49,Dr. Y. Tanaka,2023-09-08,,Dispensed
RX000195,P1082,Insulin Glargine,10 units,83,Dr. L. Torres,2024-06-03,,Cancelled
RX000196,P1082,Prednisolone,5mg,29,Dr. L. Torres,2024-09-22,,Cancelled
RX000197,P1082,Furosemide,40mg,58,Dr. Y. Tanaka,2024-04-08,2024-03-16,Dispensed
RX000198,P1082,Bisoprolol,2.5mg,59,Dr. Y. Tanaka,2024-06-07,2024-03-12,Cancelled
RX000199,P1083,Levothyroxine,50mcg,88,Dr. L. Torres,2023-01-01,,Pending
RX000200,P1084,Metformin,500mg,43,Dr. C. Müller,2024-09-07,2024-08-30,Dispensed
RX000201,P1084,Amoxicillin,500mg,61,Dr. R. Singh,2024-06-05,,Pending
RX000202,P1084,Ibuprofen,400mg,38,Dr. S. Khan,2023-12-18,2024-07-05,Pending
RX000203,P1085,Aspirin,75mg,31,Dr. M. O'Brien,2023-04-24,,Cancelled
RX000204,P1085,Metformin,500mg,68,Dr. R. Singh,2024-11-01,2024-05-09,Dispensed
RX000205,P1085,Atorvastatin,20mg,86,Dr. S. Khan,2023-03-27,,Cancelled
RX000206,P1086,Lisinopril,10mg,78,Dr. C. Müller,2024-08-13,,Dispensed
RX000207,P1086,Furosemide,40mg,76,Dr. Y. Tanaka,2023-07-12,2024-02-24,Cancelled
RX000208,P1087,Omeprazole,20mg,34,Dr. Y. Tanaka,2024-08-30,,Pending
RX000209,P1087,Paracetamol,500mg,67,Dr. A. Patel,2023-01-27,,Cancelled
RX000210,P1087,Insulin Glargine,10 units,86,Dr. J. Nkosi,2023-12-04,,Pending
RX000211,P1088,Lisinopril,10mg,42,Dr. C. Müller,2024-09-05,2024-07-13,Cancelled
RX000212,P1089,Atorvastatin,20mg,64,Dr. C. Müller,2024-02-22,2024-04-04,Cancelled
RX000213,P1089,Salbutamol,100mcg,47,Dr. R. Singh,2024-12-16,2024-06-25,Dispensed
RX000214,P1089,Bisoprolol,2.5mg,38,Dr. C. Müller,2023-03-18,2024-10-25,Pending
RX000215,P1090,Aspirin,75mg,28,Dr. L. Torres,2023-11-23,2024-05-20,Pending
RX000216,P1091,Metformin,500mg,54,Dr. A. Patel,2024-03-24,2024-05-22,Dispensed
RX000217,P1091,Amoxicillin,500mg,44,Dr. A. Patel,2024-05-14,2024-12-27,Cancelled
RX000218,P1091,Ramipril,5mg,55,Dr. R. Singh,2024-04-27,,Pending
RX000219,P1091,Amlodipine,5mg,72,Dr. M. O'Brien,2023-10-04,2024-10-31,Pending
RX000220,P1092,Gabapentin,300mg,52,Dr. R. Singh,2023-09-17,2024-09-14,Pending
RX000221,P1092,Ramipril,5mg,36,Dr. M. O'Brien,2024-02-21,2024-01-03,Dispensed
RX000222,P1092,Clopidogrel,75mg,45,Dr. C. Müller,2024-11-12,2024-08-04,Pending
RX000223,P1093,Atorvastatin,20mg,49,Dr. C. Müller,2024-11-12,2024-11-11,Dispensed
RX000224,P1093,Ibuprofen,400mg,44,Dr. M. O'Brien,2024-12-03,2024-08-30,Dispensed
RX000225,P1094,Levothyroxine,50mcg,46,Dr. J. Nkosi,2023-06-06,2024-05-03,Cancelled
RX000226,P1094,Lisinopril,10mg,49,Dr. M. O'Brien,2024-04-26,2024-08-24,Pending
RX000227,P1095,Amoxicillin,500mg,32,Dr. C. Müller,2023-08-22,,Cancelled
RX000228,P1095,Furosemide,40mg,44,Dr. C. Müller,2024-09-15,2024-11-14,Cancelled
RX000229,P1095,Ibuprofen,400mg,58,Dr. C. Müller,2024-09-15,2024-03-06,Pending
RX000230,P1095,Gabapentin,300mg,67,Dr. L. Torres,2023-04-01,2024-04-21,Cancelled
RX000231,P1096,Lisinopril,10mg,49,Dr. S. Khan,2024-04-14,2024-03-17,Dispensed
RX000232,P1097,Ibuprofen,400mg,78,Dr. J. Nkosi,2023-05-02,,Dispensed
RX000233,P1097,Levothyroxine,50mcg,68,Dr. C. Müller,2023-11-12,2024-01-27,Dispensed
RX000234,P1097,Amoxicillin,500mg,61,Dr. A. Patel,2024-09-11,2024-11-16,Cancelled
RX000235,P1098,Furosemide,40mg,28,Dr. J. Nkosi,2023-02-05,,Cancelled
RX000236,P1098,Salbutamol,100mcg,31,Dr. A. Patel,2024-10-02,,Cancelled
RX000237,P1098,Aspirin,75mg,64,Dr. J. Nkosi,2024-05-12,2024-05-12,Pending
RX000238,P1099,Warfarin,3mg,57,Dr. M. O'Brien,2023-04-11,,Dispensed
RX000239,P1100,Metformin,500mg,47,Dr. C. Müller,2023-12-26,2024-05-02,Pending
RX000240,P1100,Paracetamol,500mg,90,Dr. S. Khan,2024-04-06,2024-12-27,Dispensed
RX000241,P1101,Aspirin,75mg,34,Dr. Y. Tanaka,2023-05-21,2024-01-02,Dispensed
RX000242,P1101,Metformin,500mg,48,Dr. R. Singh,2024-11-26,2024-02-12,Cancelled
RX000243,P1102,Bisoprolol,2.5mg,44,Dr. A. Patel,2023-09-24,2024-09-07,Cancelled
RX000244,P1102,Atorvastatin,20mg,46,Dr. A. Patel,2023-01-05,,Pending
RX000245,P1102,Omeprazole,20mg,83,Dr. L. Torres,2023-09-07,2024-02-21,Dispensed
RX000246,P1103,Gabapentin,300mg,54,Dr. A. Patel,2024-01-19,2024-04-24,Pending
RX000247,P1104,Salbutamol,100mcg,85,Dr. S. Khan,2024-01-16,,Dispensed
RX000248,P1104,Metformin,500mg,39,Dr. J. Nkosi,2023-02-07,2024-08-24,Cancelled
RX000249,P1105,Bisoprolol,2.5mg,42,Dr. J. Nkosi,2024-08-01,2024-03-28,Dispensed
RX000250,P1105,Aspirin,75mg,36,Dr. C. Müller,2024-02-23,2024-08-02,Cancelled
RX000251,P1105,Paracetamol,500mg,57,Dr. R. Singh,2024-12-14,2024-12-03,Pending
RX000252,P1106,Levothyroxine,50mcg,69,Dr. J. Nkosi,2023-10-29,,Dispensed
RX000253,P1107,Omeprazole,20mg,70,Dr. M. O'Brien,2024-02-20,2024-04-21,Pending
RX000254,P1107,Lisinopril,10mg,88,Dr. Y. Tanaka,2024-05-22,2024-07-21,Cancelled
RX000255,P1107,Sertraline,50mg,33,Dr. R. Singh,2023-05-16,,Pending
RX000256,P1108,Ramipril,5mg,50,Dr. Y. Tanaka,2024-04-23,2024-12-25,Cancelled
RX000257,P1109,Prednisolone,5mg,34,Dr. Y. Tanaka,2024-06-02,2024-05-28,Cancelled
RX000258,P1109,Amlodipine,5mg,58,Dr. J. Nkosi,2024-03-04,,Cancelled
RX000259,P1109,Clopidogrel,75mg,64,Dr. L. Torres,2023-08-09,2024-04-22,Cancelled
RX000260,P1109,Ibuprofen,400mg,79,Dr. Y. Tanaka,2024-09-01,2024-06-17,Dispensed
RX000261,P1110,Omeprazole,20mg,38,Dr. S. Khan,2023-02-22,2024-06-11,Dispensed
RX000262,P1111,Prednisolone,5mg,61,Dr. S. Khan,2023-09-23,,Dispensed
RX000263,P1111,Lisinopril,10mg,78,Dr. J. Nkosi,2024-06-30,,Dispensed
RX000264,P1111,Gabapentin,300mg,40,Dr. L. Torres,2023-03-17,2024-08-08,Cancelled
RX000265,P1112,Bisoprolol,2.5mg,75,Dr. L. Torres,2024-12-12,2024-03-09,Cancelled
RX000266,P1112,Sertraline,50mg,30,Dr. L. Torres,2023-07-21,2024-02-27,Dispensed
RX000267,P1113,Warfarin,3mg,90,Dr. S. Khan,2024-12-19,,Dispensed
RX000268,P1113,Aspirin,75mg,54,Dr. L. Torres,2023-09-13,2024-02-06,Dispensed
RX000269,P1113,Prednisolone,5mg,72,Dr. Y. Tanaka,2023-10-01,2024-11-10,Cancelled
RX000270,P1113,Sertraline,50mg,61,Dr. A. Patel,2024-02-14,2024-02-26,Pending
RX000271,P1114,Salbutamol,100mcg,60,Dr. S. Khan,2023-09-08,,Dispensed
RX000272,P1115,Amoxicillin,500mg,79,Dr. S. Khan,2024-09-15,,Dispensed
RX000273,P1115,Omeprazole,20mg,87,Dr. L. Torres,2023-01-01,2024-05-09,Dispensed
RX000274,P1115,Atorvastatin,20mg,32,Dr. C. Müller,2024-06-24,2024-01-11,Pending
RX000275,P1116,Atorvastatin,20mg,75,Dr. R. Singh,2024-09-11,2024-09-10,Pending
RX000276,P1116,Sertraline,50mg,32,Dr. J. Nkosi,2024-06-23,,Pending
RX000277,P1116,Amlodipine,5mg,81,Dr. M. O'Brien,2023-08-16,2024-04-24,Cancelled
RX000278,P1117,Lisinopril,10mg,85,Dr. M. O'Brien,2024-08-21,2024-03-09,Dispensed
RX000279,P1117,Salbutamol,100mcg,82,Dr. C. Müller,2023-08-01,2024-11-08,Dispensed
RX000280,P1118,Ibuprofen,400mg,81,Dr. Y. Tanaka,2023-06-20,,Dispensed
RX000281,P1118,Aspirin,75mg,42,Dr. S. Khan,2024-08-31,,Pending
RX000282,P1118,Insulin Glargine,10 units,38,Dr. Y. Tanaka,2023-11-22,,Cancelled
RX000283,P1119,Bisoprolol,2.5mg,84,Dr. A. Patel,2024-12-19,2024-05-09,Dispensed
RX000284,P1119,Amlodipine,5mg,28,Dr. M. O'Brien,2024-02-10,2024-01-21,Cancelled
RX000285,P1119,Prednisolone,5mg,70,Dr. L. Torres,2023-12-30,,Dispensed
RX000286,P1119,Ibuprofen,400mg,85,Dr. C. Müller,2024-03-17,,Cancelled
RX000287,P1120,Insulin Glargine,10 units,86,Dr. R. Singh,2023-05-30,2024-09-12,Dispensed
RX000288,P1120,Furosemide,40mg,41,Dr. C. Müller,2023-06-10,2024-03-08,Pending
RX000289,P1120,Atorvastatin,20mg,34,Dr. L. Torres,2023-12-07,2024-05-12,Cancelled
RX000290,P1120,Ibuprofen,400mg,75,Dr. R. Singh,2023-07-20,2024-02-07,Cancelled
RX000291,P1121,Bisoprolol,2.5mg,43,Dr. A. Patel,2024-07-27,2024-01-07,Cancelled
RX000292,P1122,Omeprazole,20mg,40,Dr. C. Müller,2023-08-18,,Pending
RX000293,P1122,Amoxicillin,500mg,40,Dr. A. Patel,2023-11-04,2024-08-05,Cancelled
RX000294,P1123,Warfarin,3mg,31,Dr. L. Torres,2024-03-12,2024-10-08,Cancelled
RX000295,P1124,Amlodipine,5mg,32,Dr. R. Singh,2023-11-05,2024-07-07,Pending
RX000296,P1124,Warfarin,3mg,37,Dr. J. Nkosi,2023-04-07,2024-10-22,Dispensed
RX000297,P1124,Insulin Glargine,10 units,61,Dr. J. Nkosi,2023-01-13,,Pending
RX000298,P1125,Prednisolone,5mg,58,Dr. L. Torres,2023-10-31,2024-01-22,Cancelled
RX000299,P1125,Salbutamol,100mcg,71,Dr. M. O'Brien,2023-06-25,,Cancelled
RX000300,P1126,Bisoprolol,2.5mg,71,Dr. L. Torres,2024-12-29,2024-10-24,Pending
RX000301,P1127,Metformin,500mg,55,Dr. Y. Tanaka,2023-01-11,2024-06-17,Pending
RX000302,P1128,Ramipril,5mg,85,Dr. C. Müller,2024-03-18,,Pending
RX000303,P1129,Omeprazole,20mg,61,Dr. M. O'Brien,2024-02-17,2024-12-15,Cancelled
RX000304,P1129,Clopidogrel,75mg,65,Dr. Y. Tanaka,2024-05-27,2024-09-06,Cancelled
RX000305,P1129,Lisinopril,10mg,60,Dr. R. Singh,2023-08-28,,Cancelled
RX000306,P1130,Bisoprolol,2.5mg,70,Dr. J. Nkosi,2023-05-12,,Cancelled
RX000307,P1130,Furosemide,40mg,53,Dr. A. Patel,2023-03-28,2024-12-10,Pending
RX000308,P1130,Ibuprofen,400mg,65,Dr. L. Torres,2024-12-05,,Cancelled
RX000309,P1130,Omeprazole,20mg,61,Dr. S. Khan,2023-03-12,2024-06-12,Dispensed
RX000310,P1131,Atorvastatin,20mg,51,Dr. S. Khan,2024-01-13,2024-08-23,Dispensed
RX000311,P1132,Furosemide,40mg,62,Dr. L. Torres,2024-05-03,2024-12-22,Cancelled
RX000312,P1132,Ibuprofen,400mg,37,Dr. A. Patel,2023-02-08,,Cancelled
RX000313,P1132,Ramipril,5mg,59,Dr. A. Patel,2023-08-17,2024-09-22,Pending
RX000314,P1133,Atorvastatin,20mg,51,Dr. A. Patel,2023-06-03,2024-03-09,Cancelled
RX000315,P1133,Ibuprofen,400mg,74,Dr. R. Singh,2024-12-22,2024-07-07,Pending
RX000316,P1133,Amoxicillin,500mg,39,Dr. J. Nkosi,2023-08-23,2024-03-15,Cancelled
RX000317,P1133,Ramipril,5mg,33,Dr. Y. Tanaka,2023-05-19,2024-01-19,Pending
RX000318,P1134,Omeprazole,20mg,41,Dr. M. O'Brien,2024-06-17,,Dispensed
RX000319,P1134,Warfarin,3mg,33,Dr. M. O'Brien,2024-09-20,2024-11-19,Pending
RX000320,P1134,Amoxicillin,500mg,40,Dr. A. Patel,2023-06-02,2024-10-09,Cancelled
RX000321,P1135,Atorvastatin,20mg,37,Dr. Y. Tanaka,2024-02-20,2024-09-04,Cancelled
RX000322,P1135,Amoxicillin,500mg,36,Dr. J. Nkosi,2023-12-25,2024-01-12,Cancelled
RX000323,P1135,Salbutamol,100mcg,63,Dr. L. Torres,2024-08-29,,Pending
RX000324,P1135,Sertraline,50mg,53,Dr. Y. Tanaka,2024-12-15,2024-05-17,Dispensed
RX000325,P1136,Gabapentin,300mg,75,Dr. Y. Tanaka,2024-09-29,2024-05-04,Dispensed
RX000326,P1136,Metformin,500mg,59,Dr. L. Torres,2023-04-26,2024-03-21,Dispensed
RX000327,P1137,Lisinopril,10mg,79,Dr. L. Torres,2024-08-27,2024-09-01,Dispensed
RX000328,P1137,Insulin Glargine,10 units,35,Dr. R. Singh,2023-09-24,2024-09-28,Cancelled
RX000329,P1138,Insulin Glargine,10 units,53,Dr. L. Torres,2023-03-04,2024-09-18,Pending
RX000330,P1138,Furosemide,40mg,64,Dr. L. Torres,2024-09-14,2024-02-14,Dispensed
RX000331,P1138,Atorvastatin,20mg,76,Dr. J. Nkosi,2024-01-09,2024-07-28,Cancelled
RX000332,P1138,Gabapentin,300mg,67,Dr. A. Patel,2024-02-23,2024-11-30,Cancelled
RX000333,P1139,Levothyroxine,50mcg,42,Dr. R. Singh,2023-03-05,2024-07-02,Pending
RX000334,P1139,Amlodipine,5mg,40,Dr. Y. Tanaka,2023-12-04,2024-07-03,Dispensed
RX000335,P1139,Ramipril,5mg,90,Dr. R. Singh,2023-01-12,,Pending
RX000336,P1140,Amlodipine,5mg,82,Dr. M. O'Brien,2024-10-13,2024-05-30,Dispensed
RX000337,P1141,Omeprazole,20mg,67,Dr. C. Müller,2024-08-04,2024-05-06,Pending
RX000338,P1141,Furosemide,40mg,30,Dr. C. Müller,2023-02-18,2024-02-14,Cancelled
RX000339,P1142,Lisinopril,10mg,68,Dr. A. Patel,2023-03-29,,Dispensed
RX000340,P1143,Aspirin,75mg,73,Dr. L. Torres,2024-11-13,2024-06-30,Dispensed
RX000341,P1143,Bisoprolol,2.5mg,48,Dr. J. Nkosi,2023-07-23,2024-05-12,Pending
RX000342,P1144,Warfarin,3mg,84,Dr. S. Khan,2024-02-04,2024-06-08,Dispensed
RX000343,P1144,Metformin,500mg,42,Dr. M. O'Brien,2023-03-24,,Pending
RX000344,P1144,Omeprazole,20mg,86,Dr. M. O'Brien,2023-11-18,2024-07-14,Dispensed
RX000345,P1145,Clopidogrel,75mg,80,Dr. L. Torres,2023-05-27,2024-10-02,Dispensed
RX000346,P1145,Ibuprofen,400mg,74,Dr. A. Patel,2024-08-08,2024-12-24,Cancelled
RX000347,P1146,Metformin,500mg,50,Dr. A. Patel,2023-01-05,2024-02-18,Cancelled
RX000348,P1146,Paracetamol,500mg,87,Dr. S. Khan,2024-04-15,2024-01-31,Pending
RX000349,P1146,Bisoprolol,2.5mg,64,Dr. R. Singh,2024-01-15,2024-06-23,Cancelled
RX000350,P1146,Atorvastatin,20mg,69,Dr. J. Nkosi,2024-11-07,2024-07-05,Cancelled
RX000351,P1147,Metformin,500mg,43,Dr. L. Torres,2024-07-25,2024-07-09,Dispensed
RX000352,P1147,Aspirin,75mg,49,Dr. A. Patel,2024-10-28,2024-11-05,Cancelled
RX000353,P1148,Sertraline,50mg,71,Dr. A. Patel,2023-06-24,,Dispensed
RX000354,P1149,Salbutamol,100mcg,57,Dr. J. Nkosi,2024-10-02,2024-12-02,Cancelled
RX000355,P1149,Amoxicillin,500mg,67,Dr. C. Müller,2023-07-09,2024-12-28,Cancelled
RX000356,P1149,Insulin Glargine,10 units,88,Dr. C. Müller,2023-09-30,2024-03-28,Dispensed
RX000357,P1149,Lisinopril,10mg,64,Dr. C. Müller,2024-06-24,2024-10-15,Cancelled
RX000358,P1150,Lisinopril,10mg,52,Dr. J. Nkosi,2023-07-09,,Dispensed
RX000359,P1151,Sertraline,50mg,89,Dr. M. O'Brien,2023-11-15,2024-05-23,Cancelled
RX000360,P1152,Clopidogrel,75mg,39,Dr. S. Khan,2023-05-26,,Cancelled
RX000361,P1152,Salbutamol,100mcg,33,Dr. M. O'Brien,2023-07-16,2024-07-05,Pending
RX000362,P1152,Levothyroxine,50mcg,74,Dr. S. Khan,2024-02-09,,Pending
RX000363,P1153,Paracetamol,500mg,35,Dr. J. Nkosi,2024-09-12,2024-04-04,Pending
RX000364,P1153,Aspirin,75mg,53,Dr. C. Müller,2024-09-22,2024-10-12,Dispensed
RX000365,P1154,Omeprazole,20mg,50,Dr. A. Patel,2024-02-16,2024-07-29,Dispensed
RX000366,P1154,Gabapentin,300mg,46,Dr. A. Patel,2024-12-29,2024-01-31,Cancelled
RX000367,P1155,Levothyroxine,50mcg,71,Dr. Y. Tanaka,2024-05-06,2024-12-06,Dispensed
RX000368,P1155,Lisinopril,10mg,58,Dr. Y. Tanaka,2023-07-25,,Cancelled
RX000369,P1156,Amoxicillin,500mg,80,Dr. A. Patel,2023-11-01,2024-08-26,Pending
RX000370,P1156,Warfarin,3mg,88,Dr. C. Müller,2023-06-05,2024-10-05,Pending
RX000371,P1157,Ibuprofen,400mg,71,Dr. L. Torres,2023-07-13,2024-10-30,Dispensed
RX000372,P1157,Amoxicillin,500mg,32,Dr. M. O'Brien,2023-01-15,,Dispensed
RX000373,P1157,Insulin Glargine,10 units,48,Dr. J. Nkosi,2024-02-01,2024-03-01,Cancelled
RX000374,P1158,Salbutamol,100mcg,69,Dr. R. Singh,2024-05-31,2024-01-07,Dispensed
RX000375,P1158,Bisoprolol,2.5mg,85,Dr. M. O'Brien,2024-09-27,2024-03-24,Dispensed
RX000376,P1158,Lisinopril,10mg,74,Dr. R. Singh,2024-02-21,,Cancelled
RX000377,P1159,Aspirin,75mg,81,Dr. L. Torres,2023-10-09,2024-09-23,Cancelled
RX000378,P1159,Clopidogrel,75mg,59,Dr. L. Torres,2023-01-17,,Cancelled
RX000379,P1160,Amoxicillin,500mg,54,Dr. M. O'Brien,2023-09-29,,Dispensed
RX000380,P1160,Ramipril,5mg,60,Dr. Y. Tanaka,2023-05-30,2024-03-09,Pending
RX000381,P1161,Amlodipine,5mg,58,Dr. C. Müller,2023-07-21,2024-03-18,Dispensed
RX000382,P1161,Omeprazole,20mg,78,Dr. S. Khan,2023-07-31,2024-04-02,Cancelled
RX000383,P1161,Lisinopril,10mg,87,Dr. C. Müller,2023-04-16,,Pending
RX000384,P1162,Warfarin,3mg,85,Dr. R. Singh,2023-09-22,,Pending
RX000385,P1163,Omeprazole,20mg,53,Dr. J. Nkosi,2024-09-20,2024-08-05,Dispensed
RX000386,P1164,Sertraline,50mg,79,Dr. A. Patel,2024-06-04,,Cancelled
RX000387,P1165,Warfarin,3mg,29,Dr. Y. Tanaka,2024-01-20,2024-06-10,Pending
RX000388,P1165,Gabapentin,300mg,34,Dr. R. Singh,2023-08-27,,Cancelled
RX000389,P1165,Amlodipine,5mg,57,Dr. R. Singh,2023-08-30,,Dispensed
RX000390,P1165,Levothyroxine,50mcg,72,Dr. L. Torres,2023-08-12,2024-12-08,Cancelled
RX000391,P1166,Gabapentin,300mg,69,Dr. J. Nkosi,2023-11-19,,Dispensed
RX000392,P1167,Salbutamol,100mcg,48,Dr. A. Patel,2023-07-21,,Pending
RX000393,P1167,Ramipril,5mg,77,Dr. L. Torres,2024-08-12,,Pending
RX000394,P1168,Bisoprolol,2.5mg,85,Dr. L. Torres,2024-09-26,2024-06-14,Pending
RX000395,P1168,Amoxicillin,500mg,58,Dr. A. Patel,2023-04-02,2024-03-31,Pending
RX000396,P1169,Salbutamol,100mcg,79,Dr. Y. Tanaka,2024-10-19,,Cancelled
RX000397,P1169,Levothyroxine,50mcg,60,Dr. M. O'Brien,2024-12-07,,Pending
RX000398,P1169,Prednisolone,5mg,35,Dr. M. O'Brien,2024-05-27,2024-06-10,Pending
RX000399,P1169,Furosemide,40mg,34,Dr. J. Nkosi,2023-02-24,,Pending
RX000400,P1170,Warfarin,3mg,83,Dr. Y. Tanaka,2023-08-20,,Dispensed
RX000401,P1171,Sertraline,50mg,34,Dr. R. Singh,2024-02-24,,Pending
RX000402,P1171,Levothyroxine,50mcg,39,Dr. J. Nkosi,2024-10-02,2024-05-22,Cancelled
RX000403,P1171,Furosemide,40mg,48,Dr. A. Patel,2024-07-05,2024-06-05,Cancelled
RX000404,P1172,Lisinopril,10mg,77,Dr. S. Khan,2023-06-24,2024-06-30,Pending
RX000405,P1172,Ramipril,5mg,28,Dr. S. Khan,2024-12-29,2024-11-21,Cancelled
RX000406,P1172,Prednisolone,5mg,30,Dr. L. Torres,2023-05-05,2024-06-25,Cancelled
RX000407,P1173,Aspirin,75mg,60,Dr. A. Patel,2024-03-05,2024-06-11,Cancelled
RX000408,P1173,Prednisolone,5mg,74,Dr. C. Müller,2024-06-24,2024-11-20,Cancelled
RX000409,P1173,Lisinopril,10mg,50,Dr. S. Khan,2023-08-20,,Cancelled
RX000410,P1174,Omeprazole,20mg,54,Dr. R. Singh,2024-12-26,2024-06-12,Cancelled
RX000411,P1174,Warfarin,3mg,63,Dr. M. O'Brien,2023-06-12,2024-08-01,Cancelled
RX000412,P1174,Bisoprolol,2.5mg,82,Dr. L. Torres,2023-11-20,,Pending
RX000413,P1174,Levothyroxine,50mcg,31,Dr. R. Singh,2024-08-26,2024-03-17,Dispensed
RX000414,P1175,Atorvastatin,20mg,55,Dr. L. Torres,2024-01-28,2024-03-12,Cancelled
RX000415,P1176,Ibuprofen,400mg,36,Dr. Y. Tanaka,2023-05-05,2024-01-25,Pending
RX000416,P1176,Paracetamol,500mg,50,Dr. R. Singh,2023-09-11,2024-06-23,Cancelled
RX000417,P1176,Clopidogrel,75mg,74,Dr. J. Nkosi,2024-03-29,2024-06-01,Dispensed
RX000418,P1176,Insulin Glargine,10 units,82,Dr. C. Müller,2024-11-27,2024-04-06,Pending
RX000419,P1177,Atorvastatin,20mg,36,Dr. J. Nkosi,2024-01-02,2024-04-01,Cancelled
RX000420,P1177,Clopidogrel,75mg,69,Dr. S. Khan,2024-02-12,2024-10-21,Cancelled
RX000421,P1177,Warfarin,3mg,84,Dr. Y. Tanaka,2024-05-02,2024-04-12,Pending
RX000422,P1177,Aspirin,75mg,68,Dr. Y. Tanaka,2024-09-12,,Cancelled
RX000423,P1178,Ibuprofen,400mg,61,Dr. C. Müller,2023-04-12,2024-06-16,Dispensed
RX000424,P1178,Furosemide,40mg,82,Dr. L. Torres,2023-01-24,2024-04-15,Pending
RX000425,P1179,Prednisolone,5mg,43,Dr. J. Nkosi,2024-03-30,2024-06-25,Pending
RX000426,P1179,Sertraline,50mg,84,Dr. C. Müller,2023-03-28,2024-04-21,Pending
RX000427,P1179,Levothyroxine,50mcg,80,Dr. R. Singh,2024-02-21,2024-11-27,Dispensed
RX000428,P1179,Metformin,500mg,72,Dr. M. O'Brien,2024-01-20,2024-08-21,Cancelled
RX000429,P1180,Warfarin,3mg,73,Dr. R. Singh,2023-09-30,2024-01-03,Pending
RX000430,P1181,Ramipril,5mg,85,Dr. C. Müller,2024-05-02,2024-03-04,Dispensed
RX000431,P1182,Furosemide,40mg,60,Dr. Y. Tanaka,2023-10-12,,Cancelled
RX000432,P1182,Ibuprofen,400mg,36,Dr. J. Nkosi,2023-03-06,,Pending
RX000433,P1182,Metformin,500mg,43,Dr. R. Singh,2023-06-30,2024-12-28,Pending
RX000434,P1183,Amoxicillin,500mg,41,Dr. A. Patel,2023-06-05,2024-06-26,Cancelled
RX000435,P1183,Furosemide,40mg,59,Dr. Y. Tanaka,2023-11-17,2024-02-11,Pending
RX000436,P1183,Insulin Glargine,10 units,59,Dr. L. Torres,2023-04-09,2024-08-04,Cancelled
RX000437,P1183,Salbutamol,100mcg,53,Dr. S. Khan,2023-10-12,2024-11-13,Cancelled
RX000438,P1184,Lisinopril,10mg,46,Dr. J. Nkosi,2023-01-18,2024-05-10,Pending
RX000439,P1184,Insulin Glargine,10 units,74,Dr. S. Khan,2024-07-02,2024-06-24,Dispensed
RX000440,P1184,Amlodipine,5mg,30,Dr. Y. Tanaka,2023-02-18,2024-08-29,Cancelled
RX000441,P1185,Amlodipine,5mg,79,Dr. Y. Tanaka,2023-08-16,2024-12-01,Cancelled
RX000442,P1185,Ramipril,5mg,37,Dr. Y. Tanaka,2023-07-13,2024-07-03,Pending
RX000443,P1185,Salbutamol,100mcg,37,Dr. S. Khan,2024-11-10,2024-02-13,Dispensed
RX000444,P1185,Furosemide,40mg,66,Dr. L. Torres,2023-07-25,,Dispensed
RX000445,P1186,Lisinopril,10mg,62,Dr. Y. Tanaka,2024-07-15,,Cancelled
RX000446,P1187,Bisoprolol,2.5mg,39,Dr. C. Müller,2023-04-20,,Dispensed
RX000447,P1187,Paracetamol,500mg,90,Dr. C. Müller,2023-01-26,,Cancelled
RX000448,P1187,Levothyroxine,50mcg,76,Dr. C. Müller,2024-03-25,2024-12-16,Dispensed
RX000449,P1188,Omeprazole,20mg,46,Dr. Y. Tanaka,2023-06-04,,Cancelled
RX000450,P1188,Amlodipine,5mg,87,Dr. A. Patel,2023-05-13,,Dispensed
RX000451,P1188,Warfarin,3mg,77,Dr. C. Müller,2024-07-28,2024-04-09,Pending
RX000452,P1189,Omeprazole,20mg,46,Dr. A. Patel,2023-11-18,2024-10-02,Dispensed
RX000453,P1189,Clopidogrel,75mg,34,Dr. R. Singh,2023-01-09,2024-06-29,Pending
RX000454,P1189,Amlodipine,5mg,66,Dr. R. Singh,2023-04-29,2024-02-02,Cancelled
RX000455,P1190,Insulin Glargine,10 units,84,Dr. L. Torres,2023-07-14,2024-12-02,Pending
RX000456,P1190,Paracetamol,500mg,30,Dr. Y. Tanaka,2023-04-19,2024-12-17,Dispensed
RX000457,P1190,Omeprazole,20mg,81,Dr. R. Singh,2023-03-21,2024-04-12,Dispensed
RX000458,P1191,Insulin Glargine,10 units,53,Dr. R. Singh,2023-10-25,,Cancelled
RX000459,P1191,Ramipril,5mg,78,Dr. R. Singh,2023-10-11,2024-10-10,Pending
RX000460,P1191,Furosemide,40mg,54,Dr. M. O'Brien,2024-12-25,,Dispensed
RX000461,P1192,Gabapentin,300mg,41,Dr. Y. Tanaka,2024-02-04,,Dispensed
RX000462,P1192,Ramipril,5mg,66,Dr. Y. Tanaka,2024-11-26,2024-12-27,Pending
RX000463,P1192,Levothyroxine,50mcg,40,Dr. M. O'Brien,2023-05-04,2024-05-12,Pending
RX000464,P1192,Amoxicillin,500mg,33,Dr. Y. Tanaka,2023-11-07,,Dispensed
RX000465,P1193,Furosemide,40mg,79,Dr. R. Singh,2023-05-03,2024-10-10,Dispensed
RX000466,P1193,Clopidogrel,75mg,65,Dr. A. Patel,2023-05-08,2024-10-26,Cancelled
RX000467,P1194,Amlodipine,5mg,43,Dr. A. Patel,2023-04-22,2024-07-12,Dispensed
RX000468,P1195,Clopidogrel,75mg,64,Dr. L. Torres,2024-08-19,2024-04-29,Cancelled
RX000469,P1196,Levothyroxine,50mcg,71,Dr. A. Patel,2023-08-06,2024-08-04,Pending
RX000470,P1196,Amlodipine,5mg,85,Dr. Y. Tanaka,2024-11-03,2024-02-03,Dispensed
RX000471,P1197,Metformin,500mg,88,Dr. M. O'Brien,2023-02-26,2024-10-06,Cancelled
RX000472,P1197,Bisoprolol,2.5mg,86,Dr. C. Müller,2023-02-14,2024-05-09,Cancelled
RX000473,P1197,Salbutamol,100mcg,67,Dr. Y. Tanaka,2024-08-26,2024-04-16,Pending
RX000474,P1197,Sertraline,50mg,59,Dr. J. Nkosi,2023-07-04,2024-09-08,Dispensed
RX000475,P1198,Omeprazole,20mg,87,Dr. J. Nkosi,2023-11-25,2024-03-23,Dispensed
RX000476,P1198,Lisinopril,10mg,32,Dr. J. Nkosi,2023-06-22,2024-01-19,Cancelled
RX000477,P1198,Salbutamol,100mcg,68,Dr. M. O'Brien,2024-01-29,,Dispensed
RX000478,P1199,Paracetamol,500mg,83,Dr. L. Torres,2024-03-06,2024-11-01,Dispensed
RX000479,P1199,Aspirin,75mg,80,Dr. R. Singh,2024-02-25,2024-09-08,Pending
RX000480,P1199,Ramipril,5mg,62,Dr. M. O'Brien,2023-05-22,2024-10-12,Dispensed
RX000481,P1199,Sertraline,50mg,89,Dr. S. Khan,2024-01-01,2024-04-17,Cancelled
RX000482,P1200,Levothyroxine,50mcg,61,Dr. J. Nkosi,2024-09-06,2024-09-20,Pending
RX000483,P1200,Clopidogrel,75mg,59,Dr. S. Khan,2024-02-06,2024-05-25,Pending
RX000484,P1200,Warfarin,3mg,34,Dr. Y. Tanaka,2024-07-20,2024-01-30,Pending
RX000485,P1201,Metformin,500mg,66,Dr. C. Müller,2024-07-12,,Pending
RX000486,P1202,Metformin,500mg,51,Dr. C. Müller,2023-01-28,2024-04-11,Cancelled
RX000487,P1202,Warfarin,3mg,47,Dr. A. Patel,2023-11-07,,Pending
RX000488,P1202,Furosemide,40mg,82,Dr. M. O'Brien,2024-04-09,2024-05-09,Dispensed
RX000489,P1203,Sertraline,50mg,40,Dr. Y. Tanaka,2023-11-11,2024-02-13,Dispensed
RX000490,P1204,Salbutamol,100mcg,64,Dr. M. O'Brien,2024-10-06,2024-10-24,Dispensed
RX000491,P1204,Gabapentin,300mg,83,Dr. A. Patel,2024-09-17,2024-10-06,Pending
RX000492,P1205,Prednisolone,5mg,68,Dr. S. Khan,2024-09-16,,Cancelled
RX000493,P1205,Furosemide,40mg,71,Dr. M. O'Brien,2024-09-23,2024-10-28,Dispensed
RX000494,P1205,Amoxicillin,500mg,81,Dr. C. Müller,2024-04-18,2024-10-27,Dispensed
RX000495,P1205,Sertraline,50mg,83,Dr. J. Nkosi,2023-08-21,,Pending
RX000496,P1206,Amoxicillin,500mg,74,Dr. C. Müller,2023-10-09,2024-02-12,Dispensed
RX000497,P1206,Insulin Glargine,10 units,32,Dr. C. Müller,2023-12-06,2024-01-27,Dispensed
RX000498,P1206,Omeprazole,20mg,90,Dr. A. Patel,2023-12-12,2024-06-16,Cancelled
RX000499,P1206,Gabapentin,300mg,59,Dr. C. Müller,2024-09-30,2024-12-01,Dispensed
RX000500,P1207,Salbutamol,100mcg,56,Dr. A. Patel,2023-01-23,2024-08-08,Dispensed
RX000501,P1208,Paracetamol,500mg,58,Dr. L. Torres,2024-06-02,2024-04-07,Cancelled
RX000502,P1208,Amlodipine,5mg,52,Dr. M. O'Brien,2024-02-24,,Dispensed
RX000503,P1208,Metformin,500mg,30,Dr. Y. Tanaka,2024-11-09,,Pending
RX000504,P1209,Insulin Glargine,10 units,75,Dr. R. Singh,2024-07-10,,Cancelled
RX000505,P1209,Aspirin,75mg,60,Dr. L. Torres,2023-08-24,2024-07-20,Cancelled
RX000506,P1209,Atorvastatin,20mg,65,Dr. M. O'Brien,2024-03-29,2024-02-03,Pending
RX000507,P1209,Ramipril,5mg,57,Dr. S. Khan,2024-05-09,2024-02-22,Pending
RX000508,P1210,Amlodipine,5mg,48,Dr. C. Müller,2023-07-02,2024-08-21,Pending
RX000509,P1210,Bisoprolol,2.5mg,35,Dr. S. Khan,2023-07-26,,Dispensed
RX000510,P1210,Levothyroxine,50mcg,28,Dr. M. O'Brien,2023-05-08,2024-07-16,Pending
RX000511,P1211,Omeprazole,20mg,30,Dr. R. Singh,2024-02-29,2024-05-21,Pending
RX000512,P1212,Amlodipine,5mg,47,Dr. S. Khan,2023-08-23,2024-04-13,Dispensed
RX000513,P1213,Ramipril,5mg,41,Dr. J. Nkosi,2023-07-15,2024-06-23,Dispensed
RX000514,P1214,Levothyroxine,50mcg,60,Dr. S. Khan,2024-03-19,2024-10-25,Dispensed
RX000515,P1214,Omeprazole,20mg,77,Dr. Y. Tanaka,2024-01-05,,Cancelled
RX000516,P1214,Gabapentin,300mg,52,Dr. Y. Tanaka,2023-04-03,,Cancelled
RX000517,P1214,Atorvastatin,20mg,43,Dr. Y. Tanaka,2024-06-18,2024-06-23,Cancelled
RX000518,P1215,Prednisolone,5mg,67,Dr. C. Müller,2024-02-04,,Cancelled
RX000519,P1215,Metformin,500mg,32,Dr. Y. Tanaka,2024-07-12,2024-09-24,Cancelled
RX000520,P1216,Clopidogrel,75mg,71,Dr. R. Singh,2023-04-17,2024-02-17,Cancelled
RX000521,P1216,Ibuprofen,400mg,48,Dr. A. Patel,2024-06-11,,Cancelled
RX000522,P1217,Bisoprolol,2.5mg,35,Dr. M. O'Brien,2023-04-06,,Dispensed
RX000523,P1217,Salbutamol,100mcg,62,Dr. M. O'Brien,2024-12-10,2024-04-03,Cancelled
RX000524,P1217,Aspirin,75mg,84,Dr. Y. Tanaka,2023-04-07,2024-06-08,Dispensed
RX000525,P1218,Levothyroxine,50mcg,65,Dr. R. Singh,2023-07-01,2024-06-13,Cancelled
RX000526,P1218,Ramipril,5mg,45,Dr. L. Torres,2023-10-28,2024-12-22,Cancelled
RX000527,P1218,Bisoprolol,2.5mg,39,Dr. M. O'Brien,2023-08-09,,Dispensed
RX000528,P1219,Amoxicillin,500mg,65,Dr. L. Torres,2023-01-31,,Cancelled
RX000529,P1219,Lisinopril,10mg,72,Dr. S. Khan,2023-02-23,,Pending
RX000530,P1219,Amlodipine,5mg,38,Dr. J. Nkosi,2024-10-05,,Dispensed
RX000531,P1219,Sertraline,50mg,34,Dr. A. Patel,2024-02-16,2024-07-09,Pending
RX000532,P1220,Amoxicillin,500mg,46,Dr. J. Nkosi,2023-03-06,2024-04-21,Pending
RX000533,P1220,Furosemide,40mg,46,Dr. S. Khan,2024-03-10,2024-10-30,Pending
RX000534,P1221,Amlodipine,5mg,48,Dr. C. Müller,2023-04-08,2024-07-07,Dispensed
RX000535,P1221,Levothyroxine,50mcg,35,Dr. Y. Tanaka,2024-05-15,2024-01-20,Dispensed
RX000536,P1221,Insulin Glargine,10 units,28,Dr. C. Müller,2023-11-30,2024-01-05,Dispensed
RX000537,P1222,Metformin,500mg,87,Dr. M. O'Brien,2023-04-09,2024-11-26,Pending
RX000538,P1222,Gabapentin,300mg,76,Dr. C. Müller,2023-06-02,2024-04-26,Dispensed
RX000539,P1222,Insulin Glargine,10 units,51,Dr. Y. Tanaka,2024-07-10,,Cancelled
RX000540,P1223,Paracetamol,500mg,60,Dr. R. Singh,2023-07-26,2024-12-31,Dispensed
RX000541,P1223,Insulin Glargine,10 units,73,Dr. A. Patel,2024-04-08,,Cancelled
RX000542,P1223,Levothyroxine,50mcg,57,Dr. R. Singh,2024-10-10,,Pending
RX000543,P1223,Omeprazole,20mg,77,Dr. J. Nkosi,2023-06-10,2024-01-05,Dispensed
RX000544,P1224,Amlodipine,5mg,80,Dr. A. Patel,2023-08-22,2024-01-03,Dispensed
RX000545,P1224,Lisinopril,10mg,79,Dr. L. Torres,2023-04-30,,Cancelled
RX000546,P1224,Aspirin,75mg,89,Dr. R. Singh,2023-08-30,2024-11-18,Cancelled
RX000547,P1225,Omeprazole,20mg,76,Dr. R. Singh,2023-06-20,,Dispensed
RX000548,P1225,Atorvastatin,20mg,84,Dr. A. Patel,2023-04-16,2024-10-03,Cancelled
RX000549,P1226,Metformin,500mg,81,Dr. J. Nkosi,2024-01-17,2024-12-26,Pending
RX000550,P1226,Warfarin,3mg,73,Dr. L. Torres,2024-02-10,,Dispensed
RX000551,P1226,Insulin Glargine,10 units,47,Dr. R. Singh,2023-01-25,2024-02-20,Dispensed
RX000552,P1227,Amlodipine,5mg,44,Dr. Y. Tanaka,2023-03-31,2024-06-06,Cancelled
RX000553,P1227,Warfarin,3mg,44,Dr. R. Singh,2023-01-17,,Dispensed
RX000554,P1227,Prednisolone,5mg,44,Dr. Y. Tanaka,2023-05-23,2024-11-12,Pending
RX000555,P1227,Omeprazole,20mg,29,Dr. A. Patel,2023-08-23,2024-07-12,Pending
RX000556,P1228,Gabapentin,300mg,29,Dr. S. Khan,2023-11-30,2024-08-25,Pending
RX000557,P1228,Levothyroxine,50mcg,50,Dr. A. Patel,2023-05-10,,Pending
RX000558,P1228,Atorvastatin,20mg,49,Dr. L. Torres,2023-09-08,,Dispensed
RX000559,P1228,Insulin Glargine,10 units,88,Dr. C. Müller,2024-10-11,,Pending
RX000560,P1229,Ramipril,5mg,77,Dr. R. Singh,2023-11-08,2024-08-26,Cancelled
RX000561,P1229,Amlodipine,5mg,87,Dr. S. Khan,2024-08-15,2024-12-14,Cancelled
RX000562,P1229,Salbutamol,100mcg,43,Dr. M. O'Brien,2024-10-05,,Cancelled
RX000563,P1230,Bisoprolol,2.5mg,87,Dr. R. Singh,2023-01-09,,Dispensed
RX000564,P1230,Clopidogrel,75mg,44,Dr. S. Khan,2023-04-28,2024-08-25,Pending
RX000565,P1230,Sertraline,50mg,61,Dr. R. Singh,2023-05-27,2024-11-15,Dispensed
RX000566,P1231,Sertraline,50mg,49,Dr. J. Nkosi,2024-03-13,2024-01-04,Dispensed
RX000567,P1232,Gabapentin,300mg,53,Dr. R. Singh,2024-04-18,,Pending
RX000568,P1233,Amoxicillin,500mg,38,Dr. Y. Tanaka,2024-01-16,2024-01-24,Cancelled
RX000569,P1233,Omeprazole,20mg,67,Dr. Y. Tanaka,2024-02-07,2024-12-23,Cancelled
RX000570,P1234,Prednisolone,5mg,83,Dr. S. Khan,2024-07-31,,Dispensed
RX000571,P1234,Atorvastatin,20mg,59,Dr. L. Torres,2023-05-14,2024-10-05,Dispensed
RX000572,P1234,Ramipril,5mg,65,Dr. J. Nkosi,2023-06-29,,Pending
RX000573,P1234,Amoxicillin,500mg,30,Dr. J. Nkosi,2023-12-07,2024-01-10,Dispensed
RX000574,P1235,Prednisolone,5mg,38,Dr. R. Singh,2023-11-20,2024-10-11,Cancelled
RX000575,P1236,Omeprazole,20mg,52,Dr. R. Singh,2024-06-08,,Dispensed
RX000576,P1236,Aspirin,75mg,81,Dr. C. Müller,2023-02-24,2024-05-29,Dispensed
RX000577,P1236,Amlodipine,5mg,85,Dr. J. Nkosi,2023-07-04,2024-07-27,Pending
RX000578,P1237,Atorvastatin,20mg,65,Dr. A. Patel,2024-12-08,2024-07-17,Cancelled
RX000579,P1238,Omeprazole,20mg,81,Dr. Y. Tanaka,2024-11-02,2024-07-09,Pending
RX000580,P1238,Paracetamol,500mg,45,Dr. L. Torres,2024-08-26,,Cancelled
RX000581,P1238,Ramipril,5mg,76,Dr. M. O'Brien,2023-01-01,2024-03-25,Cancelled
RX000582,P1238,Aspirin,75mg,61,Dr. M. O'Brien,2024-03-02,2024-11-03,Pending
RX000583,P1239,Insulin Glargine,10 units,60,Dr. M. O'Brien,2024-01-22,2024-08-10,Cancelled
RX000584,P1239,Amlodipine,5mg,77,Dr. C. Müller,2024-09-25,,Pending
RX000585,P1240,Amoxicillin,500mg,87,Dr. Y. Tanaka,2023-11-11,2024-12-23,Cancelled
RX000586,P1240,Aspirin,75mg,44,Dr. M. O'Brien,2024-02-17,2024-01-23,Cancelled
RX000587,P1241,Amoxicillin,500mg,72,Dr. M. O'Brien,2024-02-09,,Cancelled
RX000588,P1241,Aspirin,75mg,50,Dr. L. Torres,2023-10-31,2024-11-06,Dispensed
RX000589,P1241,Sertraline,50mg,58,Dr. C. Müller,2024-10-02,2024-02-05,Dispensed
RX000590,P1241,Clopidogrel,75mg,81,Dr. M. O'Brien,2024-02-18,2024-08-24,Cancelled
RX000591,P1242,Furosemide,40mg,50,Dr. R. Singh,2024-03-14,,Pending
RX000592,P1242,Ibuprofen,400mg,66,Dr. J. Nkosi,2023-03-09,2024-07-03,Dispensed
RX000593,P1243,Bisoprolol,2.5mg,64,Dr. J. Nkosi,2023-08-23,2024-10-04,Dispensed
RX000594,P1243,Metformin,500mg,71,Dr. J. Nkosi,2024-10-24,,Dispensed
RX000595,P1243,Furosemide,40mg,77,Dr. R. Singh,2023-12-01,2024-07-13,Pending
RX000596,P1244,Ramipril,5mg,34,Dr. S. Khan,2024-07-29,2024-09-12,Pending
RX000597,P1244,Amoxicillin,500mg,60,Dr. C. Müller,2023-10-19,2024-02-12,Cancelled
RX000598,P1245,Sertraline,50mg,77,Dr. Y. Tanaka,2023-04-14,,Cancelled
RX000599,P1245,Insulin Glargine,10 units,36,Dr. L. Torres,2024-01-09,,Cancelled
RX000600,P1245,Warfarin,3mg,50,Dr. C. Müller,2023-02-16,2024-12-24,Dispensed
RX000601,P1245,Ibuprofen,400mg,42,Dr. L. Torres,2023-09-10,2024-10-15,Pending
RX000602,P1246,Gabapentin,300mg,62,Dr. R. Singh,2023-02-19,2024-02-02,Cancelled
RX000603,P1246,Furosemide,40mg,30,Dr. J. Nkosi,2023-02-27,2024-08-07,Dispensed
RX000604,P1246,Metformin,500mg,69,Dr. L. Torres,2024-05-25,,Dispensed
RX000605,P1247,Ramipril,5mg,48,Dr. Y. Tanaka,2023-03-26,2024-08-07,Cancelled
RX000606,P1247,Salbutamol,100mcg,85,Dr. L. Torres,2023-07-17,2024-01-16,Cancelled
RX000607,P1247,Amoxicillin,500mg,62,Dr. L. Torres,2024-02-07,2024-05-07,Dispensed
RX000608,P1247,Warfarin,3mg,58,Dr. A. Patel,2023-07-24,,Pending
RX000609,P1248,Amlodipine,5mg,60,Dr. M. O'Brien,2023-03-31,2024-02-27,Pending
RX000610,P1248,Ramipril,5mg,30,Dr. C. Müller,2024-10-08,2024-12-20,Cancelled
RX000611,P1248,Bisoprolol,2.5mg,74,Dr. S. Khan,2023-06-21,,Pending
RX000612,P1248,Metformin,500mg,45,Dr. C. Müller,2024-09-26,2024-08-02,Pending
RX000613,P1249,Sertraline,50mg,85,Dr. M. O'Brien,2024-05-24,,Dispensed
RX000614,P1250,Metformin,500mg,89,Dr. A. Patel,2023-02-08,,Dispensed
RX000615,P1250,Clopidogrel,75mg,88,Dr. A. Patel,2024-06-25,2024-08-02,Cancelled
RX000616,P1250,Prednisolone,5mg,35,Dr. A. Patel,2024-02-13,2024-03-01,Pending
RX000617,P1251,Amlodipine,5mg,75,Dr. C. Müller,2023-06-17,2024-07-28,Dispensed
RX000618,P1251,Metformin,500mg,47,Dr. R. Singh,2024-12-21,2024-07-24,Dispensed
RX000619,P1251,Gabapentin,300mg,73,Dr. Y. Tanaka,2024-10-11,2024-01-18,Cancelled
RX000620,P1251,Levothyroxine,50mcg,69,Dr. R. Singh,2024-11-27,2024-03-16,Cancelled
RX000621,P1252,Omeprazole,20mg,67,Dr. R. Singh,2023-06-20,2024-04-26,Dispensed
RX000622,P1252,Amlodipine,5mg,85,Dr. L. Torres,2023-01-27,2024-07-30,Cancelled
RX000623,P1253,Sertraline,50mg,87,Dr. S. Khan,2023-08-10,2024-08-03,Cancelled
RX000624,P1253,Gabapentin,300mg,80,Dr. J. Nkosi,2024-06-05,,Cancelled
RX000625,P1254,Metformin,500mg,68,Dr. C. Müller,2024-05-06,2024-02-13,Pending
RX000626,P1254,Lisinopril,10mg,48,Dr. L. Torres,2023-06-05,2024-12-24,Cancelled
RX000627,P1254,Sertraline,50mg,68,Dr. L. Torres,2024-11-01,2024-12-23,Pending
RX000628,P1254,Paracetamol,500mg,76,Dr. J. Nkosi,2024-10-23,2024-11-23,Pending
RX000629,P1255,Ibuprofen,400mg,38,Dr. C. Müller,2024-11-23,2024-10-10,Cancelled
RX000630,P1256,Salbutamol,100mcg,49,Dr. A. Patel,2024-11-16,2024-07-06,Dispensed
RX000631,P1257,Sertraline,50mg,83,Dr. S. Khan,2023-01-13,2024-01-09,Pending
RX000632,P1257,Paracetamol,500mg,49,Dr. S. Khan,2023-07-14,2024-08-22,Dispensed
RX000633,P1257,Amlodipine,5mg,54,Dr. S. Khan,2024-10-14,2024-11-16,Dispensed
RX000634,P1258,Amoxicillin,500mg,49,Dr. Y. Tanaka,2024-06-12,2024-06-22,Dispensed
RX000635,P1259,Insulin Glargine,10 units,70,Dr. R. Singh,2023-01-30,2024-02-14,Cancelled
RX000636,P1260,Aspirin,75mg,83,Dr. R. Singh,2023-11-29,,Dispensed
RX000637,P1260,Furosemide,40mg,37,Dr. A. Patel,2024-04-05,2024-06-02,Cancelled
RX000638,P1260,Ramipril,5mg,65,Dr. R. Singh,2024-02-02,2024-10-26,Cancelled
RX000639,P1261,Salbutamol,100mcg,65,Dr. R. Singh,2023-01-13,,Cancelled
RX000640,P1261,Amlodipine,5mg,61,Dr. M. O'Brien,2024-09-12,2024-12-05,Dispensed
RX000641,P1261,Prednisolone,5mg,82,Dr. C. Müller,2024-10-22,2024-06-05,Dispensed
RX000642,P1262,Amoxicillin,500mg,58,Dr. Y. Tanaka,2023-08-29,2024-12-21,Dispensed
RX000643,P1263,Lisinopril,10mg,65,Dr. R. Singh,2023-08-23,2024-11-19,Dispensed
RX000644,P1263,Prednisolone,5mg,90,Dr. S. Khan,2023-11-06,,Dispensed
RX000645,P1263,Amoxicillin,500mg,42,Dr. C. Müller,2023-07-02,,Pending
RX000646,P1264,Furosemide,40mg,59,Dr. A. Patel,2023-09-22,2024-11-27,Pending
RX000647,P1264,Levothyroxine,50mcg,46,Dr. R. Singh,2023-12-14,,Dispensed
RX000648,P1265,Omeprazole,20mg,29,Dr. S. Khan,2024-10-24,,Pending
RX000649,P1265,Ramipril,5mg,90,Dr. R. Singh,2023-02-04,,Pending
RX000650,P1266,Bisoprolol,2.5mg,63,Dr. M. O'Brien,2024-03-14,2024-03-17,Pending
RX000651,P1266,Amoxicillin,500mg,87,Dr. Y. Tanaka,2023-12-28,2024-09-22,Pending
RX000652,P1266,Omeprazole,20mg,57,Dr. S. Khan,2024-06-21,,Dispensed
RX000653,P1267,Lisinopril,10mg,65,Dr. J. Nkosi,2023-11-11,2024-03-21,Dispensed
RX000654,P1267,Ramipril,5mg,41,Dr. L. Torres,2024-10-04,2024-12-11,Pending
RX000655,P1267,Clopidogrel,75mg,52,Dr. J. Nkosi,2024-05-31,2024-04-24,Cancelled
RX000656,P1268,Omeprazole,20mg,78,Dr. S. Khan,2023-10-22,,Dispensed
RX000657,P1268,Amoxicillin,500mg,59,Dr. R. Singh,2024-10-17,2024-07-09,Cancelled
RX000658,P1268,Sertraline,50mg,84,Dr. C. Müller,2024-04-15,2024-09-29,Cancelled
RX000659,P1268,Gabapentin,300mg,72,Dr. Y. Tanaka,2024-06-22,2024-01-25,Pending
RX000660,P1269,Lisinopril,10mg,90,Dr. Y. Tanaka,2023-07-02,2024-02-08,Cancelled
RX000661,P1269,Clopidogrel,75mg,29,Dr. A. Patel,2023-03-28,,Dispensed
RX000662,P1269,Sertraline,50mg,43,Dr. R. Singh,2023-07-23,2024-01-27,Cancelled
RX000663,P1270,Ibuprofen,400mg,61,Dr. C. Müller,2023-04-11,2024-03-29,Dispensed
RX000664,P1270,Sertraline,50mg,79,Dr. Y. Tanaka,2023-05-12,2024-06-05,Cancelled
RX000665,P1271,Insulin Glargine,10 units,66,Dr. L. Torres,2024-11-20,2024-03-16,Cancelled
RX000666,P1271,Metformin,500mg,50,Dr. M. O'Brien,2024-10-21,2024-11-26,Cancelled
RX000667,P1272,Levothyroxine,50mcg,83,Dr. M. O'Brien,2024-02-18,2024-08-26,Pending
RX000668,P1273,Atorvastatin,20mg,60,Dr. Y. Tanaka,2024-07-22,2024-04-17,Dispensed
RX000669,P1274,Ibuprofen,400mg,43,Dr. C. Müller,2024-11-21,2024-10-04,Dispensed
RX000670,P1275,Clopidogrel,75mg,62,Dr. Y. Tanaka,2023-10-07,,Cancelled
RX000671,P1275,Warfarin,3mg,56,Dr. J. Nkosi,2023-10-22,2024-02-14,Dispensed
RX000672,P1275,Insulin Glargine,10 units,82,Dr. M. O'Brien,2023-05-18,2024-07-27,Pending
RX000673,P1275,Amoxicillin,500mg,90,Dr. M. O'Brien,2024-12-25,2024-08-25,Pending
RX000674,P1276,Bisoprolol,2.5mg,41,Dr. M. O'Brien,2024-11-25,2024-10-19,Cancelled
RX000675,P1276,Sertraline,50mg,90,Dr. L. Torres,2024-05-15,,Cancelled
RX000676,P1276,Amoxicillin,500mg,77,Dr. L. Torres,2023-09-09,,Dispensed
RX000677,P1277,Sertraline,50mg,80,Dr. A. Patel,2023-01-18,2024-01-29,Pending
RX000678,P1278,Prednisolone,5mg,46,Dr. R. Singh,2024-10-07,2024-12-24,Dispensed
RX000679,P1279,Paracetamol,500mg,84,Dr. C. Müller,2024-01-17,2024-04-01,Cancelled
RX000680,P1279,Ramipril,5mg,74,Dr. M. O'Brien,2023-06-26,2024-12-17,Pending
RX000681,P1280,Ibuprofen,400mg,33,Dr. M. O'Brien,2024-01-16,2024-05-10,Cancelled
RX000682,P1281,Amoxicillin,500mg,83,Dr. J. Nkosi,2023-02-02,2024-02-04,Pending
RX000683,P1281,Paracetamol,500mg,65,Dr. M. O'Brien,2024-10-28,2024-11-04,Dispensed
RX000684,P1282,Bisoprolol,2.5mg,81,Dr. L. Torres,2024-11-28,2024-08-15,Cancelled
RX000685,P1282,Gabapentin,300mg,87,Dr. M. O'Brien,2024-10-21,2024-02-18,Dispensed
RX000686,P1283,Insulin Glargine,10 units,87,Dr. C. Müller,2024-03-15,2024-08-16,Pending
RX000687,P1283,Amlodipine,5mg,76,Dr. A. Patel,2023-10-23,2024-03-06,Pending
RX000688,P1283,Paracetamol,500mg,42,Dr. R. Singh,2023-02-08,2024-02-22,Cancelled
RX000689,P1283,Clopidogrel,75mg,86,Dr. J. Nkosi,2024-08-09,2024-04-30,Dispensed
RX000690,P1284,Prednisolone,5mg,60,Dr. C. Müller,2024-05-27,2024-02-15,Cancelled
RX000691,P1284,Gabapentin,300mg,28,Dr. R. Singh,2024-11-24,,Pending
RX000692,P1285,Bisoprolol,2.5mg,86,Dr. M. O'Brien,2023-04-14,2024-07-12,Pending
RX000693,P1285,Atorvastatin,20mg,90,Dr. L. Torres,2024-04-05,2024-09-19,Pending
RX000694,P1286,Ibuprofen,400mg,48,Dr. S. Khan,2023-12-17,2024-08-19,Cancelled
RX000695,P1286,Levothyroxine,50mcg,49,Dr. L. Torres,2023-10-01,2024-03-06,Cancelled
RX000696,P1286,Warfarin,3mg,28,Dr. R. Singh,2023-05-25,2024-12-06,Cancelled
RX000697,P1286,Sertraline,50mg,78,Dr. L. Torres,2023-03-06,2024-06-05,Pending
RX000698,P1287,Amlodipine,5mg,49,Dr. L. Torres,2024-01-15,2024-03-28,Cancelled
RX000699,P1287,Levothyroxine,50mcg,76,Dr. A. Patel,2023-06-06,,Cancelled
RX000700,P1287,Insulin Glargine,10 units,54,Dr. A. Patel,2023-08-22,,Dispensed
RX000701,P1288,Levothyroxine,50mcg,80,Dr. Y. Tanaka,2024-04-12,2024-12-20,Cancelled
RX000702,P1288,Prednisolone,5mg,76,Dr. R. Singh,2023-07-22,,Dispensed
RX000703,P1288,Amlodipine,5mg,66,Dr. Y. Tanaka,2023-02-06,2024-10-08,Pending
RX000704,P1288,Sertraline,50mg,84,Dr. Y. Tanaka,2023-04-03,2024-12-16,Pending
RX000705,P1289,Metformin,500mg,55,Dr. C. Müller,2024-06-14,,Cancelled
RX000706,P1289,Aspirin,75mg,69,Dr. R. Singh,2024-10-21,,Dispensed
RX000707,P1290,Prednisolone,5mg,50,Dr. Y. Tanaka,2024-08-15,,Cancelled
RX000708,P1290,Atorvastatin,20mg,33,Dr. L. Torres,2023-04-20,2024-03-22,Cancelled
RX000709,P1290,Clopidogrel,75mg,68,Dr. J. Nkosi,2024-02-14,2024-03-25,Cancelled
RX000710,P1291,Furosemide,40mg,84,Dr. J. Nkosi,2023-04-15,2024-12-08,Pending
RX000711,P1291,Lisinopril,10mg,31,Dr. A. Patel,2024-02-18,2024-04-30,Pending
RX000712,P1291,Clopidogrel,75mg,33,Dr. M. O'Brien,2024-07-09,2024-09-27,Cancelled
RX000713,P1292,Omeprazole,20mg,33,Dr. R. Singh,2023-01-15,2024-03-03,Pending
RX000714,P1292,Ibuprofen,400mg,35,Dr. S. Khan,2024-03-01,2024-11-19,Dispensed
RX000715,P1292,Salbutamol,100mcg,49,Dr. Y. Tanaka,2024-06-05,2024-07-08,Cancelled
RX000716,P1292,Insulin Glargine,10 units,83,Dr. J. Nkosi,2024-09-13,2024-04-08,Cancelled
RX000717,P1293,Omeprazole,20mg,59,Dr. C. Müller,2023-09-14,2024-05-26,Pending
RX000718,P1294,Salbutamol,100mcg,67,Dr. S. Khan,2023-03-31,,Dispensed
RX000719,P1294,Prednisolone,5mg,86,Dr. Y. Tanaka,2023-04-27,2024-03-27,Cancelled
RX000720,P1294,Clopidogrel,75mg,75,Dr. A. Patel,2023-04-15,2024-04-13,Pending
RX000721,P1294,Insulin Glargine,10 units,87,Dr. S. Khan,2023-07-12,2024-02-20,Dispensed
RX000722,P1295,Sertraline,50mg,73,Dr. S. Khan,2024-10-13,2024-07-29,Pending
RX000723,P1295,Amlodipine,5mg,70,Dr. Y. Tanaka,2023-08-20,2024-06-25,Dispensed
RX000724,P1295,Bisoprolol,2.5mg,83,Dr. S. Khan,2024-05-04,2024-03-21,Pending
RX000725,P1295,Atorvastatin,20mg,31,Dr. S. Khan,2024-01-27,,Pending
RX000726,P1296,Sertraline,50mg,51,Dr. L. Torres,2023-12-17,2024-05-10,Pending
RX000727,P1296,Gabapentin,300mg,36,Dr. A. Patel,2024-09-18,,Cancelled
RX000728,P1297,Ibuprofen,400mg,34,Dr. C. Müller,2023-11-25,2024-08-07,Cancelled
RX000729,P1297,Omeprazole,20mg,40,Dr. Y. Tanaka,2024-07-01,2024-10-14,Cancelled
RX000730,P1298,Amlodipine,5mg,76,Dr. A. Patel,2024-07-20,,Dispensed
RX000731,P1298,Lisinopril,10mg,43,Dr. C. Müller,2024-05-24,2024-12-15,Pending
RX000732,P1298,Levothyroxine,50mcg,58,Dr. C. Müller,2024-02-20,2024-12-25,Dispensed
RX000733,P1299,Furosemide,40mg,39,Dr. J. Nkosi,2023-05-24,,Cancelled
RX000734,P1300,Furosemide,40mg,89,Dr. A. Patel,2023-11-10,2024-10-11,Dispensed
RX000735,P1300,Levothyroxine,50mcg,28,Dr. Y. Tanaka,2023-11-23,2024-12-02,Pending
RX000736,P1300,Bisoprolol,2.5mg,67,Dr. J. Nkosi,2024-06-30,2024-12-31,Pending
RX000737,P1300,Sertraline,50mg,40,Dr. Y. Tanaka,2024-06-10,,Cancelled
RX000738,P1301,Paracetamol,500mg,64,Dr. S. Khan,2024-02-14,,Pending
RX000739,P1301,Lisinopril,10mg,82,Dr. J. Nkosi,2023-11-05,2024-01-09,Dispensed
RX000740,P1301,Warfarin,3mg,44,Dr. S. Khan,2024-12-28,2024-03-17,Pending
RX000741,P1302,Ibuprofen,400mg,49,Dr. S. Khan,2023-05-12,,Pending
RX000742,P1302,Salbutamol,100mcg,49,Dr. M. O'Brien,2024-09-07,2024-06-02,Pending
RX000743,P1303,Paracetamol,500mg,60,Dr. J. Nkosi,2023-01-24,2024-08-11,Cancelled
RX000744,P1303,Aspirin,75mg,35,Dr. R. Singh,2024-12-12,2024-05-16,Dispensed
RX000745,P1304,Amoxicillin,500mg,59,Dr. A. Patel,2023-01-12,2024-07-21,Cancelled
RX000746,P1304,Gabapentin,300mg,90,Dr. M. O'Brien,2024-12-25,2024-07-23,Pending
RX000747,P1304,Metformin,500mg,63,Dr. J. Nkosi,2023-02-01,2024-03-06,Dispensed
RX000748,P1305,Amlodipine,5mg,41,Dr. J. Nkosi,2024-11-20,2024-08-28,Cancelled
RX000749,P1306,Omeprazole,20mg,73,Dr. C. Müller,2023-11-21,2024-03-13,Cancelled
RX000750,P1306,Prednisolone,5mg,38,Dr. R. Singh,2024-05-23,2024-10-04,Pending
RX000751,P1306,Aspirin,75mg,56,Dr. Y. Tanaka,2023-03-19,,Dispensed
RX000752,P1307,Ibuprofen,400mg,42,Dr. Y. Tanaka,2023-12-03,2024-07-26,Cancelled
RX000753,P1308,Clopidogrel,75mg,61,Dr. L. Torres,2023-04-30,,Dispensed
RX000754,P1308,Metformin,500mg,62,Dr. M. O'Brien,2024-09-20,,Dispensed
RX000755,P1308,Ramipril,5mg,89,Dr. J. Nkosi,2024-08-21,2024-04-06,Pending
RX000756,P1308,Warfarin,3mg,56,Dr. S. Khan,2024-08-20,2024-06-21,Pending
RX000757,P1309,Amlodipine,5mg,51,Dr. C. Müller,2024-12-09,2024-11-18,Pending
RX000758,P1309,Metformin,500mg,66,Dr. C. Müller,2023-09-15,2024-10-10,Cancelled
RX000759,P1310,Levothyroxine,50mcg,62,Dr. J. Nkosi,2023-11-21,,Cancelled
RX000760,P1310,Amoxicillin,500mg,62,Dr. J. Nkosi,2024-11-30,2024-02-19,Cancelled
RX000761,P1310,Omeprazole,20mg,86,Dr. S. Khan,2024-09-25,2024-03-07,Pending
RX000762,P1310,Paracetamol,500mg,87,Dr. M. O'Brien,2024-12-24,2024-11-22,Dispensed
RX000763,P1311,Insulin Glargine,10 units,37,Dr. Y. Tanaka,2024-01-22,,Cancelled
RX000764,P1311,Lisinopril,10mg,90,Dr. S. Khan,2023-10-23,2024-02-14,Dispensed
RX000765,P1312,Metformin,500mg,54,Dr. S. Khan,2024-06-17,,Dispensed
RX000766,P1312,Levothyroxine,50mcg,63,Dr. R. Singh,2023-07-13,2024-03-29,Pending
RX000767,P1313,Lisinopril,10mg,76,Dr. C. Müller,2024-01-17,2024-11-05,Pending
RX000768,P1314,Gabapentin,300mg,55,Dr. J. Nkosi,2024-03-01,2024-11-25,Cancelled
RX000769,P1315,Aspirin,75mg,85,Dr. C. Müller,2024-11-17,,Cancelled
RX000770,P1316,Bisoprolol,2.5mg,74,Dr. J. Nkosi,2023-05-22,2024-08-14,Cancelled
RX000771,P1317,Insulin Glargine,10 units,87,Dr. L. Torres,2024-08-14,2024-08-21,Dispensed
RX000772,P1317,Warfarin,3mg,74,Dr. S. Khan,2023-06-12,2024-04-17,Cancelled
RX000773,P1317,Aspirin,75mg,59,Dr. J. Nkosi,2024-03-28,2024-07-12,Pending
RX000774,P1317,Amlodipine,5mg,36,Dr. A. Patel,2023-02-17,2024-03-30,Cancelled
RX000775,P1318,Ibuprofen,400mg,64,Dr. A. Patel,2023-04-08,2024-05-14,Pending
RX000776,P1318,Ramipril,5mg,90,Dr. M. O'Brien,2023-10-14,,Pending
RX000777,P1318,Amlodipine,5mg,90,Dr. J. Nkosi,2023-04-12,,Cancelled
RX000778,P1319,Furosemide,40mg,71,Dr. S. Khan,2024-04-23,2024-08-30,Cancelled
RX000779,P1319,Insulin Glargine,10 units,73,Dr. Y. Tanaka,2024-08-25,2024-05-18,Dispensed
RX000780,P1320,Omeprazole,20mg,79,Dr. R. Singh,2023-06-27,2024-10-19,Cancelled
RX000781,P1320,Paracetamol,500mg,70,Dr. S. Khan,2024-12-03,2024-01-14,Pending
RX000782,P1320,Aspirin,75mg,70,Dr. C. Müller,2023-03-18,2024-05-25,Dispensed
RX000783,P1321,Amlodipine,5mg,58,Dr. J. Nkosi,2024-07-03,,Pending
RX000784,P1321,Insulin Glargine,10 units,66,Dr. L. Torres,2023-10-09,2024-09-30,Dispensed
RX000785,P1322,Aspirin,75mg,90,Dr. A. Patel,2024-08-25,2024-04-03,Dispensed
RX000786,P1322,Ramipril,5mg,53,Dr. C. Müller,2024-08-08,2024-02-05,Pending
RX000787,P1322,Furosemide,40mg,44,Dr. Y. Tanaka,2023-04-19,2024-08-25,Pending
RX000788,P1323,Ramipril,5mg,55,Dr. C. Müller,2023-08-03,,Cancelled
RX000789,P1323,Levothyroxine,50mcg,61,Dr. L. Torres,2024-03-04,2024-11-14,Cancelled
RX000790,P1324,Sertraline,50mg,60,Dr. A. Patel,2024-01-02,2024-07-15,Cancelled
RX000791,P1324,Amlodipine,5mg,56,Dr. C. Müller,2023-04-15,2024-03-09,Pending
RX000792,P1324,Bisoprolol,2.5mg,30,Dr. J. Nkosi,2023-02-08,2024-07-20,Dispensed
RX000793,P1324,Ramipril,5mg,51,Dr. R. Singh,2024-04-10,,Pending
RX000794,P1325,Clopidogrel,75mg,36,Dr. M. O'Brien,2023-08-27,,Cancelled
RX000795,P1325,Insulin Glargine,10 units,66,Dr. L. Torres,2024-10-01,,Cancelled
RX000796,P1326,Ibuprofen,400mg,41,Dr. J. Nkosi,2024-10-26,,Cancelled
RX000797,P1326,Warfarin,3mg,32,Dr. M. O'Brien,2024-08-18,,Dispensed
RX000798,P1326,Ramipril,5mg,55,Dr. S. Khan,2024-02-28,2024-01-20,Cancelled
RX000799,P1327,Paracetamol,500mg,53,Dr. S. Khan,2024-10-22,,Cancelled
RX000800,P1327,Clopidogrel,75mg,83,Dr. A. Patel,2024-06-01,,Cancelled
RX000801,P1328,Prednisolone,5mg,32,Dr. C. Müller,2024-04-21,,Pending
RX000802,P1329,Salbutamol,100mcg,52,Dr. Y. Tanaka,2023-02-26,2024-06-23,Cancelled
RX000803,P1329,Atorvastatin,20mg,79,Dr. L. Torres,2023-06-18,2024-08-18,Dispensed
RX000804,P1330,Paracetamol,500mg,39,Dr. Y. Tanaka,2024-06-08,,Dispensed
RX000805,P1331,Atorvastatin,20mg,63,Dr. C. Müller,2024-02-14,,Pending
RX000806,P1331,Bisoprolol,2.5mg,54,Dr. L. Torres,2023-04-26,2024-04-23,Cancelled
RX000807,P1331,Paracetamol,500mg,81,Dr. C. Müller,2024-08-11,,Dispensed
RX000808,P1331,Sertraline,50mg,88,Dr. A. Patel,2024-04-17,2024-11-02,Cancelled
RX000809,P1332,Amlodipine,5mg,63,Dr. M. O'Brien,2023-04-21,,Cancelled
RX000810,P1332,Metformin,500mg,53,Dr. A. Patel,2023-04-24,,Dispensed
RX000811,P1332,Omeprazole,20mg,43,Dr. L. Torres,2023-11-30,,Pending
RX000812,P1332,Furosemide,40mg,90,Dr. S. Khan,2023-03-12,,Dispensed
RX000813,P1333,Aspirin,75mg,32,Dr. C. Müller,2023-03-17,2024-03-09,Dispensed
RX000814,P1333,Metformin,500mg,87,Dr. M. O'Brien,2024-10-09,,Dispensed
RX000815,P1334,Paracetamol,500mg,83,Dr. Y. Tanaka,2024-09-03,,Dispensed
RX000816,P1334,Amlodipine,5mg,64,Dr. J. Nkosi,2024-03-04,2024-03-17,Dispensed
RX000817,P1335,Amlodipine,5mg,38,Dr. R. Singh,2023-06-06,,Dispensed
RX000818,P1336,Omeprazole,20mg,81,Dr. M. O'Brien,2023-10-02,2024-07-18,Dispensed
RX000819,P1337,Lisinopril,10mg,53,Dr. L. Torres,2024-06-24,2024-01-12,Cancelled
RX000820,P1337,Ibuprofen,400mg,44,Dr. Y. Tanaka,2024-12-01,2024-03-21,Cancelled
RX000821,P1337,Levothyroxine,50mcg,83,Dr. M. O'Brien,2024-03-20,2024-11-21,Cancelled
RX000822,P1338,Aspirin,75mg,66,Dr. A. Patel,2024-04-19,2024-12-28,Pending
RX000823,P1339,Metformin,500mg,86,Dr. M. O'Brien,2023-01-17,,Pending
RX000824,P1339,Prednisolone,5mg,38,Dr. Y. Tanaka,2024-09-28,2024-10-09,Dispensed
RX000825,P1339,Aspirin,75mg,40,Dr. Y. Tanaka,2023-12-06,2024-09-26,Pending
RX000826,P1340,Ramipril,5mg,52,Dr. L. Torres,2023-02-23,2024-04-05,Cancelled
RX000827,P1340,Paracetamol,500mg,82,Dr. R. Singh,2023-02-06,,Pending
RX000828,P1340,Salbutamol,100mcg,28,Dr. C. Müller,2023-10-27,2024-11-27,Pending
RX000829,P1341,Lisinopril,10mg,84,Dr. M. O'Brien,2023-09-27,2024-09-29,Pending
RX000830,P1341,Omeprazole,20mg,88,Dr. R. Singh,2024-09-15,2024-11-18,Pending
RX000831,P1342,Paracetamol,500mg,45,Dr. S. Khan,2024-11-18,2024-06-17,Dispensed
RX000832,P1342,Ramipril,5mg,87,Dr. S. Khan,2023-05-19,2024-07-14,Pending
RX000833,P1342,Salbutamol,100mcg,39,Dr. J. Nkosi,2023-07-07,,Dispensed
RX000834,P1343,Clopidogrel,75mg,75,Dr. J. Nkosi,2024-11-16,2024-12-16,Cancelled
RX000835,P1344,Clopidogrel,75mg,44,Dr. R. Singh,2023-05-29,,Dispensed
RX000836,P1344,Levothyroxine,50mcg,50,Dr. M. O'Brien,2023-10-14,2024-01-31,Pending
RX000837,P1344,Sertraline,50mg,69,Dr. A. Patel,2024-11-30,2024-09-22,Cancelled
RX000838,P1345,Warfarin,3mg,72,Dr. C. Müller,2024-10-09,2024-08-31,Dispensed
RX000839,P1345,Lisinopril,10mg,80,Dr. R. Singh,2024-11-06,,Pending
RX000840,P1345,Ramipril,5mg,80,Dr. M. O'Brien,2023-02-12,2024-03-28,Dispensed
RX000841,P1345,Gabapentin,300mg,83,Dr. C. Müller,2024-12-24,2024-12-28,Pending
RX000842,P1346,Gabapentin,300mg,83,Dr. A. Patel,2024-05-03,,Pending
RX000843,P1346,Furosemide,40mg,58,Dr. J. Nkosi,2024-05-15,2024-03-22,Cancelled
RX000844,P1346,Lisinopril,10mg,42,Dr. M. O'Brien,2023-01-22,,Dispensed
RX000845,P1346,Aspirin,75mg,41,Dr. A. Patel,2023-02-25,2024-01-20,Dispensed
RX000846,P1347,Metformin,500mg,88,Dr. M. O'Brien,2024-07-26,2024-10-17,Cancelled
RX000847,P1348,Lisinopril,10mg,62,Dr. Y. Tanaka,2023-07-22,,Cancelled
RX000848,P1348,Amlodipine,5mg,34,Dr. Y. Tanaka,2023-04-18,2024-05-28,Cancelled
RX000849,P1349,Insulin Glargine,10 units,79,Dr. S. Khan,2023-10-20,,Pending
RX000850,P1349,Furosemide,40mg,83,Dr. M. O'Brien,2023-06-30,,Cancelled
RX000851,P1350,Furosemide,40mg,58,Dr. S. Khan,2024-06-06,2024-10-19,Pending
RX000852,P1350,Clopidogrel,75mg,86,Dr. A. Patel,2024-11-09,2024-03-30,Pending
RX000853,P1350,Ramipril,5mg,73,Dr. J. Nkosi,2024-07-16,2024-03-11,Pending
RX000854,P1351,Furosemide,40mg,49,Dr. L. Torres,2024-06-26,,Pending
RX000855,P1352,Bisoprolol,2.5mg,53,Dr. C. Müller,2023-10-26,,Dispensed
RX000856,P1352,Aspirin,75mg,44,Dr. L. Torres,2023-11-16,2024-11-02,Dispensed
RX000857,P1352,Salbutamol,100mcg,81,Dr. A. Patel,2023-07-08,,Dispensed
RX000858,P1352,Omeprazole,20mg,42,Dr. S. Khan,2023-04-20,,Dispensed
RX000859,P1353,Insulin Glargine,10 units,74,Dr. A. Patel,2024-10-18,2024-08-14,Cancelled
RX000860,P1354,Paracetamol,500mg,88,Dr. J. Nkosi,2023-01-12,2024-02-25,Pending
RX000861,P1354,Metformin,500mg,51,Dr. L. Torres,2023-02-02,2024-01-07,Dispensed
RX000862,P1354,Salbutamol,100mcg,59,Dr. L. Torres,2023-07-29,2024-06-28,Dispensed
RX000863,P1354,Ramipril,5mg,76,Dr. S. Khan,2023-12-31,2024-10-08,Dispensed
RX000864,P1355,Aspirin,75mg,45,Dr. Y. Tanaka,2023-04-26,2024-12-02,Cancelled
RX000865,P1355,Prednisolone,5mg,28,Dr. R. Singh,2023-09-04,2024-10-21,Dispensed
RX000866,P1355,Amoxicillin,500mg,73,Dr. S. Khan,2024-04-20,2024-11-30,Cancelled
RX000867,P1356,Sertraline,50mg,52,Dr. L. Torres,2024-07-19,,Cancelled
RX000868,P1356,Ibuprofen,400mg,55,Dr. M. O'Brien,2023-04-12,2024-02-22,Cancelled
RX000869,P1356,Omeprazole,20mg,79,Dr. J. Nkosi,2024-07-22,2024-02-28,Pending
RX000870,P1357,Salbutamol,100mcg,64,Dr. S. Khan,2024-10-10,2024-03-01,Pending
RX000871,P1357,Ramipril,5mg,76,Dr. R. Singh,2024-11-17,2024-12-25,Cancelled
RX000872,P1358,Omeprazole,20mg,45,Dr. A. Patel,2024-01-05,,Pending
RX000873,P1358,Gabapentin,300mg,52,Dr. J. Nkosi,2023-11-24,2024-11-19,Cancelled
RX000874,P1359,Atorvastatin,20mg,83,Dr. C. Müller,2023-07-06,2024-01-06,Cancelled
RX000875,P1359,Prednisolone,5mg,34,Dr. A. Patel,2023-05-23,2024-08-03,Cancelled
RX000876,P1360,Levothyroxine,50mcg,66,Dr. C. Müller,2023-02-08,2024-09-09,Cancelled
RX000877,P1360,Ibuprofen,400mg,88,Dr. L. Torres,2023-06-11,2024-09-12,Dispensed
RX000878,P1360,Insulin Glargine,10 units,67,Dr. R. Singh,2023-08-26,2024-12-31,Dispensed
RX000879,P1361,Prednisolone,5mg,72,Dr. M. O'Brien,2023-11-11,2024-07-22,Pending
RX000880,P1361,Amoxicillin,500mg,84,Dr. A. Patel,2023-06-20,2024-06-13,Dispensed
RX000881,P1361,Metformin,500mg,42,Dr. R. Singh,2024-12-21,2024-06-16,Dispensed
RX000882,P1362,Bisoprolol,2.5mg,32,Dr. L. Torres,2023-03-17,2024-03-07,Cancelled
RX000883,P1363,Ibuprofen,400mg,66,Dr. M. O'Brien,2024-04-05,2024-02-02,Cancelled
RX000884,P1363,Sertraline,50mg,88,Dr. Y. Tanaka,2024-02-25,2024-10-27,Cancelled
RX000885,P1363,Atorvastatin,20mg,56,Dr. M. O'Brien,2023-09-10,2024-07-05,Pending
RX000886,P1364,Levothyroxine,50mcg,28,Dr. S. Khan,2024-06-10,2024-07-20,Cancelled
RX000887,P1364,Aspirin,75mg,87,Dr. L. Torres,2024-12-03,,Pending
RX000888,P1364,Sertraline,50mg,28,Dr. S. Khan,2024-12-11,2024-08-04,Dispensed
RX000889,P1365,Levothyroxine,50mcg,88,Dr. C. Müller,2023-11-08,2024-10-06,Dispensed
RX000890,P1365,Sertraline,50mg,76,Dr. R. Singh,2024-10-22,,Dispensed
RX000891,P1365,Aspirin,75mg,33,Dr. A. Patel,2024-06-27,2024-02-26,Cancelled
RX000892,P1365,Furosemide,40mg,83,Dr. J. Nkosi,2024-07-04,,Dispensed
RX000893,P1366,Lisinopril,10mg,57,Dr. Y. Tanaka,2023-04-06,2024-06-12,Dispensed
RX000894,P1366,Furosemide,40mg,41,Dr. S. Khan,2023-09-11,2024-02-23,Dispensed
RX000895,P1366,Levothyroxine,50mcg,86,Dr. Y. Tanaka,2024-08-22,2024-03-09,Dispensed
RX000896,P1366,Ibuprofen,400mg,80,Dr. C. Müller,2023-02-15,2024-08-02,Pending
RX000897,P1367,Insulin Glargine,10 units,75,Dr. Y. Tanaka,2023-08-03,2024-12-25,Cancelled
RX000898,P1368,Furosemide,40mg,49,Dr. C. Müller,2024-08-21,2024-12-09,Cancelled
RX000899,P1369,Warfarin,3mg,88,Dr. R. Singh,2024-08-08,2024-06-22,Cancelled
RX000900,P1370,Sertraline,50mg,45,Dr. M. O'Brien,2023-07-01,,Pending
RX000901,P1371,Metformin,500mg,34,Dr. R. Singh,2024-01-21,,Dispensed
RX000902,P1371,Amlodipine,5mg,44,Dr. L. Torres,2024-10-02,2024-07-19,Dispensed
RX000903,P1371,Lisinopril,10mg,28,Dr. A. Patel,2023-03-09,2024-04-23,Dispensed
RX000904,P1372,Amlodipine,5mg,38,Dr. A. Patel,2023-11-12,2024-11-28,Cancelled
RX000905,P1373,Bisoprolol,2.5mg,67,Dr. C. Müller,2023-01-04,,Cancelled
RX000906,P1373,Sertraline,50mg,60,Dr. J. Nkosi,2024-07-01,,Dispensed
RX000907,P1374,Levothyroxine,50mcg,60,Dr. C. Müller,2024-08-29,2024-12-18,Pending
RX000908,P1375,Prednisolone,5mg,35,Dr. S. Khan,2023-03-09,2024-03-17,Pending
RX000909,P1375,Salbutamol,100mcg,68,Dr. S. Khan,2023-02-22,2024-03-14,Pending
RX000910,P1375,Gabapentin,300mg,47,Dr. M. O'Brien,2024-07-09,,Pending
RX000911,P1375,Clopidogrel,75mg,28,Dr. J. Nkosi,2023-01-04,2024-01-08,Cancelled
RX000912,P1376,Aspirin,75mg,49,Dr. L. Torres,2024-09-30,,Dispensed
RX000913,P1377,Clopidogrel,75mg,72,Dr. S. Khan,2024-06-03,2024-10-26,Dispensed
RX000914,P1377,Levothyroxine,50mcg,65,Dr. Y. Tanaka,2023-05-26,2024-06-20,Dispensed
RX000915,P1377,Omeprazole,20mg,71,Dr. L. Torres,2023-03-29,2024-05-13,Dispensed
RX000916,P1378,Warfarin,3mg,59,Dr. J. Nkosi,2024-12-16,2024-07-31,Dispensed
RX000917,P1378,Amlodipine,5mg,56,Dr. S. Khan,2024-12-15,2024-03-03,Dispensed
RX000918,P1379,Aspirin,75mg,89,Dr. R. Singh,2024-09-04,,Pending
RX000919,P1379,Metformin,500mg,45,Dr. J. Nkosi,2023-11-10,2024-04-09,Pending
RX000920,P1380,Gabapentin,300mg,51,Dr. C. Müller,2023-08-09,2024-07-28,Cancelled
RX000921,P1380,Lisinopril,10mg,74,Dr. A. Patel,2024-08-14,2024-01-14,Dispensed
RX000922,P1380,Salbutamol,100mcg,69,Dr. R. Singh,2024-06-04,2024-06-12,Pending
RX000923,P1380,Metformin,500mg,42,Dr. L. Torres,2024-04-05,2024-02-11,Dispensed
RX000924,P1381,Ramipril,5mg,45,Dr. J. Nkosi,2023-10-08,,Dispensed
RX000925,P1381,Bisoprolol,2.5mg,47,Dr. M. O'Brien,2024-12-12,2024-02-16,Pending
RX000926,P1382,Amlodipine,5mg,40,Dr. R. Singh,2023-03-24,,Pending
RX000927,P1382,Furosemide,40mg,76,Dr. C. Müller,2023-04-11,2024-02-26,Dispensed
RX000928,P1383,Atorvastatin,20mg,48,Dr. C. Müller,2023-06-03,2024-03-16,Cancelled
RX000929,P1384,Clopidogrel,75mg,85,Dr. J. Nkosi,2024-02-09,,Dispensed
RX000930,P1385,Prednisolone,5mg,57,Dr. Y. Tanaka,2023-04-02,,Dispensed
RX000931,P1385,Insulin Glargine,10 units,66,Dr. A. Patel,2024-04-30,2024-12-08,Pending
RX000932,P1385,Omeprazole,20mg,83,Dr. L. Torres,2024-01-06,2024-01-06,Cancelled
RX000933,P1385,Furosemide,40mg,41,Dr. L. Torres,2024-06-13,2024-01-08,Pending
RX000934,P1386,Clopidogrel,75mg,88,Dr. M. O'Brien,2024-04-06,2024-10-31,Dispensed
RX000935,P1386,Salbutamol,100mcg,58,Dr. C. Müller,2024-09-12,,Cancelled
RX000936,P1386,Bisoprolol,2.5mg,57,Dr. A. Patel,2023-03-18,,Dispensed
RX000937,P1386,Metformin,500mg,84,Dr. R. Singh,2024-10-19,2024-07-26,Dispensed
RX000938,P1387,Insulin Glargine,10 units,47,Dr. M. O'Brien,2023-06-23,2024-06-04,Dispensed
RX000939,P1388,Aspirin,75mg,84,Dr. Y. Tanaka,2023-02-08,2024-06-21,Dispensed
RX000940,P1388,Amlodipine,5mg,73,Dr. J. Nkosi,2023-05-29,2024-06-30,Dispensed
RX000941,P1388,Bisoprolol,2.5mg,60,Dr. A. Patel,2024-11-11,,Cancelled
RX000942,P1389,Atorvastatin,20mg,79,Dr. A. Patel,2023-07-21,,Pending
RX000943,P1390,Ibuprofen,400mg,44,Dr. M. O'Brien,2023-05-03,2024-06-21,Pending
RX000944,P1390,Salbutamol,100mcg,63,Dr. A. Patel,2023-04-12,2024-10-27,Pending
RX000945,P1390,Omeprazole,20mg,65,Dr. M. O'Brien,2023-11-24,2024-07-20,Dispensed
RX000946,P1391,Aspirin,75mg,90,Dr. A. Patel,2024-05-01,,Pending
RX000947,P1391,Furosemide,40mg,83,Dr. C. Müller,2024-12-02,2024-08-28,Cancelled
RX000948,P1391,Prednisolone,5mg,72,Dr. R. Singh,2024-10-14,2024-10-27,Cancelled
RX000949,P1391,Levothyroxine,50mcg,44,Dr. L. Torres,2023-02-27,2024-01-24,Dispensed
RX000950,P1392,Clopidogrel,75mg,53,Dr. J. Nkosi,2024-04-24,2024-01-29,Cancelled
RX000951,P1393,Clopidogrel,75mg,67,Dr. Y. Tanaka,2023-01-02,,Pending
RX000952,P1393,Metformin,500mg,43,Dr. Y. Tanaka,2023-03-05,2024-05-05,Dispensed
RX000953,P1393,Ibuprofen,400mg,77,Dr. A. Patel,2023-12-01,,Cancelled
RX000954,P1394,Gabapentin,300mg,61,Dr. C. Müller,2023-07-24,2024-02-15,Cancelled
RX000955,P1395,Gabapentin,300mg,83,Dr. L. Torres,2024-12-02,2024-02-03,Cancelled
RX000956,P1395,Amoxicillin,500mg,52,Dr. C. Müller,2024-01-28,2024-07-20,Dispensed
RX000957,P1396,Prednisolone,5mg,35,Dr. A. Patel,2024-08-11,2024-10-25,Pending
RX000958,P1397,Aspirin,75mg,50,Dr. S. Khan,2024-06-15,2024-11-16,Pending
RX000959,P1397,Lisinopril,10mg,67,Dr. Y. Tanaka,2024-10-20,,Cancelled
RX000960,P1398,Salbutamol,100mcg,84,Dr. S. Khan,2024-02-06,2024-12-15,Pending
RX000961,P1398,Amoxicillin,500mg,77,Dr. A. Patel,2024-05-13,2024-07-06,Pending
RX000962,P1399,Warfarin,3mg,59,Dr. A. Patel,2024-07-15,2024-09-07,Cancelled
RX000963,P1399,Amoxicillin,500mg,40,Dr. R. Singh,2023-03-01,2024-11-18,Cancelled
RX000964,P1399,Insulin Glargine,10 units,87,Dr. S. Khan,2024-03-31,2024-08-23,Cancelled
RX000965,P1400,Ramipril,5mg,90,Dr. Y. Tanaka,2024-09-29,2024-03-01,Dispensed
RX000966,P1401,Gabapentin,300mg,90,Dr. L. Torres,2024-01-21,2024-02-24,Cancelled
RX000967,P1401,Levothyroxine,50mcg,70,Dr. J. Nkosi,2024-04-30,2024-08-21,Cancelled
RX000968,P1401,Warfarin,3mg,45,Dr. S. Khan,2024-08-17,2024-11-01,Dispensed
RX000969,P1402,Furosemide,40mg,68,Dr. A. Patel,2024-08-26,2024-05-22,Cancelled
RX000970,P1402,Omeprazole,20mg,49,Dr. J. Nkosi,2024-11-08,2024-05-28,Dispensed
RX000971,P1403,Omeprazole,20mg,72,Dr. C. Müller,2023-09-04,,Cancelled
RX000972,P1403,Lisinopril,10mg,84,Dr. L. Torres,2024-02-24,2024-10-12,Dispensed
RX000973,P1403,Levothyroxine,50mcg,30,Dr. M. O'Brien,2023-07-22,2024-05-13,Cancelled
RX000974,P1404,Insulin Glargine,10 units,68,Dr. J. Nkosi,2024-06-02,2024-10-12,Dispensed
RX000975,P1405,Warfarin,3mg,70,Dr. R. Singh,2023-05-06,2024-04-25,Cancelled
RX000976,P1405,Aspirin,75mg,64,Dr. S. Khan,2024-09-21,2024-03-07,Pending
RX000977,P1406,Lisinopril,10mg,54,Dr. M. O'Brien,2023-04-18,2024-04-09,Dispensed
RX000978,P1406,Sertraline,50mg,77,Dr. Y. Tanaka,2024-12-21,2024-02-11,Dispensed
RX000979,P1406,Aspirin,75mg,55,Dr. S. Khan,2024-12-28,2024-09-03,Dispensed
RX000980,P1407,Omeprazole,20mg,62,Dr. M. O'Brien,2023-09-22,2024-07-20,Cancelled
RX000981,P1407,Metformin,500mg,79,Dr. Y. Tanaka,2024-10-26,,Dispensed
RX000982,P1407,Levothyroxine,50mcg,64,Dr. L. Torres,2024-05-10,2024-10-31,Cancelled
RX000983,P1408,Metformin,500mg,64,Dr. M. O'Brien,2024-09-24,,Pending
RX000984,P1408,Lisinopril,10mg,42,Dr. C. Müller,2024-03-10,2024-10-21,Pending
RX000985,P1408,Amoxicillin,500mg,54,Dr. R. Singh,2023-09-15,2024-12-01,Pending
RX000986,P1409,Amlodipine,5mg,39,Dr. R. Singh,2023-06-18,,Cancelled
RX000987,P1410,Amlodipine,5mg,41,Dr. L. Torres,2023-12-21,,Dispensed
RX000988,P1410,Ramipril,5mg,66,Dr. Y. Tanaka,2024-05-01,2024-09-02,Pending
RX000989,P1410,Levothyroxine,50mcg,84,Dr. C. Müller,2024-05-01,2024-05-04,Cancelled
RX000990,P1410,Bisoprolol,2.5mg,35,Dr. R. Singh,2024-07-19,,Dispensed
RX000991,P1411,Gabapentin,300mg,86,Dr. J. Nkosi,2024-06-26,2024-12-23,Pending
RX000992,P1412,Paracetamol,500mg,76,Dr. C. Müller,2023-12-22,,Dispensed
RX000993,P1412,Clopidogrel,75mg,47,Dr. L. Torres,2024-10-02,,Cancelled
RX000994,P1412,Salbutamol,100mcg,39,Dr. A. Patel,2023-05-06,2024-02-14,Dispensed
RX000995,P1412,Lisinopril,10mg,81,Dr. L. Torres,2024-08-16,2024-04-12,Dispensed
RX000996,P1413,Paracetamol,500mg,49,Dr. R. Singh,2023-09-22,2024-02-04,Cancelled
RX000997,P1414,Aspirin,75mg,84,Dr. S. Khan,2023-11-18,2024-08-21,Cancelled
RX000998,P1414,Metformin,500mg,68,Dr. A. Patel,2023-05-22,,Pending
RX000999,P1414,Furosemide,40mg,69,Dr. A. Patel,2024-01-16,,Cancelled
RX001000,P1414,Warfarin,3mg,43,Dr. J. Nkosi,2024-02-01,2024-09-19,Cancelled
RX001001,P1415,Insulin Glargine,10 units,87,Dr. J. Nkosi,2024-07-30,,Dispensed
RX001002,P1416,Amoxicillin,500mg,74,Dr. S. Khan,2024-06-04,2024-11-22,Cancelled
RX001003,P1416,Ibuprofen,400mg,90,Dr. M. O'Brien,2024-03-28,2024-06-22,Cancelled
RX001004,P1417,Furosemide,40mg,77,Dr. M. O'Brien,2023-04-09,2024-11-01,Cancelled
RX001005,P1418,Lisinopril,10mg,65,Dr. Y. Tanaka,2023-08-04,,Pending
RX001006,P1418,Amlodipine,5mg,41,Dr. L. Torres,2023-01-17,2024-02-04,Pending
RX001007,P1418,Gabapentin,300mg,41,Dr. J. Nkosi,2024-12-12,2024-07-27,Dispensed
RX001008,P1418,Aspirin,75mg,56,Dr. S. Khan,2024-05-31,2024-11-08,Dispensed
RX001009,P1419,Paracetamol,500mg,35,Dr. S. Khan,2024-12-08,2024-02-09,Cancelled
RX001010,P1419,Sertraline,50mg,54,Dr. C. Müller,2023-01-15,2024-02-16,Cancelled
RX001011,P1419,Salbutamol,100mcg,62,Dr. S. Khan,2023-01-10,,Cancelled
RX001012,P1420,Omeprazole,20mg,34,Dr. L. Torres,2024-06-04,2024-09-04,Dispensed
RX001013,P1421,Metformin,500mg,46,Dr. A. Patel,2023-12-14,,Cancelled
RX001014,P1421,Lisinopril,10mg,67,Dr. C. Müller,2023-07-26,2024-06-23,Cancelled
RX001015,P1421,Atorvastatin,20mg,30,Dr. R. Singh,2023-02-26,2024-08-23,Pending
RX001016,P1422,Amlodipine,5mg,56,Dr. S. Khan,2023-05-18,,Cancelled
RX001017,P1422,Insulin Glargine,10 units,62,Dr. J. Nkosi,2024-03-05,2024-07-29,Dispensed
RX001018,P1423,Paracetamol,500mg,31,Dr. L. Torres,2024-05-21,2024-07-26,Cancelled
RX001019,P1424,Ibuprofen,400mg,51,Dr. C. Müller,2024-01-15,2024-11-03,Cancelled
RX001020,P1424,Levothyroxine,50mcg,79,Dr. A. Patel,2024-03-02,2024-07-21,Cancelled
RX001021,P1425,Clopidogrel,75mg,68,Dr. R. Singh,2023-11-11,2024-11-11,Cancelled
RX001022,P1425,Omeprazole,20mg,30,Dr. J. Nkosi,2024-07-03,2024-04-21,Dispensed
RX001023,P1425,Prednisolone,5mg,56,Dr. C. Müller,2023-12-16,2024-04-20,Pending
RX001024,P1425,Amlodipine,5mg,83,Dr. R. Singh,2023-02-10,2024-09-22,Pending
RX001025,P1426,Bisoprolol,2.5mg,45,Dr. Y. Tanaka,2024-07-22,,Dispensed
RX001026,P1427,Insulin Glargine,10 units,88,Dr. Y. Tanaka,2024-06-12,2024-11-13,Dispensed
RX001027,P1428,Paracetamol,500mg,43,Dr. S. Khan,2023-09-11,2024-03-17,Dispensed
RX001028,P1429,Amlodipine,5mg,81,Dr. Y. Tanaka,2024-09-30,2024-06-29,Pending
RX001029,P1430,Ramipril,5mg,81,Dr. Y. Tanaka,2023-02-01,2024-01-06,Dispensed
RX001030,P1431,Prednisolone,5mg,60,Dr. S. Khan,2023-03-21,2024-05-27,Dispensed
RX001031,P1432,Sertraline,50mg,76,Dr. M. O'Brien,2023-01-21,2024-08-24,Pending
RX001032,P1433,Paracetamol,500mg,47,Dr. J. Nkosi,2024-09-11,2024-12-30,Pending
RX001033,P1433,Aspirin,75mg,89,Dr. Y. Tanaka,2023-04-26,,Dispensed
RX001034,P1433,Insulin Glargine,10 units,70,Dr. M. O'Brien,2023-12-25,2024-10-05,Pending
RX001035,P1433,Atorvastatin,20mg,37,Dr. A. Patel,2023-07-19,2024-03-19,Cancelled
RX001036,P1434,Paracetamol,500mg,52,Dr. M. O'Brien,2024-11-08,,Dispensed
RX001037,P1434,Warfarin,3mg,78,Dr. J. Nkosi,2024-08-12,2024-02-23,Cancelled
RX001038,P1434,Aspirin,75mg,37,Dr. L. Torres,2023-12-14,,Cancelled
RX001039,P1435,Sertraline,50mg,88,Dr. A. Patel,2024-02-05,2024-08-16,Cancelled
RX001040,P1435,Aspirin,75mg,81,Dr. J. Nkosi,2024-07-02,2024-12-22,Pending
RX001041,P1435,Clopidogrel,75mg,78,Dr. M. O'Brien,2024-05-06,,Dispensed
RX001042,P1436,Levothyroxine,50mcg,75,Dr. M. O'Brien,2024-04-24,,Cancelled
RX001043,P1436,Atorvastatin,20mg,56,Dr. S. Khan,2023-07-02,2024-03-31,Pending
RX001044,P1436,Ramipril,5mg,53,Dr. R. Singh,2023-10-18,2024-11-17,Cancelled
RX001045,P1437,Metformin,500mg,76,Dr. S. Khan,2024-02-25,2024-02-08,Pending
RX001046,P1438,Aspirin,75mg,38,Dr. M. O'Brien,2024-10-06,2024-02-02,Dispensed
RX001047,P1439,Furosemide,40mg,59,Dr. M. O'Brien,2023-11-12,,Dispensed
RX001048,P1439,Prednisolone,5mg,60,Dr. L. Torres,2024-06-20,2024-06-08,Cancelled
RX001049,P1440,Insulin Glargine,10 units,38,Dr. R. Singh,2024-06-02,2024-03-06,Dispensed
RX001050,P1440,Gabapentin,300mg,70,Dr. Y. Tanaka,2024-07-30,2024-07-10,Cancelled
RX001051,P1441,Bisoprolol,2.5mg,79,Dr. S. Khan,2024-04-26,2024-04-02,Pending
RX001052,P1442,Sertraline,50mg,51,Dr. M. O'Brien,2024-04-26,2024-11-05,Dispensed
RX001053,P1443,Salbutamol,100mcg,49,Dr. M. O'Brien,2024-02-18,,Pending
RX001054,P1444,Lisinopril,10mg,74,Dr. Y. Tanaka,2023-01-25,2024-05-28,Cancelled
RX001055,P1445,Lisinopril,10mg,33,Dr. J. Nkosi,2023-10-30,2024-02-01,Pending
RX001056,P1445,Levothyroxine,50mcg,47,Dr. R. Singh,2024-05-27,2024-11-04,Pending
RX001057,P1445,Salbutamol,100mcg,72,Dr. R. Singh,2023-11-19,,Dispensed
RX001058,P1445,Bisoprolol,2.5mg,66,Dr. Y. Tanaka,2023-08-14,2024-09-19,Dispensed
RX001059,P1446,Furosemide,40mg,45,Dr. S. Khan,2024-01-09,,Dispensed
RX001060,P1446,Amlodipine,5mg,83,Dr. S. Khan,2023-01-04,2024-11-25,Pending
RX001061,P1446,Clopidogrel,75mg,64,Dr. M. O'Brien,2023-11-09,2024-11-09,Dispensed
RX001062,P1447,Levothyroxine,50mcg,38,Dr. R. Singh,2024-02-13,2024-08-18,Cancelled
RX001063,P1447,Insulin Glargine,10 units,45,Dr. R. Singh,2023-10-29,2024-06-29,Cancelled
RX001064,P1448,Paracetamol,500mg,79,Dr. R. Singh,2023-08-01,2024-07-10,Cancelled
RX001065,P1448,Aspirin,75mg,71,Dr. A. Patel,2023-01-09,2024-05-07,Cancelled
RX001066,P1448,Insulin Glargine,10 units,66,Dr. C. Müller,2024-10-29,2024-03-22,Cancelled
RX001067,P1449,Prednisolone,5mg,36,Dr. R. Singh,2024-01-23,2024-09-16,Cancelled
RX001068,P1449,Aspirin,75mg,36,Dr. A. Patel,2023-01-26,2024-08-02,Cancelled
RX001069,P1449,Clopidogrel,75mg,79,Dr. L. Torres,2024-10-16,2024-04-22,Dispensed
RX001070,P1449,Warfarin,3mg,80,Dr. J. Nkosi,2023-01-11,,Cancelled
RX001071,P1450,Lisinopril,10mg,78,Dr. S. Khan,2024-11-09,2024-02-26,Dispensed
RX001072,P1451,Warfarin,3mg,54,Dr. L. Torres,2023-09-10,2024-10-09,Cancelled
RX001073,P1451,Ramipril,5mg,53,Dr. Y. Tanaka,2024-02-22,2024-09-28,Dispensed
RX001074,P1452,Amoxicillin,500mg,79,Dr. S. Khan,2024-12-02,2024-10-19,Dispensed
RX001075,P1452,Lisinopril,10mg,33,Dr. A. Patel,2023-06-22,,Pending
RX001076,P1452,Furosemide,40mg,85,Dr. C. Müller,2023-07-17,2024-12-02,Dispensed
RX001077,P1453,Insulin Glargine,10 units,54,Dr. L. Torres,2023-10-02,,Cancelled
RX001078,P1453,Gabapentin,300mg,79,Dr. C. Müller,2023-09-18,2024-12-04,Cancelled
RX001079,P1453,Metformin,500mg,32,Dr. S. Khan,2023-09-24,2024-11-27,Dispensed
RX001080,P1454,Paracetamol,500mg,42,Dr. M. O'Brien,2023-08-02,2024-01-20,Pending
RX001081,P1454,Amlodipine,5mg,34,Dr. Y. Tanaka,2024-10-03,2024-06-22,Dispensed
RX001082,P1454,Metformin,500mg,81,Dr. L. Torres,2023-02-03,2024-12-12,Pending
RX001083,P1454,Furosemide,40mg,42,Dr. M. O'Brien,2024-03-14,2024-07-24,Dispensed
RX001084,P1455,Metformin,500mg,67,Dr. Y. Tanaka,2023-09-20,,Cancelled
RX001085,P1455,Atorvastatin,20mg,49,Dr. Y. Tanaka,2023-02-16,2024-12-02,Cancelled
RX001086,P1455,Levothyroxine,50mcg,49,Dr. L. Torres,2023-08-13,2024-02-01,Dispensed
RX001087,P1456,Ramipril,5mg,30,Dr. A. Patel,2024-03-30,,Pending
RX001088,P1456,Lisinopril,10mg,34,Dr. R. Singh,2024-11-05,2024-03-22,Dispensed
RX001089,P1456,Amoxicillin,500mg,86,Dr. A. Patel,2024-09-17,2024-12-15,Pending
RX001090,P1456,Aspirin,75mg,89,Dr. Y. Tanaka,2023-01-25,,Cancelled
RX001091,P1457,Amoxicillin,500mg,62,Dr. A. Patel,2024-09-20,,Dispensed
RX001092,P1457,Lisinopril,10mg,84,Dr. J. Nkosi,2024-11-23,2024-01-17,Cancelled
RX001093,P1457,Paracetamol,500mg,70,Dr. S. Khan,2023-08-29,2024-11-24,Dispensed
RX001094,P1458,Lisinopril,10mg,67,Dr. L. Torres,2023-05-20,2024-01-12,Pending
RX001095,P1459,Paracetamol,500mg,31,Dr. M. O'Brien,2023-03-08,2024-02-28,Cancelled
RX001096,P1459,Atorvastatin,20mg,64,Dr. S. Khan,2023-01-28,2024-07-17,Cancelled
RX001097,P1459,Prednisolone,5mg,84,Dr. R. Singh,2024-07-10,,Dispensed
RX001098,P1460,Atorvastatin,20mg,83,Dr. C. Müller,2023-01-29,2024-07-21,Pending
RX001099,P1460,Metformin,500mg,61,Dr. S. Khan,2023-01-07,2024-12-28,Dispensed
RX001100,P1460,Insulin Glargine,10 units,58,Dr. Y. Tanaka,2024-05-01,,Dispensed
RX001101,P1460,Ibuprofen,400mg,48,Dr. Y. Tanaka,2023-06-11,2024-11-30,Cancelled
RX001102,P1461,Metformin,500mg,60,Dr. L. Torres,2023-12-19,,Dispensed
RX001103,P1462,Prednisolone,5mg,50,Dr. R. Singh,2024-05-27,,Dispensed
RX001104,P1462,Insulin Glargine,10 units,52,Dr. Y. Tanaka,2024-11-09,2024-08-22,Cancelled
RX001105,P1462,Ramipril,5mg,48,Dr. L. Torres,2024-03-25,2024-01-02,Dispensed
RX001106,P1462,Atorvastatin,20mg,66,Dr. S. Khan,2023-03-24,2024-07-13,Dispensed
RX001107,P1463,Bisoprolol,2.5mg,48,Dr. M. O'Brien,2024-10-15,,Pending
RX001108,P1463,Levothyroxine,50mcg,77,Dr. C. Müller,2023-05-23,2024-11-04,Cancelled
RX001109,P1463,Amlodipine,5mg,64,Dr. Y. Tanaka,2024-08-22,,Pending
RX001110,P1464,Clopidogrel,75mg,79,Dr. S. Khan,2024-04-23,2024-09-14,Pending
RX001111,P1464,Gabapentin,300mg,59,Dr. C. Müller,2023-01-13,2024-05-04,Pending
RX001112,P1464,Amlodipine,5mg,89,Dr. Y. Tanaka,2024-11-17,2024-10-16,Dispensed
RX001113,P1464,Metformin,500mg,34,Dr. A. Patel,2023-08-04,2024-06-05,Dispensed
RX001114,P1465,Lisinopril,10mg,76,Dr. Y. Tanaka,2023-03-16,2024-09-05,Dispensed
RX001115,P1466,Prednisolone,5mg,70,Dr. Y. Tanaka,2023-08-16,2024-12-17,Cancelled
RX001116,P1467,Clopidogrel,75mg,50,Dr. C. Müller,2023-07-05,,Dispensed
RX001117,P1467,Amlodipine,5mg,67,Dr. L. Torres,2024-12-01,,Dispensed
RX001118,P1467,Amoxicillin,500mg,90,Dr. A. Patel,2023-06-05,2024-04-10,Dispensed
RX001119,P1468,Bisoprolol,2.5mg,45,Dr. A. Patel,2024-10-16,2024-06-26,Dispensed
RX001120,P1468,Gabapentin,300mg,82,Dr. J. Nkosi,2024-01-18,2024-04-29,Cancelled
RX001121,P1469,Salbutamol,100mcg,36,Dr. S. Khan,2024-10-03,2024-02-07,Cancelled
RX001122,P1469,Ibuprofen,400mg,73,Dr. R. Singh,2024-02-04,,Cancelled
RX001123,P1469,Aspirin,75mg,86,Dr. S. Khan,2024-12-20,2024-07-08,Pending
RX001124,P1470,Gabapentin,300mg,56,Dr. C. Müller,2024-11-19,2024-02-01,Pending
RX001125,P1470,Warfarin,3mg,45,Dr. J. Nkosi,2023-09-30,2024-03-16,Pending
RX001126,P1470,Metformin,500mg,42,Dr. L. Torres,2024-02-19,2024-10-14,Cancelled
RX001127,P1471,Levothyroxine,50mcg,81,Dr. Y. Tanaka,2023-12-16,2024-06-17,Cancelled
RX001128,P1471,Gabapentin,300mg,29,Dr. R. Singh,2024-06-19,,Cancelled
RX001129,P1471,Paracetamol,500mg,65,Dr. Y. Tanaka,2023-08-26,2024-11-24,Cancelled
RX001130,P1472,Warfarin,3mg,42,Dr. A. Patel,2024-03-20,,Dispensed
RX001131,P1472,Metformin,500mg,66,Dr. M. O'Brien,2024-03-25,,Cancelled
RX001132,P1473,Metformin,500mg,59,Dr. J. Nkosi,2024-09-21,2024-03-31,Cancelled
RX001133,P1474,Aspirin,75mg,52,Dr. J. Nkosi,2023-12-07,2024-12-24,Pending
RX001134,P1474,Prednisolone,5mg,82,Dr. S. Khan,2023-11-22,2024-08-06,Cancelled
RX001135,P1475,Warfarin,3mg,34,Dr. J. Nkosi,2023-12-21,2024-11-30,Cancelled
RX001136,P1476,Aspirin,75mg,52,Dr. R. Singh,2024-03-01,2024-04-10,Cancelled
RX001137,P1476,Clopidogrel,75mg,74,Dr. C. Müller,2024-07-15,2024-05-20,Dispensed
RX001138,P1477,Omeprazole,20mg,37,Dr. C. Müller,2024-07-13,2024-06-11,Cancelled
RX001139,P1477,Metformin,500mg,75,Dr. J. Nkosi,2024-04-22,2024-02-09,Cancelled
RX001140,P1477,Levothyroxine,50mcg,60,Dr. C. Müller,2024-05-28,2024-06-30,Cancelled
RX001141,P1478,Metformin,500mg,61,Dr. M. O'Brien,2024-04-21,,Cancelled
RX001142,P1478,Levothyroxine,50mcg,62,Dr. A. Patel,2024-09-17,2024-08-27,Pending
RX001143,P1478,Amoxicillin,500mg,44,Dr. R. Singh,2024-02-06,2024-07-04,Cancelled
RX001144,P1479,Insulin Glargine,10 units,56,Dr. A. Patel,2023-04-18,,Dispensed
RX001145,P1480,Bisoprolol,2.5mg,39,Dr. A. Patel,2024-02-28,2024-03-16,Dispensed
RX001146,P1481,Bisoprolol,2.5mg,47,Dr. Y. Tanaka,2024-09-09,2024-07-26,Dispensed
RX001147,P1481,Furosemide,40mg,65,Dr. R. Singh,2024-12-01,,Pending
RX001148,P1481,Paracetamol,500mg,73,Dr. M. O'Brien,2024-07-10,2024-02-21,Dispensed
RX001149,P1481,Warfarin,3mg,66,Dr. R. Singh,2024-06-08,,Dispensed
RX001150,P1482,Salbutamol,100mcg,86,Dr. L. Torres,2023-09-08,2024-11-22,Dispensed
RX001151,P1482,Lisinopril,10mg,57,Dr. J. Nkosi,2024-02-10,,Pending
RX001152,P1482,Clopidogrel,75mg,48,Dr. S. Khan,2023-07-17,,Pending
RX001153,P1483,Atorvastatin,20mg,29,Dr. A. Patel,2024-12-27,2024-04-24,Pending
RX001154,P1483,Metformin,500mg,77,Dr. A. Patel,2023-11-25,2024-01-18,Dispensed
RX001155,P1484,Clopidogrel,75mg,78,Dr. Y. Tanaka,2024-04-04,2024-12-24,Pending
RX001156,P1484,Metformin,500mg,89,Dr. J. Nkosi,2024-09-03,2024-02-25,Pending
RX001157,P1484,Levothyroxine,50mcg,89,Dr. L. Torres,2024-08-01,2024-11-24,Pending
RX001158,P1485,Ibuprofen,400mg,80,Dr. S. Khan,2023-06-03,2024-08-30,Dispensed
RX001159,P1486,Lisinopril,10mg,73,Dr. Y. Tanaka,2023-11-08,2024-10-03,Cancelled
RX001160,P1486,Omeprazole,20mg,42,Dr. J. Nkosi,2023-07-25,,Dispensed
RX001161,P1486,Ibuprofen,400mg,67,Dr. Y. Tanaka,2024-03-09,2024-12-02,Pending
RX001162,P1486,Aspirin,75mg,36,Dr. M. O'Brien,2023-03-13,2024-06-24,Dispensed
RX001163,P1487,Omeprazole,20mg,59,Dr. Y. Tanaka,2024-09-27,2024-12-03,Cancelled
RX001164,P1487,Paracetamol,500mg,62,Dr. A. Patel,2023-01-29,2024-03-29,Cancelled
RX001165,P1488,Sertraline,50mg,62,Dr. J. Nkosi,2023-07-06,2024-05-18,Dispensed
RX001166,P1488,Atorvastatin,20mg,64,Dr. C. Müller,2024-12-22,2024-02-17,Cancelled
RX001167,P1488,Paracetamol,500mg,51,Dr. M. O'Brien,2023-09-09,2024-01-18,Cancelled
RX001168,P1489,Warfarin,3mg,53,Dr. L. Torres,2024-01-31,2024-06-23,Dispensed
RX001169,P1489,Salbutamol,100mcg,28,Dr. A. Patel,2023-05-21,,Cancelled
RX001170,P1489,Amlodipine,5mg,79,Dr. S. Khan,2024-07-16,2024-01-06,Pending
RX001171,P1490,Aspirin,75mg,85,Dr. C. Müller,2024-03-17,,Dispensed
RX001172,P1490,Ibuprofen,400mg,83,Dr. M. O'Brien,2023-06-06,2024-03-31,Pending
RX001173,P1490,Sertraline,50mg,53,Dr. R. Singh,2023-01-13,2024-09-17,Dispensed
RX001174,P1490,Amlodipine,5mg,63,Dr. L. Torres,2023-04-06,2024-06-10,Cancelled
RX001175,P1491,Omeprazole,20mg,45,Dr. C. Müller,2023-04-06,2024-05-31,Cancelled
RX001176,P1491,Metformin,500mg,30,Dr. L. Torres,2023-06-10,,Dispensed
RX001177,P1491,Salbutamol,100mcg,68,Dr. Y. Tanaka,2023-11-12,2024-09-12,Dispensed
RX001178,P1492,Bisoprolol,2.5mg,60,Dr. A. Patel,2024-12-28,2024-11-25,Cancelled
RX001179,P1492,Atorvastatin,20mg,38,Dr. J. Nkosi,2024-10-21,,Cancelled
RX001180,P1492,Ramipril,5mg,61,Dr. R. Singh,2023-02-06,2024-04-19,Cancelled
RX001181,P1492,Aspirin,75mg,66,Dr. A. Patel,2024-04-14,,Dispensed
RX001182,P1493,Atorvastatin,20mg,35,Dr. R. Singh,2023-12-09,,Pending
RX001183,P1493,Insulin Glargine,10 units,43,Dr. J. Nkosi,2024-03-13,2024-08-21,Pending
RX001184,P1494,Atorvastatin,20mg,83,Dr. Y. Tanaka,2024-03-25,2024-10-12,Cancelled
RX001185,P1494,Metformin,500mg,75,Dr. Y. Tanaka,2024-03-03,2024-11-24,Dispensed
RX001186,P1494,Paracetamol,500mg,51,Dr. Y. Tanaka,2023-06-05,2024-01-14,Dispensed
RX001187,P1494,Omeprazole,20mg,72,Dr. S. Khan,2023-12-24,2024-03-10,Dispensed
RX001188,P1495,Sertraline,50mg,90,Dr. J. Nkosi,2024-01-14,2024-12-04,Pending
RX001189,P1495,Amlodipine,5mg,49,Dr. S. Khan,2024-12-30,2024-03-27,Pending
RX001190,P1496,Omeprazole,20mg,87,Dr. R. Singh,2023-10-14,,Cancelled
RX001191,P1497,Omeprazole,20mg,86,Dr. J. Nkosi,2023-09-19,2024-12-14,Pending
RX001192,P1497,Warfarin,3mg,38,Dr. J. Nkosi,2023-11-08,2024-03-08,Pending
RX001193,P1497,Paracetamol,500mg,87,Dr. J. Nkosi,2023-06-24,,Dispensed
RX001194,P1498,Ibuprofen,400mg,47,Dr. L. Torres,2023-07-10,2024-01-16,Cancelled
RX001195,P1498,Bisoprolol,2.5mg,28,Dr. L. Torres,2023-10-23,2024-01-13,Pending
RX001196,P1499,Levothyroxine,50mcg,80,Dr. M. O'Brien,2023-10-08,2024-04-04,Pending
RX001197,P1499,Clopidogrel,75mg,60,Dr. S. Khan,2024-09-10,,Pending
RX001198,P1500,Ibuprofen,400mg,40,Dr. L. Torres,2023-10-10,,Pending
RX001199,P1500,Aspirin,75mg,44,Dr. L. Torres,2024-04-03,2024-01-11,Pending
RX001200,P1501,Ibuprofen,400mg,49,Dr. R. Singh,2023-05-30,2024-03-18,Cancelled
RX001201,P1501,Warfarin,3mg,46,Dr. M. O'Brien,2024-09-10,2024-10-12,Cancelled
RX001202,P1502,Furosemide,40mg,55,Dr. L. Torres,2024-01-13,2024-09-09,Dispensed
RX001203,P1502,Gabapentin,300mg,28,Dr. Y. Tanaka,2023-09-01,,Dispensed
RX001204,P1502,Warfarin,3mg,49,Dr. S. Khan,2023-02-24,2024-04-22,Pending
RX001205,P1502,Clopidogrel,75mg,60,Dr. M. O'Brien,2024-07-31,2024-02-25,Cancelled
RX001206,P1503,Salbutamol,100mcg,84,Dr. C. Müller,2024-08-17,2024-07-23,Cancelled
RX001207,P1503,Warfarin,3mg,53,Dr. C. Müller,2024-11-10,,Dispensed
RX001208,P1503,Levothyroxine,50mcg,55,Dr. M. O'Brien,2023-07-08,2024-09-09,Pending
RX001209,P1504,Atorvastatin,20mg,57,Dr. J. Nkosi,2024-08-18,2024-03-13,Pending
RX001210,P1504,Ramipril,5mg,80,Dr. Y. Tanaka,2024-12-24,2024-06-19,Cancelled
RX001211,P1504,Metformin,500mg,47,Dr. S. Khan,2024-11-03,2024-11-15,Cancelled
RX001212,P1505,Levothyroxine,50mcg,68,Dr. R. Singh,2023-11-25,2024-10-24,Dispensed
RX001213,P1505,Aspirin,75mg,51,Dr. Y. Tanaka,2024-03-26,,Pending
RX001214,P1505,Insulin Glargine,10 units,49,Dr. Y. Tanaka,2023-10-06,2024-02-12,Pending
RX001215,P1506,Clopidogrel,75mg,38,Dr. R. Singh,2024-11-13,2024-03-13,Dispensed
RX001216,P1506,Lisinopril,10mg,70,Dr. Y. Tanaka,2024-07-11,,Pending
RX001217,P1506,Sertraline,50mg,72,Dr. R. Singh,2024-06-11,2024-07-13,Pending
RX001218,P1507,Amoxicillin,500mg,31,Dr. Y. Tanaka,2024-09-14,2024-10-31,Pending
RX001219,P1508,Furosemide,40mg,31,Dr. L. Torres,2024-04-21,2024-01-16,Cancelled
RX001220,P1509,Gabapentin,300mg,74,Dr. M. O'Brien,2024-12-31,2024-09-11,Dispensed
RX001221,P1509,Metformin,500mg,77,Dr. J. Nkosi,2023-09-19,2024-11-04,Pending
RX001222,P1509,Amoxicillin,500mg,59,Dr. L. Torres,2023-05-15,,Cancelled
RX001223,P1509,Amlodipine,5mg,46,Dr. Y. Tanaka,2024-04-05,,Pending
RX001224,P1510,Aspirin,75mg,48,Dr. C. Müller,2023-03-07,2024-02-09,Dispensed
RX001225,P1510,Amoxicillin,500mg,42,Dr. Y. Tanaka,2024-10-14,2024-11-11,Dispensed
RX001226,P1511,Omeprazole,20mg,31,Dr. L. Torres,2023-07-31,2024-07-26,Dispensed
RX001227,P1511,Metformin,500mg,75,Dr. Y. Tanaka,2024-02-29,,Pending
RX001228,P1511,Salbutamol,100mcg,72,Dr. M. O'Brien,2024-10-01,2024-09-02,Cancelled
RX001229,P1512,Warfarin,3mg,49,Dr. Y. Tanaka,2024-06-04,,Pending
RX001230,P1512,Amoxicillin,500mg,89,Dr. R. Singh,2023-01-31,2024-12-03,Pending
RX001231,P1512,Furosemide,40mg,58,Dr. R. Singh,2024-01-08,2024-10-21,Cancelled
RX001232,P1513,Clopidogrel,75mg,62,Dr. S. Khan,2024-08-05,2024-02-12,Cancelled
RX001233,P1513,Aspirin,75mg,60,Dr. L. Torres,2023-09-18,2024-05-23,Pending
RX001234,P1514,Aspirin,75mg,65,Dr. J. Nkosi,2024-12-20,,Pending
RX001235,P1514,Gabapentin,300mg,85,Dr. J. Nkosi,2024-06-18,2024-10-06,Dispensed
RX001236,P1514,Atorvastatin,20mg,36,Dr. A. Patel,2024-03-30,2024-10-05,Pending
RX001237,P1515,Omeprazole,20mg,45,Dr. M. O'Brien,2023-05-25,,Cancelled
RX001238,P1515,Warfarin,3mg,76,Dr. L. Torres,2023-05-04,2024-04-26,Cancelled
RX001239,P1515,Amlodipine,5mg,44,Dr. J. Nkosi,2024-01-30,2024-08-18,Cancelled
RX001240,P1516,Prednisolone,5mg,43,Dr. L. Torres,2023-02-04,2024-02-04,Dispensed
RX001241,P1516,Levothyroxine,50mcg,75,Dr. A. Patel,2023-06-28,2024-06-11,Pending
RX001242,P1516,Clopidogrel,75mg,75,Dr. A. Patel,2023-11-10,,Pending
RX001243,P1516,Furosemide,40mg,35,Dr. A. Patel,2024-05-26,,Cancelled
RX001244,P1517,Omeprazole,20mg,34,Dr. A. Patel,2023-06-06,2024-11-28,Pending
RX001245,P1517,Metformin,500mg,60,Dr. C. Müller,2023-04-01,2024-07-04,Cancelled
RX001246,P1517,Amoxicillin,500mg,53,Dr. A. Patel,2023-02-15,2024-12-01,Dispensed
RX001247,P1517,Gabapentin,300mg,67,Dr. M. O'Brien,2024-10-20,2024-01-23,Cancelled
RX001248,P1518,Lisinopril,10mg,48,Dr. R. Singh,2023-04-18,2024-09-14,Dispensed
RX001249,P1519,Atorvastatin,20mg,36,Dr. C. Müller,2024-12-12,2024-01-21,Dispensed
RX001250,P1519,Ibuprofen,400mg,77,Dr. Y. Tanaka,2023-05-13,2024-03-06,Cancelled
RX001251,P1519,Omeprazole,20mg,87,Dr. A. Patel,2024-05-18,,Pending
RX001252,P1519,Amoxicillin,500mg,62,Dr. J. Nkosi,2023-02-16,2024-02-26,Dispensed
RX001253,P1520,Amlodipine,5mg,90,Dr. R. Singh,2023-02-20,2024-05-19,Dispensed
RX001254,P1521,Salbutamol,100mcg,77,Dr. J. Nkosi,2023-08-05,2024-02-27,Pending
RX001255,P1521,Metformin,500mg,64,Dr. L. Torres,2023-11-20,2024-05-25,Pending
RX001256,P1521,Amlodipine,5mg,67,Dr. M. O'Brien,2024-06-01,2024-08-20,Pending
RX001257,P1522,Atorvastatin,20mg,74,Dr. S. Khan,2024-02-19,2024-12-19,Pending
RX001258,P1523,Warfarin,3mg,55,Dr. C. Müller,2024-11-17,2024-04-04,Dispensed
RX001259,P1523,Clopidogrel,75mg,33,Dr. M. O'Brien,2024-11-13,,Cancelled
RX001260,P1523,Gabapentin,300mg,83,Dr. Y. Tanaka,2024-03-26,2024-11-24,Pending
RX001261,P1524,Levothyroxine,50mcg,81,Dr. R. Singh,2024-06-16,2024-09-16,Dispensed
RX001262,P1524,Furosemide,40mg,87,Dr. C. Müller,2024-02-08,2024-04-03,Dispensed
RX001263,P1525,Paracetamol,500mg,49,Dr. M. O'Brien,2024-12-09,2024-05-30,Pending
RX001264,P1525,Sertraline,50mg,45,Dr. S. Khan,2023-02-01,,Pending
RX001265,P1525,Levothyroxine,50mcg,35,Dr. L. Torres,2024-07-02,2024-04-12,Dispensed
RX001266,P1526,Levothyroxine,50mcg,79,Dr. A. Patel,2024-04-23,2024-05-01,Dispensed
RX001267,P1527,Paracetamol,500mg,28,Dr. M. O'Brien,2023-11-30,2024-05-22,Pending
RX001268,P1527,Metformin,500mg,33,Dr. M. O'Brien,2023-10-30,,Pending
RX001269,P1528,Omeprazole,20mg,38,Dr. A. Patel,2023-12-06,2024-11-19,Cancelled
RX001270,P1528,Amlodipine,5mg,69,Dr. L. Torres,2024-05-02,2024-01-08,Cancelled
RX001271,P1529,Warfarin,3mg,52,Dr. Y. Tanaka,2023-04-09,2024-05-05,Pending
RX001272,P1529,Insulin Glargine,10 units,51,Dr. M. O'Brien,2023-07-18,2024-09-24,Cancelled
RX001273,P1530,Omeprazole,20mg,34,Dr. M. O'Brien,2023-01-08,2024-12-16,Dispensed
RX001274,P1530,Sertraline,50mg,75,Dr. Y. Tanaka,2023-04-23,2024-03-27,Cancelled
RX001275,P1530,Amoxicillin,500mg,51,Dr. C. Müller,2024-09-11,2024-06-22,Pending
RX001276,P1531,Atorvastatin,20mg,83,Dr. A. Patel,2024-05-02,,Dispensed
RX001277,P1531,Clopidogrel,75mg,48,Dr. J. Nkosi,2023-06-21,2024-01-29,Cancelled
RX001278,P1532,Ramipril,5mg,52,Dr. Y. Tanaka,2023-02-25,2024-03-03,Cancelled
RX001279,P1533,Aspirin,75mg,79,Dr. A. Patel,2023-03-26,2024-04-05,Pending
RX001280,P1534,Salbutamol,100mcg,70,Dr. M. O'Brien,2023-04-13,2024-08-23,Pending
RX001281,P1534,Amlodipine,5mg,79,Dr. A. Patel,2024-11-23,2024-03-03,Cancelled
RX001282,P1535,Gabapentin,300mg,83,Dr. L. Torres,2024-10-10,2024-01-01,Dispensed
RX001283,P1535,Bisoprolol,2.5mg,33,Dr. J. Nkosi,2024-06-04,2024-11-13,Pending
RX001284,P1535,Metformin,500mg,77,Dr. L. Torres,2023-07-15,,Dispensed
RX001285,P1536,Amoxicillin,500mg,39,Dr. J. Nkosi,2024-05-10,2024-05-19,Dispensed
RX001286,P1537,Paracetamol,500mg,40,Dr. C. Müller,2023-12-19,2024-02-05,Dispensed
RX001287,P1538,Lisinopril,10mg,69,Dr. R. Singh,2024-01-07,2024-07-13,Cancelled
RX001288,P1539,Levothyroxine,50mcg,63,Dr. R. Singh,2024-07-17,2024-10-06,Pending
RX001289,P1539,Atorvastatin,20mg,35,Dr. C. Müller,2024-05-20,2024-05-14,Dispensed
RX001290,P1539,Paracetamol,500mg,45,Dr. A. Patel,2024-01-18,2024-08-06,Cancelled
RX001291,P1540,Bisoprolol,2.5mg,74,Dr. L. Torres,2023-08-26,2024-01-28,Pending
RX001292,P1540,Paracetamol,500mg,57,Dr. L. Torres,2024-12-31,,Dispensed
RX001293,P1541,Clopidogrel,75mg,73,Dr. J. Nkosi,2024-03-14,2024-12-04,Pending
RX001294,P1541,Prednisolone,5mg,76,Dr. A. Patel,2024-05-06,,Pending
RX001295,P1542,Omeprazole,20mg,89,Dr. M. O'Brien,2023-03-27,2024-01-13,Pending
RX001296,P1542,Sertraline,50mg,90,Dr. M. O'Brien,2024-04-19,,Dispensed
RX001297,P1542,Ramipril,5mg,77,Dr. Y. Tanaka,2024-10-06,,Cancelled
RX001298,P1543,Omeprazole,20mg,49,Dr. A. Patel,2023-06-08,,Dispensed
RX001299,P1543,Prednisolone,5mg,87,Dr. J. Nkosi,2024-10-03,2024-03-28,Pending
RX001300,P1543,Paracetamol,500mg,55,Dr. C. Müller,2023-10-18,2024-04-28,Dispensed
RX001301,P1543,Amoxicillin,500mg,59,Dr. S. Khan,2023-11-23,2024-07-11,Cancelled
RX001302,P1544,Omeprazole,20mg,37,Dr. S. Khan,2024-08-25,2024-01-03,Pending
RX001303,P1544,Bisoprolol,2.5mg,37,Dr. J. Nkosi,2023-12-11,2024-04-05,Cancelled
RX001304,P1545,Lisinopril,10mg,70,Dr. S. Khan,2024-09-03,,Dispensed
RX001305,P1545,Sertraline,50mg,74,Dr. R. Singh,2024-01-01,2024-10-05,Dispensed
RX001306,P1546,Gabapentin,300mg,31,Dr. S. Khan,2024-06-04,,Cancelled
RX001307,P1546,Ibuprofen,400mg,84,Dr. R. Singh,2024-12-11,2024-01-05,Dispensed
RX001308,P1546,Omeprazole,20mg,42,Dr. S. Khan,2023-02-12,,Dispensed
RX001309,P1546,Aspirin,75mg,42,Dr. C. Müller,2023-08-15,2024-01-17,Dispensed
RX001310,P1547,Amlodipine,5mg,83,Dr. S. Khan,2023-10-10,2024-07-24,Dispensed
RX001311,P1547,Bisoprolol,2.5mg,56,Dr. M. O'Brien,2024-02-16,2024-01-01,Cancelled
RX001312,P1547,Ramipril,5mg,66,Dr. J. Nkosi,2024-05-29,2024-08-28,Cancelled
RX001313,P1547,Ibuprofen,400mg,78,Dr. C. Müller,2023-10-21,,Cancelled
RX001314,P1548,Clopidogrel,75mg,76,Dr. J. Nkosi,2023-06-10,2024-10-22,Pending
RX001315,P1548,Amlodipine,5mg,68,Dr. A. Patel,2024-08-18,,Pending
RX001316,P1548,Lisinopril,10mg,28,Dr. A. Patel,2023-10-02,,Pending
RX001317,P1548,Metformin,500mg,84,Dr. L. Torres,2024-08-11,,Cancelled
RX001318,P1549,Bisoprolol,2.5mg,38,Dr. A. Patel,2024-09-26,2024-12-04,Dispensed
RX001319,P1549,Sertraline,50mg,88,Dr. A. Patel,2024-05-12,,Pending
RX001320,P1550,Amoxicillin,500mg,42,Dr. A. Patel,2023-02-17,2024-05-22,Dispensed
RX001321,P1550,Metformin,500mg,68,Dr. C. Müller,2023-04-17,,Pending
RX001322,P1550,Sertraline,50mg,84,Dr. S. Khan,2023-01-29,,Dispensed
RX001323,P1550,Prednisolone,5mg,48,Dr. J. Nkosi,2024-12-03,2024-08-30,Pending
RX001324,P1551,Furosemide,40mg,75,Dr. J. Nkosi,2024-11-29,,Pending
RX001325,P1551,Levothyroxine,50mcg,50,Dr. R. Singh,2024-01-15,2024-09-02,Cancelled
RX001326,P1552,Clopidogrel,75mg,78,Dr. L. Torres,2024-10-12,2024-07-15,Dispensed
RX001327,P1552,Lisinopril,10mg,77,Dr. R. Singh,2023-11-09,2024-05-17,Cancelled
RX001328,P1552,Omeprazole,20mg,46,Dr. C. Müller,2024-02-13,2024-11-11,Pending
RX001329,P1553,Salbutamol,100mcg,87,Dr. J. Nkosi,2024-09-25,,Cancelled
RX001330,P1553,Paracetamol,500mg,35,Dr. M. O'Brien,2023-01-16,2024-08-06,Pending
RX001331,P1553,Ramipril,5mg,52,Dr. M. O'Brien,2024-09-13,2024-04-02,Cancelled
RX001332,P1554,Atorvastatin,20mg,29,Dr. Y. Tanaka,2023-11-25,,Dispensed
RX001333,P1555,Prednisolone,5mg,35,Dr. Y. Tanaka,2023-05-29,,Dispensed
RX001334,P1555,Gabapentin,300mg,90,Dr. R. Singh,2023-03-28,2024-08-25,Dispensed
RX001335,P1555,Omeprazole,20mg,77,Dr. Y. Tanaka,2023-02-03,2024-06-10,Dispensed
RX001336,P1555,Bisoprolol,2.5mg,81,Dr. S. Khan,2023-12-05,2024-01-19,Pending
RX001337,P1556,Amlodipine,5mg,53,Dr. Y. Tanaka,2024-03-29,,Cancelled
RX001338,P1556,Omeprazole,20mg,35,Dr. M. O'Brien,2024-09-27,2024-10-19,Pending
RX001339,P1557,Amlodipine,5mg,38,Dr. A. Patel,2024-06-29,2024-05-09,Dispensed
RX001340,P1557,Salbutamol,100mcg,30,Dr. L. Torres,2024-09-11,2024-02-11,Dispensed
RX001341,P1557,Omeprazole,20mg,54,Dr. Y. Tanaka,2024-09-04,2024-12-19,Pending
RX001342,P1558,Omeprazole,20mg,90,Dr. S. Khan,2023-08-23,,Dispensed
RX001343,P1558,Insulin Glargine,10 units,33,Dr. M. O'Brien,2023-06-11,2024-04-02,Cancelled
RX001344,P1558,Ramipril,5mg,47,Dr. A. Patel,2024-04-21,2024-12-18,Cancelled
RX001345,P1559,Furosemide,40mg,75,Dr. Y. Tanaka,2024-11-15,,Pending
RX001346,P1559,Lisinopril,10mg,35,Dr. C. Müller,2023-06-05,2024-07-26,Cancelled
RX001347,P1559,Insulin Glargine,10 units,45,Dr. C. Müller,2023-08-14,,Dispensed
RX001348,P1560,Levothyroxine,50mcg,60,Dr. M. O'Brien,2024-10-02,,Dispensed
RX001349,P1560,Warfarin,3mg,65,Dr. R. Singh,2024-04-28,,Cancelled
RX001350,P1560,Salbutamol,100mcg,90,Dr. A. Patel,2024-12-25,,Pending
RX001351,P1560,Paracetamol,500mg,78,Dr. C. Müller,2023-12-13,2024-05-16,Pending
RX001352,P1561,Paracetamol,500mg,40,Dr. Y. Tanaka,2023-11-22,2024-01-31,Pending
RX001353,P1561,Atorvastatin,20mg,90,Dr. L. Torres,2023-07-14,2024-09-06,Cancelled
RX001354,P1562,Insulin Glargine,10 units,78,Dr. M. O'Brien,2024-04-14,2024-02-22,Dispensed
RX001355,P1563,Paracetamol,500mg,57,Dr. J. Nkosi,2023-12-24,2024-08-02,Pending
RX001356,P1563,Omeprazole,20mg,69,Dr. S. Khan,2024-11-11,2024-04-07,Pending
RX001357,P1564,Atorvastatin,20mg,49,Dr. C. Müller,2024-04-17,,Dispensed
RX001358,P1564,Insulin Glargine,10 units,49,Dr. Y. Tanaka,2024-09-13,,Cancelled
RX001359,P1564,Salbutamol,100mcg,51,Dr. Y. Tanaka,2024-12-06,2024-02-23,Cancelled
RX001360,P1565,Lisinopril,10mg,63,Dr. M. O'Brien,2023-08-25,2024-12-24,Dispensed
RX001361,P1565,Salbutamol,100mcg,55,Dr. M. O'Brien,2024-09-27,2024-09-14,Dispensed
RX001362,P1565,Omeprazole,20mg,82,Dr. L. Torres,2023-09-12,2024-04-27,Cancelled
RX001363,P1565,Aspirin,75mg,85,Dr. M. O'Brien,2023-07-03,2024-04-24,Cancelled
RX001364,P1566,Prednisolone,5mg,68,Dr. C. Müller,2023-06-18,2024-10-14,Dispensed
RX001365,P1566,Ibuprofen,400mg,43,Dr. L. Torres,2024-09-17,2024-12-28,Pending
RX001366,P1566,Gabapentin,300mg,60,Dr. J. Nkosi,2024-01-01,2024-11-13,Pending
RX001367,P1566,Bisoprolol,2.5mg,30,Dr. S. Khan,2023-09-24,2024-09-20,Cancelled
RX001368,P1567,Amlodipine,5mg,29,Dr. S. Khan,2023-03-17,2024-10-30,Pending
RX001369,P1567,Levothyroxine,50mcg,80,Dr. L. Torres,2023-03-18,2024-05-24,Cancelled
RX001370,P1567,Furosemide,40mg,71,Dr. C. Müller,2023-11-24,2024-05-07,Dispensed
RX001371,P1568,Insulin Glargine,10 units,63,Dr. M. O'Brien,2024-03-28,,Pending
RX001372,P1568,Amlodipine,5mg,29,Dr. C. Müller,2023-08-22,2024-12-25,Cancelled
RX001373,P1569,Gabapentin,300mg,79,Dr. S. Khan,2024-02-28,2024-03-11,Pending
RX001374,P1569,Insulin Glargine,10 units,46,Dr. R. Singh,2024-05-10,,Pending
RX001375,P1569,Salbutamol,100mcg,55,Dr. L. Torres,2024-02-07,2024-05-23,Dispensed
RX001376,P1570,Clopidogrel,75mg,45,Dr. C. Müller,2023-01-05,,Pending
RX001377,P1570,Bisoprolol,2.5mg,51,Dr. M. O'Brien,2024-03-03,2024-12-21,Dispensed
RX001378,P1570,Amlodipine,5mg,75,Dr. S. Khan,2024-12-17,,Dispensed
RX001379,P1570,Paracetamol,500mg,84,Dr. A. Patel,2023-11-04,2024-04-10,Pending
RX001380,P1571,Amlodipine,5mg,89,Dr. S. Khan,2023-10-02,,Cancelled
RX001381,P1571,Warfarin,3mg,75,Dr. A. Patel,2024-10-24,2024-08-18,Pending
RX001382,P1572,Gabapentin,300mg,69,Dr. A. Patel,2024-06-06,2024-12-26,Dispensed
RX001383,P1572,Ramipril,5mg,44,Dr. A. Patel,2024-12-30,2024-03-03,Cancelled
RX001384,P1572,Sertraline,50mg,34,Dr. C. Müller,2023-03-30,2024-09-30,Pending
RX001385,P1572,Levothyroxine,50mcg,66,Dr. Y. Tanaka,2023-07-18,2024-04-28,Dispensed
RX001386,P1573,Clopidogrel,75mg,39,Dr. Y. Tanaka,2023-11-24,2024-05-01,Pending
RX001387,P1573,Amoxicillin,500mg,79,Dr. J. Nkosi,2023-02-18,2024-02-05,Dispensed
RX001388,P1573,Bisoprolol,2.5mg,74,Dr. Y. Tanaka,2024-05-31,2024-11-25,Pending
RX001389,P1574,Sertraline,50mg,62,Dr. Y. Tanaka,2024-03-13,,Pending
RX001390,P1574,Paracetamol,500mg,43,Dr. Y. Tanaka,2024-11-06,2024-05-16,Cancelled
RX001391,P1575,Gabapentin,300mg,88,Dr. Y. Tanaka,2023-12-11,2024-02-21,Dispensed
RX001392,P1575,Ibuprofen,400mg,84,Dr. S. Khan,2024-09-10,,Pending
RX001393,P1575,Sertraline,50mg,83,Dr. R. Singh,2024-06-22,2024-11-05,Cancelled
RX001394,P1575,Omeprazole,20mg,82,Dr. C. Müller,2024-07-24,,Dispensed
RX001395,P1576,Gabapentin,300mg,30,Dr. R. Singh,2024-09-20,,Cancelled
RX001396,P1576,Levothyroxine,50mcg,51,Dr. L. Torres,2023-08-05,,Cancelled
RX001397,P1576,Sertraline,50mg,68,Dr. R. Singh,2024-09-14,2024-11-05,Cancelled
RX001398,P1577,Atorvastatin,20mg,33,Dr. A. Patel,2024-12-28,2024-01-06,Cancelled
RX001399,P1578,Aspirin,75mg,56,Dr. S. Khan,2024-09-24,,Dispensed
RX001400,P1578,Warfarin,3mg,83,Dr. C. Müller,2024-05-20,2024-03-05,Cancelled
RX001401,P1578,Amlodipine,5mg,51,Dr. S. Khan,2024-01-27,2024-10-28,Cancelled
RX001402,P1578,Furosemide,40mg,73,Dr. A. Patel,2024-06-26,2024-08-29,Dispensed
RX001403,P1579,Ibuprofen,400mg,68,Dr. R. Singh,2023-07-09,,Pending
RX001404,P1579,Ramipril,5mg,30,Dr. Y. Tanaka,2024-09-29,,Pending
RX001405,P1579,Lisinopril,10mg,79,Dr. Y. Tanaka,2023-04-08,2024-11-17,Pending
RX001406,P1580,Levothyroxine,50mcg,74,Dr. S. Khan,2024-06-29,2024-05-08,Pending
RX001407,P1580,Metformin,500mg,43,Dr. S. Khan,2023-01-31,,Cancelled
RX001408,P1580,Gabapentin,300mg,85,Dr. Y. Tanaka,2024-06-19,2024-05-18,Cancelled
RX001409,P1580,Omeprazole,20mg,51,Dr. C. Müller,2024-07-28,2024-06-22,Cancelled
RX001410,P1581,Lisinopril,10mg,37,Dr. Y. Tanaka,2023-11-01,2024-09-23,Cancelled
RX001411,P1581,Aspirin,75mg,84,Dr. A. Patel,2023-05-16,2024-05-28,Pending
RX001412,P1581,Prednisolone,5mg,62,Dr. Y. Tanaka,2023-11-15,2024-01-24,Dispensed
RX001413,P1581,Gabapentin,300mg,64,Dr. S. Khan,2023-09-19,,Cancelled
RX001414,P1582,Amlodipine,5mg,69,Dr. Y. Tanaka,2023-06-04,2024-07-04,Cancelled
RX001415,P1582,Ibuprofen,400mg,84,Dr. M. O'Brien,2023-09-20,,Cancelled
RX001416,P1582,Bisoprolol,2.5mg,89,Dr. A. Patel,2023-01-11,2024-01-16,Cancelled
RX001417,P1582,Clopidogrel,75mg,52,Dr. R. Singh,2024-11-12,2024-04-21,Cancelled
RX001418,P1583,Amlodipine,5mg,39,Dr. M. O'Brien,2023-12-20,2024-12-15,Dispensed
RX001419,P1583,Ibuprofen,400mg,28,Dr. C. Müller,2023-08-06,,Cancelled
RX001420,P1583,Sertraline,50mg,56,Dr. M. O'Brien,2024-08-29,2024-06-01,Cancelled
RX001421,P1583,Salbutamol,100mcg,70,Dr. J. Nkosi,2024-11-23,2024-12-18,Dispensed
RX001422,P1584,Sertraline,50mg,51,Dr. C. Müller,2023-05-13,2024-10-23,Dispensed
RX001423,P1585,Metformin,500mg,35,Dr. M. O'Brien,2023-10-02,2024-12-30,Pending
RX001424,P1585,Amoxicillin,500mg,74,Dr. A. Patel,2023-10-01,2024-12-04,Cancelled
RX001425,P1585,Gabapentin,300mg,39,Dr. R. Singh,2024-08-26,2024-12-25,Pending
RX001426,P1585,Furosemide,40mg,41,Dr. J. Nkosi,2024-05-10,2024-08-05,Dispensed
RX001427,P1586,Levothyroxine,50mcg,81,Dr. A. Patel,2024-07-05,2024-05-26,Cancelled
RX001428,P1586,Sertraline,50mg,45,Dr. J. Nkosi,2024-11-04,,Dispensed
RX001429,P1587,Ramipril,5mg,59,Dr. A. Patel,2024-03-06,,Pending
RX001430,P1587,Insulin Glargine,10 units,78,Dr. C. Müller,2023-11-14,2024-02-19,Dispensed
RX001431,P1587,Gabapentin,300mg,83,Dr. A. Patel,2023-08-19,,Pending
RX001432,P1588,Ibuprofen,400mg,29,Dr. M. O'Brien,2023-05-07,2024-09-14,Cancelled
RX001433,P1588,Metformin,500mg,48,Dr. M. O'Brien,2024-10-31,2024-09-28,Pending
RX001434,P1588,Clopidogrel,75mg,47,Dr. A. Patel,2024-12-11,2024-05-16,Pending
RX001435,P1589,Bisoprolol,2.5mg,83,Dr. S. Khan,2024-05-25,2024-03-04,Cancelled
RX001436,P1589,Furosemide,40mg,87,Dr. J. Nkosi,2024-06-05,2024-02-09,Dispensed
RX001437,P1589,Atorvastatin,20mg,74,Dr. S. Khan,2024-03-30,2024-07-11,Dispensed
RX001438,P1590,Prednisolone,5mg,66,Dr. R. Singh,2023-01-22,2024-02-23,Cancelled
RX001439,P1590,Metformin,500mg,61,Dr. Y. Tanaka,2023-11-03,,Pending
RX001440,P1591,Amlodipine,5mg,51,Dr. Y. Tanaka,2023-09-18,2024-01-15,Pending
RX001441,P1591,Bisoprolol,2.5mg,35,Dr. L. Torres,2023-07-26,2024-05-16,Dispensed
RX001442,P1591,Gabapentin,300mg,50,Dr. C. Müller,2023-06-29,2024-11-05,Dispensed
RX001443,P1592,Clopidogrel,75mg,81,Dr. L. Torres,2023-10-06,,Cancelled
RX001444,P1593,Atorvastatin,20mg,64,Dr. L. Torres,2024-06-22,2024-04-21,Dispensed
RX001445,P1593,Prednisolone,5mg,89,Dr. S. Khan,2024-05-01,2024-03-05,Dispensed
RX001446,P1593,Metformin,500mg,32,Dr. R. Singh,2024-06-07,2024-11-26,Dispensed
RX001447,P1593,Omeprazole,20mg,43,Dr. A. Patel,2024-12-20,2024-11-30,Cancelled
RX001448,P1594,Aspirin,75mg,78,Dr. S. Khan,2024-12-25,,Cancelled
RX001449,P1594,Amlodipine,5mg,86,Dr. S. Khan,2023-06-02,2024-05-23,Dispensed
RX001450,P1594,Salbutamol,100mcg,36,Dr. R. Singh,2024-09-02,,Dispensed
RX001451,P1594,Amoxicillin,500mg,65,Dr. J. Nkosi,2024-03-01,,Dispensed
RX001452,P1595,Salbutamol,100mcg,51,Dr. C. Müller,2024-12-20,2024-05-21,Cancelled
RX001453,P1596,Bisoprolol,2.5mg,77,Dr. A. Patel,2024-07-22,,Pending
RX001454,P1596,Atorvastatin,20mg,51,Dr. S. Khan,2023-03-22,,Pending
RX001455,P1596,Levothyroxine,50mcg,48,Dr. J. Nkosi,2024-12-23,2024-06-22,Cancelled
RX001456,P1596,Insulin Glargine,10 units,62,Dr. S. Khan,2023-05-20,,Cancelled
RX001457,P1597,Omeprazole,20mg,44,Dr. A. Patel,2023-10-22,,Pending
RX001458,P1598,Ibuprofen,400mg,59,Dr. J. Nkosi,2023-02-24,,Dispensed
RX001459,P1599,Clopidogrel,75mg,35,Dr. A. Patel,2023-07-01,2024-03-15,Dispensed
RX001460,P1599,Aspirin,75mg,50,Dr. M. O'Brien,2023-05-01,,Dispensed
RX001461,P1600,Amoxicillin,500mg,90,Dr. S. Khan,2024-04-13,,Cancelled
RX001462,P1600,Levothyroxine,50mcg,49,Dr. Y. Tanaka,2023-08-30,2024-03-24,Dispensed
RX001463,P1600,Lisinopril,10mg,60,Dr. R. Singh,2024-03-25,2024-02-17,Dispensed
RX001464,P1601,Levothyroxine,50mcg,53,Dr. A. Patel,2023-08-19,2024-04-21,Pending
RX001465,P1601,Lisinopril,10mg,65,Dr. Y. Tanaka,2023-04-30,,Dispensed
RX001466,P1601,Paracetamol,500mg,73,Dr. L. Torres,2023-07-28,2024-09-28,Pending
RX001467,P1601,Ibuprofen,400mg,70,Dr. Y. Tanaka,2024-01-18,2024-07-27,Pending
RX001468,P1602,Lisinopril,10mg,71,Dr. S. Khan,2023-05-04,,Cancelled
RX001469,P1602,Levothyroxine,50mcg,67,Dr. J. Nkosi,2024-09-16,,Dispensed
RX001470,P1603,Ramipril,5mg,77,Dr. A. Patel,2023-11-03,,Dispensed
RX001471,P1603,Gabapentin,300mg,56,Dr. S. Khan,2023-02-20,2024-08-07,Pending
RX001472,P1604,Warfarin,3mg,31,Dr. S. Khan,2024-03-16,2024-12-06,Dispensed
RX001473,P1604,Bisoprolol,2.5mg,82,Dr. Y. Tanaka,2024-08-15,2024-11-06,Dispensed
RX001474,P1604,Clopidogrel,75mg,67,Dr. A. Patel,2023-09-27,2024-04-05,Pending
RX001475,P1604,Sertraline,50mg,59,Dr. J. Nkosi,2024-01-05,2024-07-03,Dispensed
RX001476,P1605,Warfarin,3mg,75,Dr. Y. Tanaka,2024-03-01,2024-07-01,Dispensed
RX001477,P1605,Bisoprolol,2.5mg,41,Dr. Y. Tanaka,2023-05-13,,Dispensed
RX001478,P1605,Metformin,500mg,88,Dr. L. Torres,2024-08-17,,Pending
RX001479,P1605,Furosemide,40mg,61,Dr. L. Torres,2023-06-13,2024-10-01,Pending
RX001480,P1606,Atorvastatin,20mg,76,Dr. A. Patel,2023-01-08,2024-07-17,Cancelled
RX001481,P1606,Insulin Glargine,10 units,84,Dr. Y. Tanaka,2023-04-22,2024-01-05,Pending
RX001482,P1607,Warfarin,3mg,50,Dr. A. Patel,2024-09-01,2024-08-21,Pending
RX001483,P1607,Omeprazole,20mg,79,Dr. M. O'Brien,2024-01-02,2024-12-26,Cancelled
RX001484,P1608,Levothyroxine,50mcg,73,Dr. A. Patel,2024-01-15,,Dispensed
RX001485,P1608,Prednisolone,5mg,65,Dr. R. Singh,2023-12-01,2024-11-15,Cancelled
RX001486,P1609,Clopidogrel,75mg,62,Dr. C. Müller,2023-06-08,2024-01-15,Pending
RX001487,P1609,Ibuprofen,400mg,62,Dr. R. Singh,2023-11-01,2024-03-27,Cancelled
RX001488,P1610,Atorvastatin,20mg,80,Dr. L. Torres,2024-10-31,2024-11-02,Pending
RX001489,P1610,Prednisolone,5mg,41,Dr. R. Singh,2023-07-27,2024-03-27,Dispensed
RX001490,P1610,Furosemide,40mg,32,Dr. S. Khan,2023-04-23,2024-03-04,Dispensed
RX001491,P1611,Furosemide,40mg,78,Dr. L. Torres,2023-07-09,2024-05-06,Dispensed
RX001492,P1611,Paracetamol,500mg,54,Dr. M. O'Brien,2023-09-09,2024-03-23,Cancelled
RX001493,P1611,Salbutamol,100mcg,66,Dr. J. Nkosi,2024-09-21,,Pending
RX001494,P1612,Lisinopril,10mg,50,Dr. C. Müller,2023-11-27,,Dispensed
RX001495,P1612,Furosemide,40mg,35,Dr. Y. Tanaka,2023-08-20,2024-07-14,Dispensed
RX001496,P1612,Insulin Glargine,10 units,52,Dr. L. Torres,2024-08-12,,Dispensed
RX001497,P1613,Warfarin,3mg,44,Dr. S. Khan,2024-05-10,2024-10-31,Dispensed
RX001498,P1613,Sertraline,50mg,51,Dr. C. Müller,2023-01-03,2024-03-07,Pending
RX001499,P1613,Paracetamol,500mg,33,Dr. C. Müller,2023-07-19,2024-03-31,Cancelled
RX001500,P1613,Amlodipine,5mg,32,Dr. M. O'Brien,2024-06-14,2024-10-15,Cancelled
RX001501,P1614,Insulin Glargine,10 units,41,Dr. Y. Tanaka,2023-08-11,2024-04-20,Cancelled
RX001502,P1614,Paracetamol,500mg,78,Dr. M. O'Brien,2024-05-17,2024-01-13,Cancelled
RX001503,P1614,Lisinopril,10mg,33,Dr. J. Nkosi,2024-05-08,2024-06-30,Dispensed
RX001504,P1614,Ibuprofen,400mg,33,Dr. Y. Tanaka,2023-05-30,2024-01-21,Cancelled
RX001505,P1615,Insulin Glargine,10 units,58,Dr. L. Torres,2024-05-24,2024-04-01,Dispensed
RX001506,P1615,Ramipril,5mg,31,Dr. A. Patel,2023-02-18,2024-07-23,Dispensed
RX001507,P1616,Clopidogrel,75mg,71,Dr. L. Torres,2023-04-24,,Dispensed
RX001508,P1617,Levothyroxine,50mcg,62,Dr. J. Nkosi,2024-06-17,2024-05-11,Dispensed
RX001509,P1617,Salbutamol,100mcg,90,Dr. L. Torres,2023-07-21,2024-08-17,Cancelled
RX001510,P1617,Paracetamol,500mg,58,Dr. L. Torres,2024-12-24,2024-09-15,Dispensed
RX001511,P1617,Insulin Glargine,10 units,77,Dr. J. Nkosi,2024-01-19,2024-01-07,Dispensed
RX001512,P1618,Paracetamol,500mg,29,Dr. C. Müller,2024-11-25,2024-09-24,Dispensed
RX001513,P1618,Furosemide,40mg,60,Dr. J. Nkosi,2024-04-27,2024-05-05,Cancelled
RX001514,P1618,Levothyroxine,50mcg,67,Dr. L. Torres,2024-02-09,,Pending
RX001515,P1619,Amoxicillin,500mg,45,Dr. R. Singh,2023-08-03,,Pending
RX001516,P1620,Paracetamol,500mg,48,Dr. R. Singh,2024-01-11,2024-08-05,Pending
RX001517,P1620,Omeprazole,20mg,65,Dr. M. O'Brien,2024-02-05,2024-06-23,Dispensed
RX001518,P1620,Furosemide,40mg,75,Dr. M. O'Brien,2023-07-26,2024-10-24,Pending
RX001519,P1621,Insulin Glargine,10 units,73,Dr. A. Patel,2024-08-21,2024-04-26,Pending
RX001520,P1622,Lisinopril,10mg,49,Dr. A. Patel,2024-08-31,2024-09-25,Dispensed
RX001521,P1622,Aspirin,75mg,40,Dr. R. Singh,2023-09-19,,Cancelled
RX001522,P1623,Ibuprofen,400mg,57,Dr. S. Khan,2023-02-16,,Pending
RX001523,P1624,Sertraline,50mg,78,Dr. C. Müller,2023-06-11,,Dispensed
RX001524,P1625,Ibuprofen,400mg,87,Dr. S. Khan,2023-02-09,2024-08-28,Dispensed
RX001525,P1626,Clopidogrel,75mg,81,Dr. S. Khan,2023-03-23,2024-02-26,Cancelled
RX001526,P1626,Gabapentin,300mg,78,Dr. Y. Tanaka,2024-12-11,2024-11-24,Cancelled
RX001527,P1627,Metformin,500mg,76,Dr. R. Singh,2023-05-24,2024-05-23,Cancelled
RX001528,P1627,Furosemide,40mg,61,Dr. C. Müller,2024-09-16,,Pending
RX001529,P1627,Amoxicillin,500mg,90,Dr. M. O'Brien,2024-12-26,2024-10-25,Cancelled
RX001530,P1628,Prednisolone,5mg,45,Dr. R. Singh,2023-12-31,2024-04-02,Pending
RX001531,P1629,Bisoprolol,2.5mg,80,Dr. A. Patel,2024-10-03,2024-05-01,Pending
RX001532,P1630,Bisoprolol,2.5mg,62,Dr. R. Singh,2024-08-31,,Pending
RX001533,P1630,Furosemide,40mg,32,Dr. M. O'Brien,2024-10-02,,Cancelled
RX001534,P1631,Furosemide,40mg,84,Dr. L. Torres,2024-05-21,2024-10-27,Cancelled
RX001535,P1631,Bisoprolol,2.5mg,63,Dr. M. O'Brien,2023-05-27,,Cancelled
RX001536,P1632,Atorvastatin,20mg,33,Dr. A. Patel,2023-05-15,2024-08-16,Dispensed
RX001537,P1632,Metformin,500mg,42,Dr. S. Khan,2024-10-03,2024-04-23,Cancelled
RX001538,P1632,Salbutamol,100mcg,50,Dr. Y. Tanaka,2023-02-12,2024-08-30,Pending
RX001539,P1633,Levothyroxine,50mcg,79,Dr. J. Nkosi,2023-05-30,,Dispensed
RX001540,P1633,Bisoprolol,2.5mg,80,Dr. L. Torres,2023-02-03,2024-09-12,Dispensed
RX001541,P1633,Aspirin,75mg,43,Dr. S. Khan,2023-07-15,2024-11-05,Cancelled
RX001542,P1634,Levothyroxine,50mcg,63,Dr. A. Patel,2024-08-10,,Pending
RX001543,P1635,Salbutamol,100mcg,36,Dr. S. Khan,2023-07-26,,Cancelled
RX001544,P1635,Metformin,500mg,74,Dr. S. Khan,2023-08-05,2024-12-30,Cancelled
RX001545,P1635,Insulin Glargine,10 units,38,Dr. M. O'Brien,2024-01-16,2024-10-14,Pending
RX001546,P1636,Ramipril,5mg,54,Dr. S. Khan,2024-01-22,2024-02-18,Pending
RX001547,P1636,Amoxicillin,500mg,80,Dr. S. Khan,2023-11-22,2024-05-29,Dispensed
RX001548,P1636,Aspirin,75mg,51,Dr. S. Khan,2023-08-10,2024-02-25,Dispensed
RX001549,P1636,Furosemide,40mg,33,Dr. A. Patel,2024-10-26,2024-01-20,Cancelled
RX001550,P1637,Prednisolone,5mg,44,Dr. L. Torres,2023-04-21,,Dispensed
RX001551,P1637,Gabapentin,300mg,68,Dr. M. O'Brien,2023-11-03,,Pending
RX001552,P1637,Lisinopril,10mg,88,Dr. R. Singh,2024-08-12,2024-02-04,Cancelled
RX001553,P1638,Lisinopril,10mg,29,Dr. Y. Tanaka,2024-01-29,2024-10-15,Dispensed
RX001554,P1638,Bisoprolol,2.5mg,48,Dr. C. Müller,2024-06-04,2024-08-10,Dispensed
RX001555,P1638,Furosemide,40mg,78,Dr. M. O'Brien,2024-07-31,2024-02-17,Cancelled
RX001556,P1638,Levothyroxine,50mcg,64,Dr. A. Patel,2023-10-29,2024-12-31,Pending
RX001557,P1639,Atorvastatin,20mg,71,Dr. S. Khan,2023-05-28,2024-06-05,Cancelled
RX001558,P1640,Furosemide,40mg,57,Dr. J. Nkosi,2024-07-23,,Dispensed
RX001559,P1640,Amlodipine,5mg,50,Dr. L. Torres,2024-07-20,2024-05-14,Cancelled
RX001560,P1640,Omeprazole,20mg,50,Dr. C. Müller,2024-07-03,,Dispensed
RX001561,P1640,Amoxicillin,500mg,90,Dr. Y. Tanaka,2024-04-24,2024-08-30,Cancelled
RX001562,P1641,Prednisolone,5mg,61,Dr. C. Müller,2024-10-15,,Pending
RX001563,P1641,Bisoprolol,2.5mg,37,Dr. C. Müller,2023-07-28,2024-08-15,Pending
RX001564,P1641,Aspirin,75mg,56,Dr. M. O'Brien,2024-03-18,2024-04-12,Dispensed
RX001565,P1641,Atorvastatin,20mg,79,Dr. C. Müller,2023-03-04,2024-02-03,Pending
RX001566,P1642,Clopidogrel,75mg,62,Dr. M. O'Brien,2023-03-12,2024-12-13,Pending
RX001567,P1642,Atorvastatin,20mg,31,Dr. M. O'Brien,2023-08-26,2024-06-22,Dispensed
RX001568,P1642,Sertraline,50mg,36,Dr. S. Khan,2023-11-10,2024-09-05,Cancelled
RX001569,P1643,Ramipril,5mg,60,Dr. M. O'Brien,2023-05-21,2024-03-08,Dispensed
RX001570,P1643,Paracetamol,500mg,67,Dr. A. Patel,2023-10-28,2024-03-13,Pending
RX001571,P1644,Aspirin,75mg,43,Dr. A. Patel,2023-05-29,,Dispensed
RX001572,P1645,Bisoprolol,2.5mg,42,Dr. M. O'Brien,2024-04-25,,Pending
RX001573,P1645,Amlodipine,5mg,45,Dr. L. Torres,2024-07-13,2024-05-20,Pending
RX001574,P1645,Gabapentin,300mg,34,Dr. J. Nkosi,2023-03-03,,Cancelled
RX001575,P1646,Levothyroxine,50mcg,78,Dr. A. Patel,2023-02-27,2024-05-10,Dispensed
RX001576,P1646,Prednisolone,5mg,83,Dr. R. Singh,2024-01-02,2024-04-02,Dispensed
RX001577,P1646,Gabapentin,300mg,47,Dr. J. Nkosi,2024-08-11,2024-05-09,Dispensed
RX001578,P1646,Paracetamol,500mg,61,Dr. M. O'Brien,2024-08-08,,Dispensed
RX001579,P1647,Omeprazole,20mg,38,Dr. M. O'Brien,2023-12-24,2024-12-06,Dispensed
RX001580,P1647,Atorvastatin,20mg,33,Dr. C. Müller,2023-09-07,2024-01-25,Cancelled
RX001581,P1648,Warfarin,3mg,50,Dr. C. Müller,2023-06-25,2024-05-26,Dispensed
RX001582,P1649,Paracetamol,500mg,33,Dr. S. Khan,2024-06-17,2024-11-29,Dispensed
RX001583,P1650,Ibuprofen,400mg,59,Dr. L. Torres,2023-02-25,2024-03-26,Cancelled
RX001584,P1650,Metformin,500mg,81,Dr. J. Nkosi,2023-07-21,2024-01-28,Cancelled
RX001585,P1650,Levothyroxine,50mcg,89,Dr. R. Singh,2024-11-11,2024-11-11,Pending
RX001586,P1651,Warfarin,3mg,69,Dr. J. Nkosi,2023-03-23,2024-08-24,Pending
RX001587,P1651,Ramipril,5mg,63,Dr. R. Singh,2023-02-14,,Pending
RX001588,P1652,Omeprazole,20mg,83,Dr. A. Patel,2023-08-08,2024-07-11,Pending
RX001589,P1652,Insulin Glargine,10 units,68,Dr. A. Patel,2023-07-18,2024-10-15,Pending
RX001590,P1652,Amlodipine,5mg,36,Dr. J. Nkosi,2024-03-24,2024-01-08,Cancelled
RX001591,P1652,Bisoprolol,2.5mg,77,Dr. R. Singh,2023-04-14,,Dispensed
RX001592,P1653,Amlodipine,5mg,83,Dr. S. Khan,2023-11-25,2024-03-10,Pending
RX001593,P1654,Omeprazole,20mg,34,Dr. S. Khan,2024-02-22,2024-03-21,Cancelled
RX001594,P1654,Gabapentin,300mg,47,Dr. L. Torres,2024-06-24,,Pending
RX001595,P1655,Bisoprolol,2.5mg,34,Dr. M. O'Brien,2023-08-22,2024-09-22,Cancelled
RX001596,P1656,Warfarin,3mg,85,Dr. A. Patel,2024-07-08,,Pending
RX001597,P1657,Sertraline,50mg,32,Dr. J. Nkosi,2024-03-03,,Cancelled
RX001598,P1657,Bisoprolol,2.5mg,45,Dr. Y. Tanaka,2024-06-15,2024-09-22,Cancelled
RX001599,P1658,Ibuprofen,400mg,83,Dr. A. Patel,2023-03-18,2024-10-24,Cancelled
RX001600,P1658,Clopidogrel,75mg,69,Dr. M. O'Brien,2024-08-22,2024-04-11,Dispensed
RX001601,P1658,Paracetamol,500mg,51,Dr. Y. Tanaka,2024-04-08,2024-04-02,Dispensed
RX001602,P1658,Atorvastatin,20mg,55,Dr. M. O'Brien,2023-03-30,2024-07-08,Cancelled
RX001603,P1659,Gabapentin,300mg,69,Dr. M. O'Brien,2024-09-19,2024-10-05,Dispensed
RX001604,P1659,Atorvastatin,20mg,43,Dr. C. Müller,2024-09-27,2024-01-06,Pending
RX001605,P1659,Warfarin,3mg,88,Dr. A. Patel,2024-04-23,,Cancelled
RX001606,P1660,Ibuprofen,400mg,67,Dr. Y. Tanaka,2023-08-14,2024-10-31,Cancelled
RX001607,P1660,Ramipril,5mg,77,Dr. J. Nkosi,2024-10-17,,Dispensed
RX001608,P1661,Amoxicillin,500mg,61,Dr. R. Singh,2023-11-29,2024-11-24,Cancelled
RX001609,P1661,Bisoprolol,2.5mg,84,Dr. Y. Tanaka,2024-02-19,2024-10-03,Cancelled
RX001610,P1661,Warfarin,3mg,58,Dr. L. Torres,2023-08-22,2024-07-06,Pending
RX001611,P1662,Ramipril,5mg,89,Dr. J. Nkosi,2024-04-24,2024-03-20,Pending
RX001612,P1662,Prednisolone,5mg,37,Dr. J. Nkosi,2023-04-16,,Cancelled
RX001613,P1663,Atorvastatin,20mg,74,Dr. C. Müller,2024-08-09,,Dispensed
RX001614,P1664,Lisinopril,10mg,55,Dr. L. Torres,2023-09-01,2024-11-05,Cancelled
RX001615,P1665,Aspirin,75mg,70,Dr. M. O'Brien,2024-09-13,,Dispensed
RX001616,P1665,Metformin,500mg,77,Dr. S. Khan,2024-07-29,2024-09-19,Cancelled
RX001617,P1665,Warfarin,3mg,65,Dr. R. Singh,2023-06-27,2024-12-16,Cancelled
RX001618,P1665,Ibuprofen,400mg,31,Dr. S. Khan,2023-10-23,2024-01-10,Cancelled
RX001619,P1666,Ramipril,5mg,34,Dr. M. O'Brien,2024-06-20,,Dispensed
RX001620,P1667,Salbutamol,100mcg,40,Dr. A. Patel,2024-02-18,,Dispensed
RX001621,P1667,Levothyroxine,50mcg,78,Dr. R. Singh,2024-08-08,2024-10-19,Cancelled
RX001622,P1668,Ibuprofen,400mg,42,Dr. M. O'Brien,2023-02-17,,Dispensed
RX001623,P1668,Levothyroxine,50mcg,81,Dr. A. Patel,2023-08-27,2024-04-16,Pending
RX001624,P1669,Metformin,500mg,64,Dr. J. Nkosi,2023-04-04,2024-04-14,Pending
RX001625,P1669,Clopidogrel,75mg,90,Dr. A. Patel,2023-05-08,,Dispensed
RX001626,P1669,Sertraline,50mg,36,Dr. A. Patel,2024-09-14,2024-10-18,Cancelled
RX001627,P1670,Bisoprolol,2.5mg,78,Dr. L. Torres,2023-07-12,2024-04-14,Dispensed
RX001628,P1671,Prednisolone,5mg,63,Dr. M. O'Brien,2024-08-11,2024-02-18,Pending
RX001629,P1671,Gabapentin,300mg,49,Dr. A. Patel,2023-08-18,2024-07-15,Cancelled
RX001630,P1672,Prednisolone,5mg,51,Dr. C. Müller,2024-12-17,2024-07-03,Cancelled
RX001631,P1672,Levothyroxine,50mcg,41,Dr. J. Nkosi,2024-08-28,,Pending
RX001632,P1672,Insulin Glargine,10 units,35,Dr. R. Singh,2023-12-26,2024-05-05,Pending
RX001633,P1673,Ramipril,5mg,46,Dr. J. Nkosi,2024-08-28,2024-08-02,Dispensed
RX001634,P1673,Levothyroxine,50mcg,80,Dr. C. Müller,2024-05-01,2024-03-19,Dispensed
RX001635,P1673,Paracetamol,500mg,39,Dr. A. Patel,2023-10-12,,Cancelled
RX001636,P1674,Lisinopril,10mg,45,Dr. J. Nkosi,2024-04-10,,Pending
RX001637,P1674,Atorvastatin,20mg,29,Dr. L. Torres,2024-08-10,2024-06-28,Dispensed
RX001638,P1674,Omeprazole,20mg,87,Dr. M. O'Brien,2023-07-13,,Pending
RX001639,P1674,Clopidogrel,75mg,47,Dr. A. Patel,2023-04-20,2024-08-19,Cancelled
RX001640,P1675,Prednisolone,5mg,71,Dr. S. Khan,2024-09-14,2024-09-03,Cancelled
RX001641,P1675,Aspirin,75mg,69,Dr. Y. Tanaka,2024-03-04,2024-01-28,Pending
RX001642,P1675,Ibuprofen,400mg,48,Dr. S. Khan,2023-08-20,,Cancelled
RX001643,P1675,Insulin Glargine,10 units,58,Dr. Y. Tanaka,2024-04-16,,Cancelled
RX001644,P1676,Omeprazole,20mg,55,Dr. R. Singh,2023-02-15,2024-02-15,Cancelled
RX001645,P1676,Furosemide,40mg,56,Dr. S. Khan,2024-05-30,2024-10-13,Dispensed
RX001646,P1676,Lisinopril,10mg,44,Dr. Y. Tanaka,2024-08-07,2024-09-01,Pending
RX001647,P1677,Bisoprolol,2.5mg,67,Dr. Y. Tanaka,2023-06-01,2024-08-27,Dispensed
RX001648,P1677,Atorvastatin,20mg,82,Dr. R. Singh,2024-03-17,,Pending
RX001649,P1677,Warfarin,3mg,31,Dr. J. Nkosi,2023-03-28,2024-05-26,Dispensed
RX001650,P1678,Insulin Glargine,10 units,78,Dr. C. Müller,2023-10-26,2024-05-03,Pending
RX001651,P1678,Omeprazole,20mg,38,Dr. L. Torres,2024-02-20,2024-01-05,Pending
RX001652,P1679,Levothyroxine,50mcg,82,Dr. S. Khan,2024-01-11,2024-07-09,Dispensed
RX001653,P1680,Sertraline,50mg,70,Dr. M. O'Brien,2023-08-10,,Dispensed
RX001654,P1680,Clopidogrel,75mg,85,Dr. R. Singh,2023-12-24,2024-10-30,Cancelled
RX001655,P1680,Furosemide,40mg,73,Dr. R. Singh,2024-03-07,2024-03-11,Pending
RX001656,P1680,Amoxicillin,500mg,60,Dr. R. Singh,2024-03-25,2024-01-02,Pending
RX001657,P1681,Levothyroxine,50mcg,65,Dr. J. Nkosi,2023-11-03,,Pending
RX001658,P1681,Ramipril,5mg,78,Dr. Y. Tanaka,2023-11-10,,Cancelled
RX001659,P1681,Insulin Glargine,10 units,85,Dr. Y. Tanaka,2023-01-13,2024-09-15,Cancelled
RX001660,P1682,Prednisolone,5mg,45,Dr. S. Khan,2024-11-18,,Pending
RX001661,P1682,Clopidogrel,75mg,56,Dr. C. Müller,2024-08-17,2024-07-06,Cancelled
RX001662,P1682,Bisoprolol,2.5mg,85,Dr. L. Torres,2024-12-18,,Cancelled
RX001663,P1682,Amoxicillin,500mg,73,Dr. J. Nkosi,2023-01-31,2024-05-07,Pending
RX001664,P1683,Amoxicillin,500mg,78,Dr. L. Torres,2024-03-06,2024-07-26,Pending
RX001665,P1684,Prednisolone,5mg,55,Dr. Y. Tanaka,2024-12-28,,Pending
RX001666,P1684,Clopidogrel,75mg,39,Dr. A. Patel,2024-03-03,2024-08-21,Cancelled
RX001667,P1684,Metformin,500mg,72,Dr. S. Khan,2024-10-14,2024-04-26,Cancelled
RX001668,P1684,Bisoprolol,2.5mg,31,Dr. A. Patel,2023-08-30,2024-03-23,Dispensed
RX001669,P1685,Sertraline,50mg,82,Dr. L. Torres,2024-03-19,2024-06-01,Dispensed
RX001670,P1685,Metformin,500mg,57,Dr. M. O'Brien,2023-01-28,2024-04-26,Dispensed
RX001671,P1685,Atorvastatin,20mg,37,Dr. L. Torres,2023-11-07,2024-06-03,Dispensed
RX001672,P1686,Furosemide,40mg,54,Dr. A. Patel,2024-02-14,,Pending
RX001673,P1687,Prednisolone,5mg,87,Dr. A. Patel,2023-05-26,,Dispensed
RX001674,P1688,Paracetamol,500mg,85,Dr. R. Singh,2023-10-20,2024-10-23,Pending
RX001675,P1688,Gabapentin,300mg,37,Dr. C. Müller,2023-12-16,2024-03-29,Dispensed
RX001676,P1688,Aspirin,75mg,79,Dr. R. Singh,2024-11-15,2024-08-17,Cancelled
RX001677,P1688,Amoxicillin,500mg,89,Dr. S. Khan,2024-04-17,,Cancelled
RX001678,P1689,Gabapentin,300mg,90,Dr. Y. Tanaka,2023-01-05,2024-05-23,Cancelled
RX001679,P1690,Gabapentin,300mg,61,Dr. L. Torres,2023-03-31,,Cancelled
RX001680,P1690,Metformin,500mg,60,Dr. S. Khan,2024-06-19,2024-07-09,Dispensed
RX001681,P1690,Furosemide,40mg,70,Dr. M. O'Brien,2023-02-28,,Pending
RX001682,P1691,Sertraline,50mg,34,Dr. C. Müller,2023-05-06,2024-05-21,Cancelled
RX001683,P1691,Amoxicillin,500mg,50,Dr. Y. Tanaka,2024-08-02,2024-07-25,Dispensed
RX001684,P1692,Ramipril,5mg,49,Dr. R. Singh,2023-06-27,2024-02-15,Dispensed
RX001685,P1693,Salbutamol,100mcg,69,Dr. A. Patel,2024-02-26,2024-02-29,Dispensed
RX001686,P1693,Omeprazole,20mg,82,Dr. C. Müller,2023-07-18,,Cancelled
RX001687,P1693,Amoxicillin,500mg,56,Dr. A. Patel,2023-06-02,2024-12-24,Cancelled
RX001688,P1693,Warfarin,3mg,80,Dr. Y. Tanaka,2024-12-24,,Dispensed
RX001689,P1694,Gabapentin,300mg,65,Dr. S. Khan,2023-02-25,2024-03-09,Cancelled
RX001690,P1694,Levothyroxine,50mcg,30,Dr. C. Müller,2024-05-21,2024-11-24,Dispensed
RX001691,P1694,Ibuprofen,400mg,73,Dr. C. Müller,2024-09-26,2024-08-22,Cancelled
RX001692,P1694,Aspirin,75mg,35,Dr. S. Khan,2024-10-15,2024-04-06,Dispensed
RX001693,P1695,Metformin,500mg,43,Dr. C. Müller,2024-11-18,2024-05-08,Pending
RX001694,P1695,Prednisolone,5mg,59,Dr. A. Patel,2024-06-26,2024-06-14,Pending
RX001695,P1695,Warfarin,3mg,42,Dr. R. Singh,2023-04-30,2024-07-07,Pending
RX001696,P1696,Omeprazole,20mg,44,Dr. M. O'Brien,2024-02-08,,Cancelled
RX001697,P1696,Ramipril,5mg,43,Dr. L. Torres,2023-05-06,2024-08-11,Pending
RX001698,P1696,Atorvastatin,20mg,76,Dr. A. Patel,2024-11-29,,Cancelled
RX001699,P1697,Sertraline,50mg,87,Dr. J. Nkosi,2023-01-25,2024-08-01,Cancelled
RX001700,P1697,Gabapentin,300mg,48,Dr. Y. Tanaka,2023-03-29,2024-01-19,Cancelled
RX001701,P1697,Amoxicillin,500mg,88,Dr. M. O'Brien,2024-11-19,,Pending
RX001702,P1697,Warfarin,3mg,90,Dr. L. Torres,2024-07-18,2024-12-08,Cancelled
RX001703,P1698,Ibuprofen,400mg,73,Dr. S. Khan,2023-03-31,2024-07-20,Cancelled
RX001704,P1698,Sertraline,50mg,41,Dr. R. Singh,2024-10-02,2024-12-02,Dispensed
RX001705,P1699,Paracetamol,500mg,54,Dr. R. Singh,2023-01-01,2024-05-29,Dispensed
RX001706,P1699,Ramipril,5mg,62,Dr. J. Nkosi,2023-10-13,2024-06-02,Cancelled
RX001707,P1699,Metformin,500mg,51,Dr. A. Patel,2023-03-29,2024-06-07,Pending
RX001708,P1700,Sertraline,50mg,83,Dr. R. Singh,2023-11-03,,Pending
RX001709,P1700,Ramipril,5mg,88,Dr. L. Torres,2024-08-25,,Dispensed
RX001710,P1700,Bisoprolol,2.5mg,49,Dr. C. Müller,2023-04-16,2024-12-19,Pending
RX001711,P1701,Amoxicillin,500mg,50,Dr. M. O'Brien,2024-12-19,2024-12-28,Dispensed
RX001712,P1701,Levothyroxine,50mcg,47,Dr. Y. Tanaka,2024-07-10,,Pending
RX001713,P1701,Clopidogrel,75mg,40,Dr. M. O'Brien,2024-10-13,,Dispensed
RX001714,P1701,Amlodipine,5mg,88,Dr. M. O'Brien,2024-02-27,,Pending
RX001715,P1702,Sertraline,50mg,81,Dr. A. Patel,2023-10-10,,Pending
RX001716,P1702,Atorvastatin,20mg,84,Dr. L. Torres,2024-06-18,,Dispensed
RX001717,P1702,Lisinopril,10mg,28,Dr. C. Müller,2023-01-15,,Pending
RX001718,P1703,Paracetamol,500mg,90,Dr. S. Khan,2023-06-04,2024-12-05,Dispensed
RX001719,P1703,Lisinopril,10mg,71,Dr. M. O'Brien,2023-04-21,,Cancelled
RX001720,P1703,Atorvastatin,20mg,31,Dr. R. Singh,2023-07-11,,Pending
RX001721,P1704,Salbutamol,100mcg,80,Dr. Y. Tanaka,2024-08-18,,Dispensed
RX001722,P1704,Lisinopril,10mg,89,Dr. L. Torres,2024-09-20,2024-01-20,Cancelled
RX001723,P1704,Amlodipine,5mg,82,Dr. R. Singh,2023-05-25,2024-01-08,Pending
RX001724,P1704,Ramipril,5mg,66,Dr. Y. Tanaka,2023-03-10,2024-02-21,Cancelled
RX001725,P1705,Aspirin,75mg,62,Dr. J. Nkosi,2024-05-11,2024-08-13,Pending
RX001726,P1705,Furosemide,40mg,65,Dr. L. Torres,2024-09-28,,Pending
RX001727,P1705,Salbutamol,100mcg,34,Dr. M. O'Brien,2024-04-10,2024-07-09,Cancelled
RX001728,P1706,Omeprazole,20mg,68,Dr. R. Singh,2023-01-21,2024-07-27,Cancelled
RX001729,P1707,Amlodipine,5mg,47,Dr. J. Nkosi,2024-05-05,2024-11-11,Dispensed
RX001730,P1707,Gabapentin,300mg,47,Dr. Y. Tanaka,2024-01-12,2024-10-04,Dispensed
RX001731,P1707,Clopidogrel,75mg,44,Dr. S. Khan,2024-02-15,2024-05-22,Pending
RX001732,P1708,Ramipril,5mg,79,Dr. M. O'Brien,2024-02-02,,Cancelled
RX001733,P1709,Metformin,500mg,58,Dr. M. O'Brien,2023-01-27,2024-04-05,Pending
RX001734,P1709,Bisoprolol,2.5mg,59,Dr. C. Müller,2023-01-06,2024-02-22,Dispensed
RX001735,P1709,Insulin Glargine,10 units,71,Dr. L. Torres,2023-06-18,,Dispensed
RX001736,P1710,Warfarin,3mg,63,Dr. Y. Tanaka,2024-12-10,2024-08-04,Cancelled
RX001737,P1710,Ramipril,5mg,65,Dr. S. Khan,2024-01-19,2024-10-20,Dispensed
RX001738,P1711,Warfarin,3mg,32,Dr. C. Müller,2023-05-20,,Cancelled
RX001739,P1712,Ibuprofen,400mg,62,Dr. Y. Tanaka,2023-05-26,,Cancelled
RX001740,P1712,Metformin,500mg,28,Dr. J. Nkosi,2023-05-16,,Cancelled
RX001741,P1712,Prednisolone,5mg,33,Dr. Y. Tanaka,2023-10-31,2024-01-25,Dispensed
RX001742,P1712,Bisoprolol,2.5mg,30,Dr. A. Patel,2023-11-14,2024-05-26,Dispensed
RX001743,P1713,Warfarin,3mg,37,Dr. C. Müller,2023-02-19,2024-04-08,Dispensed
RX001744,P1714,Salbutamol,100mcg,89,Dr. L. Torres,2023-07-19,2024-08-18,Cancelled
RX001745,P1714,Clopidogrel,75mg,79,Dr. C. Müller,2023-12-21,2024-09-20,Cancelled
RX001746,P1715,Ibuprofen,400mg,36,Dr. L. Torres,2023-09-18,2024-08-15,Pending
RX001747,P1715,Ramipril,5mg,67,Dr. Y. Tanaka,2023-07-06,,Cancelled
RX001748,P1716,Amoxicillin,500mg,49,Dr. A. Patel,2023-12-11,,Pending
RX001749,P1716,Insulin Glargine,10 units,42,Dr. C. Müller,2024-05-10,2024-03-08,Dispensed
RX001750,P1716,Omeprazole,20mg,89,Dr. M. O'Brien,2024-06-19,2024-06-21,Dispensed
RX001751,P1716,Metformin,500mg,66,Dr. C. Müller,2023-08-05,2024-10-31,Dispensed
RX001752,P1717,Ibuprofen,400mg,85,Dr. M. O'Brien,2023-09-18,,Cancelled
RX001753,P1717,Amlodipine,5mg,78,Dr. J. Nkosi,2024-12-26,2024-02-23,Dispensed
RX001754,P1717,Omeprazole,20mg,86,Dr. Y. Tanaka,2024-11-22,,Cancelled
RX001755,P1717,Clopidogrel,75mg,36,Dr. J. Nkosi,2024-09-17,2024-02-18,Dispensed
RX001756,P1718,Furosemide,40mg,65,Dr. C. Müller,2023-12-28,2024-06-02,Cancelled
RX001757,P1718,Clopidogrel,75mg,62,Dr. L. Torres,2023-10-30,,Cancelled
RX001758,P1718,Bisoprolol,2.5mg,46,Dr. Y. Tanaka,2024-03-16,2024-11-04,Dispensed
RX001759,P1718,Prednisolone,5mg,42,Dr. R. Singh,2023-11-08,,Dispensed
RX001760,P1719,Lisinopril,10mg,44,Dr. Y. Tanaka,2023-01-05,2024-10-22,Pending
RX001761,P1719,Ibuprofen,400mg,42,Dr. J. Nkosi,2023-05-30,2024-02-02,Cancelled
RX001762,P1719,Aspirin,75mg,88,Dr. J. Nkosi,2023-07-26,2024-05-25,Pending
RX001763,P1719,Salbutamol,100mcg,62,Dr. C. Müller,2024-10-20,2024-06-03,Pending
RX001764,P1720,Atorvastatin,20mg,73,Dr. Y. Tanaka,2023-12-15,2024-07-09,Dispensed
RX001765,P1721,Bisoprolol,2.5mg,52,Dr. A. Patel,2023-08-02,2024-02-03,Pending
RX001766,P1722,Aspirin,75mg,32,Dr. L. Torres,2023-02-04,2024-01-20,Dispensed
RX001767,P1722,Gabapentin,300mg,90,Dr. M. O'Brien,2024-05-03,2024-11-24,Pending
RX001768,P1722,Metformin,500mg,77,Dr. R. Singh,2023-08-29,2024-01-28,Pending
RX001769,P1722,Ibuprofen,400mg,54,Dr. J. Nkosi,2023-01-30,2024-05-07,Dispensed
RX001770,P1723,Clopidogrel,75mg,72,Dr. R. Singh,2024-10-05,2024-05-19,Pending
RX001771,P1723,Ramipril,5mg,76,Dr. C. Müller,2023-03-30,2024-08-05,Cancelled
RX001772,P1723,Prednisolone,5mg,65,Dr. M. O'Brien,2024-08-04,2024-05-29,Pending
RX001773,P1724,Salbutamol,100mcg,34,Dr. Y. Tanaka,2024-02-21,2024-07-24,Dispensed
RX001774,P1725,Aspirin,75mg,78,Dr. Y. Tanaka,2023-04-26,,Dispensed
RX001775,P1725,Ibuprofen,400mg,43,Dr. A. Patel,2023-03-29,2024-07-18,Pending
RX001776,P1726,Insulin Glargine,10 units,72,Dr. C. Müller,2024-11-21,,Cancelled
RX001777,P1727,Bisoprolol,2.5mg,83,Dr. Y. Tanaka,2023-04-09,2024-03-06,Pending
RX001778,P1728,Warfarin,3mg,33,Dr. M. O'Brien,2023-04-15,,Cancelled
RX001779,P1728,Amoxicillin,500mg,73,Dr. S. Khan,2023-07-14,2024-08-06,Dispensed
RX001780,P1728,Ramipril,5mg,41,Dr. J. Nkosi,2024-08-11,2024-04-14,Dispensed
RX001781,P1728,Sertraline,50mg,85,Dr. R. Singh,2024-08-18,2024-08-09,Cancelled
RX001782,P1729,Omeprazole,20mg,28,Dr. A. Patel,2023-08-23,,Cancelled
RX001783,P1729,Prednisolone,5mg,86,Dr. S. Khan,2023-10-03,2024-06-03,Cancelled
RX001784,P1730,Gabapentin,300mg,71,Dr. S. Khan,2023-03-31,,Pending
RX001785,P1730,Furosemide,40mg,63,Dr. M. O'Brien,2024-08-06,2024-10-08,Dispensed
RX001786,P1730,Sertraline,50mg,40,Dr. A. Patel,2023-06-25,,Cancelled
RX001787,P1730,Insulin Glargine,10 units,41,Dr. C. Müller,2024-12-22,2024-08-23,Dispensed
RX001788,P1731,Sertraline,50mg,77,Dr. L. Torres,2024-02-17,2024-06-29,Dispensed
RX001789,P1731,Insulin Glargine,10 units,63,Dr. M. O'Brien,2023-02-02,2024-06-16,Dispensed
RX001790,P1731,Ibuprofen,400mg,28,Dr. L. Torres,2024-04-05,2024-06-11,Pending
RX001791,P1731,Furosemide,40mg,78,Dr. C. Müller,2024-03-07,,Pending
RX001792,P1732,Lisinopril,10mg,70,Dr. R. Singh,2024-12-15,2024-03-14,Cancelled
RX001793,P1733,Clopidogrel,75mg,65,Dr. S. Khan,2024-01-02,2024-06-01,Pending
RX001794,P1733,Atorvastatin,20mg,81,Dr. C. Müller,2023-10-25,2024-09-26,Dispensed
RX001795,P1733,Warfarin,3mg,42,Dr. L. Torres,2023-12-21,2024-08-13,Cancelled
RX001796,P1734,Amlodipine,5mg,37,Dr. L. Torres,2024-06-15,2024-11-15,Pending
RX001797,P1734,Bisoprolol,2.5mg,28,Dr. S. Khan,2024-12-27,2024-01-31,Pending
RX001798,P1734,Metformin,500mg,89,Dr. L. Torres,2023-09-20,2024-02-11,Dispensed
RX001799,P1735,Bisoprolol,2.5mg,57,Dr. L. Torres,2024-04-27,2024-09-13,Cancelled
RX001800,P1735,Amlodipine,5mg,82,Dr. A. Patel,2023-12-26,2024-12-05,Dispensed
RX001801,P1736,Paracetamol,500mg,81,Dr. A. Patel,2024-10-26,2024-11-18,Dispensed
RX001802,P1737,Ibuprofen,400mg,62,Dr. A. Patel,2024-08-18,2024-03-24,Pending
RX001803,P1737,Bisoprolol,2.5mg,54,Dr. L. Torres,2024-02-08,2024-05-30,Cancelled
RX001804,P1737,Furosemide,40mg,52,Dr. L. Torres,2023-09-13,2024-02-25,Cancelled
RX001805,P1738,Salbutamol,100mcg,67,Dr. Y. Tanaka,2023-03-17,,Cancelled
RX001806,P1738,Aspirin,75mg,83,Dr. R. Singh,2023-06-10,,Cancelled
RX001807,P1738,Ibuprofen,400mg,31,Dr. C. Müller,2024-04-11,2024-09-20,Pending
RX001808,P1738,Amlodipine,5mg,44,Dr. R. Singh,2024-02-24,2024-03-16,Dispensed
RX001809,P1739,Ramipril,5mg,80,Dr. Y. Tanaka,2023-10-18,2024-08-06,Dispensed
RX001810,P1740,Salbutamol,100mcg,28,Dr. A. Patel,2023-02-24,,Cancelled
RX001811,P1741,Bisoprolol,2.5mg,59,Dr. M. O'Brien,2024-10-23,2024-04-12,Cancelled
RX001812,P1741,Warfarin,3mg,52,Dr. S. Khan,2023-07-06,2024-09-08,Cancelled
RX001813,P1741,Furosemide,40mg,90,Dr. L. Torres,2023-05-21,,Pending
RX001814,P1742,Levothyroxine,50mcg,42,Dr. C. Müller,2023-05-11,2024-11-28,Dispensed
RX001815,P1743,Prednisolone,5mg,60,Dr. Y. Tanaka,2024-09-08,2024-10-11,Pending
RX001816,P1743,Insulin Glargine,10 units,87,Dr. Y. Tanaka,2023-11-20,,Cancelled
RX001817,P1744,Bisoprolol,2.5mg,90,Dr. L. Torres,2024-02-25,,Dispensed
RX001818,P1744,Furosemide,40mg,50,Dr. Y. Tanaka,2024-05-28,2024-04-27,Pending
RX001819,P1744,Salbutamol,100mcg,89,Dr. C. Müller,2024-03-12,2024-01-25,Pending
RX001820,P1744,Levothyroxine,50mcg,49,Dr. C. Müller,2023-12-16,2024-04-25,Pending
RX001821,P1745,Omeprazole,20mg,33,Dr. Y. Tanaka,2023-02-17,,Cancelled
RX001822,P1745,Amoxicillin,500mg,88,Dr. C. Müller,2024-02-15,2024-07-18,Pending
RX001823,P1745,Gabapentin,300mg,48,Dr. C. Müller,2024-10-06,2024-03-04,Cancelled
RX001824,P1746,Amlodipine,5mg,79,Dr. Y. Tanaka,2024-01-09,2024-06-23,Cancelled
RX001825,P1746,Paracetamol,500mg,52,Dr. A. Patel,2024-04-14,2024-07-15,Dispensed
RX001826,P1747,Aspirin,75mg,43,Dr. Y. Tanaka,2024-04-04,2024-02-18,Dispensed
RX001827,P1748,Sertraline,50mg,67,Dr. M. O'Brien,2023-11-17,2024-08-28,Pending
RX001828,P1748,Atorvastatin,20mg,31,Dr. M. O'Brien,2023-05-14,2024-11-18,Cancelled
RX001829,P1748,Omeprazole,20mg,87,Dr. A. Patel,2023-03-28,2024-11-09,Pending
RX001830,P1748,Clopidogrel,75mg,67,Dr. Y. Tanaka,2023-10-21,2024-08-06,Pending
RX001831,P1749,Salbutamol,100mcg,38,Dr. A. Patel,2023-10-21,,Pending
RX001832,P1749,Paracetamol,500mg,76,Dr. M. O'Brien,2023-02-09,2024-10-13,Pending
RX001833,P1749,Gabapentin,300mg,70,Dr. M. O'Brien,2023-08-30,2024-12-04,Dispensed
RX001834,P1750,Insulin Glargine,10 units,90,Dr. Y. Tanaka,2024-05-05,,Dispensed
RX001835,P1751,Amoxicillin,500mg,76,Dr. L. Torres,2024-02-11,2024-10-21,Pending
RX001836,P1752,Prednisolone,5mg,36,Dr. Y. Tanaka,2023-05-11,2024-10-28,Cancelled
RX001837,P1752,Metformin,500mg,61,Dr. R. Singh,2023-04-16,,Cancelled
RX001838,P1753,Ibuprofen,400mg,64,Dr. A. Patel,2024-03-19,,Cancelled
RX001839,P1753,Amoxicillin,500mg,47,Dr. R. Singh,2023-07-20,2024-01-13,Dispensed
RX001840,P1754,Gabapentin,300mg,86,Dr. C. Müller,2024-09-22,2024-02-22,Cancelled
RX001841,P1754,Paracetamol,500mg,43,Dr. Y. Tanaka,2024-04-14,2024-02-08,Dispensed
RX001842,P1755,Amoxicillin,500mg,82,Dr. S. Khan,2024-11-25,,Dispensed
RX001843,P1756,Paracetamol,500mg,50,Dr. M. O'Brien,2023-07-26,,Pending
RX001844,P1757,Furosemide,40mg,32,Dr. A. Patel,2024-03-29,,Pending
RX001845,P1757,Lisinopril,10mg,70,Dr. J. Nkosi,2024-11-05,,Pending
RX001846,P1757,Omeprazole,20mg,89,Dr. Y. Tanaka,2024-09-21,2024-08-16,Cancelled
RX001847,P1758,Lisinopril,10mg,74,Dr. A. Patel,2024-05-02,2024-12-15,Cancelled
RX001848,P1758,Furosemide,40mg,54,Dr. M. O'Brien,2024-03-20,2024-08-26,Pending
RX001849,P1758,Warfarin,3mg,64,Dr. C. Müller,2024-12-13,,Pending
RX001850,P1759,Ramipril,5mg,83,Dr. S. Khan,2023-11-10,,Cancelled
RX001851,P1759,Bisoprolol,2.5mg,84,Dr. Y. Tanaka,2024-04-24,2024-02-19,Pending
RX001852,P1760,Metformin,500mg,41,Dr. Y. Tanaka,2024-11-26,2024-01-31,Cancelled
RX001853,P1761,Salbutamol,100mcg,57,Dr. J. Nkosi,2024-04-08,2024-02-09,Cancelled
RX001854,P1761,Lisinopril,10mg,62,Dr. Y. Tanaka,2024-06-27,2024-05-08,Cancelled
RX001855,P1761,Gabapentin,300mg,63,Dr. M. O'Brien,2024-02-27,,Pending
RX001856,P1761,Levothyroxine,50mcg,33,Dr. C. Müller,2024-02-04,2024-08-15,Cancelled
RX001857,P1762,Furosemide,40mg,71,Dr. Y. Tanaka,2023-03-29,2024-11-20,Dispensed
RX001858,P1762,Atorvastatin,20mg,78,Dr. S. Khan,2023-03-23,2024-03-06,Pending
RX001859,P1762,Ramipril,5mg,45,Dr. J. Nkosi,2024-09-14,,Pending
RX001860,P1763,Omeprazole,20mg,34,Dr. R. Singh,2024-08-30,,Cancelled
RX001861,P1764,Warfarin,3mg,46,Dr. R. Singh,2023-08-05,2024-12-25,Dispensed
RX001862,P1765,Prednisolone,5mg,40,Dr. A. Patel,2024-12-14,2024-02-08,Cancelled
RX001863,P1765,Sertraline,50mg,75,Dr. Y. Tanaka,2024-09-05,2024-02-12,Cancelled
RX001864,P1766,Lisinopril,10mg,60,Dr. Y. Tanaka,2024-12-19,2024-12-06,Dispensed
RX001865,P1767,Amoxicillin,500mg,31,Dr. C. Müller,2023-08-29,,Pending
RX001866,P1767,Bisoprolol,2.5mg,35,Dr. M. O'Brien,2023-10-31,2024-09-07,Dispensed
RX001867,P1767,Levothyroxine,50mcg,34,Dr. J. Nkosi,2024-08-30,2024-11-09,Cancelled
RX001868,P1768,Clopidogrel,75mg,78,Dr. M. O'Brien,2024-06-08,2024-09-10,Pending
RX001869,P1768,Warfarin,3mg,36,Dr. L. Torres,2023-07-21,,Cancelled
RX001870,P1768,Amoxicillin,500mg,79,Dr. J. Nkosi,2024-10-16,,Pending
RX001871,P1768,Ibuprofen,400mg,36,Dr. J. Nkosi,2024-04-22,,Cancelled
RX001872,P1769,Insulin Glargine,10 units,72,Dr. Y. Tanaka,2023-04-13,2024-11-20,Dispensed
RX001873,P1769,Ramipril,5mg,75,Dr. C. Müller,2023-07-27,,Dispensed
RX001874,P1769,Paracetamol,500mg,28,Dr. R. Singh,2023-07-18,2024-12-06,Dispensed
RX001875,P1770,Ibuprofen,400mg,30,Dr. Y. Tanaka,2023-08-23,2024-04-17,Pending
RX001876,P1770,Atorvastatin,20mg,35,Dr. Y. Tanaka,2023-05-14,,Dispensed
RX001877,P1770,Furosemide,40mg,48,Dr. Y. Tanaka,2024-01-22,2024-05-29,Cancelled
RX001878,P1771,Amoxicillin,500mg,42,Dr. S. Khan,2023-10-24,2024-07-05,Cancelled
RX001879,P1771,Ramipril,5mg,54,Dr. M. O'Brien,2023-05-14,2024-05-13,Cancelled
RX001880,P1771,Ibuprofen,400mg,81,Dr. J. Nkosi,2024-07-31,2024-09-19,Pending
RX001881,P1772,Atorvastatin,20mg,35,Dr. A. Patel,2023-05-15,2024-09-07,Dispensed
RX001882,P1773,Ramipril,5mg,42,Dr. S. Khan,2024-06-05,2024-04-20,Dispensed
RX001883,P1774,Gabapentin,300mg,81,Dr. L. Torres,2024-09-13,2024-05-09,Pending
RX001884,P1774,Paracetamol,500mg,89,Dr. C. Müller,2023-06-27,2024-11-21,Cancelled
RX001885,P1775,Warfarin,3mg,55,Dr. C. Müller,2024-06-04,2024-09-07,Dispensed
RX001886,P1775,Aspirin,75mg,33,Dr. J. Nkosi,2024-04-04,2024-05-07,Dispensed
RX001887,P1775,Levothyroxine,50mcg,37,Dr. J. Nkosi,2024-03-15,2024-02-22,Cancelled
RX001888,P1775,Omeprazole,20mg,64,Dr. L. Torres,2024-05-14,2024-10-10,Dispensed
RX001889,P1776,Prednisolone,5mg,77,Dr. L. Torres,2024-03-14,,Cancelled
RX001890,P1776,Bisoprolol,2.5mg,81,Dr. M. O'Brien,2023-12-31,2024-12-25,Pending
RX001891,P1777,Clopidogrel,75mg,69,Dr. S. Khan,2023-09-22,2024-12-08,Pending
RX001892,P1777,Furosemide,40mg,61,Dr. Y. Tanaka,2024-02-12,2024-10-15,Cancelled
RX001893,P1778,Amlodipine,5mg,77,Dr. M. O'Brien,2024-06-11,,Cancelled
RX001894,P1779,Amoxicillin,500mg,66,Dr. A. Patel,2024-10-26,,Cancelled
RX001895,P1779,Omeprazole,20mg,84,Dr. R. Singh,2023-10-02,2024-02-25,Cancelled
RX001896,P1779,Gabapentin,300mg,82,Dr. R. Singh,2023-12-19,2024-03-13,Dispensed
RX001897,P1779,Levothyroxine,50mcg,73,Dr. R. Singh,2024-01-18,,Cancelled
RX001898,P1780,Atorvastatin,20mg,81,Dr. J. Nkosi,2024-11-04,2024-03-14,Cancelled
RX001899,P1780,Omeprazole,20mg,79,Dr. L. Torres,2023-04-28,2024-12-06,Cancelled
RX001900,P1781,Clopidogrel,75mg,42,Dr. J. Nkosi,2024-07-02,2024-02-14,Dispensed
RX001901,P1782,Sertraline,50mg,52,Dr. J. Nkosi,2024-12-20,2024-10-27,Cancelled
RX001902,P1782,Insulin Glargine,10 units,54,Dr. R. Singh,2023-09-18,2024-05-01,Cancelled
RX001903,P1783,Furosemide,40mg,57,Dr. M. O'Brien,2023-01-03,2024-12-05,Pending
RX001904,P1783,Clopidogrel,75mg,41,Dr. Y. Tanaka,2024-06-05,,Pending
RX001905,P1783,Ibuprofen,400mg,41,Dr. C. Müller,2023-12-12,2024-09-11,Pending
RX001906,P1784,Salbutamol,100mcg,46,Dr. A. Patel,2024-09-07,2024-07-25,Dispensed
RX001907,P1785,Amlodipine,5mg,29,Dr. A. Patel,2023-03-25,2024-10-25,Dispensed
RX001908,P1786,Amlodipine,5mg,86,Dr. J. Nkosi,2024-03-31,2024-11-30,Pending
RX001909,P1787,Clopidogrel,75mg,78,Dr. J. Nkosi,2023-12-09,2024-11-03,Dispensed
RX001910,P1787,Amlodipine,5mg,34,Dr. M. O'Brien,2024-06-25,,Cancelled
RX001911,P1787,Omeprazole,20mg,50,Dr. M. O'Brien,2023-12-30,2024-06-27,Cancelled
RX001912,P1787,Gabapentin,300mg,36,Dr. S. Khan,2023-01-27,,Dispensed
RX001913,P1788,Omeprazole,20mg,62,Dr. R. Singh,2023-09-09,2024-03-10,Pending
RX001914,P1788,Prednisolone,5mg,69,Dr. Y. Tanaka,2024-11-22,,Cancelled
RX001915,P1788,Ramipril,5mg,73,Dr. J. Nkosi,2024-03-06,2024-07-17,Cancelled
RX001916,P1789,Aspirin,75mg,50,Dr. C. Müller,2023-08-24,,Dispensed
RX001917,P1790,Metformin,500mg,53,Dr. J. Nkosi,2023-01-06,2024-12-06,Pending
RX001918,P1791,Levothyroxine,50mcg,54,Dr. R. Singh,2024-10-21,2024-08-21,Dispensed
RX001919,P1791,Lisinopril,10mg,79,Dr. J. Nkosi,2024-12-15,,Cancelled
RX001920,P1792,Sertraline,50mg,65,Dr. S. Khan,2023-02-17,,Pending
RX001921,P1792,Ibuprofen,400mg,66,Dr. A. Patel,2023-11-24,2024-03-11,Pending
RX001922,P1793,Lisinopril,10mg,30,Dr. S. Khan,2024-04-03,,Cancelled
RX001923,P1793,Furosemide,40mg,28,Dr. S. Khan,2023-06-05,2024-05-21,Dispensed
RX001924,P1793,Omeprazole,20mg,55,Dr. Y. Tanaka,2024-08-31,,Pending
RX001925,P1794,Omeprazole,20mg,54,Dr. Y. Tanaka,2023-11-04,,Dispensed
RX001926,P1794,Salbutamol,100mcg,80,Dr. L. Torres,2024-08-21,2024-03-11,Pending
RX001927,P1794,Sertraline,50mg,37,Dr. M. O'Brien,2024-07-07,,Dispensed
RX001928,P1795,Omeprazole,20mg,82,Dr. Y. Tanaka,2024-07-12,2024-01-13,Pending
RX001929,P1795,Furosemide,40mg,75,Dr. M. O'Brien,2023-04-09,2024-10-27,Pending
RX001930,P1796,Insulin Glargine,10 units,69,Dr. C. Müller,2024-11-11,2024-04-25,Pending
RX001931,P1797,Omeprazole,20mg,41,Dr. Y. Tanaka,2024-12-17,2024-03-11,Cancelled
RX001932,P1798,Amoxicillin,500mg,31,Dr. M. O'Brien,2023-09-29,2024-09-24,Dispensed
RX001933,P1798,Atorvastatin,20mg,75,Dr. Y. Tanaka,2024-09-30,2024-06-21,Pending
RX001934,P1799,Levothyroxine,50mcg,62,Dr. L. Torres,2023-10-24,2024-05-06,Dispensed
RX001935,P1799,Salbutamol,100mcg,89,Dr. J. Nkosi,2024-12-31,,Dispensed
RX001936,P1799,Lisinopril,10mg,70,Dr. S. Khan,2023-12-24,,Dispensed
RX001937,P1799,Omeprazole,20mg,58,Dr. A. Patel,2023-12-27,2024-03-28,Dispensed
RX001938,P1800,Furosemide,40mg,42,Dr. L. Torres,2024-01-13,2024-03-30,Pending
RX001939,P1800,Aspirin,75mg,73,Dr. J. Nkosi,2024-03-06,,Dispensed
RX001940,P1800,Amoxicillin,500mg,76,Dr. L. Torres,2023-04-04,2024-11-11,Pending
RX001941,P1801,Atorvastatin,20mg,70,Dr. J. Nkosi,2023-03-14,2024-03-16,Cancelled
RX001942,P1802,Ramipril,5mg,68,Dr. A. Patel,2024-12-12,,Pending
RX001943,P1802,Atorvastatin,20mg,59,Dr. R. Singh,2024-10-09,2024-04-30,Pending
RX001944,P1802,Amlodipine,5mg,41,Dr. A. Patel,2024-03-12,2024-03-28,Dispensed
RX001945,P1802,Lisinopril,10mg,87,Dr. J. Nkosi,2024-03-22,2024-06-06,Dispensed
RX001946,P1803,Lisinopril,10mg,53,Dr. J. Nkosi,2023-01-30,,Dispensed
RX001947,P1803,Omeprazole,20mg,65,Dr. R. Singh,2024-03-23,2024-04-29,Cancelled
RX001948,P1804,Amoxicillin,500mg,72,Dr. C. Müller,2024-06-16,2024-06-01,Pending
RX001949,P1804,Ramipril,5mg,43,Dr. A. Patel,2023-05-08,2024-08-03,Pending
RX001950,P1804,Omeprazole,20mg,42,Dr. M. O'Brien,2024-08-27,2024-11-25,Cancelled
RX001951,P1805,Ramipril,5mg,83,Dr. J. Nkosi,2023-03-07,2024-09-10,Pending
RX001952,P1805,Clopidogrel,75mg,69,Dr. J. Nkosi,2023-10-30,,Dispensed
RX001953,P1806,Salbutamol,100mcg,80,Dr. R. Singh,2023-03-30,2024-06-24,Pending
RX001954,P1806,Warfarin,3mg,69,Dr. A. Patel,2024-09-29,2024-09-12,Pending
RX001955,P1806,Prednisolone,5mg,52,Dr. A. Patel,2024-01-22,2024-07-12,Cancelled
RX001956,P1807,Prednisolone,5mg,41,Dr. C. Müller,2024-01-15,2024-08-02,Cancelled
RX001957,P1807,Furosemide,40mg,63,Dr. L. Torres,2023-06-28,2024-09-30,Dispensed
RX001958,P1807,Amlodipine,5mg,57,Dr. R. Singh,2023-02-16,2024-02-06,Cancelled
RX001959,P1807,Ibuprofen,400mg,45,Dr. R. Singh,2023-01-06,,Pending
RX001960,P1808,Metformin,500mg,71,Dr. A. Patel,2024-12-19,2024-04-08,Dispensed
RX001961,P1808,Bisoprolol,2.5mg,51,Dr. Y. Tanaka,2023-12-14,,Cancelled
RX001962,P1808,Sertraline,50mg,85,Dr. C. Müller,2023-03-30,2024-05-26,Dispensed
RX001963,P1808,Insulin Glargine,10 units,35,Dr. L. Torres,2023-06-03,2024-06-25,Cancelled
RX001964,P1809,Paracetamol,500mg,57,Dr. R. Singh,2024-10-29,2024-04-14,Pending
RX001965,P1809,Levothyroxine,50mcg,67,Dr. A. Patel,2024-11-22,,Pending
RX001966,P1809,Clopidogrel,75mg,69,Dr. C. Müller,2023-07-08,2024-11-22,Dispensed
RX001967,P1809,Metformin,500mg,33,Dr. C. Müller,2023-11-08,,Cancelled
RX001968,P1810,Salbutamol,100mcg,67,Dr. R. Singh,2024-06-27,,Cancelled
RX001969,P1810,Gabapentin,300mg,78,Dr. L. Torres,2023-08-24,2024-01-23,Cancelled
RX001970,P1810,Paracetamol,500mg,75,Dr. S. Khan,2023-07-26,,Cancelled
RX001971,P1810,Clopidogrel,75mg,80,Dr. S. Khan,2023-05-21,,Dispensed
RX001972,P1811,Levothyroxine,50mcg,30,Dr. C. Müller,2024-06-14,,Dispensed
RX001973,P1812,Gabapentin,300mg,29,Dr. C. Müller,2023-09-17,2024-05-23,Cancelled
RX001974,P1812,Clopidogrel,75mg,80,Dr. M. O'Brien,2023-02-08,,Pending
RX001975,P1812,Insulin Glargine,10 units,69,Dr. M. O'Brien,2024-04-26,2024-03-08,Dispensed
RX001976,P1812,Ramipril,5mg,62,Dr. J. Nkosi,2024-09-20,,Dispensed
RX001977,P1813,Paracetamol,500mg,73,Dr. J. Nkosi,2024-08-08,2024-04-02,Cancelled
RX001978,P1814,Amoxicillin,500mg,50,Dr. J. Nkosi,2023-12-27,,Dispensed
RX001979,P1815,Ibuprofen,400mg,86,Dr. J. Nkosi,2024-01-01,2024-01-26,Pending
RX001980,P1815,Paracetamol,500mg,32,Dr. C. Müller,2023-04-04,,Dispensed
RX001981,P1815,Clopidogrel,75mg,58,Dr. C. Müller,2023-11-12,,Pending
RX001982,P1815,Metformin,500mg,28,Dr. R. Singh,2024-11-29,2024-10-29,Dispensed
RX001983,P1816,Clopidogrel,75mg,32,Dr. A. Patel,2024-03-25,2024-06-16,Dispensed
RX001984,P1816,Ibuprofen,400mg,63,Dr. L. Torres,2024-10-08,2024-10-18,Pending
RX001985,P1816,Furosemide,40mg,87,Dr. C. Müller,2024-01-05,2024-06-20,Dispensed
RX001986,P1817,Aspirin,75mg,72,Dr. A. Patel,2024-04-11,2024-05-20,Dispensed
RX001987,P1817,Atorvastatin,20mg,40,Dr. R. Singh,2024-06-15,2024-05-11,Cancelled
RX001988,P1818,Atorvastatin,20mg,66,Dr. Y. Tanaka,2023-01-16,,Dispensed
RX001989,P1818,Insulin Glargine,10 units,31,Dr. M. O'Brien,2024-05-26,,Cancelled
RX001990,P1818,Clopidogrel,75mg,71,Dr. L. Torres,2023-09-21,2024-06-23,Pending
RX001991,P1818,Ibuprofen,400mg,39,Dr. C. Müller,2024-08-13,,Dispensed
RX001992,P1819,Omeprazole,20mg,44,Dr. S. Khan,2024-06-16,2024-11-12,Cancelled
RX001993,P1819,Salbutamol,100mcg,38,Dr. J. Nkosi,2024-04-08,2024-09-10,Dispensed
RX001994,P1819,Levothyroxine,50mcg,71,Dr. M. O'Brien,2024-07-23,2024-02-04,Cancelled
RX001995,P1820,Gabapentin,300mg,51,Dr. S. Khan,2023-12-23,,Pending
RX001996,P1820,Levothyroxine,50mcg,46,Dr. M. O'Brien,2023-08-10,2024-05-07,Cancelled
RX001997,P1820,Salbutamol,100mcg,37,Dr. J. Nkosi,2023-08-27,,Cancelled
RX001998,P1820,Warfarin,3mg,49,Dr. L. Torres,2024-09-18,2024-07-28,Pending
RX001999,P1821,Bisoprolol,2.5mg,85,Dr. M. O'Brien,2023-06-07,2024-05-20,Cancelled
RX002000,P1821,Ibuprofen,400mg,45,Dr. J. Nkosi,2023-11-19,,Pending
RX002001,P1821,Insulin Glargine,10 units,64,Dr. S. Khan,2023-09-09,,Cancelled
RX002002,P1821,Amoxicillin,500mg,28,Dr. L. Torres,2023-03-07,2024-09-16,Cancelled
RX002003,P1822,Ibuprofen,400mg,62,Dr. Y. Tanaka,2024-10-04,2024-04-25,Dispensed
RX002004,P1822,Insulin Glargine,10 units,40,Dr. R. Singh,2023-09-26,2024-07-27,Cancelled
RX002005,P1822,Warfarin,3mg,81,Dr. C. Müller,2024-08-26,2024-02-27,Cancelled
RX002006,P1823,Ramipril,5mg,79,Dr. J. Nkosi,2024-01-04,2024-11-22,Pending
RX002007,P1823,Ibuprofen,400mg,80,Dr. C. Müller,2023-03-26,2024-03-28,Cancelled
RX002008,P1824,Bisoprolol,2.5mg,37,Dr. L. Torres,2024-06-08,2024-12-16,Dispensed
RX002009,P1824,Ibuprofen,400mg,33,Dr. L. Torres,2024-09-17,,Cancelled
RX002010,P1824,Insulin Glargine,10 units,83,Dr. M. O'Brien,2023-04-30,,Cancelled
RX002011,P1825,Levothyroxine,50mcg,80,Dr. J. Nkosi,2023-09-06,2024-10-09,Dispensed
RX002012,P1825,Paracetamol,500mg,53,Dr. L. Torres,2024-08-24,,Cancelled
RX002013,P1825,Amlodipine,5mg,38,Dr. M. O'Brien,2024-09-08,,Dispensed
RX002014,P1826,Salbutamol,100mcg,58,Dr. J. Nkosi,2024-09-17,2024-07-21,Cancelled
RX002015,P1826,Levothyroxine,50mcg,34,Dr. M. O'Brien,2023-05-09,,Dispensed
RX002016,P1826,Clopidogrel,75mg,57,Dr. M. O'Brien,2024-08-09,2024-09-23,Cancelled
RX002017,P1826,Furosemide,40mg,36,Dr. M. O'Brien,2023-02-01,2024-01-07,Pending
RX002018,P1827,Prednisolone,5mg,67,Dr. A. Patel,2023-05-21,2024-12-18,Cancelled
RX002019,P1828,Salbutamol,100mcg,51,Dr. A. Patel,2023-12-19,2024-09-06,Pending
RX002020,P1828,Warfarin,3mg,73,Dr. M. O'Brien,2024-02-18,,Cancelled
RX002021,P1828,Ibuprofen,400mg,45,Dr. S. Khan,2023-05-09,2024-02-25,Dispensed
RX002022,P1829,Ibuprofen,400mg,81,Dr. C. Müller,2023-12-15,2024-09-12,Dispensed
RX002023,P1829,Bisoprolol,2.5mg,76,Dr. S. Khan,2023-11-11,,Dispensed
RX002024,P1829,Insulin Glargine,10 units,52,Dr. C. Müller,2024-04-10,,Cancelled
RX002025,P1829,Levothyroxine,50mcg,29,Dr. J. Nkosi,2023-08-04,2024-02-27,Cancelled
RX002026,P1830,Bisoprolol,2.5mg,58,Dr. L. Torres,2024-04-13,2024-07-28,Dispensed
RX002027,P1830,Gabapentin,300mg,77,Dr. R. Singh,2023-07-14,2024-05-18,Dispensed
RX002028,P1830,Sertraline,50mg,36,Dr. L. Torres,2023-09-25,2024-05-20,Dispensed
RX002029,P1830,Omeprazole,20mg,78,Dr. J. Nkosi,2024-06-21,2024-08-14,Cancelled
RX002030,P1831,Amlodipine,5mg,41,Dr. C. Müller,2024-05-16,2024-12-03,Cancelled
RX002031,P1832,Gabapentin,300mg,49,Dr. R. Singh,2024-03-18,2024-04-14,Pending
RX002032,P1832,Lisinopril,10mg,83,Dr. L. Torres,2024-09-11,,Pending
RX002033,P1832,Metformin,500mg,28,Dr. Y. Tanaka,2024-04-24,,Cancelled
RX002034,P1833,Ramipril,5mg,31,Dr. Y. Tanaka,2024-09-14,2024-03-01,Dispensed
RX002035,P1833,Furosemide,40mg,69,Dr. R. Singh,2023-12-03,,Pending
RX002036,P1834,Aspirin,75mg,39,Dr. M. O'Brien,2024-05-20,2024-11-04,Dispensed
RX002037,P1835,Paracetamol,500mg,61,Dr. M. O'Brien,2023-06-12,2024-12-04,Cancelled
RX002038,P1835,Warfarin,3mg,40,Dr. S. Khan,2023-10-15,2024-01-08,Cancelled
RX002039,P1835,Omeprazole,20mg,73,Dr. L. Torres,2023-02-14,,Pending
RX002040,P1836,Paracetamol,500mg,54,Dr. R. Singh,2023-12-23,2024-04-01,Cancelled
RX002041,P1837,Amoxicillin,500mg,62,Dr. R. Singh,2024-10-17,,Cancelled
RX002042,P1837,Paracetamol,500mg,72,Dr. M. O'Brien,2024-07-10,,Cancelled
RX002043,P1838,Amoxicillin,500mg,57,Dr. M. O'Brien,2024-07-23,2024-07-15,Pending
RX002044,P1839,Amoxicillin,500mg,70,Dr. S. Khan,2023-11-30,,Pending
RX002045,P1840,Ramipril,5mg,51,Dr. Y. Tanaka,2024-07-14,,Cancelled
RX002046,P1840,Furosemide,40mg,69,Dr. M. O'Brien,2023-03-20,2024-05-01,Cancelled
RX002047,P1840,Prednisolone,5mg,38,Dr. S. Khan,2024-10-12,,Dispensed
RX002048,P1840,Metformin,500mg,73,Dr. J. Nkosi,2024-06-24,2024-05-17,Cancelled
RX002049,P1841,Lisinopril,10mg,31,Dr. J. Nkosi,2023-04-06,,Cancelled
RX002050,P1842,Sertraline,50mg,53,Dr. R. Singh,2024-02-02,2024-07-13,Cancelled
RX002051,P1842,Metformin,500mg,49,Dr. S. Khan,2023-12-16,,Cancelled
RX002052,P1842,Bisoprolol,2.5mg,36,Dr. J. Nkosi,2023-09-23,,Cancelled
RX002053,P1842,Gabapentin,300mg,47,Dr. A. Patel,2024-10-14,,Dispensed
RX002054,P1843,Warfarin,3mg,83,Dr. C. Müller,2023-05-14,2024-02-26,Dispensed
RX002055,P1843,Insulin Glargine,10 units,41,Dr. Y. Tanaka,2023-05-12,,Cancelled
RX002056,P1843,Ramipril,5mg,44,Dr. R. Singh,2024-05-19,2024-10-24,Dispensed
RX002057,P1843,Omeprazole,20mg,85,Dr. R. Singh,2024-01-07,,Dispensed
RX002058,P1844,Omeprazole,20mg,78,Dr. C. Müller,2024-10-07,,Pending
RX002059,P1844,Salbutamol,100mcg,37,Dr. A. Patel,2024-09-24,2024-03-22,Pending
RX002060,P1845,Gabapentin,300mg,50,Dr. S. Khan,2024-04-25,,Dispensed
RX002061,P1845,Aspirin,75mg,43,Dr. Y. Tanaka,2023-01-07,2024-12-06,Dispensed
RX002062,P1845,Ibuprofen,400mg,64,Dr. Y. Tanaka,2023-06-05,,Dispensed
RX002063,P1846,Levothyroxine,50mcg,70,Dr. M. O'Brien,2023-03-05,,Pending
RX002064,P1847,Prednisolone,5mg,75,Dr. J. Nkosi,2023-05-04,2024-07-22,Pending
RX002065,P1848,Amlodipine,5mg,82,Dr. R. Singh,2024-03-11,,Pending
RX002066,P1848,Warfarin,3mg,58,Dr. S. Khan,2023-02-17,,Dispensed
RX002067,P1848,Insulin Glargine,10 units,88,Dr. A. Patel,2024-11-03,,Pending
RX002068,P1849,Lisinopril,10mg,38,Dr. J. Nkosi,2024-03-30,2024-12-12,Pending
RX002069,P1849,Clopidogrel,75mg,38,Dr. R. Singh,2024-03-10,,Pending
RX002070,P1849,Ramipril,5mg,76,Dr. C. Müller,2024-07-25,2024-02-04,Cancelled
RX002071,P1849,Aspirin,75mg,48,Dr. R. Singh,2023-10-21,2024-07-19,Dispensed
RX002072,P1850,Lisinopril,10mg,51,Dr. Y. Tanaka,2023-07-20,2024-01-02,Cancelled
RX002073,P1851,Paracetamol,500mg,81,Dr. L. Torres,2024-12-16,,Dispensed
RX002074,P1851,Lisinopril,10mg,84,Dr. Y. Tanaka,2023-06-27,,Dispensed
RX002075,P1852,Ibuprofen,400mg,67,Dr. S. Khan,2024-05-23,,Dispensed
RX002076,P1852,Clopidogrel,75mg,52,Dr. A. Patel,2023-04-11,2024-11-29,Cancelled
RX002077,P1853,Prednisolone,5mg,38,Dr. Y. Tanaka,2023-04-25,2024-11-09,Dispensed
RX002078,P1853,Omeprazole,20mg,49,Dr. R. Singh,2024-02-05,2024-08-23,Dispensed
RX002079,P1854,Aspirin,75mg,68,Dr. A. Patel,2024-03-17,2024-04-15,Dispensed
RX002080,P1854,Ibuprofen,400mg,63,Dr. L. Torres,2023-06-29,2024-01-01,Cancelled
RX002081,P1855,Atorvastatin,20mg,75,Dr. C. Müller,2024-02-17,2024-09-21,Cancelled
RX002082,P1855,Clopidogrel,75mg,35,Dr. C. Müller,2023-05-13,,Pending
RX002083,P1855,Gabapentin,300mg,29,Dr. M. O'Brien,2024-09-16,2024-03-31,Pending
RX002084,P1856,Amoxicillin,500mg,39,Dr. L. Torres,2024-12-07,2024-06-15,Pending
RX002085,P1857,Bisoprolol,2.5mg,89,Dr. S. Khan,2023-07-03,2024-03-08,Pending
RX002086,P1857,Lisinopril,10mg,49,Dr. C. Müller,2024-10-22,2024-12-22,Pending
RX002087,P1857,Ibuprofen,400mg,87,Dr. A. Patel,2024-11-01,2024-03-09,Dispensed
RX002088,P1858,Salbutamol,100mcg,35,Dr. Y. Tanaka,2023-11-11,,Dispensed
RX002089,P1858,Amoxicillin,500mg,86,Dr. J. Nkosi,2024-10-29,2024-06-03,Cancelled
RX002090,P1859,Atorvastatin,20mg,48,Dr. M. O'Brien,2024-12-19,2024-02-04,Dispensed
RX002091,P1859,Prednisolone,5mg,71,Dr. Y. Tanaka,2023-09-17,2024-04-10,Cancelled
RX002092,P1859,Amlodipine,5mg,51,Dr. S. Khan,2023-05-23,2024-11-03,Cancelled
RX002093,P1859,Ibuprofen,400mg,35,Dr. J. Nkosi,2024-11-03,,Dispensed
RX002094,P1860,Sertraline,50mg,44,Dr. R. Singh,2024-06-19,2024-09-08,Cancelled
RX002095,P1861,Salbutamol,100mcg,57,Dr. C. Müller,2024-06-20,2024-11-17,Cancelled
RX002096,P1862,Omeprazole,20mg,28,Dr. S. Khan,2024-02-22,2024-10-15,Pending
RX002097,P1862,Bisoprolol,2.5mg,63,Dr. A. Patel,2024-04-21,2024-01-06,Cancelled
RX002098,P1862,Gabapentin,300mg,42,Dr. Y. Tanaka,2023-03-22,2024-08-21,Cancelled
RX002099,P1863,Lisinopril,10mg,42,Dr. J. Nkosi,2023-12-04,2024-12-21,Cancelled
RX002100,P1863,Metformin,500mg,36,Dr. R. Singh,2023-02-03,2024-06-18,Pending
RX002101,P1864,Amlodipine,5mg,51,Dr. C. Müller,2023-10-29,2024-05-04,Pending
RX002102,P1864,Sertraline,50mg,58,Dr. S. Khan,2023-03-03,2024-08-05,Pending
RX002103,P1864,Furosemide,40mg,74,Dr. R. Singh,2023-09-06,,Pending
RX002104,P1864,Bisoprolol,2.5mg,87,Dr. L. Torres,2024-05-07,,Dispensed
RX002105,P1865,Salbutamol,100mcg,70,Dr. J. Nkosi,2024-05-07,2024-01-23,Pending
RX002106,P1865,Gabapentin,300mg,64,Dr. A. Patel,2024-08-02,2024-08-19,Pending
RX002107,P1865,Aspirin,75mg,54,Dr. R. Singh,2023-03-09,2024-09-22,Pending
RX002108,P1866,Bisoprolol,2.5mg,89,Dr. A. Patel,2023-11-04,,Cancelled
RX002109,P1866,Prednisolone,5mg,70,Dr. M. O'Brien,2023-01-25,,Pending
RX002110,P1866,Furosemide,40mg,49,Dr. J. Nkosi,2023-09-05,2024-01-18,Dispensed
RX002111,P1866,Insulin Glargine,10 units,73,Dr. C. Müller,2023-04-23,,Dispensed
RX002112,P1867,Amlodipine,5mg,73,Dr. S. Khan,2023-10-20,,Pending
RX002113,P1867,Levothyroxine,50mcg,64,Dr. L. Torres,2023-03-28,2024-06-01,Pending
RX002114,P1867,Clopidogrel,75mg,75,Dr. S. Khan,2023-05-15,2024-04-30,Pending
RX002115,P1867,Omeprazole,20mg,60,Dr. C. Müller,2023-08-23,,Dispensed
RX002116,P1868,Metformin,500mg,39,Dr. Y. Tanaka,2024-01-19,2024-03-05,Cancelled
RX002117,P1869,Bisoprolol,2.5mg,54,Dr. Y. Tanaka,2024-06-14,2024-07-01,Pending
RX002118,P1869,Salbutamol,100mcg,53,Dr. J. Nkosi,2024-11-09,2024-04-21,Dispensed
RX002119,P1869,Sertraline,50mg,73,Dr. A. Patel,2023-07-04,,Dispensed
RX002120,P1870,Levothyroxine,50mcg,35,Dr. Y. Tanaka,2024-04-08,2024-12-30,Cancelled
RX002121,P1870,Warfarin,3mg,42,Dr. M. O'Brien,2024-11-03,,Dispensed
RX002122,P1871,Furosemide,40mg,41,Dr. L. Torres,2023-10-30,2024-09-04,Cancelled
RX002123,P1871,Ibuprofen,400mg,57,Dr. L. Torres,2024-12-05,2024-08-21,Dispensed
RX002124,P1871,Atorvastatin,20mg,66,Dr. L. Torres,2024-01-25,2024-08-24,Dispensed
RX002125,P1871,Prednisolone,5mg,30,Dr. S. Khan,2024-01-24,,Pending
RX002126,P1872,Lisinopril,10mg,39,Dr. J. Nkosi,2023-03-18,,Dispensed
RX002127,P1873,Prednisolone,5mg,77,Dr. Y. Tanaka,2023-08-23,,Dispensed
RX002128,P1874,Metformin,500mg,87,Dr. S. Khan,2023-07-21,,Pending
RX002129,P1874,Ramipril,5mg,43,Dr. C. Müller,2024-06-11,2024-04-02,Pending
RX002130,P1874,Levothyroxine,50mcg,79,Dr. J. Nkosi,2023-09-06,2024-08-05,Pending
RX002131,P1874,Warfarin,3mg,35,Dr. Y. Tanaka,2024-08-16,2024-11-07,Cancelled
RX002132,P1875,Metformin,500mg,73,Dr. J. Nkosi,2023-09-30,2024-10-02,Dispensed
RX002133,P1875,Amlodipine,5mg,67,Dr. Y. Tanaka,2023-06-05,,Pending
RX002134,P1875,Lisinopril,10mg,43,Dr. S. Khan,2023-01-01,2024-03-15,Pending
RX002135,P1875,Paracetamol,500mg,50,Dr. A. Patel,2023-10-02,2024-04-22,Dispensed
RX002136,P1876,Amoxicillin,500mg,38,Dr. S. Khan,2023-03-17,,Cancelled
RX002137,P1877,Furosemide,40mg,48,Dr. J. Nkosi,2023-03-03,,Cancelled
RX002138,P1878,Aspirin,75mg,46,Dr. C. Müller,2024-11-30,2024-06-06,Cancelled
RX002139,P1879,Clopidogrel,75mg,53,Dr. R. Singh,2024-12-10,2024-12-03,Pending
RX002140,P1879,Furosemide,40mg,77,Dr. S. Khan,2023-12-28,2024-03-26,Cancelled
RX002141,P1879,Sertraline,50mg,28,Dr. R. Singh,2024-12-01,,Cancelled
RX002142,P1879,Ramipril,5mg,61,Dr. C. Müller,2023-12-14,2024-05-15,Dispensed
RX002143,P1880,Prednisolone,5mg,49,Dr. A. Patel,2024-06-08,2024-10-30,Pending
RX002144,P1880,Ibuprofen,400mg,72,Dr. S. Khan,2024-11-06,2024-09-29,Dispensed
RX002145,P1880,Atorvastatin,20mg,80,Dr. R. Singh,2024-09-21,2024-06-08,Dispensed
RX002146,P1881,Insulin Glargine,10 units,86,Dr. Y. Tanaka,2023-06-27,2024-03-20,Pending
RX002147,P1881,Atorvastatin,20mg,83,Dr. L. Torres,2023-08-07,2024-09-26,Dispensed
RX002148,P1881,Prednisolone,5mg,74,Dr. A. Patel,2023-10-02,2024-06-15,Pending
RX002149,P1881,Amlodipine,5mg,62,Dr. R. Singh,2024-06-08,2024-05-29,Dispensed
RX002150,P1882,Amoxicillin,500mg,67,Dr. J. Nkosi,2024-08-28,2024-05-23,Pending
RX002151,P1882,Bisoprolol,2.5mg,36,Dr. R. Singh,2024-04-21,2024-09-06,Pending
RX002152,P1882,Atorvastatin,20mg,42,Dr. R. Singh,2024-03-30,2024-08-11,Pending
RX002153,P1882,Furosemide,40mg,32,Dr. A. Patel,2024-10-13,,Cancelled
RX002154,P1883,Warfarin,3mg,73,Dr. R. Singh,2023-08-29,2024-03-23,Cancelled
RX002155,P1884,Clopidogrel,75mg,77,Dr. Y. Tanaka,2024-01-21,2024-11-24,Pending
RX002156,P1884,Ibuprofen,400mg,60,Dr. M. O'Brien,2023-06-09,2024-09-12,Pending
RX002157,P1884,Paracetamol,500mg,63,Dr. M. O'Brien,2024-06-09,2024-02-16,Pending
RX002158,P1884,Aspirin,75mg,89,Dr. R. Singh,2023-11-27,,Dispensed
RX002159,P1885,Aspirin,75mg,73,Dr. C. Müller,2023-02-26,2024-12-16,Cancelled
RX002160,P1885,Salbutamol,100mcg,37,Dr. A. Patel,2024-10-21,2024-06-25,Pending
RX002161,P1885,Omeprazole,20mg,81,Dr. Y. Tanaka,2023-02-08,2024-12-05,Dispensed
RX002162,P1885,Metformin,500mg,61,Dr. R. Singh,2024-06-17,2024-06-23,Cancelled
RX002163,P1886,Omeprazole,20mg,53,Dr. M. O'Brien,2024-08-24,2024-07-04,Pending
RX002164,P1886,Paracetamol,500mg,49,Dr. L. Torres,2024-01-02,2024-08-03,Dispensed
RX002165,P1887,Clopidogrel,75mg,59,Dr. J. Nkosi,2023-03-01,2024-12-04,Cancelled
RX002166,P1887,Insulin Glargine,10 units,34,Dr. S. Khan,2024-09-14,2024-10-20,Dispensed
RX002167,P1887,Paracetamol,500mg,35,Dr. A. Patel,2024-06-07,2024-01-10,Dispensed
RX002168,P1888,Amoxicillin,500mg,54,Dr. J. Nkosi,2024-01-06,2024-01-08,Pending
RX002169,P1888,Metformin,500mg,43,Dr. L. Torres,2024-05-22,2024-05-19,Pending
RX002170,P1889,Salbutamol,100mcg,64,Dr. A. Patel,2024-12-21,,Dispensed
RX002171,P1890,Paracetamol,500mg,46,Dr. L. Torres,2024-03-31,2024-08-22,Pending
RX002172,P1891,Omeprazole,20mg,64,Dr. S. Khan,2024-03-21,2024-05-06,Dispensed
RX002173,P1891,Ibuprofen,400mg,42,Dr. Y. Tanaka,2024-04-28,2024-10-14,Pending
RX002174,P1892,Gabapentin,300mg,36,Dr. Y. Tanaka,2024-07-01,2024-12-25,Dispensed
RX002175,P1893,Amoxicillin,500mg,59,Dr. Y. Tanaka,2024-09-13,2024-10-15,Dispensed
RX002176,P1893,Sertraline,50mg,86,Dr. Y. Tanaka,2024-01-20,2024-08-09,Cancelled
RX002177,P1893,Furosemide,40mg,61,Dr. Y. Tanaka,2023-03-17,,Cancelled
RX002178,P1894,Furosemide,40mg,53,Dr. M. O'Brien,2024-06-12,2024-09-12,Cancelled
RX002179,P1894,Salbutamol,100mcg,81,Dr. L. Torres,2024-03-29,2024-10-20,Cancelled
RX002180,P1894,Lisinopril,10mg,33,Dr. C. Müller,2024-04-03,,Cancelled
RX002181,P1894,Atorvastatin,20mg,77,Dr. A. Patel,2023-04-30,2024-02-10,Dispensed
RX002182,P1895,Insulin Glargine,10 units,82,Dr. R. Singh,2023-04-25,,Pending
RX002183,P1895,Ramipril,5mg,46,Dr. R. Singh,2023-08-20,,Dispensed
RX002184,P1895,Amlodipine,5mg,65,Dr. S. Khan,2023-07-12,,Dispensed
RX002185,P1895,Metformin,500mg,48,Dr. Y. Tanaka,2023-09-20,2024-09-06,Pending
RX002186,P1896,Ibuprofen,400mg,62,Dr. C. Müller,2023-11-04,2024-11-05,Pending
RX002187,P1896,Warfarin,3mg,50,Dr. A. Patel,2024-02-06,,Pending
RX002188,P1896,Gabapentin,300mg,90,Dr. S. Khan,2023-02-07,2024-02-28,Pending
RX002189,P1896,Sertraline,50mg,38,Dr. S. Khan,2023-10-02,,Dispensed
RX002190,P1897,Amlodipine,5mg,68,Dr. S. Khan,2023-02-08,,Pending
RX002191,P1897,Gabapentin,300mg,41,Dr. C. Müller,2024-04-29,2024-06-05,Cancelled
RX002192,P1898,Clopidogrel,75mg,48,Dr. M. O'Brien,2023-08-19,2024-09-24,Pending
RX002193,P1899,Insulin Glargine,10 units,65,Dr. J. Nkosi,2024-06-16,2024-10-14,Cancelled
RX002194,P1900,Bisoprolol,2.5mg,36,Dr. L. Torres,2023-12-09,,Pending
RX002195,P1901,Salbutamol,100mcg,58,Dr. Y. Tanaka,2023-02-11,2024-12-12,Dispensed
RX002196,P1901,Paracetamol,500mg,62,Dr. J. Nkosi,2023-05-12,2024-04-13,Cancelled
RX002197,P1902,Gabapentin,300mg,70,Dr. M. O'Brien,2023-01-18,2024-04-02,Dispensed
RX002198,P1902,Ibuprofen,400mg,51,Dr. M. O'Brien,2024-07-28,2024-10-20,Cancelled
RX002199,P1902,Paracetamol,500mg,46,Dr. S. Khan,2024-01-08,2024-12-26,Pending
RX002200,P1902,Lisinopril,10mg,78,Dr. M. O'Brien,2024-01-14,2024-10-19,Pending
RX002201,P1903,Levothyroxine,50mcg,34,Dr. S. Khan,2023-01-10,2024-12-04,Cancelled
RX002202,P1903,Insulin Glargine,10 units,34,Dr. J. Nkosi,2023-11-18,2024-07-29,Pending
RX002203,P1904,Sertraline,50mg,77,Dr. S. Khan,2023-09-21,2024-11-10,Dispensed
RX002204,P1904,Ramipril,5mg,43,Dr. C. Müller,2024-01-01,,Cancelled
RX002205,P1904,Levothyroxine,50mcg,71,Dr. L. Torres,2023-12-19,2024-08-04,Dispensed
RX002206,P1904,Aspirin,75mg,80,Dr. R. Singh,2023-07-17,2024-05-17,Cancelled
RX002207,P1905,Gabapentin,300mg,83,Dr. Y. Tanaka,2024-12-23,2024-11-18,Pending
RX002208,P1905,Omeprazole,20mg,66,Dr. R. Singh,2023-03-05,2024-04-10,Cancelled
RX002209,P1906,Amlodipine,5mg,67,Dr. L. Torres,2023-11-27,2024-01-15,Cancelled
RX002210,P1906,Insulin Glargine,10 units,51,Dr. L. Torres,2023-04-04,2024-05-08,Cancelled
RX002211,P1906,Ramipril,5mg,62,Dr. C. Müller,2023-07-13,2024-04-10,Dispensed
RX002212,P1907,Sertraline,50mg,89,Dr. L. Torres,2024-07-02,2024-02-05,Dispensed
RX002213,P1907,Furosemide,40mg,43,Dr. A. Patel,2024-05-13,2024-09-10,Pending
RX002214,P1907,Atorvastatin,20mg,56,Dr. M. O'Brien,2024-08-08,,Pending
RX002215,P1907,Omeprazole,20mg,86,Dr. C. Müller,2023-08-13,2024-03-04,Dispensed
RX002216,P1908,Bisoprolol,2.5mg,86,Dr. C. Müller,2024-07-19,,Cancelled
RX002217,P1908,Metformin,500mg,87,Dr. M. O'Brien,2024-01-27,,Cancelled
RX002218,P1908,Aspirin,75mg,75,Dr. J. Nkosi,2023-10-19,2024-04-17,Pending
RX002219,P1908,Furosemide,40mg,32,Dr. S. Khan,2024-03-20,,Pending
RX002220,P1909,Clopidogrel,75mg,53,Dr. Y. Tanaka,2024-06-21,,Cancelled
RX002221,P1909,Furosemide,40mg,88,Dr. Y. Tanaka,2024-06-19,,Cancelled
RX002222,P1909,Ramipril,5mg,42,Dr. S. Khan,2024-02-25,2024-04-16,Cancelled
RX002223,P1910,Sertraline,50mg,29,Dr. A. Patel,2024-05-15,2024-07-13,Dispensed
RX002224,P1910,Salbutamol,100mcg,58,Dr. C. Müller,2024-04-09,2024-12-14,Dispensed
RX002225,P1911,Levothyroxine,50mcg,32,Dr. S. Khan,2023-11-11,,Cancelled
RX002226,P1911,Lisinopril,10mg,37,Dr. R. Singh,2023-02-25,,Dispensed
RX002227,P1912,Prednisolone,5mg,77,Dr. J. Nkosi,2023-08-08,,Pending
RX002228,P1912,Sertraline,50mg,85,Dr. M. O'Brien,2023-01-05,,Dispensed
RX002229,P1912,Bisoprolol,2.5mg,37,Dr. J. Nkosi,2024-03-18,2024-12-14,Cancelled
RX002230,P1912,Paracetamol,500mg,86,Dr. Y. Tanaka,2024-07-14,,Cancelled
RX002231,P1913,Salbutamol,100mcg,52,Dr. Y. Tanaka,2024-03-01,2024-09-07,Dispensed
RX002232,P1914,Gabapentin,300mg,62,Dr. Y. Tanaka,2024-07-18,2024-10-09,Cancelled
RX002233,P1914,Amoxicillin,500mg,89,Dr. Y. Tanaka,2024-12-06,,Cancelled
RX002234,P1914,Ramipril,5mg,64,Dr. L. Torres,2023-07-20,2024-03-20,Pending
RX002235,P1915,Ibuprofen,400mg,45,Dr. S. Khan,2024-10-22,,Dispensed
RX002236,P1915,Insulin Glargine,10 units,38,Dr. R. Singh,2023-11-12,2024-01-12,Cancelled
RX002237,P1915,Metformin,500mg,33,Dr. C. Müller,2024-11-08,2024-09-30,Pending
RX002238,P1916,Amlodipine,5mg,86,Dr. A. Patel,2023-10-01,2024-01-30,Dispensed
RX002239,P1916,Atorvastatin,20mg,39,Dr. Y. Tanaka,2024-12-28,2024-12-15,Cancelled
RX002240,P1916,Ibuprofen,400mg,86,Dr. J. Nkosi,2024-06-05,,Dispensed
RX002241,P1917,Insulin Glargine,10 units,56,Dr. S. Khan,2024-10-26,,Pending
RX002242,P1918,Ibuprofen,400mg,79,Dr. S. Khan,2023-05-16,2024-11-01,Cancelled
RX002243,P1918,Metformin,500mg,35,Dr. L. Torres,2023-09-12,,Pending
RX002244,P1918,Bisoprolol,2.5mg,50,Dr. M. O'Brien,2023-12-17,,Cancelled
RX002245,P1918,Atorvastatin,20mg,73,Dr. C. Müller,2024-06-08,2024-04-25,Dispensed
RX002246,P1919,Omeprazole,20mg,90,Dr. A. Patel,2023-03-14,,Cancelled
RX002247,P1919,Aspirin,75mg,31,Dr. Y. Tanaka,2023-12-24,,Pending
RX002248,P1920,Prednisolone,5mg,45,Dr. S. Khan,2024-07-31,2024-10-29,Dispensed
RX002249,P1920,Amlodipine,5mg,83,Dr. Y. Tanaka,2024-01-22,2024-10-12,Cancelled
RX002250,P1920,Salbutamol,100mcg,37,Dr. C. Müller,2024-04-07,2024-04-30,Cancelled
RX002251,P1920,Ibuprofen,400mg,31,Dr. S. Khan,2024-01-30,2024-11-01,Pending
RX002252,P1921,Lisinopril,10mg,81,Dr. M. O'Brien,2024-04-24,,Dispensed
RX002253,P1921,Prednisolone,5mg,71,Dr. S. Khan,2023-06-22,2024-08-20,Dispensed
RX002254,P1921,Clopidogrel,75mg,78,Dr. C. Müller,2024-08-12,2024-07-28,Pending
RX002255,P1921,Salbutamol,100mcg,80,Dr. Y. Tanaka,2023-07-12,2024-07-19,Pending
RX002256,P1922,Clopidogrel,75mg,50,Dr. C. Müller,2023-10-19,2024-06-19,Cancelled
RX002257,P1922,Sertraline,50mg,82,Dr. L. Torres,2024-11-18,2024-06-16,Dispensed
RX002258,P1923,Ibuprofen,400mg,62,Dr. Y. Tanaka,2024-10-28,2024-08-08,Pending
RX002259,P1923,Lisinopril,10mg,45,Dr. L. Torres,2023-02-11,2024-10-11,Pending
RX002260,P1923,Prednisolone,5mg,61,Dr. A. Patel,2024-03-16,2024-11-16,Dispensed
RX002261,P1923,Sertraline,50mg,35,Dr. S. Khan,2024-01-14,2024-08-05,Pending
RX002262,P1924,Levothyroxine,50mcg,72,Dr. M. O'Brien,2023-08-05,2024-03-24,Pending
RX002263,P1924,Metformin,500mg,53,Dr. S. Khan,2023-07-13,,Cancelled
RX002264,P1924,Sertraline,50mg,77,Dr. J. Nkosi,2024-06-26,2024-08-15,Dispensed
RX002265,P1924,Ibuprofen,400mg,31,Dr. A. Patel,2023-09-15,,Cancelled
RX002266,P1925,Metformin,500mg,55,Dr. S. Khan,2024-06-06,2024-04-20,Dispensed
RX002267,P1925,Warfarin,3mg,57,Dr. S. Khan,2023-09-14,2024-12-11,Cancelled
RX002268,P1926,Ibuprofen,400mg,72,Dr. M. O'Brien,2024-07-28,2024-09-07,Pending
RX002269,P1926,Bisoprolol,2.5mg,78,Dr. A. Patel,2024-10-03,2024-12-21,Dispensed
RX002270,P1927,Ramipril,5mg,30,Dr. L. Torres,2023-01-07,,Cancelled
RX002271,P1927,Omeprazole,20mg,31,Dr. S. Khan,2023-03-30,2024-09-29,Cancelled
RX002272,P1927,Salbutamol,100mcg,89,Dr. Y. Tanaka,2024-07-23,2024-08-30,Cancelled
RX002273,P1928,Salbutamol,100mcg,70,Dr. C. Müller,2024-04-04,2024-03-07,Pending
RX002274,P1928,Atorvastatin,20mg,35,Dr. A. Patel,2023-09-16,2024-06-24,Dispensed
RX002275,P1929,Omeprazole,20mg,76,Dr. S. Khan,2023-03-06,,Dispensed
RX002276,P1930,Salbutamol,100mcg,88,Dr. M. O'Brien,2024-04-06,2024-05-15,Pending
RX002277,P1930,Metformin,500mg,53,Dr. J. Nkosi,2024-11-20,,Dispensed
RX002278,P1931,Sertraline,50mg,71,Dr. J. Nkosi,2024-06-09,2024-07-05,Pending
RX002279,P1931,Gabapentin,300mg,85,Dr. Y. Tanaka,2024-11-10,2024-11-12,Cancelled
RX002280,P1931,Bisoprolol,2.5mg,65,Dr. C. Müller,2024-04-03,2024-10-24,Dispensed
RX002281,P1931,Salbutamol,100mcg,61,Dr. C. Müller,2023-06-12,,Pending
RX002282,P1932,Aspirin,75mg,68,Dr. M. O'Brien,2024-11-09,,Dispensed
RX002283,P1932,Gabapentin,300mg,90,Dr. R. Singh,2023-10-15,2024-08-15,Dispensed
RX002284,P1932,Paracetamol,500mg,82,Dr. Y. Tanaka,2024-09-03,2024-08-05,Pending
RX002285,P1933,Ramipril,5mg,37,Dr. Y. Tanaka,2023-05-03,,Dispensed
RX002286,P1933,Insulin Glargine,10 units,31,Dr. Y. Tanaka,2023-12-10,2024-02-02,Cancelled
RX002287,P1933,Omeprazole,20mg,59,Dr. R. Singh,2024-08-29,2024-05-30,Pending
RX002288,P1934,Amlodipine,5mg,44,Dr. Y. Tanaka,2023-07-09,,Pending
RX002289,P1934,Ibuprofen,400mg,81,Dr. A. Patel,2024-01-05,,Dispensed
RX002290,P1934,Gabapentin,300mg,68,Dr. M. O'Brien,2024-10-26,2024-10-10,Dispensed
RX002291,P1934,Metformin,500mg,64,Dr. J. Nkosi,2023-10-09,2024-11-06,Dispensed
RX002292,P1935,Sertraline,50mg,31,Dr. C. Müller,2023-10-17,2024-08-17,Pending
RX002293,P1935,Paracetamol,500mg,59,Dr. C. Müller,2024-07-23,2024-07-16,Dispensed
RX002294,P1935,Clopidogrel,75mg,61,Dr. Y. Tanaka,2024-11-28,2024-08-07,Cancelled
RX002295,P1936,Amoxicillin,500mg,62,Dr. M. O'Brien,2023-09-05,,Pending
RX002296,P1936,Warfarin,3mg,29,Dr. R. Singh,2023-08-15,2024-01-19,Pending
RX002297,P1937,Atorvastatin,20mg,45,Dr. A. Patel,2024-10-27,2024-01-04,Pending
RX002298,P1937,Warfarin,3mg,44,Dr. A. Patel,2024-07-30,2024-03-25,Cancelled
RX002299,P1938,Insulin Glargine,10 units,44,Dr. C. Müller,2023-09-16,2024-07-11,Dispensed
RX002300,P1938,Clopidogrel,75mg,55,Dr. C. Müller,2024-04-22,2024-12-29,Dispensed
RX002301,P1938,Amlodipine,5mg,40,Dr. S. Khan,2024-06-12,2024-04-14,Dispensed
RX002302,P1938,Warfarin,3mg,57,Dr. A. Patel,2024-04-27,2024-12-18,Pending
RX002303,P1939,Warfarin,3mg,41,Dr. S. Khan,2024-07-06,2024-02-26,Dispensed
RX002304,P1939,Paracetamol,500mg,89,Dr. R. Singh,2024-08-25,2024-07-04,Dispensed
RX002305,P1939,Gabapentin,300mg,61,Dr. J. Nkosi,2024-08-14,2024-05-15,Cancelled
RX002306,P1939,Furosemide,40mg,72,Dr. C. Müller,2024-07-16,2024-12-18,Dispensed
RX002307,P1940,Bisoprolol,2.5mg,42,Dr. L. Torres,2024-08-26,2024-05-19,Dispensed
RX002308,P1941,Salbutamol,100mcg,73,Dr. A. Patel,2024-11-06,2024-07-03,Cancelled
RX002309,P1941,Atorvastatin,20mg,59,Dr. C. Müller,2023-03-15,,Cancelled
RX002310,P1941,Warfarin,3mg,37,Dr. Y. Tanaka,2024-05-12,2024-12-11,Dispensed
RX002311,P1942,Amlodipine,5mg,90,Dr. J. Nkosi,2023-01-02,2024-06-30,Pending
RX002312,P1942,Furosemide,40mg,88,Dr. R. Singh,2024-07-29,,Dispensed
RX002313,P1942,Lisinopril,10mg,29,Dr. C. Müller,2023-11-28,2024-01-27,Dispensed
RX002314,P1942,Atorvastatin,20mg,64,Dr. C. Müller,2023-03-29,2024-01-17,Dispensed
RX002315,P1943,Atorvastatin,20mg,50,Dr. J. Nkosi,2024-02-04,,Pending
RX002316,P1943,Warfarin,3mg,48,Dr. A. Patel,2023-08-12,,Dispensed
RX002317,P1944,Bisoprolol,2.5mg,34,Dr. R. Singh,2024-06-15,2024-07-23,Cancelled
RX002318,P1945,Bisoprolol,2.5mg,89,Dr. M. O'Brien,2023-11-03,2024-03-03,Dispensed
RX002319,P1945,Amlodipine,5mg,39,Dr. L. Torres,2023-10-13,2024-03-18,Pending
RX002320,P1945,Lisinopril,10mg,72,Dr. S. Khan,2023-03-27,2024-06-15,Pending
RX002321,P1945,Aspirin,75mg,38,Dr. R. Singh,2023-04-06,2024-11-20,Pending
RX002322,P1946,Clopidogrel,75mg,68,Dr. A. Patel,2023-04-06,2024-07-28,Dispensed
RX002323,P1946,Amoxicillin,500mg,61,Dr. C. Müller,2023-05-01,,Cancelled
RX002324,P1946,Paracetamol,500mg,32,Dr. S. Khan,2024-02-10,,Cancelled
RX002325,P1947,Gabapentin,300mg,37,Dr. Y. Tanaka,2024-09-30,2024-06-13,Cancelled
RX002326,P1947,Levothyroxine,50mcg,89,Dr. A. Patel,2023-04-13,2024-12-11,Pending
RX002327,P1948,Levothyroxine,50mcg,59,Dr. L. Torres,2024-06-19,,Pending
RX002328,P1948,Amlodipine,5mg,55,Dr. L. Torres,2023-04-18,2024-03-03,Pending
RX002329,P1949,Bisoprolol,2.5mg,30,Dr. A. Patel,2023-07-26,2024-01-26,Pending
RX002330,P1949,Ibuprofen,400mg,83,Dr. J. Nkosi,2023-06-28,2024-02-12,Cancelled
RX002331,P1950,Salbutamol,100mcg,85,Dr. A. Patel,2023-04-13,2024-05-23,Pending
RX002332,P1951,Bisoprolol,2.5mg,59,Dr. J. Nkosi,2023-10-15,2024-07-20,Dispensed
RX002333,P1951,Lisinopril,10mg,34,Dr. C. Müller,2023-02-20,,Pending
RX002334,P1952,Atorvastatin,20mg,61,Dr. C. Müller,2023-08-05,,Pending
RX002335,P1952,Clopidogrel,75mg,79,Dr. L. Torres,2023-09-15,2024-02-09,Pending
RX002336,P1952,Sertraline,50mg,72,Dr. J. Nkosi,2023-06-09,,Cancelled
RX002337,P1952,Furosemide,40mg,66,Dr. A. Patel,2024-03-14,2024-02-23,Dispensed
RX002338,P1953,Atorvastatin,20mg,35,Dr. M. O'Brien,2023-08-18,2024-05-09,Pending
RX002339,P1953,Warfarin,3mg,54,Dr. M. O'Brien,2023-08-19,2024-11-27,Dispensed
RX002340,P1953,Sertraline,50mg,41,Dr. L. Torres,2024-05-04,2024-08-01,Pending
RX002341,P1953,Salbutamol,100mcg,81,Dr. C. Müller,2024-07-30,2024-03-24,Dispensed
RX002342,P1954,Bisoprolol,2.5mg,80,Dr. M. O'Brien,2024-12-20,,Pending
RX002343,P1954,Sertraline,50mg,82,Dr. A. Patel,2024-12-20,2024-09-26,Pending
RX002344,P1954,Omeprazole,20mg,87,Dr. C. Müller,2024-03-11,2024-01-24,Pending
RX002345,P1955,Furosemide,40mg,48,Dr. L. Torres,2024-10-14,,Pending
RX002346,P1955,Gabapentin,300mg,56,Dr. C. Müller,2024-08-12,2024-02-05,Pending
RX002347,P1955,Aspirin,75mg,76,Dr. J. Nkosi,2023-06-20,,Dispensed
RX002348,P1956,Ramipril,5mg,70,Dr. R. Singh,2024-03-05,2024-01-29,Cancelled
RX002349,P1956,Prednisolone,5mg,81,Dr. M. O'Brien,2023-09-14,,Pending
RX002350,P1956,Salbutamol,100mcg,66,Dr. A. Patel,2023-02-12,,Cancelled
RX002351,P1956,Ibuprofen,400mg,33,Dr. Y. Tanaka,2024-04-14,2024-04-18,Dispensed
RX002352,P1957,Amoxicillin,500mg,86,Dr. C. Müller,2023-01-01,2024-01-25,Pending
RX002353,P1957,Metformin,500mg,87,Dr. M. O'Brien,2024-02-01,,Cancelled
RX002354,P1957,Omeprazole,20mg,54,Dr. R. Singh,2024-06-15,2024-04-10,Pending
RX002355,P1958,Metformin,500mg,41,Dr. S. Khan,2023-01-09,2024-11-13,Cancelled
RX002356,P1958,Atorvastatin,20mg,54,Dr. Y. Tanaka,2024-06-07,2024-10-23,Pending
RX002357,P1958,Furosemide,40mg,45,Dr. J. Nkosi,2023-01-06,2024-08-03,Cancelled
RX002358,P1958,Amoxicillin,500mg,88,Dr. A. Patel,2023-02-22,2024-04-03,Pending
RX002359,P1959,Aspirin,75mg,72,Dr. Y. Tanaka,2024-07-12,,Cancelled
RX002360,P1960,Gabapentin,300mg,85,Dr. R. Singh,2023-02-16,2024-11-09,Dispensed
RX002361,P1960,Prednisolone,5mg,73,Dr. C. Müller,2024-05-05,2024-08-16,Cancelled
RX002362,P1961,Amlodipine,5mg,30,Dr. R. Singh,2024-12-25,2024-02-06,Cancelled
RX002363,P1961,Levothyroxine,50mcg,82,Dr. L. Torres,2024-12-31,2024-10-08,Cancelled
RX002364,P1962,Metformin,500mg,60,Dr. C. Müller,2023-05-23,2024-09-28,Cancelled
RX002365,P1962,Clopidogrel,75mg,50,Dr. R. Singh,2024-06-15,2024-12-15,Dispensed
RX002366,P1962,Furosemide,40mg,44,Dr. J. Nkosi,2024-05-18,2024-10-03,Cancelled
RX002367,P1962,Levothyroxine,50mcg,51,Dr. A. Patel,2024-08-08,,Cancelled
RX002368,P1963,Prednisolone,5mg,77,Dr. J. Nkosi,2023-03-23,2024-12-31,Pending
RX002369,P1964,Aspirin,75mg,37,Dr. Y. Tanaka,2024-03-10,,Cancelled
RX002370,P1965,Sertraline,50mg,75,Dr. Y. Tanaka,2024-09-19,2024-01-03,Cancelled
RX002371,P1966,Ibuprofen,400mg,34,Dr. J. Nkosi,2024-06-28,,Dispensed
RX002372,P1966,Prednisolone,5mg,34,Dr. A. Patel,2024-01-16,2024-05-18,Dispensed
RX002373,P1966,Lisinopril,10mg,66,Dr. C. Müller,2023-07-26,2024-10-26,Dispensed
RX002374,P1966,Metformin,500mg,79,Dr. J. Nkosi,2023-03-20,,Cancelled
RX002375,P1967,Bisoprolol,2.5mg,44,Dr. M. O'Brien,2023-05-03,2024-02-13,Cancelled
RX002376,P1967,Prednisolone,5mg,45,Dr. M. O'Brien,2023-09-15,2024-11-05,Cancelled
RX002377,P1968,Amoxicillin,500mg,41,Dr. J. Nkosi,2023-01-10,2024-06-18,Cancelled
RX002378,P1968,Levothyroxine,50mcg,38,Dr. L. Torres,2023-11-10,,Pending
RX002379,P1969,Lisinopril,10mg,34,Dr. M. O'Brien,2023-12-08,,Cancelled
RX002380,P1969,Paracetamol,500mg,40,Dr. S. Khan,2024-01-15,2024-03-12,Cancelled
RX002381,P1969,Bisoprolol,2.5mg,90,Dr. R. Singh,2023-12-23,2024-02-20,Pending
RX002382,P1970,Prednisolone,5mg,59,Dr. L. Torres,2024-03-31,2024-07-16,Dispensed
RX002383,P1970,Ibuprofen,400mg,34,Dr. L. Torres,2024-09-26,2024-07-13,Dispensed
RX002384,P1970,Metformin,500mg,52,Dr. J. Nkosi,2023-11-21,,Dispensed
RX002385,P1970,Amoxicillin,500mg,39,Dr. S. Khan,2023-01-26,2024-04-30,Dispensed
RX002386,P1971,Sertraline,50mg,77,Dr. L. Torres,2023-01-16,2024-04-05,Cancelled
RX002387,P1972,Atorvastatin,20mg,79,Dr. R. Singh,2024-02-24,2024-06-20,Pending
RX002388,P1972,Lisinopril,10mg,46,Dr. R. Singh,2024-05-30,2024-02-14,Cancelled
RX002389,P1972,Levothyroxine,50mcg,50,Dr. R. Singh,2024-04-12,2024-05-03,Cancelled
RX002390,P1972,Clopidogrel,75mg,48,Dr. Y. Tanaka,2024-04-12,2024-11-24,Pending
RX002391,P1973,Atorvastatin,20mg,63,Dr. Y. Tanaka,2023-10-01,2024-10-15,Dispensed
RX002392,P1973,Warfarin,3mg,64,Dr. Y. Tanaka,2023-07-24,2024-02-12,Pending
RX002393,P1973,Ramipril,5mg,51,Dr. J. Nkosi,2024-04-04,,Dispensed
RX002394,P1973,Levothyroxine,50mcg,81,Dr. R. Singh,2024-10-27,,Dispensed
RX002395,P1974,Metformin,500mg,90,Dr. J. Nkosi,2023-04-11,2024-05-09,Cancelled
RX002396,P1974,Ibuprofen,400mg,33,Dr. M. O'Brien,2024-02-26,2024-07-29,Cancelled
RX002397,P1974,Salbutamol,100mcg,70,Dr. Y. Tanaka,2023-06-23,,Cancelled
RX002398,P1974,Gabapentin,300mg,42,Dr. A. Patel,2024-09-09,,Pending
RX002399,P1975,Metformin,500mg,77,Dr. Y. Tanaka,2023-12-08,2024-01-31,Pending
RX002400,P1975,Salbutamol,100mcg,35,Dr. L. Torres,2024-12-01,,Dispensed
RX002401,P1975,Paracetamol,500mg,29,Dr. S. Khan,2024-05-22,2024-06-15,Cancelled
RX002402,P1976,Sertraline,50mg,82,Dr. J. Nkosi,2024-09-06,2024-11-09,Dispensed
RX002403,P1977,Ibuprofen,400mg,53,Dr. L. Torres,2023-11-24,,Pending
RX002404,P1977,Atorvastatin,20mg,64,Dr. L. Torres,2024-04-02,2024-10-07,Cancelled
RX002405,P1977,Paracetamol,500mg,67,Dr. Y. Tanaka,2023-09-18,,Pending
RX002406,P1978,Atorvastatin,20mg,78,Dr. Y. Tanaka,2024-06-10,2024-12-22,Pending
RX002407,P1978,Amlodipine,5mg,50,Dr. L. Torres,2024-07-20,,Dispensed
RX002408,P1979,Amoxicillin,500mg,80,Dr. S. Khan,2023-11-02,,Dispensed
RX002409,P1980,Lisinopril,10mg,55,Dr. Y. Tanaka,2024-05-17,2024-09-18,Dispensed
RX002410,P1980,Amlodipine,5mg,52,Dr. M. O'Brien,2023-01-05,2024-11-17,Pending
RX002411,P1980,Salbutamol,100mcg,39,Dr. L. Torres,2023-07-03,2024-11-23,Dispensed
RX002412,P1981,Atorvastatin,20mg,45,Dr. Y. Tanaka,2024-11-17,2024-08-24,Dispensed
RX002413,P1981,Ramipril,5mg,44,Dr. S. Khan,2023-07-29,2024-08-09,Dispensed
RX002414,P1981,Levothyroxine,50mcg,85,Dr. L. Torres,2023-11-25,,Dispensed
RX002415,P1982,Amlodipine,5mg,45,Dr. Y. Tanaka,2024-11-26,,Cancelled
RX002416,P1982,Amoxicillin,500mg,58,Dr. C. Müller,2024-04-29,2024-11-01,Pending
RX002417,P1982,Lisinopril,10mg,88,Dr. R. Singh,2023-04-15,2024-04-16,Cancelled
RX002418,P1983,Furosemide,40mg,71,Dr. Y. Tanaka,2024-11-27,2024-05-30,Dispensed
RX002419,P1983,Omeprazole,20mg,49,Dr. Y. Tanaka,2023-10-15,,Dispensed
RX002420,P1984,Ramipril,5mg,76,Dr. Y. Tanaka,2024-01-04,,Dispensed
RX002421,P1984,Paracetamol,500mg,53,Dr. A. Patel,2024-08-06,2024-01-02,Cancelled
RX002422,P1984,Gabapentin,300mg,77,Dr. S. Khan,2024-08-07,,Cancelled
RX002423,P1984,Atorvastatin,20mg,60,Dr. M. O'Brien,2023-07-01,2024-04-07,Cancelled
RX002424,P1985,Bisoprolol,2.5mg,82,Dr. R. Singh,2023-06-24,,Cancelled
RX002425,P1985,Furosemide,40mg,86,Dr. Y. Tanaka,2024-05-11,,Dispensed
RX002426,P1985,Sertraline,50mg,84,Dr. L. Torres,2023-05-21,2024-03-13,Pending
RX002427,P1985,Ramipril,5mg,77,Dr. L. Torres,2024-02-27,,Dispensed
RX002428,P1986,Lisinopril,10mg,41,Dr. A. Patel,2023-12-13,2024-09-16,Pending
RX002429,P1986,Warfarin,3mg,65,Dr. S. Khan,2023-10-09,2024-10-25,Cancelled
RX002430,P1986,Gabapentin,300mg,72,Dr. M. O'Brien,2023-10-30,2024-05-12,Dispensed
RX002431,P1986,Salbutamol,100mcg,41,Dr. L. Torres,2024-06-06,2024-05-15,Pending
RX002432,P1987,Omeprazole,20mg,76,Dr. Y. Tanaka,2023-03-15,,Dispensed
RX002433,P1987,Gabapentin,300mg,86,Dr. J. Nkosi,2023-09-01,2024-01-23,Cancelled
RX002434,P1987,Insulin Glargine,10 units,55,Dr. M. O'Brien,2024-08-28,2024-08-10,Cancelled
RX002435,P1987,Lisinopril,10mg,76,Dr. L. Torres,2023-05-13,,Dispensed
RX002436,P1988,Furosemide,40mg,71,Dr. C. Müller,2024-06-04,,Cancelled
RX002437,P1988,Warfarin,3mg,28,Dr. C. Müller,2023-01-13,2024-02-04,Dispensed
RX002438,P1988,Ibuprofen,400mg,54,Dr. M. O'Brien,2023-05-08,2024-06-17,Pending
RX002439,P1988,Bisoprolol,2.5mg,41,Dr. J. Nkosi,2024-09-06,,Cancelled
RX002440,P1989,Ramipril,5mg,74,Dr. Y. Tanaka,2023-06-01,2024-08-02,Pending
RX002441,P1989,Atorvastatin,20mg,74,Dr. J. Nkosi,2024-05-25,,Pending
RX002442,P1990,Amlodipine,5mg,47,Dr. J. Nkosi,2024-11-12,,Cancelled
RX002443,P1991,Prednisolone,5mg,66,Dr. S. Khan,2024-01-13,2024-07-12,Dispensed
RX002444,P1991,Furosemide,40mg,38,Dr. L. Torres,2023-05-15,2024-02-02,Cancelled
RX002445,P1991,Lisinopril,10mg,38,Dr. A. Patel,2024-01-05,2024-12-10,Dispensed
RX002446,P1992,Sertraline,50mg,42,Dr. A. Patel,2024-03-06,2024-05-22,Pending
RX002447,P1992,Bisoprolol,2.5mg,89,Dr. R. Singh,2023-03-14,,Cancelled
RX002448,P1993,Paracetamol,500mg,84,Dr. J. Nkosi,2024-06-12,,Pending
RX002449,P1993,Ibuprofen,400mg,82,Dr. C. Müller,2023-03-05,,Pending
RX002450,P1994,Metformin,500mg,88,Dr. J. Nkosi,2024-11-02,,Cancelled
RX002451,P1994,Levothyroxine,50mcg,39,Dr. J. Nkosi,2023-06-28,,Dispensed
RX002452,P1994,Insulin Glargine,10 units,63,Dr. C. Müller,2024-02-27,2024-01-20,Pending
RX002453,P1995,Atorvastatin,20mg,80,Dr. Y. Tanaka,2023-06-12,2024-02-20,Pending
RX002454,P1995,Furosemide,40mg,89,Dr. C. Müller,2024-02-27,2024-08-09,Dispensed
RX002455,P1996,Bisoprolol,2.5mg,31,Dr. L. Torres,2023-12-11,2024-07-13,Pending
RX002456,P1997,Clopidogrel,75mg,87,Dr. Y. Tanaka,2023-12-23,2024-05-10,Cancelled
RX002457,P1997,Ibuprofen,400mg,54,Dr. M. O'Brien,2024-02-27,,Pending
RX002458,P1997,Prednisolone,5mg,59,Dr. C. Müller,2024-04-04,2024-11-11,Dispensed
RX002459,P1997,Furosemide,40mg,37,Dr. C. Müller,2024-10-17,2024-10-11,Cancelled
RX002460,P1998,Gabapentin,300mg,60,Dr. Y. Tanaka,2023-05-25,2024-01-02,Dispensed
RX002461,P1999,Warfarin,3mg,60,Dr. C. Müller,2023-12-24,2024-06-13,Cancelled
RX002462,P1999,Prednisolone,5mg,42,Dr. L. Torres,2023-01-21,2024-08-05,Pending
RX002463,P1999,Omeprazole,20mg,45,Dr. S. Khan,2023-04-19,,Cancelled
RX002464,P1999,Lisinopril,10mg,43,Dr. S. Khan,2023-03-25,2024-07-21,Cancelled
RX002465,P2000,Paracetamol,500mg,42,Dr. R. Singh,2023-01-06,2024-09-23,Pending
RX002466,P2000,Insulin Glargine,10 units,77,Dr. Y. Tanaka,2024-07-28,2024-03-04,Dispensed
RX002467,P2000,Aspirin,75mg,44,Dr. R. Singh,2024-07-05,2024-02-05,Dispensed
RX002468,P2000,Warfarin,3mg,51,Dr. A. Patel,2024-02-24,,Pending
RX002469,P2001,Gabapentin,300mg,52,Dr. C. Müller,2024-01-12,2024-04-01,Pending
RX002470,P2001,Sertraline,50mg,48,Dr. R. Singh,2024-02-10,2024-02-04,Pending
RX002471,P2001,Ibuprofen,400mg,66,Dr. S. Khan,2023-01-16,,Cancelled
RX002472,P2001,Clopidogrel,75mg,57,Dr. L. Torres,2023-02-22,,Pending
RX002473,P2002,Paracetamol,500mg,90,Dr. J. Nkosi,2023-09-30,,Cancelled
RX002474,P2003,Amoxicillin,500mg,30,Dr. A. Patel,2024-12-11,2024-12-28,Cancelled
RX002475,P2004,Warfarin,3mg,42,Dr. M. O'Brien,2023-09-26,,Cancelled
RX002476,P2004,Bisoprolol,2.5mg,89,Dr. Y. Tanaka,2023-06-11,,Cancelled
RX002477,P2004,Levothyroxine,50mcg,49,Dr. S. Khan,2024-06-19,2024-02-15,Cancelled
RX002478,P2005,Insulin Glargine,10 units,88,Dr. S. Khan,2024-08-06,2024-04-06,Cancelled
RX002479,P2005,Lisinopril,10mg,40,Dr. C. Müller,2023-07-30,2024-05-20,Cancelled
RX002480,P2005,Ibuprofen,400mg,68,Dr. Y. Tanaka,2023-07-09,,Pending
RX002481,P2005,Furosemide,40mg,89,Dr. J. Nkosi,2023-09-27,2024-11-05,Dispensed
RX002482,P2006,Omeprazole,20mg,37,Dr. S. Khan,2023-10-18,,Pending
RX002483,P2006,Paracetamol,500mg,32,Dr. C. Müller,2023-12-03,2024-09-23,Cancelled
RX002484,P2006,Furosemide,40mg,71,Dr. R. Singh,2024-08-29,,Pending
RX002485,P2006,Atorvastatin,20mg,39,Dr. A. Patel,2023-05-31,2024-07-20,Pending
RX002486,P2007,Insulin Glargine,10 units,70,Dr. A. Patel,2023-03-16,2024-01-06,Dispensed
RX002487,P2007,Gabapentin,300mg,82,Dr. L. Torres,2024-07-11,,Pending
RX002488,P2007,Salbutamol,100mcg,50,Dr. Y. Tanaka,2024-12-21,,Cancelled
RX002489,P2007,Omeprazole,20mg,83,Dr. A. Patel,2024-02-11,2024-09-16,Cancelled
RX002490,P2008,Insulin Glargine,10 units,30,Dr. M. O'Brien,2023-09-02,,Dispensed
RX002491,P2009,Omeprazole,20mg,80,Dr. L. Torres,2023-02-21,,Dispensed
RX002492,P2009,Prednisolone,5mg,89,Dr. Y. Tanaka,2024-09-08,2024-10-27,Pending
RX002493,P2009,Insulin Glargine,10 units,31,Dr. C. Müller,2024-04-06,,Dispensed
RX002494,P2009,Gabapentin,300mg,60,Dr. C. Müller,2024-07-27,2024-07-12,Dispensed
RX002495,P2010,Levothyroxine,50mcg,56,Dr. S. Khan,2023-08-06,,Cancelled
RX002496,P2011,Amoxicillin,500mg,62,Dr. M. O'Brien,2023-03-08,,Pending
RX002497,P2011,Lisinopril,10mg,56,Dr. R. Singh,2023-11-25,2024-07-04,Cancelled
RX002498,P2011,Levothyroxine,50mcg,63,Dr. M. O'Brien,2024-03-09,2024-08-15,Dispensed
RX002499,P2012,Levothyroxine,50mcg,44,Dr. Y. Tanaka,2024-10-11,,Dispensed
RX002500,P2012,Amoxicillin,500mg,90,Dr. S. Khan,2023-10-07,2024-08-21,Pending
RX002501,P2012,Metformin,500mg,80,Dr. R. Singh,2024-09-22,,Pending
RX002502,P2013,Bisoprolol,2.5mg,32,Dr. R. Singh,2024-02-17,2024-04-10,Dispensed
RX002503,P2013,Gabapentin,300mg,69,Dr. M. O'Brien,2023-01-11,,Pending
RX002504,P2013,Salbutamol,100mcg,90,Dr. M. O'Brien,2024-06-05,2024-03-08,Pending
RX002505,P2014,Insulin Glargine,10 units,57,Dr. M. O'Brien,2023-06-21,2024-07-20,Cancelled
RX002506,P2015,Clopidogrel,75mg,81,Dr. A. Patel,2023-03-14,,Dispensed
RX002507,P2015,Warfarin,3mg,44,Dr. L. Torres,2023-05-18,2024-12-28,Cancelled
RX002508,P2015,Gabapentin,300mg,68,Dr. J. Nkosi,2023-06-19,2024-09-06,Dispensed
RX002509,P2015,Salbutamol,100mcg,59,Dr. A. Patel,2023-01-24,2024-12-21,Cancelled
RX002510,P2016,Sertraline,50mg,89,Dr. R. Singh,2023-08-01,2024-11-15,Dispensed
RX002511,P2017,Furosemide,40mg,52,Dr. L. Torres,2023-11-14,2024-02-01,Cancelled
RX002512,P2017,Omeprazole,20mg,55,Dr. Y. Tanaka,2024-09-18,2024-08-27,Cancelled
RX002513,P2017,Prednisolone,5mg,41,Dr. M. O'Brien,2024-08-07,,Cancelled
RX002514,P2017,Levothyroxine,50mcg,61,Dr. L. Torres,2023-08-14,,Cancelled
RX002515,P2018,Gabapentin,300mg,29,Dr. A. Patel,2023-11-29,,Dispensed
RX002516,P2019,Gabapentin,300mg,65,Dr. J. Nkosi,2024-11-24,2024-02-12,Dispensed
RX002517,P2019,Warfarin,3mg,63,Dr. J. Nkosi,2023-02-12,,Pending
RX002518,P2019,Bisoprolol,2.5mg,38,Dr. J. Nkosi,2023-11-28,2024-06-10,Pending
RX002519,P2020,Aspirin,75mg,56,Dr. S. Khan,2024-04-04,,Pending
RX002520,P2020,Insulin Glargine,10 units,65,Dr. J. Nkosi,2024-04-11,2024-10-01,Pending
RX002521,P2020,Salbutamol,100mcg,58,Dr. M. O'Brien,2024-12-14,2024-09-27,Pending
RX002522,P2020,Bisoprolol,2.5mg,57,Dr. M. O'Brien,2023-05-18,,Cancelled
RX002523,P2021,Atorvastatin,20mg,83,Dr. L. Torres,2023-11-12,2024-08-18,Pending
RX002524,P2021,Salbutamol,100mcg,82,Dr. M. O'Brien,2024-02-04,2024-05-02,Pending
RX002525,P2022,Aspirin,75mg,81,Dr. A. Patel,2023-10-19,,Cancelled
RX002526,P2022,Warfarin,3mg,77,Dr. M. O'Brien,2023-05-19,2024-03-17,Cancelled
RX002527,P2022,Metformin,500mg,64,Dr. A. Patel,2023-02-11,2024-01-18,Dispensed
RX002528,P2022,Levothyroxine,50mcg,37,Dr. J. Nkosi,2023-12-17,2024-07-07,Pending
RX002529,P2023,Paracetamol,500mg,58,Dr. Y. Tanaka,2023-09-24,2024-09-04,Cancelled
RX002530,P2023,Lisinopril,10mg,54,Dr. R. Singh,2023-06-30,2024-07-02,Pending
RX002531,P2023,Omeprazole,20mg,72,Dr. M. O'Brien,2023-01-15,,Cancelled
RX002532,P2024,Ramipril,5mg,37,Dr. L. Torres,2023-10-30,2024-06-03,Pending
RX002533,P2024,Amlodipine,5mg,38,Dr. M. O'Brien,2023-09-29,,Dispensed
RX002534,P2024,Levothyroxine,50mcg,30,Dr. R. Singh,2023-08-22,2024-10-14,Dispensed
RX002535,P2025,Lisinopril,10mg,78,Dr. Y. Tanaka,2024-01-19,2024-05-04,Cancelled
RX002536,P2025,Prednisolone,5mg,55,Dr. M. O'Brien,2023-07-09,,Pending
RX002537,P2026,Sertraline,50mg,68,Dr. R. Singh,2024-07-05,,Dispensed
RX002538,P2026,Prednisolone,5mg,57,Dr. R. Singh,2023-04-01,2024-06-28,Pending
RX002539,P2026,Bisoprolol,2.5mg,88,Dr. M. O'Brien,2024-02-07,2024-01-13,Pending
RX002540,P2027,Metformin,500mg,48,Dr. L. Torres,2023-10-23,2024-01-25,Cancelled
RX002541,P2027,Atorvastatin,20mg,85,Dr. Y. Tanaka,2024-06-10,2024-04-24,Dispensed
RX002542,P2027,Lisinopril,10mg,61,Dr. Y. Tanaka,2023-04-18,2024-10-11,Cancelled
RX002543,P2028,Levothyroxine,50mcg,75,Dr. M. O'Brien,2023-02-18,2024-10-12,Cancelled
RX002544,P2028,Atorvastatin,20mg,88,Dr. A. Patel,2024-02-05,,Pending
RX002545,P2028,Furosemide,40mg,64,Dr. C. Müller,2023-09-15,2024-04-05,Pending
RX002546,P2029,Sertraline,50mg,82,Dr. M. O'Brien,2023-06-12,2024-05-03,Pending
RX002547,P2029,Levothyroxine,50mcg,88,Dr. A. Patel,2024-05-14,,Cancelled
RX002548,P2029,Omeprazole,20mg,59,Dr. R. Singh,2024-06-29,2024-03-22,Cancelled
RX002549,P2030,Omeprazole,20mg,39,Dr. R. Singh,2024-07-30,2024-06-07,Cancelled
RX002550,P2030,Furosemide,40mg,88,Dr. Y. Tanaka,2024-01-31,2024-04-27,Pending
RX002551,P2030,Amoxicillin,500mg,33,Dr. S. Khan,2023-04-16,,Dispensed
RX002552,P2031,Ramipril,5mg,34,Dr. C. Müller,2024-08-03,2024-02-29,Pending
RX002553,P2032,Paracetamol,500mg,59,Dr. C. Müller,2024-11-13,,Dispensed
RX002554,P2032,Salbutamol,100mcg,39,Dr. S. Khan,2024-10-06,2024-01-23,Pending
RX002555,P2033,Levothyroxine,50mcg,69,Dr. L. Torres,2024-06-28,2024-04-29,Cancelled
RX002556,P2033,Omeprazole,20mg,80,Dr. J. Nkosi,2024-03-30,2024-05-18,Pending
RX002557,P2033,Ramipril,5mg,59,Dr. A. Patel,2023-10-14,2024-11-24,Pending
RX002558,P2034,Amlodipine,5mg,51,Dr. R. Singh,2023-06-18,2024-02-21,Cancelled
RX002559,P2034,Omeprazole,20mg,37,Dr. J. Nkosi,2024-10-25,,Dispensed
RX002560,P2035,Furosemide,40mg,55,Dr. J. Nkosi,2023-06-15,2024-10-19,Pending
RX002561,P2035,Lisinopril,10mg,85,Dr. C. Müller,2023-04-09,2024-10-26,Pending
RX002562,P2035,Salbutamol,100mcg,88,Dr. R. Singh,2023-04-03,2024-10-27,Pending
RX002563,P2036,Clopidogrel,75mg,65,Dr. S. Khan,2023-03-07,2024-03-12,Cancelled
RX002564,P2037,Salbutamol,100mcg,77,Dr. S. Khan,2023-04-28,,Pending
RX002565,P2037,Omeprazole,20mg,69,Dr. C. Müller,2024-12-04,2024-05-09,Pending
RX002566,P2037,Insulin Glargine,10 units,64,Dr. A. Patel,2023-01-17,2024-01-04,Dispensed
RX002567,P2037,Clopidogrel,75mg,59,Dr. S. Khan,2023-08-29,,Cancelled
RX002568,P2038,Atorvastatin,20mg,79,Dr. S. Khan,2024-03-01,,Dispensed
RX002569,P2038,Amoxicillin,500mg,37,Dr. S. Khan,2024-12-28,2024-11-06,Cancelled
RX002570,P2038,Metformin,500mg,75,Dr. Y. Tanaka,2023-02-14,2024-03-15,Cancelled
RX002571,P2038,Ramipril,5mg,60,Dr. R. Singh,2023-04-26,2024-02-11,Pending
RX002572,P2039,Warfarin,3mg,83,Dr. S. Khan,2024-04-27,2024-09-29,Pending
RX002573,P2040,Aspirin,75mg,58,Dr. J. Nkosi,2024-12-18,2024-12-24,Cancelled
RX002574,P2040,Metformin,500mg,60,Dr. J. Nkosi,2024-01-07,,Dispensed
RX002575,P2041,Insulin Glargine,10 units,38,Dr. S. Khan,2023-06-03,,Pending
RX002576,P2042,Metformin,500mg,49,Dr. A. Patel,2023-09-04,,Cancelled
RX002577,P2042,Salbutamol,100mcg,60,Dr. M. O'Brien,2024-12-20,,Cancelled
RX002578,P2042,Warfarin,3mg,63,Dr. C. Müller,2023-01-07,2024-02-29,Dispensed
RX002579,P2043,Gabapentin,300mg,86,Dr. C. Müller,2024-10-29,2024-07-18,Pending
RX002580,P2044,Metformin,500mg,44,Dr. R. Singh,2024-02-19,,Pending
RX002581,P2044,Prednisolone,5mg,71,Dr. A. Patel,2023-12-11,2024-02-14,Cancelled
RX002582,P2044,Furosemide,40mg,90,Dr. R. Singh,2023-02-07,2024-10-18,Pending
RX002583,P2045,Prednisolone,5mg,90,Dr. Y. Tanaka,2023-09-08,,Dispensed
RX002584,P2045,Furosemide,40mg,79,Dr. R. Singh,2024-05-16,2024-05-09,Cancelled
RX002585,P2045,Lisinopril,10mg,86,Dr. M. O'Brien,2023-03-24,2024-01-04,Dispensed
RX002586,P2046,Furosemide,40mg,70,Dr. C. Müller,2024-05-11,2024-07-24,Dispensed
RX002587,P2046,Gabapentin,300mg,58,Dr. R. Singh,2024-11-14,2024-12-22,Pending
RX002588,P2046,Omeprazole,20mg,81,Dr. C. Müller,2023-12-04,,Dispensed
RX002589,P2047,Amoxicillin,500mg,41,Dr. A. Patel,2024-09-21,2024-07-17,Dispensed
RX002590,P2047,Ibuprofen,400mg,86,Dr. M. O'Brien,2024-09-10,2024-01-18,Dispensed
RX002591,P2047,Prednisolone,5mg,51,Dr. A. Patel,2024-06-05,2024-10-20,Pending
RX002592,P2048,Sertraline,50mg,90,Dr. Y. Tanaka,2023-08-26,2024-09-30,Cancelled
RX002593,P2048,Gabapentin,300mg,66,Dr. M. O'Brien,2023-04-28,2024-08-30,Dispensed
RX002594,P2048,Insulin Glargine,10 units,89,Dr. A. Patel,2023-12-22,2024-08-11,Cancelled
RX002595,P2049,Amoxicillin,500mg,29,Dr. R. Singh,2023-12-07,,Pending
RX002596,P2049,Warfarin,3mg,57,Dr. S. Khan,2024-05-31,2024-12-05,Dispensed
RX002597,P2049,Metformin,500mg,58,Dr. R. Singh,2023-07-08,2024-06-20,Dispensed
RX002598,P2050,Gabapentin,300mg,51,Dr. L. Torres,2023-04-29,,Cancelled
RX002599,P2051,Omeprazole,20mg,75,Dr. A. Patel,2024-06-24,2024-02-18,Pending
RX002600,P2052,Lisinopril,10mg,70,Dr. M. O'Brien,2023-02-17,2024-11-07,Cancelled
RX002601,P2053,Warfarin,3mg,73,Dr. L. Torres,2023-11-24,2024-01-17,Dispensed
RX002602,P2053,Aspirin,75mg,82,Dr. Y. Tanaka,2024-08-17,2024-05-07,Dispensed
RX002603,P2054,Warfarin,3mg,28,Dr. M. O'Brien,2024-07-23,,Cancelled
RX002604,P2054,Metformin,500mg,77,Dr. J. Nkosi,2024-03-28,,Cancelled
RX002605,P2055,Warfarin,3mg,61,Dr. C. Müller,2024-03-05,2024-12-11,Cancelled
RX002606,P2055,Sertraline,50mg,70,Dr. C. Müller,2023-05-22,2024-12-21,Dispensed
RX002607,P2055,Clopidogrel,75mg,49,Dr. A. Patel,2024-01-24,,Dispensed
RX002608,P2056,Salbutamol,100mcg,54,Dr. R. Singh,2024-07-17,2024-02-16,Cancelled
RX002609,P2057,Atorvastatin,20mg,33,Dr. C. Müller,2024-10-29,,Cancelled
RX002610,P2057,Insulin Glargine,10 units,40,Dr. S. Khan,2023-07-20,2024-11-13,Cancelled
RX002611,P2057,Furosemide,40mg,31,Dr. C. Müller,2024-04-20,2024-04-25,Cancelled
RX002612,P2058,Clopidogrel,75mg,47,Dr. M. O'Brien,2024-05-19,2024-01-27,Pending
RX002613,P2058,Ibuprofen,400mg,49,Dr. M. O'Brien,2024-10-31,2024-10-28,Cancelled
RX002614,P2059,Ramipril,5mg,85,Dr. R. Singh,2023-01-28,2024-11-06,Pending
RX002615,P2060,Furosemide,40mg,47,Dr. R. Singh,2024-10-18,,Dispensed
RX002616,P2060,Ibuprofen,400mg,51,Dr. S. Khan,2024-06-26,2024-07-21,Pending
RX002617,P2060,Levothyroxine,50mcg,86,Dr. J. Nkosi,2024-06-09,2024-05-25,Pending
RX002618,P2061,Gabapentin,300mg,83,Dr. S. Khan,2023-06-07,,Dispensed
RX002619,P2061,Aspirin,75mg,37,Dr. A. Patel,2023-10-28,,Dispensed
RX002620,P2061,Amlodipine,5mg,60,Dr. J. Nkosi,2023-10-15,2024-04-11,Dispensed
RX002621,P2062,Aspirin,75mg,41,Dr. R. Singh,2024-07-19,2024-12-15,Dispensed
RX002622,P2063,Lisinopril,10mg,81,Dr. S. Khan,2023-08-29,,Pending
RX002623,P2063,Clopidogrel,75mg,59,Dr. R. Singh,2024-07-11,2024-09-23,Cancelled
RX002624,P2063,Paracetamol,500mg,48,Dr. Y. Tanaka,2024-01-28,2024-10-11,Pending
RX002625,P2064,Bisoprolol,2.5mg,62,Dr. C. Müller,2023-04-24,2024-08-17,Dispensed
RX002626,P2064,Lisinopril,10mg,83,Dr. A. Patel,2023-02-28,2024-08-06,Cancelled
RX002627,P2065,Levothyroxine,50mcg,31,Dr. L. Torres,2024-09-24,2024-06-25,Dispensed
RX002628,P2065,Bisoprolol,2.5mg,88,Dr. Y. Tanaka,2023-08-17,2024-10-17,Dispensed
RX002629,P2065,Ramipril,5mg,32,Dr. R. Singh,2023-09-30,2024-09-30,Cancelled
RX002630,P2065,Metformin,500mg,77,Dr. C. Müller,2023-09-13,,Cancelled
RX002631,P2066,Metformin,500mg,74,Dr. C. Müller,2024-11-17,,Cancelled
RX002632,P2066,Lisinopril,10mg,45,Dr. S. Khan,2023-01-08,,Pending
RX002633,P2067,Amoxicillin,500mg,79,Dr. S. Khan,2024-05-15,2024-05-02,Dispensed
RX002634,P2067,Atorvastatin,20mg,78,Dr. M. O'Brien,2024-08-04,,Cancelled
RX002635,P2067,Ramipril,5mg,72,Dr. C. Müller,2023-05-03,2024-02-14,Dispensed
RX002636,P2067,Sertraline,50mg,51,Dr. J. Nkosi,2024-06-04,2024-06-02,Pending
RX002637,P2068,Amoxicillin,500mg,41,Dr. R. Singh,2024-04-06,2024-08-06,Cancelled
RX002638,P2069,Paracetamol,500mg,50,Dr. A. Patel,2024-11-26,2024-10-24,Dispensed
RX002639,P2069,Clopidogrel,75mg,87,Dr. A. Patel,2023-11-25,,Cancelled
RX002640,P2069,Omeprazole,20mg,48,Dr. R. Singh,2023-12-12,2024-03-24,Pending
RX002641,P2070,Clopidogrel,75mg,80,Dr. Y. Tanaka,2024-07-13,,Pending
RX002642,P2070,Ibuprofen,400mg,47,Dr. M. O'Brien,2024-09-07,2024-01-23,Dispensed
RX002643,P2070,Levothyroxine,50mcg,78,Dr. R. Singh,2023-02-10,2024-05-23,Cancelled
RX002644,P2071,Aspirin,75mg,59,Dr. A. Patel,2023-08-14,,Cancelled
RX002645,P2072,Salbutamol,100mcg,90,Dr. S. Khan,2023-05-29,,Cancelled
RX002646,P2072,Amlodipine,5mg,60,Dr. R. Singh,2024-05-09,2024-09-04,Cancelled
RX002647,P2073,Amoxicillin,500mg,59,Dr. S. Khan,2024-07-25,,Pending
RX002648,P2073,Warfarin,3mg,65,Dr. C. Müller,2024-08-11,2024-08-08,Cancelled
RX002649,P2074,Atorvastatin,20mg,63,Dr. R. Singh,2024-01-08,2024-10-21,Dispensed
RX002650,P2075,Atorvastatin,20mg,71,Dr. M. O'Brien,2024-10-12,2024-05-18,Pending
RX002651,P2076,Insulin Glargine,10 units,59,Dr. R. Singh,2023-01-20,2024-02-07,Cancelled
RX002652,P2076,Salbutamol,100mcg,34,Dr. Y. Tanaka,2024-07-30,2024-11-08,Pending
RX002653,P2077,Omeprazole,20mg,66,Dr. Y. Tanaka,2024-02-06,2024-01-27,Pending
RX002654,P2077,Lisinopril,10mg,34,Dr. Y. Tanaka,2024-10-08,,Pending
RX002655,P2077,Levothyroxine,50mcg,54,Dr. L. Torres,2024-02-23,,Cancelled
RX002656,P2078,Metformin,500mg,89,Dr. M. O'Brien,2024-03-30,2024-04-17,Cancelled
RX002657,P2079,Sertraline,50mg,85,Dr. M. O'Brien,2024-12-28,2024-08-16,Cancelled
RX002658,P2079,Prednisolone,5mg,69,Dr. Y. Tanaka,2024-06-28,2024-06-12,Dispensed
RX002659,P2080,Lisinopril,10mg,31,Dr. L. Torres,2024-04-25,2024-07-09,Cancelled
RX002660,P2080,Sertraline,50mg,76,Dr. Y. Tanaka,2024-02-08,2024-05-28,Cancelled
RX002661,P2081,Amlodipine,5mg,65,Dr. M. O'Brien,2024-12-14,2024-12-20,Dispensed
RX002662,P2081,Levothyroxine,50mcg,56,Dr. Y. Tanaka,2024-04-11,2024-07-16,Pending
RX002663,P2081,Omeprazole,20mg,49,Dr. J. Nkosi,2023-03-27,,Dispensed
RX002664,P2082,Warfarin,3mg,62,Dr. L. Torres,2023-05-04,2024-09-11,Pending
RX002665,P2083,Furosemide,40mg,52,Dr. Y. Tanaka,2023-02-07,2024-04-13,Dispensed
RX002666,P2083,Atorvastatin,20mg,32,Dr. S. Khan,2023-09-08,,Pending
RX002667,P2083,Ibuprofen,400mg,41,Dr. A. Patel,2024-07-22,,Dispensed
RX002668,P2084,Atorvastatin,20mg,58,Dr. L. Torres,2023-10-14,,Dispensed
RX002669,P2084,Ramipril,5mg,45,Dr. J. Nkosi,2023-05-14,,Pending
RX002670,P2085,Levothyroxine,50mcg,83,Dr. L. Torres,2023-10-25,2024-09-25,Dispensed
RX002671,P2085,Lisinopril,10mg,63,Dr. A. Patel,2023-04-30,2024-12-11,Pending
RX002672,P2086,Salbutamol,100mcg,86,Dr. Y. Tanaka,2023-02-26,2024-04-01,Pending
RX002673,P2086,Amoxicillin,500mg,68,Dr. C. Müller,2023-08-26,2024-12-28,Dispensed
RX002674,P2086,Gabapentin,300mg,90,Dr. M. O'Brien,2024-07-20,,Pending
RX002675,P2087,Clopidogrel,75mg,36,Dr. L. Torres,2024-10-04,2024-06-01,Cancelled
RX002676,P2088,Levothyroxine,50mcg,84,Dr. S. Khan,2023-12-30,2024-10-25,Pending
RX002677,P2089,Amlodipine,5mg,40,Dr. C. Müller,2023-10-03,2024-07-27,Cancelled
RX002678,P2089,Metformin,500mg,90,Dr. L. Torres,2024-10-31,2024-09-15,Pending
RX002679,P2090,Gabapentin,300mg,35,Dr. L. Torres,2024-06-08,2024-07-12,Dispensed
RX002680,P2090,Sertraline,50mg,45,Dr. L. Torres,2023-07-13,,Dispensed
RX002681,P2090,Atorvastatin,20mg,29,Dr. R. Singh,2024-02-19,,Dispensed
RX002682,P2091,Furosemide,40mg,58,Dr. L. Torres,2024-08-28,,Cancelled
RX002683,P2091,Prednisolone,5mg,59,Dr. S. Khan,2024-02-14,,Dispensed
RX002684,P2092,Amlodipine,5mg,81,Dr. J. Nkosi,2024-03-03,2024-09-27,Pending
RX002685,P2093,Paracetamol,500mg,82,Dr. Y. Tanaka,2024-10-05,2024-04-05,Dispensed
RX002686,P2093,Ramipril,5mg,50,Dr. Y. Tanaka,2024-06-16,2024-05-29,Dispensed
RX002687,P2093,Clopidogrel,75mg,31,Dr. M. O'Brien,2023-01-08,2024-02-23,Pending
RX002688,P2093,Bisoprolol,2.5mg,71,Dr. C. Müller,2024-12-17,,Pending
RX002689,P2094,Ramipril,5mg,32,Dr. Y. Tanaka,2024-11-21,2024-06-01,Cancelled
RX002690,P2094,Prednisolone,5mg,28,Dr. R. Singh,2024-12-01,2024-12-30,Dispensed
RX002691,P2094,Paracetamol,500mg,85,Dr. C. Müller,2023-09-18,,Pending
RX002692,P2094,Clopidogrel,75mg,53,Dr. C. Müller,2024-03-29,2024-07-16,Dispensed
RX002693,P2095,Lisinopril,10mg,42,Dr. M. O'Brien,2024-12-19,2024-02-25,Pending
RX002694,P2095,Bisoprolol,2.5mg,87,Dr. J. Nkosi,2023-12-19,2024-04-30,Cancelled
RX002695,P2095,Atorvastatin,20mg,43,Dr. Y. Tanaka,2024-04-05,2024-01-27,Pending
RX002696,P2095,Omeprazole,20mg,51,Dr. L. Torres,2023-07-04,2024-06-27,Cancelled
RX002697,P2096,Metformin,500mg,30,Dr. S. Khan,2024-01-25,2024-06-16,Cancelled
RX002698,P2096,Amoxicillin,500mg,47,Dr. J. Nkosi,2023-09-02,2024-06-04,Cancelled
RX002699,P2097,Furosemide,40mg,85,Dr. J. Nkosi,2023-08-14,2024-08-03,Cancelled
RX002700,P2097,Gabapentin,300mg,61,Dr. R. Singh,2024-09-22,2024-12-15,Dispensed
RX002701,P2097,Lisinopril,10mg,58,Dr. A. Patel,2023-10-07,2024-04-19,Pending
RX002702,P2097,Sertraline,50mg,40,Dr. S. Khan,2024-05-30,2024-02-21,Cancelled
RX002703,P2098,Amoxicillin,500mg,88,Dr. C. Müller,2023-08-15,,Pending
RX002704,P2098,Salbutamol,100mcg,32,Dr. J. Nkosi,2023-03-17,,Pending
RX002705,P2099,Furosemide,40mg,88,Dr. M. O'Brien,2024-11-05,2024-01-13,Cancelled
RX002706,P2099,Ibuprofen,400mg,70,Dr. A. Patel,2024-08-31,2024-06-28,Dispensed
RX002707,P2099,Paracetamol,500mg,34,Dr. R. Singh,2023-03-20,2024-10-01,Dispensed
RX002708,P2100,Aspirin,75mg,42,Dr. A. Patel,2024-07-26,,Cancelled
RX002709,P2100,Prednisolone,5mg,64,Dr. S. Khan,2023-06-09,2024-08-12,Cancelled
RX002710,P2100,Sertraline,50mg,90,Dr. Y. Tanaka,2023-02-11,2024-09-01,Cancelled
RX002711,P2101,Prednisolone,5mg,43,Dr. L. Torres,2024-05-26,2024-07-27,Pending
RX002712,P2102,Paracetamol,500mg,64,Dr. J. Nkosi,2024-07-18,2024-01-19,Dispensed
RX002713,P2102,Aspirin,75mg,52,Dr. S. Khan,2024-03-05,2024-10-12,Pending
RX002714,P2103,Omeprazole,20mg,70,Dr. M. O'Brien,2023-06-07,2024-05-19,Cancelled
RX002715,P2104,Ibuprofen,400mg,70,Dr. M. O'Brien,2024-07-20,,Cancelled
RX002716,P2105,Paracetamol,500mg,33,Dr. J. Nkosi,2024-12-12,2024-12-02,Dispensed
RX002717,P2105,Atorvastatin,20mg,33,Dr. M. O'Brien,2023-12-29,,Dispensed
RX002718,P2105,Metformin,500mg,62,Dr. J. Nkosi,2023-07-29,,Dispensed
RX002719,P2105,Furosemide,40mg,84,Dr. J. Nkosi,2024-06-03,2024-11-14,Dispensed
RX002720,P2106,Insulin Glargine,10 units,37,Dr. L. Torres,2024-02-23,,Dispensed
RX002721,P2106,Omeprazole,20mg,34,Dr. Y. Tanaka,2023-02-04,,Pending
RX002722,P2106,Aspirin,75mg,46,Dr. L. Torres,2023-06-23,2024-02-21,Pending
RX002723,P2107,Prednisolone,5mg,41,Dr. C. Müller,2023-08-16,,Pending
RX002724,P2107,Bisoprolol,2.5mg,74,Dr. A. Patel,2023-02-11,2024-03-24,Cancelled
RX002725,P2108,Insulin Glargine,10 units,47,Dr. L. Torres,2023-05-21,,Dispensed
RX002726,P2108,Amlodipine,5mg,81,Dr. Y. Tanaka,2024-07-28,2024-09-11,Cancelled
RX002727,P2108,Sertraline,50mg,56,Dr. R. Singh,2023-04-22,2024-03-14,Cancelled
RX002728,P2109,Prednisolone,5mg,89,Dr. S. Khan,2024-11-22,2024-03-02,Pending
RX002729,P2109,Clopidogrel,75mg,89,Dr. L. Torres,2023-10-15,2024-03-05,Cancelled
RX002730,P2109,Insulin Glargine,10 units,86,Dr. C. Müller,2023-07-17,,Pending
RX002731,P2109,Ibuprofen,400mg,85,Dr. Y. Tanaka,2023-12-07,2024-07-21,Pending
RX002732,P2110,Metformin,500mg,56,Dr. M. O'Brien,2023-06-18,,Pending
RX002733,P2110,Paracetamol,500mg,68,Dr. J. Nkosi,2023-12-30,,Dispensed
RX002734,P2111,Clopidogrel,75mg,43,Dr. C. Müller,2023-07-23,2024-04-24,Dispensed
RX002735,P2111,Lisinopril,10mg,46,Dr. C. Müller,2024-04-04,2024-09-06,Cancelled
RX002736,P2112,Aspirin,75mg,52,Dr. J. Nkosi,2023-05-19,2024-06-03,Cancelled
RX002737,P2112,Clopidogrel,75mg,40,Dr. M. O'Brien,2024-02-17,,Pending
RX002738,P2113,Gabapentin,300mg,28,Dr. M. O'Brien,2024-08-05,2024-04-10,Pending
RX002739,P2113,Lisinopril,10mg,67,Dr. L. Torres,2023-04-05,2024-12-22,Pending
RX002740,P2113,Ibuprofen,400mg,65,Dr. L. Torres,2024-08-26,2024-12-19,Cancelled
RX002741,P2113,Warfarin,3mg,47,Dr. Y. Tanaka,2024-11-08,,Dispensed
RX002742,P2114,Ibuprofen,400mg,47,Dr. J. Nkosi,2024-06-06,2024-08-06,Cancelled
RX002743,P2114,Furosemide,40mg,60,Dr. A. Patel,2023-01-20,2024-09-16,Cancelled
RX002744,P2114,Warfarin,3mg,70,Dr. C. Müller,2023-03-25,2024-01-27,Cancelled
RX002745,P2114,Levothyroxine,50mcg,41,Dr. R. Singh,2023-10-28,2024-04-13,Cancelled
RX002746,P2115,Aspirin,75mg,49,Dr. R. Singh,2024-06-29,2024-10-18,Dispensed
RX002747,P2115,Insulin Glargine,10 units,66,Dr. R. Singh,2023-11-03,,Pending
RX002748,P2115,Levothyroxine,50mcg,71,Dr. M. O'Brien,2023-05-22,,Cancelled
RX002749,P2115,Metformin,500mg,75,Dr. R. Singh,2023-04-13,2024-01-18,Cancelled
RX002750,P2116,Metformin,500mg,65,Dr. Y. Tanaka,2024-04-03,2024-08-01,Pending
RX002751,P2116,Sertraline,50mg,87,Dr. S. Khan,2024-07-19,,Cancelled
RX002752,P2116,Omeprazole,20mg,76,Dr. J. Nkosi,2024-05-23,2024-12-14,Dispensed
RX002753,P2116,Warfarin,3mg,44,Dr. Y. Tanaka,2023-11-08,2024-03-20,Cancelled
RX002754,P2117,Insulin Glargine,10 units,72,Dr. M. O'Brien,2024-11-17,,Dispensed
RX002755,P2117,Metformin,500mg,32,Dr. R. Singh,2024-02-10,,Pending
RX002756,P2117,Sertraline,50mg,39,Dr. L. Torres,2023-05-23,,Cancelled
RX002757,P2118,Clopidogrel,75mg,37,Dr. C. Müller,2023-01-28,2024-07-12,Dispensed
RX002758,P2119,Ramipril,5mg,41,Dr. C. Müller,2024-09-07,2024-11-26,Dispensed
RX002759,P2119,Prednisolone,5mg,51,Dr. L. Torres,2023-12-20,2024-07-22,Cancelled
RX002760,P2119,Sertraline,50mg,34,Dr. S. Khan,2023-04-18,2024-01-28,Pending
RX002761,P2119,Insulin Glargine,10 units,58,Dr. M. O'Brien,2023-02-20,,Cancelled
RX002762,P2120,Lisinopril,10mg,70,Dr. C. Müller,2024-05-03,2024-05-03,Dispensed
RX002763,P2121,Paracetamol,500mg,29,Dr. Y. Tanaka,2024-04-20,2024-07-04,Cancelled
RX002764,P2121,Furosemide,40mg,70,Dr. M. O'Brien,2023-03-13,2024-08-16,Pending
RX002765,P2121,Omeprazole,20mg,58,Dr. S. Khan,2024-07-10,,Dispensed
RX002766,P2121,Salbutamol,100mcg,90,Dr. Y. Tanaka,2023-05-20,2024-03-30,Pending
RX002767,P2122,Omeprazole,20mg,47,Dr. S. Khan,2023-01-24,2024-08-27,Cancelled
RX002768,P2122,Amoxicillin,500mg,70,Dr. J. Nkosi,2023-05-27,2024-06-02,Dispensed
RX002769,P2122,Amlodipine,5mg,62,Dr. J. Nkosi,2023-12-02,2024-05-18,Cancelled
RX002770,P2123,Ibuprofen,400mg,78,Dr. A. Patel,2023-07-14,,Dispensed
RX002771,P2124,Sertraline,50mg,45,Dr. S. Khan,2024-08-14,2024-01-28,Pending
RX002772,P2124,Ibuprofen,400mg,67,Dr. L. Torres,2024-04-29,2024-03-08,Dispensed
RX002773,P2124,Prednisolone,5mg,54,Dr. C. Müller,2023-06-01,2024-11-06,Cancelled
RX002774,P2124,Paracetamol,500mg,76,Dr. Y. Tanaka,2024-07-03,2024-04-03,Dispensed
RX002775,P2125,Ibuprofen,400mg,67,Dr. J. Nkosi,2023-09-13,,Pending
RX002776,P2126,Ibuprofen,400mg,78,Dr. C. Müller,2023-08-04,2024-06-14,Pending
RX002777,P2127,Prednisolone,5mg,65,Dr. Y. Tanaka,2024-10-16,2024-12-09,Pending
RX002778,P2127,Levothyroxine,50mcg,50,Dr. Y. Tanaka,2024-08-28,2024-08-13,Cancelled
RX002779,P2127,Amlodipine,5mg,73,Dr. R. Singh,2023-06-09,2024-01-30,Pending
RX002780,P2128,Atorvastatin,20mg,50,Dr. A. Patel,2024-02-08,,Pending
RX002781,P2128,Warfarin,3mg,81,Dr. L. Torres,2023-08-23,,Cancelled
RX002782,P2129,Warfarin,3mg,79,Dr. Y. Tanaka,2024-10-10,2024-08-15,Dispensed
RX002783,P2129,Insulin Glargine,10 units,39,Dr. L. Torres,2024-02-22,2024-01-29,Cancelled
RX002784,P2129,Lisinopril,10mg,64,Dr. S. Khan,2023-06-08,,Dispensed
RX002785,P2130,Metformin,500mg,58,Dr. R. Singh,2024-05-20,2024-07-01,Dispensed
RX002786,P2130,Omeprazole,20mg,48,Dr. R. Singh,2023-07-05,2024-03-31,Pending
RX002787,P2131,Lisinopril,10mg,64,Dr. J. Nkosi,2023-06-27,,Dispensed
RX002788,P2131,Sertraline,50mg,52,Dr. R. Singh,2023-04-23,2024-11-03,Dispensed
RX002789,P2132,Furosemide,40mg,32,Dr. M. O'Brien,2024-01-01,2024-11-29,Pending
RX002790,P2132,Metformin,500mg,85,Dr. A. Patel,2024-07-14,2024-10-13,Cancelled
RX002791,P2132,Prednisolone,5mg,43,Dr. S. Khan,2023-03-01,2024-07-23,Pending
RX002792,P2133,Paracetamol,500mg,41,Dr. M. O'Brien,2023-01-19,2024-06-06,Cancelled
RX002793,P2133,Clopidogrel,75mg,79,Dr. L. Torres,2023-01-15,,Pending
RX002794,P2134,Sertraline,50mg,85,Dr. A. Patel,2023-12-08,2024-02-15,Dispensed
RX002795,P2134,Prednisolone,5mg,66,Dr. M. O'Brien,2024-05-21,,Dispensed
RX002796,P2135,Ibuprofen,400mg,89,Dr. M. O'Brien,2024-05-04,,Cancelled
RX002797,P2135,Metformin,500mg,41,Dr. R. Singh,2024-04-25,2024-04-22,Pending
RX002798,P2135,Furosemide,40mg,65,Dr. L. Torres,2024-01-09,2024-03-19,Pending
RX002799,P2135,Clopidogrel,75mg,74,Dr. L. Torres,2023-01-30,2024-03-17,Pending
RX002800,P2136,Gabapentin,300mg,42,Dr. J. Nkosi,2024-12-18,2024-11-20,Cancelled
RX002801,P2136,Warfarin,3mg,89,Dr. C. Müller,2024-09-20,2024-04-02,Cancelled
RX002802,P2137,Metformin,500mg,43,Dr. J. Nkosi,2024-09-30,2024-09-05,Cancelled
RX002803,P2137,Ibuprofen,400mg,33,Dr. C. Müller,2024-12-31,2024-11-20,Cancelled
RX002804,P2137,Aspirin,75mg,56,Dr. J. Nkosi,2024-05-03,2024-01-31,Cancelled
RX002805,P2137,Paracetamol,500mg,86,Dr. R. Singh,2024-06-10,2024-06-25,Cancelled
RX002806,P2138,Bisoprolol,2.5mg,53,Dr. R. Singh,2023-12-02,2024-12-27,Dispensed
RX002807,P2139,Amoxicillin,500mg,86,Dr. J. Nkosi,2024-04-15,,Cancelled
RX002808,P2139,Gabapentin,300mg,77,Dr. C. Müller,2023-09-11,2024-12-06,Cancelled
RX002809,P2140,Metformin,500mg,83,Dr. M. O'Brien,2023-12-14,2024-11-29,Cancelled
RX002810,P2140,Atorvastatin,20mg,72,Dr. C. Müller,2024-08-25,,Cancelled
RX002811,P2140,Clopidogrel,75mg,77,Dr. S. Khan,2024-08-08,2024-08-15,Pending
RX002812,P2140,Aspirin,75mg,62,Dr. C. Müller,2024-03-20,2024-10-20,Cancelled
RX002813,P2141,Omeprazole,20mg,88,Dr. A. Patel,2024-04-18,2024-05-18,Pending
RX002814,P2141,Paracetamol,500mg,79,Dr. J. Nkosi,2024-01-13,2024-01-21,Pending
RX002815,P2142,Amlodipine,5mg,48,Dr. R. Singh,2023-05-11,2024-11-13,Pending
RX002816,P2142,Bisoprolol,2.5mg,58,Dr. M. O'Brien,2023-11-15,,Cancelled
RX002817,P2142,Warfarin,3mg,38,Dr. C. Müller,2024-09-04,2024-10-22,Cancelled
RX002818,P2143,Omeprazole,20mg,62,Dr. R. Singh,2024-11-08,2024-12-31,Cancelled
RX002819,P2144,Ramipril,5mg,62,Dr. C. Müller,2024-08-31,2024-12-17,Cancelled
RX002820,P2144,Bisoprolol,2.5mg,80,Dr. R. Singh,2023-12-22,,Cancelled
RX002821,P2144,Aspirin,75mg,85,Dr. J. Nkosi,2024-10-23,2024-07-20,Dispensed
RX002822,P2145,Metformin,500mg,63,Dr. S. Khan,2023-02-06,2024-12-19,Dispensed
RX002823,P2146,Salbutamol,100mcg,28,Dr. S. Khan,2024-10-29,,Dispensed
RX002824,P2146,Lisinopril,10mg,30,Dr. Y. Tanaka,2023-08-17,2024-09-26,Cancelled
RX002825,P2146,Aspirin,75mg,79,Dr. L. Torres,2024-10-03,2024-12-28,Cancelled
RX002826,P2146,Insulin Glargine,10 units,44,Dr. C. Müller,2023-10-16,,Dispensed
RX002827,P2147,Warfarin,3mg,43,Dr. C. Müller,2023-10-19,2024-07-16,Dispensed
RX002828,P2147,Clopidogrel,75mg,83,Dr. J. Nkosi,2024-10-06,2024-07-23,Pending
RX002829,P2148,Furosemide,40mg,68,Dr. Y. Tanaka,2024-04-27,2024-01-18,Cancelled
RX002830,P2148,Sertraline,50mg,56,Dr. S. Khan,2023-02-25,2024-01-03,Dispensed
RX002831,P2148,Levothyroxine,50mcg,67,Dr. Y. Tanaka,2024-08-28,,Cancelled
RX002832,P2149,Lisinopril,10mg,37,Dr. S. Khan,2023-03-24,2024-08-06,Pending
RX002833,P2150,Ramipril,5mg,75,Dr. J. Nkosi,2024-11-19,2024-04-28,Dispensed
RX002834,P2150,Atorvastatin,20mg,38,Dr. R. Singh,2024-01-15,2024-07-05,Dispensed
RX002835,P2150,Salbutamol,100mcg,68,Dr. S. Khan,2023-07-05,2024-10-10,Dispensed
RX002836,P2150,Sertraline,50mg,66,Dr. J. Nkosi,2024-11-30,2024-06-08,Cancelled
RX002837,P2151,Clopidogrel,75mg,75,Dr. S. Khan,2023-02-23,,Dispensed
RX002838,P2152,Amoxicillin,500mg,80,Dr. Y. Tanaka,2023-02-25,,Dispensed
RX002839,P2152,Salbutamol,100mcg,44,Dr. C. Müller,2023-08-16,2024-12-26,Cancelled
RX002840,P2153,Ibuprofen,400mg,88,Dr. A. Patel,2024-02-12,2024-10-28,Cancelled
RX002841,P2153,Gabapentin,300mg,53,Dr. S. Khan,2023-06-10,,Pending
RX002842,P2153,Furosemide,40mg,39,Dr. S. Khan,2023-09-27,2024-10-04,Cancelled
RX002843,P2153,Aspirin,75mg,63,Dr. A. Patel,2024-03-02,2024-09-17,Cancelled
RX002844,P2154,Gabapentin,300mg,58,Dr. A. Patel,2024-10-27,,Cancelled
RX002845,P2154,Atorvastatin,20mg,66,Dr. S. Khan,2023-01-18,2024-07-10,Cancelled
RX002846,P2154,Prednisolone,5mg,47,Dr. L. Torres,2024-04-21,2024-08-18,Dispensed
RX002847,P2155,Ibuprofen,400mg,87,Dr. Y. Tanaka,2023-03-30,,Cancelled
RX002848,P2155,Amoxicillin,500mg,35,Dr. L. Torres,2023-08-10,2024-10-16,Pending
RX002849,P2155,Omeprazole,20mg,69,Dr. L. Torres,2024-01-10,2024-07-29,Cancelled
RX002850,P2156,Amlodipine,5mg,86,Dr. M. O'Brien,2023-10-14,2024-06-04,Cancelled
RX002851,P2156,Omeprazole,20mg,37,Dr. R. Singh,2023-12-17,2024-07-08,Dispensed
RX002852,P2157,Levothyroxine,50mcg,87,Dr. A. Patel,2024-12-12,2024-11-23,Pending
RX002853,P2157,Omeprazole,20mg,62,Dr. L. Torres,2023-06-06,2024-06-27,Dispensed
RX002854,P2158,Clopidogrel,75mg,83,Dr. A. Patel,2023-04-03,2024-09-01,Pending
RX002855,P2158,Gabapentin,300mg,44,Dr. S. Khan,2024-05-21,2024-05-20,Pending
RX002856,P2159,Ramipril,5mg,88,Dr. L. Torres,2024-06-15,2024-12-26,Pending
RX002857,P2159,Bisoprolol,2.5mg,28,Dr. C. Müller,2024-10-01,2024-06-16,Cancelled
RX002858,P2159,Aspirin,75mg,51,Dr. R. Singh,2024-11-08,2024-09-06,Dispensed
RX002859,P2159,Paracetamol,500mg,45,Dr. M. O'Brien,2023-12-23,2024-03-26,Pending
RX002860,P2160,Insulin Glargine,10 units,44,Dr. C. Müller,2024-12-19,2024-08-05,Cancelled
RX002861,P2160,Salbutamol,100mcg,46,Dr. L. Torres,2023-01-26,2024-07-28,Cancelled
RX002862,P2160,Amlodipine,5mg,82,Dr. Y. Tanaka,2023-05-21,,Dispensed
RX002863,P2160,Metformin,500mg,69,Dr. L. Torres,2023-03-23,,Dispensed
RX002864,P2161,Furosemide,40mg,35,Dr. Y. Tanaka,2023-12-23,,Pending
RX002865,P2161,Atorvastatin,20mg,81,Dr. C. Müller,2023-12-03,2024-09-20,Dispensed
RX002866,P2161,Metformin,500mg,81,Dr. Y. Tanaka,2024-10-26,2024-07-09,Pending
RX002867,P2162,Aspirin,75mg,85,Dr. C. Müller,2023-03-27,,Dispensed
RX002868,P2162,Warfarin,3mg,51,Dr. J. Nkosi,2023-06-18,2024-03-22,Pending
RX002869,P2162,Metformin,500mg,84,Dr. Y. Tanaka,2024-06-20,2024-01-19,Dispensed
RX002870,P2162,Atorvastatin,20mg,77,Dr. S. Khan,2023-05-03,2024-04-17,Cancelled
RX002871,P2163,Prednisolone,5mg,43,Dr. M. O'Brien,2023-02-21,,Dispensed
RX002872,P2163,Clopidogrel,75mg,87,Dr. R. Singh,2023-04-12,2024-10-19,Cancelled
RX002873,P2163,Paracetamol,500mg,32,Dr. Y. Tanaka,2024-02-16,2024-10-20,Dispensed
RX002874,P2163,Amoxicillin,500mg,41,Dr. A. Patel,2023-11-26,2024-01-08,Pending
RX002875,P2164,Levothyroxine,50mcg,67,Dr. R. Singh,2024-03-04,2024-01-19,Cancelled
RX002876,P2165,Aspirin,75mg,88,Dr. Y. Tanaka,2023-03-31,2024-05-04,Cancelled
RX002877,P2165,Salbutamol,100mcg,80,Dr. S. Khan,2023-08-26,2024-04-18,Dispensed
RX002878,P2165,Levothyroxine,50mcg,78,Dr. C. Müller,2024-01-14,,Cancelled
RX002879,P2165,Atorvastatin,20mg,75,Dr. C. Müller,2023-03-27,,Cancelled
RX002880,P2166,Amlodipine,5mg,85,Dr. C. Müller,2024-03-31,,Pending
RX002881,P2167,Omeprazole,20mg,44,Dr. J. Nkosi,2023-07-31,2024-04-05,Cancelled
RX002882,P2167,Warfarin,3mg,73,Dr. L. Torres,2023-05-27,2024-05-11,Dispensed
RX002883,P2168,Lisinopril,10mg,77,Dr. M. O'Brien,2024-07-13,2024-01-22,Pending
RX002884,P2168,Furosemide,40mg,39,Dr. C. Müller,2023-01-31,2024-06-09,Dispensed
RX002885,P2168,Ramipril,5mg,72,Dr. L. Torres,2024-12-07,2024-07-07,Cancelled
RX002886,P2169,Lisinopril,10mg,67,Dr. C. Müller,2023-08-17,2024-01-02,Dispensed
RX002887,P2169,Clopidogrel,75mg,77,Dr. S. Khan,2024-03-27,2024-02-01,Cancelled
RX002888,P2170,Aspirin,75mg,47,Dr. J. Nkosi,2024-01-02,2024-01-19,Dispensed
RX002889,P2170,Clopidogrel,75mg,52,Dr. M. O'Brien,2024-12-25,2024-01-03,Dispensed
RX002890,P2170,Amoxicillin,500mg,29,Dr. L. Torres,2023-03-03,,Pending
RX002891,P2171,Ibuprofen,400mg,57,Dr. J. Nkosi,2023-07-20,2024-06-25,Cancelled
RX002892,P2171,Clopidogrel,75mg,48,Dr. M. O'Brien,2024-10-11,2024-12-10,Cancelled
RX002893,P2172,Ibuprofen,400mg,49,Dr. S. Khan,2023-09-06,,Cancelled
RX002894,P2172,Levothyroxine,50mcg,87,Dr. J. Nkosi,2024-09-07,2024-08-14,Pending
RX002895,P2172,Prednisolone,5mg,38,Dr. R. Singh,2024-03-17,2024-08-07,Cancelled
RX002896,P2172,Amoxicillin,500mg,59,Dr. M. O'Brien,2023-07-29,,Pending
RX002897,P2173,Paracetamol,500mg,50,Dr. J. Nkosi,2023-05-01,,Cancelled
RX002898,P2173,Levothyroxine,50mcg,85,Dr. A. Patel,2024-01-20,,Cancelled
RX002899,P2173,Salbutamol,100mcg,60,Dr. L. Torres,2024-02-24,2024-06-05,Dispensed
RX002900,P2174,Prednisolone,5mg,77,Dr. C. Müller,2024-01-11,2024-05-30,Cancelled
RX002901,P2175,Bisoprolol,2.5mg,66,Dr. S. Khan,2023-11-21,2024-09-21,Cancelled
RX002902,P2175,Warfarin,3mg,73,Dr. S. Khan,2023-08-29,2024-04-11,Cancelled
RX002903,P2175,Prednisolone,5mg,51,Dr. R. Singh,2024-01-27,,Cancelled
RX002904,P2175,Levothyroxine,50mcg,90,Dr. S. Khan,2023-02-01,2024-12-03,Dispensed
RX002905,P2176,Amoxicillin,500mg,52,Dr. J. Nkosi,2024-06-10,2024-07-05,Pending
RX002906,P2176,Prednisolone,5mg,42,Dr. C. Müller,2024-09-24,,Pending
RX002907,P2177,Lisinopril,10mg,86,Dr. M. O'Brien,2024-08-22,,Dispensed
RX002908,P2178,Lisinopril,10mg,34,Dr. S. Khan,2023-05-13,,Cancelled
RX002909,P2178,Salbutamol,100mcg,43,Dr. L. Torres,2023-07-01,,Dispensed
RX002910,P2179,Salbutamol,100mcg,84,Dr. M. O'Brien,2023-01-01,,Dispensed
RX002911,P2179,Clopidogrel,75mg,75,Dr. S. Khan,2023-03-16,,Dispensed
RX002912,P2179,Levothyroxine,50mcg,86,Dr. Y. Tanaka,2023-11-24,2024-07-22,Cancelled
RX002913,P2180,Insulin Glargine,10 units,50,Dr. J. Nkosi,2023-08-05,2024-12-31,Dispensed
RX002914,P2180,Lisinopril,10mg,86,Dr. J. Nkosi,2023-03-14,2024-07-25,Dispensed
RX002915,P2180,Gabapentin,300mg,88,Dr. R. Singh,2024-08-16,2024-09-06,Pending
RX002916,P2181,Amoxicillin,500mg,51,Dr. S. Khan,2023-04-15,2024-08-02,Pending
RX002917,P2181,Ibuprofen,400mg,74,Dr. S. Khan,2024-12-10,2024-06-08,Dispensed
RX002918,P2181,Gabapentin,300mg,54,Dr. A. Patel,2023-03-03,,Dispensed
RX002919,P2181,Warfarin,3mg,79,Dr. J. Nkosi,2023-10-06,2024-02-04,Pending
RX002920,P2182,Omeprazole,20mg,76,Dr. A. Patel,2024-03-12,2024-03-27,Dispensed
RX002921,P2182,Metformin,500mg,45,Dr. R. Singh,2023-04-05,,Dispensed
RX002922,P2182,Insulin Glargine,10 units,60,Dr. J. Nkosi,2024-11-20,,Pending
RX002923,P2182,Warfarin,3mg,31,Dr. S. Khan,2024-04-02,2024-02-06,Dispensed
RX002924,P2183,Warfarin,3mg,75,Dr. R. Singh,2023-02-22,2024-01-04,Cancelled
RX002925,P2184,Ramipril,5mg,48,Dr. R. Singh,2023-04-28,2024-05-22,Pending
RX002926,P2184,Ibuprofen,400mg,42,Dr. M. O'Brien,2023-04-29,2024-02-02,Dispensed
RX002927,P2184,Metformin,500mg,82,Dr. R. Singh,2024-10-23,2024-08-09,Dispensed
RX002928,P2184,Warfarin,3mg,29,Dr. S. Khan,2024-09-08,,Pending
RX002929,P2185,Furosemide,40mg,66,Dr. A. Patel,2024-03-03,2024-05-31,Pending
RX002930,P2186,Paracetamol,500mg,68,Dr. J. Nkosi,2023-10-09,2024-05-12,Pending
RX002931,P2186,Prednisolone,5mg,45,Dr. R. Singh,2023-03-16,2024-01-24,Cancelled
RX002932,P2186,Gabapentin,300mg,75,Dr. L. Torres,2023-05-07,2024-03-31,Dispensed
RX002933,P2187,Sertraline,50mg,52,Dr. Y. Tanaka,2024-07-15,,Cancelled
RX002934,P2187,Insulin Glargine,10 units,29,Dr. M. O'Brien,2023-09-20,2024-04-27,Pending
RX002935,P2187,Amoxicillin,500mg,32,Dr. Y. Tanaka,2024-06-08,2024-02-19,Cancelled
RX002936,P2187,Furosemide,40mg,34,Dr. R. Singh,2023-11-12,2024-08-11,Dispensed
RX002937,P2188,Amlodipine,5mg,40,Dr. L. Torres,2023-09-26,2024-09-17,Pending
RX002938,P2188,Furosemide,40mg,55,Dr. M. O'Brien,2024-10-17,,Pending
RX002939,P2189,Atorvastatin,20mg,30,Dr. Y. Tanaka,2023-03-16,2024-08-07,Pending
RX002940,P2189,Ramipril,5mg,32,Dr. L. Torres,2024-07-29,,Dispensed
RX002941,P2189,Aspirin,75mg,82,Dr. R. Singh,2024-09-09,2024-11-11,Cancelled
RX002942,P2190,Prednisolone,5mg,59,Dr. C. Müller,2023-12-24,2024-06-01,Pending
RX002943,P2190,Salbutamol,100mcg,69,Dr. R. Singh,2023-09-28,,Dispensed
RX002944,P2190,Paracetamol,500mg,78,Dr. C. Müller,2023-03-25,2024-09-13,Pending
RX002945,P2190,Insulin Glargine,10 units,39,Dr. Y. Tanaka,2024-06-16,2024-08-06,Cancelled
RX002946,P2191,Omeprazole,20mg,68,Dr. S. Khan,2024-11-08,2024-06-09,Pending
RX002947,P2191,Bisoprolol,2.5mg,78,Dr. Y. Tanaka,2024-12-23,,Pending
RX002948,P2191,Ibuprofen,400mg,82,Dr. J. Nkosi,2024-05-07,,Dispensed
RX002949,P2192,Prednisolone,5mg,35,Dr. L. Torres,2024-03-19,2024-09-23,Dispensed
RX002950,P2192,Bisoprolol,2.5mg,36,Dr. Y. Tanaka,2023-01-17,2024-01-28,Cancelled
RX002951,P2193,Levothyroxine,50mcg,68,Dr. R. Singh,2023-07-27,2024-09-04,Pending
RX002952,P2193,Amlodipine,5mg,36,Dr. L. Torres,2023-06-08,2024-03-18,Dispensed
RX002953,P2194,Omeprazole,20mg,79,Dr. M. O'Brien,2024-04-15,2024-06-18,Cancelled
RX002954,P2194,Insulin Glargine,10 units,71,Dr. A. Patel,2023-02-22,2024-08-04,Pending
RX002955,P2195,Clopidogrel,75mg,41,Dr. S. Khan,2024-04-01,,Dispensed
RX002956,P2195,Amoxicillin,500mg,73,Dr. M. O'Brien,2024-03-23,2024-02-10,Pending
RX002957,P2195,Lisinopril,10mg,55,Dr. A. Patel,2023-01-15,,Dispensed
RX002958,P2196,Amlodipine,5mg,56,Dr. R. Singh,2024-06-13,2024-12-29,Cancelled
RX002959,P2196,Prednisolone,5mg,58,Dr. R. Singh,2024-06-20,2024-10-14,Cancelled
RX002960,P2196,Omeprazole,20mg,79,Dr. M. O'Brien,2023-12-30,,Cancelled
RX002961,P2196,Ibuprofen,400mg,70,Dr. J. Nkosi,2023-03-12,,Dispensed
RX002962,P2197,Amoxicillin,500mg,39,Dr. J. Nkosi,2024-02-16,2024-07-09,Dispensed
RX002963,P2197,Gabapentin,300mg,61,Dr. C. Müller,2023-08-22,2024-06-18,Dispensed
RX002964,P2198,Amoxicillin,500mg,84,Dr. L. Torres,2024-07-04,2024-01-05,Pending
RX002965,P2198,Furosemide,40mg,34,Dr. A. Patel,2024-07-22,2024-01-26,Dispensed
RX002966,P2198,Amlodipine,5mg,67,Dr. A. Patel,2024-02-20,2024-03-16,Dispensed
RX002967,P2198,Ramipril,5mg,34,Dr. J. Nkosi,2023-02-19,2024-03-25,Cancelled
RX002968,P2199,Metformin,500mg,72,Dr. C. Müller,2023-04-26,2024-08-02,Dispensed
RX002969,P2199,Ibuprofen,400mg,30,Dr. C. Müller,2023-09-28,,Dispensed
RX002970,P2199,Bisoprolol,2.5mg,37,Dr. L. Torres,2023-04-26,2024-01-19,Cancelled
RX002971,P2199,Prednisolone,5mg,64,Dr. J. Nkosi,2024-08-29,2024-10-06,Cancelled
RX002972,P2200,Omeprazole,20mg,36,Dr. M. O'Brien,2023-04-27,2024-06-13,Dispensed
RX002973,P2200,Lisinopril,10mg,80,Dr. L. Torres,2023-05-07,2024-11-29,Dispensed
RX002974,P2200,Ibuprofen,400mg,57,Dr. Y. Tanaka,2024-01-10,2024-04-03,Pending
RX002975,P2201,Furosemide,40mg,80,Dr. L. Torres,2024-01-04,2024-03-20,Dispensed
RX002976,P2201,Gabapentin,300mg,45,Dr. Y. Tanaka,2023-11-21,,Pending
RX002977,P2201,Aspirin,75mg,39,Dr. L. Torres,2024-08-07,2024-07-18,Cancelled
RX002978,P2202,Clopidogrel,75mg,61,Dr. Y. Tanaka,2024-09-29,2024-02-24,Pending
RX002979,P2202,Prednisolone,5mg,84,Dr. M. O'Brien,2023-06-20,2024-12-10,Cancelled
RX002980,P2203,Paracetamol,500mg,36,Dr. L. Torres,2023-02-10,2024-08-06,Pending
RX002981,P2204,Omeprazole,20mg,83,Dr. Y. Tanaka,2024-11-16,2024-08-09,Dispensed
RX002982,P2204,Clopidogrel,75mg,61,Dr. L. Torres,2023-02-23,2024-10-10,Cancelled
RX002983,P2204,Levothyroxine,50mcg,33,Dr. A. Patel,2024-11-03,,Cancelled
RX002984,P2205,Aspirin,75mg,28,Dr. C. Müller,2024-09-15,2024-05-24,Pending
RX002985,P2205,Clopidogrel,75mg,36,Dr. R. Singh,2024-10-01,,Dispensed
RX002986,P2205,Insulin Glargine,10 units,37,Dr. Y. Tanaka,2024-01-12,2024-12-02,Pending
RX002987,P2205,Sertraline,50mg,63,Dr. L. Torres,2024-01-16,2024-04-13,Dispensed
RX002988,P2206,Aspirin,75mg,68,Dr. S. Khan,2024-12-03,,Pending
RX002989,P2206,Lisinopril,10mg,89,Dr. J. Nkosi,2024-01-17,2024-12-22,Cancelled
RX002990,P2206,Amoxicillin,500mg,64,Dr. Y. Tanaka,2024-06-09,2024-08-09,Pending
RX002991,P2206,Furosemide,40mg,57,Dr. J. Nkosi,2024-11-13,2024-05-30,Pending
RX002992,P2207,Gabapentin,300mg,35,Dr. J. Nkosi,2024-03-16,2024-02-02,Dispensed
RX002993,P2207,Aspirin,75mg,81,Dr. R. Singh,2024-05-05,2024-03-03,Cancelled
RX002994,P2207,Ibuprofen,400mg,51,Dr. A. Patel,2024-10-02,2024-08-01,Pending
RX002995,P2208,Metformin,500mg,35,Dr. A. Patel,2024-06-19,2024-01-22,Pending
RX002996,P2208,Prednisolone,5mg,53,Dr. L. Torres,2024-04-24,,Cancelled
RX002997,P2208,Paracetamol,500mg,30,Dr. R. Singh,2024-11-14,2024-05-20,Pending
RX002998,P2208,Aspirin,75mg,38,Dr. A. Patel,2023-02-15,,Cancelled
RX002999,P2209,Amoxicillin,500mg,80,Dr. R. Singh,2024-03-28,2024-10-02,Cancelled
RX003000,P2210,Sertraline,50mg,68,Dr. J. Nkosi,2023-12-25,,Cancelled
RX003001,P2210,Prednisolone,5mg,45,Dr. C. Müller,2023-01-16,2024-04-23,Pending
RX003002,P2210,Metformin,500mg,86,Dr. J. Nkosi,2023-01-30,,Dispensed
RX003003,P2210,Gabapentin,300mg,82,Dr. J. Nkosi,2023-10-27,,Dispensed
RX003004,P2211,Amlodipine,5mg,75,Dr. M. O'Brien,2024-12-01,2024-05-20,Dispensed
RX003005,P2211,Ramipril,5mg,66,Dr. J. Nkosi,2024-10-12,2024-09-22,Pending
RX003006,P2211,Metformin,500mg,76,Dr. J. Nkosi,2024-10-18,,Cancelled
RX003007,P2211,Amoxicillin,500mg,31,Dr. Y. Tanaka,2024-08-25,2024-08-01,Cancelled
RX003008,P2212,Warfarin,3mg,56,Dr. L. Torres,2023-10-27,,Pending
RX003009,P2212,Sertraline,50mg,69,Dr. A. Patel,2023-03-02,2024-02-13,Cancelled
RX003010,P2213,Bisoprolol,2.5mg,68,Dr. J. Nkosi,2023-03-28,2024-11-16,Pending
RX003011,P2213,Gabapentin,300mg,44,Dr. C. Müller,2024-06-14,2024-02-23,Dispensed
RX003012,P2213,Metformin,500mg,48,Dr. J. Nkosi,2023-02-25,,Dispensed
RX003013,P2214,Clopidogrel,75mg,68,Dr. L. Torres,2024-01-05,,Dispensed
RX003014,P2215,Salbutamol,100mcg,74,Dr. R. Singh,2024-09-26,2024-02-04,Cancelled
RX003015,P2215,Levothyroxine,50mcg,28,Dr. S. Khan,2024-12-30,,Pending
RX003016,P2216,Levothyroxine,50mcg,72,Dr. M. O'Brien,2023-11-20,2024-11-08,Pending
RX003017,P2216,Furosemide,40mg,48,Dr. S. Khan,2023-08-17,,Dispensed
RX003018,P2216,Amlodipine,5mg,83,Dr. C. Müller,2023-11-29,2024-04-02,Cancelled
RX003019,P2216,Bisoprolol,2.5mg,66,Dr. J. Nkosi,2023-10-10,2024-10-14,Cancelled
RX003020,P2217,Furosemide,40mg,53,Dr. C. Müller,2024-07-09,,Pending
RX003021,P2217,Sertraline,50mg,56,Dr. J. Nkosi,2023-10-10,2024-08-04,Cancelled
RX003022,P2217,Prednisolone,5mg,58,Dr. Y. Tanaka,2024-05-12,2024-03-17,Cancelled
RX003023,P2217,Warfarin,3mg,38,Dr. S. Khan,2023-07-17,,Cancelled
RX003024,P2218,Amoxicillin,500mg,44,Dr. R. Singh,2024-04-14,,Pending
RX003025,P2218,Atorvastatin,20mg,75,Dr. S. Khan,2024-06-24,2024-10-13,Dispensed
RX003026,P2218,Paracetamol,500mg,43,Dr. L. Torres,2024-03-05,2024-09-04,Cancelled
RX003027,P2219,Levothyroxine,50mcg,40,Dr. S. Khan,2024-08-16,2024-05-27,Pending
RX003028,P2219,Aspirin,75mg,30,Dr. Y. Tanaka,2023-01-02,2024-08-13,Dispensed
RX003029,P2219,Gabapentin,300mg,37,Dr. A. Patel,2024-10-13,,Dispensed
RX003030,P2219,Atorvastatin,20mg,46,Dr. M. O'Brien,2024-10-21,,Pending
RX003031,P2220,Clopidogrel,75mg,89,Dr. J. Nkosi,2024-12-11,2024-10-08,Dispensed
RX003032,P2221,Amoxicillin,500mg,35,Dr. J. Nkosi,2023-06-27,2024-10-13,Dispensed
RX003033,P2221,Insulin Glargine,10 units,82,Dr. A. Patel,2024-07-11,,Dispensed
RX003034,P2222,Amoxicillin,500mg,78,Dr. L. Torres,2023-03-18,2024-03-28,Dispensed
RX003035,P2222,Omeprazole,20mg,31,Dr. A. Patel,2024-08-26,,Cancelled
RX003036,P2222,Insulin Glargine,10 units,65,Dr. S. Khan,2023-07-01,2024-06-25,Pending
RX003037,P2222,Bisoprolol,2.5mg,88,Dr. L. Torres,2023-08-18,2024-12-24,Pending
RX003038,P2223,Levothyroxine,50mcg,51,Dr. S. Khan,2024-10-17,2024-07-10,Dispensed
RX003039,P2223,Aspirin,75mg,30,Dr. J. Nkosi,2024-09-17,2024-03-03,Dispensed
RX003040,P2224,Omeprazole,20mg,62,Dr. L. Torres,2023-07-27,2024-02-05,Pending
RX003041,P2224,Paracetamol,500mg,41,Dr. A. Patel,2023-02-28,,Pending
RX003042,P2224,Amlodipine,5mg,89,Dr. A. Patel,2023-12-30,2024-05-19,Pending
RX003043,P2225,Sertraline,50mg,53,Dr. L. Torres,2023-11-08,2024-03-14,Pending
RX003044,P2225,Prednisolone,5mg,76,Dr. J. Nkosi,2024-01-09,2024-03-25,Dispensed
RX003045,P2225,Warfarin,3mg,34,Dr. S. Khan,2024-11-15,2024-05-19,Cancelled
RX003046,P2226,Omeprazole,20mg,83,Dr. Y. Tanaka,2023-10-08,2024-07-09,Pending
RX003047,P2226,Prednisolone,5mg,63,Dr. A. Patel,2023-08-14,2024-06-02,Cancelled
RX003048,P2226,Amoxicillin,500mg,78,Dr. C. Müller,2023-04-11,2024-03-22,Dispensed
RX003049,P2226,Levothyroxine,50mcg,42,Dr. J. Nkosi,2023-08-28,,Dispensed
RX003050,P2227,Atorvastatin,20mg,67,Dr. A. Patel,2023-01-10,2024-08-16,Pending
RX003051,P2227,Gabapentin,300mg,74,Dr. R. Singh,2023-10-28,2024-11-05,Cancelled
RX003052,P2227,Ramipril,5mg,75,Dr. S. Khan,2024-06-25,2024-10-05,Cancelled
RX003053,P2227,Amlodipine,5mg,74,Dr. S. Khan,2024-05-01,2024-02-06,Pending
RX003054,P2228,Paracetamol,500mg,85,Dr. A. Patel,2023-06-10,,Cancelled
RX003055,P2229,Warfarin,3mg,65,Dr. Y. Tanaka,2023-06-10,2024-02-07,Cancelled
RX003056,P2229,Clopidogrel,75mg,68,Dr. L. Torres,2024-06-15,2024-09-18,Dispensed
RX003057,P2229,Insulin Glargine,10 units,55,Dr. R. Singh,2023-10-10,2024-08-28,Dispensed
RX003058,P2230,Insulin Glargine,10 units,41,Dr. A. Patel,2023-06-19,2024-11-04,Pending
RX003059,P2230,Amlodipine,5mg,32,Dr. S. Khan,2024-11-21,2024-08-26,Dispensed
RX003060,P2231,Salbutamol,100mcg,63,Dr. M. O'Brien,2023-05-19,2024-09-27,Pending
RX003061,P2231,Insulin Glargine,10 units,41,Dr. A. Patel,2023-12-29,2024-05-23,Pending
RX003062,P2231,Sertraline,50mg,36,Dr. R. Singh,2023-02-13,2024-04-22,Cancelled
RX003063,P2232,Gabapentin,300mg,28,Dr. J. Nkosi,2024-01-29,2024-02-13,Pending
RX003064,P2232,Furosemide,40mg,81,Dr. S. Khan,2023-06-13,2024-12-07,Pending
RX003065,P2233,Levothyroxine,50mcg,48,Dr. A. Patel,2024-06-17,2024-10-04,Dispensed
RX003066,P2233,Paracetamol,500mg,61,Dr. J. Nkosi,2023-06-17,,Cancelled
RX003067,P2233,Sertraline,50mg,34,Dr. S. Khan,2024-08-13,,Pending
RX003068,P2234,Salbutamol,100mcg,82,Dr. C. Müller,2023-01-16,,Pending
RX003069,P2234,Ibuprofen,400mg,71,Dr. L. Torres,2023-09-15,2024-05-02,Dispensed
RX003070,P2235,Insulin Glargine,10 units,69,Dr. S. Khan,2023-04-07,2024-07-27,Cancelled
RX003071,P2235,Bisoprolol,2.5mg,47,Dr. S. Khan,2024-05-02,2024-02-27,Dispensed
RX003072,P2236,Metformin,500mg,70,Dr. A. Patel,2024-09-27,,Cancelled
RX003073,P2237,Insulin Glargine,10 units,44,Dr. A. Patel,2023-12-10,2024-07-29,Pending
RX003074,P2237,Ibuprofen,400mg,47,Dr. A. Patel,2024-09-25,2024-10-02,Pending
RX003075,P2237,Prednisolone,5mg,54,Dr. J. Nkosi,2023-07-10,2024-02-17,Dispensed
RX003076,P2238,Metformin,500mg,42,Dr. J. Nkosi,2024-02-13,2024-02-19,Dispensed
RX003077,P2238,Lisinopril,10mg,59,Dr. L. Torres,2024-05-01,2024-02-08,Pending
RX003078,P2238,Insulin Glargine,10 units,87,Dr. J. Nkosi,2024-10-17,2024-11-05,Pending
RX003079,P2239,Levothyroxine,50mcg,45,Dr. S. Khan,2023-07-25,2024-03-12,Pending
RX003080,P2239,Salbutamol,100mcg,79,Dr. C. Müller,2024-01-19,2024-02-24,Pending
RX003081,P2239,Amoxicillin,500mg,68,Dr. Y. Tanaka,2024-07-28,,Cancelled
RX003082,P2239,Sertraline,50mg,77,Dr. L. Torres,2023-01-25,2024-12-23,Cancelled
RX003083,P2240,Metformin,500mg,45,Dr. S. Khan,2023-04-28,,Dispensed
RX003084,P2241,Ibuprofen,400mg,87,Dr. M. O'Brien,2024-08-04,2024-08-26,Pending
RX003085,P2241,Metformin,500mg,80,Dr. J. Nkosi,2023-05-23,2024-07-17,Dispensed
RX003086,P2242,Paracetamol,500mg,83,Dr. J. Nkosi,2023-03-31,2024-05-27,Pending
RX003087,P2242,Clopidogrel,75mg,52,Dr. L. Torres,2023-12-02,2024-04-24,Cancelled
RX003088,P2242,Insulin Glargine,10 units,89,Dr. C. Müller,2023-09-03,2024-02-21,Cancelled
RX003089,P2243,Furosemide,40mg,68,Dr. J. Nkosi,2024-03-26,2024-06-07,Pending
RX003090,P2243,Omeprazole,20mg,33,Dr. L. Torres,2024-11-02,2024-01-17,Cancelled
RX003091,P2243,Insulin Glargine,10 units,89,Dr. A. Patel,2023-06-25,2024-02-20,Dispensed
RX003092,P2244,Clopidogrel,75mg,52,Dr. C. Müller,2024-06-03,2024-01-12,Cancelled
RX003093,P2244,Ibuprofen,400mg,81,Dr. C. Müller,2023-02-03,2024-05-02,Pending
RX003094,P2244,Levothyroxine,50mcg,74,Dr. Y. Tanaka,2023-08-01,2024-05-19,Cancelled
RX003095,P2244,Omeprazole,20mg,67,Dr. Y. Tanaka,2024-03-16,,Pending
RX003096,P2245,Sertraline,50mg,59,Dr. A. Patel,2024-03-27,2024-07-27,Dispensed
RX003097,P2246,Aspirin,75mg,37,Dr. L. Torres,2024-11-24,2024-01-12,Dispensed
RX003098,P2247,Prednisolone,5mg,28,Dr. M. O'Brien,2023-03-27,,Cancelled
RX003099,P2248,Bisoprolol,2.5mg,75,Dr. L. Torres,2023-08-14,2024-11-09,Pending
RX003100,P2248,Clopidogrel,75mg,69,Dr. C. Müller,2023-01-13,2024-03-04,Dispensed
RX003101,P2248,Levothyroxine,50mcg,81,Dr. R. Singh,2024-11-11,2024-06-18,Pending
RX003102,P2249,Clopidogrel,75mg,83,Dr. C. Müller,2023-10-13,,Cancelled
RX003103,P2249,Gabapentin,300mg,90,Dr. L. Torres,2024-01-16,2024-10-22,Pending
RX003104,P2249,Ibuprofen,400mg,38,Dr. R. Singh,2023-06-17,2024-11-23,Dispensed
RX003105,P2249,Atorvastatin,20mg,87,Dr. J. Nkosi,2024-07-12,,Dispensed
RX003106,P2250,Paracetamol,500mg,84,Dr. J. Nkosi,2023-06-19,,Pending
RX003107,P2250,Amoxicillin,500mg,58,Dr. Y. Tanaka,2023-12-19,2024-10-24,Dispensed
RX003108,P2250,Metformin,500mg,60,Dr. Y. Tanaka,2024-09-26,2024-11-11,Dispensed
RX003109,P2250,Omeprazole,20mg,79,Dr. Y. Tanaka,2023-12-13,2024-04-06,Pending
RX003110,P2251,Prednisolone,5mg,48,Dr. J. Nkosi,2023-10-11,2024-07-04,Pending
RX003111,P2251,Warfarin,3mg,41,Dr. J. Nkosi,2023-07-04,2024-09-26,Cancelled
RX003112,P2251,Ramipril,5mg,47,Dr. A. Patel,2023-03-17,,Dispensed
RX003113,P2251,Amoxicillin,500mg,53,Dr. A. Patel,2024-12-15,,Pending
RX003114,P2252,Ibuprofen,400mg,52,Dr. S. Khan,2023-03-23,2024-01-25,Dispensed
RX003115,P2252,Paracetamol,500mg,87,Dr. L. Torres,2024-10-25,2024-07-15,Cancelled
RX003116,P2253,Metformin,500mg,61,Dr. A. Patel,2023-07-07,,Pending
RX003117,P2254,Bisoprolol,2.5mg,83,Dr. A. Patel,2023-08-22,,Pending
RX003118,P2254,Prednisolone,5mg,47,Dr. S. Khan,2023-02-19,2024-11-06,Pending
RX003119,P2255,Omeprazole,20mg,62,Dr. J. Nkosi,2023-08-21,2024-03-24,Cancelled
RX003120,P2256,Ramipril,5mg,86,Dr. L. Torres,2024-05-19,2024-08-17,Pending
RX003121,P2256,Sertraline,50mg,38,Dr. R. Singh,2024-01-14,,Cancelled
RX003122,P2257,Salbutamol,100mcg,87,Dr. J. Nkosi,2024-04-07,2024-05-13,Cancelled
RX003123,P2257,Aspirin,75mg,41,Dr. A. Patel,2023-08-11,2024-06-17,Dispensed
RX003124,P2257,Ramipril,5mg,64,Dr. L. Torres,2024-09-21,2024-02-22,Pending
RX003125,P2257,Ibuprofen,400mg,72,Dr. S. Khan,2024-07-04,2024-08-25,Dispensed
RX003126,P2258,Amlodipine,5mg,55,Dr. C. Müller,2024-01-10,2024-04-10,Pending
RX003127,P2258,Ramipril,5mg,74,Dr. S. Khan,2024-06-13,,Cancelled
RX003128,P2258,Amoxicillin,500mg,66,Dr. C. Müller,2024-12-31,2024-01-01,Pending
RX003129,P2259,Aspirin,75mg,87,Dr. R. Singh,2023-11-17,2024-10-09,Pending
RX003130,P2259,Lisinopril,10mg,47,Dr. Y. Tanaka,2024-07-04,2024-04-17,Pending
RX003131,P2259,Insulin Glargine,10 units,85,Dr. A. Patel,2024-07-27,2024-10-07,Cancelled
RX003132,P2259,Clopidogrel,75mg,48,Dr. Y. Tanaka,2024-11-02,2024-01-20,Dispensed
RX003133,P2260,Sertraline,50mg,48,Dr. C. Müller,2024-02-09,,Pending
RX003134,P2260,Omeprazole,20mg,75,Dr. A. Patel,2023-11-04,2024-03-02,Pending
RX003135,P2260,Amoxicillin,500mg,54,Dr. C. Müller,2023-03-26,2024-07-05,Cancelled
RX003136,P2260,Salbutamol,100mcg,36,Dr. M. O'Brien,2024-03-25,2024-11-20,Pending
RX003137,P2261,Furosemide,40mg,81,Dr. M. O'Brien,2023-08-04,,Cancelled
RX003138,P2261,Gabapentin,300mg,35,Dr. R. Singh,2024-10-24,2024-05-06,Dispensed
RX003139,P2261,Bisoprolol,2.5mg,83,Dr. A. Patel,2023-09-08,,Cancelled
RX003140,P2262,Sertraline,50mg,68,Dr. R. Singh,2023-03-27,2024-07-29,Dispensed
RX003141,P2263,Levothyroxine,50mcg,49,Dr. Y. Tanaka,2023-03-11,2024-07-12,Pending
RX003142,P2263,Ramipril,5mg,61,Dr. S. Khan,2024-09-28,2024-12-30,Pending
RX003143,P2264,Amoxicillin,500mg,72,Dr. S. Khan,2023-07-10,2024-04-22,Pending
RX003144,P2264,Levothyroxine,50mcg,43,Dr. L. Torres,2023-07-24,2024-01-08,Dispensed
RX003145,P2264,Warfarin,3mg,55,Dr. M. O'Brien,2023-03-13,,Pending
RX003146,P2265,Salbutamol,100mcg,45,Dr. J. Nkosi,2024-05-28,2024-11-04,Dispensed
RX003147,P2265,Lisinopril,10mg,41,Dr. L. Torres,2023-12-14,2024-06-12,Dispensed
RX003148,P2265,Omeprazole,20mg,54,Dr. Y. Tanaka,2024-10-27,2024-06-05,Pending
RX003149,P2266,Salbutamol,100mcg,57,Dr. R. Singh,2023-04-19,2024-06-12,Dispensed
RX003150,P2267,Gabapentin,300mg,57,Dr. L. Torres,2024-11-20,2024-11-24,Pending
RX003151,P2267,Sertraline,50mg,84,Dr. A. Patel,2023-01-17,2024-08-25,Cancelled
RX003152,P2268,Atorvastatin,20mg,50,Dr. J. Nkosi,2023-09-20,2024-12-01,Cancelled
RX003153,P2268,Aspirin,75mg,75,Dr. M. O'Brien,2023-01-04,2024-03-19,Cancelled
RX003154,P2269,Sertraline,50mg,86,Dr. J. Nkosi,2023-11-18,2024-03-28,Dispensed
RX003155,P2269,Omeprazole,20mg,89,Dr. Y. Tanaka,2023-09-22,2024-10-24,Cancelled
RX003156,P2269,Atorvastatin,20mg,64,Dr. C. Müller,2023-12-12,2024-07-06,Cancelled
RX003157,P2270,Lisinopril,10mg,88,Dr. Y. Tanaka,2024-08-04,,Pending
RX003158,P2270,Bisoprolol,2.5mg,73,Dr. A. Patel,2024-01-30,,Cancelled
RX003159,P2270,Prednisolone,5mg,73,Dr. C. Müller,2023-11-18,,Cancelled
RX003160,P2271,Metformin,500mg,76,Dr. J. Nkosi,2024-06-29,,Pending
RX003161,P2271,Omeprazole,20mg,56,Dr. C. Müller,2023-05-17,,Cancelled
RX003162,P2272,Sertraline,50mg,68,Dr. L. Torres,2023-08-10,2024-07-08,Dispensed
RX003163,P2272,Warfarin,3mg,79,Dr. Y. Tanaka,2024-04-22,2024-05-20,Cancelled
RX003164,P2272,Insulin Glargine,10 units,48,Dr. S. Khan,2024-01-26,,Cancelled
RX003165,P2272,Ibuprofen,400mg,53,Dr. R. Singh,2024-12-29,2024-08-26,Dispensed
RX003166,P2273,Omeprazole,20mg,42,Dr. C. Müller,2023-12-03,2024-09-16,Cancelled
RX003167,P2273,Amlodipine,5mg,88,Dr. L. Torres,2024-02-24,2024-08-30,Pending
RX003168,P2273,Bisoprolol,2.5mg,44,Dr. S. Khan,2024-08-24,,Dispensed
RX003169,P2274,Furosemide,40mg,38,Dr. Y. Tanaka,2024-10-07,2024-10-29,Cancelled
RX003170,P2274,Amoxicillin,500mg,66,Dr. M. O'Brien,2023-01-07,2024-07-13,Dispensed
RX003171,P2275,Clopidogrel,75mg,46,Dr. R. Singh,2023-06-05,,Dispensed
RX003172,P2275,Metformin,500mg,62,Dr. C. Müller,2024-03-26,2024-05-29,Pending
RX003173,P2276,Gabapentin,300mg,65,Dr. R. Singh,2023-04-19,,Dispensed
RX003174,P2276,Clopidogrel,75mg,58,Dr. L. Torres,2024-10-14,,Dispensed
RX003175,P2276,Prednisolone,5mg,67,Dr. Y. Tanaka,2023-10-20,2024-02-10,Dispensed
RX003176,P2277,Amlodipine,5mg,61,Dr. J. Nkosi,2023-08-14,,Dispensed
RX003177,P2277,Insulin Glargine,10 units,55,Dr. J. Nkosi,2023-08-17,2024-09-19,Pending
RX003178,P2278,Furosemide,40mg,75,Dr. C. Müller,2023-06-16,2024-10-12,Pending
RX003179,P2279,Lisinopril,10mg,75,Dr. A. Patel,2023-09-17,2024-06-29,Pending
RX003180,P2279,Paracetamol,500mg,44,Dr. R. Singh,2023-03-10,2024-10-14,Pending
RX003181,P2279,Clopidogrel,75mg,52,Dr. S. Khan,2024-06-17,2024-10-10,Pending
RX003182,P2280,Salbutamol,100mcg,42,Dr. J. Nkosi,2023-10-08,,Cancelled
RX003183,P2280,Amoxicillin,500mg,73,Dr. L. Torres,2023-08-26,2024-11-29,Pending
RX003184,P2281,Amoxicillin,500mg,81,Dr. S. Khan,2024-12-15,2024-06-12,Dispensed
RX003185,P2282,Amoxicillin,500mg,57,Dr. C. Müller,2024-04-10,2024-10-30,Dispensed
RX003186,P2282,Warfarin,3mg,69,Dr. Y. Tanaka,2023-01-28,2024-01-01,Cancelled
RX003187,P2283,Levothyroxine,50mcg,41,Dr. J. Nkosi,2024-08-09,2024-01-19,Dispensed
RX003188,P2284,Bisoprolol,2.5mg,77,Dr. Y. Tanaka,2024-10-23,,Pending
RX003189,P2284,Lisinopril,10mg,70,Dr. C. Müller,2024-03-11,2024-04-16,Pending
RX003190,P2284,Aspirin,75mg,64,Dr. A. Patel,2024-11-11,2024-05-02,Cancelled
RX003191,P2284,Sertraline,50mg,31,Dr. R. Singh,2024-07-22,2024-12-07,Pending
RX003192,P2285,Salbutamol,100mcg,77,Dr. M. O'Brien,2023-05-03,,Pending
RX003193,P2285,Metformin,500mg,37,Dr. S. Khan,2023-07-16,2024-05-29,Dispensed
RX003194,P2286,Amoxicillin,500mg,78,Dr. A. Patel,2023-02-22,2024-08-24,Dispensed
RX003195,P2286,Prednisolone,5mg,44,Dr. L. Torres,2024-11-19,,Cancelled
RX003196,P2286,Paracetamol,500mg,61,Dr. S. Khan,2024-01-11,2024-10-25,Pending
RX003197,P2287,Prednisolone,5mg,69,Dr. R. Singh,2024-01-17,2024-01-26,Cancelled
RX003198,P2288,Metformin,500mg,49,Dr. S. Khan,2024-09-25,,Pending
RX003199,P2289,Amlodipine,5mg,35,Dr. A. Patel,2024-08-08,2024-05-10,Pending
RX003200,P2289,Sertraline,50mg,31,Dr. M. O'Brien,2023-08-17,2024-03-17,Dispensed
RX003201,P2289,Omeprazole,20mg,87,Dr. R. Singh,2023-12-31,2024-07-18,Cancelled
RX003202,P2290,Salbutamol,100mcg,79,Dr. L. Torres,2024-03-17,2024-12-01,Pending
RX003203,P2290,Amoxicillin,500mg,43,Dr. L. Torres,2024-02-09,2024-03-24,Dispensed
RX003204,P2290,Metformin,500mg,87,Dr. Y. Tanaka,2024-05-15,2024-07-29,Cancelled
RX003205,P2291,Insulin Glargine,10 units,76,Dr. A. Patel,2023-04-21,2024-09-30,Dispensed
RX003206,P2291,Metformin,500mg,35,Dr. L. Torres,2024-06-20,,Pending
RX003207,P2292,Clopidogrel,75mg,61,Dr. M. O'Brien,2024-05-20,2024-11-18,Pending
RX003208,P2293,Levothyroxine,50mcg,32,Dr. S. Khan,2024-08-07,2024-02-18,Pending
RX003209,P2294,Gabapentin,300mg,83,Dr. L. Torres,2024-10-02,,Cancelled
RX003210,P2294,Insulin Glargine,10 units,88,Dr. A. Patel,2024-07-12,2024-08-28,Cancelled
RX003211,P2294,Salbutamol,100mcg,64,Dr. C. Müller,2024-03-02,,Pending
RX003212,P2295,Furosemide,40mg,29,Dr. Y. Tanaka,2023-01-22,2024-09-16,Dispensed
RX003213,P2295,Metformin,500mg,49,Dr. J. Nkosi,2024-01-12,2024-02-17,Pending
RX003214,P2295,Gabapentin,300mg,78,Dr. S. Khan,2024-06-24,2024-10-25,Pending
RX003215,P2296,Amoxicillin,500mg,56,Dr. A. Patel,2024-08-18,2024-02-28,Dispensed
RX003216,P2296,Ramipril,5mg,30,Dr. S. Khan,2024-09-07,2024-09-20,Dispensed
RX003217,P2296,Amlodipine,5mg,58,Dr. A. Patel,2023-09-07,,Cancelled
RX003218,P2296,Prednisolone,5mg,79,Dr. S. Khan,2023-04-28,2024-10-17,Pending
RX003219,P2297,Paracetamol,500mg,50,Dr. C. Müller,2023-07-28,,Cancelled
RX003220,P2297,Ibuprofen,400mg,66,Dr. R. Singh,2024-05-24,2024-05-30,Pending
RX003221,P2298,Prednisolone,5mg,62,Dr. L. Torres,2024-02-26,2024-10-01,Dispensed
RX003222,P2298,Aspirin,75mg,41,Dr. R. Singh,2023-07-23,2024-06-12,Cancelled
RX003223,P2298,Atorvastatin,20mg,71,Dr. R. Singh,2024-01-23,2024-04-10,Pending
RX003224,P2298,Amlodipine,5mg,50,Dr. J. Nkosi,2024-02-01,2024-11-09,Cancelled
RX003225,P2299,Paracetamol,500mg,49,Dr. Y. Tanaka,2024-08-31,2024-10-17,Pending
RX003226,P2299,Ibuprofen,400mg,56,Dr. J. Nkosi,2023-02-07,,Pending
RX003227,P2300,Amlodipine,5mg,76,Dr. A. Patel,2024-01-12,2024-10-28,Dispensed
RX003228,P2300,Omeprazole,20mg,80,Dr. L. Torres,2023-05-11,,Pending
RX003229,P2300,Prednisolone,5mg,36,Dr. R. Singh,2023-03-08,2024-03-15,Cancelled
RX003230,P2300,Furosemide,40mg,60,Dr. L. Torres,2023-01-08,2024-12-07,Cancelled
RX003231,P2301,Lisinopril,10mg,79,Dr. Y. Tanaka,2024-01-06,2024-07-20,Cancelled
RX003232,P2301,Clopidogrel,75mg,58,Dr. L. Torres,2023-05-17,,Dispensed
RX003233,P2301,Amlodipine,5mg,51,Dr. C. Müller,2024-06-26,,Pending
RX003234,P2302,Bisoprolol,2.5mg,54,Dr. R. Singh,2023-06-21,2024-03-10,Cancelled
RX003235,P2302,Aspirin,75mg,76,Dr. L. Torres,2024-05-17,,Pending
RX003236,P2302,Lisinopril,10mg,31,Dr. Y. Tanaka,2023-09-21,2024-09-17,Pending
RX003237,P2302,Warfarin,3mg,46,Dr. R. Singh,2023-10-16,2024-02-12,Dispensed
RX003238,P2303,Paracetamol,500mg,46,Dr. L. Torres,2024-11-17,,Cancelled
RX003239,P2303,Salbutamol,100mcg,72,Dr. Y. Tanaka,2023-04-11,2024-01-28,Cancelled
RX003240,P2303,Clopidogrel,75mg,48,Dr. J. Nkosi,2024-11-21,2024-09-23,Dispensed
RX003241,P2304,Warfarin,3mg,55,Dr. L. Torres,2024-07-23,2024-02-17,Pending
RX003242,P2304,Omeprazole,20mg,44,Dr. Y. Tanaka,2023-09-20,2024-11-20,Cancelled
RX003243,P2304,Furosemide,40mg,49,Dr. Y. Tanaka,2024-03-02,,Cancelled
RX003244,P2304,Aspirin,75mg,76,Dr. J. Nkosi,2023-10-20,2024-02-22,Cancelled
RX003245,P2305,Sertraline,50mg,75,Dr. M. O'Brien,2023-01-06,,Cancelled
RX003246,P2305,Atorvastatin,20mg,29,Dr. J. Nkosi,2024-11-17,2024-10-21,Dispensed
RX003247,P2305,Bisoprolol,2.5mg,72,Dr. Y. Tanaka,2023-07-29,,Dispensed
RX003248,P2306,Clopidogrel,75mg,50,Dr. A. Patel,2024-01-09,2024-03-21,Pending
RX003249,P2307,Furosemide,40mg,81,Dr. M. O'Brien,2024-08-04,2024-05-12,Dispensed
RX003250,P2307,Omeprazole,20mg,45,Dr. C. Müller,2023-02-18,2024-08-06,Pending
RX003251,P2307,Lisinopril,10mg,30,Dr. Y. Tanaka,2024-03-15,2024-07-21,Pending
RX003252,P2307,Salbutamol,100mcg,46,Dr. M. O'Brien,2023-01-17,2024-11-10,Dispensed
RX003253,P2308,Omeprazole,20mg,78,Dr. R. Singh,2024-10-28,,Dispensed
RX003254,P2308,Aspirin,75mg,45,Dr. S. Khan,2024-10-02,2024-10-11,Pending
RX003255,P2309,Gabapentin,300mg,44,Dr. A. Patel,2024-10-26,2024-11-20,Dispensed
RX003256,P2309,Paracetamol,500mg,61,Dr. S. Khan,2024-07-25,2024-07-28,Dispensed
RX003257,P2309,Prednisolone,5mg,89,Dr. A. Patel,2023-01-20,2024-02-05,Dispensed
RX003258,P2310,Warfarin,3mg,68,Dr. L. Torres,2024-09-05,,Cancelled
RX003259,P2310,Atorvastatin,20mg,35,Dr. S. Khan,2024-09-08,2024-07-23,Cancelled
RX003260,P2310,Salbutamol,100mcg,56,Dr. Y. Tanaka,2024-03-11,2024-05-13,Dispensed
RX003261,P2311,Ramipril,5mg,34,Dr. Y. Tanaka,2024-10-16,2024-02-18,Dispensed
RX003262,P2312,Paracetamol,500mg,43,Dr. R. Singh,2024-08-01,,Cancelled
RX003263,P2312,Omeprazole,20mg,37,Dr. C. Müller,2023-12-25,2024-05-04,Cancelled
RX003264,P2313,Atorvastatin,20mg,60,Dr. J. Nkosi,2023-02-28,2024-05-17,Cancelled
RX003265,P2313,Ibuprofen,400mg,81,Dr. C. Müller,2024-08-26,2024-01-20,Cancelled
RX003266,P2313,Gabapentin,300mg,86,Dr. M. O'Brien,2023-03-20,2024-06-22,Cancelled
RX003267,P2313,Sertraline,50mg,83,Dr. R. Singh,2023-08-04,2024-08-26,Dispensed
RX003268,P2314,Bisoprolol,2.5mg,33,Dr. R. Singh,2024-01-22,2024-06-26,Dispensed
RX003269,P2314,Furosemide,40mg,49,Dr. L. Torres,2024-08-01,2024-11-25,Dispensed
RX003270,P2315,Insulin Glargine,10 units,61,Dr. J. Nkosi,2024-05-11,2024-06-30,Pending
RX003271,P2316,Omeprazole,20mg,32,Dr. S. Khan,2023-10-27,2024-02-06,Pending
RX003272,P2316,Sertraline,50mg,28,Dr. M. O'Brien,2024-05-31,,Cancelled
RX003273,P2316,Prednisolone,5mg,50,Dr. L. Torres,2023-04-30,2024-10-26,Dispensed
RX003274,P2316,Metformin,500mg,43,Dr. L. Torres,2024-01-04,2024-11-17,Pending
RX003275,P2317,Insulin Glargine,10 units,74,Dr. L. Torres,2023-01-24,2024-02-16,Cancelled
RX003276,P2317,Omeprazole,20mg,60,Dr. A. Patel,2024-08-01,,Pending
RX003277,P2318,Paracetamol,500mg,31,Dr. C. Müller,2023-07-25,2024-05-01,Pending
RX003278,P2318,Gabapentin,300mg,49,Dr. M. O'Brien,2024-03-08,2024-05-21,Dispensed
RX003279,P2318,Furosemide,40mg,74,Dr. M. O'Brien,2024-03-05,,Dispensed
RX003280,P2319,Aspirin,75mg,81,Dr. A. Patel,2024-01-16,2024-06-29,Dispensed
RX003281,P2319,Metformin,500mg,44,Dr. C. Müller,2024-07-25,,Cancelled
RX003282,P2320,Amlodipine,5mg,67,Dr. L. Torres,2023-08-25,2024-09-29,Dispensed
RX003283,P2320,Sertraline,50mg,55,Dr. S. Khan,2024-08-25,2024-08-04,Cancelled
RX003284,P2321,Salbutamol,100mcg,64,Dr. J. Nkosi,2024-11-10,2024-06-09,Pending
RX003285,P2321,Amoxicillin,500mg,61,Dr. R. Singh,2023-06-14,,Pending
RX003286,P2321,Insulin Glargine,10 units,35,Dr. M. O'Brien,2023-04-13,,Dispensed
RX003287,P2321,Clopidogrel,75mg,35,Dr. S. Khan,2024-11-13,2024-01-03,Cancelled
RX003288,P2322,Ramipril,5mg,73,Dr. J. Nkosi,2024-03-31,2024-12-02,Cancelled
RX003289,P2322,Sertraline,50mg,51,Dr. A. Patel,2023-08-26,,Dispensed
RX003290,P2323,Aspirin,75mg,87,Dr. C. Müller,2024-11-06,,Cancelled
RX003291,P2323,Ibuprofen,400mg,69,Dr. A. Patel,2024-04-27,,Dispensed
RX003292,P2324,Amlodipine,5mg,74,Dr. Y. Tanaka,2023-12-01,,Dispensed
RX003293,P2325,Gabapentin,300mg,88,Dr. J. Nkosi,2024-06-25,2024-06-09,Cancelled
RX003294,P2326,Paracetamol,500mg,61,Dr. L. Torres,2023-12-10,2024-03-20,Pending
RX003295,P2326,Ibuprofen,400mg,33,Dr. R. Singh,2024-08-31,2024-04-23,Cancelled
RX003296,P2327,Atorvastatin,20mg,74,Dr. L. Torres,2024-03-20,2024-05-09,Pending
RX003297,P2327,Warfarin,3mg,44,Dr. M. O'Brien,2023-01-12,2024-12-10,Dispensed
RX003298,P2328,Amoxicillin,500mg,50,Dr. M. O'Brien,2023-01-29,2024-08-29,Pending
RX003299,P2328,Ibuprofen,400mg,60,Dr. J. Nkosi,2024-05-23,2024-12-16,Pending
RX003300,P2328,Clopidogrel,75mg,63,Dr. C. Müller,2023-10-18,2024-03-09,Pending
RX003301,P2328,Ramipril,5mg,69,Dr. J. Nkosi,2024-07-25,2024-08-09,Dispensed
RX003302,P2329,Ibuprofen,400mg,34,Dr. M. O'Brien,2024-11-27,,Pending
RX003303,P2330,Ramipril,5mg,34,Dr. A. Patel,2024-07-09,2024-09-21,Cancelled
RX003304,P2330,Sertraline,50mg,90,Dr. M. O'Brien,2024-07-29,2024-05-26,Cancelled
RX003305,P2330,Clopidogrel,75mg,39,Dr. S. Khan,2023-10-07,2024-04-29,Pending
RX003306,P2331,Levothyroxine,50mcg,28,Dr. Y. Tanaka,2023-09-18,2024-02-29,Cancelled
RX003307,P2331,Gabapentin,300mg,74,Dr. Y. Tanaka,2024-01-16,2024-08-28,Cancelled
RX003308,P2331,Ramipril,5mg,61,Dr. Y. Tanaka,2024-12-08,2024-10-29,Cancelled
RX003309,P2331,Sertraline,50mg,63,Dr. Y. Tanaka,2024-02-10,,Dispensed
RX003310,P2332,Furosemide,40mg,85,Dr. M. O'Brien,2024-12-18,2024-08-05,Cancelled
RX003311,P2332,Salbutamol,100mcg,58,Dr. A. Patel,2023-08-05,2024-11-20,Pending
RX003312,P2333,Omeprazole,20mg,55,Dr. M. O'Brien,2024-03-16,2024-02-24,Dispensed
RX003313,P2333,Ramipril,5mg,35,Dr. R. Singh,2023-09-13,2024-10-24,Pending
RX003314,P2333,Metformin,500mg,29,Dr. R. Singh,2023-07-20,2024-04-06,Cancelled
RX003315,P2333,Insulin Glargine,10 units,84,Dr. R. Singh,2024-02-10,2024-01-10,Dispensed
RX003316,P2334,Amlodipine,5mg,80,Dr. J. Nkosi,2023-04-05,,Cancelled
RX003317,P2334,Ramipril,5mg,70,Dr. A. Patel,2024-12-24,2024-05-28,Dispensed
RX003318,P2334,Sertraline,50mg,36,Dr. M. O'Brien,2024-07-27,2024-10-11,Cancelled
RX003319,P2335,Prednisolone,5mg,63,Dr. A. Patel,2023-05-29,,Dispensed
RX003320,P2335,Ramipril,5mg,47,Dr. M. O'Brien,2024-02-19,2024-07-16,Pending
RX003321,P2336,Amoxicillin,500mg,64,Dr. C. Müller,2023-06-13,,Dispensed
RX003322,P2336,Atorvastatin,20mg,77,Dr. M. O'Brien,2023-05-30,2024-12-05,Cancelled
RX003323,P2336,Paracetamol,500mg,56,Dr. J. Nkosi,2023-06-29,2024-07-23,Dispensed
RX003324,P2337,Insulin Glargine,10 units,65,Dr. L. Torres,2024-06-17,,Pending
RX003325,P2337,Metformin,500mg,67,Dr. A. Patel,2023-11-21,2024-05-30,Cancelled
RX003326,P2337,Furosemide,40mg,74,Dr. S. Khan,2023-11-27,,Dispensed
RX003327,P2337,Bisoprolol,2.5mg,50,Dr. J. Nkosi,2023-06-14,2024-02-16,Pending
RX003328,P2338,Clopidogrel,75mg,66,Dr. M. O'Brien,2023-12-12,2024-07-05,Cancelled
RX003329,P2338,Sertraline,50mg,72,Dr. S. Khan,2024-10-02,2024-06-13,Pending
RX003330,P2338,Ramipril,5mg,52,Dr. R. Singh,2023-11-15,2024-05-03,Dispensed
RX003331,P2338,Levothyroxine,50mcg,53,Dr. C. Müller,2023-04-01,2024-04-10,Pending
RX003332,P2339,Amlodipine,5mg,53,Dr. S. Khan,2023-11-23,,Dispensed
RX003333,P2339,Ramipril,5mg,47,Dr. J. Nkosi,2024-06-11,2024-11-18,Cancelled
RX003334,P2340,Bisoprolol,2.5mg,49,Dr. C. Müller,2023-05-18,2024-11-17,Cancelled
RX003335,P2341,Metformin,500mg,71,Dr. R. Singh,2023-04-15,2024-05-29,Pending
RX003336,P2342,Prednisolone,5mg,76,Dr. M. O'Brien,2023-08-16,2024-09-17,Cancelled
RX003337,P2342,Ramipril,5mg,41,Dr. M. O'Brien,2024-02-17,,Cancelled
RX003338,P2342,Insulin Glargine,10 units,88,Dr. S. Khan,2024-11-04,2024-12-24,Cancelled
RX003339,P2342,Salbutamol,100mcg,60,Dr. C. Müller,2024-05-30,2024-02-04,Dispensed
RX003340,P2343,Clopidogrel,75mg,74,Dr. J. Nkosi,2023-09-27,2024-05-22,Dispensed
RX003341,P2343,Atorvastatin,20mg,36,Dr. S. Khan,2024-10-17,2024-01-17,Pending
RX003342,P2343,Omeprazole,20mg,73,Dr. L. Torres,2023-02-26,2024-02-19,Cancelled
RX003343,P2344,Atorvastatin,20mg,34,Dr. A. Patel,2023-04-05,,Cancelled
RX003344,P2344,Salbutamol,100mcg,46,Dr. A. Patel,2023-03-23,2024-06-12,Dispensed
RX003345,P2345,Salbutamol,100mcg,28,Dr. L. Torres,2023-03-04,2024-03-29,Cancelled
RX003346,P2345,Prednisolone,5mg,40,Dr. J. Nkosi,2024-07-23,2024-08-06,Cancelled
RX003347,P2346,Amlodipine,5mg,65,Dr. Y. Tanaka,2023-07-11,2024-04-21,Dispensed
RX003348,P2346,Metformin,500mg,64,Dr. R. Singh,2023-01-31,2024-05-17,Dispensed
RX003349,P2347,Amlodipine,5mg,85,Dr. C. Müller,2023-04-30,,Dispensed
RX003350,P2348,Furosemide,40mg,75,Dr. C. Müller,2023-02-10,,Pending
RX003351,P2349,Furosemide,40mg,32,Dr. S. Khan,2023-07-18,2024-08-01,Dispensed
RX003352,P2349,Warfarin,3mg,76,Dr. L. Torres,2024-05-06,,Pending
RX003353,P2349,Gabapentin,300mg,43,Dr. C. Müller,2023-08-20,2024-11-17,Dispensed
RX003354,P2349,Lisinopril,10mg,53,Dr. S. Khan,2024-11-23,2024-01-19,Pending
RX003355,P2350,Salbutamol,100mcg,60,Dr. L. Torres,2023-02-21,2024-02-05,Pending
RX003356,P2350,Insulin Glargine,10 units,88,Dr. A. Patel,2023-11-21,2024-03-07,Pending
RX003357,P2350,Metformin,500mg,53,Dr. S. Khan,2024-05-14,,Pending
RX003358,P2351,Prednisolone,5mg,53,Dr. L. Torres,2023-04-24,2024-08-14,Pending
RX003359,P2351,Salbutamol,100mcg,62,Dr. J. Nkosi,2023-08-21,,Pending
RX003360,P2351,Ramipril,5mg,54,Dr. J. Nkosi,2024-07-13,,Cancelled
RX003361,P2351,Clopidogrel,75mg,46,Dr. L. Torres,2023-01-29,2024-10-09,Pending
RX003362,P2352,Aspirin,75mg,63,Dr. L. Torres,2024-01-10,,Dispensed
RX003363,P2353,Omeprazole,20mg,35,Dr. J. Nkosi,2024-08-01,2024-04-27,Cancelled
RX003364,P2354,Ramipril,5mg,88,Dr. L. Torres,2024-01-18,2024-10-30,Pending
RX003365,P2355,Bisoprolol,2.5mg,56,Dr. M. O'Brien,2023-01-20,2024-07-11,Cancelled
RX003366,P2355,Gabapentin,300mg,38,Dr. L. Torres,2024-11-19,2024-06-15,Pending
RX003367,P2356,Bisoprolol,2.5mg,33,Dr. S. Khan,2024-11-13,,Dispensed
RX003368,P2356,Ramipril,5mg,41,Dr. L. Torres,2023-07-11,2024-09-04,Dispensed
RX003369,P2357,Paracetamol,500mg,65,Dr. Y. Tanaka,2024-03-21,,Cancelled
RX003370,P2358,Metformin,500mg,36,Dr. A. Patel,2023-06-19,,Pending
RX003371,P2358,Prednisolone,5mg,77,Dr. L. Torres,2024-08-09,,Cancelled
RX003372,P2358,Salbutamol,100mcg,72,Dr. Y. Tanaka,2024-01-11,2024-03-23,Cancelled
RX003373,P2358,Furosemide,40mg,35,Dr. C. Müller,2023-08-13,2024-09-21,Dispensed
RX003374,P2359,Amoxicillin,500mg,39,Dr. S. Khan,2023-03-19,2024-04-26,Pending
RX003375,P2360,Paracetamol,500mg,70,Dr. Y. Tanaka,2024-04-02,,Cancelled
RX003376,P2360,Aspirin,75mg,53,Dr. A. Patel,2024-07-16,,Pending
RX003377,P2360,Insulin Glargine,10 units,69,Dr. Y. Tanaka,2024-09-10,2024-03-10,Cancelled
RX003378,P2361,Omeprazole,20mg,82,Dr. C. Müller,2023-09-17,,Dispensed
RX003379,P2361,Amoxicillin,500mg,50,Dr. J. Nkosi,2023-12-22,2024-12-06,Dispensed
RX003380,P2361,Prednisolone,5mg,49,Dr. R. Singh,2023-03-15,2024-10-11,Pending
RX003381,P2361,Clopidogrel,75mg,52,Dr. A. Patel,2023-11-27,,Dispensed
RX003382,P2362,Prednisolone,5mg,90,Dr. R. Singh,2024-06-02,,Dispensed
RX003383,P2362,Omeprazole,20mg,65,Dr. C. Müller,2023-12-29,2024-02-21,Pending
RX003384,P2362,Aspirin,75mg,32,Dr. C. Müller,2024-03-25,2024-10-12,Cancelled
RX003385,P2362,Insulin Glargine,10 units,85,Dr. M. O'Brien,2024-09-16,2024-08-27,Dispensed
RX003386,P2363,Salbutamol,100mcg,49,Dr. J. Nkosi,2024-12-18,2024-03-03,Pending
RX003387,P2364,Amoxicillin,500mg,86,Dr. M. O'Brien,2024-04-26,2024-08-07,Dispensed
RX003388,P2364,Lisinopril,10mg,49,Dr. M. O'Brien,2023-01-18,,Dispensed
RX003389,P2364,Bisoprolol,2.5mg,56,Dr. L. Torres,2024-09-18,2024-06-25,Pending
RX003390,P2365,Amoxicillin,500mg,84,Dr. R. Singh,2023-04-18,2024-07-30,Cancelled
RX003391,P2366,Ibuprofen,400mg,32,Dr. R. Singh,2023-03-08,,Cancelled
RX003392,P2367,Salbutamol,100mcg,32,Dr. S. Khan,2024-03-03,2024-03-08,Cancelled
RX003393,P2368,Omeprazole,20mg,67,Dr. Y. Tanaka,2023-07-29,,Cancelled
RX003394,P2368,Amoxicillin,500mg,40,Dr. R. Singh,2024-11-12,,Pending
RX003395,P2368,Prednisolone,5mg,82,Dr. C. Müller,2023-12-20,2024-08-02,Dispensed
RX003396,P2368,Salbutamol,100mcg,69,Dr. L. Torres,2024-05-19,,Dispensed
RX003397,P2369,Lisinopril,10mg,71,Dr. R. Singh,2024-01-18,,Cancelled
RX003398,P2369,Amlodipine,5mg,72,Dr. A. Patel,2023-09-07,2024-07-04,Cancelled
RX003399,P2370,Amoxicillin,500mg,37,Dr. C. Müller,2024-11-15,2024-08-19,Cancelled
RX003400,P2370,Amlodipine,5mg,75,Dr. L. Torres,2024-03-01,2024-03-10,Cancelled
RX003401,P2370,Salbutamol,100mcg,88,Dr. Y. Tanaka,2023-10-10,,Pending
RX003402,P2371,Clopidogrel,75mg,54,Dr. R. Singh,2024-03-02,2024-05-08,Cancelled
RX003403,P2371,Aspirin,75mg,37,Dr. C. Müller,2023-10-08,2024-06-18,Dispensed
RX003404,P2371,Sertraline,50mg,31,Dr. L. Torres,2023-03-16,,Dispensed
RX003405,P2371,Paracetamol,500mg,43,Dr. Y. Tanaka,2024-04-29,2024-05-16,Dispensed
RX003406,P2372,Amlodipine,5mg,42,Dr. S. Khan,2023-08-25,2024-06-12,Dispensed
RX003407,P2373,Salbutamol,100mcg,30,Dr. C. Müller,2023-02-04,,Dispensed
RX003408,P2374,Warfarin,3mg,85,Dr. A. Patel,2024-05-31,2024-11-01,Pending
RX003409,P2374,Ramipril,5mg,67,Dr. J. Nkosi,2024-01-06,2024-03-23,Dispensed
RX003410,P2374,Atorvastatin,20mg,34,Dr. J. Nkosi,2023-03-31,2024-08-20,Pending
RX003411,P2374,Sertraline,50mg,60,Dr. C. Müller,2024-07-19,2024-01-19,Cancelled
RX003412,P2375,Ibuprofen,400mg,59,Dr. Y. Tanaka,2023-04-19,2024-08-08,Dispensed
RX003413,P2375,Metformin,500mg,45,Dr. M. O'Brien,2024-03-27,2024-02-02,Cancelled
RX003414,P2376,Salbutamol,100mcg,45,Dr. C. Müller,2024-07-01,2024-06-06,Cancelled
RX003415,P2376,Prednisolone,5mg,86,Dr. A. Patel,2023-07-08,,Pending
RX003416,P2377,Atorvastatin,20mg,67,Dr. L. Torres,2024-07-12,2024-09-08,Cancelled
RX003417,P2378,Amlodipine,5mg,51,Dr. J. Nkosi,2024-10-14,2024-11-13,Pending
RX003418,P2379,Gabapentin,300mg,66,Dr. C. Müller,2023-12-01,2024-04-20,Dispensed
RX003419,P2379,Furosemide,40mg,36,Dr. S. Khan,2023-04-09,2024-04-25,Dispensed
RX003420,P2379,Ibuprofen,400mg,89,Dr. M. O'Brien,2024-05-12,2024-04-25,Pending
RX003421,P2379,Warfarin,3mg,72,Dr. S. Khan,2024-04-16,2024-08-20,Dispensed
RX003422,P2380,Levothyroxine,50mcg,65,Dr. L. Torres,2023-08-23,,Cancelled
RX003423,P2380,Warfarin,3mg,64,Dr. C. Müller,2023-09-26,2024-05-30,Cancelled
RX003424,P2381,Sertraline,50mg,51,Dr. A. Patel,2023-05-30,2024-12-12,Dispensed
RX003425,P2381,Amlodipine,5mg,57,Dr. Y. Tanaka,2023-09-25,2024-11-08,Dispensed
RX003426,P2382,Bisoprolol,2.5mg,79,Dr. C. Müller,2024-03-10,2024-08-08,Dispensed
RX003427,P2382,Insulin Glargine,10 units,88,Dr. Y. Tanaka,2024-03-30,2024-04-03,Pending
RX003428,P2382,Amoxicillin,500mg,32,Dr. S. Khan,2023-12-24,,Dispensed
RX003429,P2383,Aspirin,75mg,82,Dr. C. Müller,2023-11-20,2024-12-30,Pending
RX003430,P2383,Salbutamol,100mcg,71,Dr. Y. Tanaka,2023-01-06,2024-05-01,Pending
RX003431,P2383,Amoxicillin,500mg,51,Dr. C. Müller,2023-12-07,,Cancelled
RX003432,P2383,Bisoprolol,2.5mg,65,Dr. L. Torres,2024-10-01,,Pending
RX003433,P2384,Bisoprolol,2.5mg,55,Dr. C. Müller,2023-06-27,2024-08-19,Pending
RX003434,P2384,Prednisolone,5mg,82,Dr. A. Patel,2024-01-04,,Pending
RX003435,P2384,Sertraline,50mg,54,Dr. L. Torres,2023-03-30,2024-02-01,Pending
RX003436,P2384,Aspirin,75mg,30,Dr. M. O'Brien,2024-04-18,,Pending
RX003437,P2385,Omeprazole,20mg,51,Dr. S. Khan,2024-01-24,2024-01-13,Dispensed
RX003438,P2385,Gabapentin,300mg,37,Dr. R. Singh,2024-10-07,2024-08-21,Cancelled
RX003439,P2385,Furosemide,40mg,88,Dr. Y. Tanaka,2024-08-30,,Pending
RX003440,P2385,Warfarin,3mg,55,Dr. R. Singh,2024-01-30,2024-03-26,Dispensed
RX003441,P2386,Levothyroxine,50mcg,28,Dr. A. Patel,2024-12-07,,Dispensed
RX003442,P2387,Ramipril,5mg,29,Dr. R. Singh,2024-03-14,2024-08-10,Dispensed
RX003443,P2387,Ibuprofen,400mg,46,Dr. L. Torres,2024-03-31,2024-07-17,Pending
RX003444,P2388,Ramipril,5mg,66,Dr. Y. Tanaka,2023-09-21,,Cancelled
RX003445,P2388,Insulin Glargine,10 units,36,Dr. L. Torres,2024-08-26,2024-02-11,Pending
RX003446,P2389,Aspirin,75mg,72,Dr. C. Müller,2023-12-17,2024-06-11,Cancelled
RX003447,P2390,Ramipril,5mg,81,Dr. S. Khan,2024-06-17,,Cancelled
RX003448,P2390,Atorvastatin,20mg,82,Dr. R. Singh,2023-10-02,,Pending
RX003449,P2391,Bisoprolol,2.5mg,41,Dr. Y. Tanaka,2024-01-04,2024-10-14,Dispensed
RX003450,P2392,Clopidogrel,75mg,69,Dr. C. Müller,2024-05-28,,Dispensed
RX003451,P2392,Lisinopril,10mg,69,Dr. A. Patel,2024-03-17,2024-06-17,Pending
RX003452,P2393,Levothyroxine,50mcg,65,Dr. A. Patel,2023-11-16,,Dispensed
RX003453,P2393,Amoxicillin,500mg,31,Dr. S. Khan,2023-06-15,,Pending
RX003454,P2393,Ibuprofen,400mg,54,Dr. L. Torres,2023-02-28,,Pending
RX003455,P2394,Salbutamol,100mcg,48,Dr. L. Torres,2023-03-15,2024-08-31,Cancelled
RX003456,P2394,Aspirin,75mg,89,Dr. Y. Tanaka,2023-08-11,,Cancelled
RX003457,P2394,Levothyroxine,50mcg,56,Dr. L. Torres,2023-04-24,2024-02-12,Pending
RX003458,P2394,Prednisolone,5mg,57,Dr. L. Torres,2024-10-11,2024-07-06,Cancelled
RX003459,P2395,Salbutamol,100mcg,33,Dr. S. Khan,2024-03-20,,Pending
RX003460,P2395,Paracetamol,500mg,28,Dr. M. O'Brien,2024-02-16,2024-09-09,Pending
RX003461,P2395,Aspirin,75mg,69,Dr. A. Patel,2024-09-16,2024-05-12,Pending
RX003462,P2395,Bisoprolol,2.5mg,70,Dr. C. Müller,2024-08-25,,Dispensed
RX003463,P2396,Lisinopril,10mg,71,Dr. S. Khan,2024-04-03,2024-08-18,Pending
RX003464,P2397,Furosemide,40mg,81,Dr. M. O'Brien,2023-03-25,,Pending
RX003465,P2397,Ramipril,5mg,33,Dr. M. O'Brien,2023-02-05,,Dispensed
RX003466,P2397,Salbutamol,100mcg,68,Dr. R. Singh,2023-06-08,2024-10-26,Pending
RX003467,P2397,Warfarin,3mg,83,Dr. S. Khan,2023-11-12,,Pending
RX003468,P2398,Warfarin,3mg,37,Dr. J. Nkosi,2024-12-07,2024-12-07,Pending
RX003469,P2398,Ibuprofen,400mg,33,Dr. S. Khan,2023-02-13,2024-03-25,Pending
RX003470,P2399,Furosemide,40mg,78,Dr. Y. Tanaka,2023-05-29,,Dispensed
RX003471,P2399,Insulin Glargine,10 units,29,Dr. C. Müller,2023-11-14,2024-03-17,Cancelled
RX003472,P2399,Metformin,500mg,71,Dr. C. Müller,2023-07-27,2024-08-14,Pending
RX003473,P2400,Lisinopril,10mg,68,Dr. A. Patel,2024-02-27,,Cancelled
RX003474,P2400,Salbutamol,100mcg,81,Dr. C. Müller,2023-01-03,,Pending
RX003475,P2400,Ramipril,5mg,29,Dr. S. Khan,2024-07-03,2024-01-11,Dispensed
RX003476,P2400,Insulin Glargine,10 units,77,Dr. A. Patel,2023-07-26,2024-05-28,Dispensed
RX003477,P2401,Ibuprofen,400mg,69,Dr. S. Khan,2023-03-02,,Cancelled
RX003478,P2401,Sertraline,50mg,86,Dr. A. Patel,2024-11-01,2024-11-07,Dispensed
RX003479,P2401,Atorvastatin,20mg,48,Dr. C. Müller,2024-11-17,2024-01-12,Dispensed
RX003480,P2402,Gabapentin,300mg,66,Dr. R. Singh,2024-08-06,2024-04-15,Pending
RX003481,P2402,Sertraline,50mg,88,Dr. A. Patel,2024-04-05,2024-11-24,Cancelled
RX003482,P2402,Furosemide,40mg,52,Dr. J. Nkosi,2023-10-01,2024-09-22,Dispensed
RX003483,P2402,Lisinopril,10mg,31,Dr. J. Nkosi,2024-08-14,2024-10-19,Pending
RX003484,P2403,Gabapentin,300mg,76,Dr. S. Khan,2024-11-09,2024-10-07,Dispensed
RX003485,P2403,Metformin,500mg,71,Dr. M. O'Brien,2024-08-12,,Cancelled
RX003486,P2403,Insulin Glargine,10 units,77,Dr. Y. Tanaka,2024-11-14,2024-04-05,Dispensed
RX003487,P2403,Aspirin,75mg,72,Dr. S. Khan,2024-05-18,2024-02-05,Cancelled
RX003488,P2404,Metformin,500mg,69,Dr. J. Nkosi,2023-01-19,,Dispensed
RX003489,P2404,Aspirin,75mg,51,Dr. M. O'Brien,2024-10-08,2024-12-08,Pending
RX003490,P2404,Clopidogrel,75mg,55,Dr. J. Nkosi,2024-05-07,2024-08-22,Cancelled
RX003491,P2405,Paracetamol,500mg,43,Dr. L. Torres,2023-03-16,2024-12-13,Cancelled
RX003492,P2406,Metformin,500mg,60,Dr. C. Müller,2024-12-27,2024-03-08,Cancelled
RX003493,P2407,Ibuprofen,400mg,75,Dr. C. Müller,2023-03-29,2024-12-30,Dispensed
RX003494,P2407,Aspirin,75mg,74,Dr. M. O'Brien,2024-11-25,2024-08-13,Pending
RX003495,P2407,Bisoprolol,2.5mg,79,Dr. C. Müller,2023-09-21,2024-06-16,Pending
RX003496,P2408,Warfarin,3mg,67,Dr. L. Torres,2023-07-22,2024-08-06,Pending
RX003497,P2408,Levothyroxine,50mcg,70,Dr. S. Khan,2024-09-05,2024-02-28,Pending
RX003498,P2409,Ramipril,5mg,73,Dr. Y. Tanaka,2023-04-15,,Cancelled
RX003499,P2410,Gabapentin,300mg,44,Dr. C. Müller,2023-12-04,2024-02-27,Dispensed
RX003500,P2411,Amlodipine,5mg,59,Dr. S. Khan,2024-10-06,,Cancelled
RX003501,P2411,Lisinopril,10mg,37,Dr. Y. Tanaka,2024-09-01,,Pending
RX003502,P2412,Furosemide,40mg,76,Dr. L. Torres,2024-01-04,2024-08-15,Cancelled
RX003503,P2412,Omeprazole,20mg,45,Dr. J. Nkosi,2023-11-12,2024-12-19,Pending
RX003504,P2412,Insulin Glargine,10 units,74,Dr. C. Müller,2024-03-09,2024-05-10,Cancelled
RX003505,P2412,Amoxicillin,500mg,55,Dr. C. Müller,2023-01-13,2024-11-18,Pending
RX003506,P2413,Furosemide,40mg,75,Dr. J. Nkosi,2024-08-11,2024-02-08,Dispensed
RX003507,P2413,Metformin,500mg,83,Dr. M. O'Brien,2023-05-08,2024-08-12,Dispensed
RX003508,P2413,Omeprazole,20mg,61,Dr. A. Patel,2023-12-07,2024-05-11,Pending
RX003509,P2414,Clopidogrel,75mg,42,Dr. S. Khan,2024-11-23,2024-07-25,Pending
RX003510,P2415,Gabapentin,300mg,60,Dr. C. Müller,2024-06-26,2024-07-18,Dispensed
RX003511,P2415,Atorvastatin,20mg,81,Dr. M. O'Brien,2023-04-25,,Pending
RX003512,P2416,Gabapentin,300mg,66,Dr. Y. Tanaka,2024-10-11,2024-06-30,Cancelled
RX003513,P2416,Metformin,500mg,70,Dr. J. Nkosi,2023-07-12,2024-10-13,Cancelled
RX003514,P2417,Clopidogrel,75mg,87,Dr. M. O'Brien,2023-03-27,2024-05-12,Cancelled
RX003515,P2418,Prednisolone,5mg,76,Dr. Y. Tanaka,2023-05-11,2024-09-19,Dispensed
RX003516,P2418,Levothyroxine,50mcg,61,Dr. Y. Tanaka,2024-02-19,2024-02-25,Cancelled
RX003517,P2418,Furosemide,40mg,79,Dr. Y. Tanaka,2023-01-22,,Pending
RX003518,P2418,Ibuprofen,400mg,87,Dr. R. Singh,2023-05-19,,Dispensed
RX003519,P2419,Omeprazole,20mg,75,Dr. Y. Tanaka,2024-07-30,,Dispensed
RX003520,P2419,Amlodipine,5mg,41,Dr. L. Torres,2023-09-02,2024-11-23,Cancelled
RX003521,P2420,Amoxicillin,500mg,46,Dr. Y. Tanaka,2023-09-02,2024-10-13,Cancelled
RX003522,P2420,Bisoprolol,2.5mg,57,Dr. S. Khan,2024-12-17,2024-09-04,Dispensed
RX003523,P2420,Salbutamol,100mcg,64,Dr. L. Torres,2023-11-16,2024-01-26,Cancelled
RX003524,P2421,Omeprazole,20mg,44,Dr. R. Singh,2023-03-20,2024-07-13,Pending
RX003525,P2421,Warfarin,3mg,76,Dr. L. Torres,2024-07-01,,Pending
RX003526,P2422,Paracetamol,500mg,75,Dr. J. Nkosi,2024-12-17,2024-07-21,Pending
RX003527,P2422,Warfarin,3mg,37,Dr. A. Patel,2023-02-05,2024-09-29,Cancelled
RX003528,P2422,Clopidogrel,75mg,82,Dr. Y. Tanaka,2024-10-30,,Dispensed
RX003529,P2423,Insulin Glargine,10 units,71,Dr. R. Singh,2023-07-05,2024-04-18,Cancelled
RX003530,P2423,Amoxicillin,500mg,70,Dr. R. Singh,2023-10-19,2024-06-06,Cancelled
RX003531,P2423,Bisoprolol,2.5mg,68,Dr. L. Torres,2023-12-12,,Cancelled
RX003532,P2424,Lisinopril,10mg,71,Dr. C. Müller,2023-02-18,2024-10-12,Cancelled
RX003533,P2425,Salbutamol,100mcg,72,Dr. Y. Tanaka,2024-12-29,2024-01-10,Cancelled
RX003534,P2425,Paracetamol,500mg,45,Dr. Y. Tanaka,2024-12-01,2024-04-12,Pending
RX003535,P2425,Amlodipine,5mg,29,Dr. M. O'Brien,2024-12-04,,Cancelled
RX003536,P2425,Gabapentin,300mg,54,Dr. R. Singh,2024-06-08,2024-11-03,Pending
RX003537,P2426,Levothyroxine,50mcg,71,Dr. C. Müller,2023-06-30,,Cancelled
RX003538,P2427,Atorvastatin,20mg,28,Dr. Y. Tanaka,2023-12-24,2024-03-20,Cancelled
RX003539,P2427,Insulin Glargine,10 units,62,Dr. J. Nkosi,2023-04-18,2024-09-16,Pending
RX003540,P2427,Bisoprolol,2.5mg,70,Dr. C. Müller,2023-03-23,2024-07-10,Cancelled
RX003541,P2428,Clopidogrel,75mg,35,Dr. R. Singh,2023-05-16,2024-02-13,Cancelled
RX003542,P2428,Prednisolone,5mg,38,Dr. L. Torres,2024-06-13,,Dispensed
RX003543,P2429,Prednisolone,5mg,58,Dr. R. Singh,2023-02-26,2024-01-16,Dispensed
RX003544,P2429,Atorvastatin,20mg,89,Dr. L. Torres,2024-05-09,,Dispensed
RX003545,P2429,Metformin,500mg,81,Dr. A. Patel,2023-06-16,2024-10-31,Cancelled
RX003546,P2429,Ramipril,5mg,84,Dr. L. Torres,2023-09-06,2024-07-19,Pending
RX003547,P2430,Ramipril,5mg,49,Dr. R. Singh,2024-04-11,2024-09-24,Pending
RX003548,P2430,Omeprazole,20mg,36,Dr. C. Müller,2023-09-19,2024-10-27,Dispensed
RX003549,P2431,Paracetamol,500mg,30,Dr. J. Nkosi,2024-11-24,2024-08-07,Dispensed
RX003550,P2431,Clopidogrel,75mg,77,Dr. Y. Tanaka,2024-03-09,2024-09-20,Pending
RX003551,P2431,Bisoprolol,2.5mg,59,Dr. J. Nkosi,2023-12-20,,Cancelled
RX003552,P2431,Amlodipine,5mg,69,Dr. A. Patel,2024-09-11,,Pending
RX003553,P2432,Ibuprofen,400mg,63,Dr. Y. Tanaka,2024-11-01,2024-09-18,Pending
RX003554,P2433,Salbutamol,100mcg,89,Dr. S. Khan,2023-05-04,,Dispensed
RX003555,P2433,Aspirin,75mg,58,Dr. J. Nkosi,2023-10-14,2024-12-14,Dispensed
RX003556,P2433,Bisoprolol,2.5mg,71,Dr. Y. Tanaka,2024-09-29,2024-12-18,Pending
RX003557,P2434,Amoxicillin,500mg,75,Dr. C. Müller,2024-05-06,2024-06-25,Cancelled
RX003558,P2434,Ramipril,5mg,83,Dr. C. Müller,2024-07-27,,Dispensed
RX003559,P2434,Aspirin,75mg,49,Dr. L. Torres,2023-10-30,2024-07-21,Pending
RX003560,P2434,Warfarin,3mg,82,Dr. M. O'Brien,2024-12-30,,Dispensed
RX003561,P2435,Metformin,500mg,49,Dr. J. Nkosi,2023-01-30,,Cancelled
RX003562,P2435,Bisoprolol,2.5mg,88,Dr. C. Müller,2024-07-21,2024-07-02,Pending
RX003563,P2436,Amoxicillin,500mg,89,Dr. M. O'Brien,2023-07-27,2024-12-11,Dispensed
RX003564,P2436,Metformin,500mg,56,Dr. A. Patel,2023-09-08,2024-03-24,Cancelled
RX003565,P2436,Aspirin,75mg,60,Dr. Y. Tanaka,2023-03-25,2024-10-14,Cancelled
RX003566,P2436,Amlodipine,5mg,47,Dr. A. Patel,2023-03-04,2024-05-21,Cancelled
RX003567,P2437,Ibuprofen,400mg,48,Dr. J. Nkosi,2023-10-25,2024-07-19,Pending
RX003568,P2437,Bisoprolol,2.5mg,73,Dr. C. Müller,2024-08-29,2024-06-11,Cancelled
RX003569,P2437,Amoxicillin,500mg,81,Dr. A. Patel,2024-05-28,2024-10-05,Pending
RX003570,P2437,Ramipril,5mg,76,Dr. C. Müller,2023-02-14,2024-07-23,Pending
RX003571,P2438,Warfarin,3mg,89,Dr. J. Nkosi,2023-01-25,2024-01-06,Dispensed
RX003572,P2438,Furosemide,40mg,75,Dr. A. Patel,2023-09-09,2024-01-23,Cancelled
RX003573,P2438,Insulin Glargine,10 units,67,Dr. M. O'Brien,2024-03-20,2024-04-24,Pending
RX003574,P2438,Salbutamol,100mcg,72,Dr. L. Torres,2024-09-06,2024-10-08,Dispensed
RX003575,P2439,Lisinopril,10mg,58,Dr. Y. Tanaka,2024-10-20,2024-04-06,Pending
RX003576,P2439,Ramipril,5mg,38,Dr. R. Singh,2023-06-20,2024-05-17,Dispensed
RX003577,P2440,Ibuprofen,400mg,62,Dr. L. Torres,2024-02-12,,Pending
RX003578,P2440,Furosemide,40mg,33,Dr. C. Müller,2024-08-24,2024-10-06,Pending
RX003579,P2440,Insulin Glargine,10 units,81,Dr. C. Müller,2023-09-24,,Dispensed
RX003580,P2440,Sertraline,50mg,50,Dr. M. O'Brien,2024-01-22,2024-01-31,Pending
RX003581,P2441,Paracetamol,500mg,46,Dr. R. Singh,2024-03-25,2024-11-24,Dispensed
RX003582,P2441,Sertraline,50mg,52,Dr. R. Singh,2024-10-28,2024-02-13,Pending
RX003583,P2441,Atorvastatin,20mg,68,Dr. C. Müller,2023-09-09,2024-04-02,Pending
RX003584,P2442,Aspirin,75mg,71,Dr. Y. Tanaka,2023-03-14,,Pending
RX003585,P2442,Insulin Glargine,10 units,75,Dr. M. O'Brien,2023-05-23,2024-12-29,Pending
RX003586,P2442,Sertraline,50mg,87,Dr. R. Singh,2024-03-01,,Dispensed
RX003587,P2443,Ibuprofen,400mg,75,Dr. Y. Tanaka,2024-08-14,,Cancelled
RX003588,P2443,Amlodipine,5mg,68,Dr. J. Nkosi,2024-10-10,2024-07-27,Pending
RX003589,P2443,Sertraline,50mg,40,Dr. M. O'Brien,2023-07-05,2024-04-25,Dispensed
RX003590,P2444,Furosemide,40mg,41,Dr. Y. Tanaka,2023-06-15,2024-12-29,Dispensed
RX003591,P2444,Insulin Glargine,10 units,71,Dr. M. O'Brien,2023-03-31,2024-09-17,Dispensed
RX003592,P2445,Amlodipine,5mg,82,Dr. M. O'Brien,2023-01-31,2024-11-17,Dispensed
RX003593,P2445,Levothyroxine,50mcg,31,Dr. S. Khan,2024-10-29,,Dispensed
RX003594,P2445,Furosemide,40mg,54,Dr. R. Singh,2023-08-01,2024-03-28,Cancelled
RX003595,P2445,Gabapentin,300mg,87,Dr. Y. Tanaka,2023-12-07,2024-10-01,Cancelled
RX003596,P2446,Salbutamol,100mcg,58,Dr. S. Khan,2023-03-14,2024-06-22,Pending
RX003597,P2446,Amoxicillin,500mg,29,Dr. A. Patel,2024-02-14,2024-08-31,Dispensed
RX003598,P2447,Furosemide,40mg,29,Dr. S. Khan,2023-02-24,2024-06-18,Pending
RX003599,P2447,Aspirin,75mg,41,Dr. J. Nkosi,2024-04-27,2024-05-02,Dispensed
RX003600,P2447,Paracetamol,500mg,69,Dr. C. Müller,2024-08-19,,Cancelled
RX003601,P2448,Lisinopril,10mg,43,Dr. J. Nkosi,2023-09-07,2024-10-02,Pending
RX003602,P2449,Prednisolone,5mg,63,Dr. S. Khan,2024-04-05,2024-04-30,Pending
RX003603,P2449,Salbutamol,100mcg,53,Dr. C. Müller,2023-11-06,2024-08-28,Dispensed
RX003604,P2449,Omeprazole,20mg,31,Dr. S. Khan,2023-09-20,2024-12-30,Dispensed
RX003605,P2450,Levothyroxine,50mcg,34,Dr. L. Torres,2023-03-23,2024-09-11,Cancelled
RX003606,P2450,Aspirin,75mg,51,Dr. L. Torres,2023-05-14,2024-08-17,Dispensed
RX003607,P2450,Furosemide,40mg,56,Dr. R. Singh,2023-02-21,2024-11-11,Pending
RX003608,P2450,Ibuprofen,400mg,47,Dr. M. O'Brien,2024-05-31,2024-12-31,Dispensed
RX003609,P2451,Warfarin,3mg,42,Dr. L. Torres,2023-10-02,2024-05-16,Cancelled
RX003610,P2451,Paracetamol,500mg,37,Dr. A. Patel,2023-11-27,,Cancelled
RX003611,P2451,Lisinopril,10mg,55,Dr. A. Patel,2024-08-01,2024-12-05,Cancelled
RX003612,P2451,Aspirin,75mg,71,Dr. J. Nkosi,2024-05-15,2024-12-23,Cancelled
RX003613,P2452,Gabapentin,300mg,69,Dr. S. Khan,2024-12-07,2024-12-04,Dispensed
RX003614,P2452,Aspirin,75mg,54,Dr. M. O'Brien,2023-05-19,2024-11-17,Cancelled
RX003615,P2453,Prednisolone,5mg,59,Dr. Y. Tanaka,2024-06-02,2024-08-16,Dispensed
RX003616,P2453,Omeprazole,20mg,48,Dr. A. Patel,2023-05-07,,Dispensed
RX003617,P2454,Ibuprofen,400mg,72,Dr. R. Singh,2023-09-07,,Dispensed
RX003618,P2454,Salbutamol,100mcg,40,Dr. Y. Tanaka,2024-10-27,,Cancelled
RX003619,P2454,Ramipril,5mg,42,Dr. A. Patel,2024-06-06,,Pending
RX003620,P2455,Paracetamol,500mg,60,Dr. C. Müller,2023-10-25,2024-09-14,Pending
RX003621,P2456,Lisinopril,10mg,54,Dr. J. Nkosi,2023-07-29,2024-05-29,Dispensed
RX003622,P2456,Amoxicillin,500mg,31,Dr. J. Nkosi,2024-11-17,,Pending
RX003623,P2457,Warfarin,3mg,86,Dr. Y. Tanaka,2023-05-16,,Pending
RX003624,P2457,Paracetamol,500mg,58,Dr. A. Patel,2024-07-23,2024-07-31,Pending
RX003625,P2457,Metformin,500mg,41,Dr. L. Torres,2024-07-26,2024-09-30,Cancelled
RX003626,P2458,Amlodipine,5mg,29,Dr. J. Nkosi,2024-09-25,,Pending
RX003627,P2458,Insulin Glargine,10 units,52,Dr. Y. Tanaka,2023-12-30,2024-02-09,Dispensed
RX003628,P2459,Clopidogrel,75mg,37,Dr. M. O'Brien,2023-01-09,2024-03-01,Dispensed
RX003629,P2460,Bisoprolol,2.5mg,32,Dr. A. Patel,2024-11-08,2024-04-21,Dispensed
RX003630,P2461,Amoxicillin,500mg,38,Dr. C. Müller,2023-02-20,2024-07-28,Cancelled
RX003631,P2461,Prednisolone,5mg,40,Dr. S. Khan,2024-02-23,2024-03-17,Cancelled
RX003632,P2462,Aspirin,75mg,50,Dr. R. Singh,2023-07-02,2024-08-14,Pending
RX003633,P2463,Prednisolone,5mg,58,Dr. Y. Tanaka,2024-04-28,2024-06-13,Cancelled
RX003634,P2463,Bisoprolol,2.5mg,62,Dr. J. Nkosi,2023-08-31,2024-07-22,Cancelled
RX003635,P2464,Prednisolone,5mg,36,Dr. S. Khan,2023-12-16,,Cancelled
RX003636,P2465,Paracetamol,500mg,54,Dr. J. Nkosi,2024-09-13,2024-10-07,Cancelled
RX003637,P2465,Gabapentin,300mg,30,Dr. J. Nkosi,2023-07-30,,Cancelled
RX003638,P2465,Sertraline,50mg,44,Dr. Y. Tanaka,2024-01-13,,Cancelled
RX003639,P2466,Amoxicillin,500mg,78,Dr. M. O'Brien,2024-01-19,2024-05-08,Dispensed
RX003640,P2466,Gabapentin,300mg,75,Dr. R. Singh,2023-05-08,,Cancelled
RX003641,P2467,Warfarin,3mg,84,Dr. S. Khan,2024-06-06,2024-05-30,Cancelled
RX003642,P2467,Lisinopril,10mg,37,Dr. A. Patel,2024-08-26,2024-01-06,Dispensed
RX003643,P2467,Ibuprofen,400mg,33,Dr. S. Khan,2024-06-22,,Pending
RX003644,P2468,Paracetamol,500mg,36,Dr. L. Torres,2024-10-24,,Cancelled
RX003645,P2469,Atorvastatin,20mg,70,Dr. A. Patel,2023-03-08,2024-09-07,Pending
RX003646,P2469,Amoxicillin,500mg,79,Dr. Y. Tanaka,2024-12-02,,Dispensed
RX003647,P2470,Ibuprofen,400mg,65,Dr. C. Müller,2024-04-01,2024-01-21,Dispensed
RX003648,P2470,Ramipril,5mg,76,Dr. M. O'Brien,2024-08-26,2024-05-05,Dispensed
RX003649,P2470,Bisoprolol,2.5mg,88,Dr. L. Torres,2023-01-30,2024-07-05,Pending
RX003650,P2470,Amoxicillin,500mg,43,Dr. Y. Tanaka,2023-02-09,2024-03-02,Dispensed
RX003651,P2471,Ibuprofen,400mg,81,Dr. J. Nkosi,2023-04-09,2024-02-02,Pending
RX003652,P2471,Insulin Glargine,10 units,75,Dr. J. Nkosi,2024-02-08,2024-12-19,Dispensed
RX003653,P2471,Ramipril,5mg,79,Dr. J. Nkosi,2024-03-19,2024-02-11,Dispensed
RX003654,P2471,Lisinopril,10mg,73,Dr. L. Torres,2024-07-24,2024-04-26,Cancelled
RX003655,P2472,Ramipril,5mg,47,Dr. A. Patel,2024-03-29,2024-03-25,Pending
RX003656,P2472,Atorvastatin,20mg,37,Dr. J. Nkosi,2024-12-01,,Pending
RX003657,P2472,Amoxicillin,500mg,49,Dr. L. Torres,2024-06-01,,Dispensed
RX003658,P2472,Levothyroxine,50mcg,87,Dr. Y. Tanaka,2023-10-04,2024-09-08,Cancelled
RX003659,P2473,Aspirin,75mg,62,Dr. L. Torres,2024-06-01,,Dispensed
RX003660,P2473,Metformin,500mg,45,Dr. C. Müller,2024-06-16,2024-10-19,Cancelled
RX003661,P2474,Prednisolone,5mg,69,Dr. C. Müller,2023-05-06,2024-07-25,Pending
RX003662,P2474,Salbutamol,100mcg,35,Dr. M. O'Brien,2024-10-15,2024-10-13,Cancelled
RX003663,P2474,Ibuprofen,400mg,58,Dr. J. Nkosi,2023-03-10,,Cancelled
RX003664,P2475,Amlodipine,5mg,49,Dr. C. Müller,2023-11-22,2024-02-10,Dispensed
RX003665,P2476,Prednisolone,5mg,37,Dr. M. O'Brien,2023-08-21,,Pending
RX003666,P2476,Bisoprolol,2.5mg,52,Dr. C. Müller,2023-09-18,,Pending
RX003667,P2476,Atorvastatin,20mg,28,Dr. S. Khan,2023-02-22,,Cancelled
RX003668,P2476,Omeprazole,20mg,59,Dr. J. Nkosi,2023-12-12,2024-11-22,Dispensed
RX003669,P2477,Sertraline,50mg,68,Dr. C. Müller,2024-10-04,2024-04-19,Cancelled
RX003670,P2477,Ibuprofen,400mg,32,Dr. R. Singh,2023-04-09,,Cancelled
RX003671,P2477,Paracetamol,500mg,31,Dr. L. Torres,2024-11-18,2024-03-07,Pending
RX003672,P2478,Levothyroxine,50mcg,41,Dr. Y. Tanaka,2023-05-12,2024-02-04,Pending
RX003673,P2478,Clopidogrel,75mg,67,Dr. J. Nkosi,2024-03-04,,Pending
RX003674,P2478,Warfarin,3mg,66,Dr. A. Patel,2024-03-19,,Pending
RX003675,P2479,Sertraline,50mg,63,Dr. C. Müller,2023-06-26,,Dispensed
RX003676,P2479,Aspirin,75mg,43,Dr. L. Torres,2023-04-20,2024-02-04,Dispensed
RX003677,P2479,Amlodipine,5mg,63,Dr. S. Khan,2023-08-15,,Dispensed
RX003678,P2479,Paracetamol,500mg,55,Dr. A. Patel,2023-06-06,2024-02-24,Pending
RX003679,P2480,Omeprazole,20mg,41,Dr. C. Müller,2024-03-12,2024-01-15,Cancelled
RX003680,P2480,Warfarin,3mg,79,Dr. Y. Tanaka,2023-11-01,2024-07-26,Dispensed
RX003681,P2480,Sertraline,50mg,39,Dr. J. Nkosi,2023-06-11,2024-08-24,Cancelled
RX003682,P2480,Amlodipine,5mg,56,Dr. M. O'Brien,2023-03-11,2024-01-19,Pending
RX003683,P2481,Omeprazole,20mg,77,Dr. C. Müller,2023-11-27,2024-01-20,Pending
RX003684,P2481,Ibuprofen,400mg,53,Dr. R. Singh,2024-04-17,2024-02-13,Dispensed
RX003685,P2481,Aspirin,75mg,55,Dr. L. Torres,2023-12-24,2024-05-08,Cancelled
RX003686,P2482,Sertraline,50mg,33,Dr. Y. Tanaka,2024-05-12,2024-09-20,Cancelled
RX003687,P2483,Ibuprofen,400mg,66,Dr. Y. Tanaka,2024-04-14,,Pending
RX003688,P2484,Aspirin,75mg,79,Dr. J. Nkosi,2023-08-02,2024-03-09,Pending
RX003689,P2484,Omeprazole,20mg,77,Dr. M. O'Brien,2023-04-29,,Cancelled
RX003690,P2485,Sertraline,50mg,46,Dr. A. Patel,2023-10-29,2024-04-03,Cancelled
RX003691,P2485,Levothyroxine,50mcg,61,Dr. J. Nkosi,2024-12-06,2024-03-11,Dispensed
RX003692,P2486,Prednisolone,5mg,90,Dr. C. Müller,2023-06-29,2024-01-02,Cancelled
RX003693,P2486,Omeprazole,20mg,74,Dr. M. O'Brien,2024-10-26,2024-01-22,Dispensed
RX003694,P2486,Warfarin,3mg,30,Dr. C. Müller,2023-08-13,2024-09-13,Dispensed
RX003695,P2486,Amoxicillin,500mg,80,Dr. S. Khan,2024-07-29,,Cancelled
RX003696,P2487,Salbutamol,100mcg,66,Dr. S. Khan,2023-10-19,2024-10-30,Pending
RX003697,P2487,Omeprazole,20mg,43,Dr. L. Torres,2024-12-23,2024-10-09,Cancelled
RX003698,P2487,Ibuprofen,400mg,39,Dr. R. Singh,2024-12-30,2024-08-01,Cancelled
RX003699,P2487,Clopidogrel,75mg,63,Dr. R. Singh,2023-01-21,2024-03-04,Pending
RX003700,P2488,Furosemide,40mg,61,Dr. J. Nkosi,2023-01-24,2024-03-24,Pending
RX003701,P2488,Ibuprofen,400mg,28,Dr. C. Müller,2024-03-14,2024-11-05,Cancelled
RX003702,P2488,Insulin Glargine,10 units,70,Dr. C. Müller,2023-12-20,2024-07-01,Cancelled
RX003703,P2488,Lisinopril,10mg,48,Dr. M. O'Brien,2023-07-24,,Pending
RX003704,P2489,Insulin Glargine,10 units,52,Dr. S. Khan,2023-11-21,2024-04-05,Cancelled
RX003705,P2489,Atorvastatin,20mg,69,Dr. C. Müller,2023-02-23,,Dispensed
RX003706,P2490,Metformin,500mg,52,Dr. A. Patel,2024-07-15,2024-11-19,Dispensed
RX003707,P2490,Insulin Glargine,10 units,42,Dr. R. Singh,2024-02-24,2024-07-14,Cancelled
RX003708,P2490,Warfarin,3mg,86,Dr. M. O'Brien,2023-07-31,2024-12-05,Dispensed
RX003709,P2491,Aspirin,75mg,44,Dr. Y. Tanaka,2023-01-03,,Pending
RX003710,P2491,Metformin,500mg,69,Dr. L. Torres,2024-02-14,,Pending
RX003711,P2491,Amlodipine,5mg,85,Dr. C. Müller,2024-09-08,,Cancelled
RX003712,P2492,Prednisolone,5mg,79,Dr. J. Nkosi,2024-04-20,,Dispensed
RX003713,P2493,Gabapentin,300mg,83,Dr. J. Nkosi,2024-10-04,2024-04-20,Pending
RX003714,P2494,Lisinopril,10mg,86,Dr. S. Khan,2023-12-10,2024-07-30,Pending
RX003715,P2494,Salbutamol,100mcg,51,Dr. R. Singh,2023-07-04,2024-06-26,Dispensed
RX003716,P2495,Ibuprofen,400mg,74,Dr. A. Patel,2024-03-15,2024-05-16,Pending
RX003717,P2495,Sertraline,50mg,68,Dr. S. Khan,2023-06-16,,Dispensed
RX003718,P2495,Clopidogrel,75mg,85,Dr. C. Müller,2023-01-20,2024-01-05,Dispensed
RX003719,P2495,Prednisolone,5mg,39,Dr. J. Nkosi,2023-05-07,2024-10-07,Pending
RX003720,P2496,Bisoprolol,2.5mg,69,Dr. L. Torres,2024-07-19,2024-02-14,Cancelled
RX003721,P2496,Warfarin,3mg,66,Dr. A. Patel,2024-06-17,,Pending
RX003722,P2496,Ramipril,5mg,88,Dr. M. O'Brien,2023-10-13,2024-06-22,Pending
RX003723,P2496,Paracetamol,500mg,82,Dr. L. Torres,2024-01-23,,Pending
RX003724,P2497,Metformin,500mg,60,Dr. A. Patel,2023-11-15,,Pending
RX003725,P2497,Omeprazole,20mg,37,Dr. Y. Tanaka,2023-02-14,2024-02-22,Dispensed
RX003726,P2497,Insulin Glargine,10 units,31,Dr. R. Singh,2023-08-01,2024-07-06,Pending
RX003727,P2497,Lisinopril,10mg,86,Dr. L. Torres,2024-12-19,2024-04-21,Pending
RX003728,P2498,Aspirin,75mg,86,Dr. C. Müller,2023-06-07,2024-03-18,Cancelled
RX003729,P2498,Bisoprolol,2.5mg,48,Dr. Y. Tanaka,2023-02-28,2024-04-28,Cancelled
RX003730,P2498,Warfarin,3mg,54,Dr. L. Torres,2024-11-04,,Dispensed
RX003731,P2498,Omeprazole,20mg,85,Dr. S. Khan,2023-11-29,2024-07-02,Dispensed
RX003732,P2499,Paracetamol,500mg,56,Dr. Y. Tanaka,2023-08-24,2024-07-16,Cancelled
RX003733,P2499,Sertraline,50mg,32,Dr. R. Singh,2024-04-28,2024-08-21,Dispensed
RX003734,P2499,Levothyroxine,50mcg,31,Dr. A. Patel,2024-12-25,2024-04-23,Pending
RX003735,P2500,Ibuprofen,400mg,57,Dr. S. Khan,2023-05-26,,Dispensed
RX003736,P2500,Paracetamol,500mg,53,Dr. L. Torres,2024-10-07,2024-11-21,Pending
RX003737,P2501,Aspirin,75mg,49,Dr. A. Patel,2024-03-19,2024-08-03,Pending
RX003738,P2502,Ramipril,5mg,58,Dr. L. Torres,2024-11-24,2024-01-15,Cancelled
RX003739,P2502,Lisinopril,10mg,43,Dr. M. O'Brien,2023-01-09,2024-09-15,Pending
RX003740,P2503,Metformin,500mg,42,Dr. A. Patel,2024-11-09,2024-03-26,Cancelled
RX003741,P2503,Aspirin,75mg,55,Dr. S. Khan,2023-01-13,,Dispensed
RX003742,P2504,Amoxicillin,500mg,31,Dr. C. Müller,2024-07-12,2024-04-18,Pending
RX003743,P2505,Ramipril,5mg,72,Dr. J. Nkosi,2024-01-26,2024-07-06,Dispensed
RX003744,P2505,Clopidogrel,75mg,70,Dr. L. Torres,2024-10-22,,Dispensed
RX003745,P2505,Furosemide,40mg,78,Dr. R. Singh,2024-12-17,2024-08-09,Pending
RX003746,P2505,Bisoprolol,2.5mg,55,Dr. L. Torres,2023-05-23,,Dispensed
RX003747,P2506,Amlodipine,5mg,75,Dr. S. Khan,2024-05-18,2024-11-12,Cancelled
RX003748,P2506,Warfarin,3mg,48,Dr. L. Torres,2024-12-16,2024-06-12,Cancelled
RX003749,P2507,Levothyroxine,50mcg,55,Dr. J. Nkosi,2024-05-15,2024-11-21,Cancelled
RX003750,P2508,Furosemide,40mg,65,Dr. R. Singh,2024-12-07,2024-03-12,Dispensed
RX003751,P2509,Bisoprolol,2.5mg,36,Dr. A. Patel,2023-07-25,,Pending
RX003752,P2509,Furosemide,40mg,52,Dr. S. Khan,2023-12-24,2024-07-20,Dispensed
RX003753,P2509,Metformin,500mg,69,Dr. A. Patel,2023-01-02,2024-07-27,Dispensed
RX003754,P2509,Salbutamol,100mcg,59,Dr. J. Nkosi,2024-08-29,2024-08-13,Dispensed
RX003755,P2510,Omeprazole,20mg,31,Dr. C. Müller,2024-05-20,2024-04-11,Cancelled
RX003756,P2510,Clopidogrel,75mg,29,Dr. R. Singh,2024-11-22,2024-11-11,Cancelled
RX003757,P2510,Salbutamol,100mcg,61,Dr. S. Khan,2024-01-19,2024-04-13,Dispensed
RX003758,P2511,Prednisolone,5mg,30,Dr. A. Patel,2023-08-05,,Dispensed
RX003759,P2511,Aspirin,75mg,53,Dr. A. Patel,2023-11-14,2024-03-27,Dispensed
RX003760,P2511,Salbutamol,100mcg,47,Dr. M. O'Brien,2023-12-08,,Pending
RX003761,P2512,Clopidogrel,75mg,32,Dr. J. Nkosi,2023-02-09,,Dispensed
RX003762,P2512,Sertraline,50mg,41,Dr. L. Torres,2024-02-04,2024-09-05,Pending
RX003763,P2512,Amoxicillin,500mg,69,Dr. L. Torres,2023-02-01,2024-08-28,Cancelled
RX003764,P2513,Furosemide,40mg,51,Dr. R. Singh,2024-12-12,2024-11-27,Dispensed
RX003765,P2513,Bisoprolol,2.5mg,76,Dr. J. Nkosi,2024-04-05,2024-11-04,Pending
RX003766,P2513,Lisinopril,10mg,60,Dr. A. Patel,2024-02-08,2024-06-03,Dispensed
RX003767,P2513,Aspirin,75mg,75,Dr. S. Khan,2024-10-07,2024-04-26,Pending
RX003768,P2514,Amoxicillin,500mg,71,Dr. Y. Tanaka,2023-10-19,2024-09-26,Cancelled
RX003769,P2514,Ibuprofen,400mg,90,Dr. J. Nkosi,2024-03-26,2024-07-14,Dispensed
RX003770,P2514,Amlodipine,5mg,29,Dr. C. Müller,2024-04-11,2024-09-25,Pending
RX003771,P2515,Ramipril,5mg,48,Dr. Y. Tanaka,2023-11-05,2024-05-02,Dispensed
RX003772,P2515,Bisoprolol,2.5mg,50,Dr. S. Khan,2024-12-14,,Dispensed
RX003773,P2515,Amoxicillin,500mg,79,Dr. M. O'Brien,2023-12-17,,Pending
RX003774,P2515,Atorvastatin,20mg,56,Dr. M. O'Brien,2023-04-01,2024-09-03,Cancelled
RX003775,P2516,Prednisolone,5mg,80,Dr. M. O'Brien,2023-01-26,,Dispensed
RX003776,P2516,Sertraline,50mg,52,Dr. R. Singh,2024-03-22,,Cancelled
RX003777,P2516,Bisoprolol,2.5mg,69,Dr. J. Nkosi,2024-06-14,2024-11-19,Cancelled
RX003778,P2517,Salbutamol,100mcg,77,Dr. J. Nkosi,2023-10-19,,Dispensed
RX003779,P2518,Sertraline,50mg,40,Dr. J. Nkosi,2024-06-12,2024-06-17,Pending
RX003780,P2518,Paracetamol,500mg,69,Dr. S. Khan,2024-07-28,,Dispensed
RX003781,P2518,Lisinopril,10mg,51,Dr. J. Nkosi,2023-06-06,2024-10-19,Pending
RX003782,P2519,Salbutamol,100mcg,90,Dr. L. Torres,2024-01-04,2024-02-28,Dispensed
RX003783,P2519,Insulin Glargine,10 units,81,Dr. C. Müller,2023-02-17,,Cancelled
RX003784,P2519,Metformin,500mg,32,Dr. L. Torres,2024-08-16,2024-08-12,Pending
RX003785,P2519,Amlodipine,5mg,59,Dr. M. O'Brien,2024-05-30,2024-12-06,Cancelled
RX003786,P2520,Ramipril,5mg,71,Dr. S. Khan,2023-05-12,,Cancelled
RX003787,P2520,Amlodipine,5mg,68,Dr. Y. Tanaka,2024-03-19,2024-05-04,Dispensed
RX003788,P2520,Prednisolone,5mg,68,Dr. C. Müller,2023-05-29,,Dispensed
RX003789,P2520,Lisinopril,10mg,56,Dr. M. O'Brien,2024-05-06,,Pending
RX003790,P2521,Amlodipine,5mg,29,Dr. Y. Tanaka,2023-10-27,2024-07-05,Dispensed
RX003791,P2521,Lisinopril,10mg,57,Dr. C. Müller,2024-06-09,2024-02-12,Pending
RX003792,P2522,Atorvastatin,20mg,36,Dr. Y. Tanaka,2023-02-01,,Cancelled
RX003793,P2522,Warfarin,3mg,82,Dr. R. Singh,2024-03-27,2024-10-13,Dispensed
RX003794,P2522,Clopidogrel,75mg,33,Dr. J. Nkosi,2023-08-14,2024-08-09,Cancelled
RX003795,P2523,Metformin,500mg,77,Dr. J. Nkosi,2024-05-07,2024-03-14,Pending
RX003796,P2524,Clopidogrel,75mg,70,Dr. Y. Tanaka,2023-01-10,,Cancelled
RX003797,P2524,Insulin Glargine,10 units,67,Dr. J. Nkosi,2024-01-06,2024-01-09,Dispensed
RX003798,P2524,Lisinopril,10mg,78,Dr. S. Khan,2023-04-18,2024-10-08,Cancelled
RX003799,P2524,Omeprazole,20mg,58,Dr. A. Patel,2024-07-08,2024-11-05,Dispensed
RX003800,P2525,Levothyroxine,50mcg,75,Dr. M. O'Brien,2023-07-08,,Dispensed
RX003801,P2525,Amlodipine,5mg,33,Dr. R. Singh,2023-10-12,2024-12-01,Pending
RX003802,P2525,Ramipril,5mg,80,Dr. Y. Tanaka,2023-08-11,2024-01-10,Dispensed
RX003803,P2525,Paracetamol,500mg,64,Dr. M. O'Brien,2024-11-15,,Dispensed
RX003804,P2526,Furosemide,40mg,55,Dr. L. Torres,2023-10-18,2024-06-21,Cancelled
RX003805,P2526,Paracetamol,500mg,44,Dr. M. O'Brien,2023-07-09,2024-02-01,Dispensed
RX003806,P2526,Amoxicillin,500mg,75,Dr. A. Patel,2024-05-08,2024-05-21,Dispensed
RX003807,P2526,Lisinopril,10mg,81,Dr. C. Müller,2023-09-18,,Dispensed
RX003808,P2527,Paracetamol,500mg,78,Dr. A. Patel,2023-08-29,,Pending
RX003809,P2527,Lisinopril,10mg,32,Dr. Y. Tanaka,2023-07-18,2024-08-08,Pending
RX003810,P2528,Ramipril,5mg,69,Dr. A. Patel,2023-12-02,2024-09-22,Cancelled
RX003811,P2529,Gabapentin,300mg,37,Dr. L. Torres,2024-09-04,2024-10-17,Dispensed
RX003812,P2529,Furosemide,40mg,87,Dr. Y. Tanaka,2023-11-28,2024-01-27,Dispensed
RX003813,P2529,Levothyroxine,50mcg,82,Dr. R. Singh,2024-03-08,,Pending
RX003814,P2529,Warfarin,3mg,82,Dr. Y. Tanaka,2023-03-23,2024-11-25,Cancelled
RX003815,P2530,Metformin,500mg,76,Dr. S. Khan,2024-09-18,2024-02-07,Pending
RX003816,P2530,Ibuprofen,400mg,90,Dr. S. Khan,2024-01-03,2024-01-15,Pending
RX003817,P2530,Salbutamol,100mcg,40,Dr. C. Müller,2024-08-13,2024-08-12,Pending
RX003818,P2531,Sertraline,50mg,68,Dr. M. O'Brien,2024-10-23,2024-02-28,Cancelled
RX003819,P2531,Amlodipine,5mg,82,Dr. A. Patel,2024-01-19,2024-06-30,Cancelled
RX003820,P2532,Warfarin,3mg,46,Dr. J. Nkosi,2024-12-07,2024-01-20,Cancelled
RX003821,P2532,Atorvastatin,20mg,31,Dr. R. Singh,2024-11-25,,Dispensed
RX003822,P2532,Amlodipine,5mg,38,Dr. S. Khan,2023-11-06,,Cancelled
RX003823,P2532,Lisinopril,10mg,89,Dr. M. O'Brien,2023-11-24,,Dispensed
RX003824,P2533,Warfarin,3mg,76,Dr. J. Nkosi,2024-03-11,,Dispensed
RX003825,P2533,Omeprazole,20mg,43,Dr. C. Müller,2024-01-21,2024-05-29,Cancelled
RX003826,P2534,Aspirin,75mg,37,Dr. R. Singh,2024-01-14,,Pending
RX003827,P2534,Amlodipine,5mg,64,Dr. J. Nkosi,2023-06-19,2024-12-21,Cancelled
RX003828,P2534,Paracetamol,500mg,45,Dr. S. Khan,2023-05-16,,Pending
RX003829,P2535,Amoxicillin,500mg,28,Dr. A. Patel,2023-05-28,2024-08-09,Pending
RX003830,P2535,Prednisolone,5mg,79,Dr. R. Singh,2023-08-13,2024-11-12,Dispensed
RX003831,P2535,Metformin,500mg,84,Dr. A. Patel,2024-10-24,2024-10-07,Cancelled
RX003832,P2535,Paracetamol,500mg,76,Dr. R. Singh,2023-12-06,2024-01-05,Dispensed
RX003833,P2536,Gabapentin,300mg,46,Dr. R. Singh,2023-07-28,2024-12-28,Dispensed
RX003834,P2537,Lisinopril,10mg,36,Dr. M. O'Brien,2024-06-01,,Pending
RX003835,P2537,Atorvastatin,20mg,56,Dr. A. Patel,2024-05-31,2024-12-27,Dispensed
RX003836,P2537,Furosemide,40mg,90,Dr. Y. Tanaka,2024-07-30,2024-01-20,Cancelled
RX003837,P2538,Clopidogrel,75mg,50,Dr. M. O'Brien,2024-10-17,2024-01-15,Cancelled
RX003838,P2539,Warfarin,3mg,72,Dr. J. Nkosi,2023-11-30,2024-02-09,Cancelled
RX003839,P2539,Omeprazole,20mg,54,Dr. S. Khan,2024-03-02,,Cancelled
RX003840,P2539,Sertraline,50mg,69,Dr. Y. Tanaka,2024-07-22,2024-11-11,Dispensed
RX003841,P2540,Furosemide,40mg,82,Dr. M. O'Brien,2023-05-29,2024-03-11,Dispensed
RX003842,P2540,Clopidogrel,75mg,40,Dr. S. Khan,2023-12-03,2024-12-15,Cancelled
RX003843,P2540,Sertraline,50mg,29,Dr. L. Torres,2023-10-12,2024-12-06,Pending
RX003844,P2541,Amoxicillin,500mg,38,Dr. C. Müller,2023-11-30,,Cancelled
RX003845,P2541,Salbutamol,100mcg,69,Dr. M. O'Brien,2023-04-30,2024-03-23,Pending
RX003846,P2541,Ibuprofen,400mg,89,Dr. Y. Tanaka,2023-04-19,2024-10-30,Pending
RX003847,P2541,Paracetamol,500mg,68,Dr. J. Nkosi,2024-04-02,2024-06-21,Dispensed
RX003848,P2542,Metformin,500mg,38,Dr. J. Nkosi,2024-06-29,,Pending
RX003849,P2543,Aspirin,75mg,33,Dr. S. Khan,2024-02-04,2024-06-20,Cancelled
RX003850,P2543,Bisoprolol,2.5mg,68,Dr. S. Khan,2024-03-18,2024-09-24,Pending
RX003851,P2544,Amlodipine,5mg,54,Dr. S. Khan,2024-09-07,2024-07-25,Dispensed
RX003852,P2544,Prednisolone,5mg,79,Dr. R. Singh,2023-03-04,2024-05-01,Pending
RX003853,P2544,Metformin,500mg,39,Dr. S. Khan,2023-05-30,,Dispensed
RX003854,P2544,Ibuprofen,400mg,44,Dr. Y. Tanaka,2023-12-14,2024-07-23,Dispensed
RX003855,P2545,Gabapentin,300mg,28,Dr. S. Khan,2024-01-19,2024-07-25,Cancelled
RX003856,P2546,Atorvastatin,20mg,57,Dr. S. Khan,2024-12-05,2024-06-22,Pending
RX003857,P2546,Ramipril,5mg,67,Dr. J. Nkosi,2023-04-20,2024-07-04,Dispensed
RX003858,P2547,Omeprazole,20mg,64,Dr. Y. Tanaka,2023-08-20,2024-04-19,Pending
RX003859,P2547,Furosemide,40mg,72,Dr. J. Nkosi,2023-10-23,2024-03-19,Cancelled
RX003860,P2547,Atorvastatin,20mg,36,Dr. R. Singh,2023-12-14,2024-03-02,Pending
RX003861,P2547,Bisoprolol,2.5mg,30,Dr. R. Singh,2023-08-09,2024-05-19,Dispensed
RX003862,P2548,Gabapentin,300mg,38,Dr. C. Müller,2024-10-22,2024-12-05,Pending
RX003863,P2548,Clopidogrel,75mg,49,Dr. A. Patel,2024-09-13,2024-07-24,Cancelled
RX003864,P2549,Ibuprofen,400mg,40,Dr. S. Khan,2023-02-15,2024-07-30,Pending
RX003865,P2549,Bisoprolol,2.5mg,28,Dr. S. Khan,2024-05-15,2024-03-18,Dispensed
RX003866,P2550,Aspirin,75mg,88,Dr. A. Patel,2023-08-14,2024-02-03,Dispensed
RX003867,P2550,Amoxicillin,500mg,46,Dr. Y. Tanaka,2024-09-17,,Dispensed
RX003868,P2551,Insulin Glargine,10 units,46,Dr. Y. Tanaka,2024-11-01,2024-11-21,Cancelled
RX003869,P2551,Levothyroxine,50mcg,79,Dr. Y. Tanaka,2023-03-17,2024-01-22,Dispensed
RX003870,P2551,Clopidogrel,75mg,39,Dr. J. Nkosi,2023-01-20,2024-01-04,Pending
RX003871,P2552,Amlodipine,5mg,63,Dr. J. Nkosi,2023-10-11,,Dispensed
RX003872,P2552,Warfarin,3mg,60,Dr. S. Khan,2023-07-10,2024-07-22,Dispensed
RX003873,P2552,Lisinopril,10mg,85,Dr. Y. Tanaka,2023-11-23,,Cancelled
RX003874,P2552,Gabapentin,300mg,71,Dr. A. Patel,2023-04-26,2024-02-13,Dispensed
RX003875,P2553,Aspirin,75mg,68,Dr. S. Khan,2024-03-12,,Dispensed
RX003876,P2553,Ibuprofen,400mg,71,Dr. C. Müller,2023-05-24,2024-01-19,Cancelled
RX003877,P2553,Metformin,500mg,44,Dr. R. Singh,2023-04-08,2024-03-29,Cancelled
RX003878,P2554,Salbutamol,100mcg,40,Dr. L. Torres,2024-06-07,2024-02-02,Dispensed
RX003879,P2554,Atorvastatin,20mg,80,Dr. J. Nkosi,2024-07-27,,Dispensed
RX003880,P2554,Levothyroxine,50mcg,89,Dr. J. Nkosi,2023-07-25,2024-08-16,Pending
RX003881,P2554,Sertraline,50mg,45,Dr. Y. Tanaka,2024-01-14,2024-09-12,Pending
RX003882,P2555,Levothyroxine,50mcg,69,Dr. L. Torres,2023-01-16,2024-06-30,Cancelled
RX003883,P2555,Amlodipine,5mg,47,Dr. M. O'Brien,2023-03-24,2024-03-21,Cancelled
RX003884,P2555,Omeprazole,20mg,66,Dr. L. Torres,2023-08-06,2024-11-22,Pending
RX003885,P2555,Bisoprolol,2.5mg,28,Dr. S. Khan,2023-03-10,2024-07-30,Pending
RX003886,P2556,Ramipril,5mg,65,Dr. S. Khan,2023-08-25,2024-08-06,Dispensed
RX003887,P2557,Furosemide,40mg,28,Dr. J. Nkosi,2024-08-10,2024-01-15,Dispensed
RX003888,P2557,Paracetamol,500mg,73,Dr. R. Singh,2023-04-10,2024-08-19,Cancelled
RX003889,P2558,Warfarin,3mg,89,Dr. C. Müller,2023-07-02,2024-01-05,Pending
RX003890,P2559,Atorvastatin,20mg,53,Dr. R. Singh,2024-12-30,,Cancelled
RX003891,P2559,Levothyroxine,50mcg,80,Dr. Y. Tanaka,2024-05-30,2024-09-09,Pending
RX003892,P2559,Bisoprolol,2.5mg,45,Dr. S. Khan,2023-11-08,,Cancelled
RX003893,P2560,Metformin,500mg,50,Dr. C. Müller,2023-06-19,,Pending
RX003894,P2560,Paracetamol,500mg,39,Dr. Y. Tanaka,2023-07-17,2024-08-07,Cancelled
RX003895,P2560,Atorvastatin,20mg,40,Dr. A. Patel,2024-01-05,2024-11-15,Pending
RX003896,P2560,Ibuprofen,400mg,63,Dr. Y. Tanaka,2023-02-25,2024-05-26,Dispensed
RX003897,P2561,Omeprazole,20mg,45,Dr. J. Nkosi,2024-04-28,,Cancelled
RX003898,P2562,Salbutamol,100mcg,67,Dr. L. Torres,2024-05-02,2024-05-28,Dispensed
RX003899,P2562,Lisinopril,10mg,52,Dr. S. Khan,2023-05-06,,Pending
RX003900,P2562,Gabapentin,300mg,67,Dr. S. Khan,2023-02-11,2024-10-15,Dispensed
RX003901,P2562,Ibuprofen,400mg,73,Dr. A. Patel,2023-01-30,,Dispensed
RX003902,P2563,Prednisolone,5mg,50,Dr. C. Müller,2024-10-26,2024-03-17,Dispensed
RX003903,P2563,Bisoprolol,2.5mg,62,Dr. J. Nkosi,2023-02-02,2024-12-23,Pending
RX003904,P2564,Omeprazole,20mg,50,Dr. A. Patel,2024-12-27,2024-11-23,Dispensed
RX003905,P2564,Metformin,500mg,88,Dr. S. Khan,2023-12-09,2024-04-22,Pending
RX003906,P2564,Levothyroxine,50mcg,78,Dr. S. Khan,2023-11-22,2024-08-25,Dispensed
RX003907,P2564,Ramipril,5mg,36,Dr. M. O'Brien,2023-02-17,2024-02-26,Cancelled
RX003908,P2565,Omeprazole,20mg,37,Dr. A. Patel,2023-03-24,,Cancelled
RX003909,P2565,Ibuprofen,400mg,47,Dr. C. Müller,2023-03-04,,Pending
RX003910,P2566,Omeprazole,20mg,32,Dr. S. Khan,2024-09-25,2024-05-04,Pending
RX003911,P2567,Gabapentin,300mg,36,Dr. C. Müller,2024-12-14,2024-07-31,Pending
RX003912,P2567,Ibuprofen,400mg,45,Dr. R. Singh,2024-07-25,2024-02-10,Cancelled
RX003913,P2567,Lisinopril,10mg,73,Dr. Y. Tanaka,2024-01-30,2024-05-24,Pending
RX003914,P2567,Clopidogrel,75mg,35,Dr. R. Singh,2023-02-06,2024-07-26,Cancelled
RX003915,P2568,Lisinopril,10mg,32,Dr. Y. Tanaka,2023-09-02,2024-08-17,Pending
RX003916,P2568,Prednisolone,5mg,82,Dr. Y. Tanaka,2024-10-04,2024-04-09,Cancelled
RX003917,P2568,Warfarin,3mg,77,Dr. C. Müller,2024-07-14,,Pending
RX003918,P2568,Atorvastatin,20mg,90,Dr. R. Singh,2023-10-29,,Cancelled
RX003919,P2569,Bisoprolol,2.5mg,72,Dr. S. Khan,2024-11-06,2024-06-29,Dispensed
RX003920,P2569,Paracetamol,500mg,40,Dr. S. Khan,2024-05-05,2024-07-18,Dispensed
RX003921,P2569,Prednisolone,5mg,86,Dr. J. Nkosi,2024-05-12,2024-11-24,Cancelled
RX003922,P2569,Insulin Glargine,10 units,45,Dr. A. Patel,2024-07-07,2024-04-29,Cancelled
RX003923,P2570,Furosemide,40mg,62,Dr. A. Patel,2024-01-31,2024-04-18,Cancelled
RX003924,P2570,Amoxicillin,500mg,43,Dr. M. O'Brien,2024-01-25,2024-08-21,Dispensed
RX003925,P2571,Amoxicillin,500mg,78,Dr. L. Torres,2024-04-11,2024-08-18,Dispensed
RX003926,P2572,Levothyroxine,50mcg,60,Dr. A. Patel,2024-03-12,,Pending
RX003927,P2572,Ramipril,5mg,53,Dr. M. O'Brien,2024-05-29,2024-01-30,Pending
RX003928,P2572,Sertraline,50mg,57,Dr. C. Müller,2024-08-11,2024-06-21,Pending
RX003929,P2573,Prednisolone,5mg,41,Dr. L. Torres,2024-04-04,,Cancelled
RX003930,P2573,Clopidogrel,75mg,73,Dr. C. Müller,2024-01-20,2024-05-25,Pending
RX003931,P2574,Omeprazole,20mg,34,Dr. J. Nkosi,2023-06-18,2024-04-23,Dispensed
RX003932,P2574,Prednisolone,5mg,28,Dr. A. Patel,2023-10-10,,Cancelled
RX003933,P2574,Paracetamol,500mg,38,Dr. L. Torres,2023-12-09,,Cancelled
RX003934,P2575,Clopidogrel,75mg,55,Dr. L. Torres,2023-11-01,2024-04-10,Dispensed
RX003935,P2575,Bisoprolol,2.5mg,38,Dr. Y. Tanaka,2023-08-29,,Dispensed
RX003936,P2575,Sertraline,50mg,28,Dr. J. Nkosi,2023-08-07,2024-03-27,Pending
RX003937,P2575,Amlodipine,5mg,75,Dr. S. Khan,2024-10-07,,Dispensed
RX003938,P2576,Omeprazole,20mg,39,Dr. L. Torres,2024-05-29,2024-12-20,Cancelled
RX003939,P2576,Warfarin,3mg,63,Dr. R. Singh,2023-03-26,2024-01-01,Pending
RX003940,P2576,Ramipril,5mg,54,Dr. M. O'Brien,2023-04-01,2024-03-13,Dispensed
RX003941,P2576,Prednisolone,5mg,33,Dr. A. Patel,2024-06-05,2024-09-18,Cancelled
RX003942,P2577,Metformin,500mg,87,Dr. Y. Tanaka,2024-09-06,2024-11-03,Pending
RX003943,P2577,Clopidogrel,75mg,35,Dr. A. Patel,2023-12-10,2024-05-31,Pending
RX003944,P2577,Gabapentin,300mg,59,Dr. S. Khan,2023-02-08,2024-10-27,Dispensed
RX003945,P2578,Paracetamol,500mg,87,Dr. M. O'Brien,2024-11-01,2024-09-06,Dispensed
RX003946,P2579,Amoxicillin,500mg,54,Dr. L. Torres,2023-12-08,2024-09-10,Pending
RX003947,P2579,Sertraline,50mg,72,Dr. C. Müller,2024-01-24,2024-01-17,Dispensed
RX003948,P2580,Salbutamol,100mcg,47,Dr. M. O'Brien,2024-08-21,2024-05-27,Pending
RX003949,P2580,Paracetamol,500mg,54,Dr. L. Torres,2023-09-26,2024-07-26,Pending
RX003950,P2580,Amlodipine,5mg,35,Dr. M. O'Brien,2023-10-22,2024-07-12,Dispensed
RX003951,P2581,Atorvastatin,20mg,43,Dr. Y. Tanaka,2023-06-01,2024-12-30,Cancelled
RX003952,P2581,Omeprazole,20mg,62,Dr. L. Torres,2024-03-19,2024-12-14,Dispensed
RX003953,P2581,Gabapentin,300mg,60,Dr. L. Torres,2024-08-21,,Pending
RX003954,P2582,Omeprazole,20mg,88,Dr. M. O'Brien,2023-05-22,2024-02-25,Pending
RX003955,P2583,Lisinopril,10mg,77,Dr. R. Singh,2024-02-26,,Dispensed
RX003956,P2583,Levothyroxine,50mcg,82,Dr. M. O'Brien,2023-10-30,2024-11-13,Pending
RX003957,P2583,Metformin,500mg,41,Dr. S. Khan,2024-01-31,2024-12-13,Pending
RX003958,P2584,Prednisolone,5mg,46,Dr. J. Nkosi,2023-07-13,2024-05-15,Dispensed
RX003959,P2584,Furosemide,40mg,44,Dr. M. O'Brien,2024-09-04,2024-07-05,Dispensed
RX003960,P2584,Amlodipine,5mg,60,Dr. A. Patel,2024-08-17,2024-03-20,Dispensed
RX003961,P2584,Levothyroxine,50mcg,75,Dr. M. O'Brien,2024-07-26,2024-06-22,Cancelled
RX003962,P2585,Furosemide,40mg,57,Dr. A. Patel,2023-04-30,2024-09-27,Pending
RX003963,P2585,Ramipril,5mg,44,Dr. S. Khan,2024-09-06,2024-12-10,Cancelled
RX003964,P2585,Atorvastatin,20mg,89,Dr. M. O'Brien,2024-11-20,,Cancelled
RX003965,P2586,Amlodipine,5mg,45,Dr. S. Khan,2024-06-11,2024-06-04,Pending
RX003966,P2587,Amoxicillin,500mg,62,Dr. S. Khan,2023-02-24,,Cancelled
RX003967,P2587,Sertraline,50mg,72,Dr. C. Müller,2023-03-11,2024-07-12,Pending
RX003968,P2588,Bisoprolol,2.5mg,90,Dr. Y. Tanaka,2023-04-08,,Cancelled
RX003969,P2588,Ramipril,5mg,42,Dr. J. Nkosi,2023-09-26,,Dispensed
RX003970,P2588,Paracetamol,500mg,32,Dr. S. Khan,2023-11-02,2024-05-19,Cancelled
RX003971,P2589,Furosemide,40mg,53,Dr. L. Torres,2023-10-14,,Dispensed
RX003972,P2589,Lisinopril,10mg,44,Dr. J. Nkosi,2023-05-27,2024-10-27,Dispensed
RX003973,P2590,Omeprazole,20mg,61,Dr. Y. Tanaka,2023-11-06,2024-03-27,Pending
RX003974,P2590,Amlodipine,5mg,87,Dr. L. Torres,2024-11-12,2024-11-11,Dispensed
RX003975,P2591,Prednisolone,5mg,86,Dr. L. Torres,2023-05-01,2024-03-03,Dispensed
RX003976,P2591,Warfarin,3mg,74,Dr. Y. Tanaka,2024-07-27,,Dispensed
RX003977,P2591,Omeprazole,20mg,31,Dr. C. Müller,2024-10-12,2024-10-14,Pending
RX003978,P2592,Levothyroxine,50mcg,46,Dr. M. O'Brien,2023-07-31,2024-04-09,Pending
RX003979,P2592,Atorvastatin,20mg,40,Dr. C. Müller,2023-05-08,,Dispensed
RX003980,P2592,Ibuprofen,400mg,54,Dr. R. Singh,2024-03-25,2024-06-11,Dispensed
RX003981,P2593,Bisoprolol,2.5mg,69,Dr. C. Müller,2023-06-05,,Dispensed
RX003982,P2593,Salbutamol,100mcg,46,Dr. J. Nkosi,2024-08-07,,Pending
RX003983,P2593,Aspirin,75mg,38,Dr. A. Patel,2024-06-14,,Pending
RX003984,P2593,Warfarin,3mg,57,Dr. A. Patel,2024-06-20,,Cancelled
RX003985,P2594,Levothyroxine,50mcg,59,Dr. L. Torres,2023-10-21,,Dispensed
RX003986,P2594,Atorvastatin,20mg,78,Dr. R. Singh,2023-02-25,2024-12-17,Cancelled
RX003987,P2594,Omeprazole,20mg,48,Dr. J. Nkosi,2023-01-17,2024-04-08,Pending
RX003988,P2595,Aspirin,75mg,67,Dr. M. O'Brien,2023-11-13,,Cancelled
RX003989,P2595,Salbutamol,100mcg,49,Dr. Y. Tanaka,2024-11-27,,Cancelled
RX003990,P2596,Prednisolone,5mg,28,Dr. A. Patel,2024-07-26,,Dispensed
RX003991,P2596,Warfarin,3mg,83,Dr. M. O'Brien,2023-09-18,2024-03-26,Pending
RX003992,P2596,Lisinopril,10mg,87,Dr. C. Müller,2024-01-31,2024-05-20,Cancelled
RX003993,P2596,Omeprazole,20mg,53,Dr. C. Müller,2024-05-21,2024-02-09,Cancelled
RX003994,P2597,Ramipril,5mg,80,Dr. S. Khan,2024-05-22,2024-02-29,Pending
RX003995,P2597,Amlodipine,5mg,38,Dr. S. Khan,2023-06-17,2024-05-22,Pending
RX003996,P2597,Clopidogrel,75mg,71,Dr. Y. Tanaka,2024-11-21,2024-02-04,Pending
RX003997,P2597,Atorvastatin,20mg,68,Dr. L. Torres,2023-02-11,2024-01-04,Dispensed
RX003998,P2598,Gabapentin,300mg,54,Dr. C. Müller,2024-03-19,2024-12-13,Pending
RX003999,P2598,Bisoprolol,2.5mg,60,Dr. R. Singh,2023-05-17,2024-01-17,Cancelled
RX004000,P2599,Prednisolone,5mg,83,Dr. S. Khan,2024-10-04,,Dispensed
RX004001,P2599,Amoxicillin,500mg,63,Dr. L. Torres,2023-08-01,2024-06-17,Pending
RX004002,P2599,Bisoprolol,2.5mg,59,Dr. Y. Tanaka,2023-08-02,,Dispensed
RX004003,P2600,Lisinopril,10mg,87,Dr. R. Singh,2023-01-11,2024-02-12,Cancelled
RX004004,P2600,Paracetamol,500mg,72,Dr. S. Khan,2023-05-22,2024-03-12,Dispensed
RX004005,P2600,Levothyroxine,50mcg,62,Dr. Y. Tanaka,2024-12-20,2024-09-14,Dispensed
RX004006,P2601,Bisoprolol,2.5mg,90,Dr. C. Müller,2024-07-08,2024-05-15,Cancelled
RX004007,P2601,Omeprazole,20mg,79,Dr. C. Müller,2024-08-05,2024-01-27,Pending
RX004008,P2601,Metformin,500mg,40,Dr. L. Torres,2024-03-17,2024-04-10,Cancelled
RX004009,P2602,Gabapentin,300mg,58,Dr. S. Khan,2023-02-13,,Cancelled
RX004010,P2602,Amoxicillin,500mg,46,Dr. Y. Tanaka,2024-04-18,2024-03-28,Cancelled
RX004011,P2602,Salbutamol,100mcg,66,Dr. R. Singh,2024-03-12,2024-10-09,Dispensed
RX004012,P2603,Amlodipine,5mg,53,Dr. L. Torres,2023-11-28,2024-06-23,Dispensed
RX004013,P2603,Clopidogrel,75mg,46,Dr. R. Singh,2024-02-05,2024-03-23,Cancelled
RX004014,P2604,Lisinopril,10mg,46,Dr. A. Patel,2024-01-25,2024-06-09,Dispensed
RX004015,P2604,Bisoprolol,2.5mg,60,Dr. A. Patel,2023-04-21,,Dispensed
RX004016,P2604,Salbutamol,100mcg,62,Dr. M. O'Brien,2023-10-25,2024-03-03,Pending
RX004017,P2604,Paracetamol,500mg,61,Dr. A. Patel,2024-01-02,2024-10-10,Pending
RX004018,P2605,Ibuprofen,400mg,53,Dr. R. Singh,2023-07-26,2024-01-07,Cancelled
RX004019,P2605,Omeprazole,20mg,42,Dr. S. Khan,2023-11-09,2024-03-25,Dispensed
RX004020,P2605,Aspirin,75mg,32,Dr. M. O'Brien,2023-03-30,2024-06-09,Cancelled
RX004021,P2605,Levothyroxine,50mcg,73,Dr. Y. Tanaka,2023-08-13,2024-01-09,Cancelled
RX004022,P2606,Metformin,500mg,45,Dr. M. O'Brien,2023-08-03,2024-04-01,Pending
RX004023,P2607,Lisinopril,10mg,78,Dr. M. O'Brien,2024-02-08,2024-12-19,Pending
RX004024,P2607,Warfarin,3mg,29,Dr. S. Khan,2023-03-29,,Pending
RX004025,P2608,Prednisolone,5mg,63,Dr. M. O'Brien,2023-05-22,2024-09-16,Cancelled
RX004026,P2608,Levothyroxine,50mcg,81,Dr. J. Nkosi,2024-05-28,2024-12-23,Dispensed
RX004027,P2608,Atorvastatin,20mg,83,Dr. J. Nkosi,2023-05-13,,Cancelled
RX004028,P2608,Furosemide,40mg,33,Dr. Y. Tanaka,2024-04-27,,Pending
RX004029,P2609,Lisinopril,10mg,44,Dr. S. Khan,2023-02-01,2024-10-01,Cancelled
RX004030,P2609,Levothyroxine,50mcg,58,Dr. M. O'Brien,2023-05-31,2024-04-19,Cancelled
RX004031,P2610,Levothyroxine,50mcg,78,Dr. C. Müller,2023-12-21,2024-11-29,Dispensed
RX004032,P2610,Furosemide,40mg,45,Dr. Y. Tanaka,2024-08-28,2024-01-19,Pending
RX004033,P2610,Ramipril,5mg,78,Dr. S. Khan,2023-08-01,2024-02-15,Dispensed
RX004034,P2610,Gabapentin,300mg,44,Dr. L. Torres,2023-01-26,2024-05-22,Dispensed
RX004035,P2611,Ibuprofen,400mg,36,Dr. Y. Tanaka,2024-03-30,2024-03-01,Dispensed
RX004036,P2611,Prednisolone,5mg,44,Dr. R. Singh,2024-08-07,2024-07-29,Dispensed
RX004037,P2611,Gabapentin,300mg,61,Dr. R. Singh,2024-02-14,2024-10-08,Cancelled
RX004038,P2611,Furosemide,40mg,35,Dr. A. Patel,2023-01-20,2024-12-10,Cancelled
RX004039,P2612,Metformin,500mg,70,Dr. A. Patel,2024-01-16,,Pending
RX004040,P2612,Atorvastatin,20mg,56,Dr. M. O'Brien,2023-06-15,,Cancelled
RX004041,P2612,Ramipril,5mg,58,Dr. M. O'Brien,2024-04-30,2024-03-23,Dispensed
RX004042,P2612,Gabapentin,300mg,89,Dr. J. Nkosi,2023-06-22,2024-04-02,Dispensed
RX004043,P2613,Bisoprolol,2.5mg,57,Dr. A. Patel,2024-08-22,,Cancelled
RX004044,P2613,Metformin,500mg,52,Dr. M. O'Brien,2023-04-04,,Dispensed
RX004045,P2614,Bisoprolol,2.5mg,56,Dr. L. Torres,2023-05-12,,Cancelled
RX004046,P2614,Salbutamol,100mcg,54,Dr. M. O'Brien,2023-08-18,,Dispensed
RX004047,P2615,Gabapentin,300mg,52,Dr. C. Müller,2023-07-11,2024-01-10,Dispensed
RX004048,P2615,Amoxicillin,500mg,58,Dr. M. O'Brien,2024-09-21,2024-10-19,Pending
RX004049,P2616,Aspirin,75mg,74,Dr. C. Müller,2024-08-07,2024-05-31,Dispensed
RX004050,P2616,Paracetamol,500mg,49,Dr. M. O'Brien,2024-11-05,2024-08-31,Dispensed
RX004051,P2617,Ibuprofen,400mg,42,Dr. C. Müller,2024-06-27,2024-05-24,Pending
RX004052,P2617,Sertraline,50mg,44,Dr. Y. Tanaka,2023-09-13,2024-04-11,Cancelled
RX004053,P2617,Amoxicillin,500mg,61,Dr. L. Torres,2024-04-25,2024-03-05,Cancelled
RX004054,P2617,Prednisolone,5mg,55,Dr. R. Singh,2023-02-19,2024-05-28,Pending
RX004055,P2618,Gabapentin,300mg,75,Dr. Y. Tanaka,2024-10-12,2024-07-18,Cancelled
RX004056,P2618,Levothyroxine,50mcg,31,Dr. L. Torres,2023-05-15,,Pending
RX004057,P2618,Prednisolone,5mg,73,Dr. S. Khan,2024-02-17,2024-03-18,Dispensed
RX004058,P2619,Sertraline,50mg,58,Dr. A. Patel,2024-03-10,2024-03-02,Dispensed
RX004059,P2619,Ibuprofen,400mg,43,Dr. R. Singh,2024-10-14,2024-08-03,Dispensed
RX004060,P2619,Atorvastatin,20mg,69,Dr. C. Müller,2023-01-31,2024-05-12,Pending
RX004061,P2619,Omeprazole,20mg,56,Dr. M. O'Brien,2024-12-03,2024-11-06,Cancelled
RX004062,P2620,Paracetamol,500mg,66,Dr. L. Torres,2023-11-19,2024-12-08,Cancelled
RX004063,P2621,Ibuprofen,400mg,63,Dr. M. O'Brien,2024-10-21,,Dispensed
RX004064,P2621,Atorvastatin,20mg,34,Dr. C. Müller,2023-08-24,2024-06-30,Pending
RX004065,P2622,Lisinopril,10mg,46,Dr. S. Khan,2023-09-28,2024-04-27,Dispensed
RX004066,P2622,Amoxicillin,500mg,81,Dr. A. Patel,2023-11-01,2024-09-03,Cancelled
RX004067,P2623,Ibuprofen,400mg,41,Dr. L. Torres,2024-04-29,2024-12-18,Dispensed
RX004068,P2624,Ibuprofen,400mg,67,Dr. L. Torres,2024-05-01,,Pending
RX004069,P2624,Levothyroxine,50mcg,29,Dr. R. Singh,2024-01-07,,Dispensed
RX004070,P2625,Insulin Glargine,10 units,54,Dr. J. Nkosi,2023-03-05,,Pending
RX004071,P2625,Lisinopril,10mg,78,Dr. J. Nkosi,2024-04-08,2024-12-19,Cancelled
RX004072,P2625,Ramipril,5mg,36,Dr. R. Singh,2023-06-07,2024-09-13,Cancelled
RX004073,P2625,Amlodipine,5mg,47,Dr. R. Singh,2024-09-13,2024-07-06,Pending
RX004074,P2626,Amlodipine,5mg,69,Dr. A. Patel,2023-11-19,2024-09-05,Pending
RX004075,P2626,Levothyroxine,50mcg,85,Dr. C. Müller,2024-06-01,,Dispensed
RX004076,P2626,Lisinopril,10mg,88,Dr. M. O'Brien,2024-02-14,2024-12-02,Pending
RX004077,P2627,Clopidogrel,75mg,28,Dr. R. Singh,2023-07-17,2024-03-09,Cancelled
RX004078,P2627,Ramipril,5mg,62,Dr. L. Torres,2023-02-23,2024-07-22,Dispensed
RX004079,P2627,Omeprazole,20mg,86,Dr. L. Torres,2024-06-02,,Dispensed
RX004080,P2628,Bisoprolol,2.5mg,82,Dr. Y. Tanaka,2023-10-01,,Cancelled
RX004081,P2628,Salbutamol,100mcg,37,Dr. C. Müller,2024-05-11,2024-09-21,Cancelled
RX004082,P2628,Ibuprofen,400mg,86,Dr. J. Nkosi,2024-03-11,2024-06-14,Dispensed
RX004083,P2629,Metformin,500mg,45,Dr. Y. Tanaka,2024-12-03,2024-02-26,Dispensed
RX004084,P2629,Gabapentin,300mg,77,Dr. J. Nkosi,2024-03-26,2024-04-30,Cancelled
RX004085,P2629,Lisinopril,10mg,65,Dr. J. Nkosi,2024-01-04,2024-11-17,Pending
RX004086,P2630,Ramipril,5mg,59,Dr. Y. Tanaka,2023-05-24,2024-08-08,Pending
RX004087,P2630,Insulin Glargine,10 units,69,Dr. J. Nkosi,2023-02-25,2024-09-02,Dispensed
RX004088,P2631,Furosemide,40mg,73,Dr. L. Torres,2023-09-20,,Pending
RX004089,P2631,Salbutamol,100mcg,74,Dr. C. Müller,2024-06-03,,Dispensed
RX004090,P2631,Metformin,500mg,67,Dr. C. Müller,2023-07-24,2024-04-10,Pending
RX004091,P2632,Levothyroxine,50mcg,32,Dr. Y. Tanaka,2024-10-27,2024-08-13,Cancelled
RX004092,P2632,Ramipril,5mg,47,Dr. R. Singh,2023-01-11,2024-08-11,Dispensed
RX004093,P2632,Salbutamol,100mcg,68,Dr. A. Patel,2024-05-09,2024-03-13,Dispensed
RX004094,P2632,Lisinopril,10mg,75,Dr. J. Nkosi,2023-08-19,2024-12-29,Cancelled
RX004095,P2633,Gabapentin,300mg,51,Dr. A. Patel,2023-12-19,2024-05-11,Dispensed
RX004096,P2633,Levothyroxine,50mcg,56,Dr. C. Müller,2023-11-05,2024-08-17,Pending
RX004097,P2633,Warfarin,3mg,28,Dr. J. Nkosi,2024-01-18,2024-01-17,Pending
RX004098,P2633,Clopidogrel,75mg,71,Dr. S. Khan,2024-08-14,2024-05-15,Dispensed
RX004099,P2634,Omeprazole,20mg,63,Dr. L. Torres,2024-02-17,2024-01-26,Dispensed
RX004100,P2634,Gabapentin,300mg,62,Dr. C. Müller,2023-01-19,,Pending
RX004101,P2634,Aspirin,75mg,41,Dr. A. Patel,2023-06-08,2024-12-07,Pending
RX004102,P2635,Insulin Glargine,10 units,56,Dr. L. Torres,2024-11-09,2024-09-26,Cancelled
RX004103,P2635,Furosemide,40mg,85,Dr. S. Khan,2024-03-28,2024-06-09,Cancelled
RX004104,P2635,Prednisolone,5mg,37,Dr. C. Müller,2023-09-04,,Dispensed
RX004105,P2636,Paracetamol,500mg,68,Dr. M. O'Brien,2023-03-21,,Cancelled
RX004106,P2636,Bisoprolol,2.5mg,76,Dr. J. Nkosi,2024-07-25,2024-10-20,Cancelled
RX004107,P2637,Salbutamol,100mcg,41,Dr. Y. Tanaka,2023-04-23,2024-11-15,Pending
RX004108,P2638,Amlodipine,5mg,75,Dr. Y. Tanaka,2023-06-18,2024-07-20,Pending
RX004109,P2638,Amoxicillin,500mg,35,Dr. Y. Tanaka,2024-07-22,2024-04-22,Cancelled
RX004110,P2638,Insulin Glargine,10 units,59,Dr. S. Khan,2023-10-17,2024-03-19,Pending
RX004111,P2638,Ramipril,5mg,59,Dr. M. O'Brien,2023-05-04,2024-11-16,Dispensed
RX004112,P2639,Prednisolone,5mg,83,Dr. Y. Tanaka,2023-01-20,2024-08-02,Cancelled
RX004113,P2639,Ramipril,5mg,60,Dr. R. Singh,2023-05-29,,Dispensed
RX004114,P2640,Prednisolone,5mg,53,Dr. M. O'Brien,2023-11-02,2024-12-21,Dispensed
RX004115,P2640,Ramipril,5mg,28,Dr. M. O'Brien,2024-10-02,2024-11-22,Dispensed
RX004116,P2640,Amoxicillin,500mg,78,Dr. C. Müller,2024-01-24,2024-08-01,Cancelled
RX004117,P2640,Lisinopril,10mg,45,Dr. M. O'Brien,2024-04-06,2024-05-07,Cancelled
RX004118,P2641,Omeprazole,20mg,64,Dr. L. Torres,2024-09-30,2024-04-04,Dispensed
RX004119,P2641,Levothyroxine,50mcg,76,Dr. S. Khan,2023-05-16,2024-08-24,Dispensed
RX004120,P2641,Prednisolone,5mg,41,Dr. R. Singh,2023-11-23,,Cancelled
RX004121,P2641,Clopidogrel,75mg,88,Dr. S. Khan,2024-05-17,2024-05-25,Cancelled
RX004122,P2642,Aspirin,75mg,77,Dr. A. Patel,2023-02-07,2024-05-24,Pending
RX004123,P2643,Ibuprofen,400mg,74,Dr. C. Müller,2023-10-15,2024-02-28,Cancelled
RX004124,P2643,Atorvastatin,20mg,79,Dr. J. Nkosi,2024-08-23,2024-07-25,Cancelled
RX004125,P2644,Levothyroxine,50mcg,51,Dr. M. O'Brien,2023-02-01,2024-07-05,Pending
RX004126,P2645,Insulin Glargine,10 units,53,Dr. Y. Tanaka,2023-10-12,2024-01-29,Cancelled
RX004127,P2645,Sertraline,50mg,60,Dr. J. Nkosi,2023-07-02,2024-10-07,Dispensed
RX004128,P2646,Furosemide,40mg,54,Dr. J. Nkosi,2024-08-09,2024-11-11,Dispensed
RX004129,P2646,Amoxicillin,500mg,81,Dr. Y. Tanaka,2024-08-10,2024-07-24,Pending
RX004130,P2646,Amlodipine,5mg,56,Dr. C. Müller,2023-11-25,2024-04-12,Cancelled
RX004131,P2647,Ibuprofen,400mg,67,Dr. A. Patel,2023-08-22,,Dispensed
RX004132,P2647,Amoxicillin,500mg,90,Dr. C. Müller,2024-05-05,2024-03-24,Cancelled
RX004133,P2647,Lisinopril,10mg,83,Dr. A. Patel,2023-04-18,2024-06-18,Pending
RX004134,P2648,Furosemide,40mg,53,Dr. J. Nkosi,2024-12-08,2024-07-15,Dispensed
RX004135,P2648,Amoxicillin,500mg,63,Dr. C. Müller,2024-03-22,2024-11-07,Pending
RX004136,P2649,Furosemide,40mg,90,Dr. A. Patel,2023-09-12,2024-08-14,Cancelled
RX004137,P2650,Atorvastatin,20mg,83,Dr. R. Singh,2023-01-11,2024-03-31,Dispensed
RX004138,P2650,Sertraline,50mg,48,Dr. Y. Tanaka,2023-03-05,2024-02-01,Cancelled
RX004139,P2650,Lisinopril,10mg,35,Dr. M. O'Brien,2024-09-06,2024-12-27,Dispensed
RX004140,P2651,Amoxicillin,500mg,72,Dr. R. Singh,2023-03-31,2024-09-07,Pending
RX004141,P2651,Prednisolone,5mg,58,Dr. J. Nkosi,2023-02-16,2024-01-17,Pending
RX004142,P2651,Sertraline,50mg,89,Dr. S. Khan,2024-03-25,,Dispensed
RX004143,P2652,Salbutamol,100mcg,79,Dr. S. Khan,2023-01-29,,Dispensed
RX004144,P2652,Aspirin,75mg,38,Dr. M. O'Brien,2024-01-19,,Dispensed
RX004145,P2653,Lisinopril,10mg,42,Dr. Y. Tanaka,2024-04-02,,Cancelled
RX004146,P2653,Gabapentin,300mg,46,Dr. L. Torres,2023-04-17,,Cancelled
RX004147,P2653,Salbutamol,100mcg,46,Dr. A. Patel,2023-07-09,,Dispensed
RX004148,P2653,Clopidogrel,75mg,72,Dr. A. Patel,2023-02-12,2024-02-02,Cancelled
RX004149,P2654,Amoxicillin,500mg,54,Dr. J. Nkosi,2023-09-24,,Cancelled
RX004150,P2654,Ramipril,5mg,48,Dr. Y. Tanaka,2024-12-02,,Cancelled
RX004151,P2655,Sertraline,50mg,73,Dr. R. Singh,2023-07-03,,Pending
RX004152,P2655,Salbutamol,100mcg,38,Dr. R. Singh,2023-03-07,,Cancelled
RX004153,P2655,Bisoprolol,2.5mg,89,Dr. S. Khan,2023-06-29,2024-02-11,Cancelled
RX004154,P2655,Paracetamol,500mg,65,Dr. Y. Tanaka,2024-12-12,,Cancelled
RX004155,P2656,Warfarin,3mg,85,Dr. A. Patel,2024-01-15,2024-11-24,Dispensed
RX004156,P2656,Clopidogrel,75mg,77,Dr. R. Singh,2023-10-13,2024-07-21,Dispensed
RX004157,P2657,Amoxicillin,500mg,30,Dr. A. Patel,2023-01-29,2024-11-11,Cancelled
RX004158,P2657,Levothyroxine,50mcg,90,Dr. R. Singh,2023-01-02,,Cancelled
RX004159,P2657,Atorvastatin,20mg,77,Dr. S. Khan,2023-10-11,,Dispensed
RX004160,P2657,Insulin Glargine,10 units,65,Dr. R. Singh,2024-02-27,2024-11-25,Pending
RX004161,P2658,Insulin Glargine,10 units,30,Dr. A. Patel,2024-02-10,2024-04-11,Dispensed
RX004162,P2658,Sertraline,50mg,41,Dr. S. Khan,2023-12-06,2024-08-27,Pending
RX004163,P2658,Clopidogrel,75mg,57,Dr. R. Singh,2024-04-04,2024-09-13,Dispensed
RX004164,P2659,Warfarin,3mg,39,Dr. R. Singh,2023-01-24,2024-07-21,Cancelled
RX004165,P2659,Salbutamol,100mcg,30,Dr. L. Torres,2024-11-18,,Cancelled
RX004166,P2659,Clopidogrel,75mg,31,Dr. S. Khan,2023-06-29,,Cancelled
RX004167,P2660,Levothyroxine,50mcg,55,Dr. L. Torres,2024-09-08,2024-04-01,Cancelled
RX004168,P2660,Furosemide,40mg,40,Dr. A. Patel,2024-08-08,2024-09-02,Dispensed
RX004169,P2660,Clopidogrel,75mg,80,Dr. R. Singh,2023-07-09,2024-02-02,Cancelled
RX004170,P2660,Insulin Glargine,10 units,64,Dr. Y. Tanaka,2024-02-09,2024-07-22,Cancelled
RX004171,P2661,Furosemide,40mg,53,Dr. M. O'Brien,2023-01-22,2024-10-20,Dispensed
RX004172,P2661,Bisoprolol,2.5mg,74,Dr. C. Müller,2024-08-01,2024-06-27,Cancelled
RX004173,P2661,Warfarin,3mg,35,Dr. M. O'Brien,2023-01-28,,Pending
RX004174,P2662,Atorvastatin,20mg,65,Dr. Y. Tanaka,2023-08-12,2024-09-23,Pending
RX004175,P2663,Ibuprofen,400mg,81,Dr. L. Torres,2024-08-10,,Dispensed
RX004176,P2663,Metformin,500mg,63,Dr. L. Torres,2024-01-25,,Dispensed
RX004177,P2664,Atorvastatin,20mg,33,Dr. A. Patel,2024-03-10,2024-07-30,Pending
RX004178,P2664,Furosemide,40mg,62,Dr. J. Nkosi,2023-05-27,,Pending
RX004179,P2664,Ibuprofen,400mg,35,Dr. S. Khan,2023-01-15,2024-06-11,Pending
RX004180,P2664,Bisoprolol,2.5mg,90,Dr. J. Nkosi,2024-05-31,,Dispensed
RX004181,P2665,Atorvastatin,20mg,65,Dr. M. O'Brien,2024-01-12,,Pending
RX004182,P2665,Ramipril,5mg,74,Dr. M. O'Brien,2023-05-06,,Pending
RX004183,P2665,Paracetamol,500mg,44,Dr. A. Patel,2023-09-27,,Pending
RX004184,P2666,Amlodipine,5mg,34,Dr. R. Singh,2023-07-16,,Cancelled
RX004185,P2666,Insulin Glargine,10 units,67,Dr. M. O'Brien,2023-03-02,2024-09-04,Pending
RX004186,P2667,Aspirin,75mg,40,Dr. Y. Tanaka,2023-03-25,2024-02-20,Dispensed
RX004187,P2667,Amlodipine,5mg,87,Dr. Y. Tanaka,2023-06-13,,Dispensed
RX004188,P2667,Paracetamol,500mg,89,Dr. S. Khan,2024-06-18,2024-08-22,Cancelled
RX004189,P2668,Bisoprolol,2.5mg,47,Dr. A. Patel,2024-04-07,2024-04-13,Cancelled
RX004190,P2668,Levothyroxine,50mcg,64,Dr. Y. Tanaka,2024-06-29,,Pending
RX004191,P2668,Amoxicillin,500mg,41,Dr. L. Torres,2024-11-02,2024-02-13,Cancelled
RX004192,P2669,Furosemide,40mg,55,Dr. R. Singh,2024-01-16,,Dispensed
RX004193,P2669,Omeprazole,20mg,57,Dr. L. Torres,2023-02-11,,Pending
RX004194,P2669,Gabapentin,300mg,83,Dr. M. O'Brien,2024-09-15,2024-03-21,Dispensed
RX004195,P2670,Paracetamol,500mg,35,Dr. Y. Tanaka,2023-12-16,2024-05-09,Cancelled
RX004196,P2670,Atorvastatin,20mg,69,Dr. R. Singh,2023-08-01,2024-02-13,Pending
RX004197,P2670,Metformin,500mg,58,Dr. L. Torres,2023-11-05,2024-10-11,Dispensed
RX004198,P2671,Insulin Glargine,10 units,28,Dr. R. Singh,2024-09-13,2024-11-01,Dispensed
RX004199,P2671,Lisinopril,10mg,75,Dr. S. Khan,2024-02-22,2024-10-14,Pending
RX004200,P2672,Atorvastatin,20mg,39,Dr. R. Singh,2024-12-27,,Dispensed
RX004201,P2672,Amlodipine,5mg,65,Dr. M. O'Brien,2023-11-02,2024-09-28,Cancelled
RX004202,P2672,Insulin Glargine,10 units,67,Dr. C. Müller,2024-02-07,,Dispensed
RX004203,P2672,Sertraline,50mg,72,Dr. S. Khan,2023-03-19,2024-08-26,Cancelled
RX004204,P2673,Ramipril,5mg,35,Dr. M. O'Brien,2023-01-29,,Dispensed
RX004205,P2674,Insulin Glargine,10 units,38,Dr. J. Nkosi,2023-09-02,,Cancelled
RX004206,P2674,Amoxicillin,500mg,76,Dr. C. Müller,2023-04-23,,Pending
RX004207,P2675,Metformin,500mg,60,Dr. Y. Tanaka,2023-12-20,,Cancelled
RX004208,P2676,Gabapentin,300mg,89,Dr. M. O'Brien,2023-09-06,2024-01-15,Cancelled
RX004209,P2676,Levothyroxine,50mcg,60,Dr. L. Torres,2023-01-06,2024-07-20,Dispensed
RX004210,P2676,Furosemide,40mg,87,Dr. J. Nkosi,2024-05-07,2024-11-12,Cancelled
RX004211,P2677,Paracetamol,500mg,62,Dr. S. Khan,2024-05-08,2024-08-12,Dispensed
RX004212,P2677,Ramipril,5mg,39,Dr. Y. Tanaka,2023-04-18,,Cancelled
RX004213,P2677,Lisinopril,10mg,71,Dr. M. O'Brien,2024-11-04,2024-10-09,Dispensed
RX004214,P2677,Amoxicillin,500mg,38,Dr. C. Müller,2023-02-03,,Dispensed
RX004215,P2678,Warfarin,3mg,67,Dr. M. O'Brien,2023-10-17,2024-12-09,Cancelled
RX004216,P2678,Omeprazole,20mg,29,Dr. M. O'Brien,2024-01-24,,Cancelled
RX004217,P2679,Aspirin,75mg,80,Dr. A. Patel,2023-05-24,2024-06-11,Pending
RX004218,P2679,Levothyroxine,50mcg,41,Dr. A. Patel,2024-09-14,,Dispensed
RX004219,P2679,Prednisolone,5mg,32,Dr. R. Singh,2023-02-18,2024-04-16,Pending
RX004220,P2679,Ibuprofen,400mg,60,Dr. R. Singh,2023-05-01,2024-04-12,Dispensed
RX004221,P2680,Paracetamol,500mg,40,Dr. R. Singh,2024-05-21,,Pending
RX004222,P2680,Gabapentin,300mg,76,Dr. R. Singh,2024-08-21,,Cancelled
RX004223,P2681,Sertraline,50mg,68,Dr. J. Nkosi,2023-10-07,2024-06-19,Pending
RX004224,P2681,Lisinopril,10mg,88,Dr. A. Patel,2024-02-09,2024-12-05,Pending
RX004225,P2681,Salbutamol,100mcg,41,Dr. A. Patel,2024-04-30,2024-05-02,Pending
RX004226,P2681,Amlodipine,5mg,54,Dr. M. O'Brien,2024-02-17,2024-06-25,Dispensed
RX004227,P2682,Warfarin,3mg,47,Dr. A. Patel,2023-07-12,2024-07-21,Dispensed
RX004228,P2682,Lisinopril,10mg,78,Dr. L. Torres,2023-06-09,,Cancelled
RX004229,P2683,Bisoprolol,2.5mg,30,Dr. Y. Tanaka,2023-02-12,,Dispensed
RX004230,P2683,Furosemide,40mg,55,Dr. S. Khan,2023-04-07,,Pending
RX004231,P2683,Paracetamol,500mg,80,Dr. C. Müller,2023-10-13,2024-08-12,Dispensed
RX004232,P2683,Amlodipine,5mg,45,Dr. Y. Tanaka,2024-10-19,,Cancelled
RX004233,P2684,Atorvastatin,20mg,80,Dr. C. Müller,2024-11-05,,Dispensed
RX004234,P2684,Levothyroxine,50mcg,51,Dr. Y. Tanaka,2023-05-01,2024-08-15,Pending
RX004235,P2685,Atorvastatin,20mg,70,Dr. S. Khan,2024-10-19,2024-01-06,Pending
RX004236,P2685,Levothyroxine,50mcg,49,Dr. J. Nkosi,2023-03-07,2024-07-19,Cancelled
RX004237,P2686,Omeprazole,20mg,86,Dr. Y. Tanaka,2024-11-14,2024-04-04,Pending
RX004238,P2686,Paracetamol,500mg,79,Dr. R. Singh,2024-05-28,2024-07-07,Dispensed
RX004239,P2686,Gabapentin,300mg,38,Dr. L. Torres,2023-05-18,,Pending
RX004240,P2687,Amoxicillin,500mg,72,Dr. J. Nkosi,2023-03-01,,Pending
RX004241,P2687,Clopidogrel,75mg,46,Dr. L. Torres,2024-02-18,,Cancelled
RX004242,P2687,Ibuprofen,400mg,66,Dr. A. Patel,2023-10-17,2024-08-11,Cancelled
RX004243,P2688,Warfarin,3mg,39,Dr. A. Patel,2024-02-01,,Pending
RX004244,P2688,Ramipril,5mg,29,Dr. L. Torres,2024-04-06,,Dispensed
RX004245,P2689,Prednisolone,5mg,84,Dr. S. Khan,2023-03-07,2024-08-24,Pending
RX004246,P2689,Paracetamol,500mg,52,Dr. S. Khan,2023-04-30,2024-02-22,Dispensed
RX004247,P2689,Gabapentin,300mg,30,Dr. S. Khan,2024-09-02,,Cancelled
RX004248,P2689,Lisinopril,10mg,55,Dr. C. Müller,2024-03-29,2024-06-15,Pending
RX004249,P2690,Aspirin,75mg,76,Dr. A. Patel,2024-12-24,2024-03-22,Cancelled
RX004250,P2690,Metformin,500mg,39,Dr. L. Torres,2023-03-13,2024-12-17,Dispensed
RX004251,P2690,Amlodipine,5mg,55,Dr. A. Patel,2023-06-04,2024-10-16,Dispensed
RX004252,P2690,Paracetamol,500mg,62,Dr. R. Singh,2023-07-31,2024-06-06,Cancelled
RX004253,P2691,Warfarin,3mg,65,Dr. Y. Tanaka,2023-04-13,2024-01-30,Pending
RX004254,P2691,Amoxicillin,500mg,54,Dr. Y. Tanaka,2024-03-12,2024-10-17,Dispensed
RX004255,P2692,Ibuprofen,400mg,30,Dr. J. Nkosi,2024-01-10,,Pending
RX004256,P2692,Atorvastatin,20mg,66,Dr. S. Khan,2023-03-03,,Dispensed
RX004257,P2692,Omeprazole,20mg,40,Dr. Y. Tanaka,2023-04-28,2024-06-10,Pending
RX004258,P2693,Levothyroxine,50mcg,53,Dr. S. Khan,2024-07-25,2024-01-21,Pending
RX004259,P2693,Insulin Glargine,10 units,73,Dr. J. Nkosi,2024-11-07,2024-04-04,Cancelled
RX004260,P2693,Aspirin,75mg,71,Dr. Y. Tanaka,2024-02-28,2024-07-07,Dispensed
RX004261,P2694,Salbutamol,100mcg,73,Dr. S. Khan,2024-11-07,2024-10-20,Cancelled
RX004262,P2694,Amlodipine,5mg,38,Dr. S. Khan,2024-09-13,2024-08-10,Pending
RX004263,P2694,Paracetamol,500mg,78,Dr. J. Nkosi,2023-06-07,,Cancelled
RX004264,P2695,Ramipril,5mg,74,Dr. A. Patel,2023-11-16,,Pending
RX004265,P2695,Lisinopril,10mg,34,Dr. R. Singh,2024-10-23,2024-08-17,Pending
RX004266,P2696,Omeprazole,20mg,55,Dr. Y. Tanaka,2023-07-10,2024-08-05,Dispensed
RX004267,P2697,Furosemide,40mg,52,Dr. Y. Tanaka,2023-12-15,2024-12-06,Pending
RX004268,P2697,Clopidogrel,75mg,30,Dr. R. Singh,2024-01-09,,Pending
RX004269,P2697,Warfarin,3mg,36,Dr. J. Nkosi,2023-02-23,2024-08-24,Pending
RX004270,P2698,Ibuprofen,400mg,64,Dr. A. Patel,2023-09-06,2024-03-05,Pending
RX004271,P2698,Levothyroxine,50mcg,47,Dr. C. Müller,2024-03-08,2024-12-24,Dispensed
RX004272,P2698,Prednisolone,5mg,69,Dr. M. O'Brien,2023-07-24,2024-02-28,Cancelled
RX004273,P2699,Aspirin,75mg,62,Dr. S. Khan,2024-07-13,2024-06-24,Cancelled
RX004274,P2699,Salbutamol,100mcg,84,Dr. Y. Tanaka,2023-11-23,2024-04-02,Pending
RX004275,P2700,Atorvastatin,20mg,74,Dr. Y. Tanaka,2023-08-29,2024-03-03,Pending
RX004276,P2701,Amoxicillin,500mg,50,Dr. J. Nkosi,2024-01-01,2024-04-22,Dispensed
RX004277,P2701,Prednisolone,5mg,42,Dr. R. Singh,2024-04-14,2024-03-12,Dispensed
RX004278,P2701,Omeprazole,20mg,30,Dr. J. Nkosi,2024-11-12,2024-05-25,Cancelled
RX004279,P2701,Ramipril,5mg,79,Dr. Y. Tanaka,2023-03-05,2024-08-30,Cancelled
RX004280,P2702,Atorvastatin,20mg,48,Dr. M. O'Brien,2023-09-10,2024-10-12,Cancelled
RX004281,P2702,Levothyroxine,50mcg,44,Dr. Y. Tanaka,2023-08-09,2024-07-13,Dispensed
RX004282,P2702,Furosemide,40mg,43,Dr. C. Müller,2024-10-14,2024-07-30,Pending
RX004283,P2703,Bisoprolol,2.5mg,45,Dr. M. O'Brien,2024-10-31,2024-07-14,Dispensed
RX004284,P2703,Clopidogrel,75mg,65,Dr. A. Patel,2023-08-22,2024-05-29,Cancelled
RX004285,P2703,Sertraline,50mg,79,Dr. R. Singh,2023-03-08,2024-03-11,Cancelled
RX004286,P2704,Bisoprolol,2.5mg,36,Dr. Y. Tanaka,2024-08-16,,Cancelled
RX004287,P2705,Clopidogrel,75mg,39,Dr. J. Nkosi,2024-02-21,,Cancelled
RX004288,P2706,Levothyroxine,50mcg,33,Dr. Y. Tanaka,2024-09-06,,Pending
RX004289,P2706,Gabapentin,300mg,44,Dr. A. Patel,2024-05-10,,Dispensed
RX004290,P2706,Sertraline,50mg,88,Dr. C. Müller,2023-07-29,,Dispensed
RX004291,P2706,Warfarin,3mg,80,Dr. J. Nkosi,2023-06-03,2024-08-06,Dispensed
RX004292,P2707,Amlodipine,5mg,49,Dr. L. Torres,2023-07-07,,Cancelled
RX004293,P2707,Warfarin,3mg,50,Dr. J. Nkosi,2023-12-20,2024-03-13,Cancelled
RX004294,P2707,Gabapentin,300mg,65,Dr. A. Patel,2023-09-10,2024-09-12,Pending
RX004295,P2707,Metformin,500mg,63,Dr. S. Khan,2023-09-10,2024-11-19,Pending
RX004296,P2708,Ibuprofen,400mg,85,Dr. L. Torres,2023-06-03,2024-08-22,Pending
RX004297,P2708,Prednisolone,5mg,60,Dr. J. Nkosi,2023-12-17,2024-11-06,Dispensed
RX004298,P2708,Paracetamol,500mg,50,Dr. S. Khan,2024-12-05,,Cancelled
RX004299,P2709,Aspirin,75mg,56,Dr. A. Patel,2024-02-15,2024-09-30,Pending
RX004300,P2709,Amlodipine,5mg,83,Dr. M. O'Brien,2024-11-07,2024-06-26,Dispensed
RX004301,P2710,Warfarin,3mg,58,Dr. Y. Tanaka,2024-09-03,,Pending
RX004302,P2711,Furosemide,40mg,33,Dr. R. Singh,2023-10-16,2024-05-15,Pending
RX004303,P2711,Paracetamol,500mg,62,Dr. A. Patel,2023-09-16,,Cancelled
RX004304,P2712,Warfarin,3mg,76,Dr. R. Singh,2023-10-21,2024-11-16,Cancelled
RX004305,P2712,Bisoprolol,2.5mg,35,Dr. A. Patel,2023-08-21,2024-07-27,Dispensed
RX004306,P2712,Atorvastatin,20mg,56,Dr. S. Khan,2024-06-28,2024-10-08,Pending
RX004307,P2712,Insulin Glargine,10 units,71,Dr. A. Patel,2023-09-21,2024-07-23,Dispensed
RX004308,P2713,Metformin,500mg,88,Dr. C. Müller,2023-12-04,2024-02-29,Pending
RX004309,P2714,Metformin,500mg,85,Dr. C. Müller,2024-04-23,,Pending
RX004310,P2715,Levothyroxine,50mcg,51,Dr. S. Khan,2024-07-31,2024-07-19,Cancelled
RX004311,P2716,Lisinopril,10mg,68,Dr. J. Nkosi,2024-05-04,2024-11-02,Cancelled
RX004312,P2717,Paracetamol,500mg,71,Dr. A. Patel,2024-04-03,2024-08-30,Cancelled
RX004313,P2717,Gabapentin,300mg,64,Dr. Y. Tanaka,2023-09-23,2024-08-12,Pending
RX004314,P2718,Amlodipine,5mg,79,Dr. R. Singh,2023-10-31,,Cancelled
RX004315,P2719,Paracetamol,500mg,86,Dr. R. Singh,2024-09-25,2024-12-22,Dispensed
RX004316,P2719,Warfarin,3mg,31,Dr. Y. Tanaka,2023-10-26,2024-03-04,Pending
RX004317,P2720,Ramipril,5mg,63,Dr. S. Khan,2024-10-16,2024-01-11,Cancelled
RX004318,P2720,Metformin,500mg,61,Dr. L. Torres,2023-09-25,2024-02-13,Dispensed
RX004319,P2720,Bisoprolol,2.5mg,39,Dr. M. O'Brien,2024-07-22,2024-06-03,Dispensed
RX004320,P2721,Gabapentin,300mg,72,Dr. C. Müller,2023-12-19,,Cancelled
RX004321,P2721,Insulin Glargine,10 units,67,Dr. Y. Tanaka,2023-06-13,2024-09-19,Pending
RX004322,P2721,Amlodipine,5mg,38,Dr. L. Torres,2023-10-21,,Cancelled
RX004323,P2722,Lisinopril,10mg,87,Dr. Y. Tanaka,2023-10-16,2024-08-02,Dispensed
RX004324,P2722,Omeprazole,20mg,70,Dr. L. Torres,2023-10-01,2024-02-17,Dispensed
RX004325,P2722,Insulin Glargine,10 units,73,Dr. C. Müller,2024-06-06,2024-10-11,Pending
RX004326,P2722,Ramipril,5mg,82,Dr. M. O'Brien,2023-09-06,2024-10-09,Cancelled
RX004327,P2723,Lisinopril,10mg,46,Dr. A. Patel,2023-11-28,,Dispensed
RX004328,P2724,Amlodipine,5mg,90,Dr. A. Patel,2023-05-24,2024-06-16,Dispensed
RX004329,P2724,Lisinopril,10mg,71,Dr. A. Patel,2023-02-13,,Cancelled
RX004330,P2724,Sertraline,50mg,83,Dr. C. Müller,2024-02-12,2024-05-15,Pending
RX004331,P2725,Ibuprofen,400mg,70,Dr. J. Nkosi,2023-09-12,,Pending
RX004332,P2726,Clopidogrel,75mg,89,Dr. R. Singh,2024-09-17,,Cancelled
RX004333,P2727,Ibuprofen,400mg,85,Dr. A. Patel,2023-03-26,2024-02-20,Pending
RX004334,P2727,Aspirin,75mg,32,Dr. Y. Tanaka,2023-03-15,2024-12-24,Pending
RX004335,P2727,Warfarin,3mg,77,Dr. C. Müller,2024-08-23,2024-05-14,Dispensed
RX004336,P2727,Amoxicillin,500mg,81,Dr. S. Khan,2023-12-28,,Dispensed
RX004337,P2728,Amlodipine,5mg,84,Dr. R. Singh,2024-06-16,,Dispensed
RX004338,P2728,Lisinopril,10mg,32,Dr. J. Nkosi,2024-09-28,,Cancelled
RX004339,P2728,Metformin,500mg,87,Dr. Y. Tanaka,2024-07-27,2024-07-09,Dispensed
RX004340,P2729,Clopidogrel,75mg,43,Dr. M. O'Brien,2023-12-13,2024-03-11,Pending
RX004341,P2729,Levothyroxine,50mcg,35,Dr. A. Patel,2023-08-23,2024-11-03,Dispensed
RX004342,P2729,Ramipril,5mg,68,Dr. M. O'Brien,2023-12-17,,Cancelled
RX004343,P2729,Insulin Glargine,10 units,55,Dr. C. Müller,2024-11-13,,Pending
RX004344,P2730,Prednisolone,5mg,34,Dr. J. Nkosi,2024-02-17,2024-10-06,Cancelled
RX004345,P2730,Aspirin,75mg,44,Dr. J. Nkosi,2023-05-02,2024-03-16,Dispensed
RX004346,P2731,Gabapentin,300mg,47,Dr. L. Torres,2023-11-17,2024-12-12,Cancelled
RX004347,P2731,Warfarin,3mg,36,Dr. M. O'Brien,2024-12-28,2024-04-06,Cancelled
RX004348,P2731,Amoxicillin,500mg,84,Dr. Y. Tanaka,2023-02-28,,Dispensed
RX004349,P2732,Prednisolone,5mg,50,Dr. M. O'Brien,2023-09-17,2024-07-13,Cancelled
RX004350,P2733,Amoxicillin,500mg,74,Dr. S. Khan,2023-12-28,2024-08-11,Cancelled
RX004351,P2733,Clopidogrel,75mg,76,Dr. M. O'Brien,2023-05-14,2024-03-20,Dispensed
RX004352,P2733,Lisinopril,10mg,61,Dr. L. Torres,2023-09-22,2024-06-06,Cancelled
RX004353,P2734,Insulin Glargine,10 units,34,Dr. A. Patel,2023-08-30,2024-05-18,Cancelled
RX004354,P2734,Salbutamol,100mcg,59,Dr. J. Nkosi,2024-10-02,2024-11-27,Pending
RX004355,P2734,Atorvastatin,20mg,63,Dr. L. Torres,2024-02-19,,Pending
RX004356,P2734,Paracetamol,500mg,71,Dr. R. Singh,2023-07-07,2024-05-27,Dispensed
RX004357,P2735,Ramipril,5mg,63,Dr. J. Nkosi,2023-01-06,2024-01-29,Cancelled
RX004358,P2735,Warfarin,3mg,65,Dr. Y. Tanaka,2024-04-18,,Dispensed
RX004359,P2735,Amoxicillin,500mg,72,Dr. A. Patel,2023-02-09,,Cancelled
RX004360,P2736,Bisoprolol,2.5mg,32,Dr. L. Torres,2024-05-02,2024-07-02,Cancelled
RX004361,P2736,Aspirin,75mg,52,Dr. A. Patel,2024-02-18,2024-05-21,Pending
RX004362,P2736,Lisinopril,10mg,37,Dr. J. Nkosi,2024-02-18,2024-09-29,Dispensed
RX004363,P2737,Furosemide,40mg,31,Dr. M. O'Brien,2023-05-01,,Dispensed
RX004364,P2737,Paracetamol,500mg,53,Dr. L. Torres,2023-12-30,2024-05-31,Cancelled
RX004365,P2737,Insulin Glargine,10 units,33,Dr. J. Nkosi,2023-11-01,,Cancelled
RX004366,P2738,Insulin Glargine,10 units,70,Dr. J. Nkosi,2024-10-20,2024-12-02,Dispensed
RX004367,P2738,Paracetamol,500mg,60,Dr. C. Müller,2024-07-05,,Pending
RX004368,P2739,Ibuprofen,400mg,82,Dr. A. Patel,2024-10-26,2024-08-17,Dispensed
RX004369,P2739,Atorvastatin,20mg,84,Dr. L. Torres,2024-01-24,2024-11-05,Dispensed
RX004370,P2740,Warfarin,3mg,47,Dr. Y. Tanaka,2023-05-10,2024-08-29,Dispensed
RX004371,P2740,Sertraline,50mg,46,Dr. A. Patel,2023-03-12,2024-09-04,Pending
RX004372,P2740,Lisinopril,10mg,71,Dr. Y. Tanaka,2023-05-22,2024-03-09,Dispensed
RX004373,P2740,Atorvastatin,20mg,49,Dr. C. Müller,2024-07-08,2024-07-04,Cancelled
RX004374,P2741,Levothyroxine,50mcg,51,Dr. M. O'Brien,2023-04-12,,Pending
RX004375,P2741,Furosemide,40mg,83,Dr. M. O'Brien,2023-04-06,,Dispensed
RX004376,P2741,Paracetamol,500mg,82,Dr. M. O'Brien,2023-02-11,2024-09-14,Pending
RX004377,P2742,Metformin,500mg,57,Dr. A. Patel,2023-06-05,2024-01-20,Pending
RX004378,P2742,Paracetamol,500mg,28,Dr. M. O'Brien,2023-07-24,2024-03-30,Pending
RX004379,P2743,Levothyroxine,50mcg,61,Dr. R. Singh,2023-02-12,2024-12-16,Dispensed
RX004380,P2743,Warfarin,3mg,68,Dr. S. Khan,2024-08-25,,Dispensed
RX004381,P2744,Metformin,500mg,41,Dr. J. Nkosi,2023-08-19,2024-06-13,Dispensed
RX004382,P2745,Lisinopril,10mg,79,Dr. M. O'Brien,2024-06-15,2024-03-24,Dispensed
RX004383,P2745,Furosemide,40mg,72,Dr. Y. Tanaka,2024-03-26,,Cancelled
RX004384,P2745,Ramipril,5mg,67,Dr. S. Khan,2024-02-24,2024-04-13,Dispensed
RX004385,P2745,Metformin,500mg,74,Dr. M. O'Brien,2023-01-07,,Dispensed
RX004386,P2746,Lisinopril,10mg,58,Dr. S. Khan,2024-01-09,2024-01-04,Cancelled
RX004387,P2746,Ibuprofen,400mg,67,Dr. C. Müller,2024-10-01,2024-03-03,Pending
RX004388,P2746,Metformin,500mg,32,Dr. R. Singh,2023-03-02,2024-01-15,Cancelled
RX004389,P2746,Ramipril,5mg,76,Dr. J. Nkosi,2023-02-10,2024-06-05,Cancelled
RX004390,P2747,Aspirin,75mg,41,Dr. M. O'Brien,2024-08-22,2024-02-26,Cancelled
RX004391,P2747,Amoxicillin,500mg,29,Dr. L. Torres,2024-11-27,,Dispensed
RX004392,P2747,Insulin Glargine,10 units,63,Dr. J. Nkosi,2024-09-04,2024-10-26,Dispensed
RX004393,P2748,Omeprazole,20mg,41,Dr. Y. Tanaka,2023-04-16,2024-11-15,Cancelled
RX004394,P2748,Bisoprolol,2.5mg,86,Dr. M. O'Brien,2024-07-24,,Cancelled
RX004395,P2749,Warfarin,3mg,37,Dr. J. Nkosi,2023-07-27,2024-09-06,Cancelled
RX004396,P2749,Sertraline,50mg,86,Dr. J. Nkosi,2023-03-14,,Pending
RX004397,P2749,Clopidogrel,75mg,67,Dr. Y. Tanaka,2024-06-03,2024-04-03,Cancelled
RX004398,P2750,Insulin Glargine,10 units,75,Dr. S. Khan,2024-07-13,2024-09-06,Cancelled
RX004399,P2750,Gabapentin,300mg,66,Dr. Y. Tanaka,2023-10-16,2024-05-10,Pending
RX004400,P2750,Amoxicillin,500mg,75,Dr. M. O'Brien,2024-02-05,,Dispensed
RX004401,P2751,Warfarin,3mg,43,Dr. L. Torres,2024-09-20,,Dispensed
RX004402,P2751,Amlodipine,5mg,45,Dr. A. Patel,2023-08-04,2024-01-08,Pending
RX004403,P2751,Atorvastatin,20mg,66,Dr. J. Nkosi,2024-12-03,,Dispensed
RX004404,P2751,Ibuprofen,400mg,60,Dr. C. Müller,2023-05-31,,Cancelled
RX004405,P2752,Sertraline,50mg,69,Dr. L. Torres,2023-05-25,,Cancelled
RX004406,P2752,Atorvastatin,20mg,43,Dr. L. Torres,2024-11-25,2024-08-03,Pending
RX004407,P2753,Atorvastatin,20mg,55,Dr. A. Patel,2023-05-03,,Cancelled
RX004408,P2753,Aspirin,75mg,65,Dr. C. Müller,2023-03-03,2024-04-10,Cancelled
RX004409,P2754,Warfarin,3mg,87,Dr. M. O'Brien,2024-12-10,2024-12-05,Cancelled
RX004410,P2755,Amlodipine,5mg,86,Dr. C. Müller,2023-06-27,2024-11-08,Dispensed
RX004411,P2755,Clopidogrel,75mg,52,Dr. S. Khan,2023-04-21,2024-04-02,Cancelled
RX004412,P2755,Ibuprofen,400mg,66,Dr. L. Torres,2023-10-18,2024-02-02,Cancelled
RX004413,P2755,Warfarin,3mg,49,Dr. C. Müller,2024-06-07,2024-09-09,Cancelled
RX004414,P2756,Warfarin,3mg,66,Dr. J. Nkosi,2023-07-27,2024-02-13,Dispensed
RX004415,P2756,Bisoprolol,2.5mg,39,Dr. L. Torres,2023-09-03,,Pending
RX004416,P2757,Amlodipine,5mg,63,Dr. M. O'Brien,2023-05-18,,Dispensed
RX004417,P2757,Bisoprolol,2.5mg,35,Dr. R. Singh,2024-11-07,,Pending
RX004418,P2757,Ibuprofen,400mg,50,Dr. M. O'Brien,2024-12-07,2024-09-12,Dispensed
RX004419,P2757,Ramipril,5mg,61,Dr. C. Müller,2023-05-03,,Dispensed
RX004420,P2758,Omeprazole,20mg,48,Dr. L. Torres,2023-11-09,2024-07-24,Pending
RX004421,P2758,Lisinopril,10mg,73,Dr. C. Müller,2024-09-12,2024-09-28,Cancelled
RX004422,P2759,Warfarin,3mg,38,Dr. A. Patel,2023-12-16,2024-08-30,Pending
RX004423,P2760,Amoxicillin,500mg,45,Dr. R. Singh,2023-10-27,2024-02-03,Pending
RX004424,P2760,Atorvastatin,20mg,81,Dr. R. Singh,2024-03-06,2024-05-21,Pending
RX004425,P2761,Omeprazole,20mg,60,Dr. A. Patel,2024-01-18,2024-12-06,Pending
RX004426,P2761,Metformin,500mg,45,Dr. M. O'Brien,2023-12-31,2024-07-02,Cancelled
RX004427,P2761,Amlodipine,5mg,48,Dr. J. Nkosi,2023-12-10,2024-02-17,Cancelled
RX004428,P2761,Prednisolone,5mg,63,Dr. L. Torres,2023-05-16,2024-03-24,Cancelled
RX004429,P2762,Bisoprolol,2.5mg,32,Dr. A. Patel,2024-02-11,2024-01-16,Pending
RX004430,P2762,Prednisolone,5mg,89,Dr. A. Patel,2024-09-27,2024-06-25,Cancelled
RX004431,P2762,Warfarin,3mg,44,Dr. S. Khan,2024-10-24,2024-06-29,Pending
RX004432,P2762,Insulin Glargine,10 units,53,Dr. S. Khan,2024-04-27,2024-07-02,Cancelled
RX004433,P2763,Ibuprofen,400mg,79,Dr. Y. Tanaka,2024-12-13,,Cancelled
RX004434,P2763,Aspirin,75mg,77,Dr. M. O'Brien,2024-09-12,2024-01-03,Cancelled
RX004435,P2763,Lisinopril,10mg,77,Dr. Y. Tanaka,2024-01-20,2024-12-05,Cancelled
RX004436,P2764,Sertraline,50mg,30,Dr. R. Singh,2024-06-01,2024-09-16,Dispensed
RX004437,P2764,Salbutamol,100mcg,52,Dr. R. Singh,2023-07-27,2024-03-19,Cancelled
RX004438,P2764,Ramipril,5mg,54,Dr. S. Khan,2024-05-31,2024-08-30,Pending
RX004439,P2764,Amoxicillin,500mg,62,Dr. R. Singh,2023-01-14,,Dispensed
RX004440,P2765,Aspirin,75mg,31,Dr. Y. Tanaka,2024-09-06,2024-11-12,Pending
RX004441,P2766,Furosemide,40mg,59,Dr. J. Nkosi,2024-10-18,2024-03-15,Pending
RX004442,P2766,Prednisolone,5mg,37,Dr. A. Patel,2024-07-11,2024-06-01,Cancelled
RX004443,P2766,Omeprazole,20mg,61,Dr. C. Müller,2023-12-14,,Cancelled
RX004444,P2766,Metformin,500mg,28,Dr. S. Khan,2023-04-19,2024-04-08,Cancelled
RX004445,P2767,Ibuprofen,400mg,66,Dr. A. Patel,2023-06-21,2024-09-09,Dispensed
RX004446,P2767,Atorvastatin,20mg,74,Dr. C. Müller,2023-01-21,2024-04-06,Dispensed
RX004447,P2768,Gabapentin,300mg,43,Dr. Y. Tanaka,2023-09-14,2024-05-12,Dispensed
RX004448,P2768,Ramipril,5mg,65,Dr. L. Torres,2023-12-11,2024-05-08,Cancelled
RX004449,P2768,Sertraline,50mg,36,Dr. M. O'Brien,2023-04-22,,Cancelled
RX004450,P2768,Levothyroxine,50mcg,70,Dr. R. Singh,2024-08-02,2024-10-06,Cancelled
RX004451,P2769,Aspirin,75mg,74,Dr. L. Torres,2024-05-06,,Dispensed
RX004452,P2770,Metformin,500mg,42,Dr. J. Nkosi,2023-08-31,2024-01-23,Cancelled
RX004453,P2770,Warfarin,3mg,59,Dr. C. Müller,2024-01-30,,Pending
RX004454,P2770,Paracetamol,500mg,57,Dr. J. Nkosi,2023-04-11,2024-04-09,Cancelled
RX004455,P2770,Amoxicillin,500mg,30,Dr. J. Nkosi,2023-05-23,,Cancelled
RX004456,P2771,Paracetamol,500mg,51,Dr. Y. Tanaka,2024-01-17,2024-11-24,Dispensed
RX004457,P2772,Insulin Glargine,10 units,30,Dr. M. O'Brien,2023-02-11,2024-10-16,Cancelled
RX004458,P2772,Clopidogrel,75mg,84,Dr. S. Khan,2024-06-19,2024-10-10,Dispensed
RX004459,P2773,Warfarin,3mg,47,Dr. A. Patel,2023-01-26,,Dispensed
RX004460,P2774,Insulin Glargine,10 units,64,Dr. S. Khan,2023-02-23,2024-11-15,Pending
RX004461,P2774,Sertraline,50mg,83,Dr. L. Torres,2024-01-24,2024-04-11,Dispensed
RX004462,P2775,Paracetamol,500mg,40,Dr. R. Singh,2023-08-01,2024-02-25,Cancelled
RX004463,P2775,Lisinopril,10mg,75,Dr. L. Torres,2024-09-13,2024-09-09,Pending
RX004464,P2775,Gabapentin,300mg,28,Dr. M. O'Brien,2024-07-15,2024-03-18,Pending
RX004465,P2776,Paracetamol,500mg,80,Dr. L. Torres,2023-12-25,2024-02-17,Dispensed
RX004466,P2776,Atorvastatin,20mg,81,Dr. Y. Tanaka,2024-02-19,2024-06-01,Dispensed
RX004467,P2777,Omeprazole,20mg,42,Dr. R. Singh,2023-09-11,2024-08-25,Cancelled
RX004468,P2778,Ibuprofen,400mg,88,Dr. J. Nkosi,2023-10-22,,Pending
RX004469,P2778,Omeprazole,20mg,87,Dr. S. Khan,2024-02-02,2024-04-07,Cancelled
RX004470,P2778,Levothyroxine,50mcg,51,Dr. R. Singh,2023-07-27,2024-10-04,Pending
RX004471,P2779,Levothyroxine,50mcg,53,Dr. R. Singh,2024-08-19,2024-09-09,Pending
RX004472,P2780,Atorvastatin,20mg,42,Dr. S. Khan,2024-03-26,2024-03-12,Pending
RX004473,P2780,Paracetamol,500mg,88,Dr. C. Müller,2023-12-07,,Pending
RX004474,P2780,Ibuprofen,400mg,80,Dr. M. O'Brien,2024-04-15,,Pending
RX004475,P2781,Atorvastatin,20mg,58,Dr. L. Torres,2024-03-17,2024-05-08,Dispensed
RX004476,P2782,Gabapentin,300mg,71,Dr. C. Müller,2024-01-06,2024-11-27,Dispensed
RX004477,P2782,Levothyroxine,50mcg,45,Dr. S. Khan,2023-12-11,,Pending
RX004478,P2782,Warfarin,3mg,70,Dr. C. Müller,2023-09-08,2024-04-07,Dispensed
RX004479,P2782,Metformin,500mg,41,Dr. M. O'Brien,2024-05-06,2024-07-10,Cancelled
RX004480,P2783,Levothyroxine,50mcg,55,Dr. R. Singh,2024-03-21,,Dispensed
RX004481,P2784,Warfarin,3mg,82,Dr. C. Müller,2023-08-20,2024-09-26,Cancelled
RX004482,P2784,Ibuprofen,400mg,44,Dr. J. Nkosi,2024-10-29,,Cancelled
RX004483,P2785,Ibuprofen,400mg,51,Dr. R. Singh,2023-02-12,,Dispensed
RX004484,P2785,Salbutamol,100mcg,73,Dr. A. Patel,2024-06-29,,Cancelled
RX004485,P2786,Ramipril,5mg,45,Dr. L. Torres,2024-10-08,2024-03-13,Pending
RX004486,P2787,Insulin Glargine,10 units,53,Dr. A. Patel,2023-08-03,2024-07-19,Pending
RX004487,P2787,Amoxicillin,500mg,53,Dr. Y. Tanaka,2024-05-05,2024-08-07,Dispensed
RX004488,P2787,Prednisolone,5mg,73,Dr. C. Müller,2024-04-20,2024-07-28,Pending
RX004489,P2787,Ramipril,5mg,88,Dr. S. Khan,2023-04-19,2024-08-21,Cancelled
RX004490,P2788,Aspirin,75mg,77,Dr. M. O'Brien,2024-09-13,2024-04-28,Cancelled
RX004491,P2788,Amlodipine,5mg,86,Dr. M. O'Brien,2024-02-26,2024-08-30,Dispensed
RX004492,P2789,Warfarin,3mg,82,Dr. A. Patel,2023-06-13,2024-03-26,Pending
RX004493,P2789,Ibuprofen,400mg,61,Dr. S. Khan,2023-12-12,2024-08-09,Cancelled
RX004494,P2789,Omeprazole,20mg,64,Dr. R. Singh,2024-07-29,,Pending
RX004495,P2789,Ramipril,5mg,56,Dr. C. Müller,2024-04-27,2024-05-15,Cancelled
RX004496,P2790,Lisinopril,10mg,29,Dr. J. Nkosi,2024-09-14,2024-02-08,Cancelled
RX004497,P2790,Metformin,500mg,46,Dr. R. Singh,2023-03-03,2024-03-14,Dispensed
RX004498,P2790,Clopidogrel,75mg,62,Dr. Y. Tanaka,2023-01-05,2024-07-24,Cancelled
RX004499,P2790,Insulin Glargine,10 units,55,Dr. S. Khan,2023-02-22,2024-04-27,Pending
RX004500,P2791,Aspirin,75mg,31,Dr. A. Patel,2024-04-04,,Cancelled
RX004501,P2791,Clopidogrel,75mg,55,Dr. R. Singh,2023-07-01,2024-08-09,Dispensed
RX004502,P2792,Ramipril,5mg,70,Dr. L. Torres,2023-03-04,,Pending
RX004503,P2792,Aspirin,75mg,83,Dr. R. Singh,2023-01-25,2024-02-16,Pending
RX004504,P2792,Sertraline,50mg,58,Dr. M. O'Brien,2023-05-01,2024-01-04,Cancelled
RX004505,P2793,Sertraline,50mg,87,Dr. C. Müller,2024-08-26,2024-04-24,Pending
RX004506,P2793,Amoxicillin,500mg,82,Dr. C. Müller,2024-11-01,2024-02-17,Pending
RX004507,P2793,Ramipril,5mg,73,Dr. C. Müller,2023-01-17,,Pending
RX004508,P2793,Metformin,500mg,62,Dr. R. Singh,2024-02-06,2024-05-02,Pending
RX004509,P2794,Atorvastatin,20mg,47,Dr. S. Khan,2023-10-19,2024-03-26,Pending
RX004510,P2794,Paracetamol,500mg,74,Dr. A. Patel,2024-11-13,2024-11-26,Cancelled
RX004511,P2794,Clopidogrel,75mg,64,Dr. A. Patel,2023-01-23,2024-04-18,Pending
RX004512,P2795,Metformin,500mg,44,Dr. S. Khan,2023-10-02,,Cancelled
RX004513,P2796,Paracetamol,500mg,42,Dr. R. Singh,2024-03-09,,Dispensed
RX004514,P2797,Ibuprofen,400mg,48,Dr. C. Müller,2023-02-19,,Cancelled
RX004515,P2797,Metformin,500mg,39,Dr. J. Nkosi,2024-06-04,2024-10-27,Cancelled
RX004516,P2798,Ibuprofen,400mg,29,Dr. Y. Tanaka,2023-01-18,2024-10-02,Pending
RX004517,P2798,Omeprazole,20mg,37,Dr. A. Patel,2024-08-22,2024-09-11,Dispensed
RX004518,P2799,Salbutamol,100mcg,65,Dr. C. Müller,2023-06-08,2024-05-07,Dispensed
RX004519,P2799,Ramipril,5mg,84,Dr. Y. Tanaka,2024-08-23,2024-05-01,Dispensed
RX004520,P2799,Prednisolone,5mg,60,Dr. J. Nkosi,2023-11-23,2024-07-22,Pending
RX004521,P2799,Levothyroxine,50mcg,44,Dr. C. Müller,2024-10-03,2024-06-18,Pending
RX004522,P2800,Levothyroxine,50mcg,47,Dr. M. O'Brien,2023-05-17,2024-06-17,Pending
RX004523,P2801,Furosemide,40mg,61,Dr. R. Singh,2024-12-08,,Cancelled
RX004524,P2801,Gabapentin,300mg,63,Dr. Y. Tanaka,2023-08-31,2024-12-11,Pending
RX004525,P2801,Omeprazole,20mg,51,Dr. M. O'Brien,2023-11-27,2024-09-02,Pending
RX004526,P2802,Prednisolone,5mg,60,Dr. R. Singh,2023-08-22,2024-06-30,Cancelled
RX004527,P2803,Gabapentin,300mg,88,Dr. R. Singh,2024-02-04,2024-06-18,Cancelled
RX004528,P2803,Bisoprolol,2.5mg,38,Dr. S. Khan,2024-10-10,2024-09-19,Pending
RX004529,P2804,Amlodipine,5mg,77,Dr. R. Singh,2024-03-11,2024-09-14,Pending
RX004530,P2804,Paracetamol,500mg,30,Dr. R. Singh,2024-05-13,2024-10-19,Pending
RX004531,P2804,Lisinopril,10mg,61,Dr. L. Torres,2024-06-21,2024-11-28,Dispensed
RX004532,P2805,Aspirin,75mg,52,Dr. S. Khan,2024-04-13,2024-10-26,Cancelled
RX004533,P2805,Levothyroxine,50mcg,40,Dr. A. Patel,2024-10-07,2024-03-31,Pending
RX004534,P2805,Insulin Glargine,10 units,86,Dr. J. Nkosi,2023-02-16,2024-12-11,Dispensed
RX004535,P2806,Amlodipine,5mg,78,Dr. R. Singh,2023-12-23,2024-12-16,Cancelled
RX004536,P2806,Levothyroxine,50mcg,63,Dr. C. Müller,2023-08-01,2024-12-04,Cancelled
RX004537,P2806,Aspirin,75mg,35,Dr. S. Khan,2023-07-16,,Cancelled
RX004538,P2807,Bisoprolol,2.5mg,40,Dr. Y. Tanaka,2024-11-02,2024-10-15,Cancelled
RX004539,P2808,Warfarin,3mg,62,Dr. R. Singh,2024-07-20,2024-07-18,Dispensed
RX004540,P2808,Ramipril,5mg,72,Dr. J. Nkosi,2024-11-26,2024-11-05,Pending
RX004541,P2808,Amoxicillin,500mg,47,Dr. M. O'Brien,2023-12-30,2024-12-01,Cancelled
RX004542,P2809,Ibuprofen,400mg,63,Dr. S. Khan,2024-06-30,2024-07-24,Dispensed
RX004543,P2809,Paracetamol,500mg,36,Dr. A. Patel,2023-03-22,2024-06-08,Pending
RX004544,P2810,Levothyroxine,50mcg,61,Dr. L. Torres,2024-09-14,2024-08-08,Cancelled
RX004545,P2810,Ramipril,5mg,44,Dr. A. Patel,2024-11-07,,Dispensed
RX004546,P2811,Warfarin,3mg,68,Dr. J. Nkosi,2024-11-19,,Dispensed
RX004547,P2812,Clopidogrel,75mg,77,Dr. S. Khan,2024-08-17,2024-04-17,Cancelled
RX004548,P2812,Warfarin,3mg,55,Dr. M. O'Brien,2023-11-12,2024-12-22,Pending
RX004549,P2813,Amoxicillin,500mg,50,Dr. S. Khan,2024-10-10,,Cancelled
RX004550,P2813,Aspirin,75mg,74,Dr. R. Singh,2024-01-26,2024-07-14,Dispensed
RX004551,P2814,Atorvastatin,20mg,62,Dr. L. Torres,2024-09-20,,Cancelled
RX004552,P2815,Amlodipine,5mg,56,Dr. R. Singh,2024-12-26,,Dispensed
RX004553,P2815,Levothyroxine,50mcg,54,Dr. C. Müller,2024-01-04,2024-06-09,Dispensed
RX004554,P2815,Paracetamol,500mg,50,Dr. J. Nkosi,2024-07-14,2024-03-19,Dispensed
RX004555,P2816,Atorvastatin,20mg,83,Dr. A. Patel,2024-05-07,2024-09-29,Pending
RX004556,P2816,Insulin Glargine,10 units,79,Dr. J. Nkosi,2024-04-05,2024-08-30,Cancelled
RX004557,P2817,Atorvastatin,20mg,46,Dr. L. Torres,2024-05-30,2024-09-27,Dispensed
RX004558,P2818,Clopidogrel,75mg,46,Dr. A. Patel,2023-04-09,2024-11-16,Dispensed
RX004559,P2818,Metformin,500mg,49,Dr. R. Singh,2023-07-03,,Cancelled
RX004560,P2819,Warfarin,3mg,63,Dr. Y. Tanaka,2023-03-10,,Dispensed
RX004561,P2820,Bisoprolol,2.5mg,42,Dr. J. Nkosi,2024-10-31,2024-01-25,Pending
RX004562,P2820,Furosemide,40mg,38,Dr. S. Khan,2024-05-07,2024-05-05,Pending
RX004563,P2821,Atorvastatin,20mg,39,Dr. L. Torres,2023-04-21,2024-09-29,Cancelled
RX004564,P2821,Omeprazole,20mg,74,Dr. M. O'Brien,2024-12-14,,Cancelled
RX004565,P2821,Warfarin,3mg,48,Dr. Y. Tanaka,2024-11-25,2024-06-17,Cancelled
RX004566,P2821,Amoxicillin,500mg,68,Dr. C. Müller,2023-10-26,2024-06-20,Cancelled
RX004567,P2822,Furosemide,40mg,31,Dr. J. Nkosi,2023-08-20,2024-02-09,Dispensed
RX004568,P2822,Prednisolone,5mg,81,Dr. Y. Tanaka,2024-03-22,2024-10-08,Cancelled
RX004569,P2823,Insulin Glargine,10 units,46,Dr. L. Torres,2023-01-03,2024-05-08,Pending
RX004570,P2823,Lisinopril,10mg,47,Dr. C. Müller,2023-04-28,,Cancelled
RX004571,P2823,Gabapentin,300mg,55,Dr. J. Nkosi,2024-09-26,,Pending
RX004572,P2823,Ramipril,5mg,44,Dr. A. Patel,2024-02-11,2024-05-15,Pending
RX004573,P2824,Gabapentin,300mg,32,Dr. J. Nkosi,2024-09-29,2024-01-01,Cancelled
RX004574,P2824,Ramipril,5mg,73,Dr. Y. Tanaka,2024-11-26,2024-06-19,Dispensed
RX004575,P2824,Paracetamol,500mg,64,Dr. L. Torres,2024-03-17,,Dispensed
RX004576,P2825,Amoxicillin,500mg,76,Dr. C. Müller,2023-12-02,,Cancelled
RX004577,P2826,Ibuprofen,400mg,84,Dr. R. Singh,2024-04-04,,Cancelled
RX004578,P2826,Levothyroxine,50mcg,81,Dr. S. Khan,2024-02-05,,Cancelled
RX004579,P2826,Prednisolone,5mg,78,Dr. A. Patel,2024-05-18,2024-12-17,Cancelled
RX004580,P2826,Gabapentin,300mg,59,Dr. A. Patel,2024-03-16,,Cancelled
RX004581,P2827,Omeprazole,20mg,57,Dr. Y. Tanaka,2023-12-10,2024-03-19,Dispensed
RX004582,P2827,Levothyroxine,50mcg,86,Dr. Y. Tanaka,2023-08-30,2024-06-28,Pending
RX004583,P2828,Prednisolone,5mg,35,Dr. R. Singh,2024-11-02,,Cancelled
RX004584,P2829,Lisinopril,10mg,34,Dr. M. O'Brien,2023-10-28,,Dispensed
RX004585,P2829,Bisoprolol,2.5mg,71,Dr. J. Nkosi,2024-12-12,2024-01-26,Dispensed
RX004586,P2829,Gabapentin,300mg,59,Dr. Y. Tanaka,2024-04-30,,Cancelled
RX004587,P2830,Ibuprofen,400mg,75,Dr. C. Müller,2024-04-29,,Cancelled
RX004588,P2830,Levothyroxine,50mcg,77,Dr. M. O'Brien,2023-01-22,2024-04-09,Dispensed
RX004589,P2830,Insulin Glargine,10 units,32,Dr. Y. Tanaka,2024-01-20,2024-04-27,Cancelled
RX004590,P2831,Lisinopril,10mg,36,Dr. L. Torres,2023-11-01,,Dispensed
RX004591,P2831,Omeprazole,20mg,76,Dr. Y. Tanaka,2024-01-26,2024-01-23,Dispensed
RX004592,P2831,Gabapentin,300mg,67,Dr. R. Singh,2024-09-02,,Pending
RX004593,P2831,Metformin,500mg,49,Dr. Y. Tanaka,2023-07-17,,Pending
RX004594,P2832,Amoxicillin,500mg,58,Dr. J. Nkosi,2023-07-04,2024-08-16,Pending
RX004595,P2832,Ramipril,5mg,40,Dr. J. Nkosi,2024-06-21,2024-04-27,Dispensed
RX004596,P2832,Levothyroxine,50mcg,88,Dr. A. Patel,2024-02-17,2024-05-16,Dispensed
RX004597,P2832,Clopidogrel,75mg,88,Dr. A. Patel,2023-01-21,,Cancelled
RX004598,P2833,Prednisolone,5mg,69,Dr. S. Khan,2024-10-27,2024-12-03,Cancelled
RX004599,P2833,Ibuprofen,400mg,57,Dr. J. Nkosi,2024-11-08,,Dispensed
RX004600,P2834,Omeprazole,20mg,40,Dr. J. Nkosi,2024-11-16,2024-12-09,Cancelled
RX004601,P2834,Metformin,500mg,45,Dr. S. Khan,2024-09-16,2024-04-25,Dispensed
RX004602,P2835,Salbutamol,100mcg,74,Dr. R. Singh,2023-12-24,,Dispensed
RX004603,P2835,Furosemide,40mg,41,Dr. A. Patel,2023-04-20,2024-06-21,Cancelled
RX004604,P2836,Bisoprolol,2.5mg,65,Dr. A. Patel,2023-05-18,,Dispensed
RX004605,P2836,Metformin,500mg,58,Dr. C. Müller,2024-11-18,2024-05-04,Pending
RX004606,P2836,Amlodipine,5mg,84,Dr. L. Torres,2024-01-18,2024-05-27,Cancelled
RX004607,P2836,Aspirin,75mg,39,Dr. A. Patel,2024-02-07,,Cancelled
RX004608,P2837,Warfarin,3mg,43,Dr. A. Patel,2023-12-09,2024-06-26,Cancelled
RX004609,P2837,Gabapentin,300mg,34,Dr. M. O'Brien,2023-07-03,2024-10-30,Cancelled
RX004610,P2838,Omeprazole,20mg,38,Dr. S. Khan,2024-06-18,,Dispensed
RX004611,P2839,Warfarin,3mg,53,Dr. C. Müller,2024-12-21,2024-02-24,Dispensed
RX004612,P2839,Salbutamol,100mcg,56,Dr. J. Nkosi,2024-06-10,2024-03-18,Cancelled
RX004613,P2840,Prednisolone,5mg,71,Dr. R. Singh,2023-04-06,,Pending
RX004614,P2841,Metformin,500mg,71,Dr. A. Patel,2024-03-11,2024-05-07,Cancelled
RX004615,P2841,Paracetamol,500mg,29,Dr. A. Patel,2023-12-01,2024-07-03,Dispensed
RX004616,P2841,Prednisolone,5mg,55,Dr. M. O'Brien,2024-12-03,,Dispensed
RX004617,P2842,Paracetamol,500mg,57,Dr. A. Patel,2023-06-11,,Cancelled
RX004618,P2843,Amoxicillin,500mg,49,Dr. L. Torres,2024-01-07,,Pending
RX004619,P2844,Metformin,500mg,47,Dr. C. Müller,2024-08-10,,Cancelled
RX004620,P2844,Amoxicillin,500mg,82,Dr. J. Nkosi,2024-01-22,2024-05-27,Pending
RX004621,P2845,Ramipril,5mg,66,Dr. M. O'Brien,2023-09-28,2024-10-15,Pending
RX004622,P2846,Levothyroxine,50mcg,63,Dr. M. O'Brien,2024-08-07,2024-03-31,Dispensed
RX004623,P2846,Gabapentin,300mg,36,Dr. M. O'Brien,2024-03-16,,Cancelled
RX004624,P2846,Furosemide,40mg,78,Dr. Y. Tanaka,2023-09-09,2024-04-01,Cancelled
RX004625,P2847,Paracetamol,500mg,81,Dr. Y. Tanaka,2023-09-02,,Pending
RX004626,P2847,Bisoprolol,2.5mg,36,Dr. L. Torres,2024-09-11,2024-04-22,Cancelled
RX004627,P2847,Insulin Glargine,10 units,78,Dr. C. Müller,2024-01-27,2024-10-28,Pending
RX004628,P2848,Atorvastatin,20mg,73,Dr. C. Müller,2024-04-13,2024-10-16,Pending
RX004629,P2848,Bisoprolol,2.5mg,48,Dr. C. Müller,2023-09-19,2024-04-12,Cancelled
RX004630,P2848,Insulin Glargine,10 units,73,Dr. M. O'Brien,2024-04-14,,Cancelled
RX004631,P2848,Clopidogrel,75mg,77,Dr. J. Nkosi,2023-03-21,2024-12-31,Dispensed
RX004632,P2849,Bisoprolol,2.5mg,84,Dr. S. Khan,2024-11-26,2024-01-17,Dispensed
RX004633,P2849,Atorvastatin,20mg,50,Dr. R. Singh,2023-03-15,,Dispensed
RX004634,P2849,Gabapentin,300mg,77,Dr. M. O'Brien,2023-02-06,2024-11-19,Dispensed
RX004635,P2850,Insulin Glargine,10 units,37,Dr. L. Torres,2023-03-20,2024-05-15,Cancelled
RX004636,P2850,Clopidogrel,75mg,63,Dr. A. Patel,2024-07-17,,Pending
RX004637,P2850,Salbutamol,100mcg,77,Dr. A. Patel,2023-10-15,2024-12-12,Pending
RX004638,P2851,Prednisolone,5mg,76,Dr. L. Torres,2024-12-10,2024-10-14,Dispensed
RX004639,P2851,Amlodipine,5mg,66,Dr. Y. Tanaka,2023-11-03,2024-07-04,Cancelled
RX004640,P2851,Warfarin,3mg,71,Dr. J. Nkosi,2023-12-30,2024-03-26,Dispensed
RX004641,P2852,Ibuprofen,400mg,80,Dr. Y. Tanaka,2023-10-06,2024-11-19,Pending
RX004642,P2852,Atorvastatin,20mg,28,Dr. A. Patel,2023-05-28,,Pending
RX004643,P2852,Gabapentin,300mg,62,Dr. J. Nkosi,2024-10-25,2024-06-01,Pending
RX004644,P2853,Bisoprolol,2.5mg,33,Dr. M. O'Brien,2023-01-16,2024-07-21,Cancelled
RX004645,P2853,Prednisolone,5mg,45,Dr. S. Khan,2023-04-18,,Dispensed
RX004646,P2853,Atorvastatin,20mg,85,Dr. A. Patel,2023-07-08,,Cancelled
RX004647,P2854,Bisoprolol,2.5mg,37,Dr. R. Singh,2024-08-11,2024-02-07,Cancelled
RX004648,P2854,Sertraline,50mg,28,Dr. J. Nkosi,2023-03-31,,Cancelled
RX004649,P2854,Prednisolone,5mg,80,Dr. A. Patel,2024-09-01,,Pending
RX004650,P2854,Paracetamol,500mg,36,Dr. R. Singh,2024-10-20,2024-06-22,Cancelled
RX004651,P2855,Levothyroxine,50mcg,78,Dr. L. Torres,2024-08-16,2024-04-10,Cancelled
RX004652,P2855,Lisinopril,10mg,66,Dr. Y. Tanaka,2024-03-20,2024-02-14,Cancelled
RX004653,P2855,Aspirin,75mg,49,Dr. M. O'Brien,2024-04-13,,Pending
RX004654,P2855,Omeprazole,20mg,39,Dr. J. Nkosi,2023-07-18,2024-07-29,Dispensed
RX004655,P2856,Lisinopril,10mg,40,Dr. S. Khan,2024-04-25,,Cancelled
RX004656,P2856,Metformin,500mg,75,Dr. M. O'Brien,2023-11-09,,Pending
RX004657,P2856,Amlodipine,5mg,71,Dr. S. Khan,2024-12-24,2024-02-26,Dispensed
RX004658,P2856,Aspirin,75mg,77,Dr. A. Patel,2024-09-07,,Pending
RX004659,P2857,Paracetamol,500mg,60,Dr. C. Müller,2024-11-06,,Cancelled
RX004660,P2857,Metformin,500mg,36,Dr. M. O'Brien,2024-11-04,2024-09-02,Cancelled
RX004661,P2858,Omeprazole,20mg,43,Dr. Y. Tanaka,2024-10-30,2024-09-28,Pending
RX004662,P2858,Clopidogrel,75mg,29,Dr. Y. Tanaka,2024-03-06,2024-03-27,Dispensed
RX004663,P2859,Bisoprolol,2.5mg,53,Dr. M. O'Brien,2024-05-04,2024-08-26,Cancelled
RX004664,P2859,Atorvastatin,20mg,59,Dr. R. Singh,2023-08-09,2024-07-12,Pending
RX004665,P2859,Ibuprofen,400mg,53,Dr. J. Nkosi,2024-02-14,2024-08-20,Cancelled
RX004666,P2859,Gabapentin,300mg,83,Dr. R. Singh,2024-04-06,2024-04-09,Pending
RX004667,P2860,Omeprazole,20mg,67,Dr. S. Khan,2024-06-22,2024-07-03,Dispensed
RX004668,P2860,Salbutamol,100mcg,75,Dr. C. Müller,2024-07-24,2024-07-31,Dispensed
RX004669,P2860,Amlodipine,5mg,51,Dr. R. Singh,2023-12-04,,Dispensed
RX004670,P2860,Atorvastatin,20mg,75,Dr. J. Nkosi,2023-11-20,,Pending
RX004671,P2861,Metformin,500mg,61,Dr. C. Müller,2024-02-10,2024-10-31,Cancelled
RX004672,P2861,Paracetamol,500mg,49,Dr. L. Torres,2023-09-20,2024-09-10,Cancelled
RX004673,P2862,Warfarin,3mg,36,Dr. Y. Tanaka,2023-09-30,2024-04-03,Cancelled
RX004674,P2862,Omeprazole,20mg,77,Dr. Y. Tanaka,2024-04-27,2024-02-12,Dispensed
RX004675,P2862,Bisoprolol,2.5mg,85,Dr. S. Khan,2023-12-26,2024-09-25,Dispensed
RX004676,P2862,Levothyroxine,50mcg,78,Dr. J. Nkosi,2024-08-16,2024-06-04,Pending
RX004677,P2863,Gabapentin,300mg,37,Dr. S. Khan,2024-03-05,2024-02-18,Cancelled
RX004678,P2863,Insulin Glargine,10 units,61,Dr. M. O'Brien,2024-10-17,2024-02-27,Dispensed
RX004679,P2864,Salbutamol,100mcg,90,Dr. Y. Tanaka,2023-02-22,2024-01-01,Cancelled
RX004680,P2864,Omeprazole,20mg,56,Dr. M. O'Brien,2024-11-20,2024-11-02,Cancelled
RX004681,P2864,Metformin,500mg,51,Dr. Y. Tanaka,2023-01-05,2024-10-31,Cancelled
RX004682,P2864,Amlodipine,5mg,34,Dr. A. Patel,2024-12-02,2024-01-11,Dispensed
RX004683,P2865,Ramipril,5mg,65,Dr. Y. Tanaka,2024-06-23,2024-07-28,Cancelled
RX004684,P2865,Metformin,500mg,82,Dr. C. Müller,2023-07-14,2024-03-04,Pending
RX004685,P2865,Salbutamol,100mcg,28,Dr. Y. Tanaka,2024-05-11,2024-11-11,Pending
RX004686,P2866,Omeprazole,20mg,35,Dr. J. Nkosi,2024-01-05,2024-10-18,Cancelled
RX004687,P2866,Ramipril,5mg,31,Dr. M. O'Brien,2024-10-01,2024-12-15,Dispensed
RX004688,P2867,Gabapentin,300mg,43,Dr. J. Nkosi,2023-11-01,2024-08-25,Dispensed
RX004689,P2867,Atorvastatin,20mg,80,Dr. C. Müller,2023-02-12,2024-01-07,Dispensed
RX004690,P2868,Furosemide,40mg,68,Dr. L. Torres,2024-08-19,,Cancelled
RX004691,P2869,Sertraline,50mg,71,Dr. S. Khan,2024-06-14,2024-12-30,Cancelled
RX004692,P2870,Warfarin,3mg,69,Dr. C. Müller,2024-10-13,,Pending
RX004693,P2870,Ramipril,5mg,81,Dr. C. Müller,2023-04-20,2024-05-11,Cancelled
RX004694,P2870,Bisoprolol,2.5mg,55,Dr. R. Singh,2023-04-27,2024-01-27,Cancelled
RX004695,P2871,Prednisolone,5mg,50,Dr. S. Khan,2023-04-25,2024-04-23,Cancelled
RX004696,P2871,Aspirin,75mg,81,Dr. R. Singh,2024-02-12,2024-07-26,Pending
RX004697,P2872,Sertraline,50mg,46,Dr. M. O'Brien,2024-08-20,,Cancelled
RX004698,P2873,Clopidogrel,75mg,49,Dr. A. Patel,2023-09-20,2024-04-09,Dispensed
RX004699,P2873,Amoxicillin,500mg,42,Dr. J. Nkosi,2024-02-22,,Dispensed
RX004700,P2874,Lisinopril,10mg,85,Dr. Y. Tanaka,2023-07-04,2024-08-04,Dispensed
RX004701,P2874,Sertraline,50mg,52,Dr. M. O'Brien,2024-02-26,2024-06-10,Pending
RX004702,P2874,Metformin,500mg,58,Dr. S. Khan,2024-03-19,,Pending
RX004703,P2874,Paracetamol,500mg,79,Dr. R. Singh,2024-01-13,2024-05-24,Cancelled
RX004704,P2875,Omeprazole,20mg,30,Dr. M. O'Brien,2024-05-29,2024-05-21,Cancelled
RX004705,P2876,Metformin,500mg,77,Dr. M. O'Brien,2023-03-26,,Dispensed
RX004706,P2877,Metformin,500mg,84,Dr. S. Khan,2024-08-09,2024-11-02,Pending
RX004707,P2877,Omeprazole,20mg,38,Dr. S. Khan,2024-05-13,2024-06-23,Cancelled
RX004708,P2877,Insulin Glargine,10 units,72,Dr. M. O'Brien,2023-08-01,2024-12-15,Cancelled
RX004709,P2877,Warfarin,3mg,41,Dr. R. Singh,2023-09-27,2024-06-01,Pending
RX004710,P2878,Amlodipine,5mg,77,Dr. R. Singh,2024-12-23,,Cancelled
RX004711,P2878,Metformin,500mg,81,Dr. L. Torres,2024-07-05,2024-06-21,Dispensed
RX004712,P2878,Warfarin,3mg,71,Dr. S. Khan,2023-12-16,2024-11-30,Pending
RX004713,P2879,Amoxicillin,500mg,41,Dr. C. Müller,2024-06-26,2024-05-30,Cancelled
RX004714,P2880,Furosemide,40mg,59,Dr. Y. Tanaka,2024-02-03,2024-03-26,Dispensed
RX004715,P2880,Prednisolone,5mg,38,Dr. A. Patel,2024-12-07,2024-01-06,Cancelled
RX004716,P2880,Metformin,500mg,36,Dr. S. Khan,2024-05-15,2024-12-26,Dispensed
RX004717,P2880,Gabapentin,300mg,30,Dr. S. Khan,2023-12-17,2024-12-26,Pending
RX004718,P2881,Warfarin,3mg,35,Dr. S. Khan,2023-10-01,2024-05-28,Cancelled
RX004719,P2882,Sertraline,50mg,77,Dr. L. Torres,2024-04-03,2024-12-31,Dispensed
RX004720,P2882,Atorvastatin,20mg,70,Dr. M. O'Brien,2024-10-22,2024-01-16,Dispensed
RX004721,P2883,Prednisolone,5mg,43,Dr. R. Singh,2024-02-03,2024-03-15,Cancelled
RX004722,P2883,Ramipril,5mg,40,Dr. M. O'Brien,2024-12-25,2024-12-29,Cancelled
RX004723,P2883,Lisinopril,10mg,42,Dr. M. O'Brien,2023-06-24,2024-01-29,Pending
RX004724,P2883,Clopidogrel,75mg,56,Dr. M. O'Brien,2023-03-05,,Cancelled
RX004725,P2884,Omeprazole,20mg,63,Dr. R. Singh,2023-04-15,2024-08-19,Pending
RX004726,P2885,Ibuprofen,400mg,48,Dr. R. Singh,2023-06-29,2024-06-02,Pending
RX004727,P2885,Amlodipine,5mg,84,Dr. A. Patel,2023-09-17,2024-04-10,Pending
RX004728,P2886,Ramipril,5mg,29,Dr. Y. Tanaka,2024-11-19,2024-03-15,Pending
RX004729,P2886,Lisinopril,10mg,49,Dr. J. Nkosi,2024-06-18,2024-08-18,Dispensed
RX004730,P2887,Warfarin,3mg,47,Dr. S. Khan,2024-10-19,2024-04-09,Cancelled
RX004731,P2888,Paracetamol,500mg,70,Dr. L. Torres,2023-07-15,2024-08-20,Pending
RX004732,P2888,Lisinopril,10mg,51,Dr. J. Nkosi,2023-02-02,2024-05-28,Dispensed
RX004733,P2889,Furosemide,40mg,58,Dr. C. Müller,2024-08-04,2024-11-10,Cancelled
RX004734,P2890,Levothyroxine,50mcg,32,Dr. L. Torres,2023-07-09,,Pending
RX004735,P2890,Bisoprolol,2.5mg,48,Dr. L. Torres,2023-12-12,2024-03-28,Dispensed
RX004736,P2890,Lisinopril,10mg,47,Dr. R. Singh,2024-06-22,,Dispensed
RX004737,P2890,Gabapentin,300mg,67,Dr. R. Singh,2023-06-01,2024-11-29,Cancelled
RX004738,P2891,Metformin,500mg,39,Dr. Y. Tanaka,2023-08-03,2024-11-25,Pending
RX004739,P2891,Sertraline,50mg,48,Dr. J. Nkosi,2023-07-01,2024-10-14,Cancelled
RX004740,P2891,Aspirin,75mg,29,Dr. M. O'Brien,2024-03-02,2024-06-23,Cancelled
RX004741,P2891,Insulin Glargine,10 units,71,Dr. R. Singh,2024-08-13,2024-04-20,Pending
RX004742,P2892,Amlodipine,5mg,88,Dr. M. O'Brien,2024-04-08,2024-06-16,Cancelled
RX004743,P2892,Amoxicillin,500mg,62,Dr. L. Torres,2024-02-13,2024-12-16,Dispensed
RX004744,P2892,Paracetamol,500mg,58,Dr. C. Müller,2023-06-12,,Dispensed
RX004745,P2892,Salbutamol,100mcg,42,Dr. J. Nkosi,2023-03-10,2024-05-14,Dispensed
RX004746,P2893,Amlodipine,5mg,45,Dr. L. Torres,2024-08-04,2024-12-01,Cancelled
RX004747,P2893,Insulin Glargine,10 units,70,Dr. Y. Tanaka,2023-09-16,2024-10-13,Dispensed
RX004748,P2893,Amoxicillin,500mg,67,Dr. R. Singh,2024-04-04,2024-01-04,Pending
RX004749,P2894,Clopidogrel,75mg,85,Dr. C. Müller,2023-01-07,2024-09-07,Cancelled
RX004750,P2894,Prednisolone,5mg,56,Dr. A. Patel,2024-01-06,2024-02-02,Cancelled
RX004751,P2895,Lisinopril,10mg,69,Dr. C. Müller,2024-05-20,,Cancelled
RX004752,P2896,Clopidogrel,75mg,61,Dr. L. Torres,2024-01-24,,Cancelled
RX004753,P2896,Warfarin,3mg,59,Dr. R. Singh,2023-05-26,2024-06-08,Cancelled
RX004754,P2896,Levothyroxine,50mcg,29,Dr. M. O'Brien,2023-11-25,2024-05-08,Pending
RX004755,P2897,Bisoprolol,2.5mg,79,Dr. R. Singh,2023-05-12,,Pending
RX004756,P2897,Warfarin,3mg,35,Dr. M. O'Brien,2023-07-05,2024-07-29,Cancelled
RX004757,P2897,Metformin,500mg,29,Dr. S. Khan,2023-11-25,,Pending
RX004758,P2898,Furosemide,40mg,63,Dr. J. Nkosi,2024-10-16,,Pending
RX004759,P2898,Gabapentin,300mg,46,Dr. S. Khan,2023-07-17,2024-03-28,Dispensed
RX004760,P2898,Amoxicillin,500mg,51,Dr. C. Müller,2023-12-26,2024-05-01,Cancelled
RX004761,P2899,Bisoprolol,2.5mg,42,Dr. Y. Tanaka,2023-02-19,,Pending
RX004762,P2899,Metformin,500mg,84,Dr. S. Khan,2023-05-01,2024-09-02,Pending
RX004763,P2900,Paracetamol,500mg,32,Dr. R. Singh,2023-01-13,2024-01-26,Cancelled
RX004764,P2900,Prednisolone,5mg,68,Dr. Y. Tanaka,2023-04-22,,Dispensed
RX004765,P2900,Amlodipine,5mg,73,Dr. J. Nkosi,2023-10-28,2024-10-22,Dispensed
RX004766,P2900,Warfarin,3mg,74,Dr. L. Torres,2023-01-22,2024-03-08,Dispensed
RX004767,P2901,Bisoprolol,2.5mg,45,Dr. Y. Tanaka,2024-02-12,2024-09-21,Pending
RX004768,P2901,Warfarin,3mg,43,Dr. Y. Tanaka,2023-01-11,2024-12-03,Dispensed
RX004769,P2901,Ramipril,5mg,38,Dr. S. Khan,2024-12-08,,Cancelled
RX004770,P2901,Aspirin,75mg,78,Dr. J. Nkosi,2023-08-14,,Cancelled
RX004771,P2902,Lisinopril,10mg,75,Dr. J. Nkosi,2023-08-14,2024-07-31,Cancelled
RX004772,P2902,Aspirin,75mg,35,Dr. A. Patel,2023-04-07,,Cancelled
RX004773,P2902,Paracetamol,500mg,80,Dr. C. Müller,2023-10-12,2024-12-12,Dispensed
RX004774,P2903,Ibuprofen,400mg,35,Dr. A. Patel,2023-02-18,2024-03-30,Dispensed
RX004775,P2903,Metformin,500mg,49,Dr. A. Patel,2024-11-07,,Cancelled
RX004776,P2903,Aspirin,75mg,89,Dr. M. O'Brien,2024-09-14,,Pending
RX004777,P2903,Clopidogrel,75mg,54,Dr. A. Patel,2023-06-17,2024-06-09,Pending
RX004778,P2904,Prednisolone,5mg,74,Dr. R. Singh,2023-01-13,2024-10-04,Dispensed
RX004779,P2904,Furosemide,40mg,57,Dr. C. Müller,2024-03-21,2024-02-06,Pending
RX004780,P2905,Salbutamol,100mcg,39,Dr. S. Khan,2023-08-22,2024-07-05,Pending
RX004781,P2905,Ibuprofen,400mg,69,Dr. A. Patel,2024-10-13,2024-09-26,Cancelled
RX004782,P2906,Paracetamol,500mg,73,Dr. S. Khan,2024-07-07,2024-04-29,Dispensed
RX004783,P2906,Lisinopril,10mg,57,Dr. L. Torres,2023-04-19,2024-03-26,Pending
RX004784,P2906,Amoxicillin,500mg,31,Dr. R. Singh,2023-02-05,2024-05-28,Cancelled
RX004785,P2907,Paracetamol,500mg,53,Dr. L. Torres,2023-03-28,2024-05-08,Pending
RX004786,P2907,Metformin,500mg,57,Dr. C. Müller,2024-09-13,,Dispensed
RX004787,P2907,Warfarin,3mg,46,Dr. J. Nkosi,2024-07-12,2024-11-19,Cancelled
RX004788,P2907,Aspirin,75mg,50,Dr. A. Patel,2024-03-22,2024-03-06,Dispensed
RX004789,P2908,Sertraline,50mg,60,Dr. R. Singh,2024-10-18,,Dispensed
RX004790,P2908,Atorvastatin,20mg,44,Dr. J. Nkosi,2024-06-10,2024-04-01,Cancelled
RX004791,P2908,Prednisolone,5mg,33,Dr. S. Khan,2024-12-04,,Pending
RX004792,P2909,Amlodipine,5mg,57,Dr. M. O'Brien,2023-02-13,2024-06-25,Cancelled
RX004793,P2910,Atorvastatin,20mg,70,Dr. L. Torres,2023-11-22,2024-01-27,Cancelled
RX004794,P2910,Ibuprofen,400mg,33,Dr. R. Singh,2023-06-17,2024-03-11,Pending
RX004795,P2910,Warfarin,3mg,65,Dr. C. Müller,2023-02-17,,Cancelled
RX004796,P2911,Lisinopril,10mg,32,Dr. Y. Tanaka,2023-03-13,2024-03-16,Pending
RX004797,P2912,Warfarin,3mg,30,Dr. Y. Tanaka,2023-09-21,2024-03-27,Dispensed
RX004798,P2913,Furosemide,40mg,90,Dr. M. O'Brien,2023-02-08,2024-11-29,Cancelled
RX004799,P2913,Warfarin,3mg,89,Dr. S. Khan,2023-09-15,2024-07-08,Dispensed
RX004800,P2913,Omeprazole,20mg,87,Dr. L. Torres,2024-10-09,2024-11-02,Cancelled
RX004801,P2914,Ibuprofen,400mg,43,Dr. A. Patel,2023-03-09,,Cancelled
RX004802,P2914,Metformin,500mg,74,Dr. A. Patel,2023-07-07,2024-07-25,Dispensed
RX004803,P2914,Clopidogrel,75mg,65,Dr. L. Torres,2023-07-29,,Cancelled
RX004804,P2915,Warfarin,3mg,32,Dr. A. Patel,2023-12-25,2024-03-23,Cancelled
RX004805,P2915,Sertraline,50mg,55,Dr. S. Khan,2023-11-19,2024-01-16,Dispensed
RX004806,P2915,Amoxicillin,500mg,34,Dr. J. Nkosi,2024-12-29,2024-08-03,Cancelled
RX004807,P2915,Salbutamol,100mcg,71,Dr. L. Torres,2024-03-28,,Dispensed
RX004808,P2916,Ibuprofen,400mg,75,Dr. J. Nkosi,2023-01-22,,Pending
RX004809,P2916,Atorvastatin,20mg,45,Dr. Y. Tanaka,2024-03-24,2024-01-26,Cancelled
RX004810,P2916,Gabapentin,300mg,79,Dr. M. O'Brien,2023-05-19,2024-01-26,Dispensed
RX004811,P2917,Bisoprolol,2.5mg,41,Dr. Y. Tanaka,2024-08-03,,Dispensed
RX004812,P2918,Prednisolone,5mg,83,Dr. M. O'Brien,2024-05-17,2024-03-26,Cancelled
RX004813,P2919,Metformin,500mg,33,Dr. L. Torres,2024-06-21,,Pending
RX004814,P2920,Clopidogrel,75mg,54,Dr. L. Torres,2023-08-08,,Cancelled
RX004815,P2921,Ibuprofen,400mg,46,Dr. C. Müller,2024-11-12,2024-09-16,Dispensed
RX004816,P2921,Omeprazole,20mg,78,Dr. Y. Tanaka,2023-10-27,2024-08-18,Dispensed
RX004817,P2922,Aspirin,75mg,42,Dr. A. Patel,2024-01-31,2024-05-04,Pending
RX004818,P2922,Furosemide,40mg,86,Dr. S. Khan,2023-05-10,2024-04-18,Dispensed
RX004819,P2922,Levothyroxine,50mcg,52,Dr. S. Khan,2023-12-17,2024-07-18,Cancelled
RX004820,P2923,Warfarin,3mg,90,Dr. C. Müller,2023-04-24,2024-03-25,Pending
RX004821,P2923,Furosemide,40mg,69,Dr. A. Patel,2024-10-22,,Pending
RX004822,P2923,Clopidogrel,75mg,38,Dr. A. Patel,2023-08-23,2024-10-17,Dispensed
RX004823,P2924,Amlodipine,5mg,78,Dr. J. Nkosi,2024-09-04,2024-10-31,Cancelled
RX004824,P2924,Clopidogrel,75mg,86,Dr. R. Singh,2024-02-19,,Pending
RX004825,P2925,Levothyroxine,50mcg,85,Dr. S. Khan,2023-05-10,2024-02-18,Cancelled
RX004826,P2925,Ramipril,5mg,80,Dr. M. O'Brien,2023-11-12,,Cancelled
RX004827,P2925,Salbutamol,100mcg,69,Dr. M. O'Brien,2024-05-31,,Dispensed
RX004828,P2926,Metformin,500mg,62,Dr. Y. Tanaka,2024-05-17,2024-12-03,Dispensed
RX004829,P2927,Insulin Glargine,10 units,61,Dr. Y. Tanaka,2023-10-20,,Cancelled
RX004830,P2928,Ramipril,5mg,39,Dr. A. Patel,2023-08-21,,Dispensed
RX004831,P2928,Ibuprofen,400mg,42,Dr. C. Müller,2024-01-02,2024-06-18,Pending
RX004832,P2929,Amlodipine,5mg,71,Dr. C. Müller,2024-06-29,2024-06-17,Dispensed
RX004833,P2929,Aspirin,75mg,62,Dr. S. Khan,2024-05-20,2024-08-02,Cancelled
RX004834,P2929,Paracetamol,500mg,90,Dr. C. Müller,2023-03-19,2024-05-26,Cancelled
RX004835,P2930,Atorvastatin,20mg,61,Dr. J. Nkosi,2024-01-12,,Dispensed
RX004836,P2930,Prednisolone,5mg,59,Dr. R. Singh,2024-11-21,,Cancelled
RX004837,P2930,Sertraline,50mg,82,Dr. R. Singh,2023-02-27,2024-01-07,Pending
RX004838,P2931,Salbutamol,100mcg,29,Dr. S. Khan,2024-07-26,,Cancelled
RX004839,P2932,Clopidogrel,75mg,61,Dr. Y. Tanaka,2023-07-27,2024-05-02,Dispensed
RX004840,P2932,Salbutamol,100mcg,47,Dr. J. Nkosi,2023-08-28,,Cancelled
RX004841,P2933,Sertraline,50mg,41,Dr. C. Müller,2024-11-08,,Pending
RX004842,P2934,Ramipril,5mg,50,Dr. M. O'Brien,2024-03-23,2024-09-01,Cancelled
RX004843,P2934,Furosemide,40mg,84,Dr. S. Khan,2024-03-15,,Cancelled
RX004844,P2934,Salbutamol,100mcg,76,Dr. Y. Tanaka,2024-10-08,2024-04-18,Cancelled
RX004845,P2935,Amlodipine,5mg,61,Dr. J. Nkosi,2023-04-29,2024-11-24,Dispensed
RX004846,P2935,Omeprazole,20mg,72,Dr. C. Müller,2023-04-25,2024-02-19,Pending
RX004847,P2935,Clopidogrel,75mg,32,Dr. M. O'Brien,2024-03-23,2024-04-04,Cancelled
RX004848,P2935,Levothyroxine,50mcg,85,Dr. S. Khan,2023-09-12,2024-04-24,Dispensed
RX004849,P2936,Warfarin,3mg,89,Dr. S. Khan,2024-08-25,2024-06-09,Dispensed
RX004850,P2937,Clopidogrel,75mg,32,Dr. A. Patel,2024-10-10,,Dispensed
RX004851,P2937,Amlodipine,5mg,43,Dr. M. O'Brien,2024-11-13,2024-02-04,Pending
RX004852,P2937,Aspirin,75mg,37,Dr. A. Patel,2023-07-15,2024-02-22,Cancelled
RX004853,P2938,Paracetamol,500mg,69,Dr. S. Khan,2023-01-14,2024-12-20,Cancelled
RX004854,P2938,Aspirin,75mg,51,Dr. A. Patel,2024-01-02,2024-03-28,Pending
RX004855,P2938,Clopidogrel,75mg,42,Dr. L. Torres,2023-09-05,,Pending
RX004856,P2939,Amoxicillin,500mg,76,Dr. M. O'Brien,2024-01-06,,Pending
RX004857,P2939,Sertraline,50mg,30,Dr. L. Torres,2023-08-27,,Dispensed
RX004858,P2939,Furosemide,40mg,43,Dr. Y. Tanaka,2023-04-15,,Cancelled
RX004859,P2940,Metformin,500mg,83,Dr. A. Patel,2023-02-20,,Pending
RX004860,P2940,Prednisolone,5mg,35,Dr. M. O'Brien,2024-10-13,,Pending
RX004861,P2940,Insulin Glargine,10 units,90,Dr. Y. Tanaka,2024-12-25,2024-10-31,Cancelled
RX004862,P2941,Levothyroxine,50mcg,30,Dr. M. O'Brien,2024-01-29,,Pending
RX004863,P2941,Ramipril,5mg,38,Dr. Y. Tanaka,2024-08-04,2024-07-09,Cancelled
RX004864,P2941,Ibuprofen,400mg,45,Dr. S. Khan,2024-11-22,2024-02-25,Cancelled
RX004865,P2942,Levothyroxine,50mcg,34,Dr. M. O'Brien,2024-01-18,2024-10-30,Cancelled
RX004866,P2942,Lisinopril,10mg,45,Dr. Y. Tanaka,2023-03-24,2024-10-11,Cancelled
RX004867,P2943,Warfarin,3mg,30,Dr. A. Patel,2024-10-08,2024-02-07,Pending
RX004868,P2944,Atorvastatin,20mg,45,Dr. J. Nkosi,2024-10-19,2024-01-31,Cancelled
RX004869,P2944,Gabapentin,300mg,68,Dr. Y. Tanaka,2024-08-28,2024-03-21,Dispensed
RX004870,P2944,Aspirin,75mg,44,Dr. J. Nkosi,2024-04-01,2024-04-10,Dispensed
RX004871,P2945,Furosemide,40mg,51,Dr. M. O'Brien,2023-07-25,,Pending
RX004872,P2945,Omeprazole,20mg,60,Dr. C. Müller,2024-12-13,2024-05-20,Cancelled
RX004873,P2945,Ramipril,5mg,70,Dr. R. Singh,2024-01-26,2024-05-02,Pending
RX004874,P2945,Metformin,500mg,77,Dr. C. Müller,2023-07-20,,Dispensed
RX004875,P2946,Aspirin,75mg,46,Dr. S. Khan,2024-02-10,2024-03-27,Cancelled
RX004876,P2946,Atorvastatin,20mg,84,Dr. M. O'Brien,2024-03-27,2024-04-18,Cancelled
RX004877,P2947,Metformin,500mg,37,Dr. J. Nkosi,2024-09-08,,Pending
RX004878,P2947,Gabapentin,300mg,55,Dr. R. Singh,2023-01-31,2024-04-06,Pending
RX004879,P2947,Ramipril,5mg,52,Dr. M. O'Brien,2023-10-09,2024-03-04,Dispensed
RX004880,P2948,Clopidogrel,75mg,60,Dr. C. Müller,2023-06-19,2024-09-12,Cancelled
RX004881,P2949,Metformin,500mg,38,Dr. M. O'Brien,2024-11-30,2024-08-25,Pending
RX004882,P2950,Gabapentin,300mg,84,Dr. C. Müller,2024-08-19,,Dispensed
RX004883,P2950,Clopidogrel,75mg,59,Dr. Y. Tanaka,2024-08-08,,Dispensed
RX004884,P2951,Ramipril,5mg,38,Dr. C. Müller,2024-10-17,2024-03-04,Cancelled
RX004885,P2951,Aspirin,75mg,83,Dr. Y. Tanaka,2024-11-23,2024-02-17,Cancelled
RX004886,P2952,Ramipril,5mg,66,Dr. S. Khan,2024-05-14,2024-10-18,Dispensed
RX004887,P2952,Metformin,500mg,58,Dr. L. Torres,2024-02-21,2024-12-23,Pending
RX004888,P2952,Atorvastatin,20mg,58,Dr. L. Torres,2024-07-20,2024-11-07,Dispensed
RX004889,P2953,Levothyroxine,50mcg,65,Dr. J. Nkosi,2023-01-25,2024-06-25,Dispensed
RX004890,P2953,Aspirin,75mg,86,Dr. C. Müller,2024-09-20,2024-03-05,Dispensed
RX004891,P2953,Paracetamol,500mg,34,Dr. M. O'Brien,2024-10-10,2024-10-10,Cancelled
RX004892,P2953,Ramipril,5mg,83,Dr. R. Singh,2024-08-23,2024-08-26,Cancelled
RX004893,P2954,Metformin,500mg,63,Dr. A. Patel,2024-11-30,2024-08-19,Pending
RX004894,P2955,Clopidogrel,75mg,42,Dr. S. Khan,2024-02-15,2024-03-15,Dispensed
RX004895,P2955,Sertraline,50mg,78,Dr. Y. Tanaka,2024-04-25,,Cancelled
RX004896,P2956,Metformin,500mg,72,Dr. Y. Tanaka,2024-07-26,,Dispensed
RX004897,P2956,Lisinopril,10mg,47,Dr. R. Singh,2024-12-03,,Pending
RX004898,P2956,Warfarin,3mg,38,Dr. C. Müller,2023-03-24,2024-07-15,Dispensed
RX004899,P2957,Bisoprolol,2.5mg,33,Dr. M. O'Brien,2024-02-06,,Dispensed
RX004900,P2957,Levothyroxine,50mcg,34,Dr. Y. Tanaka,2023-03-27,2024-03-18,Cancelled
RX004901,P2957,Gabapentin,300mg,70,Dr. S. Khan,2023-12-11,2024-01-06,Dispensed
RX004902,P2957,Paracetamol,500mg,48,Dr. J. Nkosi,2024-02-19,2024-03-16,Dispensed
RX004903,P2958,Prednisolone,5mg,82,Dr. S. Khan,2023-12-25,2024-10-28,Pending
RX004904,P2958,Levothyroxine,50mcg,65,Dr. M. O'Brien,2024-05-25,,Cancelled
RX004905,P2958,Amlodipine,5mg,31,Dr. C. Müller,2024-02-11,,Pending
RX004906,P2959,Bisoprolol,2.5mg,42,Dr. R. Singh,2024-09-12,2024-12-19,Pending
RX004907,P2959,Ibuprofen,400mg,72,Dr. J. Nkosi,2024-06-13,2024-02-13,Dispensed
RX004908,P2960,Atorvastatin,20mg,87,Dr. A. Patel,2024-02-26,2024-07-15,Cancelled
RX004909,P2960,Clopidogrel,75mg,82,Dr. R. Singh,2023-11-13,,Cancelled
RX004910,P2960,Gabapentin,300mg,80,Dr. L. Torres,2023-03-20,2024-01-27,Dispensed
RX004911,P2961,Metformin,500mg,38,Dr. C. Müller,2024-05-16,,Pending
RX004912,P2961,Aspirin,75mg,77,Dr. L. Torres,2023-09-13,,Pending
RX004913,P2961,Gabapentin,300mg,28,Dr. L. Torres,2024-10-16,2024-01-17,Pending
RX004914,P2962,Ramipril,5mg,46,Dr. S. Khan,2023-05-06,,Pending
RX004915,P2963,Salbutamol,100mcg,48,Dr. L. Torres,2023-08-21,,Dispensed
RX004916,P2963,Clopidogrel,75mg,79,Dr. L. Torres,2023-11-05,2024-01-30,Cancelled
RX004917,P2963,Bisoprolol,2.5mg,59,Dr. J. Nkosi,2023-11-17,2024-05-01,Pending
RX004918,P2964,Omeprazole,20mg,74,Dr. S. Khan,2023-12-02,2024-10-21,Dispensed
RX004919,P2965,Salbutamol,100mcg,80,Dr. R. Singh,2024-04-25,2024-10-02,Dispensed
RX004920,P2966,Amoxicillin,500mg,78,Dr. Y. Tanaka,2023-05-12,2024-07-31,Dispensed
RX004921,P2967,Paracetamol,500mg,86,Dr. R. Singh,2024-05-30,2024-04-28,Cancelled
RX004922,P2968,Bisoprolol,2.5mg,32,Dr. M. O'Brien,2024-06-30,,Pending
RX004923,P2968,Omeprazole,20mg,85,Dr. Y. Tanaka,2023-10-25,2024-01-23,Cancelled
RX004924,P2968,Atorvastatin,20mg,68,Dr. Y. Tanaka,2023-12-03,2024-07-03,Pending
RX004925,P2969,Aspirin,75mg,60,Dr. J. Nkosi,2023-02-17,2024-06-17,Pending
RX004926,P2970,Omeprazole,20mg,78,Dr. C. Müller,2024-06-04,2024-07-14,Dispensed
RX004927,P2970,Gabapentin,300mg,38,Dr. R. Singh,2024-08-30,2024-11-16,Pending
RX004928,P2971,Amoxicillin,500mg,36,Dr. M. O'Brien,2024-06-03,2024-08-08,Pending
RX004929,P2971,Paracetamol,500mg,56,Dr. A. Patel,2024-03-10,2024-03-28,Cancelled
RX004930,P2971,Omeprazole,20mg,32,Dr. J. Nkosi,2023-12-12,,Dispensed
RX004931,P2972,Paracetamol,500mg,75,Dr. C. Müller,2024-08-23,,Dispensed
RX004932,P2973,Amoxicillin,500mg,54,Dr. A. Patel,2024-12-01,2024-04-14,Pending
RX004933,P2973,Ramipril,5mg,47,Dr. L. Torres,2023-01-02,2024-02-04,Cancelled
RX004934,P2974,Omeprazole,20mg,53,Dr. J. Nkosi,2023-01-26,2024-06-01,Cancelled
RX004935,P2975,Aspirin,75mg,74,Dr. M. O'Brien,2024-10-08,2024-04-07,Dispensed
RX004936,P2975,Salbutamol,100mcg,28,Dr. A. Patel,2024-02-04,2024-09-14,Pending
RX004937,P2975,Warfarin,3mg,69,Dr. R. Singh,2023-08-11,,Dispensed
RX004938,P2976,Bisoprolol,2.5mg,44,Dr. Y. Tanaka,2023-07-20,2024-05-16,Cancelled
RX004939,P2977,Metformin,500mg,75,Dr. A. Patel,2024-06-20,2024-02-16,Cancelled
RX004940,P2977,Lisinopril,10mg,68,Dr. S. Khan,2024-08-03,2024-01-18,Pending
RX004941,P2977,Levothyroxine,50mcg,59,Dr. J. Nkosi,2023-09-07,,Cancelled
RX004942,P2978,Paracetamol,500mg,34,Dr. M. O'Brien,2023-01-12,,Dispensed
RX004943,P2978,Salbutamol,100mcg,78,Dr. A. Patel,2024-03-15,2024-04-29,Dispensed
RX004944,P2978,Amlodipine,5mg,65,Dr. A. Patel,2023-03-20,2024-03-25,Cancelled
RX004945,P2979,Prednisolone,5mg,36,Dr. A. Patel,2024-12-08,,Dispensed
RX004946,P2979,Amoxicillin,500mg,50,Dr. C. Müller,2024-01-02,2024-10-05,Cancelled
RX004947,P2980,Amoxicillin,500mg,71,Dr. R. Singh,2024-03-24,,Cancelled
RX004948,P2981,Warfarin,3mg,34,Dr. C. Müller,2023-03-16,2024-03-17,Cancelled
RX004949,P2981,Aspirin,75mg,63,Dr. S. Khan,2023-07-05,2024-12-11,Pending
RX004950,P2981,Insulin Glargine,10 units,74,Dr. A. Patel,2023-07-02,2024-05-02,Dispensed
RX004951,P2982,Paracetamol,500mg,36,Dr. R. Singh,2023-08-30,2024-08-11,Dispensed
RX004952,P2982,Atorvastatin,20mg,55,Dr. C. Müller,2024-07-05,2024-04-22,Pending
RX004953,P2983,Metformin,500mg,53,Dr. A. Patel,2023-04-19,2024-03-31,Dispensed
RX004954,P2983,Salbutamol,100mcg,68,Dr. Y. Tanaka,2023-09-11,,Pending
RX004955,P2984,Metformin,500mg,41,Dr. R. Singh,2024-04-21,2024-05-02,Dispensed
RX004956,P2984,Amlodipine,5mg,63,Dr. A. Patel,2024-05-01,2024-11-27,Cancelled
RX004957,P2984,Prednisolone,5mg,32,Dr. M. O'Brien,2023-03-08,2024-04-14,Cancelled
RX004958,P2985,Omeprazole,20mg,36,Dr. C. Müller,2024-05-28,2024-10-10,Pending
RX004959,P2985,Prednisolone,5mg,37,Dr. C. Müller,2024-12-24,2024-09-25,Dispensed
RX004960,P2986,Salbutamol,100mcg,73,Dr. Y. Tanaka,2023-07-15,2024-09-18,Pending
RX004961,P2986,Amoxicillin,500mg,49,Dr. S. Khan,2024-12-29,2024-07-11,Dispensed
RX004962,P2986,Warfarin,3mg,35,Dr. A. Patel,2023-02-16,,Cancelled
RX004963,P2987,Sertraline,50mg,33,Dr. R. Singh,2024-04-26,2024-03-17,Dispensed
RX004964,P2987,Insulin Glargine,10 units,73,Dr. J. Nkosi,2023-10-13,2024-04-25,Pending
RX004965,P2988,Ibuprofen,400mg,56,Dr. S. Khan,2024-02-19,,Cancelled
RX004966,P2988,Sertraline,50mg,86,Dr. C. Müller,2023-07-26,2024-08-23,Pending
RX004967,P2989,Paracetamol,500mg,33,Dr. M. O'Brien,2023-01-15,,Pending
RX004968,P2989,Clopidogrel,75mg,82,Dr. Y. Tanaka,2024-02-16,2024-05-15,Cancelled
RX004969,P2990,Clopidogrel,75mg,40,Dr. R. Singh,2024-09-12,,Pending
RX004970,P2991,Furosemide,40mg,30,Dr. M. O'Brien,2024-11-07,2024-01-05,Pending
RX004971,P2991,Insulin Glargine,10 units,40,Dr. S. Khan,2023-05-02,,Cancelled
RX004972,P2992,Aspirin,75mg,71,Dr. L. Torres,2024-03-13,2024-04-18,Pending
RX004973,P2992,Insulin Glargine,10 units,69,Dr. C. Müller,2024-04-17,2024-05-03,Dispensed
RX004974,P2992,Bisoprolol,2.5mg,50,Dr. M. O'Brien,2023-08-01,2024-11-16,Cancelled
RX004975,P2992,Ramipril,5mg,53,Dr. L. Torres,2024-09-03,2024-01-01,Pending
RX004976,P2993,Bisoprolol,2.5mg,41,Dr. M. O'Brien,2024-11-28,2024-08-23,Pending
RX004977,P2993,Omeprazole,20mg,65,Dr. J. Nkosi,2023-01-21,,Pending
RX004978,P2993,Furosemide,40mg,66,Dr. R. Singh,2023-12-07,2024-09-16,Cancelled
RX004979,P2994,Metformin,500mg,53,Dr. J. Nkosi,2024-11-27,,Dispensed
RX004980,P2994,Furosemide,40mg,87,Dr. Y. Tanaka,2024-05-13,2024-11-27,Cancelled
RX004981,P2994,Aspirin,75mg,63,Dr. R. Singh,2023-04-29,2024-03-10,Pending
RX004982,P2995,Clopidogrel,75mg,73,Dr. C. Müller,2023-06-03,,Dispensed
RX004983,P2995,Prednisolone,5mg,78,Dr. A. Patel,2024-07-29,2024-01-16,Cancelled
RX004984,P2995,Ibuprofen,400mg,63,Dr. Y. Tanaka,2023-08-25,2024-11-11,Dispensed
RX004985,P2995,Bisoprolol,2.5mg,38,Dr. S. Khan,2023-09-28,,Cancelled
RX004986,P2996,Ramipril,5mg,31,Dr. L. Torres,2023-09-25,2024-07-23,Cancelled
RX004987,P2996,Insulin Glargine,10 units,49,Dr. J. Nkosi,2024-01-13,2024-05-08,Dispensed
RX004988,P2997,Ramipril,5mg,78,Dr. L. Torres,2024-06-06,,Pending
RX004989,P2997,Furosemide,40mg,35,Dr. R. Singh,2023-04-26,2024-05-22,Cancelled
RX004990,P2997,Paracetamol,500mg,83,Dr. L. Torres,2024-05-23,2024-06-29,Dispensed
RX004991,P2998,Levothyroxine,50mcg,69,Dr. J. Nkosi,2023-08-22,2024-07-01,Dispensed
RX004992,P2998,Furosemide,40mg,48,Dr. C. Müller,2024-12-14,,Pending
RX004993,P2999,Paracetamol,500mg,76,Dr. C. Müller,2024-11-30,2024-06-30,Dispensed
RX004994,P2999,Omeprazole,20mg,62,Dr. R. Singh,2024-02-11,,Cancelled
RX004995,P2999,Insulin Glargine,10 units,70,Dr. R. Singh,2024-02-02,,Pending
RX004996,P3000,Amoxicillin,500mg,56,Dr. A. Patel,2023-04-03,2024-06-13,Dispensed
